epoch	total	seconds
1	1e-23	0.1838871999643743
2	1e-23	0.0021336000063456595
3	1e-23	0.0013345999759621918
4	1e-23	0.0010325000039301813
5	1e-23	0.0009302999824285507
6	1e-23	0.0009066000347957015
7	1e-23	0.0010461999918334186
8	1e-23	0.0011496000224724412
9	1e-23	0.0012223999947309494
10	1e-23	0.0013967999839223921
11	1e-23	0.0011767999967560172
12	1e-23	0.0016528999549336731
13	1e-23	0.0012088000075891614
14	1e-23	0.0011704000062309206
15	1e-23	0.0012076999992132187
16	1e-23	0.0010683999862521887
17	1e-23	0.001533099974039942
18	1e-23	0.0012107000220566988
19	1e-23	0.001257800031453371
20	1e-23	0.0012268999707885087
21	1e-23	0.0011749000404961407
22	1e-23	0.00135859998408705
23	1e-23	0.0013040999765507877
24	1e-23	0.0011753999860957265
25	1e-23	0.0013089000131003559
26	1e-23	0.001310100022237748
27	1e-23	0.001285000005736947
28	1e-23	0.0015442000003531575
29	1e-23	0.0012817000388167799
30	1e-23	0.0013235000078566372
31	1e-23	0.0011034999624826014
32	1e-23	0.001190899987705052
33	1e-23	0.0012320000096224248
34	1e-23	0.0023291000397875905
35	1e-23	0.0019118000054731965
36	1e-23	0.0014224000042304397
37	1e-23	0.0013887000386603177
38	1e-23	0.001372499973513186
39	1e-23	0.0013205999857746065
40	1e-23	0.0011544000008143485
41	1e-23	0.0011361000360921025
42	1e-23	0.0016909000114537776
43	1e-23	0.0013513999874703586
44	1e-23	0.001338200003374368
45	1e-23	0.0012634999584406614
46	1e-23	0.0014613000093959272
47	1e-23	0.0016613000188954175
48	1e-23	0.0010765999904833734
49	1e-23	0.0010579000227153301
50	1e-23	0.0010529999854043126
51	1e-23	0.0011147999903187156
52	1e-23	0.0011999999987892807
53	1e-23	0.0013749999925494194
54	1e-23	0.0011978000402450562
55	1e-23	0.0014411000302061439
56	1e-23	0.0014046999858692288
57	1e-23	0.0012064999900758266
58	1e-23	0.0012298999936319888
59	1e-23	0.001146299997344613
60	1e-23	0.00106519996188581
61	1e-23	0.0013960999785922468
62	1e-23	0.001305399986449629
63	1e-23	0.001201900013256818
64	1e-23	0.0012594999861903489
65	1e-23	0.0012565000215545297
66	1e-23	0.0011655999696813524
67	1e-23	0.0010992999887093902
68	1e-23	0.0012943000183440745
69	1e-23	0.0013945000246167183
70	1e-23	0.001179100014269352
71	1e-23	0.0010568000143393874
72	1e-23	0.001017899950966239
73	1e-23	0.0010389999952167273
74	1e-23	0.0011120999697595835
75	1e-23	0.0012191000278107822
76	1e-23	0.0011798999621532857
77	1e-23	0.0012480999575927854
78	1e-23	0.0013015999575145543
79	1e-23	0.0014860999654047191
80	1e-23	0.0013048999826423824
81	1e-23	0.0011027000145986676
82	1e-23	0.0010964000248350203
83	1e-23	0.0011728000245057046
84	1e-23	0.0012305999989621341
85	1e-23	0.001288199971895665
86	1e-23	0.001344399992376566
87	1e-23	0.001248299959115684
88	1e-23	0.001274599984753877
89	1e-23	0.001157499966211617
90	1e-23	0.0012869000202044845
91	1e-23	0.001096899970434606
92	1e-23	0.001290899992454797
93	1e-23	0.0012354999780654907
94	1e-23	0.0011829000432044268
95	1e-23	0.0011763999937102199
96	1e-23	0.0011826999834738672
97	1e-23	0.0011444000410847366
98	1e-23	0.0011643999605439603
99	1e-23	0.0011719000176526606
100	1e-23	0.0011628000065684319
101	1e-23	0.0012870000209659338
102	1e-23	0.0012468000059016049
103	1e-23	0.0014093999634496868
104	1e-23	0.0012572999694384634
105	1e-23	0.0013099999632686377
106	1e-23	0.001318699971307069
107	1e-23	0.0012181999627500772
108	1e-23	0.0012218999909237027
109	1e-23	0.0011328000109642744
110	1e-23	0.0011638000141829252
111	1e-23	0.0011713000130839646
112	1e-23	0.0013431999832391739
113	1e-23	0.0012089000083506107
114	1e-23	0.0012169000110588968
115	1e-23	0.0012469000066630542
116	1e-23	0.00162830000044778
117	1e-23	0.001180000021122396
118	1e-23	0.0011874999618157744
119	1e-23	0.0011750999838113785
120	1e-23	0.0012125000357627869
121	1e-23	0.0011127999750897288
122	1e-23	0.001199799997266382
123	1e-23	0.0011813999735750258
124	1e-23	0.0011229999945499003
125	1e-23	0.0011653000256046653
126	1e-23	0.0012553000124171376
127	1e-23	0.0011906999861821532
128	1e-23	0.001216100004967302
129	1e-23	0.001438200008124113
130	1e-23	0.0011719000176526606
131	1e-23	0.0013770000077784061
132	1e-23	0.001123199996072799
133	1e-23	0.001119100023061037
134	1e-23	0.0010617999942041934
135	1e-23	0.0012228000559844077
136	1e-23	0.0012938000145368278
137	1e-23	0.0012848000042140484
138	1e-23	0.0011981000425294042
139	1e-23	0.0012003000010736287
140	1e-23	0.0016066000098362565
141	1e-23	0.0016463000210933387
142	1e-23	0.0011601000442169607
143	1e-23	0.001152199984062463
144	1e-23	0.0013352999812923372
145	1e-23	0.0012948000221513212
146	1e-23	0.0013188999728299677
147	1e-23	0.0012049000361002982
148	1e-23	0.0012600999907590449
149	1e-23	0.001108700002077967
150	1e-23	0.0011085000005550683
151	1e-23	0.0012663999805226922
152	1e-23	0.002218600013293326
153	1e-23	0.0018141000182367861
154	1e-23	0.0013609000016003847
155	1e-23	0.0011774000013247132
156	1e-23	0.0012238000053912401
157	1e-23	0.0014547999599017203
158	1e-23	0.0011968000326305628
159	1e-23	0.0012790000182576478
160	1e-23	0.001333800028078258
161	1e-23	0.0012166000087745488
162	1e-23	0.0014244000194594264
163	1e-23	0.0014847000129520893
164	1e-23	0.0015095999697223306
165	1e-23	0.0013863000203855336
166	1e-23	0.0013937000185251236
167	1e-23	0.0012903999886475503
168	1e-23	0.0012852000072598457
169	1e-23	0.001282299985177815
170	1e-23	0.0013834999990649521
171	1e-23	0.001962300040759146
172	1e-23	0.0013858000165782869
173	1e-23	0.0020318999886512756
174	1e-23	0.002019300009123981
175	1e-23	0.0015326000284403563
176	1e-23	0.0016620999667793512
177	1e-23	0.0016338999848812819
178	1e-23	0.001422500004991889
179	1e-23	0.0014939000247977674
180	1e-23	0.001414199999999255
181	1e-23	0.0015134999994188547
182	1e-23	0.0013706000172533095
183	1e-23	0.0015470999642275274
184	1e-23	0.001567400002386421
185	1e-23	0.0012848000042140484
186	1e-23	0.0012324000126682222
187	1e-23	0.0012812999775633216
188	1e-23	0.0011909000459127128
189	1e-23	0.0012288999860174954
190	1e-23	0.001359499990940094
191	1e-23	0.001236800046171993
192	1e-23	0.0011517999810166657
193	1e-23	0.0012730000307783484
194	1e-23	0.0012038999702781439
195	1e-23	0.001172599964775145
196	1e-23	0.0013223999994806945
197	1e-23	0.0011842999956570566
198	1e-23	0.001171700016129762
199	1e-23	0.0012989999959245324
200	1e-23	0.0013747999910265207
201	1e-23	0.0012289999867789447
202	1e-23	0.001264000020455569
203	1e-23	0.0012681999942287803
204	1e-23	0.0013066999963484704
205	1e-23	0.0011864000116474926
206	1e-23	0.0013709000195376575
207	1e-23	0.0011428000289015472
208	1e-23	0.0012531999964267015
209	1e-23	0.0015073000104166567
210	1e-23	0.0018234000308439136
211	1e-23	0.0013210999895818532
212	1e-23	0.0016118999919854105
213	1e-23	0.001286200014874339
214	1e-23	0.0017450000159442425
215	1e-23	0.0012786000152118504
216	1e-23	0.0011588999768719077
217	1e-23	0.0013694000081159174
218	1e-23	0.0012531999964267015
219	1e-23	0.0011913999915122986
220	1e-23	0.0012457999982871115
221	1e-23	0.001179399958346039
222	1e-23	0.001202500017825514
223	1e-23	0.0012316000065766275
224	1e-23	0.0012712000170722604
225	1e-23	0.0012028999626636505
226	1e-23	0.0010920999920926988
227	1e-23	0.0013135999906808138
228	1e-23	0.001166399975772947
229	1e-23	0.0012893000384792686
230	1e-23	0.001260699995327741
231	1e-23	0.001226999971549958
232	1e-23	0.0011474000057205558
233	1e-23	0.0015989000094123185
234	1e-23	0.0013159000081941485
235	1e-23	0.0015650999848730862
236	1e-23	0.0012544000055640936
237	1e-23	0.0014468000154010952
238	1e-23	0.001227299973834306
239	1e-23	0.001220800040755421
240	1e-23	0.0012160000042058527
241	1e-23	0.0013046000385656953
242	1e-23	0.0013137999922037125
243	1e-23	0.0014857000205665827
244	1e-23	0.0014356999890878797
245	1e-23	0.0014161000144667923
246	1e-23	0.0014735000440850854
247	1e-23	0.0016262999852187932
248	1e-23	0.0014740999904461205
249	1e-23	0.00131280004279688
250	1e-23	0.001319599978160113
251	1e-23	0.0013122999807819724
252	1e-23	0.0014540000120177865
253	1e-23	0.0014291999978013337
254	1e-23	0.0013339999713934958
255	1e-23	0.0013541000080294907
256	1e-23	0.0012898999848403037
257	1e-23	0.001308299950323999
258	1e-23	0.0013652000343427062
259	1e-23	0.0015227000112645328
260	1e-23	0.001357399974949658
261	1e-23	0.0012741999817080796
262	1e-23	0.001582199998665601
263	1e-23	0.0014594999956898391
264	1e-23	0.0013559999642893672
265	1e-23	0.0018018000409938395
266	1e-23	0.0012588000390678644
267	1e-23	0.001146300055552274
268	1e-23	0.001263700018171221
269	1e-23	0.0012221999932080507
270	1e-23	0.0011366999824531376
271	1e-23	0.0011322000063955784
272	1e-23	0.0011383999953977764
273	1e-23	0.0013533999444916844
274	1e-23	0.001368700002785772
275	1e-23	0.0013000000035390258
276	1e-23	0.0012794999638572335
277	1e-23	0.0011786000104621053
278	1e-23	0.0011628000065684319
279	1e-23	0.0010941000073216856
280	1e-23	0.0011044999700970948
281	1e-23	0.0010677999816834927
282	1e-23	0.0012490000226534903
283	1e-23	0.0012304999982006848
284	1e-23	0.0012520999880507588
285	1e-23	0.0014691000105813146
286	1e-23	0.0012625999515876174
287	1e-23	0.0012399000115692616
288	1e-23	0.0012227999977767467
289	1e-23	0.0012212000438012183
290	1e-23	0.0012139000464230776
291	1e-23	0.0012279999791644514
292	1e-23	0.0012600999907590449
293	1e-23	0.0011727000237442553
294	1e-23	0.0012039000284858048
295	1e-23	0.0011537999962456524
296	1e-23	0.0011589000350795686
297	1e-23	0.0012058000429533422
298	1e-23	0.0013447999954223633
299	1e-23	0.0011463999981060624
300	1e-23	0.0010658000246621668
301	1e-23	0.0011685999925248325
302	1e-23	0.0011902000405825675
303	1e-23	0.001152499986346811
304	1e-23	0.001146599999628961
305	1e-23	0.0011215000413358212
306	1e-23	0.0010912999860011041
307	1e-23	0.0011074999929405749
308	1e-23	0.0010684000444598496
309	1e-23	0.001076199987437576
310	1e-23	0.0010841000475920737
311	1e-23	0.001646400021854788
312	1e-23	0.0011965999729000032
313	1e-23	0.0011545000015757978
314	1e-23	0.0013783000176772475
315	1e-23	0.0016216000076383352
316	1e-23	0.001187100016977638
317	1e-23	0.0011446999851614237
318	1e-23	0.0010977000347338617
319	1e-23	0.0011322000063955784
320	1e-23	0.0010771999950520694
321	1e-23	0.0010307999909855425
322	1e-23	0.0011047999723814428
323	1e-23	0.0012472000089474022
324	1e-23	0.0012322000111453235
325	1e-23	0.0012240000069141388
326	1e-23	0.0012340000248514116
327	1e-23	0.001164000015705824
328	1e-23	0.0011898999800905585
329	1e-23	0.0011522999848239124
330	1e-23	0.0010278999689035118
331	1e-23	0.001058699970599264
332	1e-23	0.0011220999876968563
333	1e-23	0.0012109000235795975
334	1e-23	0.0011819000355899334
335	1e-23	0.0011508999741636217
336	1e-23	0.0011400999501347542
337	1e-23	0.0011943999561481178
338	1e-23	0.0011261999607086182
339	1e-23	0.0011337999603711069
340	1e-23	0.0010910999844782054
341	1e-23	0.0010497000184841454
342	1e-23	0.001034799963235855
343	1e-23	0.0011711999541148543
344	1e-23	0.001219599973410368
345	1e-23	0.0013646999723277986
346	1e-23	0.001226999971549958
347	1e-23	0.0013768000062555075
348	1e-23	0.0011907999869436026
349	1e-23	0.0014672999968752265
350	1e-23	0.001184099994134158
351	1e-23	0.0011350000277161598
352	1e-23	0.0011269999668002129
353	1e-23	0.0011050999746657908
354	1e-23	0.0010935000027529895
355	1e-23	0.0010538999922573566
356	1e-23	0.001148899958934635
357	1e-23	0.0011543000000528991
358	1e-23	0.001131500001065433
359	1e-23	0.0011357000330463052
360	1e-23	0.0012027000193484128
361	1e-23	0.0013463000068441033
362	1e-23	0.0012278000358492136
363	1e-23	0.0012534999987110496
364	1e-23	0.0011909999884665012
365	1e-23	0.0011314000003039837
366	1e-23	0.001165800029411912
367	1e-23	0.001129999989643693
368	1e-23	0.0011113000218756497
369	1e-23	0.0011357999756000936
370	1e-23	0.0010845999931916595
371	1e-23	0.0011834999895654619
372	1e-23	0.0011386999976821244
373	1e-23	0.001139800006058067
374	1e-23	0.0011629000073298812
375	1e-23	0.0011782999499700963
376	1e-23	0.0012832999927923083
377	1e-23	0.0014171000220812857
378	1e-23	0.0014253000263124704
379	1e-23	0.0011721000191755593
380	1e-23	0.0012197999749332666
381	1e-23	0.0011155999964103103
382	1e-23	0.001066999975591898
383	1e-23	0.0010384999914094806
384	1e-23	0.0010554000036790967
385	1e-23	0.000978299998678267
386	1e-23	0.0009693999891169369
387	1e-23	0.0010034000151790679
388	1e-23	0.0013100000214762986
389	1e-23	0.0010881000198423862
390	1e-23	0.000996899965684861
391	1e-23	0.001229999994393438
392	1e-23	0.0011482000118121505
393	1e-23	0.0010599999804981053
394	1e-23	0.0010059999767690897
395	1e-23	0.0011537999962456524
396	1e-23	0.0011062999838031828
397	1e-23	0.0011953999637626112
398	1e-23	0.0016376000130549073
399	1e-23	0.001324300013948232
400	1e-23	0.0011949999607168138
401	1e-23	0.00165200000628829
402	1e-23	0.0016091999714262784
403	1e-23	0.0011684999917633832
404	1e-23	0.0011304999934509397
405	1e-23	0.001329899998381734
406	1e-23	0.0011071999906562269
407	1e-23	0.0011912999907508492
408	1e-23	0.0012678999919444323
409	1e-23	0.0011275000288151205
410	1e-23	0.0011057000374421477
411	1e-23	0.0011273000272922218
412	1e-23	0.001352999999653548
413	1e-23	0.0014182000304572284
414	1e-23	0.001152499986346811
415	1e-23	0.0012212000438012183
416	1e-23	0.0012796999653801322
417	1e-23	0.0012878000270575285
418	1e-23	0.0011626000050455332
419	1e-23	0.0011492000194266438
420	1e-23	0.0011464999988675117
421	1e-23	0.0011808999697677791
422	1e-23	0.0011227999930270016
423	1e-23	0.001056100009009242
424	1e-23	0.0011203999747522175
425	1e-23	0.0012758999946527183
426	1e-23	0.0012601999915204942
427	1e-23	0.0011569000198505819
428	1e-23	0.0012479000142775476
429	1e-23	0.0011552000069059432
430	1e-23	0.0011419000220485032
431	1e-23	0.0011724000214599073
432	1e-23	0.0012236999464221299
433	1e-23	0.0011670999811030924
434	1e-23	0.001146900001913309
435	1e-23	0.001153399993199855
436	1e-23	0.0011988000478595495
437	1e-23	0.0011540999985300004
438	1e-23	0.001283799996599555
439	1e-23	0.0012291999883018434
440	1e-23	0.0010692999931052327
441	1e-23	0.001166700036264956
442	1e-23	0.0011642000172287226
443	1e-23	0.0010797000140883029
444	1e-23	0.0011023000115528703
445	1e-23	0.0010950000141747296
446	1e-23	0.0011281000333838165
447	1e-23	0.0010953000164590776
448	1e-23	0.001046899997163564
449	1e-23	0.0011443999828770757
450	1e-23	0.0011149000492878258
451	1e-23	0.0012558000162243843
452	1e-23	0.001218699966557324
453	1e-23	0.0014719999744556844
454	1e-23	0.0011870000162161887
455	1e-23	0.001125300012063235
456	1e-23	0.0011598000419326127
457	1e-23	0.0012544000055640936
458	1e-23	0.0011701000039465725
459	1e-23	0.0010970000294037163
460	1e-23	0.0011875000200234354
461	1e-23	0.0011951999622397125
462	1e-23	0.0013655000366270542
463	1e-23	0.0012552999542094767
464	1e-23	0.0011323000071570277
465	1e-23	0.0011686999932862818
466	1e-23	0.0010911000426858664
467	1e-23	0.001067299977876246
468	1e-23	0.0010417999583296478
469	1e-23	0.001117300009354949
470	1e-23	0.001114899991080165
471	1e-23	0.0011330999550409615
472	1e-23	0.0011298999888822436
473	1e-23	0.0011520999833010137
474	1e-23	0.001070600003004074
475	1e-23	0.0009415000095032156
476	1e-23	0.0011928000021725893
477	1e-23	0.0015369000029750168
478	1e-23	0.0012017000117339194
479	1e-23	0.000965000013820827
480	1e-23	0.0010872000129893422
481	1e-23	0.0011812999728135765
482	1e-23	0.001205399981699884
483	1e-23	0.0014578000409528613
484	1e-23	0.0011806999682448804
485	1e-23	0.0012377999955788255
486	1e-23	0.0012015000102110207
487	1e-23	0.0013901999918743968
488	1e-23	0.0011781000066548586
489	1e-23	0.0012974999845027924
490	1e-23	0.0014493000344373286
491	1e-23	0.0011634000111371279
492	1e-23	0.0011628000065684319
493	1e-23	0.0011334000155329704
494	1e-23	0.0010732000228017569
495	1e-23	0.00115280004683882
496	1e-23	0.0011992999934591353
497	1e-23	0.0011088000028394163
498	1e-23	0.0011476000072434545
499	1e-23	0.0010849999962374568
500	1e-23	0.0011251999530941248
501	1e-23	0.0011661999742500484
502	1e-23	0.00120449997484684
503	1e-23	0.0013504999806173146
504	1e-23	0.0011811999720521271
505	1e-23	0.0011448999866843224
506	1e-23	0.001553800015244633
507	1e-23	0.001283499994315207
508	1e-23	0.001159599982202053
509	1e-23	0.001109300006646663
510	1e-23	0.0012769000022672117
511	1e-23	0.0011761999921873212
512	1e-23	0.0011220999876968563
513	1e-23	0.0011399000068195164
514	1e-23	0.0012066999915987253
515	1e-23	0.0012998000020161271
516	1e-23	0.001265200029592961
517	1e-23	0.0012350999750196934
518	1e-23	0.0011500000255182385
519	1e-23	0.0011552000069059432
520	1e-23	0.0011668999795801938
521	1e-23	0.0011894000344909728
522	1e-23	0.0011460999958217144
523	1e-23	0.0011849000002257526
524	1e-23	0.001339100010227412
525	1e-23	0.0012925000046379864
526	1e-23	0.0012797000235877931
527	1e-23	0.001569800020661205
528	1e-23	0.0012748000444844365
529	1e-23	0.0012064000475220382
530	1e-23	0.0012243000091984868
531	1e-23	0.0010880999616347253
532	1e-23	0.00101350003387779
533	1e-23	0.0013154000043869019
534	1e-23	0.001276399998459965
535	1e-23	0.0011689999955706298
536	1e-23	0.0011810000287368894
537	1e-23	0.001228499982971698
538	1e-23	0.0012273999745957553
539	1e-23	0.0014126999885775149
540	1e-23	0.0012123999767936766
541	1e-23	0.001101000001654029
542	1e-23	0.001105200033634901
543	1e-23	0.0010972999734804034
544	1e-23	0.0010557000059634447
545	1e-23	0.0011051999754272401
546	1e-23	0.0011370000429451466
547	1e-23	0.0011712000123225152
548	1e-23	0.0010571000166237354
549	1e-23	0.0010315999970771372
550	1e-23	0.0011206000344827771
551	1e-23	0.0010769999935291708
552	1e-23	0.0012250999570824206
553	1e-23	0.0012250000145286322
554	1e-23	0.001191499992273748
555	1e-23	0.0011499999673105776
556	1e-23	0.001062900002580136
557	1e-23	0.0011700000031851232
558	1e-23	0.001185900007840246
559	1e-23	0.0012526999926194549
560	1e-23	0.0011971999774686992
561	1e-23	0.001151899981778115
562	1e-23	0.0011823999811895192
563	1e-23	0.0011426000273786485
564	1e-23	0.0012361000408418477
565	1e-23	0.0012176999589428306
566	1e-23	0.001139800006058067
567	1e-23	0.001159599982202053
568	1e-23	0.001147200004197657
569	1e-23	0.0011736000305972993
570	1e-23	0.0010828999802470207
571	1e-23	0.0011377999908290803
572	1e-23	0.0011361000360921025
573	1e-23	0.0011067999876104295
574	1e-23	0.0012107000220566988
575	1e-23	0.0011624000035226345
576	1e-23	0.0011694999993778765
577	1e-23	0.0011317000025883317
578	1e-23	0.0011050999746657908
579	1e-23	0.0011913999915122986
580	1e-23	0.0011834999895654619
581	1e-23	0.0011567999608814716
582	1e-23	0.0011600000434555113
583	1e-23	0.0010448999819345772
584	1e-23	0.0010427999659441411
585	1e-23	0.0011463999981060624
586	1e-23	0.001117600011639297
587	1e-23	0.0010991000453941524
588	1e-23	0.0010501000215299428
589	1e-23	0.001153099990915507
590	1e-23	0.0011183000169694424
591	1e-23	0.0011438000365160406
592	1e-23	0.0011977999820373952
593	1e-23	0.001332600018940866
594	1e-23	0.0014320999616757035
595	1e-23	0.0012586000375449657
596	1e-23	0.0011980999843217432
597	1e-23	0.001167900045402348
598	1e-23	0.0010976999765262008
599	1e-23	0.0011463999981060624
600	1e-23	0.0011117999674752355
601	1e-23	0.0011394000030122697
602	1e-23	0.0011584999738261104
603	1e-23	0.001090100035071373
604	1e-23	0.0012455999967642128
605	1e-23	0.0011335000162944198
606	1e-23	0.0011555000091902912
607	1e-23	0.0010884999646805227
608	1e-23	0.0011399000068195164
609	1e-23	0.001153099990915507
610	1e-23	0.0012046000338159502
611	1e-23	0.0012034000246785581
612	1e-23	0.0012140999897383153
613	1e-23	0.0012421999708749354
614	1e-23	0.0011440999805927277
615	1e-23	0.0011641000164672732
616	1e-23	0.0013637000229209661
617	1e-23	0.001232899958267808
618	1e-23	0.0011545000015757978
619	1e-23	0.0010949999559670687
620	1e-23	0.0012117999722249806
621	1e-23	0.0013121000374667346
622	1e-23	0.001115799997933209
623	1e-23	0.0012221999932080507
624	1e-23	0.001133000012487173
625	1e-23	0.0012390000047162175
626	1e-23	0.001146599999628961
627	1e-23	0.0011275000288151205
628	1e-23	0.0011303999926894903
629	1e-23	0.0013254000223241746
630	1e-23	0.0012724000262096524
631	1e-23	0.0012397000100463629
632	1e-23	0.0012239000061526895
633	1e-23	0.0012043999740853906
634	1e-23	0.0012059000437147915
635	1e-23	0.0012024999596178532
636	1e-23	0.0012272000312805176
637	1e-23	0.0012752999900840223
638	1e-23	0.00120160001097247
639	1e-23	0.0011306999949738383
640	1e-23	0.0011585000320337713
641	1e-23	0.0011051000328734517
642	1e-23	0.0012100000167265534
643	1e-23	0.0012070999946445227
644	1e-23	0.001221399987116456
645	1e-23	0.0012344999704509974
646	1e-23	0.001116699946578592
647	1e-23	0.0011409999569877982
648	1e-23	0.001123800000641495
649	1e-23	0.0010843999916687608
650	1e-23	0.001088600023649633
651	1e-23	0.0010438000317662954
652	1e-23	0.0011419999646022916
653	1e-23	0.0012976000434719026
654	1e-23	0.0011810999712906778
655	1e-23	0.0012419000267982483
656	1e-23	0.0012235000031068921
657	1e-23	0.0012691000010818243
658	1e-23	0.0011252000113017857
659	1e-23	0.0011582000297494233
660	1e-23	0.0012257000198587775
661	1e-23	0.0011830999865196645
662	1e-23	0.0011048000305891037
663	1e-23	0.0012172000133432448
664	1e-23	0.0012107000220566988
665	1e-23	0.0015039999852888286
666	1e-23	0.001137400045990944
667	1e-23	0.0011616999981924891
668	1e-23	0.0012176999589428306
669	1e-23	0.0012042000307701528
670	1e-23	0.0011615999974310398
671	1e-23	0.001195400021970272
672	1e-23	0.0011498999665491283
673	1e-23	0.0011099999537691474
674	1e-23	0.0012014999520033598
675	1e-23	0.0010928999981842935
676	1e-23	0.0011256999569013715
677	1e-23	0.0012954999692738056
678	1e-23	0.0011372000444680452
679	1e-23	0.0012062000459991395
680	1e-23	0.0014449000009335577
681	1e-23	0.0014254999696277082
682	1e-23	0.0013241000124253333
683	1e-23	0.001223200000822544
684	1e-23	0.0012102000182494521
685	1e-23	0.0009643000084906816
686	1e-23	0.0011183000169694424
687	1e-23	0.0012198000331409276
688	1e-23	0.0012048000353388488
689	1e-23	0.001151299977209419
690	1e-23	0.0011804000241681933
691	1e-23	0.001234100025612861
692	1e-23	0.0010839999886229634
693	1e-23	0.001132400007918477
694	1e-23	0.0012653000303544104
695	1e-23	0.0012267999700270593
696	1e-23	0.001188000023830682
697	1e-23	0.0011969000333920121
698	1e-23	0.0012120999745093286
699	1e-23	0.0011365000391378999
700	1e-23	0.0011743999784812331
701	1e-23	0.0011969999759458005
702	1e-23	0.001181200030259788
703	1e-23	0.0011602999875321984
704	1e-23	0.0012423000298440456
705	1e-23	0.0017479000380262733
706	1e-23	0.0012559000169858336
707	1e-23	0.0011557000107131898
708	1e-23	0.0011121000279672444
709	1e-23	0.0010807000217027962
710	1e-23	0.001189200032968074
711	1e-23	0.0011402000091038644
712	1e-23	0.0012221999932080507
713	1e-23	0.0011623999453149736
714	1e-23	0.0011300999904051423
715	1e-23	0.0010492000146768987
716	1e-23	0.001034199958667159
717	1e-23	0.0012153999996371567
718	1e-23	0.0019583000103011727
719	1e-23	0.0012695000041276217
720	1e-23	0.001346200006082654
721	1e-23	0.0011439999798312783
722	1e-23	0.0016924000228755176
723	1e-23	0.0014894000487402081
724	1e-23	0.001076199987437576
725	1e-23	0.0010019000037573278
726	1e-23	0.0012736999779008329
727	1e-23	0.001168500049971044
728	1e-23	0.0010438000317662954
729	1e-23	0.0015258999774232507
730	1e-23	0.0012845000019297004
731	1e-23	0.001196300028823316
732	1e-23	0.0011163000017404556
733	1e-23	0.0011946000158786774
734	1e-23	0.0011198999709449708
735	1e-23	0.001101899950299412
736	1e-23	0.0011023000115528703
737	1e-23	0.0013784999609924853
738	1e-23	0.0012035999679937959
739	1e-23	0.0016460000188089907
740	1e-23	0.0010992999887093902
741	1e-23	0.0011933999485336244
742	1e-23	0.0011258999584242702
743	1e-23	0.0014863000251352787
744	1e-23	0.0017018999787978828
745	1e-23	0.0013153000036254525
746	1e-23	0.0013080000062473118
747	1e-23	0.0014721000334247947
748	1e-23	0.0012181000201962888
749	1e-23	0.001485200016759336
750	1e-23	0.0012798999669030309
751	1e-23	0.0010392999975010753
752	1e-23	0.001178800011985004
753	1e-23	0.001568000006955117
754	1e-23	0.0013630000175908208
755	1e-23	0.001516499964054674
756	1e-23	0.0011674999841488898
757	1e-23	0.0010422999621368945
758	1e-23	0.0011751999845728278
759	1e-23	0.0012688999995589256
760	1e-23	0.0011477000080049038
761	1e-23	0.0014049999881535769
762	1e-23	0.0010984999826177955
763	1e-23	0.001121999986935407
764	1e-23	0.0010636999504640698
765	1e-23	0.0011192999663762748
766	1e-23	0.0011582000297494233
767	1e-23	0.0013823999906890094
768	1e-23	0.0012119999737478793
769	1e-23	0.0012466000043787062
770	1e-23	0.0010652000200934708
771	1e-23	0.0010519000352360308
772	1e-23	0.0011431999737396836
773	1e-23	0.0011393000022508204
774	1e-23	0.001070600003004074
775	1e-23	0.0010688999900594354
776	1e-23	0.0010375000420026481
777	1e-23	0.0011852000025101006
778	1e-23	0.001139200001489371
779	1e-23	0.0012577000306919217
780	1e-23	0.0011863000108860433
781	1e-23	0.00117200001841411
782	1e-23	0.0012424999731592834
783	1e-23	0.0012883000308647752
784	1e-23	0.001184699998702854
785	1e-23	0.0012211999855935574
786	1e-23	0.0012343000271357596
787	1e-23	0.0011943000135943294
788	1e-23	0.001115499995648861
789	1e-23	0.0012441999861039221
790	1e-23	0.0012453999952413142
791	1e-23	0.0015602000057697296
792	1e-23	0.0013387000071816146
793	1e-23	0.0013096000184305012
794	1e-23	0.0011775000020861626
795	1e-23	0.0015922000166028738
796	1e-23	0.0011916999937966466
797	1e-23	0.0011918999953195453
798	1e-23	0.0012172999558970332
799	1e-23	0.0011497000232338905
800	1e-23	0.0010723000159487128
801	1e-23	0.0010540999937802553
802	1e-23	0.0010995999909937382
803	1e-23	0.0011001999955624342
804	1e-23	0.0012472999515011907
805	1e-23	0.0012044000322930515
806	1e-23	0.001352999999653548
807	1e-23	0.0013053000438958406
808	1e-23	0.001309199957177043
809	1e-23	0.0012300999951548874
810	1e-23	0.0011186000192537904
811	1e-23	0.0011288999812677503
812	1e-23	0.001268699998036027
813	1e-23	0.0011662999750114977
814	1e-23	0.0013052000431343913
815	1e-23	0.001795099989976734
816	1e-23	0.0016184999840334058
817	1e-23	0.0016029999824240804
818	1e-23	0.0013492999714799225
819	1e-23	0.0011999999987892807
820	1e-23	0.0011254000128246844
821	1e-23	0.0011475000064820051
822	1e-23	0.0013207999872975051
823	1e-23	0.0010905000381171703
824	1e-23	0.0011497000232338905
825	1e-23	0.0010300000431016088
826	1e-23	0.0008637999999336898
827	1e-23	0.0010843999916687608
828	1e-23	0.001213400042615831
829	1e-23	0.0011555999517440796
830	1e-23	0.001173800032120198
831	1e-23	0.0012874999665655196
832	1e-23	0.0012093999539501965
833	1e-23	0.0012280000373721123
834	1e-23	0.0012205999810248613
835	1e-23	0.0013199999812059104
836	1e-23	0.001227299973834306
837	1e-23	0.0011369000421836972
838	1e-23	0.0011620000004768372
839	1e-23	0.0010998999932780862
840	1e-23	0.0010964999673888087
841	1e-23	0.0012336999643594027
842	1e-23	0.0012970000389032066
843	1e-23	0.0011085000005550683
844	1e-23	0.0010893000289797783
845	1e-23	0.001146900001913309
846	1e-23	0.0011215999838896096
847	1e-23	0.0011426000273786485
848	1e-23	0.0009504999616183341
849	1e-23	0.0008672999683767557
850	1e-23	0.0008655000128783286
851	1e-23	0.0008775999885983765
852	1e-23	0.0008933000499382615
853	1e-23	0.0010245000012218952
854	1e-23	0.001214299991261214
855	1e-23	0.0016183999832719564
856	1e-23	0.001281999982893467
857	1e-23	0.0011538999970071018
858	1e-23	0.0013768000062555075
859	1e-23	0.0012285999837331474
860	1e-23	0.001184399996418506
861	1e-23	0.0011350999702699482
862	1e-23	0.0011033000191673636
863	1e-23	0.0011215999838896096
864	1e-23	0.0014817000483162701
865	1e-23	0.0014043999835848808
866	1e-23	0.0012675000471062958
867	1e-23	0.0011069999891333282
868	1e-23	0.0013105000252835453
869	1e-23	0.0010329000069759786
870	1e-23	0.0015154999564401805
871	1e-23	0.0017777999746613204
872	1e-23	0.0015329000307247043
873	1e-23	0.0016633999766781926
874	1e-23	0.001786000037100166
875	1e-23	0.001672399987000972
876	1e-23	0.0015183000359684229
877	1e-23	0.0013176999636925757
878	1e-23	0.0012041000300087035
879	1e-23	0.001145999995060265
880	1e-23	0.001422500004991889
881	1e-23	0.0013778000138700008
882	1e-23	0.0011429000296629965
883	1e-23	0.0015112999826669693
884	1e-23	0.001250100031029433
885	1e-23	0.0011771999998018146
886	1e-23	0.0011916999937966466
887	1e-23	0.0012679999927058816
888	1e-23	0.001554100017528981
889	1e-23	0.0015993000124581158
890	1e-23	0.0012134999851696193
891	1e-23	0.0011248000082559884
892	1e-23	0.0011047000298276544
893	1e-23	0.0011718000168912113
894	1e-23	0.001135599974077195
895	1e-23	0.0010985999833792448
896	1e-23	0.0011771999998018146
897	1e-23	0.0011376000475138426
898	1e-23	0.0010786000057123601
899	1e-23	0.0011924999998882413
900	1e-23	0.0011582000297494233
901	1e-23	0.0012668999843299389
902	1e-23	0.0011044999700970948
903	1e-23	0.0011098000104539096
904	1e-23	0.00104599999031052
905	1e-23	0.0010757999843917787
906	1e-23	0.001108099997509271
907	1e-23	0.0012141000479459763
908	1e-23	0.0011661999742500484
909	1e-23	0.0010697999969124794
910	1e-23	0.0012868000194430351
911	1e-23	0.001755500037688762
912	1e-23	0.0011641999590210617
913	1e-23	0.0012455999967642128
914	1e-23	0.0010929999989457428
915	1e-23	0.0011963999713771045
916	1e-23	0.0011783000081777573
917	1e-23	0.0011599999852478504
918	1e-23	0.0011587999761104584
919	1e-23	0.0017778999754227698
920	1e-23	0.0011567000183276832
921	1e-23	0.0010646000155247748
922	1e-23	0.0010942999506369233
923	1e-23	0.0010541999945417047
924	1e-23	0.0010663000284694135
925	1e-23	0.0013469000114127994
926	1e-23	0.0016051999991759658
927	1e-23	0.0012181000201962888
928	1e-23	0.0011397000052966177
929	1e-23	0.001292700006160885
930	1e-23	0.0011852000025101006
931	1e-23	0.0012070999946445227
932	1e-23	0.0010686999885365367
933	1e-23	0.0011696000001393259
934	1e-23	0.0012094000121578574
935	1e-23	0.0011628000065684319
936	1e-23	0.0012234000023454428
937	1e-23	0.0011245000059716403
938	1e-23	0.0014918000088073313
939	1e-23	0.0012657000334002078
940	1e-23	0.0012555999564938247
941	1e-23	0.0011156999971717596
942	1e-23	0.0012188999680802226
943	1e-23	0.0012195000308565795
944	1e-23	0.0012135999859310687
945	1e-23	0.0011751999845728278
946	1e-23	0.0012416000245139003
947	1e-23	0.0011548000038601458
948	1e-23	0.0011201999732293189
949	1e-23	0.0011165999458171427
950	1e-23	0.0011786000104621053
951	1e-23	0.0011889999732375145
952	1e-23	0.0011605999898165464
953	1e-23	0.0011964999721385539
954	1e-23	0.001130599994212389
955	1e-23	0.0012276999768801033
956	1e-23	0.0012266000267118216
957	1e-23	0.0011258999584242702
958	1e-23	0.0012321000103838742
959	1e-23	0.0011984999873675406
960	1e-23	0.0011873000185005367
961	1e-23	0.001118200016207993
962	1e-23	0.0011177999549545348
963	1e-23	0.0012114000273868442
964	1e-23	0.0011650999658741057
965	1e-23	0.0012037999695166945
966	1e-23	0.0012521999888122082
967	1e-23	0.001201000006403774
968	1e-23	0.0011131999781355262
969	1e-23	0.0011543000000528991
970	1e-23	0.0012584999785758555
971	1e-23	0.0012610999983735383
972	1e-23	0.0011888999724760652
973	1e-23	0.0016696000238880515
974	1e-23	0.0010581999667920172
975	1e-23	0.0010819000308401883
976	1e-23	0.001576300011947751
977	1e-23	0.0011303999926894903
978	1e-23	0.0011545000015757978
979	1e-23	0.001971699995920062
980	1e-23	0.0011764999944716692
981	1e-23	0.0013667000457644463
982	1e-23	0.0015608000103384256
983	1e-23	0.001236199983395636
984	1e-23	0.0011384999961592257
985	1e-23	0.0011017000069841743
986	1e-23	0.001047199999447912
987	1e-23	0.0012487000203691423
988	1e-23	0.001366600045002997
989	1e-23	0.0012404999579302967
990	1e-23	0.0011962000280618668
991	1e-23	0.0011611999943852425
992	1e-23	0.0012106999638490379
993	1e-23	0.001157800026703626
994	1e-23	0.0011897999793291092
995	1e-23	0.0011360000353306532
996	1e-23	0.0012485000188462436
997	1e-23	0.0014586999895982444
998	1e-23	0.001159000035841018
999	1e-23	0.001519499986898154
1000	1e-23	0.0013082000077702105
1001	1e-23	0.0011909000459127128
1002	1e-23	0.0012135000433772802
1003	1e-23	0.0011715999571606517
1004	1e-23	0.0011501999688334763
1005	1e-23	0.0011557000107131898
1006	1e-23	0.0011032000184059143
1007	1e-23	0.0011192000238224864
1008	1e-23	0.0011400000075809658
1009	1e-23	0.001118800020776689
1010	1e-23	0.001056700013577938
1011	1e-23	0.00105189997702837
1012	1e-23	0.0011593999806791544
1013	1e-23	0.001247400010470301
1014	1e-23	0.001104299968574196
1015	1e-23	0.0011066999868489802
1016	1e-23	0.0015722000389359891
1017	1e-23	0.001117899955715984
1018	1e-23	0.0011692999978549778
1019	1e-23	0.0011050000321120024
1020	1e-23	0.0011342000216245651
1021	1e-23	0.0010955000179819763
1022	1e-23	0.00107559998286888
1023	1e-23	0.001260399993043393
1024	1e-23	0.0010754000395536423
1025	1e-23	0.001331400009803474
1026	1e-23	0.001498199999332428
1027	1e-23	0.0012338999658823013
1028	1e-23	0.0011275999713689089
1029	1e-23	0.0012117000296711922
1030	1e-23	0.0012066999915987253
1031	1e-23	0.0012199000339023769
1032	1e-23	0.0014207999920472503
1033	1e-23	0.0015626999665983021
1034	1e-23	0.0011753999860957265
1035	1e-23	0.0010720000136643648
1036	1e-23	0.0010946000111289322
1037	1e-23	0.0013174000196158886
1038	1e-23	0.001206599990837276
1039	1e-23	0.001191499992273748
1040	1e-23	0.0011476000072434545
1041	1e-23	0.0010463999933563173
1042	1e-23	0.0012017000117339194
1043	1e-23	0.0012537000002339482
1044	1e-23	0.0012349000317044556
1045	1e-23	0.0011677999864332378
1046	1e-23	0.0013829999952577055
1047	1e-23	0.0011884999694302678
1048	1e-23	0.001241800026036799
1049	1e-23	0.0011594999814406037
1050	1e-23	0.001226399966981262
1051	1e-23	0.0011953000212088227
1052	1e-23	0.0012598999892361462
1053	1e-23	0.0011786000104621053
1054	1e-23	0.0011314000003039837
1055	1e-23	0.001166399975772947
1056	1e-23	0.0012111999676562846
1057	1e-23	0.0011757999891415238
1058	1e-23	0.0011924999998882413
1059	1e-23	0.0011577000259421766
1060	1e-23	0.0010969999711960554
1061	1e-23	0.0010671999771147966
1062	1e-23	0.0011197999701835215
1063	1e-23	0.0011478999513201416
1064	1e-23	0.001135899976361543
1065	1e-23	0.0011411000159569085
1066	1e-23	0.001381099980790168
1067	1e-23	0.0011405000113882124
1068	1e-23	0.0010201000259257853
1069	1e-23	0.0010537000489421189
1070	1e-23	0.0013832999975420535
1071	1e-23	0.0010686999885365367
1072	1e-23	0.0010456000454723835
1073	1e-23	0.001256600022315979
1074	1e-23	0.0011180000146850944
1075	1e-23	0.0016954999882727861
1076	1e-23	0.0010858000023290515
1077	1e-23	0.0011759999906644225
1078	1e-23	0.0011629999498836696
1079	1e-23	0.0011193999671377242
1080	1e-23	0.0015086000203154981
1081	1e-23	0.0011220000451430678
1082	1e-23	0.0011383999953977764
1083	1e-23	0.0013952000299468637
1084	1e-23	0.001138899999205023
1085	1e-23	0.0009918000432662666
1086	1e-23	0.0010015000007115304
1087	1e-23	0.0010759999859146774
1088	1e-23	0.0012419999693520367
1089	1e-23	0.0010764000471681356
1090	1e-23	0.0011423000250943005
1091	1e-23	0.0011243000044487417
1092	1e-23	0.0010578000219538808
1093	1e-23	0.0010838000453077257
1094	1e-23	0.001109600008931011
1095	1e-23	0.0010707000037655234
1096	1e-23	0.0010178000084124506
1097	1e-23	0.0009988000383600593
1098	1e-23	0.0010866000084206462
1099	1e-23	0.0011014000046998262
1100	1e-23	0.0011065999860875309
1101	1e-23	0.001226399966981262
1102	1e-23	0.0011817000340670347
1103	1e-23	0.0011667999788187444
1104	1e-23	0.0011058999807573855
1105	1e-23	0.001067299977876246
1106	1e-23	0.001115199993364513
1107	1e-23	0.0011849000002257526
1108	1e-23	0.0011471000034362078
1109	1e-23	0.0013341999729163945
1110	1e-23	0.001422800007276237
1111	1e-23	0.0009887999622151256
1112	1e-23	0.0011100000119768083
1113	1e-23	0.001018500013742596
1114	1e-23	0.0009671000298112631
1115	1e-23	0.0010921999928541481
1116	1e-23	0.001094800012651831
1117	1e-23	0.001129399985074997
1118	1e-23	0.0011741999769583344
1119	1e-23	0.0013330999645404518
1120	1e-23	0.0011140999849885702
1121	1e-23	0.0011282999766990542
1122	1e-23	0.0011766999959945679
1123	1e-23	0.0010731000220403075
1124	1e-23	0.0011020000092685223
1125	1e-23	0.0011588000343181193
1126	1e-23	0.0009577000164426863
1127	1e-23	0.001049600017722696
1128	1e-23	0.0011328999535180628
1129	1e-23	0.001238799944985658
1130	1e-23	0.0015155999572016299
1131	1e-23	0.0011463999981060624
1132	1e-23	0.001129399985074997
1133	1e-23	0.001192099996842444
1134	1e-23	0.001179700018838048
1135	1e-23	0.0011741999769583344
1136	1e-23	0.0011699000024236739
1137	1e-23	0.0012117999722249806
1138	1e-23	0.0011125999735668302
1139	1e-23	0.0010961999651044607
1140	1e-23	0.0011970999767072499
1141	1e-23	0.0011837999918498099
1142	1e-23	0.0011541999992914498
1143	1e-23	0.0010848999954760075
1144	1e-23	0.0011175000108778477
1145	1e-23	0.0016270000487565994
1146	1e-23	0.001177599944639951
1147	1e-23	0.001144199981354177
1148	1e-23	0.0013799999724142253
1149	1e-23	0.0010953000164590776
1150	1e-23	0.0011551000061444938
1151	1e-23	0.0013949000276625156
1152	1e-23	0.0011124000302515924
1153	1e-23	0.001489599992055446
1154	1e-23	0.0012534999987110496
1155	1e-23	0.0012197999749332666
1156	1e-23	0.0012217999901622534
1157	1e-23	0.0011808999697677791
1158	1e-23	0.001065499964170158
1159	1e-23	0.0010498000192455947
1160	1e-23	0.001088599965441972
1161	1e-23	0.0011820000363513827
1162	1e-23	0.0012377999955788255
1163	1e-23	0.001201000006403774
1164	1e-23	0.0011297000455670059
1165	1e-23	0.0011550000053830445
1166	1e-23	0.001101900008507073
1167	1e-23	0.0013691000058315694
1168	1e-23	0.0012820999836549163
1169	1e-23	0.0010408000089228153
1170	1e-23	0.001191499992273748
1171	1e-23	0.001545800012536347
1172	1e-23	0.0019249999895691872
1173	1e-23	0.0016755000106059015
1174	1e-23	0.0014503999846056104
1175	1e-23	0.0018073000246658921
1176	1e-23	0.0022684000432491302
1177	1e-23	0.0023436000337824225
1178	1e-23	0.0014810999855399132
1179	1e-23	0.0017031999886967242
1180	1e-23	0.001506500004325062
1181	1e-23	0.0014211999950930476
1182	1e-23	0.0013324000174179673
1183	1e-23	0.0019143999670632184
1184	1e-23	0.0014815999893471599
1185	1e-23	0.001457399979699403
1186	1e-23	0.0013992000021971762
1187	1e-23	0.001395599974785
1188	1e-23	0.0013661999837495387
1189	1e-23	0.0012697000056505203
1190	1e-23	0.0013698000111617148
1191	1e-23	0.0014776000170968473
1192	1e-23	0.0012877999688498676
1193	1e-23	0.001278800016734749
1194	1e-23	0.0012841999996453524
1195	1e-23	0.0011685999925248325
1196	1e-23	0.0010904999799095094
1197	1e-23	0.001197699981275946
1198	1e-23	0.0012650000280700624
1199	1e-23	0.0012052999809384346
1200	1e-23	0.0012132000410929322
1201	1e-23	0.0011366999824531376
1202	1e-23	0.0011560999555513263
1203	1e-23	0.001285300008021295
1204	1e-23	0.0012858000118285418
1205	1e-23	0.0011656999704428017
1206	1e-23	0.0011829000432044268
1207	1e-23	0.0012059000437147915
1208	1e-23	0.0011760000488720834
1209	1e-23	0.0014316999586299062
1210	1e-23	0.0013658999814651906
1211	1e-23	0.0012960999738425016
1212	1e-23	0.0012357000377960503
1213	1e-23	0.001221400045324117
1214	1e-23	0.0012289000442251563
1215	1e-23	0.0011769999982789159
1216	1e-23	0.0011854000040329993
1217	1e-23	0.0011079999967478216
1218	1e-23	0.0011059000389650464
1219	1e-23	0.0011251000105403364
1220	1e-23	0.001149799965787679
1221	1e-23	0.0012254000175744295
1222	1e-23	0.0011481000110507011
1223	1e-23	0.0010681000421755016
1224	1e-23	0.001117000007070601
1225	1e-23	0.001082099974155426
1226	1e-23	0.00108889996772632
1227	1e-23	0.001086199947167188
1228	1e-23	0.0010772999958135188
1229	1e-23	0.0012208999833092093
1230	1e-23	0.0012088999501429498
1231	1e-23	0.0011557999532669783
1232	1e-23	0.0011206000344827771
1233	1e-23	0.0010896999738179147
1234	1e-23	0.001143299974501133
1235	1e-23	0.0012524999910965562
1236	1e-23	0.0012233000015839934
1237	1e-23	0.0011475000064820051
1238	1e-23	0.0012691000010818243
1239	1e-23	0.0012377999955788255
1240	1e-23	0.0012303999974392354
1241	1e-23	0.0011949999607168138
1242	1e-23	0.0010815999703481793
1243	1e-23	0.001068200042936951
1244	1e-23	0.0010911999852396548
1245	1e-23	0.0011301999911665916
1246	1e-23	0.0012237000046297908
1247	1e-23	0.0013010999537073076
1248	1e-23	0.0012538000009953976
1249	1e-23	0.0012046000338159502
1250	1e-23	0.0012284000404179096
1251	1e-23	0.001170499948784709
1252	1e-23	0.0011801000218838453
1253	1e-23	0.0012451999937184155
1254	1e-23	0.0011141000431962311
1255	1e-23	0.0011275999713689089
1256	1e-23	0.001423700014129281
1257	1e-23	0.0013628000160679221
1258	1e-23	0.0011500000255182385
1259	1e-23	0.0011573000228963792
1260	1e-23	0.00138079997850582
1261	1e-23	0.0014946000301279128
1262	1e-23	0.0011635000118985772
1263	1e-23	0.0010621999972499907
1264	1e-23	0.0011774000013247132
1265	1e-23	0.001349999976810068
1266	1e-23	0.0012858000118285418
1267	1e-23	0.001125600014347583
1268	1e-23	0.0012249000137671828
1269	1e-23	0.0011683999910019338
1270	1e-23	0.0011627000058069825
1271	1e-23	0.0012502999743446708
1272	1e-23	0.0012280000373721123
1273	1e-23	0.001094499952159822
1274	1e-23	0.0011937000090256333
1275	1e-23	0.001130599994212389
1276	1e-23	0.0011199000291526318
1277	1e-23	0.0010769999935291708
1278	1e-23	0.0011526999878697097
1279	1e-23	0.0012015000102110207
1280	1e-23	0.0011987999896518886
1281	1e-23	0.001094800012651831
1282	1e-23	0.001206899993121624
1283	1e-23	0.0011698000016622245
1284	1e-23	0.0012003000010736287
1285	1e-23	0.0012118000304326415
1286	1e-23	0.00111699994886294
1287	1e-23	0.001132100005634129
1288	1e-23	0.0011142999865114689
1289	1e-23	0.001225799962412566
1290	1e-23	0.0011224999907426536
1291	1e-23	0.0010722000151872635
1292	1e-23	0.0010190000175498426
1293	1e-23	0.0013345000334084034
1294	1e-23	0.0011163000017404556
1295	1e-23	0.0011608999921008945
1296	1e-23	0.001215199998114258
1297	1e-23	0.001281699980609119
1298	1e-23	0.001220499980263412
1299	1e-23	0.0012030000216327608
1300	1e-23	0.0011262999614700675
1301	1e-23	0.001117000007070601
1302	1e-23	0.0012333000195212662
1303	1e-23	0.0012308000004850328
1304	1e-23	0.0011381000513210893
1305	1e-23	0.0011578999692574143
1306	1e-23	0.00120599998626858
1307	1e-23	0.0011376000475138426
1308	1e-23	0.001101300003938377
1309	1e-23	0.0014962999848648906
1310	1e-23	0.0012740999809466302
1311	1e-23	0.0011953000212088227
1312	1e-23	0.0011890000314451754
1313	1e-23	0.0011625000042840838
1314	1e-23	0.0010989999864250422
1315	1e-23	0.0012349000317044556
1316	1e-23	0.0012398000108078122
1317	1e-23	0.0011989999911747873
1318	1e-23	0.0010722000151872635
1319	1e-23	0.0010470999986864626
1320	1e-23	0.0010993999894708395
1321	1e-23	0.0010989999864250422
1322	1e-23	0.0011288000387139618
1323	1e-23	0.0010596999782137573
1324	1e-23	0.0012386000016704202
1325	1e-23	0.0011662999750114977
1326	1e-23	0.0011000999948009849
1327	1e-23	0.0011440999805927277
1328	1e-23	0.0013236000086180866
1329	1e-23	0.0013795000268146396
1330	1e-23	0.001115799997933209
1331	1e-23	0.0010948999552056193
1332	1e-23	0.0010302999871782959
1333	1e-23	0.0011510999756865203
1334	1e-23	0.0011905000428669155
1335	1e-23	0.0010801999596878886
1336	1e-23	0.0012500000302679837
1337	1e-23	0.0011849000002257526
1338	1e-23	0.0011493999627418816
1339	1e-23	0.0011381999938748777
1340	1e-23	0.0011179999564774334
1341	1e-23	0.0015177999739535153
1342	1e-23	0.0011730000260286033
1343	1e-23	0.001216700009535998
1344	1e-23	0.001108099997509271
1345	1e-23	0.001036000030580908
1346	1e-23	0.0010519000352360308
1347	1e-23	0.0009922999888658524
1348	1e-23	0.0011664999765343964
1349	1e-23	0.0012906999909318984
1350	1e-23	0.0012453000526875257
1351	1e-23	0.0012404999579302967
1352	1e-23	0.0011461999965831637
1353	1e-23	0.0016262999852187932
1354	1e-23	0.001222599996253848
1355	1e-23	0.001088600023649633
1356	1e-23	0.0010642999550327659
1357	1e-23	0.0012258999631740153
1358	1e-23	0.001149799965787679
1359	1e-23	0.0010999999940395355
1360	1e-23	0.001136199978645891
1361	1e-23	0.0011970999767072499
1362	1e-23	0.0010943000088445842
1363	1e-23	0.0010599000379443169
1364	1e-23	0.001080900023225695
1365	1e-23	0.0010466999956406653
1366	1e-23	0.000983599980827421
1367	1e-23	0.0010477000032551587
1368	1e-23	0.0011057999799959362
1369	1e-23	0.0010967999696731567
1370	1e-23	0.001221099984832108
1371	1e-23	0.0011760000488720834
1372	1e-23	0.0012119000311940908
1373	1e-23	0.0010352999670431018
1374	1e-23	0.0012088000075891614
1375	1e-23	0.001260399993043393
1376	1e-23	0.0014040999813005328
1377	1e-23	0.0013227000017650425
1378	1e-23	0.0011987000470981002
1379	1e-23	0.0012515999842435122
1380	1e-23	0.0012826999882236123
1381	1e-23	0.0011922999983653426
1382	1e-23	0.001193899952340871
1383	1e-23	0.0013492000289261341
1384	1e-23	0.0012518999865278602
1385	1e-23	0.0012836999958381057
1386	1e-23	0.0011742999777197838
1387	1e-23	0.001213400042615831
1388	1e-23	0.0012996000004932284
1389	1e-23	0.0011634000111371279
1390	1e-23	0.001171400013845414
1391	1e-23	0.0011166000040248036
1392	1e-23	0.0012324000126682222
1393	1e-23	0.0010787000064738095
1394	1e-23	0.0011377999908290803
1395	1e-23	0.0012646999675780535
1396	1e-23	0.0010868000099435449
1397	1e-23	0.0010776999988593161
1398	1e-23	0.0011366999824531376
1399	1e-23	0.0013826999929733574
1400	1e-23	0.0013063999940641224
1401	1e-23	0.0011571000213734806
1402	1e-23	0.001347400015220046
1403	1e-23	0.0011425000266171992
1404	1e-23	0.001069100049789995
1405	1e-23	0.001140100008342415
1406	1e-23	0.0011074999929405749
1407	1e-23	0.0010079999919980764
1408	1e-23	0.0012152999988757074
1409	1e-23	0.0012438999838195741
1410	1e-23	0.0011375999893061817
1411	1e-23	0.001115799997933209
1412	1e-23	0.0013207999872975051
1413	1e-23	0.0011916999937966466
1414	1e-23	0.0010928999981842935
1415	1e-23	0.0011638000141829252
1416	1e-23	0.001340300019364804
1417	1e-23	0.0012326999567449093
1418	1e-23	0.0013538000057451427
1419	1e-23	0.001221999991685152
1420	1e-23	0.0011523999855853617
1421	1e-23	0.0011344999657012522
1422	1e-23	0.001258100033737719
1423	1e-23	0.001209600013680756
1424	1e-23	0.001629500009585172
1425	1e-23	0.0012036999687552452
1426	1e-23	0.0010557000059634447
1427	1e-23	0.0010850999969989061
1428	1e-23	0.0012515999842435122
1429	1e-23	0.0012937000137753785
1430	1e-23	0.0010853999992832541
1431	1e-23	0.0010567999561317265
1432	1e-23	0.0012048000353388488
1433	1e-23	0.0011190000222995877
1434	1e-23	0.0010804999619722366
1435	1e-23	0.0012338999658823013
1436	1e-23	0.001289399981033057
1437	1e-23	0.0012455999967642128
1438	1e-23	0.000993399997241795
1439	1e-23	0.00122969999210909
1440	1e-23	0.0011631999514065683
1441	1e-23	0.001167000038549304
1442	1e-23	0.0014708000235259533
1443	1e-23	0.0011032999609597027
1444	1e-23	0.001087999960873276
1445	1e-23	0.0015376000083051622
1446	1e-23	0.0013415999710559845
1447	1e-23	0.001183000043965876
1448	1e-23	0.0013768000062555075
1449	1e-23	0.0012736999779008329
1450	1e-23	0.0011497000232338905
1451	1e-23	0.0011355000315234065
1452	1e-23	0.0011436999775469303
1453	1e-23	0.0011434999760240316
1454	1e-23	0.0011792000150308013
1455	1e-23	0.001180000021122396
1456	1e-23	0.0012662999797612429
1457	1e-23	0.0011990999919362366
1458	1e-23	0.0011165000032633543
1459	1e-23	0.0013054999872110784
1460	1e-23	0.0011962999706156552
1461	1e-23	0.0012880000285804272
1462	1e-23	0.001344999996945262
1463	1e-23	0.0012658999767154455
1464	1e-23	0.001174400036688894
1465	1e-23	0.0013611000031232834
1466	1e-23	0.0012310000020079315
1467	1e-23	0.0011897000367753208
1468	1e-23	0.0011823999811895192
1469	1e-23	0.001153699995484203
1470	1e-23	0.0011049999739043415
1471	1e-23	0.0010745000327005982
1472	1e-23	0.0012585999793373048
1473	1e-23	0.0012137999874539673
1474	1e-23	0.0011749999830499291
1475	1e-23	0.0011651000240817666
1476	1e-23	0.0011233999975956976
1477	1e-23	0.001072899962309748
1478	1e-23	0.001053099986165762
1479	1e-23	0.0013060999917797744
1480	1e-23	0.001209600013680756
1481	1e-23	0.0011174000101163983
1482	1e-23	0.0015466000186279416
1483	1e-23	0.0013348000356927514
1484	1e-23	0.0013194000348448753
1485	1e-23	0.0013228000025264919
1486	1e-23	0.0016312000225298107
1487	1e-23	0.0011766999959945679
1488	1e-23	0.0016955999890342355
1489	1e-23	0.0012603000504896045
1490	1e-23	0.0012798999669030309
1491	1e-23	0.0011430000304244459
1492	1e-23	0.0012342000263743103
1493	1e-23	0.0011713000130839646
1494	1e-23	0.0011383999953977764
1495	1e-23	0.0011363999801687896
1496	1e-23	0.0011907999869436026
1497	1e-23	0.001172899967059493
1498	1e-23	0.00107409997144714
1499	1e-23	0.001058699970599264
1500	1e-23	0.0010733999661169946
1501	1e-23	0.0011268999660387635
1502	1e-23	0.0011221999884583056
1503	1e-23	0.0010768999927677214
1504	1e-23	0.0010938000050373375
1505	1e-23	0.0011092000058852136
1506	1e-23	0.0010793000110425055
1507	1e-23	0.001150699972640723
1508	1e-23	0.001291199994739145
1509	1e-23	0.001143599976785481
1510	1e-23	0.0011823999811895192
1511	1e-23	0.0014187999768182635
1512	1e-23	0.0011866000131703913
1513	1e-23	0.0012069999938830733
1514	1e-23	0.0011694999993778765
1515	1e-23	0.0011821999796666205
1516	1e-23	0.0012036000262014568
1517	1e-23	0.0012127000372856855
1518	1e-23	0.00117790000513196
1519	1e-23	0.0011553000076673925
1520	1e-23	0.0011614999966695905
1521	1e-23	0.0011403000098653138
1522	1e-23	0.001139500003773719
1523	1e-23	0.0011724000214599073
1524	1e-23	0.0013192000333219767
1525	1e-23	0.0016466999659314752
1526	1e-23	0.0011559000122360885
1527	1e-23	0.001494400028605014
1528	1e-23	0.0016033999854698777
1529	1e-23	0.0009547999943606555
1530	1e-23	0.0012360999826341867
1531	1e-23	0.001402699970640242
1532	1e-23	0.001364199968520552
1533	1e-23	0.001219599973410368
1534	1e-23	0.0010966999689117074
1535	1e-23	0.0014634000253863633
1536	1e-23	0.0012088999501429498
1537	1e-23	0.0011088000028394163
1538	1e-23	0.0011934000067412853
1539	1e-23	0.001181800034828484
1540	1e-23	0.0012170000118203461
1541	1e-23	0.0011951999622397125
1542	1e-23	0.0011983000440523028
1543	1e-23	0.0011978999827988446
1544	1e-23	0.001194500015117228
1545	1e-23	0.0010688999900594354
1546	1e-23	0.0010013999999500811
1547	1e-23	0.000991599983535707
1548	1e-23	0.0010435999720357358
1549	1e-23	0.0012157000019215047
1550	1e-23	0.001158100028987974
1551	1e-23	0.0013077000039629638
1552	1e-23	0.0011195999686606228
1553	1e-23	0.001151899981778115
1554	1e-23	0.0010982000385411084
1555	1e-23	0.001179700018838048
1556	1e-23	0.001248300017323345
1557	1e-23	0.0011301999911665916
1558	1e-23	0.0011680999887175858
1559	1e-23	0.0011334000155329704
1560	1e-23	0.0011721000191755593
1561	1e-23	0.0012079000007361174
1562	1e-23	0.0013345000334084034
1563	1e-23	0.0013098999625071883
1564	1e-23	0.0011941000120714307
1565	1e-23	0.0012411000207066536
1566	1e-23	0.001152199984062463
1567	1e-23	0.001268099993467331
1568	1e-23	0.001296199974603951
1569	1e-23	0.0012159000034444034
1570	1e-23	0.001096300024073571
1571	1e-23	0.0010660000261850655
1572	1e-23	0.0010768999927677214
1573	1e-23	0.0011134999804198742
1574	1e-23	0.0013270999770611525
1575	1e-23	0.0013435999862849712
1576	1e-23	0.001166099973488599
1577	1e-23	0.00109039997914806
1578	1e-23	0.001132400007918477
1579	1e-23	0.0011208000360056758
1580	1e-23	0.0011990999919362366
1581	1e-23	0.0012196999741718173
1582	1e-23	0.0012128000380471349
1583	1e-23	0.0011141999857500196
1584	1e-23	0.0011230999953113496
1585	1e-23	0.0010340000153519213
1586	1e-23	0.0011642000172287226
1587	1e-23	0.0011798999621532857
1588	1e-23	0.001101899950299412
1589	1e-23	0.0013274999801069498
1590	1e-23	0.0011987999896518886
1591	1e-23	0.001137999992351979
1592	1e-23	0.0011431000311858952
1593	1e-23	0.001167299982625991
1594	1e-23	0.0010866000084206462
1595	1e-23	0.0010872000129893422
1596	1e-23	0.001108700002077967
1597	1e-23	0.0010967000271193683
1598	1e-23	0.0010676999809220433
1599	1e-23	0.0010649000178091228
1600	1e-23	0.0012997000012546778
1601	1e-23	0.0011184000177308917
1602	1e-23	0.0010664000292308629
1603	1e-23	0.0010208000312559307
1604	1e-23	0.0011106000165455043
1605	1e-23	0.001075300038792193
1606	1e-23	0.0010698999976739287
1607	1e-23	0.0011844999971799552
1608	1e-23	0.0011913999915122986
1609	1e-23	0.0010917999898083508
1610	1e-23	0.0010463999933563173
1611	1e-23	0.0013080999488011003
1612	1e-23	0.0012119000311940908
1613	1e-23	0.0015377000090666115
1614	1e-23	0.0012400000123307109
1615	1e-23	0.001213099982123822
1616	1e-23	0.0010719000129029155
1617	1e-23	0.001123800000641495
1618	1e-23	0.0011484000133350492
1619	1e-23	0.0010905000381171703
1620	1e-23	0.001089199970010668
1621	1e-23	0.0011054999777115881
1622	1e-23	0.0011934000067412853
1623	1e-23	0.0011532999924384058
1624	1e-23	0.0011158999986946583
1625	1e-23	0.0011707000085152686
1626	1e-23	0.001791900023818016
1627	1e-23	0.001776499964762479
1628	1e-23	0.0011590999783948064
1629	1e-23	0.001133600017055869
1630	1e-23	0.0009910000371746719
1631	1e-23	0.0010532999876886606
1632	1e-23	0.0009469999931752682
1633	1e-23	0.0010065000387839973
1634	1e-23	0.0009759999811649323
1635	1e-23	0.0010473000002093613
1636	1e-23	0.0010213999776169658
1637	1e-23	0.0010341000161133707
1638	1e-23	0.0010322000016458333
1639	1e-23	0.0010355000267736614
1640	1e-23	0.0011833999888040125
1641	1e-23	0.0011405000113882124
1642	1e-23	0.0011282000341452658
1643	1e-23	0.001066999975591898
1644	1e-23	0.0011694999993778765
1645	1e-23	0.0010875000152736902
1646	1e-23	0.0011054999777115881
1647	1e-23	0.00107709999429062
1648	1e-23	0.0010222000419162214
1649	1e-23	0.0010762999881990254
1650	1e-23	0.0011012000031769276
1651	1e-23	0.0009991000406444073
1652	1e-23	0.0009483000030741096
1653	1e-23	0.0013595999917015433
1654	1e-23	0.0012404999579302967
1655	1e-23	0.0011628999491222203
1656	1e-23	0.0011540999985300004
1657	1e-23	0.0011588999768719077
1658	1e-23	0.001285300008021295
1659	1e-23	0.001185600005555898
1660	1e-23	0.0011546000023372471
1661	1e-23	0.0011740000336430967
1662	1e-23	0.0011201000306755304
1663	1e-23	0.0011126999743282795
1664	1e-23	0.0011350000277161598
1665	1e-23	0.0010756999836303294
1666	1e-23	0.0012363999849185348
1667	1e-23	0.001281699980609119
1668	1e-23	0.001174700038973242
1669	1e-23	0.0011316000018268824
1670	1e-23	0.0011736999731510878
1671	1e-23	0.0011210000375285745
1672	1e-23	0.001068799989297986
1673	1e-23	0.0010320000001229346
1674	1e-23	0.0010480000055395067
1675	1e-23	0.0011175000108778477
1676	1e-23	0.0011488000163808465
1677	1e-23	0.001041599956806749
1678	1e-23	0.001123499998357147
1679	1e-23	0.001076499989721924
1680	1e-23	0.0012164999498054385
1681	1e-23	0.0011621000012382865
1682	1e-23	0.0011703000054694712
1683	1e-23	0.0012540000025182962
1684	1e-23	0.0011723999632522464
1685	1e-23	0.0011703000054694712
1686	1e-23	0.0010785000049509108
1687	1e-23	0.0010784000041894615
1688	1e-23	0.0011549000046215951
1689	1e-23	0.001137399987783283
1690	1e-23	0.001129399985074997
1691	1e-23	0.0011147999903187156
1692	1e-23	0.0010815999703481793
1693	1e-23	0.001651700004003942
1694	1e-23	0.001365099975373596
1695	1e-23	0.0010470000561326742
1696	1e-23	0.0010021000052802265
1697	1e-23	0.001046899997163564
1698	1e-23	0.0009375999798066914
1699	1e-23	0.0010959000210277736
1700	1e-23	0.0010928999981842935
1701	1e-23	0.0011202999739907682
1702	1e-23	0.0012070999946445227
1703	1e-23	0.0011094000074081123
1704	1e-23	0.0011760999914258718
1705	1e-23	0.0011146999895572662
1706	1e-23	0.001435799989849329
1707	1e-23	0.0010963999666273594
1708	1e-23	0.001051599974744022
1709	1e-23	0.0010683000436984003
1710	1e-23	0.0012897999840788543
1711	1e-23	0.0010579000227153301
1712	1e-23	0.001076199987437576
1713	1e-23	0.0011719000176526606
1714	1e-23	0.0010994999902322888
1715	1e-23	0.001116100000217557
1716	1e-23	0.0011297999881207943
1717	1e-23	0.0011560000129975379
1718	1e-23	0.0011143000447191298
1719	1e-23	0.0014269999810494483
1720	1e-23	0.0012436999822966754
1721	1e-23	0.001257200026884675
1722	1e-23	0.0012234000023454428
1723	1e-23	0.0012143999920226634
1724	1e-23	0.0011368999839760363
1725	1e-23	0.0011261999607086182
1726	1e-23	0.0010179999517276883
1727	1e-23	0.0011402000091038644
1728	1e-23	0.0013185000279918313
1729	1e-23	0.001774400006979704
1730	1e-23	0.0016902000061236322
1731	1e-23	0.0012687999987974763
1732	1e-23	0.001047199999447912
1733	1e-23	0.0010677999816834927
1734	1e-23	0.0015730000450275838
1735	1e-23	0.0013609000016003847
1736	1e-23	0.0008931999909691513
1737	1e-23	0.001306299993302673
1738	1e-23	0.001124700007494539
1739	1e-23	0.001227299973834306
1740	1e-23	0.0009386999881826341
1741	1e-23	0.0015094999689608812
1742	1e-23	0.002090900030452758
1743	1e-23	0.0016107000410556793
1744	1e-23	0.001089500030502677
1745	1e-23	0.00117200001841411
1746	1e-23	0.0010955000179819763
1747	1e-23	0.0011905999854207039
1748	1e-23	0.001145999995060265
1749	1e-23	0.0011647000210359693
1750	1e-23	0.001211299968417734
1751	1e-23	0.001172899967059493
1752	1e-23	0.0011866000131703913
1753	1e-23	0.0011567000183276832
1754	1e-23	0.0013170999591238797
1755	1e-23	0.0014459000085480511
1756	1e-23	0.0013976999907754362
1757	1e-23	0.001281099976040423
1758	1e-23	0.001197699981275946
1759	1e-23	0.0013038000324741006
1760	1e-23	0.001260999997612089
1761	1e-23	0.0011583000305108726
1762	1e-23	0.0011798000195994973
1763	1e-23	0.0011365999816916883
1764	1e-23	0.0011884000268764794
1765	1e-23	0.0011938000097870827
1766	1e-23	0.0011879000230692327
1767	1e-23	0.00136749999364838
1768	1e-23	0.0012072999961674213
1769	1e-23	0.0011764999944716692
1770	1e-23	0.0011240000021643937
1771	1e-23	0.0012159000034444034
1772	1e-23	0.0011771999998018146
1773	1e-23	0.0012434999807737768
1774	1e-23	0.0010926999966613948
1775	1e-23	0.0010774999973364174
1776	1e-23	0.0011780000058934093
1777	1e-23	0.0011747999815270305
1778	1e-23	0.0010742999729700387
1779	1e-23	0.0012279999791644514
1780	1e-23	0.001195400021970272
1781	1e-23	0.0011204999755136669
1782	1e-23	0.001131199998781085
1783	1e-23	0.0011136999819427729
1784	1e-23	0.00103270000545308
1785	1e-23	0.0010645999573171139
1786	1e-23	0.0013426999794319272
1787	1e-23	0.001208700006827712
1788	1e-23	0.0011764999944716692
1789	1e-23	0.0011928000021725893
1790	1e-23	0.001144199981354177
1791	1e-23	0.0011620000004768372
1792	1e-23	0.0010876000160351396
1793	1e-23	0.0011274000280536711
1794	1e-23	0.0010891000274568796
1795	1e-23	0.001082699978724122
1796	1e-23	0.0011959000257775187
1797	1e-23	0.0011467000003904104
1798	1e-23	0.0011674999841488898
1799	1e-23	0.0015918000135570765
1800	1e-23	0.0011484000133350492
1801	1e-23	0.0011403000098653138
1802	1e-23	0.0011878000223077834
1803	1e-23	0.0011566000175662339
1804	1e-23	0.0012861000141128898
1805	1e-23	0.0011454999912530184
1806	1e-23	0.0014987000031396747
1807	1e-23	0.0012054999824613333
1808	1e-23	0.0011394000030122697
1809	1e-23	0.0016140000079758465
1810	1e-23	0.0011299000470899045
1811	1e-23	0.0011871999595314264
1812	1e-23	0.001302099961321801
1813	1e-23	0.0012876999680884182
1814	1e-23	0.001135899976361543
1815	1e-23	0.001105200033634901
1816	1e-23	0.0011289999820291996
1817	1e-23	0.001056100009009242
1818	1e-23	0.0011654000263661146
1819	1e-23	0.0011971999774686992
1820	1e-23	0.001119700027629733
1821	1e-23	0.0010691999923437834
1822	1e-23	0.0011626000050455332
1823	1e-23	0.0011183000169694424
1824	1e-23	0.0011888000299222767
1825	1e-23	0.001104600029066205
1826	1e-23	0.0010956000187434256
1827	1e-23	0.0009310999885201454
1828	1e-23	0.0009052999666891992
1829	1e-23	0.0008542000432498753
1830	1e-23	0.0008507999591529369
1831	1e-23	0.0008399999933317304
1832	1e-23	0.0010683000436984003
1833	1e-23	0.0011367000406607985
1834	1e-23	0.0011041000252589583
1835	1e-23	0.0011166000040248036
1836	1e-23	0.0011017000069841743
1837	1e-23	0.0010634000063873827
1838	1e-23	0.001295599970035255
1839	1e-23	0.0012042999733239412
1840	1e-23	0.0010752000380307436
1841	1e-23	0.0012082000030204654
1842	1e-23	0.0011410000151954591
1843	1e-23	0.001125300012063235
1844	1e-23	0.0010813999688252807
1845	1e-23	0.0011115999659523368
1846	1e-23	0.0012251000152900815
1847	1e-23	0.0011113000218756497
1848	1e-23	0.0010646999580785632
1849	1e-23	0.001125600014347583
1850	1e-23	0.001166400033980608
1851	1e-23	0.0011719000176526606
1852	1e-23	0.0011706000077538192
1853	1e-23	0.0011299000470899045
1854	1e-23	0.0012252999586053193
1855	1e-23	0.0011790000135079026
1856	1e-23	0.0012810000334866345
1857	1e-23	0.0011174000101163983
1858	1e-23	0.001119100023061037
1859	1e-23	0.0014785000239498913
1860	1e-23	0.0012577999732457101
1861	1e-23	0.0012217999901622534
1862	1e-23	0.001197999983560294
1863	1e-23	0.001166999980341643
1864	1e-23	0.0011946000158786774
1865	1e-23	0.0012203999795019627
1866	1e-23	0.001181200030259788
1867	1e-23	0.0012716999626718462
1868	1e-23	0.0011686000507324934
1869	1e-23	0.0011860000086016953
1870	1e-23	0.0016162999672815204
1871	1e-23	0.0012784000136889517
1872	1e-23	0.0013353999820537865
1873	1e-23	0.0012325000134296715
1874	1e-23	0.001121699984651059
1875	1e-23	0.0010994999902322888
1876	1e-23	0.0011411000159569085
1877	1e-23	0.0010266000172123313
1878	1e-23	0.0010500000207684934
1879	1e-23	0.0012422999716363847
1880	1e-23	0.0012528999941423535
1881	1e-23	0.0011079999967478216
1882	1e-23	0.001097800035495311
1883	1e-23	0.0012497000279836357
1884	1e-23	0.0013219999964348972
1885	1e-23	0.0013021000195294619
1886	1e-23	0.0013027999666519463
1887	1e-23	0.0012359999818727374
1888	1e-23	0.0011737000313587487
1889	1e-23	0.0011498999665491283
1890	1e-23	0.0012221999932080507
1891	1e-23	0.0011150999926030636
1892	1e-23	0.00120310002239421
1893	1e-23	0.0011057999799959362
1894	1e-23	0.0011056999792344868
1895	1e-23	0.0010503999656066298
1896	1e-23	0.0014143000007607043
1897	1e-23	0.0013375000562518835
1898	1e-23	0.0012308000004850328
1899	1e-23	0.0012129000388085842
1900	1e-23	0.0011477999505586922
1901	1e-23	0.0011997000547125936
1902	1e-23	0.00108299998100847
1903	1e-23	0.0014128999901004136
1904	1e-23	0.0011543000000528991
1905	1e-23	0.0012452999944798648
1906	1e-23	0.001208400004543364
1907	1e-23	0.0018268999992869794
1908	1e-23	0.0012374999932944775
1909	1e-23	0.0011967000318691134
1910	1e-23	0.0011485000140964985
1911	1e-23	0.0011246000067330897
1912	1e-23	0.0012325000134296715
1913	1e-23	0.0011984999873675406
1914	1e-23	0.001113200036343187
1915	1e-23	0.001191499992273748
1916	1e-23	0.0012935000122524798
1917	1e-23	0.0012605999945662916
1918	1e-23	0.0011999999987892807
1919	1e-23	0.0013766000047326088
1920	1e-23	0.0011646999628283083
1921	1e-23	0.001247999956831336
1922	1e-23	0.0011904999846592546
1923	1e-23	0.0011900999816134572
1924	1e-23	0.0011613999959081411
1925	1e-23	0.0011577000259421766
1926	1e-23	0.0011579999700188637
1927	1e-23	0.0011890999739989638
1928	1e-23	0.0010662000277079642
1929	1e-23	0.0010987999849021435
1930	1e-23	0.0010679999832063913
1931	1e-23	0.0010149000445380807
1932	1e-23	0.001053999993018806
1933	1e-23	0.0011473000049591064
1934	1e-23	0.001110800018068403
1935	1e-23	0.0010740000288933516
1936	1e-23	0.0010965000255964696
1937	1e-23	0.0011487000156193972
1938	1e-23	0.0010855000000447035
1939	1e-23	0.0010757999843917787
1940	1e-23	0.001130899996496737
1941	1e-23	0.0010925999958999455
1942	1e-23	0.0010964999673888087
1943	1e-23	0.0012061999877914786
1944	1e-23	0.0013016000157222152
1945	1e-23	0.0012306999997235835
1946	1e-23	0.0012310000020079315
1947	1e-23	0.0012269000289961696
1948	1e-23	0.0012138999882154167
1949	1e-23	0.0009899000287987292
1950	1e-23	0.0009397999965585768
1951	1e-23	0.0009846999892033637
1952	1e-23	0.0009488000068813562
1953	1e-23	0.0011452999897301197
1954	1e-23	0.0009595000301487744
1955	1e-23	0.0009821999701671302
1956	1e-23	0.0010012999991886318
1957	1e-23	0.0010056999744847417
1958	1e-23	0.0011314000003039837
1959	1e-23	0.0012849000049754977
1960	1e-23	0.0012252000160515308
1961	1e-23	0.0011187000200152397
1962	1e-23	0.0011051000328734517
1963	1e-23	0.001066099968738854
1964	1e-23	0.0010708000045269728
1965	1e-23	0.0012055999832227826
1966	1e-23	0.001095999963581562
1967	1e-23	0.0010993999894708395
1968	1e-23	0.0010486000101082027
1969	1e-23	0.0011964999721385539
1970	1e-23	0.0012043000315316021
1971	1e-23	0.0011127000325359404
1972	1e-23	0.0012576000299304724
1973	1e-23	0.0010532999876886606
1974	1e-23	0.0010423999628983438
1975	1e-23	0.001088299963157624
1976	1e-23	0.0009944000048562884
1977	1e-23	0.0011004999978467822
1978	1e-23	0.0009962000185623765
1979	1e-23	0.0009275000193156302
1980	1e-23	0.001080900023225695
1981	1e-23	0.00105489999987185
1982	1e-23	0.0010858000023290515
1983	1e-23	0.0010852999985218048
1984	1e-23	0.0010729000205174088
1985	1e-23	0.0011751999845728278
1986	1e-23	0.0012100000167265534
1987	1e-23	0.001139500003773719
1988	1e-23	0.0011867000139318407
1989	1e-23	0.0012094999547116458
1990	1e-23	0.0014742999919690192
1991	1e-23	0.0011500000255182385
1992	1e-23	0.0011983999866060913
1993	1e-23	0.001181800034828484
1994	1e-23	0.001221399987116456
1995	1e-23	0.0011972000356763601
1996	1e-23	0.001133300014771521
1997	1e-23	0.0010583000257611275
1998	1e-23	0.0012466000043787062
1999	1e-23	0.0011481000110507011
2000	1e-23	0.0010658000246621668
2001	1e-23	0.0011653999681584537
2002	1e-23	0.0011706000077538192
2003	1e-23	0.0011771999998018146
2004	1e-23	0.0011626000050455332
2005	1e-23	0.001130299991928041
2006	1e-23	0.0011538999970071018
2007	1e-23	0.0011409000144340098
2008	1e-23	0.0011766999959945679
2009	1e-23	0.001186200010124594
2010	1e-23	0.0011408000136725605
2011	1e-23	0.0013217999949119985
2012	1e-23	0.0011365999816916883
2013	1e-23	0.001138899999205023
2014	1e-23	0.0010547999991104007
2015	1e-23	0.0011048999731428921
2016	1e-23	0.001039800001308322
2017	1e-23	0.0010311999940313399
2018	1e-23	0.0010234999936074018
2019	1e-23	0.0011294000432826579
2020	1e-23	0.001111700024921447
2021	1e-23	0.001056100009009242
2022	1e-23	0.0010645000147633255
2023	1e-23	0.001127899973653257
2024	1e-23	0.001232899958267808
2025	1e-23	0.001171100011561066
2026	1e-23	0.0011309999972581863
2027	1e-23	0.0010510999709367752
2028	1e-23	0.0010000999900512397
2029	1e-23	0.001312799984589219
2030	1e-23	0.0012333000195212662
2031	1e-23	0.0011702000047080219
2032	1e-23	0.0010780000011436641
2033	1e-23	0.001105800038203597
2034	1e-23	0.0010658999672159553
2035	1e-23	0.0011960999690927565
2036	1e-23	0.0010420000180602074
2037	1e-23	0.0011659999727271497
2038	1e-23	0.0013264999724924564
2039	1e-23	0.0010064999805763364
2040	1e-23	0.0010061999782919884
2041	1e-23	0.0011023000115528703
2042	1e-23	0.001152200042270124
2043	1e-23	0.0011994000524282455
2044	1e-23	0.0011186999618075788
2045	1e-23	0.001128199975937605
2046	1e-23	0.0011035000206902623
2047	1e-23	0.001108399999793619
2048	1e-23	0.0011458999942988157
2049	1e-23	0.0011405000113882124
2050	1e-23	0.0010966999689117074
2051	1e-23	0.001121699984651059
2052	1e-23	0.0012886000331491232
2053	1e-23	0.0012029000208713114
2054	1e-23	0.0011866000131703913
2055	1e-23	0.0011971999774686992
2056	1e-23	0.0011331000132486224
2057	1e-23	0.0009745000279508531
2058	1e-23	0.0014039999805390835
2059	1e-23	0.0010575000196695328
2060	1e-23	0.0009606000385247171
2061	1e-23	0.0009812000207602978
2062	1e-23	0.0010350000229664147
2063	1e-23	0.0009640000062063336
2064	1e-23	0.0009697999921627343
2065	1e-23	0.0012329000164754689
2066	1e-23	0.0011961999698542058
2067	1e-23	0.0011300999904051423
2068	1e-23	0.0010541999945417047
2069	1e-23	0.0011692999978549778
2070	1e-23	0.0012012000079266727
2071	1e-23	0.0011538999970071018
2072	1e-23	0.0011384999961592257
2073	1e-23	0.0011051999754272401
2074	1e-23	0.0010246000019833446
2075	1e-23	0.0009596999734640121
2076	1e-23	0.0009899000287987292
2077	1e-23	0.0011596999829635024
2078	1e-23	0.0011427999706938863
2079	1e-23	0.0010374999837949872
2080	1e-23	0.001057000015862286
2081	1e-23	0.0011509000323712826
2082	1e-23	0.0010335000115446746
2083	1e-23	0.0010126999695785344
2084	1e-23	0.001102799957152456
2085	1e-23	0.0010195000213570893
2086	1e-23	0.001022100041154772
2087	1e-23	0.0010018000029958785
2088	1e-23	0.0010998999932780862
2089	1e-23	0.0010270000202581286
2090	1e-23	0.0010392000549472868
2091	1e-23	0.0010523000382818282
2092	1e-23	0.001110199955292046
2093	1e-23	0.0012553000124171376
2094	1e-23	0.001244200044311583
2095	1e-23	0.001298900053370744
2096	1e-23	0.0012327000149525702
2097	1e-23	0.0012243000091984868
2098	1e-23	0.0014207999920472503
2099	1e-23	0.0012040999718010426
2100	1e-23	0.0011621000012382865
2101	1e-23	0.0011211000382900238
2102	1e-23	0.0011854000040329993
2103	1e-23	0.0010794999543577433
2104	1e-23	0.0010923999943770468
2105	1e-23	0.00115870003355667
2106	1e-23	0.0012106000212952495
2107	1e-23	0.0011769999982789159
2108	1e-23	0.0012031999649479985
2109	1e-23	0.0012156000011600554
2110	1e-23	0.0012320999521762133
2111	1e-23	0.0011901000398211181
2112	1e-23	0.001173199969343841
2113	1e-23	0.0011537999962456524
2114	1e-23	0.0011947000166401267
2115	1e-23	0.001178800011985004
2116	1e-23	0.0012247000122442842
2117	1e-23	0.0011625000042840838
2118	1e-23	0.0011428000289015472
2119	1e-23	0.0011066000442951918
2120	1e-23	0.0010571000166237354
2121	1e-23	0.0010057000326924026
2122	1e-23	0.0011665999772958457
2123	1e-23	0.0012176000163890421
2124	1e-23	0.0011825999827124178
2125	1e-23	0.001143899979069829
2126	1e-23	0.0011909000459127128
2127	1e-23	0.00125479995040223
2128	1e-23	0.0011964000295847654
2129	1e-23	0.0011755999876186252
2130	1e-23	0.0014220000011846423
2131	1e-23	0.0013292999938130379
2132	1e-23	0.0014735000440850854
2133	1e-23	0.0013057999894954264
2134	1e-23	0.0013035000301897526
2135	1e-23	0.0011969999759458005
2136	1e-23	0.0013765000039711595
2137	1e-23	0.0012218999909237027
2138	1e-23	0.0012422999716363847
2139	1e-23	0.001330200000666082
2140	1e-23	0.0012522999895736575
2141	1e-23	0.001411000033840537
2142	1e-23	0.001365099975373596
2143	1e-23	0.0012311999453231692
2144	1e-23	0.0012434999807737768
2145	1e-23	0.0013421999756246805
2146	1e-23	0.0014398000203073025
2147	1e-23	0.0012248000130057335
2148	1e-23	0.0013228000025264919
2149	1e-23	0.00115720002213493
2150	1e-23	0.0011737000313587487
2151	1e-23	0.0011464999988675117
2152	1e-23	0.001278800016734749
2153	1e-23	0.00133050000295043
2154	1e-23	0.0012729999725706875
2155	1e-23	0.0013867999659851193
2156	1e-23	0.0012639000196941197
2157	1e-23	0.0011958000250160694
2158	1e-23	0.001377499953377992
2159	1e-23	0.0012125000357627869
2160	1e-23	0.0011531999916769564
2161	1e-23	0.001297100039664656
2162	1e-23	0.0012522999895736575
2163	1e-23	0.0012867999612353742
2164	1e-23	0.001603799988515675
2165	1e-23	0.0013291999930515885
2166	1e-23	0.001312499982304871
2167	1e-23	0.0013091000146232545
2168	1e-23	0.001172299962490797
2169	1e-23	0.0011261999607086182
2170	1e-23	0.0013484000228345394
2171	1e-23	0.0013005000073462725
2172	1e-23	0.0014034999767318368
2173	1e-23	0.0013583000400103629
2174	1e-23	0.001160499989055097
2175	1e-23	0.001678000029642135
2176	1e-23	0.0013660999829880893
2177	1e-23	0.0013091000146232545
2178	1e-23	0.0012399000115692616
2179	1e-23	0.0012444999883882701
2180	1e-23	0.0011618999997153878
2181	1e-23	0.0011755000450648367
2182	1e-23	0.0011757999891415238
2183	1e-23	0.0012829999905079603
2184	1e-23	0.001089800032787025
2185	1e-23	0.0010867000091820955
2186	1e-23	0.0013097000191919506
2187	1e-23	0.001173799973912537
2188	1e-23	0.001250100031029433
2189	1e-23	0.0013469999539665878
2190	1e-23	0.0012790000182576478
2191	1e-23	0.0012109000235795975
2192	1e-23	0.001430200005415827
2193	1e-23	0.001316600013524294
2194	1e-23	0.001253900001756847
2195	1e-23	0.0012611999991349876
2196	1e-23	0.001215800002682954
2197	1e-23	0.0011381999938748777
2198	1e-23	0.0012741999817080796
2199	1e-23	0.001694900041911751
2200	1e-23	0.001250700035598129
2201	1e-23	0.0011828999849967659
2202	1e-23	0.001297699986025691
2203	1e-23	0.0011539999977685511
2204	1e-23	0.0011675999849103391
2205	1e-23	0.00122079998254776
2206	1e-23	0.0010885000228881836
2207	1e-23	0.001275499991606921
2208	1e-23	0.001349999976810068
2209	1e-23	0.0012018999550491571
2210	1e-23	0.0011385000543668866
2211	1e-23	0.0011740999761968851
2212	1e-23	0.0013259000261314213
2213	1e-23	0.001207500055897981
2214	1e-23	0.0014459000085480511
2215	1e-23	0.0012463000020943582
2216	1e-23	0.001216700009535998
2217	1e-23	0.0012283000396564603
2218	1e-23	0.0012713999603874981
2219	1e-23	0.0011457999935373664
2220	1e-23	0.0011038999655283988
2221	1e-23	0.0013899999903514981
2222	1e-23	0.0012333999620750546
2223	1e-23	0.0013543999521061778
2224	1e-23	0.0013744999887421727
2225	1e-23	0.0013001000043004751
2226	1e-23	0.001227000029757619
2227	1e-23	0.0012141999904997647
2228	1e-23	0.00121339998440817
2229	1e-23	0.0011421000235714018
2230	1e-23	0.0011521000415086746
2231	1e-23	0.001205099979415536
2232	1e-23	0.0012261000229045749
2233	1e-23	0.0010921999928541481
2234	1e-23	0.0012569999671541154
2235	1e-23	0.0012514999834820628
2236	1e-23	0.001205099979415536
2237	1e-23	0.0013290999922901392
2238	1e-23	0.001213700044900179
2239	1e-23	0.0011760999914258718
2240	1e-23	0.0014272999833337963
2241	1e-23	0.0012571999686770141
2242	1e-23	0.001144799985922873
2243	1e-23	0.0011819999781437218
2244	1e-23	0.0011678000446408987
2245	1e-23	0.001122599991504103
2246	1e-23	0.0010814000270329416
2247	1e-23	0.0017564999870955944
2248	1e-23	0.0011614999966695905
2249	1e-23	0.0015715999761596322
2250	1e-23	0.0012632000143639743
2251	1e-23	0.0013676999951712787
2252	1e-23	0.0012765999999828637
2253	1e-23	0.0012652999721467495
2254	1e-23	0.001198899990413338
2255	1e-23	0.0012208999833092093
2256	1e-23	0.0011854000040329993
2257	1e-23	0.0011935000075027347
2258	1e-23	0.0012082000030204654
2259	1e-23	0.0012472000089474022
2260	1e-23	0.00122969999210909
2261	1e-23	0.0012321000103838742
2262	1e-23	0.0012931000092066824
2263	1e-23	0.0013413000269792974
2264	1e-23	0.0012795000220648944
2265	1e-23	0.0011434999760240316
2266	1e-23	0.0012074000551365316
2267	1e-23	0.0012682999949902296
2268	1e-23	0.0012443000450730324
2269	1e-23	0.001313100045081228
2270	1e-23	0.0013098999625071883
2271	1e-23	0.001180600025691092
2272	1e-23	0.001187700021546334
2273	1e-23	0.0012261999654583633
2274	1e-23	0.0014764000079594553
2275	1e-23	0.001256600022315979
2276	1e-23	0.0011897999793291092
2277	1e-23	0.0011983000440523028
2278	1e-23	0.0015942000318318605
2279	1e-23	0.0012582999770529568
2280	1e-23	0.0011664999765343964
2281	1e-23	0.0013099000207148492
2282	1e-23	0.0013923000078648329
2283	1e-23	0.0013121000374667346
2284	1e-23	0.001256300020031631
2285	1e-23	0.0012632000143639743
2286	1e-23	0.001191499992273748
2287	1e-23	0.0012182999635115266
2288	1e-23	0.0012378999963402748
2289	1e-23	0.0012642000219784677
2290	1e-23	0.0012067999923601747
2291	1e-23	0.0011199000291526318
2292	1e-23	0.001261900004465133
2293	1e-23	0.0013628999586217105
2294	1e-23	0.0013098000199534
2295	1e-23	0.0011901000398211181
2296	1e-23	0.00120009999955073
2297	1e-23	0.0012356999795883894
2298	1e-23	0.001160800049547106
2299	1e-23	0.0012179000186733902
2300	1e-23	0.0011567999608814716
2301	1e-23	0.001172300020698458
2302	1e-23	0.0012553000124171376
2303	1e-23	0.0013769000070169568
2304	1e-23	0.001344399992376566
2305	1e-23	0.0012321999529376626
2306	1e-23	0.0012966999784111977
2307	1e-23	0.0011610999936237931
2308	1e-23	0.0017726999940350652
2309	1e-23	0.001297699986025691
2310	1e-23	0.001250700035598129
2311	1e-23	0.0012654999736696482
2312	1e-23	0.0012268000282347202
2313	1e-23	0.001253900001756847
2314	1e-23	0.001218099961988628
2315	1e-23	0.0011485000140964985
2316	1e-23	0.0011681000469252467
2317	1e-23	0.001197999983560294
2318	1e-23	0.0011934000067412853
2319	1e-23	0.0011617999989539385
2320	1e-23	0.0012438999838195741
2321	1e-23	0.0011534999939613044
2322	1e-23	0.0012508999789133668
2323	1e-23	0.0012049000361002982
2324	1e-23	0.0012168999528512359
2325	1e-23	0.0011738999746739864
2326	1e-23	0.0011712000123225152
2327	1e-23	0.0011675000423565507
2328	1e-23	0.001187399961054325
2329	1e-23	0.0011559000122360885
2330	1e-23	0.0011958999675698578
2331	1e-23	0.001194500015117228
2332	1e-23	0.0011552000069059432
2333	1e-23	0.0011003999970853329
2334	1e-23	0.0011416999623179436
2335	1e-23	0.0011941000120714307
2336	1e-23	0.0011020000092685223
2337	1e-23	0.0010729000205174088
2338	1e-23	0.0011591000366024673
2339	1e-23	0.0011243000044487417
2340	1e-23	0.0012814000365324318
2341	1e-23	0.001234699971973896
2342	1e-23	0.0013849000097252429
2343	1e-23	0.0011332000140100718
2344	1e-23	0.0011474000057205558
2345	1e-23	0.0011878999648615718
2346	1e-23	0.0011906999861821532
2347	1e-23	0.0011314000003039837
2348	1e-23	0.001243599981535226
2349	1e-23	0.0011652999673970044
2350	1e-23	0.0012116000289097428
2351	1e-23	0.0011901999823749065
2352	1e-23	0.0012117999722249806
2353	1e-23	0.0013230000040493906
2354	1e-23	0.0013222999987192452
2355	1e-23	0.001081200025510043
2356	1e-23	0.0011926000006496906
2357	1e-23	0.0012633000151254237
2358	1e-23	0.0012222999939695
2359	1e-23	0.0011278000310994685
2360	1e-23	0.0011186000192537904
2361	1e-23	0.001233800023328513
2362	1e-23	0.0012415999663062394
2363	1e-23	0.0011281000333838165
2364	1e-23	0.0011653000256046653
2365	1e-23	0.001264300022739917
2366	1e-23	0.0013139999937266111
2367	1e-23	0.0013719000271521509
2368	1e-23	0.0013312000082805753
2369	1e-23	0.001143599976785481
2370	1e-23	0.0012793000205419958
2371	1e-23	0.0012229999992996454
2372	1e-23	0.0012069999938830733
2373	1e-23	0.0014103999710641801
2374	1e-23	0.0012596999877132475
2375	1e-23	0.0011185999610461295
2376	1e-23	0.0012747000437229872
2377	1e-23	0.001123499998357147
2378	1e-23	0.00120749999769032
2379	1e-23	0.0011929000029340386
2380	1e-23	0.001124400005210191
2381	1e-23	0.0011594000388868153
2382	1e-23	0.0012070999946445227
2383	1e-23	0.0011672000400722027
2384	1e-23	0.0010845999931916595
2385	1e-23	0.0011444000410847366
2386	1e-23	0.0010861000046133995
2387	1e-23	0.001450299983844161
2388	1e-23	0.0011358000338077545
2389	1e-23	0.0010760999866761267
2390	1e-23	0.0010724000167101622
2391	1e-23	0.0013211999903433025
2392	1e-23	0.0013029000256210566
2393	1e-23	0.001234699971973896
2394	1e-23	0.0012938000145368278
2395	1e-23	0.0012518999865278602
2396	1e-23	0.0011549000046215951
2397	1e-23	0.0011481000110507011
2398	1e-23	0.001126800023484975
2399	1e-23	0.0010875000152736902
2400	1e-23	0.0010320000001229346
2401	1e-23	0.00115720002213493
2402	1e-23	0.00103859999217093
2403	1e-23	0.0012120999745093286
2404	1e-23	0.0012648000265471637
2405	1e-23	0.001132700010202825
2406	1e-23	0.000977099989540875
2407	1e-23	0.0010167000000365078
2408	1e-23	0.0010983000393025577
2409	1e-23	0.0011316000018268824
2410	1e-23	0.0011973999789915979
2411	1e-23	0.001146299997344613
2412	1e-23	0.0010789000079967082
2413	1e-23	0.0010631000041030347
2414	1e-23	0.0009483000030741096
2415	1e-23	0.0011235999991185963
2416	1e-23	0.0012057000421918929
2417	1e-23	0.0012425999739207327
2418	1e-23	0.001487000030465424
2419	1e-23	0.0011565000168047845
2420	1e-23	0.001126500021200627
2421	1e-23	0.0010742000304162502
2422	1e-23	0.0010823000338859856
2423	1e-23	0.0011079999967478216
2424	1e-23	0.0010676999809220433
2425	1e-23	0.0010114999604411423
2426	1e-23	0.0010427999659441411
2427	1e-23	0.0010966999689117074
2428	1e-23	0.0010541999945417047
2429	1e-23	0.00105489999987185
2430	1e-23	0.0011147999903187156
2431	1e-23	0.0012005000025965273
2432	1e-23	0.0011063999845646322
2433	1e-23	0.0010505999671295285
2434	1e-23	0.0011323000071570277
2435	1e-23	0.0010631000041030347
2436	1e-23	0.001055800006724894
2437	1e-23	0.0010895999730564654
2438	1e-23	0.00121339998440817
2439	1e-23	0.0012264999677427113
2440	1e-23	0.0010370999807491899
2441	1e-23	0.0010623999987728894
2442	1e-23	0.0011423000250943005
2443	1e-23	0.001108700002077967
2444	1e-23	0.0012407000176608562
2445	1e-23	0.0012657000334002078
2446	1e-23	0.001172600022982806
2447	1e-23	0.0011646999628283083
2448	1e-23	0.0011964999721385539
2449	1e-23	0.0011774000013247132
2450	1e-23	0.0011347999679856002
2451	1e-23	0.0011497000232338905
2452	1e-23	0.0011891000322066247
2453	1e-23	0.001162799948360771
2454	1e-23	0.0011550000053830445
2455	1e-23	0.0010808000224642456
2456	1e-23	0.0012901999871246517
2457	1e-23	0.0011272000265307724
2458	1e-23	0.001069999998435378
2459	1e-23	0.0011292999843135476
2460	1e-23	0.0010682999854907393
2461	1e-23	0.0010521000367589295
2462	1e-23	0.0015611000126227736
2463	1e-23	0.0011260000173933804
2464	1e-23	0.0011119000264443457
2465	1e-23	0.0011196000268682837
2466	1e-23	0.0011607999913394451
2467	1e-23	0.001240899960976094
2468	1e-23	0.0011888000299222767
2469	1e-23	0.00131720001809299
2470	1e-23	0.0012221999932080507
2471	1e-23	0.0010674000368453562
2472	1e-23	0.0010989999864250422
2473	1e-23	0.001178500009700656
2474	1e-23	0.001147200004197657
2475	1e-23	0.0010794000118039548
2476	1e-23	0.001142999972216785
2477	1e-23	0.0011530000483617187
2478	1e-23	0.001054000051226467
2479	1e-23	0.0009436000254936516
2480	1e-23	0.0010226999875158072
2481	1e-23	0.0009474999969825149
2482	1e-23	0.000958500022534281
2483	1e-23	0.0015696000191383064
2484	1e-23	0.0011550000053830445
2485	1e-23	0.0011636000126600266
2486	1e-23	0.0010826000361703336
2487	1e-23	0.001179100014269352
2488	1e-23	0.0013895999873057008
2489	1e-23	0.0011550000053830445
2490	1e-23	0.0013143999967724085
2491	1e-23	0.0011369999847374856
2492	1e-23	0.001131500001065433
2493	1e-23	0.0011198999709449708
2494	1e-23	0.001263100013602525
2495	1e-23	0.0013507999829016626
2496	1e-23	0.0011693999986164272
2497	1e-23	0.0011615999974310398
2498	1e-23	0.001053099986165762
2499	1e-23	0.0010488000116311014
2500	1e-23	0.0010697999969124794
2501	1e-23	0.0011126999743282795
2502	1e-23	0.0010558999492786825
2503	1e-23	0.00101350003387779
2504	1e-23	0.0010047000250779092
2505	1e-23	0.0010733999661169946
2506	1e-23	0.001053699990734458
2507	1e-23	0.0010364999761804938
2508	1e-23	0.001114899991080165
2509	1e-23	0.0012160000042058527
2510	1e-23	0.001236799987964332
2511	1e-23	0.0010725000174716115
2512	1e-23	0.0010790000087581575
2513	1e-23	0.0009972999687306583
2514	1e-23	0.0009985000360757113
2515	1e-23	0.0009887999622151256
2516	1e-23	0.0010792000102810562
2517	1e-23	0.0010009999969042838
2518	1e-23	0.0010179000091738999
2519	1e-23	0.0010525999823585153
2520	1e-23	0.001053699990734458
2521	1e-23	0.0010603999835439026
2522	1e-23	0.001187100016977638
2523	1e-23	0.0013642000267282128
2524	1e-23	0.001259300042875111
2525	1e-23	0.0013114000321365893
2526	1e-23	0.0012329999590292573
2527	1e-23	0.0012545999488793314
2528	1e-23	0.0012324000126682222
2529	1e-23	0.0014712000265717506
2530	1e-23	0.0012595999869517982
2531	1e-23	0.0012246000114828348
2532	1e-23	0.0012042000307701528
2533	1e-23	0.0011970999767072499
2534	1e-23	0.001283199992030859
2535	1e-23	0.00122969999210909
2536	1e-23	0.0013596999924629927
2537	1e-23	0.0011953000212088227
2538	1e-23	0.0011780000058934093
2539	1e-23	0.0013395000132732093
2540	1e-23	0.0011912000481970608
2541	1e-23	0.0011417000205256045
2542	1e-23	0.0012045000330545008
2543	1e-23	0.0012305999989621341
2544	1e-23	0.0012514999834820628
2545	1e-23	0.0012611999991349876
2546	1e-23	0.0012172000133432448
2547	1e-23	0.0011337000178173184
2548	1e-23	0.0012351999757811427
2549	1e-23	0.0011924999998882413
2550	1e-23	0.0011902999831363559
2551	1e-23	0.0010617999942041934
2552	1e-23	0.0011578999692574143
2553	1e-23	0.0011156999971717596
2554	1e-23	0.0010726000182330608
2555	1e-23	0.0011233999975956976
2556	1e-23	0.0012203000369481742
2557	1e-23	0.0011481999536044896
2558	1e-23	0.0010393999982625246
2559	1e-23	0.001089500030502677
2560	1e-23	0.0012070999946445227
2561	1e-23	0.001099000044632703
2562	1e-23	0.0011739999754354358
2563	1e-23	0.001220200036186725
2564	1e-23	0.0010924999951384962
2565	1e-23	0.001153700053691864
2566	1e-23	0.0011043999693356454
2567	1e-23	0.001142999972216785
2568	1e-23	0.0012055000406689942
2569	1e-23	0.0011294999858364463
2570	1e-23	0.001165500027127564
2571	1e-23	0.0011709000100381672
2572	1e-23	0.0011600000434555113
2573	1e-23	0.001150399970356375
2574	1e-23	0.0011818999773822725
2575	1e-23	0.001097499975003302
2576	1e-23	0.0010865999502129853
2577	1e-23	0.0013670999906025827
2578	1e-23	0.00124149996554479
2579	1e-23	0.001159899984486401
2580	1e-23	0.0011267999652773142
2581	1e-23	0.0011702000047080219
2582	1e-23	0.0010973999742418528
2583	1e-23	0.0011044000275433064
2584	1e-23	0.0011332000140100718
2585	1e-23	0.001207199995405972
2586	1e-23	0.0010747999767772853
2587	1e-23	0.0010442000348120928
2588	1e-23	0.001124400005210191
2589	1e-23	0.0010195999639108777
2590	1e-23	0.0014158000121824443
2591	1e-23	0.0015948000364005566
2592	1e-23	0.0011860000086016953
2593	1e-23	0.0011196000268682837
2594	1e-23	0.0011706999503076077
2595	1e-23	0.0011162000009790063
2596	1e-23	0.0011089000036008656
2597	1e-23	0.0011272000265307724
2598	1e-23	0.0011836999910883605
2599	1e-23	0.0011109000188298523
2600	1e-23	0.0011610999936237931
2601	1e-23	0.0012231000000610948
2602	1e-23	0.0011892999755218625
2603	1e-23	0.0011063000420108438
2604	1e-23	0.001140100008342415
2605	1e-23	0.001185600005555898
2606	1e-23	0.0011489000171422958
2607	1e-23	0.0011386999976821244
2608	1e-23	0.0011808000272139907
2609	1e-23	0.0011071999906562269
2610	1e-23	0.0010519999777898192
2611	1e-23	0.0011926000006496906
2612	1e-23	0.0012140999897383153
2613	1e-23	0.00109039997914806
2614	1e-23	0.0012739000376313925
2615	1e-23	0.0011620000004768372
2616	1e-23	0.0012057999847456813
2617	1e-23	0.0011072999914176762
2618	1e-23	0.0011509000323712826
2619	1e-23	0.0012026000185869634
2620	1e-23	0.0011771999998018146
2621	1e-23	0.0012015000102110207
2622	1e-23	0.0015730999875813723
2623	1e-23	0.00116610003169626
2624	1e-23	0.0011177000124007463
2625	1e-23	0.001150699972640723
2626	1e-23	0.0010881999623961747
2627	1e-23	0.001111400022637099
2628	1e-23	0.0010872000129893422
2629	1e-23	0.0012374999932944775
2630	1e-23	0.0011908000451512635
2631	1e-23	0.0011637999559752643
2632	1e-23	0.0013496999745257199
2633	1e-23	0.0012980000465177
2634	1e-23	0.001298599992878735
2635	1e-23	0.0012652999721467495
2636	1e-23	0.001229099987540394
2637	1e-23	0.0011620000004768372
2638	1e-23	0.0010986999841406941
2639	1e-23	0.0011342000216245651
2640	1e-23	0.0010950000141747296
2641	1e-23	0.0011912999907508492
2642	1e-23	0.00121489999582991
2643	1e-23	0.0012306999997235835
2644	1e-23	0.0011483999551273882
2645	1e-23	0.0011728000245057046
2646	1e-23	0.0011975999805144966
2647	1e-23	0.001194500015117228
2648	1e-23	0.0012150999973528087
2649	1e-23	0.0012469000066630542
2650	1e-23	0.0012877000262960792
2651	1e-23	0.001263100013602525
2652	1e-23	0.00121489999582991
2653	1e-23	0.0013111999724060297
2654	1e-23	0.0012172000133432448
2655	1e-23	0.0011837999918498099
2656	1e-23	0.001179399958346039
2657	1e-23	0.0011263000196777284
2658	1e-23	0.0010843999916687608
2659	1e-23	0.0011732999701052904
2660	1e-23	0.0011703000054694712
2661	1e-23	0.0011713000130839646
2662	1e-23	0.0012231000000610948
2663	1e-23	0.0012109000235795975
2664	1e-23	0.0011527000460773706
2665	1e-23	0.0010639000101946294
2666	1e-23	0.001119700027629733
2667	1e-23	0.001047800004016608
2668	1e-23	0.0010538999922573566
2669	1e-23	0.0011486000148579478
2670	1e-23	0.00120009999955073
2671	1e-23	0.001106700045056641
2672	1e-23	0.0011124999728053808
2673	1e-23	0.0012308000004850328
2674	1e-23	0.001244500046595931
2675	1e-23	0.0015771999605931342
2676	1e-23	0.0013027999666519463
2677	1e-23	0.0011551000061444938
2678	1e-23	0.0011552999494597316
2679	1e-23	0.001045699988026172
2680	1e-23	0.0011294999858364463
2681	1e-23	0.0014934999635443091
2682	1e-23	0.001150699972640723
2683	1e-23	0.0011822000378742814
2684	1e-23	0.0011339999618940055
2685	1e-23	0.0010769999935291708
2686	1e-23	0.0010992000461556017
2687	1e-23	0.0013069999986328185
2688	1e-23	0.0011878000223077834
2689	1e-23	0.001058999972883612
2690	1e-23	0.001214299991261214
2691	1e-23	0.0012160000042058527
2692	1e-23	0.001130899996496737
2693	1e-23	0.001153099990915507
2694	1e-23	0.0011740999761968851
2695	1e-23	0.0011607999913394451
2696	1e-23	0.0011600000434555113
2697	1e-23	0.0011414000182412565
2698	1e-23	0.0011047999723814428
2699	1e-23	0.0010861000046133995
2700	1e-23	0.0016521000070497394
2701	1e-23	0.0011472999467514455
2702	1e-23	0.001159599982202053
2703	1e-23	0.0013936000177636743
2704	1e-23	0.001234100025612861
2705	1e-23	0.0011112000211142004
2706	1e-23	0.0011890999739989638
2707	1e-23	0.0012060999870300293
2708	1e-23	0.0011113000218756497
2709	1e-23	0.0011142999865114689
2710	1e-23	0.0012141999904997647
2711	1e-23	0.0011932000052183867
2712	1e-23	0.001379900029860437
2713	1e-23	0.0016412999830208719
2714	1e-23	0.0012500000302679837
2715	1e-23	0.0010766999912448227
2716	1e-23	0.0010297999833710492
2717	1e-23	0.0011692999978549778
2718	1e-23	0.0014513999922201037
2719	1e-23	0.0011270000250078738
2720	1e-23	0.00149049999890849
2721	1e-23	0.001256599964108318
2722	1e-23	0.001152500044554472
2723	1e-23	0.0011835999903269112
2724	1e-23	0.0014168000197969377
2725	1e-23	0.0012356999795883894
2726	1e-23	0.0013820999884046614
2727	1e-23	0.0013075000024400651
2728	1e-23	0.0012060999870300293
2729	1e-23	0.001442899985704571
2730	1e-23	0.0012497000279836357
2731	1e-23	0.00119270000141114
2732	1e-23	0.0014381000073626637
2733	1e-23	0.0012579999747686088
2734	1e-23	0.0011424999684095383
2735	1e-23	0.001491100003477186
2736	1e-23	0.0012126999790780246
2737	1e-23	0.0011267000227235258
2738	1e-23	0.0010772999958135188
2739	1e-23	0.0012119999737478793
2740	1e-23	0.0011328999535180628
2741	1e-23	0.001117600011639297
2742	1e-23	0.0011353000300005078
2743	1e-23	0.00117200001841411
2744	1e-23	0.0011806999682448804
2745	1e-23	0.0012743999832309783
2746	1e-23	0.0012481000158004463
2747	1e-23	0.0012326000141911209
2748	1e-23	0.0012261000229045749
2749	1e-23	0.0015545999631285667
2750	1e-23	0.00118090002797544
2751	1e-23	0.001124700007494539
2752	1e-23	0.0011881000245921314
2753	1e-23	0.0011483999551273882
2754	1e-23	0.0010964999673888087
2755	1e-23	0.0015064000035636127
2756	1e-23	0.0011659999727271497
2757	1e-23	0.001145100046414882
2758	1e-23	0.0012362999841570854
2759	1e-23	0.0012617000029422343
2760	1e-23	0.0012658999767154455
2761	1e-23	0.0013601999962702394
2762	1e-23	0.0011442999821156263
2763	1e-23	0.0011586000327952206
2764	1e-23	0.001115199993364513
2765	1e-23	0.001153400051407516
2766	1e-23	0.0011440999805927277
2767	1e-23	0.0011354999733157456
2768	1e-23	0.0011481000110507011
2769	1e-23	0.0011363999801687896
2770	1e-23	0.0011907999869436026
2771	1e-23	0.001049300015438348
2772	1e-23	0.0011517000384628773
2773	1e-23	0.0014687000075355172
2774	1e-23	0.0012809000327251852
2775	1e-23	0.001143599976785481
2776	1e-23	0.0012306999997235835
2777	1e-23	0.001138299994636327
2778	1e-23	0.0011322000063955784
2779	1e-23	0.0011983999866060913
2780	1e-23	0.0011829999857582152
2781	1e-23	0.001090100035071373
2782	1e-23	0.001081500027794391
2783	1e-23	0.0011470000026747584
2784	1e-23	0.0011505999718792737
2785	1e-23	0.0010370999807491899
2786	1e-23	0.0010133999749086797
2787	1e-23	0.001227899978403002
2788	1e-23	0.0012810000334866345
2789	1e-23	0.0011554999509826303
2790	1e-23	0.0011816999758593738
2791	1e-23	0.0011437000357545912
2792	1e-23	0.0011659000301733613
2793	1e-23	0.0012189000262878835
2794	1e-23	0.0012227999977767467
2795	1e-23	0.0010866000084206462
2796	1e-23	0.0010592000326141715
2797	1e-23	0.0014774000155739486
2798	1e-23	0.0010868999524973333
2799	1e-23	0.0010924999951384962
2800	1e-23	0.0012053000391460955
2801	1e-23	0.0011005999986082315
2802	1e-23	0.0010145999840460718
2803	1e-23	0.0010171000030823052
2804	1e-23	0.001115499995648861
2805	1e-23	0.0011204000329598784
2806	1e-23	0.0010774999973364174
2807	1e-23	0.0011112999636679888
2808	1e-23	0.0011609999928623438
2809	1e-23	0.0011667999788187444
2810	1e-23	0.0011434000334702432
2811	1e-23	0.0011949000181630254
2812	1e-23	0.001152499986346811
2813	1e-23	0.0012147999950684607
2814	1e-23	0.0012738999794237316
2815	1e-23	0.0012092999531887472
2816	1e-23	0.0010508999694138765
2817	1e-23	0.001096600026357919
2818	1e-23	0.001359800051432103
2819	1e-23	0.0012450999929569662
2820	1e-23	0.0011631000088527799
2821	1e-23	0.000981000019237399
2822	1e-23	0.0011220999876968563
2823	1e-23	0.0014362000511027873
2824	1e-23	0.0013342999736778438
2825	1e-23	0.001212799979839474
2826	1e-23	0.0011973000364378095
2827	1e-23	0.0012063999893143773
2828	1e-23	0.001110500015784055
2829	1e-23	0.0011363000376150012
2830	1e-23	0.001153099990915507
2831	1e-23	0.0011363999801687896
2832	1e-23	0.0011618999997153878
2833	1e-23	0.001151000033132732
2834	1e-23	0.0012453999952413142
2835	1e-23	0.0011775000020861626
2836	1e-23	0.0012150999973528087
2837	1e-23	0.0011889999732375145
2838	1e-23	0.0014528000028803945
2839	1e-23	0.0012040000292472541
2840	1e-23	0.0011343999649398029
2841	1e-23	0.0011801999644376338
2842	1e-23	0.001165799971204251
2843	1e-23	0.0012445999891497195
2844	1e-23	0.0011665000347420573
2845	1e-23	0.0011735999723896384
2846	1e-23	0.001194800017401576
2847	1e-23	0.001170800009276718
2848	1e-23	0.001205099979415536
2849	1e-23	0.0012146999943070114
2850	1e-23	0.0014748999965377152
2851	1e-23	0.0016386000206694007
2852	1e-23	0.0012150999973528087
2853	1e-23	0.0011064999853260815
2854	1e-23	0.0014838000060990453
2855	1e-23	0.0012583000352606177
2856	1e-23	0.0013112000306136906
2857	1e-23	0.0013158000074326992
2858	1e-23	0.0012921999441459775
2859	1e-23	0.0012373999925330281
2860	1e-23	0.0012375000515021384
2861	1e-23	0.0014989999472163618
2862	1e-23	0.001220499980263412
2863	1e-23	0.001165799971204251
2864	1e-23	0.0011593999806791544
2865	1e-23	0.0010662000277079642
2866	1e-23	0.001068799989297986
2867	1e-23	0.0011501000262796879
2868	1e-23	0.0011413999600335956
2869	1e-23	0.0010857000015676022
2870	1e-23	0.0011069000465795398
2871	1e-23	0.001173800032120198
2872	1e-23	0.001041300012730062
2873	1e-23	0.001011400017887354
2874	1e-23	0.0012202999787405133
2875	1e-23	0.0015443000011146069
2876	1e-23	0.0012262000236660242
2877	1e-23	0.0011100000119768083
2878	1e-23	0.0011641000164672732
2879	1e-23	0.0012005000025965273
2880	1e-23	0.0011770999990403652
2881	1e-23	0.0011916999937966466
2882	1e-23	0.0011665000347420573
2883	1e-23	0.0011399000068195164
2884	1e-23	0.001263700018171221
2885	1e-23	0.001097499975003302
2886	1e-23	0.0011612999951466918
2887	1e-23	0.0011733000283129513
2888	1e-23	0.0011645000195130706
2889	1e-23	0.0011675999849103391
2890	1e-23	0.0011357000330463052
2891	1e-23	0.0011551000061444938
2892	1e-23	0.0011443999828770757
2893	1e-23	0.001089800032787025
2894	1e-23	0.0010614999919198453
2895	1e-23	0.0011427999706938863
2896	1e-23	0.0010802000178955495
2897	1e-23	0.0010569000151008368
2898	1e-23	0.0010554000036790967
2899	1e-23	0.0011686999932862818
2900	1e-23	0.00118830002611503
2901	1e-23	0.001101300003938377
2902	1e-23	0.0010430999682284892
2903	1e-23	0.0011463999981060624
2904	1e-23	0.001234399969689548
2905	1e-23	0.0012268000282347202
2906	1e-23	0.0011689999955706298
2907	1e-23	0.0011032999609597027
2908	1e-23	0.0011051999754272401
2909	1e-23	0.0012718999641947448
2910	1e-23	0.0011632000096142292
2911	1e-23	0.001069099991582334
2912	1e-23	0.0009978999732993543
2913	1e-23	0.0011887000291608274
2914	1e-23	0.0012042999733239412
2915	1e-23	0.0011857000063173473
2916	1e-23	0.0010980000370182097
2917	1e-23	0.001055200002156198
2918	1e-23	0.0009827000321820378
2919	1e-23	0.0011220999876968563
2920	1e-23	0.0010789000079967082
2921	1e-23	0.0010647000162862241
2922	1e-23	0.0010807999642565846
2923	1e-23	0.0010800000163726509
2924	1e-23	0.0011183999595232308
2925	1e-23	0.0010772000532597303
2926	1e-23	0.001271400018595159
2927	1e-23	0.001419799984432757
2928	1e-23	0.0013256000238470733
2929	1e-23	0.0013719999697059393
2930	1e-23	0.0013423000345937908
2931	1e-23	0.0010976999765262008
2932	1e-23	0.0011766999959945679
2933	1e-23	0.001159000035841018
2934	1e-23	0.0012186000240035355
2935	1e-23	0.0010754999821074307
2936	1e-23	0.0010171000030823052
2937	1e-23	0.001579799980390817
2938	1e-23	0.0011913999915122986
2939	1e-23	0.0011357000330463052
2940	1e-23	0.0011119000264443457
2941	1e-23	0.0011278000310994685
2942	1e-23	0.0010554000036790967
2943	1e-23	0.0010859000030905008
2944	1e-23	0.001157499966211617
2945	1e-23	0.0011619000579230487
2946	1e-23	0.0010991999879479408
2947	1e-23	0.0011143000447191298
2948	1e-23	0.0011929000029340386
2949	1e-23	0.0011169000063091516
2950	1e-23	0.0010523999808356166
2951	1e-23	0.0014082000125199556
2952	1e-23	0.0011209999793209136
2953	1e-23	0.0010737000266090035
2954	1e-23	0.001081800030078739
2955	1e-23	0.0011284000356681645
2956	1e-23	0.0010873000137507915
2957	1e-23	0.001057000015862286
2958	1e-23	0.0010787000064738095
2959	1e-23	0.001209600013680756
2960	1e-23	0.0011943999561481178
2961	1e-23	0.0011229999945499003
2962	1e-23	0.001561800017952919
2963	1e-23	0.0012433999800123274
2964	1e-23	0.0011202999739907682
2965	1e-23	0.0011360000353306532
2966	1e-23	0.001077399996574968
2967	1e-23	0.0010415000142529607
2968	1e-23	0.0010790000087581575
2969	1e-23	0.0012082000030204654
2970	1e-23	0.001102500013075769
2971	1e-23	0.0011152999941259623
2972	1e-23	0.001137400045990944
2973	1e-23	0.0012304999982006848
2974	1e-23	0.0011479000095278025
2975	1e-23	0.0010588999721221626
2976	1e-23	0.0011557000107131898
2977	1e-23	0.0012152999988757074
2978	1e-23	0.0011355000315234065
2979	1e-23	0.0011478000087663531
2980	1e-23	0.0011246000067330897
2981	1e-23	0.0010602999827824533
2982	1e-23	0.0010100000072270632
2983	1e-23	0.0012309999438002706
2984	1e-23	0.0012229999992996454
2985	1e-23	0.001171399955637753
2986	1e-23	0.0012183000217191875
2987	1e-23	0.0011871999595314264
2988	1e-23	0.0011218000436201692
2989	1e-23	0.0012274000328034163
2990	1e-23	0.001156599959358573
2991	1e-23	0.00105640001129359
2992	1e-23	0.001087700016796589
2993	1e-23	0.0011248000082559884
2994	1e-23	0.0010955000179819763
2995	1e-23	0.0011195000261068344
2996	1e-23	0.0010441999766044319
2997	1e-23	0.0011369999847374856
2998	1e-23	0.0011767999967560172
2999	1e-23	0.0012058000429533422
3000	1e-23	0.001157800026703626
