epoch	total	seconds
1	1e-23	0.1545672999927774
2	1e-23	0.0018322999821975827
3	1e-23	0.0016861000331118703
4	1e-23	0.0012447000481188297
5	1e-23	0.001960999972652644
6	1e-23	0.001333199965301901
7	1e-23	0.0012647000257857144
8	1e-23	0.0014334999723359942
9	1e-23	0.0013442999916151166
10	1e-23	0.0011492000194266438
11	1e-23	0.0011748999822884798
12	1e-23	0.0010846999939531088
13	1e-23	0.00102530000731349
14	1e-23	0.0011128000332973897
15	1e-23	0.0010501000215299428
16	1e-23	0.001031499996315688
17	1e-23	0.0013787000207230449
18	1e-23	0.001190899987705052
19	1e-23	0.001060499984305352
20	1e-23	0.0010825999779626727
21	1e-23	0.0011461999965831637
22	1e-23	0.0011626000050455332
23	1e-23	0.001194800017401576
24	1e-23	0.001116399944294244
25	1e-23	0.0011233999975956976
26	1e-23	0.0011344000231474638
27	1e-23	0.0011289999820291996
28	1e-23	0.0010848999954760075
29	1e-23	0.0011888000299222767
30	1e-23	0.0013709000195376575
31	1e-23	0.0011569000198505819
32	1e-23	0.0011035999632440507
33	1e-23	0.0010461999918334186
34	1e-23	0.0010845999931916595
35	1e-23	0.0012345999712124467
36	1e-23	0.0011306999949738383
37	1e-23	0.0011522999848239124
38	1e-23	0.0010849999962374568
39	1e-23	0.0011990999919362366
40	1e-23	0.001012899971101433
41	1e-23	0.0011911000474356115
42	1e-23	0.0010528999846428633
43	1e-23	0.0015717999776825309
44	1e-23	0.0016280999989248812
45	1e-23	0.0012610999983735383
46	1e-23	0.0011304999934509397
47	1e-23	0.0010698999976739287
48	1e-23	0.0010543999960646033
49	1e-23	0.0013716000248678029
50	1e-23	0.0010855000000447035
51	1e-23	0.0009960999595932662
52	1e-23	0.001116700004786253
53	1e-23	0.0010577000211924314
54	1e-23	0.0009871000074781477
55	1e-23	0.0010142000392079353
56	1e-23	0.001075299980584532
57	1e-23	0.0012400999548844993
58	1e-23	0.0011323000071570277
59	1e-23	0.0012093999539501965
60	1e-23	0.001171700016129762
61	1e-23	0.001189500035252422
62	1e-23	0.0011235999991185963
63	1e-23	0.0011023000115528703
64	1e-23	0.0011098000104539096
65	1e-23	0.001049900020007044
66	1e-23	0.0011073000496253371
67	1e-23	0.0012003000010736287
68	1e-23	0.0011215999838896096
69	1e-23	0.0012820000411011279
70	1e-23	0.0011637000134214759
71	1e-23	0.001185000000987202
72	1e-23	0.001018800016026944
73	1e-23	0.0010017000022344291
74	1e-23	0.001061699993442744
75	1e-23	0.0012654000311158597
76	1e-23	0.0011820999789051712
77	1e-23	0.0012204000377096236
78	1e-23	0.0011387999984435737
79	1e-23	0.001119100023061037
80	1e-23	0.0010983000393025577
81	1e-23	0.001275199989322573
82	1e-23	0.0009700999944470823
83	1e-23	0.0011682999902404845
84	1e-23	0.0013830999960191548
85	1e-23	0.001324000011663884
86	1e-23	0.001165799971204251
87	1e-23	0.001172899967059493
88	1e-23	0.0012679999927058816
89	1e-23	0.0011749999830499291
90	1e-23	0.001076799992006272
91	1e-23	0.001580399984959513
92	1e-23	0.001013199973385781
93	1e-23	0.0010190000175498426
94	1e-23	0.0014206000487320125
95	1e-23	0.0012168999528512359
96	1e-23	0.0013027999666519463
97	1e-23	0.0012102000182494521
98	1e-23	0.0011867000139318407
99	1e-23	0.001197999983560294
100	1e-23	0.001184099994134158
101	1e-23	0.0011690000537782907
102	1e-23	0.0011913999915122986
103	1e-23	0.00107709999429062
104	1e-23	0.0011272999690845609
105	1e-23	0.0011516999802552164
106	1e-23	0.0010853999992832541
107	1e-23	0.0010644000140018761
108	1e-23	0.0011372999870218337
109	1e-23	0.0015133999986574054
110	1e-23	0.0012265000259503722
111	1e-23	0.0012660999782383442
112	1e-23	0.0012126000365242362
113	1e-23	0.001138299994636327
114	1e-23	0.0012057999847456813
115	1e-23	0.0011697000009007752
116	1e-23	0.0011186000192537904
117	1e-23	0.0011503000278025866
118	1e-23	0.0012589000398293138
119	1e-23	0.0012416000245139003
120	1e-23	0.0011322000063955784
121	1e-23	0.0011707000085152686
122	1e-23	0.0012439999845810235
123	1e-23	0.0012538000009953976
124	1e-23	0.0012008999474346638
125	1e-23	0.0012027000193484128
126	1e-23	0.0011926000006496906
127	1e-23	0.001130299991928041
128	1e-23	0.0011408000136725605
129	1e-23	0.0012003000010736287
130	1e-23	0.001027099962811917
131	1e-23	0.001151900039985776
132	1e-23	0.0011966999736614525
133	1e-23	0.0011017000069841743
134	1e-23	0.0011656000278890133
135	1e-23	0.0012277000350877643
136	1e-23	0.001118200016207993
137	1e-23	0.0010922999936155975
138	1e-23	0.0010942000080831349
139	1e-23	0.001132400007918477
140	1e-23	0.0010582000249996781
141	1e-23	0.0010028000106103718
142	1e-23	0.0010153999901376665
143	1e-23	0.0012421999708749354
144	1e-23	0.0012380999978631735
145	1e-23	0.0011962000280618668
146	1e-23	0.0018686999683268368
147	1e-23	0.00135420000879094
148	1e-23	0.0014062999980524182
149	1e-23	0.0011817000340670347
150	1e-23	0.0011317000025883317
151	1e-23	0.00107409997144714
152	1e-23	0.001406199997290969
153	1e-23	0.0011258000158704817
154	1e-23	0.0011610999936237931
155	1e-23	0.0011511999764479697
156	1e-23	0.0011816999758593738
157	1e-23	0.0011279000318609178
158	1e-23	0.0010284000309184194
159	1e-23	0.0011224999907426536
160	1e-23	0.0011053999769501388
161	1e-23	0.0011825000401586294
162	1e-23	0.0011949999607168138
163	1e-23	0.0011018000077456236
164	1e-23	0.0010429000249132514
165	1e-23	0.001032100000884384
166	1e-23	0.0011156999971717596
167	1e-23	0.001083600043784827
168	1e-23	0.0010715000098571181
169	1e-23	0.0010483000078238547
170	1e-23	0.0011041999678127468
171	1e-23	0.0012103999615646899
172	1e-23	0.0011796000180765986
173	1e-23	0.0012060000444762409
174	1e-23	0.0012599999899975955
175	1e-23	0.0011745999800041318
176	1e-23	0.0011087999446317554
177	1e-23	0.0012348000309430063
178	1e-23	0.001127899973653257
179	1e-23	0.0011230000527575612
180	1e-23	0.0011585999745875597
181	1e-23	0.0010805000201798975
182	1e-23	0.0010290999780409038
183	1e-23	0.0011136000393889844
184	1e-23	0.001101900008507073
185	1e-23	0.0016509999986737967
186	1e-23	0.0011280000326223671
187	1e-23	0.0013067999971099198
188	1e-23	0.0011100000119768083
189	1e-23	0.00104310002643615
190	1e-23	0.0010567999561317265
191	1e-23	0.0010789999505504966
192	1e-23	0.0010343000176362693
193	1e-23	0.0011140999849885702
194	1e-23	0.0011903000413440168
195	1e-23	0.0011057999799959362
196	1e-23	0.0012422000290825963
197	1e-23	0.0012147999950684607
198	1e-23	0.0011481000110507011
199	1e-23	0.0012038000277243555
200	1e-23	0.0011381999938748777
201	1e-23	0.0012741999817080796
202	1e-23	0.0016097999759949744
203	1e-23	0.001255700015462935
204	1e-23	0.0011894000344909728
205	1e-23	0.0013212999911047518
206	1e-23	0.0011867000139318407
207	1e-23	0.0015023999731056392
208	1e-23	0.001175600045826286
209	1e-23	0.001416600018274039
210	1e-23	0.0012888999772258103
211	1e-23	0.001206899993121624
212	1e-23	0.0011351000284776092
213	1e-23	0.0010550000006332994
214	1e-23	0.0011212000390514731
215	1e-23	0.001136499980930239
216	1e-23	0.0011950000189244747
217	1e-23	0.001118500018492341
218	1e-23	0.0011044999700970948
219	1e-23	0.0011344999657012522
220	1e-23	0.0011198000283911824
221	1e-23	0.0012451999937184155
222	1e-23	0.00117350002983585
223	1e-23	0.0013159000081941485
224	1e-23	0.0012212999863550067
225	1e-23	0.0011555000091902912
226	1e-23	0.0011098000104539096
227	1e-23	0.001158399973064661
228	1e-23	0.0011981999850831926
229	1e-23	0.001060499984305352
230	1e-23	0.0011638999567367136
231	1e-23	0.0011538999970071018
232	1e-23	0.0011325999512337148
233	1e-23	0.0010827999794855714
234	1e-23	0.0010488000116311014
235	1e-23	0.0015068999491631985
236	1e-23	0.0012549000093713403
237	1e-23	0.0011445999843999743
238	1e-23	0.0010865000076591969
239	1e-23	0.001137699990067631
240	1e-23	0.0011235999991185963
241	1e-23	0.001124400005210191
242	1e-23	0.001178799953777343
243	1e-23	0.0010980000370182097
244	1e-23	0.0010862000053748488
245	1e-23	0.001119700027629733
246	1e-23	0.0010654000216163695
247	1e-23	0.001101000001654029
248	1e-23	0.0015362999984063208
249	1e-23	0.0011015000054612756
250	1e-23	0.0011175000108778477
251	1e-23	0.0010301999864168465
252	1e-23	0.0010704000014811754
253	1e-23	0.001180300023406744
254	1e-23	0.0010965000255964696
255	1e-23	0.001110500015784055
256	1e-23	0.001145699992775917
257	1e-23	0.0011192000238224864
258	1e-23	0.0011298999888822436
259	1e-23	0.0011518000392243266
260	1e-23	0.0017718999879434705
261	1e-23	0.001205699983984232
262	1e-23	0.0012063999893143773
263	1e-23	0.0010952999582514167
264	1e-23	0.0011458999942988157
265	1e-23	0.001081799971871078
266	1e-23	0.0011489000171422958
267	1e-23	0.0011097000096924603
268	1e-23	0.0010596000356599689
269	1e-23	0.001088900025933981
270	1e-23	0.0010874999570660293
271	1e-23	0.0010120999650098383
272	1e-23	0.0010504999663680792
273	1e-23	0.0011674999841488898
274	1e-23	0.0012810000334866345
275	1e-23	0.0011664999765343964
276	1e-23	0.0011277000303380191
277	1e-23	0.0011282000341452658
278	1e-23	0.0011233999975956976
279	1e-23	0.001165200024843216
280	1e-23	0.001131800003349781
281	1e-23	0.0011564000160433352
282	1e-23	0.001080900023225695
283	1e-23	0.0011399000068195164
284	1e-23	0.0011037999647669494
285	1e-23	0.0011305000516586006
286	1e-23	0.0010750999790616333
287	1e-23	0.0010997999925166368
288	1e-23	0.001188000023830682
289	1e-23	0.0011131999781355262
290	1e-23	0.0011074999929405749
291	1e-23	0.0012037999695166945
292	1e-23	0.0011190000222995877
293	1e-23	0.0010502999648451805
294	1e-23	0.001024700002744794
295	1e-23	0.0010961000225506723
296	1e-23	0.0010462000500410795
297	1e-23	0.0010587000288069248
298	1e-23	0.0010754000395536423
299	1e-23	0.0010780000011436641
300	1e-23	0.0010732000228017569
301	1e-23	0.0012119000311940908
302	1e-23	0.0011424999684095383
303	1e-23	0.0011375000467523932
304	1e-23	0.0012465000036172569
305	1e-23	0.0010937000042758882
306	1e-23	0.0010718000121414661
307	1e-23	0.001032699947245419
308	1e-23	0.0010991999879479408
309	1e-23	0.0010652999626472592
310	1e-23	0.001064100011717528
311	1e-23	0.0010607000440359116
312	1e-23	0.0010045000235550106
313	1e-23	0.001046599994879216
314	1e-23	0.0011263000196777284
315	1e-23	0.0011343999649398029
316	1e-23	0.001153399993199855
317	1e-23	0.001387600030284375
318	1e-23	0.0012222999939695
319	1e-23	0.00105489999987185
320	1e-23	0.0012577000306919217
321	1e-23	0.0011369999847374856
322	1e-23	0.0011730999685823917
323	1e-23	0.0011622999445535243
324	1e-23	0.0011031999601982534
325	1e-23	0.001007299986667931
326	1e-23	0.0010859999456442893
327	1e-23	0.0013717999681830406
328	1e-23	0.0011424999684095383
329	1e-23	0.0010535999899730086
330	1e-23	0.0010780000011436641
331	1e-23	0.0011482000118121505
332	1e-23	0.0010305999894626439
333	1e-23	0.00105489999987185
334	1e-23	0.0010278000263497233
335	1e-23	0.0010674999793991446
336	1e-23	0.0010301999864168465
337	1e-23	0.0010400000028312206
338	1e-23	0.0011033000191673636
339	1e-23	0.001110499957576394
340	1e-23	0.001025600009597838
341	1e-23	0.001548200030811131
342	1e-23	0.001096599968150258
343	1e-23	0.0010860999464057386
344	1e-23	0.0011063999845646322
345	1e-23	0.0010177999502047896
346	1e-23	0.001269900007173419
347	1e-23	0.0011165000032633543
348	1e-23	0.0010512999724596739
349	1e-23	0.0010995999909937382
350	1e-23	0.001103400019928813
351	1e-23	0.0010100000072270632
352	1e-23	0.0010109999566338956
353	1e-23	0.0010184000129811466
354	1e-23	0.0009725000127218664
355	1e-23	0.0011541999992914498
356	1e-23	0.001136499980930239
357	1e-23	0.0011251000105403364
358	1e-23	0.0010215999791398644
359	1e-23	0.0010340999579057097
360	1e-23	0.0010369999799877405
361	1e-23	0.0011046999716199934
362	1e-23	0.0010913999867625535
363	1e-23	0.0010433000279590487
364	1e-23	0.001052499981597066
365	1e-23	0.0012869999627582729
366	1e-23	0.0010474000009708107
367	1e-23	0.0010032999562099576
368	1e-23	0.0011595000396482646
369	1e-23	0.0012441999861039221
370	1e-23	0.001164300017990172
371	1e-23	0.0011463999981060624
372	1e-23	0.0010675000376068056
373	1e-23	0.0011211999808438122
374	1e-23	0.0011658999719657004
375	1e-23	0.0012546999496407807
376	1e-23	0.0011816999758593738
377	1e-23	0.001132400007918477
378	1e-23	0.0012330000172369182
379	1e-23	0.001297100039664656
380	1e-23	0.0012538000009953976
381	1e-23	0.0012695000041276217
382	1e-23	0.0014435999910347164
383	1e-23	0.0011614999966695905
384	1e-23	0.0011329000117257237
385	1e-23	0.0011628000065684319
386	1e-23	0.0011587999761104584
387	1e-23	0.0011184000177308917
388	1e-23	0.0012248000130057335
389	1e-23	0.0011818999773822725
390	1e-23	0.0011861000093631446
391	1e-23	0.001260999997612089
392	1e-23	0.0011378000490367413
393	1e-23	0.0011027000145986676
394	1e-23	0.001224899955559522
395	1e-23	0.0010889999684877694
396	1e-23	0.001042800024151802
397	1e-23	0.0010393999982625246
398	1e-23	0.0010521000367589295
399	1e-23	0.0010662999702617526
400	1e-23	0.0010313999955542386
401	1e-23	0.0010233999928459525
402	1e-23	0.0010086000547744334
403	1e-23	0.0012377999955788255
404	1e-23	0.001130599994212389
405	1e-23	0.0010353000252507627
406	1e-23	0.0010802000178955495
407	1e-23	0.0012592000421136618
408	1e-23	0.0012735000345855951
409	1e-23	0.0011275999713689089
410	1e-23	0.0011102999560534954
411	1e-23	0.0010083999950438738
412	1e-23	0.00105189997702837
413	1e-23	0.0011859999503940344
414	1e-23	0.0011165000032633543
415	1e-23	0.0010644000140018761
416	1e-23	0.0010257000103592873
417	1e-23	0.0010774999973364174
418	1e-23	0.0015706000267527997
419	1e-23	0.0010862000053748488
420	1e-23	0.001227900036610663
421	1e-23	0.0014905999996699393
422	1e-23	0.0012518999865278602
423	1e-23	0.0014274000423029065
424	1e-23	0.0011368999839760363
425	1e-23	0.001089499972295016
426	1e-23	0.001006699982099235
427	1e-23	0.0010842999909073114
428	1e-23	0.0010026000090874732
429	1e-23	0.0010103000095114112
430	1e-23	0.0009821000276133418
431	1e-23	0.0012592000421136618
432	1e-23	0.0012100000167265534
433	1e-23	0.001504399988334626
434	1e-23	0.00118980003753677
435	1e-23	0.0010303999879397452
436	1e-23	0.0010129999718628824
437	1e-23	0.0010022000060416758
438	1e-23	0.00106380000943318
439	1e-23	0.0010093000018969178
440	1e-23	0.0010006999946199358
441	1e-23	0.001018500013742596
442	1e-23	0.0011602999875321984
443	1e-23	0.0011959999683313072
444	1e-23	0.0010274999658577144
445	1e-23	0.0011345000239089131
446	1e-23	0.0010862000053748488
447	1e-23	0.0010495000169612467
448	1e-23	0.0011670999811030924
449	1e-23	0.0011440999805927277
450	1e-23	0.0010991000453941524
451	1e-23	0.0010240999981760979
452	1e-23	0.0010384999914094806
453	1e-23	0.001090100035071373
454	1e-23	0.0010581000242382288
455	1e-23	0.0010195000213570893
456	1e-23	0.001267199986614287
457	1e-23	0.0011436999775469303
458	1e-23	0.0010668000322766602
459	1e-23	0.001125000009778887
460	1e-23	0.0010774999973364174
461	1e-23	0.0013333000242710114
462	1e-23	0.0012333999620750546
463	1e-23	0.001149799965787679
464	1e-23	0.0011296000448055565
465	1e-23	0.001005799975246191
466	1e-23	0.0009842999861575663
467	1e-23	0.0010973999742418528
468	1e-23	0.0011076999944634736
469	1e-23	0.001108399999793619
470	1e-23	0.001032100000884384
471	1e-23	0.0010769999935291708
472	1e-23	0.001013499975670129
473	1e-23	0.0010363999754190445
474	1e-23	0.0009613999864086509
475	1e-23	0.0011488000163808465
476	1e-23	0.001118500018492341
477	1e-23	0.001074699976015836
478	1e-23	0.001153399993199855
479	1e-23	0.0011648000217974186
480	1e-23	0.001208700006827712
481	1e-23	0.001192399999126792
482	1e-23	0.001236200041603297
483	1e-23	0.0012113999691791832
484	1e-23	0.0011255000135861337
485	1e-23	0.001145399990491569
486	1e-23	0.0011373000452294946
487	1e-23	0.0011747999815270305
488	1e-23	0.0011287000379525125
489	1e-23	0.0014560999698005617
490	1e-23	0.0012277999776415527
491	1e-23	0.0011458999942988157
492	1e-23	0.001198899990413338
493	1e-23	0.0011489000171422958
494	1e-23	0.0011949000181630254
495	1e-23	0.0011274000280536711
496	1e-23	0.001124400005210191
497	1e-23	0.0010924999951384962
498	1e-23	0.0011168000055477023
499	1e-23	0.0011299000470899045
500	1e-23	0.001132100005634129
501	1e-23	0.0011609999928623438
502	1e-23	0.0011444000410847366
503	1e-23	0.001170800009276718
504	1e-23	0.0010955000179819763
505	1e-23	0.0010513000306673348
506	1e-23	0.0011289000394754112
507	1e-23	0.0010717000113800168
508	1e-23	0.001039499999023974
509	1e-23	0.0010543999960646033
510	1e-23	0.0010847999947145581
511	1e-23	0.0010442000348120928
512	1e-23	0.0010433000279590487
513	1e-23	0.0010214000358246267
514	1e-23	0.0010732999653555453
515	1e-23	0.0013393000117503107
516	1e-23	0.0012593999854288995
517	1e-23	0.0016146000125445426
518	1e-23	0.0012179000186733902
519	1e-23	0.0012135999859310687
520	1e-23	0.001109000004362315
521	1e-23	0.0011892999755218625
522	1e-23	0.0011192000238224864
523	1e-23	0.0011079000541940331
524	1e-23	0.0011062999838031828
525	1e-23	0.0010581999667920172
526	1e-23	0.0010685999877750874
527	1e-23	0.0011683999910019338
528	1e-23	0.0012117000296711922
529	1e-23	0.0011929000029340386
530	1e-23	0.0010606999858282506
531	1e-23	0.001076199987437576
532	1e-23	0.0010617999942041934
533	1e-23	0.001039199996739626
534	1e-23	0.0010366999777033925
535	1e-23	0.0010442999773658812
536	1e-23	0.0009799999534152448
537	1e-23	0.0010368000366725028
538	1e-23	0.0010596999782137573
539	1e-23	0.001076499989721924
540	1e-23	0.000985999999102205
541	1e-23	0.0010186000145040452
542	1e-23	0.0011476000072434545
543	1e-23	0.0011131000355817378
544	1e-23	0.0010452999849803746
545	1e-23	0.0010389999952167273
546	1e-23	0.0010585999698378146
547	1e-23	0.0011842000531032681
548	1e-23	0.001117900013923645
549	1e-23	0.0010826000361703336
550	1e-23	0.0011124999728053808
551	1e-23	0.0010486000101082027
552	1e-23	0.00105640001129359
553	1e-23	0.0010433999705128372
554	1e-23	0.0010408000089228153
555	1e-23	0.001528399996459484
556	1e-23	0.001110200013499707
557	1e-23	0.0011107000173069537
558	1e-23	0.0010708999470807612
559	1e-23	0.001031799998600036
560	1e-23	0.0010089999996125698
561	1e-23	0.0010566000128164887
562	1e-23	0.001012300024740398
563	1e-23	0.0010088999988511205
564	1e-23	0.00107559998286888
565	1e-23	0.0010776999988593161
566	1e-23	0.0010553000029176474
567	1e-23	0.0010554000036790967
568	1e-23	0.0011127000325359404
569	1e-23	0.0013370999949984252
570	1e-23	0.0011261000181548297
571	1e-23	0.001075900043360889
572	1e-23	0.0013201999827288091
573	1e-23	0.0013502000365406275
574	1e-23	0.0010877999593503773
575	1e-23	0.0011193999671377242
576	1e-23	0.0011944999569095671
577	1e-23	0.001019100018311292
578	1e-23	0.0010990999871864915
579	1e-23	0.001110200013499707
580	1e-23	0.0010249000042676926
581	1e-23	0.0010366999777033925
582	1e-23	0.0010348999639973044
583	1e-23	0.0011612999951466918
584	1e-23	0.0011819999781437218
585	1e-23	0.0012392000062391162
586	1e-23	0.0011845999979414046
587	1e-23	0.001130300050135702
588	1e-23	0.0010711000068113208
589	1e-23	0.001106700045056641
590	1e-23	0.0010520999785512686
591	1e-23	0.0009976000292226672
592	1e-23	0.0009895000257529318
593	1e-23	0.001058699970599264
594	1e-23	0.0010465000523254275
595	1e-23	0.0010260000126436353
596	1e-23	0.000990999978967011
597	1e-23	0.0014473000192083418
598	1e-23	0.0010992999887093902
599	1e-23	0.0010142999817617238
600	1e-23	0.000986600003670901
601	1e-23	0.0010805000201798975
602	1e-23	0.0010500000207684934
603	1e-23	0.0010525999823585153
604	1e-23	0.0010326000046916306
605	1e-23	0.0012591999839060009
606	1e-23	0.0011203999747522175
607	1e-23	0.0010637000086717308
608	1e-23	0.001122299989219755
609	1e-23	0.001063200004864484
610	1e-23	0.0010046999668702483
611	1e-23	0.0015947999781928957
612	1e-23	0.0014248000225052238
613	1e-23	0.0011119000264443457
614	1e-23	0.0010338000138290226
615	1e-23	0.0011152999941259623
616	1e-23	0.0010694999946281314
617	1e-23	0.0010212999768555164
618	1e-23	0.001055200002156198
619	1e-23	0.0010562000097706914
620	1e-23	0.0009999999892897904
621	1e-23	0.001000199990812689
622	1e-23	0.0010142000392079353
623	1e-23	0.0010535000474192202
624	1e-23	0.0010338000138290226
625	1e-23	0.0011203999747522175
626	1e-23	0.0011688999948091805
627	1e-23	0.001159299979917705
628	1e-23	0.0011181000154465437
629	1e-23	0.0011147000477649271
630	1e-23	0.0010704000014811754
631	1e-23	0.0011503000278025866
632	1e-23	0.0010099999490194023
633	1e-23	0.0010667999740689993
634	1e-23	0.0012512999819591641
635	1e-23	0.0011626000050455332
636	1e-23	0.0010729000205174088
637	1e-23	0.0010450000409036875
638	1e-23	0.0011152999941259623
639	1e-23	0.001308899954892695
640	1e-23	0.000987800012808293
641	1e-23	0.0010529999854043126
642	1e-23	0.0010574999614618719
643	1e-23	0.0009373999782837927
644	1e-23	0.0009777999948710203
645	1e-23	0.0011739999754354358
646	1e-23	0.0010737000266090035
647	1e-23	0.0010093000018969178
648	1e-23	0.0010237999958917499
649	1e-23	0.001082400034647435
650	1e-23	0.0010229999898001552
651	1e-23	0.0010766999912448227
652	1e-23	0.001123199996072799
653	1e-23	0.0011687999940477312
654	1e-23	0.0011140999849885702
655	1e-23	0.0010965000255964696
656	1e-23	0.0011438000365160406
657	1e-23	0.0010961999651044607
658	1e-23	0.0010882000206038356
659	1e-23	0.0011067999876104295
660	1e-23	0.0010865000076591969
661	1e-23	0.001070600003004074
662	1e-23	0.0010464000515639782
663	1e-23	0.0010683999862521887
664	1e-23	0.0011146999895572662
665	1e-23	0.0012579000322148204
666	1e-23	0.0011417000205256045
667	1e-23	0.001458899991121143
668	1e-23	0.0010954999597743154
669	1e-23	0.0011202000314369798
670	1e-23	0.001054599997587502
671	1e-23	0.0011357000330463052
672	1e-23	0.0010384999914094806
673	1e-23	0.000994600006379187
674	1e-23	0.0010683999862521887
675	1e-23	0.0010685999877750874
676	1e-23	0.001059899979736656
677	1e-23	0.0010041000205092132
678	1e-23	0.0012873000232502818
679	1e-23	0.0011243000044487417
680	1e-23	0.0011881000245921314
681	1e-23	0.0011839000508189201
682	1e-23	0.0011814000317826867
683	1e-23	0.0010451999842189252
684	1e-23	0.0010040000197477639
685	1e-23	0.0010856000008061528
686	1e-23	0.0010711999493651092
687	1e-23	0.001049900020007044
688	1e-23	0.0010276000248268247
689	1e-23	0.0010349000222049654
690	1e-23	0.0010260000126436353
691	1e-23	0.0010685999877750874
692	1e-23	0.0010017000022344291
693	1e-23	0.001044000033289194
694	1e-23	0.0012385000009089708
695	1e-23	0.0012597999884746969
696	1e-23	0.0012026000185869634
697	1e-23	0.0011443000403232872
698	1e-23	0.0011141999857500196
699	1e-23	0.001021499978378415
700	1e-23	0.0010686999885365367
701	1e-23	0.0010020000045187771
702	1e-23	0.0009888000204227865
703	1e-23	0.0009815000230446458
704	1e-23	0.0010525999823585153
705	1e-23	0.0010197999654337764
706	1e-23	0.0010171000030823052
707	1e-23	0.0012924999464303255
708	1e-23	0.0013802999746985734
709	1e-23	0.001514500007033348
710	1e-23	0.0011823999811895192
711	1e-23	0.00116020004497841
712	1e-23	0.0011097000096924603
713	1e-23	0.0010893000289797783
714	1e-23	0.0011624000035226345
715	1e-23	0.0011496000224724412
716	1e-23	0.001096600026357919
717	1e-23	0.0009964000200852752
718	1e-23	0.0011002999963238835
719	1e-23	0.001046899997163564
720	1e-23	0.000972400011960417
721	1e-23	0.0014577999827452004
722	1e-23	0.0012234000023454428
723	1e-23	0.001131800003349781
724	1e-23	0.0010994000476785004
725	1e-23	0.0011451999889686704
726	1e-23	0.0010704000014811754
727	1e-23	0.0010094000026583672
728	1e-23	0.0011271999683231115
729	1e-23	0.0011882999679073691
730	1e-23	0.0011051000328734517
731	1e-23	0.0010804000194184482
732	1e-23	0.001115499995648861
733	1e-23	0.0011006999993696809
734	1e-23	0.0015444000018760562
735	1e-23	0.0013279999839141965
736	1e-23	0.0010923000518232584
737	1e-23	0.0014410000294446945
738	1e-23	0.0019013999844901264
739	1e-23	0.0012243000091984868
740	1e-23	0.001241500023752451
741	1e-23	0.0013678999966941774
742	1e-23	0.0011654000263661146
743	1e-23	0.0013978999922983348
744	1e-23	0.0013727000332437456
745	1e-23	0.0016621000249870121
746	1e-23	0.0038645000313408673
747	1e-23	0.0013854000135324895
748	1e-23	0.001268099993467331
749	1e-23	0.0012267999700270593
750	1e-23	0.0012237999471835792
751	1e-23	0.001242400030605495
752	1e-23	0.00120749999769032
753	1e-23	0.0011483999551273882
754	1e-23	0.0011421999661251903
755	1e-23	0.0015172999701462686
756	1e-23	0.0012292999890632927
757	1e-23	0.0018692000303417444
758	1e-23	0.001228499982971698
759	1e-23	0.0011200999724678695
760	1e-23	0.0010576999629847705
761	1e-23	0.001109300006646663
762	1e-23	0.0010639999527484179
763	1e-23	0.0010276000248268247
764	1e-23	0.0010424000211060047
765	1e-23	0.0014269999810494483
766	1e-23	0.0011703000054694712
767	1e-23	0.0013386000064201653
768	1e-23	0.001292400003876537
769	1e-23	0.0011068999883718789
770	1e-23	0.001256000017747283
771	1e-23	0.0012903999886475503
772	1e-23	0.0011253999546170235
773	1e-23	0.0011419999646022916
774	1e-23	0.0013949000276625156
775	1e-23	0.0013285999884828925
776	1e-23	0.0012248000130057335
777	1e-23	0.0011879000230692327
778	1e-23	0.0011492000194266438
779	1e-23	0.0013940000208094716
780	1e-23	0.001741299987770617
781	1e-23	0.0015020000282675028
782	1e-23	0.0013861999614164233
783	1e-23	0.0014789000269956887
784	1e-23	0.001595500041730702
785	1e-23	0.0011901999823749065
786	1e-23	0.0011291999835520983
787	1e-23	0.0010937000042758882
788	1e-23	0.0017562999855726957
789	1e-23	0.002369399997405708
790	1e-23	0.0012945000198669732
791	1e-23	0.0011977999820373952
792	1e-23	0.0011735999723896384
793	1e-23	0.0011580000282265246
794	1e-23	0.0011525999871082604
795	1e-23	0.001190899987705052
796	1e-23	0.001209300011396408
797	1e-23	0.0011210000375285745
798	1e-23	0.001103999966289848
799	1e-23	0.0012331000179983675
800	1e-23	0.0011496000224724412
801	1e-23	0.001118200016207993
802	1e-23	0.0012892999802716076
803	1e-23	0.0011990999919362366
804	1e-23	0.0012288999860174954
805	1e-23	0.0012476000119931996
806	1e-23	0.0011582000297494233
807	1e-23	0.001144199981354177
808	1e-23	0.0010996999917551875
809	1e-23	0.0011656000278890133
810	1e-23	0.001145699992775917
811	1e-23	0.0011409000144340098
812	1e-23	0.0011488000163808465
813	1e-23	0.0011613999959081411
814	1e-23	0.001125900016631931
815	1e-23	0.0011626000050455332
816	1e-23	0.0011928000021725893
817	1e-23	0.0011831999872811139
818	1e-23	0.0011905999854207039
819	1e-23	0.0011453000479377806
820	1e-23	0.0011047999723814428
821	1e-23	0.0010794999543577433
822	1e-23	0.0010169000015594065
823	1e-23	0.0011152999941259623
824	1e-23	0.001069999998435378
825	1e-23	0.0009876000112853944
826	1e-23	0.0010917000472545624
827	1e-23	0.0012131999828852713
828	1e-23	0.0011890999739989638
829	1e-23	0.001192099996842444
830	1e-23	0.0011060999822802842
831	1e-23	0.0012420000275596976
832	1e-23	0.0010729000205174088
833	1e-23	0.001081199967302382
834	1e-23	0.001178199949208647
835	1e-23	0.0011612999951466918
836	1e-23	0.001140100008342415
837	1e-23	0.0011583000305108726
838	1e-23	0.0010311999940313399
839	1e-23	0.0010577999637462199
840	1e-23	0.001119400025345385
841	1e-23	0.001133300014771521
842	1e-23	0.001213699986692518
843	1e-23	0.0011707000085152686
844	1e-23	0.0011762999929487705
845	1e-23	0.0012517999857664108
846	1e-23	0.0011686999932862818
847	1e-23	0.001104600029066205
848	1e-23	0.0011443000403232872
849	1e-23	0.0011350000277161598
850	1e-23	0.001125600014347583
851	1e-23	0.0011555000091902912
852	1e-23	0.00119420001283288
853	1e-23	0.0011004999978467822
854	1e-23	0.0011094000074081123
855	1e-23	0.0013942000223323703
856	1e-23	0.0012433999800123274
857	1e-23	0.0011769999982789159
858	1e-23	0.001186500012408942
859	1e-23	0.0011286999797448516
860	1e-23	0.0010574000189080834
861	1e-23	0.0011655999696813524
862	1e-23	0.0011350000277161598
863	1e-23	0.0010611999896354973
864	1e-23	0.0013133999891579151
865	1e-23	0.0012289999867789447
866	1e-23	0.0012178000179119408
867	1e-23	0.0011089000036008656
868	1e-23	0.0012242000084370375
869	1e-23	0.0011125000310130417
870	1e-23	0.0010644000140018761
871	1e-23	0.0010050000273622572
872	1e-23	0.0010658000246621668
873	1e-23	0.0010037999600172043
874	1e-23	0.0010005999938584864
875	1e-23	0.0010850999969989061
876	1e-23	0.001095099956728518
877	1e-23	0.001033000007737428
878	1e-23	0.001063200004864484
879	1e-23	0.0010267000179737806
880	1e-23	0.0010914000449702144
881	1e-23	0.0010553000029176474
882	1e-23	0.0013698000111617148
883	1e-23	0.0011647000210359693
884	1e-23	0.0026916000060737133
885	1e-23	0.0014374000020325184
886	1e-23	0.0013444999931380153
887	1e-23	0.001374299987219274
888	1e-23	0.0011415000190027058
889	1e-23	0.001241799967829138
890	1e-23	0.00118090002797544
891	1e-23	0.0010797000140883029
892	1e-23	0.0011280000326223671
893	1e-23	0.0014397999620996416
894	1e-23	0.0012838999973610044
895	1e-23	0.0011804000241681933
896	1e-23	0.0011480000102892518
897	1e-23	0.0010602000402286649
898	1e-23	0.0011369999847374856
899	1e-23	0.001102799957152456
900	1e-23	0.001163099950645119
901	1e-23	0.0011037999647669494
902	1e-23	0.0012880000285804272
903	1e-23	0.0012400000123307109
904	1e-23	0.001339100010227412
905	1e-23	0.0013422999763861299
906	1e-23	0.0011350000277161598
907	1e-23	0.001254800008609891
908	1e-23	0.0011375999893061817
909	1e-23	0.0012502000317908823
910	1e-23	0.0012503000325523317
911	1e-23	0.0012175000156275928
912	1e-23	0.0011757999891415238
913	1e-23	0.0011783000081777573
914	1e-23	0.00119270000141114
915	1e-23	0.0012134999851696193
916	1e-23	0.0011709000100381672
917	1e-23	0.001438200008124113
918	1e-23	0.00119420001283288
919	1e-23	0.0011292999843135476
920	1e-23	0.0010358999716117978
921	1e-23	0.0010500000207684934
922	1e-23	0.0011630000080913305
923	1e-23	0.0012444000458344817
924	1e-23	0.0010020000045187771
925	1e-23	0.0010942000080831349
926	1e-23	0.0013257000246085227
927	1e-23	0.0015497999847866595
928	1e-23	0.0019199999514967203
929	1e-23	0.0016628000303171575
930	1e-23	0.001297099981456995
931	1e-23	0.0011847999994643033
932	1e-23	0.0012102000182494521
933	1e-23	0.001221099984832108
934	1e-23	0.0012668999843299389
935	1e-23	0.0012147999950684607
936	1e-23	0.001146599999628961
937	1e-23	0.0011564999585971236
938	1e-23	0.0013046000385656953
939	1e-23	0.0011105999583378434
940	1e-23	0.0010383999906480312
941	1e-23	0.0011051999754272401
942	1e-23	0.0011371999862603843
943	1e-23	0.0011618999997153878
944	1e-23	0.001071999955456704
945	1e-23	0.0011336999596096575
946	1e-23	0.001095099956728518
947	1e-23	0.0011178000131621957
948	1e-23	0.0012282999814487994
949	1e-23	0.001101900008507073
950	1e-23	0.0011134999804198742
951	1e-23	0.0011600999860092998
952	1e-23	0.00120310002239421
953	1e-23	0.0011131999781355262
954	1e-23	0.0011932000052183867
955	1e-23	0.0013129999861121178
956	1e-23	0.0012316000065766275
957	1e-23	0.0012346000294201076
958	1e-23	0.0011591999791562557
959	1e-23	0.0011798000195994973
960	1e-23	0.0010772999958135188
961	1e-23	0.0011242000036872923
962	1e-23	0.0011210999800823629
963	1e-23	0.0011341000208631158
964	1e-23	0.0010935000027529895
965	1e-23	0.001137099985498935
966	1e-23	0.0011235999991185963
967	1e-23	0.001422800007276237
968	1e-23	0.00192320003407076
969	1e-23	0.001525100029539317
970	1e-23	0.0015075999544933438
971	1e-23	0.001173200027551502
972	1e-23	0.0015412999782711267
973	1e-23	0.0011068999883718789
974	1e-23	0.0011175000108778477
975	1e-23	0.0011499000247567892
976	1e-23	0.001269900007173419
977	1e-23	0.0011451999889686704
978	1e-23	0.0016403999761678278
979	1e-23	0.0012238000053912401
980	1e-23	0.0011934000067412853
981	1e-23	0.0016596999485045671
982	1e-23	0.0013155000051483512
983	1e-23	0.0012872000224888325
984	1e-23	0.001088900025933981
985	1e-23	0.0011257999576628208
986	1e-23	0.00114390003727749
987	1e-23	0.0011477000080049038
988	1e-23	0.0012269000289961696
989	1e-23	0.0013787000207230449
990	1e-23	0.0012629000120796263
991	1e-23	0.0012450999929569662
992	1e-23	0.0011595000396482646
993	1e-23	0.0012528000515885651
994	1e-23	0.00121779995970428
995	1e-23	0.0012727000284940004
996	1e-23	0.0012972999829798937
997	1e-23	0.0012196999741718173
998	1e-23	0.001318100024946034
999	1e-23	0.0012250000145286322
1000	1e-23	0.0013488999684341252
1001	1e-23	0.001248300017323345
1002	1e-23	0.0015275999903678894
1003	1e-23	0.0012083000037819147
1004	1e-23	0.001537499949336052
1005	1e-23	0.001269300002604723
1006	1e-23	0.0013039999757893384
1007	1e-23	0.0009676999761722982
1008	1e-23	0.001325200020801276
1009	1e-23	0.0009701999952085316
1010	1e-23	0.001423400011844933
1011	1e-23	0.0010602999827824533
1012	1e-23	0.0010279000271111727
1013	1e-23	0.0011300000478513539
1014	1e-23	0.0017894000047817826
1015	1e-23	0.0012633000151254237
1016	1e-23	0.0013614999479614198
1017	1e-23	0.0011065999860875309
1018	1e-23	0.0011337999603711069
1019	1e-23	0.0011863999534398317
1020	1e-23	0.0011888999724760652
1021	1e-23	0.001208700006827712
1022	1e-23	0.0011878000223077834
1023	1e-23	0.0011603999882936478
1024	1e-23	0.0011539999977685511
1025	1e-23	0.0014540000120177865
1026	1e-23	0.0013241999549791217
1027	1e-23	0.0011878999648615718
1028	1e-23	0.0011613999959081411
1029	1e-23	0.0011106999590992928
1030	1e-23	0.0011702000047080219
1031	1e-23	0.0011103999568149447
1032	1e-23	0.0010585000272840261
1033	1e-23	0.0012089000083506107
1034	1e-23	0.0011357999756000936
1035	1e-23	0.0011827999842353165
1036	1e-23	0.0012363999849185348
1037	1e-23	0.0011940000113099813
1038	1e-23	0.0010711000068113208
1039	1e-23	0.0013862000196240842
1040	1e-23	0.0011272999690845609
1041	1e-23	0.0010374999837949872
1042	1e-23	0.0010701999999582767
1043	1e-23	0.0011569000198505819
1044	1e-23	0.0011580000282265246
1045	1e-23	0.001101899950299412
1046	1e-23	0.001114599988795817
1047	1e-23	0.0011702000047080219
1048	1e-23	0.0010811000247485936
1049	1e-23	0.0012017000117339194
1050	1e-23	0.001156599959358573
1051	1e-23	0.0011418000212870538
1052	1e-23	0.0012956999707967043
1053	1e-23	0.001185000000987202
1054	1e-23	0.0011741999769583344
1055	1e-23	0.001159300038125366
1056	1e-23	0.001125300012063235
1057	1e-23	0.0011601000442169607
1058	1e-23	0.0012103000190109015
1059	1e-23	0.0011813999735750258
1060	1e-23	0.0011652999673970044
1061	1e-23	0.0011292000417597592
1062	1e-23	0.001073499966878444
1063	1e-23	0.0010712000075727701
1064	1e-23	0.0011023000115528703
1065	1e-23	0.001539900025818497
1066	1e-23	0.0013114999746903777
1067	1e-23	0.00147280003875494
1068	1e-23	0.0011904999846592546
1069	1e-23	0.001141499960795045
1070	1e-23	0.0010389999952167273
1071	1e-23	0.0012448999914340675
1072	1e-23	0.0011045999708585441
1073	1e-23	0.0010921000503003597
1074	1e-23	0.0012903999886475503
1075	1e-23	0.0011285000364296138
1076	1e-23	0.001073499966878444
1077	1e-23	0.0010237999958917499
1078	1e-23	0.0017290000105276704
1079	1e-23	0.0012199999764561653
1080	1e-23	0.0011240000021643937
1081	1e-23	0.001068799989297986
1082	1e-23	0.0010491000139154494
1083	1e-23	0.000993399997241795
1084	1e-23	0.0010750999790616333
1085	1e-23	0.001110800018068403
1086	1e-23	0.0010322000016458333
1087	1e-23	0.0010692999931052327
1088	1e-23	0.0011573999654501677
1089	1e-23	0.001083899987861514
1090	1e-23	0.001115799997933209
1091	1e-23	0.0010640000109560788
1092	1e-23	0.0013203999842517078
1093	1e-23	0.0011989999911747873
1094	1e-23	0.0010776999988593161
1095	1e-23	0.0010975999757647514
1096	1e-23	0.0010806000209413469
1097	1e-23	0.0010363999754190445
1098	1e-23	0.0010428999667055905
1099	1e-23	0.0012060999870300293
1100	1e-23	0.0012276999768801033
1101	1e-23	0.001134999969508499
1102	1e-23	0.0011059999815188348
1103	1e-23	0.001119100023061037
1104	1e-23	0.0011029000161215663
1105	1e-23	0.0011912999907508492
1106	1e-23	0.0012082000030204654
1107	1e-23	0.0011360000353306532
1108	1e-23	0.0011316000018268824
1109	1e-23	0.001142399967648089
1110	1e-23	0.0011756999883800745
1111	1e-23	0.001213400042615831
1112	1e-23	0.0011190000222995877
1113	1e-23	0.0011756999883800745
1114	1e-23	0.001097500033210963
1115	1e-23	0.0011410000151954591
1116	1e-23	0.0011121000279672444
1117	1e-23	0.0011754999868571758
1118	1e-23	0.0011041999678127468
1119	1e-23	0.0016041999915614724
1120	1e-23	0.0013516999897547066
1121	1e-23	0.0012430999777279794
1122	1e-23	0.001153099990915507
1123	1e-23	0.001178199949208647
1124	1e-23	0.0010993999894708395
1125	1e-23	0.0010566000128164887
1126	1e-23	0.0010291999788023531
1127	1e-23	0.001409500022418797
1128	1e-23	0.0012550000101327896
1129	1e-23	0.0014503999846056104
1130	1e-23	0.0012129000388085842
1131	1e-23	0.001137999992351979
1132	1e-23	0.0012113000266253948
1133	1e-23	0.0011430000304244459
1134	1e-23	0.0013626000145450234
1135	1e-23	0.0014774000155739486
1136	1e-23	0.0015269999857991934
1137	1e-23	0.0012073999969288707
1138	1e-23	0.0011134999804198742
1139	1e-23	0.0010582999675534666
1140	1e-23	0.001550000044517219
1141	1e-23	0.0015311999595724046
1142	1e-23	0.0015442000003531575
1143	1e-23	0.0012024000170640647
1144	1e-23	0.0012305999989621341
1145	1e-23	0.001247100008185953
1146	1e-23	0.0010738000273704529
1147	1e-23	0.0011322000063955784
1148	1e-23	0.0010974000324495137
1149	1e-23	0.0012137999874539673
1150	1e-23	0.001199499994982034
1151	1e-23	0.0011484000133350492
1152	1e-23	0.0012458999990485609
1153	1e-23	0.0012101000174880028
1154	1e-23	0.0016110999858938158
1155	1e-23	0.0016011000261642039
1156	1e-23	0.0013037000317126513
1157	1e-23	0.0012119000311940908
1158	1e-23	0.0013304000021889806
1159	1e-23	0.0011807999690063298
1160	1e-23	0.0010928999981842935
1161	1e-23	0.0013980999938212335
1162	1e-23	0.0011796000180765986
1163	1e-23	0.0011588999768719077
1164	1e-23	0.0010754000395536423
1165	1e-23	0.0012487000203691423
1166	1e-23	0.001146299997344613
1167	1e-23	0.0012465000036172569
1168	1e-23	0.0012214999878779054
1169	1e-23	0.0012173000141046941
1170	1e-23	0.0012461000005714595
1171	1e-23	0.0012378999963402748
1172	1e-23	0.0011957999668084085
1173	1e-23	0.0011432000319473445
1174	1e-23	0.001127899973653257
1175	1e-23	0.0012469000066630542
1176	1e-23	0.0013061999925412238
1177	1e-23	0.0012441999861039221
1178	1e-23	0.001227299973834306
1179	1e-23	0.0014739999896846712
1180	1e-23	0.0014297000016085804
1181	1e-23	0.0017746000085026026
1182	1e-23	0.0012317000073380768
1183	1e-23	0.0011753999860957265
1184	1e-23	0.0015586999943479896
1185	1e-23	0.00113060005242005
1186	1e-23	0.001101899950299412
1187	1e-23	0.0011534999939613044
1188	1e-23	0.0011624000035226345
1189	1e-23	0.001103099959436804
1190	1e-23	0.0010843999916687608
1191	1e-23	0.0014622000162489712
1192	1e-23	0.0012431000359356403
1193	1e-23	0.0011142999865114689
1194	1e-23	0.0012270999723114073
1195	1e-23	0.0012048999778926373
1196	1e-23	0.0011582000297494233
1197	1e-23	0.0012221999932080507
1198	1e-23	0.0011488000163808465
1199	1e-23	0.0011075999937020242
1200	1e-23	0.0010875999578274786
1201	1e-23	0.0014738000463694334
1202	1e-23	0.001244200044311583
1203	1e-23	0.0014131999923847616
1204	1e-23	0.001431700016837567
1205	1e-23	0.0011362999794073403
1206	1e-23	0.0012374999932944775
1207	1e-23	0.0015445000026375055
1208	1e-23	0.0011365999816916883
1209	1e-23	0.0010922999936155975
1210	1e-23	0.0014980999985709786
1211	1e-23	0.0012275000335648656
1212	1e-23	0.0014213999966159463
1213	1e-23	0.0012401000130921602
1214	1e-23	0.0012522999895736575
1215	1e-23	0.0013679999974556267
1216	1e-23	0.0012061999877914786
1217	1e-23	0.0012033999664708972
1218	1e-23	0.0011202000314369798
1219	1e-23	0.0010655000223778188
1220	1e-23	0.0012122000334784389
1221	1e-23	0.0013158999499864876
1222	1e-23	0.0011038999655283988
1223	1e-23	0.0011050999746657908
1224	1e-23	0.0014140999992378056
1225	1e-23	0.0014259000308811665
1226	1e-23	0.0013599000521935523
1227	1e-23	0.0016645999858155847
1228	1e-23	0.001319000031799078
1229	1e-23	0.0012721000239253044
1230	1e-23	0.0012803999707102776
1231	1e-23	0.0012026000185869634
1232	1e-23	0.001276099996175617
1233	1e-23	0.001482799998484552
1234	1e-23	0.0014167000190354884
1235	1e-23	0.001244500046595931
1236	1e-23	0.0012175000156275928
1237	1e-23	0.0012713000178337097
1238	1e-23	0.0012786000152118504
1239	1e-23	0.0014244000194594264
1240	1e-23	0.0012503999751061201
1241	1e-23	0.0012476000119931996
1242	1e-23	0.0012045000330545008
1243	1e-23	0.0012103000190109015
1244	1e-23	0.0011198999709449708
1245	1e-23	0.0013747999910265207
1246	1e-23	0.001188600028399378
1247	1e-23	0.0011596999829635024
1248	1e-23	0.0011957999668084085
1249	1e-23	0.0012346000294201076
1250	1e-23	0.0012439999845810235
1251	1e-23	0.0012969000381417572
1252	1e-23	0.0013327000197023153
1253	1e-23	0.001290299987886101
1254	1e-23	0.0012462000013329089
1255	1e-23	0.001215800002682954
1256	1e-23	0.0012329000164754689
1257	1e-23	0.001256900024600327
1258	1e-23	0.0012055000406689942
1259	1e-23	0.0010946000111289322
1260	1e-23	0.0012211999855935574
1261	1e-23	0.001125300012063235
1262	1e-23	0.0012395000085234642
1263	1e-23	0.0013772000093013048
1264	1e-23	0.001449099974706769
1265	1e-23	0.0013147999998182058
1266	1e-23	0.001284700003452599
1267	1e-23	0.001146900001913309
1268	1e-23	0.0011620000004768372
1269	1e-23	0.001226099964696914
1270	1e-23	0.0012244000099599361
1271	1e-23	0.0012468000059016049
1272	1e-23	0.0012561000185087323
1273	1e-23	0.0012520999880507588
1274	1e-23	0.0013527999981306493
1275	1e-23	0.0014454000047408044
1276	1e-23	0.0011838999926112592
1277	1e-23	0.001275199989322573
1278	1e-23	0.0013260000268928707
1279	1e-23	0.0012997000012546778
1280	1e-23	0.001228500041179359
1281	1e-23	0.0011551000061444938
1282	1e-23	0.001239699951838702
1283	1e-23	0.0011833000462502241
1284	1e-23	0.0011245000059716403
1285	1e-23	0.0011703000054694712
1286	1e-23	0.001334100030362606
1287	1e-23	0.0012639000196941197
1288	1e-23	0.0012375999940559268
1289	1e-23	0.0009447000338695943
1290	1e-23	0.0009560000034980476
1291	1e-23	0.001095400017220527
1292	1e-23	0.001027699967380613
1293	1e-23	0.00120310002239421
1294	1e-23	0.0012348000309430063
1295	1e-23	0.001152499986346811
1296	1e-23	0.0010967000271193683
1297	1e-23	0.001074699976015836
1298	1e-23	0.0011085000005550683
1299	1e-23	0.0010927999974228442
1300	1e-23	0.0014028999721631408
1301	1e-23	0.0015034000389277935
1302	1e-23	0.0010849999962374568
1303	1e-23	0.0010237999958917499
1304	1e-23	0.0013401000178419054
1305	1e-23	0.0011332000140100718
1306	1e-23	0.0008803000091575086
1307	1e-23	0.0008563000010326505
1308	1e-23	0.0010521000367589295
1309	1e-23	0.0015155000146478415
1310	1e-23	0.0017574999947100878
1311	1e-23	0.001194800017401576
1312	1e-23	0.0014049999881535769
1313	1e-23	0.0016345999902114272
1314	1e-23	0.0010383999906480312
1315	1e-23	0.0010204999707639217
1316	1e-23	0.0009717000066302717
1317	1e-23	0.0009692999883554876
1318	1e-23	0.0012484000180847943
1319	1e-23	0.0012762999976985157
1320	1e-23	0.0019342999439686537
1321	1e-23	0.0012026000185869634
1322	1e-23	0.0010381999891251326
1323	1e-23	0.0010015000007115304
1324	1e-23	0.0014874000335112214
1325	1e-23	0.0011479000095278025
1326	1e-23	0.0011834999895654619
1327	1e-23	0.0010507999686524272
1328	1e-23	0.0011697000009007752
1329	1e-23	0.0011217999854125082
1330	1e-23	0.00108299998100847
1331	1e-23	0.0012031999649479985
1332	1e-23	0.001129999989643693
1333	1e-23	0.0011271000257693231
1334	1e-23	0.0011189000215381384
1335	1e-23	0.001414199999999255
1336	1e-23	0.0011399000068195164
1337	1e-23	0.0012168000102974474
1338	1e-23	0.001184399996418506
1339	1e-23	0.0012132000410929322
1340	1e-23	0.0010943000088445842
1341	1e-23	0.0012333999620750546
1342	1e-23	0.0012092999531887472
1343	1e-23	0.0011826000409200788
1344	1e-23	0.0011953000212088227
1345	1e-23	0.001212199975270778
1346	1e-23	0.0012479000142775476
1347	1e-23	0.0011602999875321984
1348	1e-23	0.0012530999956652522
1349	1e-23	0.0012479000142775476
1350	1e-23	0.001121399982366711
1351	1e-23	0.0011710000107996166
1352	1e-23	0.0012967000366188586
1353	1e-23	0.0012872000224888325
1354	1e-23	0.0011525999871082604
1355	1e-23	0.0011292999843135476
1356	1e-23	0.001112300029490143
1357	1e-23	0.0011236999998800457
1358	1e-23	0.0013436999870464206
1359	1e-23	0.001222899998538196
1360	1e-23	0.0011076999944634736
1361	1e-23	0.0011821999796666205
1362	1e-23	0.0014678000006824732
1363	1e-23	0.001204799977131188
1364	1e-23	0.0012103000190109015
1365	1e-23	0.001062900002580136
1366	1e-23	0.001103100017644465
1367	1e-23	0.0014596999972127378
1368	1e-23	0.001338800007943064
1369	1e-23	0.0013272000360302627
1370	1e-23	0.0012697000056505203
1371	1e-23	0.0016864000353962183
1372	1e-23	0.0013018000172451138
1373	1e-23	0.002343700034543872
1374	1e-23	0.001280799973756075
1375	1e-23	0.0012458999990485609
1376	1e-23	0.0011949999607168138
1377	1e-23	0.0011426000273786485
1378	1e-23	0.0011545999441295862
1379	1e-23	0.00119420001283288
1380	1e-23	0.00116460002027452
1381	1e-23	0.0010908000404015183
1382	1e-23	0.0011722000199370086
1383	1e-23	0.0012204000377096236
1384	1e-23	0.0011437999783083797
1385	1e-23	0.0013732000370509923
1386	1e-23	0.001150399970356375
1387	1e-23	0.0011554000084288418
1388	1e-23	0.0011183000169694424
1389	1e-23	0.0010617999942041934
1390	1e-23	0.0012651999713853002
1391	1e-23	0.001096300024073571
1392	1e-23	0.0010789000079967082
1393	1e-23	0.0017899000085890293
1394	1e-23	0.0012732999748550355
1395	1e-23	0.0011612999951466918
1396	1e-23	0.0012253000168129802
1397	1e-23	0.0015201999922282994
1398	1e-23	0.0012376999948173761
1399	1e-23	0.0014795999741181731
1400	1e-23	0.0012073999969288707
1401	1e-23	0.001101300003938377
1402	1e-23	0.0011042000260204077
1403	1e-23	0.0011664999765343964
1404	1e-23	0.0010840999893844128
1405	1e-23	0.0011375999893061817
1406	1e-23	0.0011560000129975379
1407	1e-23	0.0012382999993860722
1408	1e-23	0.0011556000099517405
1409	1e-23	0.0010682999854907393
1410	1e-23	0.001512099988758564
1411	1e-23	0.0012945999624207616
1412	1e-23	0.0012532999971881509
1413	1e-23	0.0013077000039629638
1414	1e-23	0.0011901999823749065
1415	1e-23	0.0011172000085934997
1416	1e-23	0.0013087000115774572
1417	1e-23	0.0013963999808765948
1418	1e-23	0.0017358000040985644
1419	1e-23	0.00150680000660941
1420	1e-23	0.0013244999572634697
1421	1e-23	0.001242699974682182
1422	1e-23	0.0011573999654501677
1423	1e-23	0.0012620000052265823
1424	1e-23	0.0011349000269547105
1425	1e-23	0.0014591999934054911
1426	1e-23	0.001441699976567179
1427	1e-23	0.001021200034301728
1428	1e-23	0.0012076999992132187
1429	1e-23	0.0011571000213734806
1430	1e-23	0.001187700021546334
1431	1e-23	0.001199799997266382
1432	1e-23	0.0012722000246867537
1433	1e-23	0.0012434999807737768
1434	1e-23	0.0011932000052183867
1435	1e-23	0.0012280000373721123
1436	1e-23	0.001242399972397834
1437	1e-23	0.00124739995226264
1438	1e-23	0.0014734999858774245
1439	1e-23	0.0011569999624043703
1440	1e-23	0.0011255000135861337
1441	1e-23	0.0011441000388003886
1442	1e-23	0.0011832999880425632
1443	1e-23	0.0013878000318072736
1444	1e-23	0.0015762000111863017
1445	1e-23	0.0011978999827988446
1446	1e-23	0.001196000026538968
1447	1e-23	0.0010996999917551875
1448	1e-23	0.0011830999865196645
1449	1e-23	0.0011634000111371279
1450	1e-23	0.0011435000342316926
1451	1e-23	0.0009744000271894038
1452	1e-23	0.0012188000255264342
1453	1e-23	0.0010661000269465148
1454	1e-23	0.001302099961321801
1455	1e-23	0.001094500010367483
1456	1e-23	0.0010445000370964408
1457	1e-23	0.0012283999822102487
1458	1e-23	0.0014545999583788216
1459	1e-23	0.0011944999569095671
1460	1e-23	0.0013083000085316598
1461	1e-23	0.0011629000073298812
1462	1e-23	0.001120300032198429
1463	1e-23	0.0010116000194102526
1464	1e-23	0.0009051000233739614
1465	1e-23	0.0011678999871946871
1466	1e-23	0.0010896999738179147
1467	1e-23	0.001199199992697686
1468	1e-23	0.0013429999817162752
1469	1e-23	0.0011207999777980149
1470	1e-23	0.001082699978724122
1471	1e-23	0.0013469000114127994
1472	1e-23	0.0013021000195294619
1473	1e-23	0.001074700034223497
1474	1e-23	0.001207799999974668
1475	1e-23	0.0013702000142075121
1476	1e-23	0.0013282999861985445
1477	1e-23	0.0012034999672323465
1478	1e-23	0.0012023999588564038
1479	1e-23	0.0011795000173151493
1480	1e-23	0.001145999995060265
1481	1e-23	0.0011653000256046653
1482	1e-23	0.0011446999851614237
1483	1e-23	0.0013137999922037125
1484	1e-23	0.0012086000060662627
1485	1e-23	0.0011953000212088227
1486	1e-23	0.0012357999803498387
1487	1e-23	0.0011630000080913305
1488	1e-23	0.0011471000034362078
1489	1e-23	0.001169400056824088
1490	1e-23	0.0009419000125490129
1491	1e-23	0.0010721000144258142
1492	1e-23	0.0011770999990403652
1493	1e-23	0.0013349000364542007
1494	1e-23	0.0012774000060744584
1495	1e-23	0.0011029000161215663
1496	1e-23	0.0015459999558515847
1497	1e-23	0.00136599998222664
1498	1e-23	0.0012350999750196934
1499	1e-23	0.001218099961988628
1500	1e-23	0.0013538999482989311
1501	1e-23	0.0020285999635234475
1502	1e-23	0.0017866999842226505
1503	1e-23	0.0014478000230155885
1504	1e-23	0.0011437000357545912
1505	1e-23	0.0011970999767072499
1506	1e-23	0.0012248000130057335
1507	1e-23	0.0013077000039629638
1508	1e-23	0.001228799985256046
1509	1e-23	0.0011701000039465725
1510	1e-23	0.001596999994944781
1511	1e-23	0.0012519999872893095
1512	1e-23	0.0010782000026665628
1513	1e-23	0.001074100029654801
1514	1e-23	0.0010838000453077257
1515	1e-23	0.0010958000202663243
1516	1e-23	0.0011935000075027347
1517	1e-23	0.00132610002765432
1518	1e-23	0.0014476000214926898
1519	1e-23	0.0011230999953113496
1520	1e-23	0.0016268999897874892
1521	1e-23	0.001076499989721924
1522	1e-23	0.0011887000291608274
1523	1e-23	0.001157500024419278
1524	1e-23	0.0012256000190973282
1525	1e-23	0.0011584999738261104
1526	1e-23	0.0011471000034362078
1527	1e-23	0.0011775000020861626
1528	1e-23	0.001070600003004074
1529	1e-23	0.0011073999921791255
1530	1e-23	0.0012315000058151782
1531	1e-23	0.0013518999912776053
1532	1e-23	0.0011768999975174665
1533	1e-23	0.0012341999681666493
1534	1e-23	0.0011878000223077834
1535	1e-23	0.001208400004543364
1536	1e-23	0.0011556000099517405
1537	1e-23	0.0011692999978549778
1538	1e-23	0.0011105999583378434
1539	1e-23	0.0013966999831609428
1540	1e-23	0.0011131000355817378
1541	1e-23	0.0011273000272922218
1542	1e-23	0.0011223999899812043
1543	1e-23	0.0012880000285804272
1544	1e-23	0.0018682999652810395
1545	1e-23	0.0012130000395700336
1546	1e-23	0.0010553000029176474
1547	1e-23	0.0010741999722085893
1548	1e-23	0.0010535999899730086
1549	1e-23	0.0011025999556295574
1550	1e-23	0.0012826999882236123
1551	1e-23	0.0012600999907590449
1552	1e-23	0.0012900999863632023
1553	1e-23	0.0011628000065684319
1554	1e-23	0.0011489999596960843
1555	1e-23	0.001131500001065433
1556	1e-23	0.0014742999919690192
1557	1e-23	0.001083899987861514
1558	1e-23	0.0010269000194966793
1559	1e-23	0.0009957000147551298
1560	1e-23	0.001004299963824451
1561	1e-23	0.0010831000399775803
1562	1e-23	0.0010875000152736902
1563	1e-23	0.001151000033132732
1564	1e-23	0.0012814999790862203
1565	1e-23	0.0012082000030204654
1566	1e-23	0.0011195999686606228
1567	1e-23	0.001173800032120198
1568	1e-23	0.0011201999732293189
1569	1e-23	0.0011688999948091805
1570	1e-23	0.0011561000137589872
1571	1e-23	0.0011468000011518598
1572	1e-23	0.0011153999948874116
1573	1e-23	0.0010673999786376953
1574	1e-23	0.000998099974822253
1575	1e-23	0.0011545000015757978
1576	1e-23	0.0011490000179037452
1577	1e-23	0.0011152999941259623
1578	1e-23	0.0010478999465703964
1579	1e-23	0.0011697000009007752
1580	1e-23	0.001088900025933981
1581	1e-23	0.001070300000719726
1582	1e-23	0.0013077999465167522
1583	1e-23	0.001228200038895011
1584	1e-23	0.0011685999925248325
1585	1e-23	0.0010811000247485936
1586	1e-23	0.0011639000149443746
1587	1e-23	0.0011359999771229923
1588	1e-23	0.0011360999778844416
1589	1e-23	0.00110959995072335
1590	1e-23	0.0010623999987728894
1591	1e-23	0.0010009999969042838
1592	1e-23	0.0011175000108778477
1593	1e-23	0.0011631000088527799
1594	1e-23	0.0012032000231556594
1595	1e-23	0.001096600026357919
1596	1e-23	0.001170800009276718
1597	1e-23	0.0012178000179119408
1598	1e-23	0.0011681999894790351
1599	1e-23	0.0011673999833874404
1600	1e-23	0.001164899964351207
1601	1e-23	0.001129699987359345
1602	1e-23	0.0011045000283047557
1603	1e-23	0.0011947000166401267
1604	1e-23	0.0011746999807655811
1605	1e-23	0.0011913999915122986
1606	1e-23	0.001130599994212389
1607	1e-23	0.0011635000118985772
1608	1e-23	0.0012670999858528376
1609	1e-23	0.0011477000080049038
1610	1e-23	0.0011770999990403652
1611	1e-23	0.0011739000328816473
1612	1e-23	0.0011425000266171992
1613	1e-23	0.0011356999748386443
1614	1e-23	0.0011682999902404845
1615	1e-23	0.0012636000174097717
1616	1e-23	0.00121640000725165
1617	1e-23	0.0011766999959945679
1618	1e-23	0.001159599982202053
1619	1e-23	0.0011069999891333282
1620	1e-23	0.001153399993199855
1621	1e-23	0.00129060004837811
1622	1e-23	0.0011403000098653138
1623	1e-23	0.0011915999930351973
1624	1e-23	0.0011763999937102199
1625	1e-23	0.0010800000163726509
1626	1e-23	0.001194800017401576
1627	1e-23	0.001196300028823316
1628	1e-23	0.0011505000293254852
1629	1e-23	0.0011430000304244459
1630	1e-23	0.0011421999661251903
1631	1e-23	0.0010718999546952546
1632	1e-23	0.0011332000140100718
1633	1e-23	0.0011415999615564942
1634	1e-23	0.0012594000436365604
1635	1e-23	0.0011934999492950737
1636	1e-23	0.0011496999650262296
1637	1e-23	0.0011051000328734517
1638	1e-23	0.0011458000517450273
1639	1e-23	0.001069099991582334
1640	1e-23	0.0010543999960646033
1641	1e-23	0.0011417000205256045
1642	1e-23	0.001116100000217557
1643	1e-23	0.0010579999652691185
1644	1e-23	0.0010631000041030347
1645	1e-23	0.0011448999866843224
1646	1e-23	0.0010924999951384962
1647	1e-23	0.0012135999859310687
1648	1e-23	0.0012972000404261053
1649	1e-23	0.0011359999771229923
1650	1e-23	0.0010454000439494848
1651	1e-23	0.0010364000336267054
1652	1e-23	0.001451799995265901
1653	1e-23	0.0011015000054612756
1654	1e-23	0.001061700051650405
1655	1e-23	0.0010408000089228153
1656	1e-23	0.0010737000266090035
1657	1e-23	0.0011270999675616622
1658	1e-23	0.001064100011717528
1659	1e-23	0.0010734000243246555
1660	1e-23	0.0013102999655529857
1661	1e-23	0.0012348999734967947
1662	1e-23	0.0011534999939613044
1663	1e-23	0.0012036000262014568
1664	1e-23	0.0011851000017486513
1665	1e-23	0.0011551999486982822
1666	1e-23	0.0011777000036090612
1667	1e-23	0.0011638000141829252
1668	1e-23	0.0011582999723032117
1669	1e-23	0.001172899967059493
1670	1e-23	0.0011569000198505819
1671	1e-23	0.001133000012487173
1672	1e-23	0.001167600043118
1673	1e-23	0.0011928000021725893
1674	1e-23	0.0012274999753572047
1675	1e-23	0.0012114999699406326
1676	1e-23	0.0011730000260286033
1677	1e-23	0.001137999992351979
1678	1e-23	0.0010793000110425055
1679	1e-23	0.0010884000221267343
1680	1e-23	0.0011654000263661146
1681	1e-23	0.0011174000101163983
1682	1e-23	0.001137999992351979
1683	1e-23	0.0011335000162944198
1684	1e-23	0.0011500000255182385
1685	1e-23	0.0011293000425212085
1686	1e-23	0.001209300011396408
1687	1e-23	0.0012385000009089708
1688	1e-23	0.0013210999895818532
1689	1e-23	0.0011742999777197838
1690	1e-23	0.0013531000004149973
1691	1e-23	0.0012197000323794782
1692	1e-23	0.0011687999940477312
1693	1e-23	0.0011355000315234065
1694	1e-23	0.0011079999967478216
1695	1e-23	0.0011504999711178243
1696	1e-23	0.0011268999660387635
1697	1e-23	0.0011630000080913305
1698	1e-23	0.0011110000195913017
1699	1e-23	0.001144799985922873
1700	1e-23	0.0011223999899812043
1701	1e-23	0.001429900003131479
1702	1e-23	0.00117200001841411
1703	1e-23	0.0011957999668084085
1704	1e-23	0.0013194999773986638
1705	1e-23	0.0011175000108778477
1706	1e-23	0.0011130999773740768
1707	1e-23	0.0012086000060662627
1708	1e-23	0.0012443000450730324
1709	1e-23	0.0011064999853260815
1710	1e-23	0.0010617999942041934
1711	1e-23	0.0011054000351577997
1712	1e-23	0.0011434999760240316
1713	1e-23	0.001424900023266673
1714	1e-23	0.001559099997393787
1715	1e-23	0.0011811000294983387
1716	1e-23	0.0013831999967806041
1717	1e-23	0.0013040000339969993
1718	1e-23	0.001367799995932728
1719	1e-23	0.0011742000351659954
1720	1e-23	0.001170800009276718
1721	1e-23	0.0009639000054448843
1722	1e-23	0.0010406000073999166
1723	1e-23	0.0009713000035844743
1724	1e-23	0.001121399982366711
1725	1e-23	0.0012617000029422343
1726	1e-23	0.0012698000064119697
1727	1e-23	0.0011474000057205558
1728	1e-23	0.0015462000155821443
1729	1e-23	0.0012119999737478793
1730	1e-23	0.0011169000063091516
1731	1e-23	0.0014319999609142542
1732	1e-23	0.001716800034046173
1733	1e-23	0.0015547999646514654
1734	1e-23	0.0014051999896764755
1735	1e-23	0.0011425000266171992
1736	1e-23	0.0012713000178337097
1737	1e-23	0.001504699990618974
1738	1e-23	0.0013845000066794455
1739	1e-23	0.001547599968034774
1740	1e-23	0.0015480999718420208
1741	1e-23	0.0014896999928168952
1742	1e-23	0.0012414000229910016
1743	1e-23	0.0012310000020079315
1744	1e-23	0.001144800044130534
1745	1e-23	0.0012271000305190682
1746	1e-23	0.0011845999979414046
1747	1e-23	0.0015619999612681568
1748	1e-23	0.0012139000464230776
1749	1e-23	0.0012018999550491571
1750	1e-23	0.001243299979250878
1751	1e-23	0.0012170000118203461
1752	1e-23	0.0017013000324368477
1753	1e-23	0.001399400003720075
1754	1e-23	0.0011273999698460102
1755	1e-23	0.001073499966878444
1756	1e-23	0.0010621999972499907
1757	1e-23	0.0011600000434555113
1758	1e-23	0.0011676999856717885
1759	1e-23	0.0011646999628283083
1760	1e-23	0.0011138000409118831
1761	1e-23	0.0010936000035144389
1762	1e-23	0.001102500013075769
1763	1e-23	0.0010720000136643648
1764	1e-23	0.0010362999746575952
1765	1e-23	0.0012786999577656388
1766	1e-23	0.0011824999819509685
1767	1e-23	0.0010664000292308629
1768	1e-23	0.0009642000077292323
1769	1e-23	0.0010585999698378146
1770	1e-23	0.0010214000358246267
1771	1e-23	0.001094500010367483
1772	1e-23	0.0010789000079967082
1773	1e-23	0.0013418999733403325
1774	1e-23	0.0010929999989457428
1775	1e-23	0.0010834000422619283
1776	1e-23	0.0011662999750114977
1777	1e-23	0.0011784000089392066
1778	1e-23	0.001098400040064007
1779	1e-23	0.0010435000294819474
1780	1e-23	0.0011320000048726797
1781	1e-23	0.0010630000033415854
1782	1e-23	0.0010094000026583672
1783	1e-23	0.0012112000258639455
1784	1e-23	0.0011033000191673636
1785	1e-23	0.000972400011960417
1786	1e-23	0.0010877999593503773
1787	1e-23	0.0011894999770447612
1788	1e-23	0.0010501000215299428
1789	1e-23	0.0009748999727889895
1790	1e-23	0.0009314999915659428
1791	1e-23	0.0010514999739825726
1792	1e-23	0.0010217999806627631
1793	1e-23	0.0009060999727807939
1794	1e-23	0.0009375999798066914
1795	1e-23	0.0012478999560698867
1796	1e-23	0.0011458999942988157
1797	1e-23	0.0009455999825149775
1798	1e-23	0.0008628999930806458
1799	1e-23	0.0014501000405289233
1800	1e-23	0.0010231999913230538
1801	1e-23	0.001519200042821467
1802	1e-23	0.0012715999619103968
1803	1e-23	0.0011406000121496618
1804	1e-23	0.001025600009597838
1805	1e-23	0.000983599980827421
1806	1e-23	0.001228799985256046
1807	1e-23	0.0012102000182494521
1808	1e-23	0.001201300008688122
1809	1e-23	0.001235000032465905
1810	1e-23	0.0012661999789997935
1811	1e-23	0.0013100000214762986
1812	1e-23	0.0012090999516658485
1813	1e-23	0.0012027000193484128
1814	1e-23	0.0012181999627500772
1815	1e-23	0.001119100023061037
1816	1e-23	0.001104900031350553
1817	1e-23	0.0010975999757647514
1818	1e-23	0.0010923999943770468
1819	1e-23	0.001145999995060265
1820	1e-23	0.0011582000297494233
1821	1e-23	0.0011068999883718789
1822	1e-23	0.001061099988874048
1823	1e-23	0.0011381999938748777
1824	1e-23	0.0011027000145986676
1825	1e-23	0.0011640999582596123
1826	1e-23	0.001450899988412857
1827	1e-23	0.001131199998781085
1828	1e-23	0.0011189000215381384
1829	1e-23	0.0011009000008925796
1830	1e-23	0.0011608999921008945
1831	1e-23	0.0012037999695166945
1832	1e-23	0.0011594999814406037
1833	1e-23	0.0012810000334866345
1834	1e-23	0.0012196999741718173
1835	1e-23	0.0011279999744147062
1836	1e-23	0.001157800026703626
1837	1e-23	0.00120599998626858
1838	1e-23	0.001206899993121624
1839	1e-23	0.0012833999935537577
1840	1e-23	0.0011953999637626112
1841	1e-23	0.001172900025267154
1842	1e-23	0.0011335000162944198
1843	1e-23	0.00107709999429062
1844	1e-23	0.0011697999434545636
1845	1e-23	0.0011487999581731856
1846	1e-23	0.0010905999806709588
1847	1e-23	0.0011709000100381672
1848	1e-23	0.0011582000297494233
1849	1e-23	0.00120749999769032
1850	1e-23	0.0011885999701917171
1851	1e-23	0.0012602000497281551
1852	1e-23	0.0011745999800041318
1853	1e-23	0.0011520000407472253
1854	1e-23	0.0011602999875321984
1855	1e-23	0.0011413000174798071
1856	1e-23	0.001120300032198429
1857	1e-23	0.0011107000173069537
1858	1e-23	0.0010910999844782054
1859	1e-23	0.001048400008585304
1860	1e-23	0.0010528000420890749
1861	1e-23	0.0011067999876104295
1862	1e-23	0.0010380999883636832
1863	1e-23	0.0010155000491067767
1864	1e-23	0.0010984999826177955
1865	1e-23	0.0012735999771393836
1866	1e-23	0.0013079000054858625
1867	1e-23	0.0011653999681584537
1868	1e-23	0.0012006000033579767
1869	1e-23	0.001221699989400804
1870	1e-23	0.0011246000067330897
1871	1e-23	0.00112439994700253
1872	1e-23	0.001089799974579364
1873	1e-23	0.0010454999865032732
1874	1e-23	0.0011183000169694424
1875	1e-23	0.0011211999808438122
1876	1e-23	0.001184699998702854
1877	1e-23	0.0011487000156193972
1878	1e-23	0.0014194000395946205
1879	1e-23	0.0011461999965831637
1880	1e-23	0.0011890000314451754
1881	1e-23	0.0012339999666437507
1882	1e-23	0.0011740000336430967
1883	1e-23	0.0011419000220485032
1884	1e-23	0.001173800032120198
1885	1e-23	0.0012897999840788543
1886	1e-23	0.0012496999697759748
1887	1e-23	0.0011055999784730375
1888	1e-23	0.0011369000421836972
1889	1e-23	0.0011989999911747873
1890	1e-23	0.0011026000138372183
1891	1e-23	0.00117500004125759
1892	1e-23	0.0011729999678209424
1893	1e-23	0.0010847000521607697
1894	1e-23	0.0010603999835439026
1895	1e-23	0.0010194999631494284
1896	1e-23	0.0012181000201962888
1897	1e-23	0.0010873000137507915
1898	1e-23	0.0010214000358246267
1899	1e-23	0.00106380000943318
1900	1e-23	0.0011361000360921025
1901	1e-23	0.0010898999753408134
1902	1e-23	0.0010585999698378146
1903	1e-23	0.0011770999990403652
1904	1e-23	0.0012238000053912401
1905	1e-23	0.001244500046595931
1906	1e-23	0.00120900000911206
1907	1e-23	0.0011323999497108161
1908	1e-23	0.0011568000190891325
1909	1e-23	0.001125900016631931
1910	1e-23	0.0011754999868571758
1911	1e-23	0.0012095999554730952
1912	1e-23	0.0011683999910019338
1913	1e-23	0.0011184000177308917
1914	1e-23	0.001149199961218983
1915	1e-23	0.0010990999871864915
1916	1e-23	0.001055800006724894
1917	1e-23	0.0012470000074245036
1918	1e-23	0.0012735000345855951
1919	1e-23	0.0011297999881207943
1920	1e-23	0.00115130003541708
1921	1e-23	0.001089500030502677
1922	1e-23	0.001178499951492995
1923	1e-23	0.0011671999818645418
1924	1e-23	0.001241800026036799
1925	1e-23	0.0012045999756082892
1926	1e-23	0.001131800003349781
1927	1e-23	0.0011186999618075788
1928	1e-23	0.0011219000443816185
1929	1e-23	0.0010763999889604747
1930	1e-23	0.0014023000258021057
1931	1e-23	0.0012570000253617764
1932	1e-23	0.0011452999897301197
1933	1e-23	0.0011402000091038644
1934	1e-23	0.0012221999932080507
1935	1e-23	0.0012088999501429498
1936	1e-23	0.001167299982625991
1937	1e-23	0.0011819000355899334
1938	1e-23	0.0011270000250078738
1939	1e-23	0.00118090002797544
1940	1e-23	0.0011239000014029443
1941	1e-23	0.0011528999893926084
1942	1e-23	0.0010643999557942152
1943	1e-23	0.0010980999795719981
1944	1e-23	0.001144200039561838
1945	1e-23	0.0011684999917633832
1946	1e-23	0.001040700008161366
1947	1e-23	0.0011211999808438122
1948	1e-23	0.0011057000374421477
1949	1e-23	0.001179100014269352
1950	1e-23	0.00102980004157871
1951	1e-23	0.0011094000074081123
1952	1e-23	0.0011793000157922506
1953	1e-23	0.0011269000242464244
1954	1e-23	0.001164300017990172
1955	1e-23	0.0010984999826177955
1956	1e-23	0.0011273999698460102
1957	1e-23	0.0012277999776415527
1958	1e-23	0.0012660999782383442
1959	1e-23	0.0011919999960809946
1960	1e-23	0.0010897000320255756
1961	1e-23	0.0010707000037655234
1962	1e-23	0.0010423000203445554
1963	1e-23	0.0011538999970071018
1964	1e-23	0.0011876000207848847
1965	1e-23	0.0011306999949738383
1966	1e-23	0.0011588000343181193
1967	1e-23	0.0011676999856717885
1968	1e-23	0.0011629000073298812
1969	1e-23	0.001070900005288422
1970	1e-23	0.0010934000019915402
1971	1e-23	0.0014902999973855913
1972	1e-23	0.0011412999592721462
1973	1e-23	0.0012746000429615378
1974	1e-23	0.0011359999771229923
1975	1e-23	0.0011817000340670347
1976	1e-23	0.0014731999835930765
1977	1e-23	0.0011664999765343964
1978	1e-23	0.0011458999942988157
1979	1e-23	0.0011552999494597316
1980	1e-23	0.0011780000058934093
1981	1e-23	0.0010898999753408134
1982	1e-23	0.0009566000080667436
1983	1e-23	0.0012407999602146447
1984	1e-23	0.0012319000088609755
1985	1e-23	0.001113200036343187
1986	1e-23	0.0011291000409983099
1987	1e-23	0.0011269000242464244
1988	1e-23	0.001021200034301728
1989	1e-23	0.0010461999918334186
1990	1e-23	0.0012021999573335052
1991	1e-23	0.0015938999713398516
1992	1e-23	0.0011210000375285745
1993	1e-23	0.0010604000417515635
1994	1e-23	0.0010756999836303294
1995	1e-23	0.001226999971549958
1996	1e-23	0.0014952999772503972
1997	1e-23	0.0011771999998018146
1998	1e-23	0.0011534999939613044
1999	1e-23	0.0011475000064820051
2000	1e-23	0.0011593999806791544
2001	1e-23	0.0011001999955624342
2002	1e-23	0.001138899999205023
2003	1e-23	0.0010825000354088843
2004	1e-23	0.00121189997298643
2005	1e-23	0.0011687999940477312
2006	1e-23	0.0012157000019215047
2007	1e-23	0.0011215000413358212
2008	1e-23	0.0010715999524109066
2009	1e-23	0.0011820000363513827
2010	1e-23	0.0010828999802470207
2011	1e-23	0.0014634999679401517
2012	1e-23	0.0010645000147633255
2013	1e-23	0.0010364999761804938
2014	1e-23	0.000999900046736002
2015	1e-23	0.00103270000545308
2016	1e-23	0.0010293999803252518
2017	1e-23	0.0010856000008061528
2018	1e-23	0.0011322000063955784
2019	1e-23	0.001126500021200627
2020	1e-23	0.0010801000171341002
2021	1e-23	0.0010654000216163695
2022	1e-23	0.0015983000048436224
2023	1e-23	0.001137399987783283
2024	1e-23	0.0011541999992914498
2025	1e-23	0.0011499000247567892
2026	1e-23	0.001110799959860742
2027	1e-23	0.0010308999917469919
2028	1e-23	0.0010373999830335379
2029	1e-23	0.0011227999930270016
2030	1e-23	0.0010504999663680792
2031	1e-23	0.0010654000216163695
2032	1e-23	0.0010861000046133995
2033	1e-23	0.0010959000210277736
2034	1e-23	0.00107409997144714
2035	1e-23	0.0010460000485181808
2036	1e-23	0.001228799985256046
2037	1e-23	0.0012250000145286322
2038	1e-23	0.0011377999908290803
2039	1e-23	0.0010176000068895519
2040	1e-23	0.0011149999918416142
2041	1e-23	0.0010519000352360308
2042	1e-23	0.0010916999890469015
2043	1e-23	0.0010843999916687608
2044	1e-23	0.001097200030926615
2045	1e-23	0.0010159999947063625
2046	1e-23	0.0010149000445380807
2047	1e-23	0.0013233000063337386
2048	1e-23	0.0013407000224106014
2049	1e-23	0.0010586000280454755
2050	1e-23	0.0012947000213898718
2051	1e-23	0.001206599990837276
2052	1e-23	0.0012005000025965273
2053	1e-23	0.0010527000413276255
2054	1e-23	0.0011604000465013087
2055	1e-23	0.0010469999979250133
2056	1e-23	0.0010065999813377857
2057	1e-23	0.0010049999691545963
2058	1e-23	0.0010914000449702144
2059	1e-23	0.0010121000232174993
2060	1e-23	0.0010796000133268535
2061	1e-23	0.0010882000206038356
2062	1e-23	0.0010639000101946294
2063	1e-23	0.0010639000101946294
2064	1e-23	0.001621799950953573
2065	1e-23	0.0012229999992996454
2066	1e-23	0.001133300014771521
2067	1e-23	0.001031799998600036
2068	1e-23	0.001205699983984232
2069	1e-23	0.001124700007494539
2070	1e-23	0.001049300015438348
2071	1e-23	0.0010310999932698905
2072	1e-23	0.0011124999728053808
2073	1e-23	0.0012308000004850328
2074	1e-23	0.0010671999771147966
2075	1e-23	0.0010878000175580382
2076	1e-23	0.0011887000291608274
2077	1e-23	0.0014196999836713076
2078	1e-23	0.0011839999933727086
2079	1e-23	0.0011899000382982194
2080	1e-23	0.0011464999988675117
2081	1e-23	0.0010950000141747296
2082	1e-23	0.0010920999920926988
2083	1e-23	0.0011989999911747873
2084	1e-23	0.001124100002925843
2085	1e-23	0.0010813000262714922
2086	1e-23	0.0011497000232338905
2087	1e-23	0.001130899996496737
2088	1e-23	0.0011141999857500196
2089	1e-23	0.001146599999628961
2090	1e-23	0.0012658999767154455
2091	1e-23	0.0012188000255264342
2092	1e-23	0.0014779000193811953
2093	1e-23	0.0012342999689280987
2094	1e-23	0.0011866999557241797
2095	1e-23	0.001103999966289848
2096	1e-23	0.0012165000080130994
2097	1e-23	0.0010821999749168754
2098	1e-23	0.0010532999876886606
2099	1e-23	0.001005800033453852
2100	1e-23	0.0011804000241681933
2101	1e-23	0.0011638000141829252
2102	1e-23	0.0010983999818563461
2103	1e-23	0.0012963999761268497
2104	1e-23	0.0012695000041276217
2105	1e-23	0.0011534999939613044
2106	1e-23	0.0011057999799959362
2107	1e-23	0.0011520999833010137
2108	1e-23	0.0011072999914176762
2109	1e-23	0.0010560999508015811
2110	1e-23	0.0011968999751843512
2111	1e-23	0.0012257000198587775
2112	1e-23	0.0011885999701917171
2113	1e-23	0.001155999954789877
2114	1e-23	0.001117000007070601
2115	1e-23	0.0010726999607868493
2116	1e-23	0.001303599972743541
2117	1e-23	0.0012069999938830733
2118	1e-23	0.0011193000245839357
2119	1e-23	0.001116700004786253
2120	1e-23	0.0010554000036790967
2121	1e-23	0.0011209999793209136
2122	1e-23	0.0010846999939531088
2123	1e-23	0.0010510000283829868
2124	1e-23	0.001165800029411912
2125	1e-23	0.0011606999905779958
2126	1e-23	0.0011267999652773142
2127	1e-23	0.001185599947348237
2128	1e-23	0.0014907000004313886
2129	1e-23	0.0015331999748013914
2130	1e-23	0.00114390003727749
2131	1e-23	0.0012555000139400363
2132	1e-23	0.0011061999830417335
2133	1e-23	0.0010485000093467534
2134	1e-23	0.001449999981559813
2135	1e-23	0.0012223999947309494
2136	1e-23	0.0011491000186651945
2137	1e-23	0.001103400019928813
2138	1e-23	0.0011243000044487417
2139	1e-23	0.0010215999791398644
2140	1e-23	0.0011061999830417335
2141	1e-23	0.0011279000318609178
2142	1e-23	0.0012500000302679837
2143	1e-23	0.001103099959436804
2144	1e-23	0.0011082999990321696
2145	1e-23	0.001125600014347583
2146	1e-23	0.0010532999876886606
2147	1e-23	0.0010705000022426248
2148	1e-23	0.00102680001873523
2149	1e-23	0.0011774000013247132
2150	1e-23	0.0011348999687470496
2151	1e-23	0.0015199999907054007
2152	1e-23	0.0011139000416733325
2153	1e-23	0.001115799997933209
2154	1e-23	0.0010823000338859856
2155	1e-23	0.0013127000420354307
2156	1e-23	0.0013851000112481415
2157	1e-23	0.001443799992557615
2158	1e-23	0.0011807999690063298
2159	1e-23	0.0011353000300005078
2160	1e-23	0.0011573000228963792
2161	1e-23	0.0011316000018268824
2162	1e-23	0.0011730000260286033
2163	1e-23	0.001102499954868108
2164	1e-23	0.0011117999674752355
2165	1e-23	0.0011724000214599073
2166	1e-23	0.0011679999879561365
2167	1e-23	0.0010949000134132802
2168	1e-23	0.0011578999692574143
2169	1e-23	0.0012233000015839934
2170	1e-23	0.0010949000134132802
2171	1e-23	0.001155699952505529
2172	1e-23	0.0011722000199370086
2173	1e-23	0.0011683999910019338
2174	1e-23	0.0011074999929405749
2175	1e-23	0.0011133999796584249
2176	1e-23	0.0011396000045351684
2177	1e-23	0.0010873000137507915
2178	1e-23	0.0010210000327788293
2179	1e-23	0.0010642000124789774
2180	1e-23	0.0010655000223778188
2181	1e-23	0.0010158999939449131
2182	1e-23	0.0010950000141747296
2183	1e-23	0.0014498000382445753
2184	1e-23	0.0012821000418625772
2185	1e-23	0.0012390000047162175
2186	1e-23	0.0012272000312805176
2187	1e-23	0.0014606000040657818
2188	1e-23	0.001208400004543364
2189	1e-23	0.001115199993364513
2190	1e-23	0.0011662999750114977
2191	1e-23	0.0011681999894790351
2192	1e-23	0.001094500010367483
2193	1e-23	0.0011266000219620764
2194	1e-23	0.0012885999749414623
2195	1e-23	0.0012152999988757074
2196	1e-23	0.0011804999667219818
2197	1e-23	0.0012502999743446708
2198	1e-23	0.0011983999866060913
2199	1e-23	0.001165200024843216
2200	1e-23	0.0011983999866060913
2201	1e-23	0.001102800015360117
2202	1e-23	0.0011183000169694424
2203	1e-23	0.0012615000014193356
2204	1e-23	0.0011411000159569085
2205	1e-23	0.0010689999908208847
2206	1e-23	0.001177600002847612
2207	1e-23	0.0015572000411339104
2208	1e-23	0.001471299969125539
2209	1e-23	0.0011749999830499291
2210	1e-23	0.0011121000279672444
2211	1e-23	0.001104000024497509
2212	1e-23	0.0011824999819509685
2213	1e-23	0.00120749999769032
2214	1e-23	0.0012165000080130994
2215	1e-23	0.001150699972640723
2216	1e-23	0.0015602000057697296
2217	1e-23	0.0011795000173151493
2218	1e-23	0.0010983999818563461
2219	1e-23	0.0012153999996371567
2220	1e-23	0.0011955999652855098
2221	1e-23	0.001197699981275946
2222	1e-23	0.0012162000057287514
2223	1e-23	0.0014020000235177577
2224	1e-23	0.0011218999861739576
2225	1e-23	0.0011326000094413757
2226	1e-23	0.0011701000039465725
2227	1e-23	0.0011283000349067152
2228	1e-23	0.0011235999991185963
2229	1e-23	0.001136199978645891
2230	1e-23	0.0011664999765343964
2231	1e-23	0.0011364000383764505
2232	1e-23	0.001714100013487041
2233	1e-23	0.0012255999608896673
2234	1e-23	0.0011073999921791255
2235	1e-23	0.0010569000151008368
2236	1e-23	0.0011426000273786485
2237	1e-23	0.0011594999814406037
2238	1e-23	0.0010977000347338617
2239	1e-23	0.0010691999923437834
2240	1e-23	0.001084199990145862
2241	1e-23	0.0013716000248678029
2242	1e-23	0.0012270999723114073
2243	1e-23	0.0010873000137507915
2244	1e-23	0.0014805999817326665
2245	1e-23	0.0012499999720603228
2246	1e-23	0.0011314000003039837
2247	1e-23	0.0010917999898083508
2248	1e-23	0.0010433000279590487
2249	1e-23	0.001022700045723468
2250	1e-23	0.0010711000068113208
2251	1e-23	0.0011297000455670059
2252	1e-23	0.0011136999819427729
2253	1e-23	0.0011606999905779958
2254	1e-23	0.0015005999593995512
2255	1e-23	0.0011248000082559884
2256	1e-23	0.0010602999827824533
2257	1e-23	0.0015334999770857394
2258	1e-23	0.001450299983844161
2259	1e-23	0.0011428000289015472
2260	1e-23	0.0011546000023372471
2261	1e-23	0.0011770999990403652
2262	1e-23	0.0011130999773740768
2263	1e-23	0.0011065999860875309
2264	1e-23	0.0011480000102892518
2265	1e-23	0.0010665999725461006
2266	1e-23	0.0010821999749168754
2267	1e-23	0.0010588999721221626
2268	1e-23	0.001117299951147288
2269	1e-23	0.0011728000245057046
2270	1e-23	0.0016805999912321568
2271	1e-23	0.0011247999500483274
2272	1e-23	0.0010647000162862241
2273	1e-23	0.0010448999819345772
2274	1e-23	0.0011569000198505819
2275	1e-23	0.0010840000468306243
2276	1e-23	0.0010427000233903527
2277	1e-23	0.0010733000235632062
2278	1e-23	0.001153699995484203
2279	1e-23	0.0011493999627418816
2280	1e-23	0.0011035999632440507
2281	1e-23	0.0011327999527566135
2282	1e-23	0.0011139999842271209
2283	1e-23	0.001196600031107664
2284	1e-23	0.0011911000474356115
2285	1e-23	0.0012179999612271786
2286	1e-23	0.0011166000040248036
2287	1e-23	0.0010121999657712877
2288	1e-23	0.001005499972961843
2289	1e-23	0.001079399953596294
2290	1e-23	0.0010400000028312206
2291	1e-23	0.0010170000023208559
2292	1e-23	0.0010300999856553972
2293	1e-23	0.0012026999611407518
2294	1e-23	0.0011667999788187444
2295	1e-23	0.0011038000229746103
2296	1e-23	0.0011579000274650753
2297	1e-23	0.0013694000081159174
2298	1e-23	0.0013434000429697335
2299	1e-23	0.0012430999777279794
2300	1e-23	0.001131199998781085
2301	1e-23	0.0010310999932698905
2302	1e-23	0.0009961000178009272
2303	1e-23	0.001144799985922873
2304	1e-23	0.00119270000141114
2305	1e-23	0.0010802000178955495
2306	1e-23	0.0010988999856635928
2307	1e-23	0.0011716000153683126
2308	1e-23	0.0011562000145204365
2309	1e-23	0.001115199993364513
2310	1e-23	0.00126369995996356
2311	1e-23	0.0012478999560698867
2312	1e-23	0.001213999988976866
2313	1e-23	0.0012389999465085566
2314	1e-23	0.0011491000186651945
2315	1e-23	0.0011060000397264957
2316	1e-23	0.001030100043863058
2317	1e-23	0.0014001000090502203
2318	1e-23	0.0010816000285558403
2319	1e-23	0.0010794000118039548
2320	1e-23	0.0012415999663062394
2321	1e-23	0.0012592999846674502
2322	1e-23	0.0011682999902404845
2323	1e-23	0.001186200010124594
2324	1e-23	0.00120900000911206
2325	1e-23	0.0011428000289015472
2326	1e-23	0.0010441999766044319
2327	1e-23	0.0013250999618321657
2328	1e-23	0.001590200001373887
2329	1e-23	0.0010784000041894615
2330	1e-23	0.0011380999931134284
2331	1e-23	0.0010717000113800168
2332	1e-23	0.0010400000028312206
2333	1e-23	0.0011208000360056758
2334	1e-23	0.0013786000199615955
2335	1e-23	0.0012332999613136053
2336	1e-23	0.0010948999552056193
2337	1e-23	0.0013809000374749303
2338	1e-23	0.0011618999997153878
2339	1e-23	0.0010352000244893134
2340	1e-23	0.0010713000083342195
2341	1e-23	0.0011418999638408422
2342	1e-23	0.0010609000455588102
2343	1e-23	0.0011068999883718789
2344	1e-23	0.0010872999555431306
2345	1e-23	0.0010878999601118267
2346	1e-23	0.0010171000030823052
2347	1e-23	0.0010111000156030059
2348	1e-23	0.0013016999582760036
2349	1e-23	0.0011002999963238835
2350	1e-23	0.0010591000318527222
2351	1e-23	0.0010691999923437834
2352	1e-23	0.0012069999938830733
2353	1e-23	0.001201900013256818
2354	1e-23	0.0011009000008925796
2355	1e-23	0.0011000999948009849
2356	1e-23	0.0010844999924302101
2357	1e-23	0.0010054000304080546
2358	1e-23	0.0010165999992750585
2359	1e-23	0.0011142999865114689
2360	1e-23	0.0010466999956406653
2361	1e-23	0.001636300003156066
2362	1e-23	0.0012212000438012183
2363	1e-23	0.0012416999670676887
2364	1e-23	0.0011628000065684319
2365	1e-23	0.0011242000036872923
2366	1e-23	0.0011155999964103103
2367	1e-23	0.001052199979312718
2368	1e-23	0.001045099983457476
2369	1e-23	0.0011429000296629965
2370	1e-23	0.001184099994134158
2371	1e-23	0.0010766999912448227
2372	1e-23	0.0010579000227153301
2373	1e-23	0.0012163000064902008
2374	1e-23	0.0012880000285804272
2375	1e-23	0.0011615999974310398
2376	1e-23	0.0010916999890469015
2377	1e-23	0.0011550000053830445
2378	1e-23	0.0011273999698460102
2379	1e-23	0.0010886999662034214
2380	1e-23	0.001149199961218983
2381	1e-23	0.001469199953135103
2382	1e-23	0.001155099947936833
2383	1e-23	0.0011674999841488898
2384	1e-23	0.0011896000360138714
2385	1e-23	0.0011156999971717596
2386	1e-23	0.0011095000081695616
2387	1e-23	0.001553800015244633
2388	1e-23	0.0011877999641001225
2389	1e-23	0.0010589000303298235
2390	1e-23	0.0011842999956570566
2391	1e-23	0.001110500015784055
2392	1e-23	0.0010366999777033925
2393	1e-23	0.0010189999593421817
2394	1e-23	0.0011326999519951642
2395	1e-23	0.0010803000186569989
2396	1e-23	0.0010195000213570893
2397	1e-23	0.0014919000095687807
2398	1e-23	0.0012858000118285418
2399	1e-23	0.0010833999840542674
2400	1e-23	0.0010941000073216856
2401	1e-23	0.0011279999744147062
2402	1e-23	0.0010577999637462199
2403	1e-23	0.0010762999881990254
2404	1e-23	0.0011863000108860433
2405	1e-23	0.0010858000023290515
2406	1e-23	0.0010786000057123601
2407	1e-23	0.0009997999877668917
2408	1e-23	0.0015550999669358134
2409	1e-23	0.0011632000096142292
2410	1e-23	0.0010704000014811754
2411	1e-23	0.0010733000235632062
2412	1e-23	0.0011835999903269112
2413	1e-23	0.00121189997298643
2414	1e-23	0.0013037999742664397
2415	1e-23	0.0011955000227317214
2416	1e-23	0.0011014000046998262
2417	1e-23	0.0011607999913394451
2418	1e-23	0.0011625000042840838
2419	1e-23	0.0011557000107131898
2420	1e-23	0.0011594000388868153
2421	1e-23	0.0011365999816916883
2422	1e-23	0.001143599976785481
2423	1e-23	0.0010902000358328223
2424	1e-23	0.0011455999920144677
2425	1e-23	0.0011483000125735998
2426	1e-23	0.0014021999668329954
2427	1e-23	0.001221699989400804
2428	1e-23	0.0013065000530332327
2429	1e-23	0.0011413999600335956
2430	1e-23	0.0011109000188298523
2431	1e-23	0.0010592000326141715
2432	1e-23	0.001110200013499707
2433	1e-23	0.0011267999652773142
2434	1e-23	0.001096899970434606
2435	1e-23	0.0012109000235795975
2436	1e-23	0.001469799957703799
2437	1e-23	0.0014705000212416053
2438	1e-23	0.0011653000256046653
2439	1e-23	0.001144500041846186
2440	1e-23	0.0010779000003822148
2441	1e-23	0.0010098000057041645
2442	1e-23	0.0010955000179819763
2443	1e-23	0.0010427000233903527
2444	1e-23	0.001068799989297986
2445	1e-23	0.0010938000050373375
2446	1e-23	0.001163699955213815
2447	1e-23	0.0010714000090956688
2448	1e-23	0.0010921999928541481
2449	1e-23	0.0011493999627418816
2450	1e-23	0.0010887000244110823
2451	1e-23	0.0010103000095114112
2452	1e-23	0.001299499999731779
2453	1e-23	0.0011631000088527799
2454	1e-23	0.0010664000292308629
2455	1e-23	0.0010403000051155686
2456	1e-23	0.0010658000246621668
2457	1e-23	0.0010882000206038356
2458	1e-23	0.0010372999822720885
2459	1e-23	0.0010712000075727701
2460	1e-23	0.0013266000314615667
2461	1e-23	0.0012182999635115266
2462	1e-23	0.0012128000380471349
2463	1e-23	0.0011453000479377806
2464	1e-23	0.0012377999955788255
2465	1e-23	0.0015147000085562468
2466	1e-23	0.0012143999920226634
2467	1e-23	0.0011957999668084085
2468	1e-23	0.0011403000098653138
2469	1e-23	0.00120310002239421
2470	1e-23	0.001172900025267154
2471	1e-23	0.0011486999574117362
2472	1e-23	0.0011088000028394163
2473	1e-23	0.0011266000219620764
2474	1e-23	0.001360399997793138
2475	1e-23	0.0013538000057451427
2476	1e-23	0.00105339998845011
2477	1e-23	0.0012200999772176147
2478	1e-23	0.001134999969508499
2479	1e-23	0.0010458999895490706
2480	1e-23	0.0010488999541848898
2481	1e-23	0.0010964999673888087
2482	1e-23	0.0010267000179737806
2483	1e-23	0.001000799995381385
2484	1e-23	0.0010688999900594354
2485	1e-23	0.0011446000426076353
2486	1e-23	0.0010597999789752066
2487	1e-23	0.0010200999677181244
2488	1e-23	0.0011910999892279506
2489	1e-23	0.0011381999938748777
2490	1e-23	0.001153399993199855
2491	1e-23	0.0014674000558443367
2492	1e-23	0.0011094000074081123
2493	1e-23	0.0011362999794073403
2494	1e-23	0.0010677999816834927
2495	1e-23	0.001197699981275946
2496	1e-23	0.0011091000051237643
2497	1e-23	0.0011137999827042222
2498	1e-23	0.0011347999679856002
2499	1e-23	0.0011156999971717596
2500	1e-23	0.001132400007918477
2501	1e-23	0.0011224999907426536
2502	1e-23	0.0011516999802552164
2503	1e-23	0.0011085000005550683
2504	1e-23	0.0011017000069841743
2505	1e-23	0.0016702000284567475
2506	1e-23	0.0013818999868817627
2507	1e-23	0.0011175000108778477
2508	1e-23	0.0010714000090956688
2509	1e-23	0.0011440999805927277
2510	1e-23	0.0011776999454014003
2511	1e-23	0.0010856000008061528
2512	1e-23	0.0011854000040329993
2513	1e-23	0.0011492000194266438
2514	1e-23	0.0011191999656148255
2515	1e-23	0.0011546000023372471
2516	1e-23	0.0011092000058852136
2517	1e-23	0.0011239000014029443
2518	1e-23	0.0011549000046215951
2519	1e-23	0.0012746000429615378
2520	1e-23	0.001205399981699884
2521	1e-23	0.001263400015886873
2522	1e-23	0.0012079000007361174
2523	1e-23	0.0011766999959945679
2524	1e-23	0.0011944000143557787
2525	1e-23	0.0011630000080913305
2526	1e-23	0.0011728000245057046
2527	1e-23	0.0011789000127464533
2528	1e-23	0.0011342000216245651
2529	1e-23	0.0011818999773822725
2530	1e-23	0.0011545000015757978
2531	1e-23	0.0014897999935783446
2532	1e-23	0.0014907000004313886
2533	1e-23	0.0012330999597907066
2534	1e-23	0.001157800026703626
2535	1e-23	0.0012966999784111977
2536	1e-23	0.0012316000065766275
2537	1e-23	0.00120310002239421
2538	1e-23	0.0012413999647833407
2539	1e-23	0.0012242000084370375
2540	1e-23	0.0012063999893143773
2541	1e-23	0.0011517000384628773
2542	1e-23	0.0016112999874167144
2543	1e-23	0.001178800011985004
2544	1e-23	0.0011631999514065683
2545	1e-23	0.0011964999721385539
2546	1e-23	0.001124700007494539
2547	1e-23	0.0011811000294983387
2548	1e-23	0.0011434999760240316
2549	1e-23	0.0012014000094495714
2550	1e-23	0.0010607999865897
2551	1e-23	0.0010645000147633255
2552	1e-23	0.001185000000987202
2553	1e-23	0.0011573000228963792
2554	1e-23	0.0010956000187434256
2555	1e-23	0.0012175000156275928
2556	1e-23	0.0012152999988757074
2557	1e-23	0.0011900999816134572
2558	1e-23	0.0011685999925248325
2559	1e-23	0.001164299959782511
2560	1e-23	0.0012644000235013664
2561	1e-23	0.0012374999932944775
2562	1e-23	0.0015954000409692526
2563	1e-23	0.0013353999820537865
2564	1e-23	0.0017228000215254724
2565	1e-23	0.0016067000105977058
2566	1e-23	0.0013226000010035932
2567	1e-23	0.0013735999818891287
2568	1e-23	0.001324900018516928
2569	1e-23	0.0011292999843135476
2570	1e-23	0.0009422000148333609
2571	1e-23	0.0013480999623425305
2572	1e-23	0.0011977999820373952
2573	1e-23	0.0013196999789215624
2574	1e-23	0.0016329999780282378
2575	1e-23	0.0015052000526338816
2576	1e-23	0.0018295000190846622
2577	1e-23	0.0019859999883919954
2578	1e-23	0.0011541999992914498
2579	1e-23	0.0011956000234931707
2580	1e-23	0.0011487000156193972
2581	1e-23	0.0011015000054612756
2582	1e-23	0.0011063000420108438
2583	1e-23	0.0011304999934509397
2584	1e-23	0.001195100019685924
2585	1e-23	0.001111400022637099
2586	1e-23	0.001110200013499707
2587	1e-23	0.0011751999845728278
2588	1e-23	0.001274599984753877
2589	1e-23	0.0014293999993242323
2590	1e-23	0.0012103000190109015
2591	1e-23	0.0011162000009790063
2592	1e-23	0.0010512999724596739
2593	1e-23	0.0011216000420972705
2594	1e-23	0.0011095000081695616
2595	1e-23	0.0010864000068977475
2596	1e-23	0.0010535999899730086
2597	1e-23	0.0010530000436119735
2598	1e-23	0.0011348000261932611
2599	1e-23	0.0011593999806791544
2600	1e-23	0.0011129999766126275
2601	1e-23	0.0011627000058069825
2602	1e-23	0.0011583000305108726
2603	1e-23	0.0011769999982789159
2604	1e-23	0.0012006000033579767
2605	1e-23	0.0011430000304244459
2606	1e-23	0.0014175999676808715
2607	1e-23	0.0011583000305108726
2608	1e-23	0.0011119000264443457
2609	1e-23	0.0011127999750897288
2610	1e-23	0.0011603999882936478
2611	1e-23	0.0011208999785594642
2612	1e-23	0.0010436000302433968
2613	1e-23	0.0010800000163726509
2614	1e-23	0.0012389000039547682
2615	1e-23	0.0011163000017404556
2616	1e-23	0.0014252999681048095
2617	1e-23	0.0011740999761968851
2618	1e-23	0.001240600016899407
2619	1e-23	0.0011539999977685511
2620	1e-23	0.0010700999991968274
2621	1e-23	0.0010929999989457428
2622	1e-23	0.0012437999830581248
2623	1e-23	0.0011360999778844416
2624	1e-23	0.0010901999776251614
2625	1e-23	0.0013190999743528664
2626	1e-23	0.0011776999454014003
2627	1e-23	0.001298299990594387
2628	1e-23	0.0011427000281400979
2629	1e-23	0.0013809000374749303
2630	1e-23	0.0010964999673888087
2631	1e-23	0.0011492000194266438
2632	1e-23	0.0012713999603874981
2633	1e-23	0.001140400010626763
2634	1e-23	0.0011159999994561076
2635	1e-23	0.0012337000225670636
2636	1e-23	0.001236199983395636
2637	1e-23	0.0012657999759539962
2638	1e-23	0.0013826999929733574
2639	1e-23	0.0012313000042922795
2640	1e-23	0.0013201999827288091
2641	1e-23	0.001402100024279207
2642	1e-23	0.0012312000035308301
2643	1e-23	0.0012419999693520367
2644	1e-23	0.0012229999992996454
2645	1e-23	0.001261600002180785
2646	1e-23	0.00121339998440817
2647	1e-23	0.0012085999478586018
2648	1e-23	0.001196000026538968
2649	1e-23	0.0011836999910883605
2650	1e-23	0.0011913999915122986
2651	1e-23	0.0013272999785840511
2652	1e-23	0.001104900031350553
2653	1e-23	0.0013128999853506684
2654	1e-23	0.0014043999835848808
2655	1e-23	0.0013923000078648329
2656	1e-23	0.0011900999816134572
2657	1e-23	0.0013516999897547066
2658	1e-23	0.0013031000271439552
2659	1e-23	0.0012551999534480274
2660	1e-23	0.0013120999792590737
2661	1e-23	0.0012818999821320176
2662	1e-23	0.0012294999905861914
2663	1e-23	0.0012043000315316021
2664	1e-23	0.0018980000168085098
2665	1e-23	0.0012065000482834876
2666	1e-23	0.0012786999577656388
2667	1e-23	0.0012573000276461244
2668	1e-23	0.0010993999894708395
2669	1e-23	0.0012957000290043652
2670	1e-23	0.0011474000057205558
2671	1e-23	0.0011470000026747584
2672	1e-23	0.0011858000070787966
2673	1e-23	0.0012247000122442842
2674	1e-23	0.0011479000095278025
2675	1e-23	0.001126500021200627
2676	1e-23	0.0014670999953523278
2677	1e-23	0.0012453999952413142
2678	1e-23	0.001272600027732551
2679	1e-23	0.0012589000398293138
2680	1e-23	0.0011869000154547393
2681	1e-23	0.001144799985922873
2682	1e-23	0.0010698999976739287
2683	1e-23	0.0011316000018268824
2684	1e-23	0.0011354999733157456
2685	1e-23	0.0016117999912239611
2686	1e-23	0.001330200000666082
2687	1e-23	0.001241800026036799
2688	1e-23	0.001408000010997057
2689	1e-23	0.0012507999781519175
2690	1e-23	0.001326700032223016
2691	1e-23	0.0013209999888204038
2692	1e-23	0.0011751999845728278
2693	1e-23	0.001685699971858412
2694	1e-23	0.0012691000010818243
2695	1e-23	0.001306299993302673
2696	1e-23	0.0012989999959245324
2697	1e-23	0.0012023999588564038
2698	1e-23	0.0012818999821320176
2699	1e-23	0.001227600034326315
2700	1e-23	0.0012500000302679837
2701	1e-23	0.0012178000179119408
2702	1e-23	0.0012255000183358788
2703	1e-23	0.0012453999952413142
2704	1e-23	0.0011204000329598784
2705	1e-23	0.0013925000093877316
2706	1e-23	0.0012097000144422054
2707	1e-23	0.0013515999889932573
2708	1e-23	0.0012052999809384346
2709	1e-23	0.0011348999687470496
2710	1e-23	0.0010517000337131321
2711	1e-23	0.0011098000104539096
2712	1e-23	0.0012504999758675694
2713	1e-23	0.0011831999872811139
2714	1e-23	0.0011029999586753547
2715	1e-23	0.0012049999786540866
2716	1e-23	0.001150999974925071
2717	1e-23	0.0010942000080831349
2718	1e-23	0.0011535999947227538
2719	1e-23	0.0011227000504732132
2720	1e-23	0.0011229999945499003
2721	1e-23	0.0010627999436110258
2722	1e-23	0.001133300014771521
2723	1e-23	0.0011384999961592257
2724	1e-23	0.0012399000115692616
2725	1e-23	0.0014804000384174287
2726	1e-23	0.0011155999964103103
2727	1e-23	0.001029200037010014
2728	1e-23	0.0010435000294819474
2729	1e-23	0.001102500013075769
2730	1e-23	0.0011239000014029443
2731	1e-23	0.001118500018492341
2732	1e-23	0.0010677999816834927
2733	1e-23	0.0012017000117339194
2734	1e-23	0.001202800020109862
2735	1e-23	0.0011394000030122697
2736	1e-23	0.0011239000014029443
2737	1e-23	0.0014193999813869596
2738	1e-23	0.0011415999615564942
2739	1e-23	0.0011061999830417335
2740	1e-23	0.001097500033210963
2741	1e-23	0.0010379999876022339
2742	1e-23	0.0010242999996989965
2743	1e-23	0.001105500035919249
2744	1e-23	0.0011436000349931419
2745	1e-23	0.0011907999869436026
2746	1e-23	0.0011482000118121505
2747	1e-23	0.0012279999791644514
2748	1e-23	0.0012258000206202269
2749	1e-23	0.0015536000137217343
2750	1e-23	0.0012642999645322561
2751	1e-23	0.001075299980584532
2752	1e-23	0.001089800032787025
2753	1e-23	0.001096600026357919
2754	1e-23	0.0011687999940477312
2755	1e-23	0.001130899996496737
2756	1e-23	0.0011094999499619007
2757	1e-23	0.0010982999810948968
2758	1e-23	0.0011484000133350492
2759	1e-23	0.0011412999592721462
2760	1e-23	0.0012046000338159502
2761	1e-23	0.001254200004041195
2762	1e-23	0.0012331000179983675
2763	1e-23	0.0011913999915122986
2764	1e-23	0.0011204999755136669
2765	1e-23	0.0010232999920845032
2766	1e-23	0.0010242999996989965
2767	1e-23	0.0010275000240653753
2768	1e-23	0.0010975999757647514
2769	1e-23	0.0011107000173069537
2770	1e-23	0.0010572000173851848
2771	1e-23	0.0010124000255018473
2772	1e-23	0.0010829000384546816
2773	1e-23	0.00104599999031052
2774	1e-23	0.0010173000046052039
2775	1e-23	0.0012434000382199883
2776	1e-23	0.0015157000161707401
2777	1e-23	0.0011696000001393259
2778	1e-23	0.0012397000100463629
2779	1e-23	0.0011389999999664724
2780	1e-23	0.0011031999601982534
2781	1e-23	0.0011424000258557498
2782	1e-23	0.0012841999996453524
2783	1e-23	0.0011867000139318407
2784	1e-23	0.0011452999897301197
2785	1e-23	0.0011436000349931419
2786	1e-23	0.0011612999951466918
2787	1e-23	0.0010618999949656427
2788	1e-23	0.0011098000104539096
2789	1e-23	0.0012666999828070402
2790	1e-23	0.0011611999943852425
2791	1e-23	0.0011201000306755304
2792	1e-23	0.0011358000338077545
2793	1e-23	0.0011396000045351684
2794	1e-23	0.001110500015784055
2795	1e-23	0.0011636000126600266
2796	1e-23	0.0011758000473491848
2797	1e-23	0.0011483999551273882
2798	1e-23	0.0011468000011518598
2799	1e-23	0.0011537999962456524
2800	1e-23	0.0010953000164590776
2801	1e-23	0.0011946999584324658
2802	1e-23	0.0013920999481342733
2803	1e-23	0.0012206999817863107
2804	1e-23	0.0011269999668002129
2805	1e-23	0.001165200024843216
2806	1e-23	0.0011365999816916883
2807	1e-23	0.0010944000096060336
2808	1e-23	0.0011026999563910067
2809	1e-23	0.0010791000095196068
2810	1e-23	0.0010850999969989061
2811	1e-23	0.0011947000166401267
2812	1e-23	0.0011440000380389392
2813	1e-23	0.001142699969932437
2814	1e-23	0.0011245000059716403
2815	1e-23	0.0017715999856591225
2816	1e-23	0.0010704000014811754
2817	1e-23	0.0011021000100299716
2818	1e-23	0.001039199996739626
2819	1e-23	0.0010794000118039548
2820	1e-23	0.0011239000014029443
2821	1e-23	0.001144199981354177
2822	1e-23	0.0010697999969124794
2823	1e-23	0.0010149999870918691
2824	1e-23	0.001151299977209419
2825	1e-23	0.001171399955637753
2826	1e-23	0.0010489999549463391
2827	1e-23	0.0009791000047698617
2828	1e-23	0.0011807000264525414
2829	1e-23	0.0012079000007361174
2830	1e-23	0.0011142999865114689
2831	1e-23	0.0012023000163026154
2832	1e-23	0.0011355000315234065
2833	1e-23	0.0010201000259257853
2834	1e-23	0.0010671000345610082
2835	1e-23	0.001083599985577166
2836	1e-23	0.001088000019080937
2837	1e-23	0.001053999993018806
2838	1e-23	0.0011492999619804323
2839	1e-23	0.0011519999825395644
2840	1e-23	0.0011931000044569373
2841	1e-23	0.0011095000081695616
2842	1e-23	0.0014350000419653952
2843	1e-23	0.001117900013923645
2844	1e-23	0.001019399962387979
2845	1e-23	0.0010824999772012234
2846	1e-23	0.0012505000340752304
2847	1e-23	0.0011048999731428921
2848	1e-23	0.0010883999639190733
2849	1e-23	0.001109000004362315
2850	1e-23	0.0010274999658577144
2851	1e-23	0.0011332000140100718
2852	1e-23	0.0011363999801687896
2853	1e-23	0.0011590999783948064
2854	1e-23	0.0010951999574899673
2855	1e-23	0.0011258999584242702
2856	1e-23	0.0012736999779008329
2857	1e-23	0.0012118000304326415
2858	1e-23	0.001128499978221953
2859	1e-23	0.0011810000287368894
2860	1e-23	0.0011365999816916883
2861	1e-23	0.0011756999883800745
2862	1e-23	0.001145699992775917
2863	1e-23	0.001129099982790649
2864	1e-23	0.001126800023484975
2865	1e-23	0.0010691999923437834
2866	1e-23	0.0011550000053830445
2867	1e-23	0.0011762999929487705
2868	1e-23	0.0015627999673597515
2869	1e-23	0.0012248000130057335
2870	1e-23	0.0011941000120714307
2871	1e-23	0.0011590999783948064
2872	1e-23	0.0011249999515712261
2873	1e-23	0.0012034999672323465
2874	1e-23	0.001160199986770749
2875	1e-23	0.0012063999893143773
2876	1e-23	0.0011402000091038644
2877	1e-23	0.001172599964775145
2878	1e-23	0.0011187999625690281
2879	1e-23	0.0010872999555431306
2880	1e-23	0.0012117999722249806
2881	1e-23	0.0011513999779708683
2882	1e-23	0.0011373000452294946
2883	1e-23	0.0010925999958999455
2884	1e-23	0.0010946000111289322
2885	1e-23	0.0010173000046052039
2886	1e-23	0.0010584999690763652
2887	1e-23	0.0012342999689280987
2888	1e-23	0.0012119000311940908
2889	1e-23	0.0011334000155329704
2890	1e-23	0.0010871000122278929
2891	1e-23	0.0011121999705210328
2892	1e-23	0.001129099982790649
2893	1e-23	0.001103099959436804
2894	1e-23	0.0011267999652773142
2895	1e-23	0.0010952000156976283
2896	1e-23	0.0011118999682366848
2897	1e-23	0.0010671999771147966
2898	1e-23	0.001158999977633357
2899	1e-23	0.0012162000057287514
2900	1e-23	0.001139800006058067
2901	1e-23	0.001482499996200204
2902	1e-23	0.0011898999800905585
2903	1e-23	0.001098700042348355
2904	1e-23	0.001083899987861514
2905	1e-23	0.0010840999893844128
2906	1e-23	0.001167299982625991
2907	1e-23	0.0009700999944470823
2908	1e-23	0.001615300017874688
2909	1e-23	0.0011956000234931707
2910	1e-23	0.001033000007737428
2911	1e-23	0.001063500007148832
2912	1e-23	0.001090999983716756
2913	1e-23	0.0010952999582514167
2914	1e-23	0.0010716999531723559
2915	1e-23	0.0011069999891333282
2916	1e-23	0.0010831000399775803
2917	1e-23	0.0011698000016622245
2918	1e-23	0.001171700016129762
2919	1e-23	0.0010772999958135188
2920	1e-23	0.0011356999748386443
2921	1e-23	0.001194199954625219
2922	1e-23	0.0011283999774605036
2923	1e-23	0.0010989999864250422
2924	1e-23	0.0010119000216946006
2925	1e-23	0.0010165999992750585
2926	1e-23	0.0011340000201016665
2927	1e-23	0.0011212999816052616
2928	1e-23	0.0011144999880343676
2929	1e-23	0.0010419999598525465
2930	1e-23	0.0011181999580003321
2931	1e-23	0.0011757000465877354
2932	1e-23	0.001068799989297986
2933	1e-23	0.001047199999447912
2934	1e-23	0.001063200004864484
2935	1e-23	0.0014144000015221536
2936	1e-23	0.001091300044208765
2937	1e-23	0.0011310999980196357
2938	1e-23	0.0010630999458953738
2939	1e-23	0.0010159999947063625
2940	1e-23	0.0011419999646022916
2941	1e-23	0.0011416999623179436
2942	1e-23	0.0011214999831281602
2943	1e-23	0.0010890000266954303
2944	1e-23	0.0011294000432826579
2945	1e-23	0.001102200010791421
2946	1e-23	0.0010839999886229634
2947	1e-23	0.0011082999990321696
2948	1e-23	0.0012005000025965273
2949	1e-23	0.0011826999834738672
2950	1e-23	0.0012302000541239977
2951	1e-23	0.0011661999742500484
2952	1e-23	0.0012029999634250998
2953	1e-23	0.001113500038627535
2954	1e-23	0.0011292999843135476
2955	1e-23	0.0011664999765343964
2956	1e-23	0.0011106000165455043
2957	1e-23	0.001048100006300956
2958	1e-23	0.0010016000014729798
2959	1e-23	0.0011348000261932611
2960	1e-23	0.0011915999930351973
2961	1e-23	0.0011365999816916883
2962	1e-23	0.0011834999895654619
2963	1e-23	0.001144799985922873
2964	1e-23	0.001074100029654801
2965	1e-23	0.001146900001913309
2966	1e-23	0.0011411999585106969
2967	1e-23	0.0011076999944634736
2968	1e-23	0.0010795000125654042
2969	1e-23	0.0011554000084288418
2970	1e-23	0.0012641999637708068
2971	1e-23	0.0011193000245839357
2972	1e-23	0.0010497000184841454
2973	1e-23	0.0010797000140883029
2974	1e-23	0.0010384999914094806
2975	1e-23	0.0011005000560544431
2976	1e-23	0.0011968000326305628
2977	1e-23	0.0016348999924957752
2978	1e-23	0.0011384999961592257
2979	1e-23	0.00119859998812899
2980	1e-23	0.0010918999905698001
2981	1e-23	0.0010370999807491899
2982	1e-23	0.0010950000141747296
2983	1e-23	0.0010086999973282218
2984	1e-23	0.0010792000102810562
2985	1e-23	0.00111109996214509
2986	1e-23	0.0010867000091820955
2987	1e-23	0.0012236000038683414
2988	1e-23	0.001663499977439642
2989	1e-23	0.0011823000386357307
2990	1e-23	0.0012560999603010714
2991	1e-23	0.0011825000401586294
2992	1e-23	0.001045699988026172
2993	1e-23	0.001101600006222725
2994	1e-23	0.0011189000215381384
2995	1e-23	0.0010340999579057097
2996	1e-23	0.0010836999863386154
2997	1e-23	0.0011053999769501388
2998	1e-23	0.001119400025345385
2999	1e-23	0.001138299994636327
3000	1e-23	0.001069399993866682
