epoch	kinematic	micro_bc	momentum	seconds	total	traction
1	0.09650363313569993	7.091685649519616e-05	0.025319026966701994	0.43330279999645427	0.1297068699251487	0.007813292966251618
2	0.08742981766607524	8.385248926499132e-05	0.020713070460834718	0.06976759998360649	0.11789360187824864	0.009666861262073695
3	0.0722066813480012	8.673099063339571e-05	0.02107083865556002	0.07741219998570159	0.10286291558640412	0.009498664592209497
4	0.06859979269581583	7.7640951737064e-05	0.01607800799956157	0.08486980001907796	0.09253005781082739	0.007774616163712935
5	0.06647733095493259	0.0001043673462470687	0.015764029478885035	0.08171539998147637	0.08743432498286603	0.005088597202801334
6	0.06651554885645347	0.00011459883469883656	0.013926431555808017	0.08606529998360202	0.08788075261630425	0.007324173369343929
7	0.06018869675073261	0.00011173055414863662	0.013997628292298076	0.11834549997001886	0.07969828150181581	0.005400225904636481
8	0.05263056446233253	0.00013187697288809857	0.011670315520305364	0.08232169999973848	0.07147651904844686	0.00704376209292087
9	0.05130356948559543	0.0001593032591223204	0.01095003392986706	0.06934149999869987	0.06931324893249884	0.006900342257914031
10	0.04604507974104105	0.00014696689854417993	0.01133149632142417	0.07515180000336841	0.06322823112813891	0.005704688167129508
11	0.03988334219629389	0.00013716944935659325	0.00935612704388977	0.07621079997625202	0.055395380097673856	0.006018741408133596
12	0.03445749983974691	0.00015167445011137517	0.009067603225183463	0.0732719000079669	0.05095008240198258	0.007273304886940829
13	0.03283254887710174	0.00014095349992598448	0.00784250652556056	0.07599179999670014	0.04716510410221257	0.006349095199624286
14	0.029422228751933927	0.0001563693010991906	0.008438340658985518	0.0765741000068374	0.042843682702996676	0.004826743990978038
15	0.024732717149626895	0.00013530227585532454	0.00717054740677034	0.08746609999798238	0.036982958901011935	0.004944392068759379
16	0.02328248431756203	0.00015384908840885607	0.007508845965143581	0.1348932000109926	0.03600364591340498	0.00505846654229051
17	0.017384524396122536	0.00011193456815141516	0.006460633527982693	0.26468850002856925	0.028566292935108338	0.004609200442851694
18	0.01757381284144989	0.00017114478228839254	0.0061565225145892594	0.11825140001019463	0.02915942800350664	0.005257947865179102
19	0.015937639009763447	0.00016304079333045811	0.0064351419682146605	0.0922355999937281	0.027136154724552462	0.004600332953243899
20	0.011935687990949968	0.0001712131186629612	0.0063583505858904755	0.08688959997380152	0.022363667388050283	0.0038984156925468806
21	0.010718361834642327	0.0001370520946208214	0.0055885014681200705	0.1037713999976404	0.021024160230529613	0.004580244833146398
22	0.009845631948492733	0.0001667673691413709	0.0056682983289997445	0.09964049997506663	0.020347696994796913	0.004666999348163064
23	0.007511415432085722	0.00019088558400698433	0.006204993949633426	0.09771000000182539	0.018494870074937882	0.004587575109211751
24	0.006965317539346476	0.00012920218700622228	0.005832035480152004	0.09272819996112958	0.016447172436778932	0.003520617230274232
25	0.005369069162275048	0.00016464292515717073	0.005507252272351049	0.09914350003236905	0.015420421609517803	0.004379457249734535
26	0.004910942243800808	0.0001589452617273644	0.005132720854419598	0.0882566999644041	0.01446532330419154	0.004262714944243772
27	0.0043785943884653445	0.00012393450549200207	0.005263147153574774	0.08537610003259033	0.013598114973949041	0.0038324389264169216
28	0.002477963778106042	0.00013132289665127774	0.005506451418442547	0.0857825999846682	0.012217379934899594	0.004101641841699729
29	0.0025211966916637036	0.00014787598494888423	0.00469344974021019	0.0800561000360176	0.011941538818838537	0.004579016402015758
30	0.0019267650131651738	0.00013147387905988766	0.0045538296252371265	0.08816369995474815	0.010667847728202189	0.004055779210740001
31	0.001433505086203344	0.00010627538791554416	0.00486363344984114	0.08021630003349856	0.00965204427543599	0.0032486303514759614
32	0.001801562853745769	0.00010544926992652961	0.004160112343389431	0.08080769999651238	0.00945308879452856	0.0033859643274668297
33	0.0008615820002662126	9.268900328443764e-05	0.004648836504104707	0.08683339995332062	0.009441540865581612	0.0038384333579262555
34	0.0008172965894464102	7.937497574158768e-05	0.004302712405891474	0.07813630002783611	0.009645612207718323	0.004446228236638851
35	0.0008646720447087958	8.341998213159881e-05	0.004350465973460318	0.08156640001107007	0.008584750435097299	0.0032861924347965857
36	0.0003320720707598198	6.912636668646226e-05	0.0038231700993269523	0.08826849999604747	0.008197069616938201	0.003972701080164968
37	0.0005605766184137217	5.7066710191336646e-05	0.0032343869051631325	0.08593270002165809	0.007750218452939695	0.0038981882191715038
38	0.00043851613452223836	7.650457423105012e-05	0.0036789763083797354	0.08056830003624782	0.008025625640610004	0.0038316286234769794
39	0.0005056316339836387	6.578549137142426e-05	0.003544901651230141	0.08292439999058843	0.007865227546528991	0.003748908769943787
40	0.0012544069903817042	7.179048539292295e-05	0.0031443847813147742	0.08006879995809868	0.008175948168558628	0.0037053659114692264
41	0.0012763374647710994	6.610598948900228e-05	0.003295652120691566	0.08280520001426339	0.008634684350402325	0.003996588775450657
42	0.0006251406854931804	4.532782100486741e-05	0.0028295886936414672	0.08460820000618696	0.007339152329785245	0.0038390951296457297
43	0.0008621192476180326	4.841084893733021e-05	0.003129466868275068	0.08334599999943748	0.007987189582239809	0.0039471926174093775
44	0.0007118617241392302	5.218327598615941e-05	0.0029313533217911556	0.08580350002739578	0.007411198717541015	0.0037158003956244703
45	0.0009225311456226477	4.903215251015061e-05	0.002899442097923136	0.0756297999760136	0.007738514000377331	0.0038675086043213967
46	0.0009050676945135845	4.87743211417702e-05	0.002859325755099205	0.07987959997262806	0.007192667097863395	0.0033794993271088355
47	0.001011289471712553	3.818356255177019e-05	0.002738386632065063	0.07599729998037219	0.0071895953208943614	0.003401735654564975
48	0.0008670744808157741	4.7784559623554435e-05	0.0025560395466077603	0.08679500001017004	0.00690937700645804	0.0034384784194109513
49	0.0009516554990529227	4.442856865652763e-05	0.002648965124037652	0.08197170001221821	0.007319498899821957	0.0036744497080748546
50	0.0008958713126851943	4.387121284280771e-05	0.002463886719445852	0.08120439999038354	0.007680822555149851	0.004277193310175997
51	0.0007457921825818493	3.911009389638311e-05	0.0025682577029532403	0.07879649999085814	0.0067646581284410805	0.003411498149009608
52	0.0009755598350510129	3.8751876288917265e-05	0.0024043909441996392	0.07623419997980818	0.007384727676916501	0.003966025021376931
53	0.0009364598587009504	4.5047961643872555e-05	0.0025184120455557426	0.07891519996337593	0.007138749916406188	0.003638830050505622
54	0.0008300198328684456	4.3612281115256157e-05	0.0022118732957613465	0.08173769997665659	0.005951098826008578	0.0028655934162635293
55	0.0006034503476053495	4.243255738965671e-05	0.0021447702080573277	0.08296700002392754	0.006154207461416352	0.0033635543483640186
56	0.0009565462719626462	4.491143411924723e-05	0.0022603846037411056	0.10087800002656877	0.006113155586190936	0.0028513132763679375
57	0.0009841903019611234	3.6480137252105694e-05	0.0019919884531481727	0.14620379998814315	0.006836326310371329	0.003823667418009927
58	0.0006191279227819068	4.6225578098391123e-05	0.0020598946140757005	0.09317840001313016	0.006828272536437199	0.004103024421481201
59	0.0005730143076114831	3.764840022754056e-05	0.0021006942041343494	0.10138519998872653	0.006891418943684766	0.004180062031711392
60	0.0006026356226890729	4.209318928445285e-05	0.0020132597020524235	0.07334519998403266	0.0064896899868218845	0.003831701472795935
61	0.0009594110901985826	4.1770930129388706e-05	0.002039197108052707	0.069064499984961	0.007108730148973689	0.004068351020593011
62	0.0004907331516843845	3.2869389264481285e-05	0.0019853490971149875	0.06482530001085252	0.005802757964440294	0.0032938063263764404
63	0.000607775662748327	3.203381850782784e-05	0.0019972354508030815	0.06365790002746508	0.006280859480914402	0.0036438145488551653
64	0.0003968471088911438	3.0050980962588054e-05	0.0017426385282650688	0.05866809998406097	0.005595386095642119	0.003425849477523319
65	0.0004995321603710243	3.629504271307214e-05	0.0019542975972596764	0.06659589998889714	0.006537728297693025	0.004047603497349252
66	0.00032793709121501204	4.5307968470565975e-05	0.0019446631644909143	0.06813239998882636	0.004824373645017511	0.0025064654208410177
67	0.0002638709366136543	4.342801008407698e-05	0.0017989575113346115	0.06935759994667023	0.0056980451146256186	0.003591788656593276
68	0.0008465982713740923	3.755404792340838e-05	0.0015357920335412935	0.07015090005006641	0.005935247846181206	0.0035153034933424116
69	0.00013482383711121995	3.7425589044066265e-05	0.0018510255016164698	0.0628487000358291	0.004812325337733866	0.00278905040996211
70	0.00020726902527002045	2.7585270524059406e-05	0.0015691101430802628	0.0590237999567762	0.005538391507563621	0.003734427068689279
71	0.00017478776803556825	3.094331356714067e-05	0.0016799879210999153	0.0726524000056088	0.0052679742615779675	0.0033822552588753437
72	0.0004782466982931489	3.1704935066800485e-05	0.0017496817173235108	0.08939149999059737	0.005142716159754921	0.0028830828090714612
73	0.000167063457265916	3.420135774646867e-05	0.001667271719686151	0.08856389997527003	0.005892179026332307	0.004023642491633771
74	7.03140733068651e-05	3.312264350256015e-05	0.0014675281514469108	0.12814750004326925	0.0054977634703823035	0.003926798602125968
75	0.00013640187615127157	2.5271062892095858e-05	0.0016125642736110864	0.06829829997150227	0.0046511548428931114	0.002876917630238658
76	0.00029134581382162157	3.254986728999819e-05	0.0016876167148261849	0.07151339994743466	0.004722601557452093	0.0027110891615142888
77	0.00023937210424503807	3.0243784356111394e-05	0.0015345765216840971	0.06392350001260638	0.005464340869747085	0.0036601484594618386
78	0.00023568092891003317	2.764925471418709e-05	0.001497583351127722	0.0643067000200972	0.0049273521750236035	0.003166438640271661
79	0.00024350451267016686	2.284562317595933e-05	0.0013864968146762831	0.06874850002350286	0.00533378671836846	0.003680939767846051
80	0.0001663773363712282	2.2111883149712485e-05	0.001513165316449834	0.07568849995732307	0.0049681929775497475	0.0032665384415789733
81	0.00018683411113357652	2.404014373670637e-05	0.0013921894600754593	0.08886259997962043	0.005033815676316225	0.003430751961370483
82	0.00013943840739933527	1.62249709254897e-05	0.0013029872912752702	0.08213780005462468	0.004474535908005068	0.0030158852384049727
83	1.8390845999245754e-05	2.511927848589667e-05	0.001512368104555598	0.11074719997122884	0.004441467328310271	0.00288558909926953
84	0.00011440189605875334	1.5665804251216182e-05	0.0012457004394239443	0.2564765000133775	0.005378190563782576	0.004002422424048663
85	6.437896380584718e-05	2.0906874806160094e-05	0.0013273701599187744	0.15347170003224164	0.0050519231785661365	0.0036392671800353545
86	0.00017557843352976522	1.8430409444572165e-05	0.0012801605768664383	0.08831839996855706	0.00513001729373546	0.003655847873894685
87	0.00021788873275694031	1.844784167567586e-05	0.0011805595917415523	0.09546359995147213	0.00475262867394332	0.003335732507769151
88	7.680370424268008e-05	1.8143003374816166e-05	0.0012758625023928131	0.09166210005059838	0.004195407355106649	0.00282459814509634
89	0.00022508061662338376	1.8590062455253713e-05	0.0012126093110729208	0.08794080000370741	0.004863237683421994	0.0034069576932704354
90	0.00013257719288380223	1.8451375920118795e-05	0.0011315685946593562	0.08614490000763908	0.003992717241452	0.0027101200779887226
91	0.0001103030188506678	1.6882751213448474e-05	0.0011063584558732651	0.10229240002809092	0.004283168713316946	0.003049624487379564
92	7.624699547079756e-05	2.0025427764589042e-05	0.0010702581115916848	0.10111479996703565	0.004198575332970671	0.0030320447981436
93	9.55554629509405e-05	1.8336927785468266e-05	0.001119877883870281	0.08228929998585954	0.0042286345494434935	0.002994864274836804
94	8.547151184963235e-05	1.6418972492591133e-05	0.0010676291866677195	0.13504249998368323	0.005342939911691147	0.004173420240681204
95	0.00019993216727657044	1.7368381951426027e-05	0.001015177105497171	0.11162889999104664	0.004711180048430033	0.0034787023937048658
96	8.494554447049428e-05	1.1719553440822353e-05	0.001005847169755671	0.09846160002052784	0.004005143481016412	0.002902631213349424
97	4.839818423427922e-05	1.510143322205263e-05	0.0009901033123305716	0.07790480001131073	0.004264599908711296	0.0032109969789243928
98	7.254097518516051e-05	1.3249698828602756e-05	0.0008960693721424325	0.09294709999812767	0.004169512334154428	0.003187652287998233
99	4.2213820636174456e-05	1.3576312698542314e-05	0.0009662874442153042	0.08494890003930777	0.004367433796503556	0.0033453562189535357
100	8.042685689493803e-05	1.234806259811833e-05	0.0008651473529448468	0.08696390001568943	0.004547648538843032	0.003589726266405129
101	5.487538580630368e-05	1.326717960166854e-05	0.0008128359761665005	0.0851680000196211	0.00478871774951588	0.0039077392079414075
102	2.945881394558665e-05	1.532433766799345e-05	0.0008358292560720082	0.08782940002856776	0.0034704623576081515	0.0025898499499225633
103	9.852496867806295e-05	1.311118098009933e-05	0.0009084093643263768	0.08428489998914301	0.003984328564388011	0.0029642830504034716
104	7.310047633597418e-05	1.561912800307415e-05	0.0008859691310181769	0.08818879997124895	0.0037405787241966007	0.002765889988839376
105	6.773202112973175e-05	1.4261328284157887e-05	0.0007701838131324663	0.10242589999688789	0.004384850154965034	0.0035326729924186786
106	0.00015397226476740575	1.1496295878877063e-05	0.0008452123713628479	0.10593070002505556	0.00372770027002356	0.002717019338014429
107	1.2221530555657276e-05	1.4037013937732446e-05	0.0007266911324683882	0.09786099998746067	0.0037221429830662334	0.0029691933061044553
108	8.583480717588297e-05	1.3293427195198944e-05	0.0008010918858172445	0.10735529998783022	0.0037453287666719143	0.002845108646483588
109	2.7447696055053253e-05	1.1059647974402034e-05	0.000683972874708499	0.1112321000546217	0.004335191020840352	0.0036127108021023974
110	9.505449432628702e-05	1.012306806466939e-05	0.0007136769864323465	0.08167350001167506	0.004606357780390477	0.003787503231567174
111	2.3603985744271512e-05	1.3312981876259396e-05	0.0007586152719287174	0.08917950000613928	0.00395571880804746	0.0031601865684982113
112	8.376931849330008e-05	1.1106750169803031e-05	0.0007287192935647665	0.08207590004894882	0.0039328739154812	0.0031092785532533303
113	8.930843052004288e-05	1.0106755486744623e-05	0.0006963940474448849	0.08415720000630245	0.003950540611035276	0.0031547313775836037
114	2.45158916045405e-05	1.040922997339286e-05	0.0006601914543119744	0.08353750000242144	0.0032511030183585447	0.0025559864424686365
115	8.933511828967792e-05	8.682047352122036e-06	0.0006312256707869313	0.08692269999301061	0.0036057324270717434	0.0028764895906430122
116	4.2652204582451156e-05	8.7485149207995e-06	0.0005788331537319967	0.09318020002683625	0.004131668537268824	0.0035014346640335763
117	3.54345314729326e-05	1.0548676274122647e-05	0.0004859622572475891	0.08747240004595369	0.0033921661944164077	0.0028602207294217636
118	2.0122695005343608e-05	9.25729527169971e-06	0.0005366488044494921	0.08664239995414391	0.00400447852482908	0.003438449730102544
119	8.533839177796821e-05	9.288060046884873e-06	0.0005569296431250355	0.08813039999222383	0.004127257713222557	0.0034757016182726686
120	4.1456197999807926e-05	8.81793339650619e-06	0.0005390939639001005	0.1025179999996908	0.004198946497078902	0.003609578401782487
121	3.7022684669187636e-05	7.2392857534895696e-06	0.0005410408292950571	0.10721180000109598	0.004085461334931733	0.0035001585352139987
122	4.541499842973042e-05	9.073565461511122e-06	0.0004748129982984904	0.1143945999792777	0.003532579456615505	0.0030032778944257734
123	7.119013962816282e-05	9.008684701983529e-06	0.000530589354516669	0.10338300000876188	0.004393910066829451	0.003783121887982635
124	5.709907020902118e-05	8.715831713986699e-06	0.0005090477951840028	0.12860430002911016	0.004122975102747701	0.00354811240564069
125	7.121359111846087e-05	8.873171170540215e-06	0.0004952259104123429	0.13718139997217804	0.0030196051915287506	0.002444292518827406
126	3.769343071017371e-05	8.240993976839038e-06	0.000398751264767574	0.13067649997537956	0.004151502638626225	0.003706816949171639
127	3.297920133960603e-05	8.624184226565077e-06	0.00042609061914254356	0.14443079999182373	0.003771910621169095	0.0033042166164603806
128	3.349145044512202e-05	7.775881671121952e-06	0.00043586664236426755	0.09955169999739155	0.004037512637152193	0.0035603786626716813
129	2.2038260449974028e-05	7.532500811181732e-06	0.0004540214229109496	0.1221584000159055	0.00331220297854898	0.0028286107943768747
130	3.665637383324376e-05	6.886638768616062e-06	0.00037454457822220225	0.10880889999680221	0.0030796920001425654	0.0026616044093185033
131	4.032492233542893e-05	7.578033344798005e-06	0.0004526839892355479	0.09264220000477508	0.00394660218733897	0.0034460152424231954
132	3.928105510597537e-05	8.84249051440103e-06	0.00040303656156766987	0.09768049995182082	0.003514460636273421	0.003063300529085375
133	4.808113555008647e-05	7.1801220040981684e-06	0.00039650820311826885	0.12087149999570101	0.003134086681162485	0.002682317220490031
134	2.627533442247668e-05	7.832112951447327e-06	0.00040664130027931727	0.16174559999490157	0.003509186445186612	0.0030684376975333707
135	3.008367042610631e-05	5.523587491646289e-06	0.0003560103648703128	0.11094859999138862	0.0044521230681897886	0.004060505445401723
136	1.0603642615800965e-05	7.612963304547242e-06	0.0003729434932959597	0.12687179999193177	0.003917612052611226	0.003526451953394919
137	2.182860946686916e-05	6.210106601174646e-06	0.0003351078833883862	0.09648349997587502	0.003977466569288555	0.0036143199698321256
138	2.321067991759162e-05	7.094910534937369e-06	0.00037037790239631053	0.09212889999616891	0.004220514962909992	0.003819831470061153
139	2.12977663569098e-05	4.9536009431192775e-06	0.00036543480369006153	0.11404710001079366	0.004203516757964306	0.003811830586974215
140	2.7571714205383474e-05	6.238083604791015e-06	0.0003499654052325293	0.08050009998260066	0.0032205865555415955	0.0028368113524988915
141	3.079502085505406e-05	6.188760175310163e-06	0.0003299920385514975	0.07733729999745265	0.004321997669140419	0.003955021849558557
142	2.161578408700693e-05	6.093629693891273e-06	0.00033198048904113225	0.08244120003655553	0.003924045502498776	0.0035643555996767457
143	1.772757992744097e-05	5.9637583741899865e-06	0.0002724593677298326	0.08406459999969229	0.0035014844952344065	0.003205333789202943
144	1.733931066015864e-05	6.483622605887184e-06	0.0003054470397016842	0.07720130000961944	0.0031005684073787823	0.0027712984344110524
145	1.571175136933775e-05	5.584961321995257e-06	0.00031999115553955725	0.08026840002276003	0.0035647179820222914	0.003223430113791401
146	1.3240221758087318e-05	5.609372862147215e-06	0.0002855030637093608	0.08567049994599074	0.0030638383943153466	0.0027594857359857514
147	2.3421837040900996e-05	5.471839637296918e-06	0.00026832620942383113	0.0821900000446476	0.0034109102670129795	0.003113690380910951
148	3.187659600846817e-05	4.32512894318939e-06	0.0002721671138558981	0.08312139997724444	0.003991742234919637	0.0036833733961120813
149	2.334080616499325e-05	4.56797009858174e-06	0.0002593574537701183	0.08062750002136454	0.003606739677563565	0.0033194734475298715
150	1.6559620755310763e-05	4.423233984469554e-06	0.00022965966957641214	0.08022429997799918	0.003686214644800829	0.0034355721204846366
151	1.267406067833962e-05	5.724919736935489e-06	0.00026387517214062034	0.08768950001103804	0.003719493411210867	0.0034372192586549716
152	1.3277485397336308e-05	5.50705503812898e-06	0.0002321659118328108	0.0784707999555394	0.002631168686692531	0.002380218234424255
153	1.0692868433016961e-05	4.68688750924304e-06	0.00024191887746760447	0.0787830000044778	0.0038788714173731208	0.0036215727839632563
154	8.720094178235532e-06	5.270368832239233e-06	0.00022342557016370173	0.08429349999642	0.0026114711114877984	0.0023740550783136216
155	1.4569264349171468e-05	5.658411868373231e-06	0.00021251433733624067	0.0846460999455303	0.0033620180718045745	0.003129276058250789
156	1.1578101908922592e-05	4.313884905707855e-06	0.0002368647705278407	0.08768950001103804	0.0037244104636730674	0.0034716537063305963
157	2.427581090625685e-05	4.950209030812572e-06	0.00020531644423255386	0.08281799999531358	0.003676043392270253	0.0034415009281006295
158	1.4706153310824477e-05	3.7935274603281137e-06	0.00018315564737267343	0.08481859997846186	0.002880785920325681	0.002679130592181855
159	8.33627072317276e-06	4.717358891728235e-06	0.00019995021178541265	0.08570379996672273	0.004386018305953263	0.004173014464552949
160	1.3561027193794127e-05	4.231793584233848e-06	0.00019750541767169627	0.08474600000772625	0.0032697004257850144	0.00305440218733529
161	2.2294388259929948e-05	4.469910572334124e-06	0.00017661817034656386	0.08397730003343895	0.0036633855631326203	0.0034600030939537924
162	1.2389249506664674e-05	4.76067145256579e-06	0.0001811765300020874	0.08343309996416792	0.0030801852138309465	0.0028818587628696287
163	7.043339052601286e-06	4.171814194492225e-06	0.00018342424114220707	0.08170549996430054	0.0030595615668567956	0.0028649221724674954
164	1.1177797525410878e-05	4.805525529919708e-06	0.00018632148274142892	0.07570730004226789	0.0032887541246805698	0.00308644931888381
165	1.7070904435173484e-05	3.3159770969199943e-06	0.0001970099298424337	0.07553530001314357	0.00317614279471765	0.0029587459833431227
166	1.0539826081945147e-05	4.170752434539974e-06	0.00015684330153432755	0.07676450000144541	0.003707432881418462	0.0035358790013676495
167	8.94708056051122e-06	3.811133623730593e-06	0.00014669303675868685	0.07786830002442002	0.0028942633297426067	0.0027348120787996782
168	9.421880296212037e-06	4.64090755818636e-06	0.00014951609727897487	0.08319829998072237	0.0029379176303782777	0.0027743387452449043
169	1.6165413807913657e-05	4.211269245699555e-06	0.00016484027093531599	0.08029030001489446	0.002943671602346399	0.0027584546483574697
170	7.733595663208983e-06	4.282757535988095e-06	0.0001712927108393676	0.0760207999846898	0.0020798984867353557	0.0018965894226967914
171	1.0341760819152618e-05	4.304183553206396e-06	0.00015358612173794922	0.07756340003106743	0.003402210291642204	0.0032339782255318954
172	7.339670041198974e-06	3.7555839326081623e-06	0.00014316071659954075	0.07775440003024414	0.0031674513596415496	0.0030131953890682015
173	8.266587545613062e-06	3.7595251176329544e-06	0.00015130510990749257	0.07827719999477267	0.0034932755284224066	0.0033299443058516683
174	1.2225769620326948e-05	4.088087449512432e-06	0.00013600956451230962	0.07974020001711324	0.0036905572648686597	0.003538233843286511
175	7.676196511215985e-06	4.159321195138385e-06	0.00012855294458719507	0.07876850001048297	0.003647881958898223	0.0035074934966046736
176	1.1178832664884268e-05	3.383717724874387e-06	0.0001175361732175946	0.07742770004551858	0.004028973939521797	0.003896875215914444
177	7.75125574461435e-06	3.3791102232921424e-06	0.00012379753804839873	0.07920440001180395	0.004178270916340397	0.004043343012324093
178	1.044249972607069e-05	3.7054039749262906e-06	0.000122607463786111	0.07295880001038313	0.0034278589074154936	0.003291103539928386
179	1.1236017253574175e-05	3.2946205924033612e-06	0.00011433953236904241	0.07748430001083761	0.0030381973782832145	0.0029093272080681944
180	7.946491287785288e-06	3.6401741569060912e-06	0.00011679175101696417	0.08004969998728484	0.0033588358140309933	0.003230457397569338
181	4.8325796117715885e-06	3.333401786444817e-06	0.000111556626147237	0.0813946999842301	0.0030778709837603214	0.002958148376214868
182	6.824167385581163e-06	3.6784655554859675e-06	0.00011615457250733664	0.08021899999585003	0.0024792384666998835	0.0023525812612514795
183	5.302430695423934e-06	3.2895804049053498e-06	0.0001043989356944282	0.08153650001622736	0.0035358309641307195	0.003422840017335962
184	7.087386657789279e-06	3.5744266513122293e-06	0.00011107668756487327	0.08214650000445545	0.00307110334068725	0.0029493648398132757
185	5.448978227365581e-06	3.598660722983338e-06	0.00011250773928322799	0.08083400002215058	0.0034031126582341376	0.0032815572800005605
186	3.9956196863723124e-06	3.2795951236093654e-06	9.536025389342768e-05	0.07037719996878877	0.003933459525042032	0.003830824056338622
187	5.715289334783397e-06	3.661143819851968e-06	8.769503483130293e-05	0.07393840001896024	0.0028050554762176624	0.002707984008231724
188	7.576157041713319e-06	3.1171089446299926e-06	0.00010487487676869511	0.0670737000182271	0.0029867489783813187	0.00287118083562628
189	7.011083009182664e-06	3.5625902100292254e-06	8.201274992729118e-05	0.07125049998285249	0.0032732630753457546	0.0031806766521992515
190	6.78344622505954e-06	3.47561112924115e-06	9.131480155101927e-05	0.07009320001816377	0.0032546628562849884	0.0031530889973796685
191	5.12269272037367e-06	3.545902992211737e-06	8.141415684514689e-05	0.06843590002972633	0.0032384658064377025	0.00314838305387997
192	7.306335894820396e-06	3.364775580334715e-06	9.575671506237979e-05	0.06803269998636097	0.003968343086858316	0.0038619152603207806
193	5.726731811649155e-06	3.602679229827105e-06	8.045915059171984e-05	0.07017009996343404	0.0032928782883422237	0.0032030897267090277
194	6.818479303026527e-06	3.3709363331733285e-06	8.350191311924768e-05	0.06957230000989512	0.003252640031701404	0.0031589487029459566
195	6.494473851013309e-06	3.3963523574530153e-06	9.214313941272063e-05	0.06730190000962466	0.002960042485550263	0.0028580085199290763
196	5.924739839077415e-06	3.4931469083137156e-06	8.956819825815395e-05	0.06851940002525225	0.003877271532003131	0.003778285446997586
197	5.502683270056483e-06	3.2984553135441203e-06	7.67553721968611e-05	0.07098620000761002	0.0033512214831123263	0.003265664972331865
198	5.773218989279294e-06	2.9009131792086717e-06	6.655751077003813e-05	0.06926779996138066	0.003954036061512652	0.003878804418574126
199	4.9226939360601795e-06	3.084013690497176e-06	6.89516657809677e-05	0.0737449000007473	0.0036313742993706625	0.0035544159259631378
200	6.253136107449797e-06	3.2565195134999536e-06	7.718285012123775e-05	0.07688019995111972	0.0030089900414386394	0.002922297535696452
201	5.2522483313486095e-06	2.8813242935857574e-06	7.340409364403937e-05	0.08120509999571368	0.0027624612714213887	0.002680923605152415
202	5.032460385020905e-06	3.3612543882970566e-06	7.478676716038158e-05	0.07944010000210255	0.0024915954060711625	0.002408414924137463
203	4.415460622682169e-06	3.0404388611939722e-06	6.826162330717008e-05	0.07960350002394989	0.0037789807091811677	0.0037032631863901213
204	4.125297243080393e-06	2.9242639033000425e-06	5.446884931201789e-05	0.07940230000531301	0.0029860802095625066	0.0029245617991041084
205	4.2283938612963e-06	3.1696527436394003e-06	5.517684564539971e-05	0.07485360000282526	0.002726099808634667	0.0026635249163843317
206	5.598685154733225e-06	3.0637906953522666e-06	6.155707858632909e-05	0.07793430000310764	0.0038088131416412156	0.003738593587204801
207	4.708606350205513e-06	3.1584409289379547e-06	6.383381334912301e-05	0.08762469998328015	0.0031159654079913036	0.003044264547363037
208	4.6530116730959515e-06	3.048402668361236e-06	6.702055288627695e-05	0.08568999997805804	0.00353185782843092	0.003457135861203186
209	5.146895173957203e-06	3.101378346640125e-06	6.676434794533139e-05	0.0797389000072144	0.00283037066045116	0.002755358038985231
210	4.8292557865488045e-06	2.9509021492974827e-06	5.8472544267362826e-05	0.07851209997897968	0.0031372797111720793	0.0030710270089688704
211	4.2086621748595075e-06	2.879010224574532e-06	6.226209079538932e-05	0.08358149998821318	0.0030081720908924276	0.002938822327697604
212	4.368155235838281e-06	2.995497820929382e-06	5.3997748254345526e-05	0.08348180004395545	0.0029350168839358294	0.0028736554826247164
213	5.151568448821712e-06	2.9689261794698046e-06	5.758704763153647e-05	0.07754530000966042	0.00400590751162003	0.003940199969360202
214	4.683400673536446e-06	3.035762863397184e-06	5.414240302744056e-05	0.08157209999626502	0.0025756745156059403	0.002513812949041566
215	5.083024752739245e-06	2.8987194258066087e-06	5.887628691436448e-05	0.08211660000961274	0.0028141995220001188	0.0027473414909072085
216	5.04164463662029e-06	2.9931783953431585e-06	5.952641497825217e-05	0.08190960000501946	0.003906980480390974	0.003839419242380759
217	5.15766498582214e-06	2.5830905924617465e-06	5.273550707590912e-05	0.0847076999489218	0.0033497169868799905	0.003289240724225797
218	4.948396418055214e-06	3.1351205684478923e-06	5.4101414952160044e-05	0.0772006000042893	0.002774075314074999	0.002711890382136336
219	4.725288754985144e-06	3.0074435835272505e-06	4.958297712005898e-05	0.07694220001576468	0.002245493507342615	0.0021881777978840435
220	5.206719815568186e-06	2.7430956552586627e-06	4.875348430647843e-05	0.08079819998238236	0.004549571442945142	0.004492868143167837
221	3.895101755191178e-06	2.9411230836043712e-06	4.962474478182916e-05	0.07823099999222904	0.0035235359129744386	0.003467074943353814
222	3.5140582537622513e-06	2.8505785259785884e-06	4.897717486534889e-05	0.07986579998396337	0.003174621266212247	0.0031192794545671573
223	5.405575715730336e-06	2.8389379074741686e-06	5.4905178594751005e-05	0.08355320000555366	0.0031494151580524076	0.003086265465834452
224	5.429123864886528e-06	2.9218719517558587e-06	4.4902058596574964e-05	0.08130399999208748	0.003459102213606368	0.0034058491591931507
225	6.529648951559792e-06	2.8977020129371186e-06	4.1877128296480975e-05	0.07565680000698194	0.0021669277916178615	0.0021156233123568835
226	4.401512247903513e-06	2.7556662724388327e-06	3.7056510033519215e-05	0.07741379999788478	0.0026594959855863074	0.002615282297032446
227	7.434647924326349e-06	2.7930078430318416e-06	4.383143603999054e-05	0.07951090001733974	0.0032122844165019208	0.003158225324694572
228	5.6957630235142786e-06	2.902274639275296e-06	3.5221471580689646e-05	0.07924940000521019	0.0030268133187544813	0.0029829938095110023
229	7.373011699266189e-06	2.720945765956072e-06	3.580652873325557e-05	0.08000899996841326	0.003236679260661974	0.0031907787744634964
230	6.057213665793574e-06	2.7946589508517764e-06	3.5666634327909556e-05	0.07325169997056946	0.0029753072664734036	0.002930788759528849
231	4.487160356601718e-06	2.804435272708062e-06	3.6605633189355256e-05	0.07958059996599331	0.0028219756542604947	0.00277807842544183
232	6.7337635014214026e-06	2.752532749400272e-06	4.2508126067854297e-05	0.07709480001358315	0.002464119640285114	0.002412125217966438
233	4.888191340959708e-06	2.7816405559395997e-06	4.49207070269244e-05	0.07352109998464584	0.0036604409793162622	0.0036078504403924383
234	3.6445758999468233e-06	2.7879993479727162e-06	3.0376684869131647e-05	0.074246599979233	0.0030535130888215745	0.0030167038287045233
235	3.1449993290008157e-06	2.6105533976120964e-06	3.253525042039307e-05	0.07404920004773885	0.0028017155026737136	0.0027634246995267074
236	4.443488375715121e-06	2.693526962702512e-06	3.989124402224555e-05	0.09507859998848289	0.0030283348988830888	0.002981306639522426
237	3.2811153291516933e-06	2.667012404337246e-06	3.4405324056005534e-05	0.09348560002399608	0.002745796790662395	0.0027054433388729007
238	3.227254471852043e-06	2.652061471798411e-06	3.898785196096e-05	0.32015749998390675	0.003750839061401742	0.0037059718934971315
239	3.911312538732525e-06	2.6275044022064206e-06	3.388688829560808e-05	0.10786499996902421	0.0033591552452929396	0.0033187295400563923
240	3.999546497966474e-06	2.613707954993794e-06	3.8218109070364176e-05	0.10844240000005811	0.0033190135864820496	0.003274182222958725
241	4.4206603451170866e-06	2.572105886521388e-06	3.318417880960535e-05	0.10826159996213391	0.0031444328185566786	0.0031042558735154347
242	4.928087887311299e-06	2.6313370745883746e-06	3.8450983492528695e-05	0.1358351000235416	0.0026512954859186665	0.0026052850774642383
243	4.317306701683992e-06	2.625352982783301e-06	3.654375350804477e-05	0.08339140005409718	0.00328698781526444	0.003243501402071928
244	5.3528390113421225e-06	2.642143488650772e-06	3.1498818386468384e-05	0.08584449999034405	0.002822947272776503	0.0027834534718900418
245	4.610504716375649e-06	2.513985349914542e-06	3.234809163855671e-05	0.0839957999996841	0.002393297653557669	0.002353825071852822
246	4.489142853608832e-06	2.509343724589492e-06	2.9202183317294815e-05	0.0833940000156872	0.00339829770476873	0.0033620970348732368
247	4.0737051271827085e-06	2.5783587179885017e-06	3.3057710696311614e-05	0.0828771999804303	0.0038583270430067413	0.0038186172684652585
248	4.864127139039612e-06	2.4972315764940842e-06	3.6283922685917984e-05	0.08795670000836253	0.0020836214005460416	0.00203997611914459
249	3.966198051034122e-06	2.5167203910638243e-06	2.9871469304046324e-05	0.08106530003715307	0.0026134159862584126	0.0025770615985122682
250	4.555275027444078e-06	2.5156498510302706e-06	3.2589042269181654e-05	0.0805005999864079	0.0030743835910057617	0.0030347236238581054
251	4.5607788130616815e-06	2.5826862393772444e-06	3.1448818479563734e-05	0.0847395999589935	0.003340397074237551	0.0033018047907055485
252	5.179768237532058e-06	2.573911276957579e-06	3.063026852384993e-05	0.08196179999504238	0.0022744701555894933	0.0022360862075511538
253	4.491668319777798e-06	2.6614408292391227e-06	3.4380526536173365e-05	0.08656070003053173	0.0027851171184776076	0.0027435834827924175
254	3.46696074530146e-06	2.637388065542349e-06	3.617433326234895e-05	0.09295989997917786	0.003183818807573105	0.0031415401254999125
255	5.21888552206309e-06	2.724485718185828e-06	3.3068527686672464e-05	0.08682490000501275	0.0034373413455334517	0.0033963294466065304
256	4.190473136804781e-06	2.60422601995515e-06	2.8938476668654817e-05	0.08849220001138747	0.002754546660508319	0.0027188134846829045
257	3.645815940783047e-06	2.6023099228186343e-06	3.3487387533695096e-05	0.08087609999347478	0.0031698720233347658	0.003130136509937469
258	4.235494841397902e-06	2.745252000825926e-06	3.1913128221130495e-05	0.08230050001293421	0.0030117960740397957	0.0029729021989764416
259	5.561575609380455e-06	2.6966742709458093e-06	2.9213602497966485e-05	0.0926150000304915	0.003300241575253676	0.0032627697228753832
260	4.670083499399898e-06	2.515115416205222e-06	2.4509322794790367e-05	0.08052979997592047	0.004145684707130407	0.004113990185420012
261	7.384536837792194e-06	2.487717825208006e-06	2.3693425398906027e-05	0.0825990000157617	0.0036432491481348385	0.0036096834680729322
262	5.332014555235385e-06	2.4879126992895336e-06	2.5152452199780888e-05	0.08118159999139607	0.002601580126442322	0.002568607746988016
263	6.047144514131089e-06	2.5631626243157114e-06	2.5241404813054633e-05	0.0802467999747023	0.0040014532348713015	0.0039676015229198
264	4.882319278973105e-06	2.635550461864572e-06	2.43692585857713e-05	0.08217700000386685	0.0028905832112226426	0.0028586960828960338
265	5.725703346898844e-06	2.424073415454836e-06	2.2680015244875044e-05	0.07856170000741258	0.003097674095745624	0.0030668443037383955
266	3.646844091999152e-06	2.5052664784914796e-06	2.121648567553585e-05	0.08675419999053702	0.003047240040004621	0.0030198714437585945
267	5.156155605803935e-06	2.495817796516018e-06	2.215713371844718e-05	0.08242380002047867	0.003507229404126843	0.0034774202970060757
268	4.445629976252738e-06	2.5344706472609547e-06	2.3132116932805288e-05	0.0875318999751471	0.0026660248901966273	0.0026359126726403083
269	4.913679622452184e-06	2.399690806781719e-06	2.229842962559291e-05	0.08240940002724528	0.003025581517358065	0.0029959697173032383
270	3.839111439220507e-06	2.4639566316167945e-06	2.3763701315142925e-05	0.08809670002665371	0.0034915802357548503	0.00346151346636887
271	4.122287338788657e-06	2.433957352323557e-06	2.1418798286165684e-05	0.07579790003364906	0.003118950474624609	0.003090975431647331
272	3.807252083478454e-06	2.385683583562424e-06	2.162643053641161e-05	0.0814570999937132	0.0017494182860066246	0.001721598919803172
273	3.6855260266529166e-06	2.456898091359457e-06	1.9415981612046024e-05	0.08583539997925982	0.0035210409428239717	0.003495482537093913
274	3.7138284090280257e-06	2.3589012437753637e-06	1.7324160691896806e-05	0.09016939997673035	0.0032418974990855226	0.0032185006087408225
275	3.8996149856800365e-06	2.3696003870880084e-06	2.226031654848251e-05	0.08111389999976382	0.003442958458971688	0.0034144289270504375
276	4.358038077238156e-06	2.3808593265073384e-06	2.2718644258816592e-05	0.0952592000248842	0.0032533309535599563	0.003223873411897394
277	4.0776006791703885e-06	2.427609460041295e-06	2.182935078017696e-05	0.12787800002843142	0.003392790175017074	0.003364455614097685
278	3.2990649585711306e-06	2.395269590947723e-06	1.768502126527087e-05	0.10235899995313957	0.003266759849725838	0.0032433804939110485
279	3.614526974994563e-06	2.3737296583215697e-06	2.2775116469165453e-05	0.09456140000838786	0.0028291830210399153	0.002800419647937434
280	3.300556617352227e-06	2.322604813557208e-06	1.7952291014022478e-05	0.08522439998341724	0.003480990112579908	0.003457414660134976
281	4.0382997475426855e-06	2.3442698474715485e-06	2.1604342540195798e-05	0.07172609999543056	0.003678742688437071	0.003650755776301861
282	4.589244479654175e-06	2.371766536738985e-06	1.8648524512296872e-05	0.06366039998829365	0.0035146599016812434	0.003489050366152553
283	3.7142953778852378e-06	2.3289990009853935e-06	2.0316423298560324e-05	0.06550660001812503	0.0025220920724869874	0.0024957323548095564
284	3.8728057317463725e-06	2.285022569634874e-06	1.7363449671103646e-05	0.07899439998436719	0.0026094722071317283	0.0025859509291592435
285	3.990370650664047e-06	2.2508877748730384e-06	2.0214430572576535e-05	0.07116980000864714	0.003675010846398947	0.003648555157400833
286	4.127726479846696e-06	2.211042079371056e-06	2.0210489739855384e-05	0.0659684999845922	0.003373322582784345	0.003346773324485272
287	3.0335418990371008e-06	2.281148765575983e-06	1.7749896033013827e-05	0.06674710003426298	0.0027159331952529217	0.002692868608555295
288	3.57321880768808e-06	2.3016192912474826e-06	1.587970162057149e-05	0.06088639999506995	0.003006793823680685	0.002985039283961178
289	4.232946487908001e-06	2.161399957369995e-06	1.5682678295369053e-05	0.0891214000293985	0.002571510367826792	0.0025494333430861453
290	3.1673857982149764e-06	2.2298971237129822e-06	2.0083801412162175e-05	0.11404010001569986	0.0031710353971079776	0.0031455543127738876
291	3.8574882166740065e-06	2.166979492302165e-06	1.5988453136737084e-05	0.11417339998297393	0.002988539972518529	0.002966527051672816
292	3.5417034503734957e-06	2.178866579961456e-06	1.736815011794887e-05	0.09886629995889962	0.0034470727325518736	0.00342398401240359
293	2.8066052623542438e-06	2.1832049894667887e-06	1.6208562038719975e-05	0.06371199997374788	0.003125842021106054	0.0031046436488155133
294	3.8010147328609258e-06	2.2384039205269534e-06	1.585492061143634e-05	0.06918079999741167	0.0026202151498008197	0.0025983208105359954
295	3.8141086980021477e-06	2.108072405139745e-06	1.8275342782353917e-05	0.06957190000684932	0.0030826962027154063	0.0030584986788299105
296	3.3244678175323604e-06	2.1577978438072586e-06	1.5814615999039105e-05	0.06562200002372265	0.002338778390159901	0.0023174815084995226
297	4.0892424603820305e-06	2.1027792281398486e-06	1.5774462161845417e-05	0.06433329998981208	0.0030584757920282565	0.003036509308177889
298	3.0368092977901276e-06	2.1540854549188205e-06	1.4002823908933079e-05	0.06953779998002574	0.0026229733404505686	0.002603779621788927
299	3.4029853624086404e-06	2.090155126180445e-06	1.404625108570306e-05	0.08863539999583736	0.0027329627828286624	0.0027134233912543704
300	4.867624402998908e-06	2.1387000879256566e-06	1.5826542564717255e-05	0.08687470003496855	0.0030776986614448414	0.0030548657943891997
301	3.3739869612571925e-06	2.056284653210926e-06	1.3977157268940728e-05	0.13761320000048727	0.003229412747049378	0.0032100053181659694
302	3.7850485067263347e-06	2.065381710102243e-06	1.2643412701071228e-05	0.21796600002562627	0.002225999458518463	0.0022075056156005634
303	4.212020401633564e-06	1.9625824975071025e-06	1.4173052183233786e-05	0.19798890000674874	0.0023638592479309434	0.002343511592848569
304	3.6111916877818083e-06	2.0883635702211234e-06	1.3549889711080216e-05	0.1645262999809347	0.00254161657107135	0.002522367126102267
305	3.306962572014249e-06	2.12350585897873e-06	1.3613441826819664e-05	0.14392870001029223	0.002389156150700871	0.0023701122404430584
306	3.606562582732782e-06	2.085723748196887e-06	9.869001306063811e-06	0.12015249999240041	0.0029649700925964474	0.002949408804959454
307	3.4345402008292648e-06	1.9654371346376135e-06	1.4002482391728561e-05	0.11916470003779978	0.002606715465053385	0.0025873130053261895
308	3.864734092701943e-06	2.0357915207147812e-06	1.4417004571768729e-05	0.11727100005373359	0.0028922204352751454	0.00287190290508996
309	3.4575922838106374e-06	2.04960460907931e-06	1.4816155147675352e-05	0.13209180004196241	0.002780951377143228	0.0027606280251026624
310	3.6396663417957966e-06	2.0512720653333358e-06	1.1939804525453096e-05	0.10033809999004006	0.0034789693841505475	0.0034613386412179654
311	3.0253987229257927e-06	2.041268940433647e-06	1.1415553915070705e-05	0.11302170000271872	0.0025499962020370144	0.0025335139804585844
312	3.551983714474139e-06	1.988763723240997e-06	1.473906555954263e-05	0.09134629997424781	0.002574618396126797	0.002554338583129539
313	4.1205623470611065e-06	1.9906780939193114e-06	1.4534826588560436e-05	0.09156410000286996	0.0026356803857278165	0.0026150343186982757
314	3.871598423475576e-06	1.9970120561039998e-06	1.3061679269505523e-05	0.09037610003724694	0.003479552459547863	0.003460622169798778
315	3.928973452034642e-06	1.9562011578898944e-06	1.1575795540913348e-05	0.08697360003134236	0.002887191545526492	0.0028697305753756543
316	2.583586320692739e-06	1.9901629649636066e-06	1.030180397176786e-05	0.09288129996275529	0.0039145967119242125	0.003899721158666788
317	3.419709878366919e-06	1.9249721773201047e-06	1.1614168463243683e-05	0.09523800003807992	0.003028714661417846	0.0030117558108989154
318	3.18704035931468e-06	1.9420895367227247e-06	1.0615407230124141e-05	0.08662439999170601	0.0035833063826339203	0.0035675618455077588
319	3.624339645193135e-06	1.923066585974965e-06	1.0445636050440386e-05	0.08523570001125336	0.0038157270883589943	0.0037997340460773858
320	3.6436486117351064e-06	1.8587191741065618e-06	1.1300028950443581e-05	0.086000100011006	0.0033072785926520896	0.0032904761959158045
321	3.6087481892046585e-06	1.8641479254671026e-06	1.0638897578301237e-05	0.09017969999695197	0.003662212008750534	0.0036461002150575605
322	4.58792641188936e-06	1.891858838739514e-06	1.2611777194777507e-05	0.10223979997681454	0.0026208013659841482	0.002601709803538742
323	3.5514331318026772e-06	1.8558228129208187e-06	1.141982796897252e-05	0.09600510000018403	0.0030931789029401543	0.0030763518190264584
324	3.4471128590242562e-06	1.898809575405936e-06	1.2274880573188714e-05	0.10600550001254305	0.0028514174419232378	0.0028337966389156187
325	3.89888019021651e-06	1.934374552788848e-06	1.2595451791791408e-05	0.10810239997226745	0.002954860226477514	0.002936431519942717
326	3.639778593464584e-06	1.8646074196276595e-06	1.1887954363010399e-05	0.08156790002249181	0.002310152358668573	0.0022927600182924704
327	3.029805209805753e-06	1.9102366480287723e-06	1.1429451159891987e-05	0.07954190002055839	0.003188491000718076	0.0031721215077003496
328	3.202557399878821e-06	1.836206680801975e-06	1.2335800128790938e-05	0.08230440004263073	0.0022212043686981927	0.002203829804488721
329	3.263082054843303e-06	1.8426246962227444e-06	1.1831886371088074e-05	0.09055149997584522	0.003253102396132046	0.003236164803009892
330	3.1428715944228305e-06	1.972330115058208e-06	1.194752373050266e-05	0.0863155999686569	0.0030389082501737805	0.0030218455247337968
331	3.2390465005373886e-06	1.7804940461282683e-06	1.1502323802160528e-05	0.08767430001171306	0.0036996590210571305	0.0036831371567083047
332	3.3923095664977156e-06	1.8398527776960835e-06	1.2175715947284938e-05	0.08556499995756894	0.003035728075100666	0.003018320196809187
333	3.2360363252916427e-06	1.959706517013499e-06	1.1593258482648308e-05	0.09647309995489195	0.0030303059211443995	0.0030135169198194462
334	4.294585488306342e-06	1.8697157106066932e-06	9.909017785285905e-06	0.09025160002056509	0.003038092610249833	0.0030220192912656344
335	3.858338462396357e-06	1.776799028228799e-06	1.1025343062551984e-05	0.09977769997203723	0.0027708303853530686	0.0027541699047998916
336	4.1681289867049955e-06	1.7763099748844098e-06	1.0521180393192588e-05	0.10015010001370683	0.002904720480514326	0.002888254861159544
337	4.180427505706042e-06	1.8375160962444043e-06	1.0227816526579202e-05	0.10597179998876527	0.0027738626851732014	0.0027576169250446716
338	4.869715050088806e-06	1.7002616565336937e-06	8.506860242351219e-06	0.08797400002367795	0.002692305516606265	0.0026772286796572916
339	4.838230994123877e-06	1.8201251207450127e-06	1.0294266324064375e-05	0.0961381999659352	0.002505954165394416	0.002489001542955483
340	5.98122799104646e-06	1.8258815167519355e-06	1.2311089718280364e-05	0.0996195999905467	0.003031749278208269	0.0030116310789821904
341	4.849670262893516e-06	1.8689425495735937e-06	9.961486671271569e-06	0.11556609999388456	0.0037685746743476287	0.0037518945748638904
342	3.577061330632504e-06	1.8040874870168088e-06	8.807844054272316e-06	0.17599080002401024	0.0032184585471826815	0.0032042695543107597
343	5.018693986122214e-06	1.7472697467390849e-06	8.798459038922663e-06	0.1478179999976419	0.0024802955512165646	0.0024647311284447804
344	4.672887299469745e-06	1.7306730234337275e-06	9.533813058043045e-06	0.08612100000027567	0.0033159596581180213	0.0033000222847370747
345	3.2852072202429094e-06	1.7264918199820597e-06	7.774515656221389e-06	0.0818044999614358	0.0027803075044942564	0.00276752128979781
346	3.231023613622105e-06	1.7388363057479026e-06	8.326039903153594e-06	0.07490240002516657	0.004001276627979321	0.003987980728156797
347	3.747453541330955e-06	1.705089779247042e-06	9.23877977206695e-06	0.07051739998860285	0.0034814929267188467	0.0034668016036262014
348	4.219790763891861e-06	1.7150036077105702e-06	8.479743812583459e-06	0.07066579995444044	0.0027048764968360278	0.002690461958651842
349	4.4362243220571365e-06	1.7779434397892599e-06	8.665810375271323e-06	0.0661732999724336	0.00341227904929741	0.0033973990711602927
350	4.958701861861431e-06	1.7217086918102114e-06	1.0369290861800992e-05	0.07360860001062974	0.00208440133868382	0.0020673516372683477
351	4.6873714673916055e-06	1.6918055365816112e-06	8.746216018823313e-06	0.06523960002232343	0.003135932005178634	0.0031208066121558376
352	4.3514992202842455e-06	1.6904866760066993e-06	1.0900774744470069e-05	0.06840630003716797	0.003107222345543955	0.003090279584903194
353	4.202104637295471e-06	1.7798837092234903e-06	9.166622358958451e-06	0.0636174000101164	0.002680784683506214	0.002665636072800737
354	3.540572996751828e-06	1.7482226172258396e-06	1.0049819789016081e-05	0.06328870001016185	0.0028923099911875557	0.002876971375784562
355	3.8924142784073006e-06	1.6256987995735952e-06	7.809805748333495e-06	0.06810580001911148	0.0032042791861618333	0.0031909512673355188
356	3.846278498060182e-06	1.672375206833588e-06	9.028597667737072e-06	0.058709400007501245	0.003002073082279192	0.002987525830906561
357	2.9211745804905026e-06	1.7187277106204668e-06	7.877021176675039e-06	0.06525639997562394	0.003359147151743185	0.003346630228275399
358	2.838784608662171e-06	1.6303637217740673e-06	8.227959018901143e-06	0.06372540001757443	0.003123021979560945	0.003110324872211608
359	4.503264179698187e-06	1.7130221512570772e-06	8.677851667716362e-06	0.06422020000172779	0.00276070986762407	0.0027458157296253983
360	2.940505855568086e-06	1.735697829225227e-06	7.983488537099434e-06	0.0680599000188522	0.0032329839140153864	0.003220324221793494
361	5.13999170799474e-06	1.704666543619374e-06	8.762054661328906e-06	0.06880579999415204	0.003361180609811653	0.00334557389689871
362	3.959229728032007e-06	1.6321969717408878e-06	8.75712339754971e-06	0.07304510002722964	0.0028022666449823374	0.002787918094885015
363	4.332830974046204e-06	1.6585089049154567e-06	9.39549724623958e-06	0.07696649996796623	0.0028645400578190074	0.002849153220693806
364	3.6792528681625276e-06	1.7479949690093418e-06	8.316253077628774e-06	0.06812940002419055	0.004008649767097353	0.003994906266182553
365	3.5261941675506188e-06	1.6806448268904974e-06	9.851164274754054e-06	0.07792089995928109	0.0024961988446040692	0.002481140841334874
366	4.435003876215505e-06	1.643356595021449e-06	1.0278573398986687e-05	0.07233759999508038	0.003152563650292504	0.0031362067164222808
367	3.5221661239481373e-06	1.6615543077959453e-06	8.911423614405777e-06	0.07208219997119159	0.0033889498357029288	0.003374854691656779
368	3.6661755759400716e-06	1.5566938067313418e-06	1.0375517902404559e-05	0.0748920000041835	0.0029235260527356475	0.0029079276654505716
369	3.8555454401529e-06	1.6300757027471782e-06	1.0039723378850842e-05	0.07408049999503419	0.002999025884066328	0.002983500539544577
370	3.1185902604670416e-06	1.651185832724003e-06	7.82409680823126e-06	0.07150060002459213	0.00321079371937005	0.003198199846468628
371	3.6056859436415233e-06	1.6251799287262852e-06	6.126829623734504e-06	0.07916159997694194	0.002777036582170389	0.0027656788866742867
372	4.025321244085814e-06	1.6007127603424684e-06	5.891574654132767e-06	0.07465959998080507	0.003174451042515006	0.003162933433856445
373	4.2629070675000304e-06	1.589439258159936e-06	6.956632535721622e-06	0.07845249999081716	0.0032742805139497687	0.003261471535088387
374	3.5660646611009147e-06	1.5658919376972756e-06	6.524710218275074e-06	0.07674020004924387	0.0020861855624111788	0.002074528895594106
375	3.7453874882030254e-06	1.5976916985116186e-06	6.6700179820724695e-06	0.0772434999817051	0.003200393100514966	0.0031883800033461786
376	3.6049881924380903e-06	1.5719581388084348e-06	8.358818557305481e-06	0.0886731999926269	0.0028664857106810173	0.002852949945792465
377	3.2546566386073777e-06	1.5464303364921783e-06	6.438346207469248e-06	0.0795771999983117	0.0031217752688264423	0.0031105358356438738
378	3.930086097100106e-06	1.5788112239026055e-06	8.239177562722369e-06	0.08218970004236326	0.0030949913711151127	0.0030812432962313875
379	2.9678152555289625e-06	1.4587381777670887e-06	6.652954140035525e-06	0.08307819999754429	0.0029517969994641204	0.002940717491890789
380	2.4885298392264825e-06	1.4944720642945946e-06	7.127939932096749e-06	0.08500100002856925	0.002496774649963004	0.0024856637081273865
381	3.376740022325357e-06	1.5265229915306771e-06	5.491117844189899e-06	0.07330709998495877	0.0029190991452506445	0.0029087047643925985
382	3.871676926848948e-06	1.5826358963558867e-06	6.696261314013463e-06	0.0735768000013195	0.00435155076282337	0.004339400188686152
383	3.3186115943656686e-06	1.4880525520547819e-06	7.246819578363931e-06	0.07806740002706647	0.003239801765870342	0.0032277482821455577
384	4.630632724695393e-06	1.4599077251013163e-06	7.942221258150839e-06	0.07231959997443482	0.002708461839325591	0.002694429077617643
385	4.407405300710157e-06	1.5059462565989585e-06	8.773007268766901e-06	0.07307599997147918	0.0031374312277552773	0.0031227448689292014
386	4.1060737566926405e-06	1.3867588630886748e-06	8.391765266971763e-06	0.07360520004294813	0.0024472337155248196	0.0024333491176380664
387	3.339121340793011e-06	1.592521947284386e-06	1.0434493390027922e-05	0.07244730001548305	0.004031458777894318	0.004016092641216213
388	3.7374296641264307e-06	1.6757539046572344e-06	1.0331124882228522e-05	0.07322819996625185	0.0029255698806402762	0.0029098255721892643
389	4.087218789354313e-06	1.7032782613767082e-06	1.1111525244283442e-05	0.0681709999917075	0.0027847392298704222	0.002767837207575408
390	3.3664976266535036e-06	1.7664032012984908e-06	1.3036171089770391e-05	0.08040999999502674	0.0023446297430881175	0.002326460671170395
391	3.915544747875537e-06	1.6456683508245005e-06	1.275359668223446e-05	0.07450959994457662	0.0028018264364309915	0.002783511626650057
392	2.992826689081695e-06	1.7769382634884476e-06	1.2275456093624006e-05	0.08088940003653988	0.0028817226992050456	0.0028646774781588514
393	4.123257091318505e-06	1.7993694911078506e-06	1.3060346063673201e-05	0.07848279998870566	0.0031076561005235754	0.003088673127877476
394	4.6632947134958815e-06	1.8699738267782848e-06	1.2865579013359504e-05	0.08674950001295656	0.003369710782244052	0.0033503119346904183
395	3.5283768432740125e-06	1.7959647328308303e-06	1.2326342451518435e-05	0.079659300041385	0.003598254742174564	0.0035806040581469406
396	4.785426041552524e-06	1.9543020776616897e-06	1.1217840797000086e-05	0.07133589999284595	0.002959688720018287	0.0029417311511020726
397	3.735119086295253e-06	1.8698106079193138e-06	1.0963232181558634e-05	0.07851180003490299	0.0035320396919242742	0.0035154715300485012
398	3.550260166200554e-06	1.7742693102663505e-06	1.0919462154203038e-05	0.07369739998830482	0.0031130821541470546	0.0030968381625163847
399	4.702428488809772e-06	1.7142449226209683e-06	7.917384429560267e-06	0.07522240001708269	0.0031865662168693992	0.003172232159028408
400	3.1705015094216884e-06	1.8764320280693897e-06	7.608780409946563e-06	0.0750599000020884	0.003129351401983531	0.0031166956880360934
401	4.248816514846193e-06	1.6248243476311757e-06	7.459876264819469e-06	0.07378550001885742	0.0039092525914275885	0.003895919074300292
402	4.775882430159091e-06	1.718623413073968e-06	5.488171556804749e-06	0.08222300000488758	0.004128987058634976	0.004117004381234938
403	4.466223244505218e-06	1.5892635719502486e-06	5.728851953310695e-06	0.08240810001734644	0.002779749392073709	0.002767965053303943
404	4.967144359626515e-06	1.5048910930245192e-06	5.24797625570779e-06	0.08565909997560084	0.002295967691122191	0.002284247679413832
405	4.265287947630833e-06	1.5223436811756714e-06	5.1246533963838645e-06	0.08357070002239197	0.0028628961996663514	0.0028519839146411608
406	3.9883995488121e-06	1.5332336398112167e-06	6.127478336449648e-06	0.0842809000168927	0.0025693549328414415	0.0025577058213163686
407	3.1717067851395826e-06	1.5088023416338457e-06	5.185814693694409e-06	0.08052819996373728	0.0029580549186059247	0.0029481885947854566
408	5.066291116748437e-06	1.477605076467303e-06	6.677825833978118e-06	0.08194669999647886	0.003203212141495388	0.003189990419468194
409	3.5045558193537373e-06	1.5877881308626501e-06	5.179276262348491e-06	0.07987949997186661	0.003054578528772116	0.003044306908559551
410	4.067213654563964e-06	1.5890609477847325e-06	4.725497069886584e-06	0.08253349998267367	0.0028190956595367587	0.0028087138878645232
411	3.899964348912498e-06	1.554394673644321e-06	5.1600599487040054e-06	0.0822453000000678	0.00265214847093265	0.0026415340519613893
412	4.2295334703372085e-06	1.4663828776386803e-06	5.3468500599195125e-06	0.07692630001110956	0.0031375197361171525	0.003126476969709257
413	5.2739154733437795e-06	1.5821994230422826e-06	5.8102508152808e-06	0.07883509999373928	0.002312279002609148	0.0022996126368974813
414	5.711441900148795e-06	1.6538204036228226e-06	7.048800875743245e-06	0.07568329997593537	0.00309607791016866	0.003081663846989145
415	6.555253857182886e-06	1.5823308186663581e-06	7.786584101122077e-06	0.07360579998930916	0.0030798014620747683	0.003063877293297797
416	5.831073601608053e-06	1.573246557235013e-06	8.459015765095594e-06	0.07785410003270954	0.002708624732807944	0.002692761396884005
417	5.052442620368866e-06	1.4989907216098134e-06	7.450139429626212e-06	0.07619459996931255	0.0029862520189409417	0.002972250446169337
418	4.115082285535318e-06	1.40517991581147e-06	6.254311138983359e-06	0.077138599997852	0.0029770660210229885	0.0029652914476826584
419	3.904416635512444e-06	1.5878527347349999e-06	4.5631608235227985e-06	0.07670470001176	0.0023241780603690605	0.00231412263017529
420	3.933787383086111e-06	1.5080669613039594e-06	4.887922786756533e-06	0.0784855000092648	0.0028254291273050024	0.002815099350173856
421	4.547089359277376e-06	1.5162256392128792e-06	7.540714423242096e-06	0.07506829994963482	0.002789975514891134	0.002776371485469402
422	6.6144347925125055e-06	1.5129044673508988e-06	1.1374961329744843e-05	0.07563409995054826	0.002447181519120092	0.002427679218530484
423	9.772605159675649e-06	1.6433803353636684e-06	1.9146012382431136e-05	0.07428340002661571	0.0029166310510200153	0.002886069053142545
424	1.088207630997686e-05	1.587271919629533e-06	1.978249416257618e-05	0.0813884999952279	0.0025346451089487583	0.0025023932665565757
425	9.992186018875288e-06	1.6164777353440156e-06	1.940384792391894e-05	0.07743730000220239	0.0032139421292018996	0.003182929617523761
426	8.629228753599889e-06	1.6598031336807833e-06	1.8230147517666424e-05	0.07998610002687201	0.0028177784831285566	0.0027892593037236093
427	6.614546673365103e-06	1.5842136195501546e-06	1.6541371839224267e-05	0.08216140000149608	0.002741192772571961	0.0027164526404398217
428	4.7282537775694616e-06	1.6273642942010134e-06	1.2155432832646946e-05	0.07944499998120591	0.0025566719564443768	0.0025381609055399597
429	4.08650112110988e-06	1.5175802283442195e-06	7.71018718663387e-06	0.08275130001129583	0.00350162464396818	0.003488310375432092
430	4.479451090887333e-06	1.4870672179115081e-06	5.6839738224829945e-06	0.08039800002006814	0.0037403816019500736	0.003728731109818792
431	5.038825895922579e-06	1.4511534452222525e-06	4.375243314902737e-06	0.085968800005503	0.0034565453104717096	0.0034456800878156623
432	6.757590678591258e-06	1.438539728306755e-06	4.903134292711326e-06	0.07496319996425882	0.003090629135759327	0.0030775298710597177
433	9.355957954608822e-06	1.4588231815601387e-06	6.7364297355334296e-06	0.07940679998137057	0.0025852134729418257	0.0025676622620701235
434	9.264319397475334e-06	1.4294418167884554e-06	6.616594083291471e-06	0.07797420001588762	0.002772083273676315	0.0027547729183787597
435	9.450649514382355e-06	1.5225787676132474e-06	8.342557238940845e-06	0.0792109000030905	0.003481123516278956	0.0034618077307580195
436	8.596950382426843e-06	1.4010930400525772e-06	8.500476787444093e-06	0.08126919995993376	0.002342838344304486	0.0023243398240945625
437	7.344726739443709e-06	1.3880989525859934e-06	8.685534293321265e-06	0.0842248999979347	0.0032580331967129467	0.003240614836727596
438	6.691623903136701e-06	1.3959283721647897e-06	9.228684146867193e-06	0.08152909995988011	0.003095238465639322	0.0030779222292171534
439	5.603424125424737e-06	1.5190330248515082e-06	7.90845482101951e-06	0.07715719996485859	0.0027796735954374575	0.0027646426834661616
440	4.1822576480645704e-06	1.4680057901808273e-06	6.502840604370631e-06	0.07822940003825352	0.0020033074126453022	0.001991154308602686
441	3.2922997142530433e-06	1.5277193105804346e-06	5.834340522012703e-06	0.08120959997177124	0.002501990445293811	0.0024913360857469645
442	4.159157702496341e-06	1.3996428532140362e-06	5.464237303518543e-06	0.07996870001079515	0.0034002770931772703	0.0033892540553180418
443	4.097932181283007e-06	1.6251762053585259e-06	4.1737983622123e-06	0.08022689999779686	0.0032740111050919727	0.003264114198343119
444	5.830600189057989e-06	1.5168551626206073e-06	5.1087154071330845e-06	0.09947080002166331	0.00345841219883887	0.0034459560280800583
445	8.154820819624425e-06	1.4225281615105727e-06	4.442113446246453e-06	0.10379280004417524	0.0031705322014577856	0.003156512739030404
446	7.845348614286132e-06	1.400509682272158e-06	4.808732099773965e-06	0.08460529998410493	0.0028933485574206916	0.0028792939670243597
447	5.850008095414636e-06	1.3686176375159437e-06	4.518088267490224e-06	0.08389979996718466	0.0026335562686723526	0.0026218195546719317
448	5.531918543919772e-06	1.4835870330929957e-06	4.659228376472785e-06	0.08798830001614988	0.0031786636890868396	0.003166988955133354
449	4.1731654113304175e-06	1.3420705374807255e-06	3.90871431660217e-06	0.09159159997943789	0.002149234786265613	0.0021398108360001994
450	5.527314795949931e-06	1.461495083815243e-06	4.532190216235029e-06	0.09390290000010282	0.0022972214720683825	0.002285700471972382
451	4.304260481705592e-06	1.4283600638001143e-06	5.440160970878979e-06	0.08627929998328909	0.00400149119940299	0.003990318417886605
452	3.643385561460243e-06	1.3876090389280906e-06	4.238691215559993e-06	0.07826579996617511	0.002647108079316708	0.0026378383935007597
453	3.708132770891464e-06	1.502964782345408e-06	4.133432064507315e-06	0.09132539998972788	0.0033130722354281065	0.003303727705810362
454	3.504059721202855e-06	1.507502480310657e-06	4.809038471351215e-06	0.07819189998554066	0.0028864496498012746	0.0028766290491284096
455	3.892211940437466e-06	1.347177585882011e-06	4.272462340371155e-06	0.07723160000750795	0.003218915641409203	0.0032094037895425125
456	3.598860468638948e-06	1.4756893532499771e-06	4.544843263100079e-06	0.08467100001871586	0.0030353535814877292	0.00302573418840274
457	3.4314071930394646e-06	1.4674594796210835e-06	3.785407889905493e-06	0.08962280000559986	0.0035846619163278537	0.0035759776417652873
458	3.341838288276456e-06	1.4238928020254863e-06	4.289652753513009e-06	0.07989200000884011	0.0024245086370198268	0.002415453253176012
459	3.3946279838754755e-06	1.350201343809029e-06	5.125078767998908e-06	0.07503900001756847	0.002891194682588518	0.0028813247744928347
460	3.2114507079424483e-06	1.4371351191673464e-06	4.992373823744657e-06	0.07729459996335208	0.002751658842096699	0.002742017882445844
461	2.985271757728791e-06	1.4040694958463124e-06	7.033343095296188e-06	0.07231560000218451	0.0025535547463538034	0.0025421320620049323
462	4.131900927029378e-06	1.4502047662201428e-06	8.300146709808322e-06	0.0771585000329651	0.003324231638433616	0.003310349386030558
463	5.424273575827005e-06	1.4721186429250188e-06	1.5734336702809347e-05	0.07657639996614307	0.003409882789443251	0.0033872520605216895
464	5.845813866842494e-06	1.571442043592641e-06	1.9105957487678693e-05	0.07431370002450421	0.003130843947097322	0.003104320733699208
465	4.989165727682343e-06	1.496253578318716e-06	1.9016029782076594e-05	0.07251809997251257	0.0029393111015374707	0.002913809652449393
466	3.7438540021118605e-06	1.595069779196349e-06	1.5114756346831877e-05	0.06985169998370111	0.0029459184365258875	0.0029254647563977474
467	3.6724828069267456e-06	1.5118288285182104e-06	1.1670154684422055e-05	0.0770388999953866	0.0031378246258038337	0.0031209701594839667
468	2.9399927427185503e-06	1.390144891726005e-06	8.34553085447283e-06	0.08527340000728145	0.002957114842308982	0.0029444391738200643
469	3.891428940957241e-06	1.384966359032121e-06	5.01255818912832e-06	0.07711990003008395	0.002681314016127131	0.0026710250626380137
470	4.6833123794672e-06	1.3740677601325184e-06	4.056399551364451e-06	0.08452700002817437	0.0021936653998126513	0.0021835516201216872
471	5.826240382608778e-06	1.329855578847224e-06	4.742099261463803e-06	0.07007000001613051	0.0026725193183181374	0.0026606211230952173
472	5.1210018026401385e-06	1.224736547769947e-06	4.276536212140222e-06	0.07602410000981763	0.002489839180141188	0.002479216905578638
473	4.885065533267405e-06	1.2879383442183284e-06	3.85557786516649e-06	0.08415190002415329	0.003511334882842067	0.0035013063010994145
474	5.0045071299946615e-06	1.2853296142150331e-06	4.329534334903439e-06	0.09013480000430718	0.002530306059740716	0.0025196866886616027
475	4.827369893777586e-06	1.302918183113927e-06	4.789564145862745e-06	0.07307819998823106	0.003016979474491002	0.0030060596222682475
476	3.979604936279514e-06	1.3094383645234235e-06	4.43043559124106e-06	0.07607879996066913	0.0022749952982987383	0.002265275819406694
477	4.337993330151156e-06	1.2472858558696715e-06	6.133117713587126e-06	0.0786591999931261	0.003219218387074526	0.003207499990174918
478	3.874566248615513e-06	1.2637566940246303e-06	5.612361061848077e-06	0.08567269996274263	0.003210078851045291	0.0031993281670408026
479	3.3141716824434827e-06	1.2735489289829567e-06	5.655536516368079e-06	0.08319869998376817	0.0027632371763765206	0.002752993919248726
480	3.625933703643941e-06	1.2637607482603339e-06	4.377613733040186e-06	0.07944770000176504	0.0029004003454242045	0.00289113303723926
481	3.5114090822169544e-06	1.2040490628231033e-06	3.3974021924711064e-06	0.0809093999559991	0.002879371486974433	0.002871258626636922
482	4.234877750537881e-06	1.235476115549065e-06	3.878901987690047e-06	0.07968260004417971	0.002894424736797639	0.002885075480943862
483	4.047059062139817e-06	1.2976599162372981e-06	4.603801875424639e-06	0.08484839997254312	0.002721924696013352	0.00271197617515955
484	4.5541052693766126e-06	1.3403224548905713e-06	4.47290353171655e-06	0.08009020000463352	0.003803979541898693	0.003793612210642709
485	4.829521164424752e-06	1.2732251150803806e-06	5.255625073240614e-06	0.08202470000833273	0.0031375882664902047	0.0031262298951374593
486	4.51707253097482e-06	1.22637037998351e-06	4.378621339279368e-06	0.07849500002339482	0.00319556226383417	0.003185440199583932
487	4.9317426298938214e-06	1.2022761059861873e-06	4.895674802979346e-06	0.08142460003728047	0.002916960068668417	0.0029059303751295578
488	3.0535895827211837e-06	1.2444524883275156e-06	3.8919396587600296e-06	0.0785481000202708	0.0035148035660906053	0.0035066135843607963
489	3.4838059640495256e-06	1.2037918032422102e-06	3.6801447891247996e-06	0.07386260002385825	0.002746109460719418	0.0027377417181630014
490	3.481704661309946e-06	1.2380125776034606e-06	4.820995334733654e-06	0.0805823000264354	0.0027142707496154808	0.0027047300370418334
491	4.482847676304425e-06	1.22119155270206e-06	4.238419307711873e-06	0.07767649996094406	0.0034440601410160887	0.0034341176824793703
492	2.976486660207041e-06	1.1481815914531515e-06	3.7000089025683363e-06	0.08294010005192831	0.0035035363586890375	0.003495711681534809
493	3.0609183181752388e-06	1.2339353965485352e-06	3.46457933397819e-06	0.08530989999417216	0.003121228164417739	0.0031134687313690373
494	3.3019915794910254e-06	1.1977640223644994e-06	3.957909093424567e-06	0.07909519999520853	0.003692559405208076	0.003684101740512796
495	3.7028063718634127e-06	1.1426111819785186e-06	3.7190968586836097e-06	0.07937319995835423	0.0037080448108619815	0.003699480296449456
496	3.4780719534492057e-06	1.2272460743042398e-06	3.2731928309816247e-06	0.08558469999115914	0.00289782083844463	0.002889842327585895
497	3.4601777743271203e-06	1.2275336844564257e-06	3.4099482676845534e-06	0.07634940004209056	0.004454832293022713	0.004446734633296244
498	2.879394268583094e-06	1.188473652829737e-06	4.705880841924211e-06	0.0800872000399977	0.002516681150211228	0.0025079074014478907
499	3.137149506154377e-06	1.2066193038077792e-06	4.654940066600498e-06	0.08029479999095201	0.002719713123851673	0.0027107144149751106
500	3.309275283960006e-06	1.1659530968337138e-06	4.739963357927722e-06	0.08913430001121014	0.0026925977216406822	0.0026833825299019606
501	2.9146470509329177e-06	1.1904863313521162e-06	4.06361969831255e-06	0.08437050000065938	0.0027746671709565807	0.002766498417875983
502	3.177268585545058e-06	1.192656668512001e-06	3.988261245550063e-06	0.07849560002796352	0.0027626806330000035	0.0027543224465003966
503	3.307067068075709e-06	1.2166622654482883e-06	3.390835623345799e-06	0.0814744999515824	0.0025407308616969227	0.002532816296740053
504	2.5886946591502332e-06	1.2162622808669718e-06	3.3617993300777513e-06	0.08119739999528974	0.003140324904092574	0.0031331581478224796
505	3.376084396922908e-06	1.131146276914258e-06	3.070045402137884e-06	0.0841200000140816	0.0024369280086466516	0.0024293507325706767
506	3.6104485980126217e-06	1.179847096818907e-06	3.865130949327054e-06	0.07917410001391545	0.003578630367835509	0.0035699749411913506
507	2.8091577574834408e-06	1.161741019036849e-06	3.971281521465289e-06	0.08288930001435801	0.0031979438219209085	0.003190001641622923
508	2.7773214639517475e-06	1.0990837384839521e-06	3.5389162005327926e-06	0.0831637000082992	0.00282493938508063	0.0028175240636776613
509	3.246529783319395e-06	1.185486025143115e-06	3.7190853654520253e-06	0.07812670001294464	0.003143206914875199	0.003135055813701284
510	2.683126777469844e-06	1.209172490609451e-06	3.7904860994033148e-06	0.07793959998525679	0.003848916658956801	0.0038412338735893184
511	3.686827861337988e-06	1.2106305581689598e-06	3.619939532920412e-06	0.07624500000383705	0.003930121388451182	0.003921603990498754
512	3.410613637287013e-06	1.2061109672743665e-06	3.839051513853216e-06	0.07641470001544803	0.00301778204712334	0.003009326271004925
513	3.31822748824998e-06	1.2163519020292833e-06	3.377793386537258e-06	0.07173890003468841	0.0028885365251467405	0.002880624152369924
514	3.86891394006518e-06	1.152261570813879e-06	3.915356708141763e-06	0.08161529997596517	0.0029139367993152405	0.0029050002670962197
515	4.7105558660508415e-06	1.2424728872162792e-06	4.50546908312005e-06	0.0712065999978222	0.0030672038158538646	0.0030567453180174774
516	3.925810407926737e-06	1.091606494932849e-06	5.242641467311941e-06	0.07872170000337064	0.0025158404403134065	0.002505580381943235
517	4.48018497988465e-06	1.1765562329507919e-06	8.211815017002332e-06	0.07589610002469271	0.0030795759818262316	0.003065707425596394
518	5.990638013706662e-06	1.1942850834410195e-06	9.483792015073341e-06	0.0782249000039883	0.003658004796012501	0.0036413360809002798
519	6.855908953013536e-06	1.2352026337327082e-06	1.1343535114637088e-05	0.07854020001832396	0.0039045259122023547	0.0038850912655009713
520	5.9537779950474495e-06	1.2398748424786848e-06	1.3128405197542024e-05	0.07722269999794662	0.002909644344146068	0.002889322286111
521	3.735881504649619e-06	1.2723420059984806e-06	1.1497470460398566e-05	0.07822899997700006	0.0025506765809186877	0.002534170886947641
522	2.7475804331806364e-06	1.2860629112823242e-06	8.296406216897439e-06	0.07551319996127859	0.0031819903588448917	0.0031696603092835314
523	3.4794773691451957e-06	1.2260454903331032e-06	5.700282713858387e-06	0.08134220005013049	0.0032154950407165123	0.0032050892351431753
524	4.308086757656939e-06	1.1488913233852872e-06	3.4090680346245233e-06	0.07314839999889955	0.002889608737674778	0.0028807426915591116
525	5.784512810073137e-06	1.1195755424567005e-06	3.5772532246595915e-06	0.08167040004627779	0.0029801690109309375	0.002969687669353748
526	6.062645401969961e-06	1.155904195869933e-06	4.053948805354652e-06	0.07590539997909218	0.00316597335702225	0.003154700858619056
527	7.015055373269089e-06	1.1655964770704237e-06	4.226378054873627e-06	0.08414819999597967	0.0034825314827926462	0.003470124452887433
528	6.019489153913622e-06	1.2352572998955765e-06	5.980501703830546e-06	0.0801052000024356	0.003072679767422682	0.003059444519265042
529	6.129637319815307e-06	1.083003578032497e-06	6.324345265448251e-06	0.07987780001712963	0.003146488214355975	0.003132951228192679
530	5.667950067078562e-06	1.1990415000574018e-06	6.1794089761988164e-06	0.07683580002048984	0.003136407331401513	0.0031233609308581782
531	4.851858192402344e-06	1.1641219406753874e-06	6.57158466992026e-06	0.07435870001791045	0.0027719890261824953	0.002759401461379497
532	4.6259988727151495e-06	1.1948371071450567e-06	5.076924209412971e-06	0.07864890003111213	0.003508625540149037	0.003497727779959764
533	3.844523547601887e-06	1.2130390801965353e-06	5.08652553223074e-06	0.07595800003036857	0.0035616791946133405	0.0035515351064533116
534	3.866465263584548e-06	1.2134628028578062e-06	5.1644721583924755e-06	0.07891659997403622	0.0032056639890764983	0.0031954195888516633
535	2.8488080159408483e-06	1.1081560791318598e-06	3.874699369504402e-06	0.0766293000197038	0.002944511336138946	0.0029366796726743687
536	3.2789393866052614e-06	1.2414990252894587e-06	3.6207129130242976e-06	0.0809045999776572	0.0034913740098403267	0.003483232858515408
537	3.0702013386147137e-06	1.1515128443911144e-06	3.828023094342054e-06	0.0781126000219956	0.003781982589128064	0.0037739328518507165
538	4.259121628534298e-06	1.1606143094351362e-06	3.2110870717496405e-06	0.07646770001156256	0.0032081372606509472	0.0031995064376412283
539	5.171014464407916e-06	1.2409986482328428e-06	3.145794700213428e-06	0.08196959999622777	0.0022690874088089332	0.002259529600996079
540	5.9741906981956835e-06	1.107620452580151e-06	4.490244823903355e-06	0.077572499983944	0.0026007941451647873	0.002589222089190108
541	7.0165589633853045e-06	1.1060198755618957e-06	5.599204059664917e-06	0.08145560004049912	0.0033686511030491025	0.0033549293201504903
542	7.826768645532225e-06	1.1958798851035155e-06	6.551783005335651e-06	0.0721252000075765	0.0031474553014949275	0.003131880869958956
543	7.662651265653808e-06	1.1266266828612283e-06	9.168672064784023e-06	0.08085000002756715	0.002851175561468018	0.002833217611454719
544	8.17590939992733e-06	1.2704868383795526e-06	1.2097059006547874e-05	0.07828320004045963	0.003160472689138028	0.0031389292338931734
545	5.486531375586525e-06	1.2162390757519745e-06	1.183455297133832e-05	0.07564120000461116	0.003952081182974283	0.0039335438595516055
546	4.631091236235628e-06	1.1716367165914064e-06	1.1550681395707732e-05	0.07684990001143888	0.0025507606111819783	0.0025334072018334437
547	3.1698599064866373e-06	1.208205490418186e-06	9.276018859984166e-06	0.08174619998317212	0.0030054361698695735	0.0029917820856126846
548	2.9966979739655525e-06	1.2495633599459942e-06	6.748043117293916e-06	0.07392720005009323	0.003872532274188972	0.0038615379697377666
549	3.5426833693169658e-06	1.1951407869860587e-06	6.419754767781539e-06	0.07946549996268004	0.00267654833398899	0.0026653907550649057
550	3.783337690397309e-06	1.2370321770639795e-06	4.059156776291962e-06	0.08371819998137653	0.0038447719558174186	0.0038356924291736653
551	5.1865374816963205e-06	1.1245629629336047e-06	3.6168222989029727e-06	0.07953659998020157	0.0030363449366894164	0.0030264170139458835
552	5.505519540256845e-06	1.1333916200590862e-06	4.3534847539186944e-06	0.0763435999979265	0.0032549061924310235	0.003243913796516789
553	4.928970930264147e-06	1.1398787845531748e-06	2.917391886159655e-06	0.07764810003573075	0.002561556915434476	0.002552570673833499
554	5.355964885024654e-06	1.12462215787324e-06	3.2123833510095137e-06	0.07773610000731423	0.0030725037779611715	0.003062810807567264
555	5.656000025363012e-06	1.0740492679798654e-06	3.2131846746327367e-06	0.08101650001481175	0.0028613569427694335	0.002851413708801458
556	4.858028086460954e-06	1.060767012251242e-06	3.214611227824617e-06	0.08029569999780506	0.0028107956929136722	0.0028016622865871354
557	5.172873912718503e-06	1.1176126148323623e-06	3.705030773757699e-06	0.07877839996945113	0.0033107886037971766	0.003300793086495868
558	4.3795357710488895e-06	1.0774506202425113e-06	4.372954735183046e-06	0.07608459994662553	0.0033417512883967197	0.0033319213472702454
559	3.782517528526177e-06	1.1619530916010953e-06	4.380804075188651e-06	0.08022070000879467	0.00317394718896056	0.003164621914265244
560	3.6383509944078227e-06	1.1388070117656061e-06	4.179195863951448e-06	0.07645540003431961	0.0026202645365565836	0.002611308182686459
561	3.3000385734476406e-06	1.148496326898307e-06	5.053578152283751e-06	0.07556899997871369	0.002376531313409397	0.0023670292003567673
562	3.88918064005886e-06	1.1768285679060689e-06	5.5672682352100355e-06	0.07487390004098415	0.003530840645388128	0.003520207367944953
563	3.253051910129381e-06	1.256630260603006e-06	7.426607933377508e-06	0.08150630001910031	0.0029313094172373996	0.0029193731271332894
564	3.5683462455114158e-06	1.2583727121823721e-06	6.6457794969165685e-06	0.07450029999017715	0.0031479010849348107	0.0031364285864802005
565	3.0469274961002046e-06	1.3338509667768985e-06	7.37993797976176e-06	0.07996850000927225	0.002831942518057247	0.002820181801614608
566	4.73971589438446e-06	1.369396957577972e-06	5.980244707558841e-06	0.07573909999337047	0.002789995611323842	0.0027779062537643204
567	4.374581101991476e-06	1.244456554762616e-06	5.042337641174351e-06	0.07757399999536574	0.0032883256432564554	0.003277664267958527
568	4.836086434621586e-06	1.273113710298827e-06	3.969901763053608e-06	0.07701269997050986	0.00302600313187745	0.003015924029969476
569	4.620800392518952e-06	1.2187903416891298e-06	4.02834566321341e-06	0.07841410004766658	0.0035189545185345785	0.003509086582137157
570	4.963912668360944e-06	1.1564349277434584e-06	2.8782871246524423e-06	0.08154689997900277	0.0035162305901654447	0.0035072319554446878
571	4.457715473978279e-06	1.132271563465888e-06	3.210874129248089e-06	0.08089230000041425	0.0024912418817314716	0.0024824410205647796
572	6.759140138187322e-06	1.1205163672959593e-06	4.31292845271677e-06	0.07524490001378581	0.0026981804849780036	0.0026859879000198034
573	5.998592712885794e-06	1.0571640928896446e-06	6.149411515727095e-06	0.07826209999620914	0.0024240284100981876	0.0024108232417766854
574	6.9787360269082554e-06	1.0975543034777692e-06	7.267026600850544e-06	0.07993169996188954	0.002324465311625206	0.0023091219946939695
575	5.748889386189259e-06	1.1616788775757801e-06	8.956031876930722e-06	0.07995869999285787	0.0027340515151075403	0.0027181849149668447
576	6.249318066971427e-06	1.2166766495329604e-06	9.827373884038575e-06	0.0818281999672763	0.0031690763349703057	0.003151782966369763
577	3.899702261724956e-06	1.2418078442500104e-06	9.648544880661485e-06	0.07351700001163408	0.0032155543645632934	0.003200764309576657
578	4.22170426259112e-06	1.1735503603595562e-06	8.94134629570168e-06	0.07762619998538867	0.003168303906443819	0.0031539673055251665
579	3.8278189669794415e-06	1.1173278975516706e-06	6.587552294957111e-06	0.07772209995891899	0.0028530108132091667	0.0028414781140496783
580	4.453260510911707e-06	1.1406924085912052e-06	5.218408047772481e-06	0.07206639996729791	0.0034836992859335696	0.003472886924966294
581	4.688085219243072e-06	1.1668909488190804e-06	4.517140153451984e-06	0.08418550004716963	0.0031106281425833052	0.0031002560262617914
582	5.69986008472418e-06	1.107157197112653e-06	3.3826564537393015e-06	0.07839540002169088	0.0031593612769966425	0.003149171603261066
583	5.809210744072876e-06	1.1377703732377998e-06	2.9389284111952747e-06	0.07634259999031201	0.003197301366528566	0.0031874154570000596
584	6.0561195081650685e-06	1.0894288644698259e-06	3.28629727734983e-06	0.08952029998181388	0.003171917893497948	0.0031614860478479637
585	4.860669880131177e-06	1.1334051259420208e-06	2.6655452910658265e-06	0.07618759997421876	0.0028436805649525647	0.0028350209446554257
586	5.005332000050136e-06	1.1388187806884296e-06	2.9423299148207182e-06	0.07657169998856261	0.002568014721167622	0.0025589282404720626
587	4.81280128127877e-06	1.0124895303347008e-06	3.6317555661921537e-06	0.07470230001490563	0.0027794747980906098	0.0027700177517128045
588	3.900059566188855e-06	1.055925458352397e-06	2.9893699915421445e-06	0.08063100004801527	0.0027697220526965807	0.002761776697680497
589	3.3960044518140714e-06	1.0430769155706724e-06	2.838016744756083e-06	0.07171819999348372	0.0034685975034017043	0.0034613204052895636
590	3.1959606889459326e-06	1.1098997962479253e-06	3.1000295912776204e-06	0.0791064000222832	0.004122961809251989	0.004115555919175518
591	3.2858920543652918e-06	1.1252494741305891e-06	3.217165177839406e-06	0.07844080001814291	0.003798485787017736	0.003790857480311401
592	3.2627434172880572e-06	1.0644987237389865e-06	3.434060906632549e-06	0.07634109997889027	0.003030504309557376	0.003022743006509717
593	2.503909071316337e-06	1.1134505988796295e-06	3.1783323192487394e-06	0.07819080003537238	0.0024232524170325533	0.002416456725043109
594	3.847808454169301e-06	1.0370500137448183e-06	3.0036558560779885e-06	0.07530440000118688	0.003046436524205644	0.003038548009881652
595	2.6769965441466003e-06	1.1457076033591852e-06	3.361807303849601e-06	0.07856350002111867	0.0031405880833607113	0.0031334035719093557
596	3.1369329102624105e-06	1.254993501846978e-06	4.567646549470341e-06	0.07570749998558313	0.002816598317648685	0.0028076387446871057
597	3.2920040805554753e-06	1.1803262897915871e-06	5.051304925503492e-06	0.07720360002713278	0.002335687009476676	0.0023261633741808252
598	3.1273630735579805e-06	1.1769727359079886e-06	4.980271357554848e-06	0.07761919999029487	0.0030460622725942497	0.0030367776654272286
599	3.2944598728097335e-06	1.0822997260240073e-06	4.230064508921269e-06	0.07749249995686114	0.0031028735056215723	0.0030942666815138176
600	2.9448542827295066e-06	1.2901476220522032e-06	3.4927471365657667e-06	0.07556309999199584	0.0037546701844412573	0.0037469424353999098
601	3.4462692473455406e-06	1.1114250124437512e-06	3.0419134345940364e-06	0.08685739996144548	0.0030255408338328146	0.003017941226138431
602	3.3707847286947687e-06	1.1603315590740823e-06	2.686268379802035e-06	0.0748158999485895	0.002222637986570725	0.002215420601903154
603	3.160476543201156e-06	1.1260015476779481e-06	2.664721973652028e-06	0.07709070004057139	0.003710371519171555	0.003703420319107024
604	2.6924677622116966e-06	1.1483678462166798e-06	2.898762480627577e-06	0.07763760001398623	0.004138550163263388	0.0041318105651743315
605	2.3972854204508756e-06	1.1140622639459089e-06	2.6690122115686023e-06	0.07437849999405444	0.0029122482792502853	0.00290606791935432
606	2.9826169982522304e-06	1.155960462154611e-06	3.453365544494255e-06	0.08148059999803081	0.0033515730602608246	0.0033439811172559235
607	3.165983271884483e-06	1.2340267545856574e-06	4.287568870148659e-06	0.07634199998574331	0.0034874398022895488	0.00347875222339293
608	3.874542489708326e-06	1.1891061922500558e-06	5.3352452530116525e-06	0.07625500002177432	0.0027917228802510443	0.002781323986316074
609	4.5590159742945485e-06	1.206935452744851e-06	5.656374221901778e-06	0.07749619998503476	0.0034523081440548217	0.0034408858184058807
610	3.742286821525448e-06	1.2226914546335236e-06	6.742145267112292e-06	0.08203109999885783	0.0029324121391760085	0.0029207050156327373
611	4.203137581042798e-06	1.1749645037924347e-06	5.166498983766386e-06	0.07991680002305657	0.003749426946956435	0.0037388823458878334
612	3.5685327952316325e-06	1.2005596385431371e-06	3.6937500092160048e-06	0.07742260000668466	0.002968449065304834	0.0029599862228618435
613	2.998546646066335e-06	1.1987942285703787e-06	3.7192624711948676e-06	0.07601570000406355	0.0030694260484426562	0.0030615094450968244
614	3.3656619950961646e-06	1.1227436759289516e-06	3.002110272834372e-06	0.07457880000583827	0.003416278328115497	0.0034087878121716376
615	3.0658530618965404e-06	1.1533115734910915e-06	3.3847445973308153e-06	0.07995370001299307	0.002104430353229415	0.002096826443996696
616	3.155556777236064e-06	1.1578505885200144e-06	2.8036354067422576e-06	0.07664730004034936	0.00367392627747588	0.0036668092347033818
617	2.906726548392297e-06	1.0846569575027687e-06	2.953367328890904e-06	0.07983619999140501	0.003154306458974354	0.0031473617081395682
618	3.1854102776566694e-06	1.1287594080424914e-06	2.5315221974082154e-06	0.08123589999740943	0.0030049551049175145	0.002998109413034407
619	3.258501629781215e-06	1.0708421422454555e-06	2.852088200598146e-06	0.08583339996403083	0.00275207514116029	0.002744893709187665
620	3.886832096913803e-06	1.0556699415030203e-06	2.4984865625142926e-06	0.075002699973993	0.001678153631591284	0.0016707126429903528
621	3.3821929262902693e-06	1.1555874564135077e-06	2.4956385262197382e-06	0.08847710001282394	0.003186507427959715	0.003179474009050791
622	4.386956350033082e-06	1.095423856827151e-06	3.024055307748384e-06	0.07686810003360733	0.002998438264434256	0.0029899318289196473
623	2.818664004779257e-06	1.037309905350901e-06	2.7158823869146727e-06	0.07742300000973046	0.002976192663855312	0.0029696208075582677
624	2.4643934669402513e-06	1.1270107998158857e-06	3.317585462085837e-06	0.07734409999102354	0.002759851153432584	0.002752942163703742
625	3.12242181090209e-06	1.1542392163022716e-06	3.987300826433756e-06	0.07768240000586957	0.002922953380805951	0.0029146894189523128
626	3.945405685214239e-06	1.0575744417752335e-06	4.068797945273043e-06	0.0793034000089392	0.003941464126619169	0.0039323923485469064
627	3.4775950290791057e-06	1.0113109561827875e-06	4.731511000100869e-06	0.07560070004547015	0.0021602243943060952	0.0021510039773207324
628	2.7770675371077167e-06	1.1237382933581084e-06	3.435545653321918e-06	0.08262649999232963	0.0026710098561422185	0.0026636735046584306
629	3.156617389728288e-06	1.125011360924229e-06	2.3224223765504747e-06	0.07551070000045002	0.00313639762578116	0.003129793574653957
630	4.864084722599975e-06	1.1654192894406137e-06	2.7549258040946166e-06	0.07138350000604987	0.0031285975343861667	0.003119813104570032
631	5.550233412658209e-06	1.0582815058690211e-06	4.390947674799671e-06	0.06449729995802045	0.0031708404600904695	0.0031598409974971427
632	6.445659215725564e-06	1.1417639402619401e-06	5.214490790441862e-06	0.06652649998432025	0.0033257093860804858	0.0033129074721340566
633	5.501952056711098e-06	1.2420837528746673e-06	6.140724784843487e-06	0.0715848000254482	0.00365309806794297	0.0036402133073485405
634	5.63669610833501e-06	1.1280122820594028e-06	6.125854569587161e-06	0.07410630001686513	0.003299897474395855	0.0032870069114358733
635	4.351251738617893e-06	1.2657067991664102e-06	6.4705230033905184e-06	0.07044280000263825	0.002540139342315845	0.00252805186077467
636	2.941222543294781e-06	1.2911752228779079e-06	5.154463046296129e-06	0.07681719999527559	0.003244804849810894	0.0032354179889984252
637	3.8707192230168805e-06	1.212273193209162e-06	4.520765987479261e-06	0.06945830001495779	0.0020590914979924965	0.002049487739588791
638	2.4247320285830924e-06	1.2229618680113466e-06	3.132220141981111e-06	0.06599470000946894	0.0031196945314081238	0.0031129146173695483
639	4.807643022182606e-06	1.199867784663379e-06	2.3420971359893733e-06	0.06978850002633408	0.0032997443656863773	0.003291394757743542
640	6.172149758938573e-06	1.196535019235586e-06	3.52541778343107e-06	0.06919660000130534	0.0035514255495357073	0.003540531446974102
641	6.760064850744441e-06	9.834260896737218e-07	5.140960845522392e-06	0.07502089999616146	0.0020562550609783225	0.002043370609192382
642	8.1462206615088e-06	1.086428619315595e-06	6.880201908228498e-06	0.07703159999800846	0.003128830394499465	0.003112717543310412
643	7.233004326567638e-06	1.1791761305469689e-06	7.413975352009168e-06	0.07871470000827685	0.003368963329684698	0.0033531371738755745
644	7.931912579982487e-06	1.1685322988670348e-06	8.779771382676595e-06	0.07070600002771243	0.0027944816418001023	0.0027766014255385762
645	7.378047313349947e-06	1.2165121538659667e-06	1.3327849725246273e-05	0.07430999999633059	0.0030801210260628397	0.0030581986168703775
646	7.017958980030889e-06	1.148254348912595e-06	1.536879236806664e-05	0.07853480003541335	0.002943681643201458	0.002920146637504448
647	5.841105403673384e-06	1.224987364329359e-06	1.8966124333098695e-05	0.07675629999721423	0.002383513045085629	0.0023574808279845276
648	6.015635758160529e-06	1.3358447989938386e-06	1.853424698937849e-05	0.06998019997263327	0.0026394895784626646	0.0026136038509161318
649	4.484255711700518e-06	1.2079785700940995e-06	1.8514695799164917e-05	0.07265849999384955	0.0030739057242325546	0.003049698794151595
650	4.811491441474207e-06	1.3953399763354265e-06	1.554801243781087e-05	0.08013009995920584	0.0027081670314899244	0.002686412187634304
651	3.946397255236586e-06	1.2026961342332529e-06	1.3822900753200751e-05	0.08062750002136454	0.002569760562126643	0.0025507885679839724
652	4.450984725014838e-06	1.2544223488582256e-06	1.1635302136379991e-05	0.07725070003652945	0.0035869960943013383	0.0035696553850910855
653	6.091555628905526e-06	1.1695302174865944e-06	5.885872671897273e-06	0.0677544999634847	0.003272877712741174	0.0032597307542228844
654	6.374463381206318e-06	1.1618808409229358e-06	4.290536231833083e-06	0.07753589999629185	0.0030581083184998514	0.003046281438045889
655	6.15099250455884e-06	1.1364389940204356e-06	4.181935371947048e-06	0.0753510000067763	0.0033829205651850288	0.0033714511983145025
656	5.895939217145923e-06	1.0806876601243044e-06	2.927569472937314e-06	0.07323789998190477	0.0024786524892244266	0.002468748292874219
657	6.981508197179987e-06	1.0252993761452414e-06	2.376151032147057e-06	0.08013219997519627	0.0025320471437176332	0.0025216641851121607
658	6.159460027955895e-06	1.0955708436749552e-06	2.791154391944732e-06	0.07773150003049523	0.0024013390738741596	0.002391292888610584
659	5.521929512133386e-06	1.074799779831002e-06	2.8936719705838637e-06	0.08184940001228824	0.0032446172807174545	0.003235126879454906
660	4.980250546031286e-06	9.71042688891324e-07	3.3982678559234117e-06	0.07789749995572492	0.0031788138385732186	0.0031694642774823725
661	3.863485796468211e-06	1.0096421073746789e-06	3.888467417110853e-06	0.07497610000427812	0.002447152917089911	0.0024383913217689572
662	3.3396647345747277e-06	1.0318344596735798e-06	4.201606096707422e-06	0.08001160004641861	0.002738068282320465	0.0027294951770295093
663	3.587909298925469e-06	1.1411541846480893e-06	4.108147894814301e-06	0.07716129999607801	0.0038723459049502815	0.0038635086935718934
664	2.5476074589596855e-06	1.0894576923713148e-06	3.5959875391005112e-06	0.07613679999485612	0.002681934893453621	0.00267470184076319
665	4.454464057182821e-06	1.1176771993294957e-06	2.686675376521584e-06	0.07767069997498766	0.0034425142905793464	0.0034342554739463125
666	4.153579323206517e-06	1.1071103571354195e-06	3.0705330840934724e-06	0.07947220001369715	0.003453852995596915	0.0034455217728324794
667	5.027252403969185e-06	1.1021746097321578e-06	2.9414812249866187e-06	0.07947330002207309	0.0024553806681022632	0.002446309759863575
668	5.714206277430912e-06	1.148617736326981e-06	3.3263950204617115e-06	0.07727629999862984	0.0032761288445836076	0.003265939625549388
669	4.835410880174626e-06	1.0951910255117926e-06	2.5358330386128344e-06	0.0738992000115104	0.003464743601649949	0.00345627716670565
670	3.3809179074915916e-06	1.0625282991610534e-06	2.758681824483331e-06	0.07233039999846369	0.0030177993081950782	0.003010597180163942
671	3.380588754400095e-06	1.116056162733096e-06	2.603706631425731e-06	0.07702299999073148	0.002946751354376728	0.0029396510028281693
672	3.5662724459417396e-06	1.022264930959185e-06	2.7295068005362883e-06	0.07756360003259033	0.00305778456242871	0.0030504665182512726
673	1.973535058414703e-06	1.0844117699688638e-06	2.3931556344209064e-06	0.07715480000479147	0.003638613484840013	0.0036331623823772086
674	3.1901815072641298e-06	1.1143481391786158e-06	2.903758669742582e-06	0.0755555999930948	0.0034488431574716677	0.0034416348691554827
675	2.9994959010518627e-06	1.041748477292154e-06	2.4089117442959103e-06	0.07225899997865781	0.002940682012160619	0.002934231856037979
676	2.6460138939269192e-06	9.827157069334665e-07	2.867675793557943e-06	0.07441589998779818	0.002894353827334741	0.0028878574219403227
677	3.189276830128384e-06	9.847112659365726e-07	4.156274875932565e-06	0.07435760000953451	0.003869461741592859	0.0038611314786208615
678	2.9636405393173782e-06	1.0739950452795848e-06	5.8112388120689994e-06	0.07450129999779165	0.0039502909290707496	0.0039404420546740836
679	3.3792327700997075e-06	9.326893448151835e-07	6.933562962607314e-06	0.07089919998543337	0.0034570682989337	0.003445822813856178
680	2.966500738903675e-06	1.003436072502496e-06	6.392064837658814e-06	0.06830579997040331	0.0029191421076620616	0.0029087801060129963
681	3.16196609394393e-06	1.0489832538447228e-06	4.258805450196347e-06	0.07419780001509935	0.0029352822541681266	0.0029268124993701416
682	3.292476196403663e-06	1.0255076919534853e-06	2.806089113988499e-06	0.06924899999285117	0.003703876677615962	0.0036967526046136163
683	4.033350064922492e-06	1.0072553514305028e-06	2.6446141801481315e-06	0.06883750000270084	0.0029742706628739434	0.0029665854432774424
684	4.787987979906746e-06	9.82428716850342e-07	2.7096563310260295e-06	0.07007570000132546	0.0027953967160728854	0.0027869166430451024
685	5.496858842774999e-06	1.0015591740163515e-06	3.6805164957492777e-06	0.07571879995521158	0.0029043518548906512	0.002894172920378111
686	4.837119126436239e-06	1.006150705812872e-06	3.7054407429029218e-06	0.07690560002811253	0.002765623985704842	0.00275607527512969
687	4.208341462211631e-06	1.0255798548571768e-06	3.6527084167169408e-06	0.07182709994958714	0.004164375715368219	0.004155489085634434
688	3.7795805044148803e-06	1.0869787604143636e-06	4.281240478865003e-06	0.0694239999866113	0.0035338616606589096	0.0035247138609152155
689	3.241441080539906e-06	1.0668959555969322e-06	3.3794127288474054e-06	0.055442700046114624	0.003971483188799717	0.003963795439034732
690	3.443349930799682e-06	9.524334738131338e-07	3.2721347722328357e-06	0.06226460001198575	0.0023715429449071017	0.002363875026730256
691	2.7322270398877263e-06	1.0356243383620815e-06	2.45999809844164e-06	0.06396820000372827	0.002607839219513174	0.0026016113700364826
692	4.726410236126905e-06	9.94113663443019e-07	2.716256501085926e-06	0.06541719997767359	0.002658272828215946	0.00264983604781529
693	7.11050006853219e-06	9.752485697890064e-07	4.524219324789783e-06	0.06826560001354665	0.003070275543993875	0.003057665576030764
694	7.373042969470979e-06	9.343936887282117e-07	5.875729992384514e-06	0.0646785999997519	0.0027729983762131384	0.0027588152095625548
695	6.992318651172192e-06	1.0368798527831014e-06	6.8404001162143465e-06	0.06493729999056086	0.002992580162839427	0.002977710564219258
696	7.806921487922291e-06	9.80097188001191e-07	9.973038191030044e-06	0.059996699972543865	0.002981362748368147	0.002962602691501193
697	6.036311764540716e-06	1.0943072392081164e-06	1.0101882061667015e-05	0.06250370002817363	0.0027765759965307003	0.0027593434954652843
698	4.5620029141666155e-06	9.757463599896978e-07	7.369836906805051e-06	0.06459750002250075	0.002948292037327781	0.0029353844511468196
699	3.7539871117686395e-06	1.0251401269925289e-06	6.181662233986136e-06	0.07144470000639558	0.002155058239083427	0.00214409744961068
700	2.8857390964546023e-06	1.0397487137182225e-06	4.786804895536548e-06	0.07044840004527941	0.0034767176867045086	0.0034680053939987994
701	2.802383157937397e-06	9.770943337612162e-07	3.610663346773081e-06	0.060576000018045306	0.002825025588997722	0.00281763544815925
702	3.2522270286059273e-06	1.0348767341029943e-06	2.3182458095689183e-06	0.06266359996516258	0.0035464743063434536	0.003539868956771176
703	5.538838488256824e-06	9.829837222645197e-07	2.828998336923734e-06	0.06852290005190298	0.0030493470364484085	0.0030399962159009634
704	6.392003904800808e-06	8.916535762769864e-07	2.7711695168642635e-06	0.06775889999698848	0.0029594731812573943	0.002949418354259452
705	7.3238779001573535e-06	1.0182107281838546e-06	3.930931853531272e-06	0.06428150000283495	0.0028082601680210774	0.002795987147539205
706	6.250886789848067e-06	9.878049746525806e-07	3.951968381486807e-06	0.06558589998167008	0.0035268382805873186	0.0035156476204413313
707	5.61637108713011e-06	1.0580411902600173e-06	3.473578480515623e-06	0.06993709999369457	0.0032609446850813003	0.0032507966943233946
708	4.146271164426488e-06	1.0049615315062055e-06	3.3927394812840196e-06	0.07632490003015846	0.0027458132744800448	0.0027372693023028282
709	2.712266509214988e-06	9.432570904655748e-07	3.0858974328726976e-06	0.06562259997008368	0.0030426626505342027	0.0030359212295016495
710	2.0838725735935304e-06	1.0387083747721734e-06	2.569555371627979e-06	0.07464509998681024	0.0032934666442518195	0.0032877745079318258
711	3.3685678266413973e-06	1.0147693664677257e-06	3.5031318950082786e-06	0.07500319997780025	0.0024341062057394933	0.0024262197366513756
712	4.215766916401811e-06	9.884009841934298e-07	4.436343469827298e-06	0.07372469996334985	0.0028200596853397183	0.0028104191739692958
713	4.046405108527344e-06	9.974721506248646e-07	3.671932367630056e-06	0.07635769998887554	0.0032926168304956965	0.003283901020868914
714	5.595903931716118e-06	9.349800505492837e-07	3.915833414976588e-06	0.0757173000019975	0.002967864254306109	0.002957417536908867
715	4.904461923488828e-06	9.572001169044905e-07	3.1388755728975716e-06	0.07746899995254353	0.0037663867491482873	0.0037573862115349963
716	3.859742287853062e-06	1.055428037438442e-06	2.3272349201797196e-06	0.07717550004599616	0.0029732665046192726	0.002966024099373801
717	3.2164883120180532e-06	1.1284381458892222e-06	2.3856721024656637e-06	0.07726990000810474	0.0028574483785399046	0.0028507177799795315
718	2.4168046759048853e-06	1.09937729955179e-06	5.326445209226574e-06	0.07609149999916553	0.0032991139041985843	0.003290271277013901
719	2.7708518875198856e-06	1.1676922580363931e-06	8.155554648509337e-06	0.07573129999218509	0.003791964320750682	0.0037798702219566166
720	3.844492537893074e-06	1.2109612232024332e-06	9.25933894142203e-06	0.07257030002074316	0.0022326390822396897	0.0022183242895371723
721	4.8657019262852945e-06	1.251312953077676e-06	1.0408810755652338e-05	0.07415689999470487	0.0031544075345239174	0.003137881708888902
722	4.323760420010933e-06	1.1513597119009891e-06	1.078375932415803e-05	0.07704890001332387	0.0029033964352064455	0.0028871375557503755
723	2.7895774768226235e-06	1.2514837017699736e-06	6.772336653538112e-06	0.07732909999322146	0.003375770224459747	0.0033649568266276163
724	2.7572677097670666e-06	1.0661703708001452e-06	3.988713662855035e-06	0.07540710002649575	0.0036597604423649795	0.0036519482906215575
725	2.8519689573654802e-06	1.1162956700826028e-06	2.6120499764317646e-06	0.07585850002942607	0.0025995431136575354	0.0025929627990536556
726	3.2504613413135126e-06	9.067844740615291e-07	2.9327745255151285e-06	0.07692590000806376	0.0022413481898632477	0.0022342581695223578
727	3.4615133938304036e-06	1.1281426445371916e-06	3.197139009300187e-06	0.07264999998733401	0.0028775743566055545	0.0028697875615578865
728	5.8219577158785506e-06	1.0743629912945946e-06	4.451967710734003e-06	0.07767500000772998	0.0036628673085121713	0.003651519020094264
729	4.788350260427522e-06	1.0012964224488148e-06	5.694107637670082e-06	0.0715351999970153	0.003303166256898286	0.0032916825025777396
730	4.1653908970974396e-06	9.86469189510301e-07	6.746009235483041e-06	0.08117940003285185	0.003142415179442088	0.003130517310119997
731	3.94079319297973e-06	1.0845618064443671e-06	5.26859001369308e-06	0.07254850002937019	0.0030309192181503216	0.0030206252731372046
732	3.3090920072155196e-06	1.0004481766185221e-06	4.143340978415396e-06	0.0764000000199303	0.003718545674251047	0.0037100927930887977
733	2.967876096977341e-06	1.0368756012252041e-06	3.1767852856963285e-06	0.07164610002655536	0.0030275290903053376	0.003020347553321439
734	2.6647199748725086e-06	9.731935257207263e-07	3.46730030247951e-06	0.07480020000366494	0.002220368570996165	0.0022132633571930924
735	3.508015904594792e-06	1.0942296715613474e-06	2.6515548526272337e-06	0.07653109997045249	0.002894168633158982	0.0028869148327301986
736	3.857924780646369e-06	1.0348669355543264e-06	1.6340184349742036e-06	0.0798577000387013	0.003553572367630176	0.0035470455574790013
737	4.497177285315372e-06	1.049823295361744e-06	2.4091026650537004e-06	0.07769830001052469	0.0026590987246557143	0.0026511426214099834
738	4.554898510073773e-06	1.0328644053417154e-06	2.5173923965395504e-06	0.075492599979043	0.002702044517324427	0.002693939362012472
739	4.867014615104351e-06	1.0117464951987516e-06	3.2756993281980506e-06	0.07774570002220571	0.0033227159079709826	0.0033135614475324816
740	4.146495517204465e-06	1.1568645314468974e-06	3.1012910621571558e-06	0.0729877999983728	0.0029454212839345804	0.002937016632823772
741	4.406790079175264e-06	1.0384930864252614e-06	3.6568375862619323e-06	0.0745213000336662	0.002907706304941724	0.0028986041841898617
742	4.1004000811896925e-06	1.0782050496513206e-06	4.4414992563679854e-06	0.07401830004528165	0.0031507274718275977	0.003141107367440389
743	3.6092253791179315e-06	1.0940739228671264e-06	3.5614790677303966e-06	0.07524989999365062	0.0022195529348359353	0.00221128815646622
744	2.7701804140892862e-06	1.1443489470601175e-06	3.22211268691698e-06	0.07262059999629855	0.003295301194766211	0.0032881645527181444
745	2.50908640288444e-06	1.0971828643633493e-06	2.80533807796573e-06	0.0776278999983333	0.002703936514999387	0.002697524907654174
746	2.5846416778339904e-06	1.1603771001838007e-06	3.2739420978299706e-06	0.07871789997443557	0.0035120558285008296	0.003505036867624982
747	4.367874550692646e-06	1.0389202597424405e-06	2.6090691368711433e-06	0.07954820001032203	0.0037596651816702927	0.003751649317722986
748	4.17670822786206e-06	1.0567815975671405e-06	2.3214654973996384e-06	0.0737311000120826	0.002999358655615585	0.002991803700292756
749	6.326346063661871e-06	1.1340515436988004e-06	2.606447781469558e-06	0.07251689996337518	0.0035006603017716667	0.0034905934563828366
750	8.18992404727389e-06	1.0143292426263361e-06	5.633584466354027e-06	0.07665870001073927	0.0029501094633760227	0.0029352716256197684
751	8.126254492746489e-06	1.0832403718581806e-06	8.970901129459942e-06	0.07609699998283759	0.003758651855940117	0.0037404714599460526
752	7.317424028468926e-06	1.0280737632079082e-06	1.0599477867054209e-05	0.07588299998315051	0.0029357078621751326	0.0029167628865164013
753	8.222448874364285e-06	1.0827256393777807e-06	1.2278493436527772e-05	0.07305190002080053	0.003128085948325807	0.0031065022803755367
754	7.261952156182882e-06	1.0718738945406908e-06	1.0396323123772315e-05	0.07571020000614226	0.0035447070380941223	0.0035259768889196264
755	3.852708594855458e-06	1.091518687721325e-06	7.874824894412413e-06	0.07506870001088828	0.0031177785088347737	0.0031049594566577845
756	3.8230501236197786e-06	9.671209223302093e-07	4.885590648474371e-06	0.0772568000247702	0.002351913875925298	0.002342238114230874
757	3.963631065874896e-06	1.0102355593807388e-06	4.302521347043616e-06	0.07083519996376708	0.003189206628312637	0.003179930240340338
758	4.248092491264212e-06	1.028533554012484e-06	3.8007618856326826e-06	0.07575360004557297	0.003095525986459692	0.003086448598528783
759	4.5426809468923635e-06	1.016579551633974e-06	3.7579258569203613e-06	0.07186059997184202	0.0028169926038982326	0.002807675417542786
760	5.551669662551131e-06	9.344875443099678e-07	3.0940450386073595e-06	0.07703190000029281	0.002756720229283142	0.002747140027037674
761	6.117002944011462e-06	9.95825815507823e-07	2.4420976593530945e-06	0.06842570001026616	0.003630959302766361	0.0036214043763474887
762	5.898651489514904e-06	9.499064695893907e-07	2.206893687148245e-06	0.07483259995933622	0.003042650619264283	0.0030335951676180306
763	5.298464219984285e-06	8.875122986857944e-07	1.8293102298600728e-06	0.0751452999538742	0.0032560387105699654	0.003248023423821435
764	4.6484486407898105e-06	8.828076294880404e-07	2.223410909568002e-06	0.07342690002406016	0.002696568407639531	0.002688813740459685
765	4.2991411232248155e-06	9.395476512168409e-07	2.6544812616751876e-06	0.07480889995349571	0.0030581421900020833	0.0030502490199659665
766	3.7085349470266747e-06	8.866661553649944e-07	2.640467097582776e-06	0.07152830000268295	0.0028231771596499357	0.002815941491449961
767	3.447472440076404e-06	9.619230814090502e-07	2.608033080398689e-06	0.07625590002862737	0.003663247253987198	0.0036562298253853143
768	2.594514792208121e-06	1.020404759002394e-06	2.7997643259406266e-06	0.06940099998610094	0.0037201796631387064	0.003713764979261555
769	2.5339576203797628e-06	1.0114704895032087e-06	1.9550751911670963e-06	0.07921940000960603	0.0030358420354423287	0.0030303415321412787
770	2.6751159642622807e-06	9.481492497018533e-07	1.9116684891949525e-06	0.07827579998411238	0.003085349336775927	0.003079814403072768
771	5.46995430554951e-06	8.981061902346003e-07	2.4723355361787877e-06	0.0792166999890469	0.0024638861225374257	0.002455045726505463
772	7.420684102926418e-06	9.092080969878988e-07	3.2911203382824533e-06	0.07481719995848835	0.0037685547346814527	0.003756933722143256
773	8.692476394689984e-06	9.351253769002425e-07	4.904291010100339e-06	0.07366130000445992	0.004155525626731944	0.004140993733950254
774	6.773755144128538e-06	9.30293018752129e-07	4.210033269452769e-06	0.07333689997904003	0.0031987022181763705	0.003186788136744037
775	5.495640439469589e-06	9.329912806090818e-07	3.5147367978227163e-06	0.0700656000408344	0.0037810548393107535	0.003771111470792852
776	4.279102636731379e-06	9.626926821314384e-07	2.922760694640214e-06	0.07110220001777634	0.004076727584953907	0.004068563028940404
777	2.3989472329417416e-06	9.44411523468803e-07	1.7621986597787716e-06	0.07568960002390668	0.002582899672751522	0.002577794115335333
778	2.2431092914221008e-06	9.165730940608016e-07	2.152730447065629e-06	0.07710739999311045	0.003269513975005824	0.0032642015621732754
779	2.3700748179935663e-06	9.298001190064498e-07	1.8541436192865069e-06	0.07584450003923848	0.003595651089794692	0.0035904970712384056
780	3.1197910164492982e-06	9.235883716617209e-07	2.0881800780506476e-06	0.07554740004707128	0.0034874132166250785	0.003481281657158917
781	3.116877425035968e-06	9.036994032419914e-07	2.110462562361963e-06	0.07625990000087768	0.00353467553815604	0.0035285444987654
782	2.5104819662790685e-06	9.101503096304976e-07	3.533076597435018e-06	0.07248420000541955	0.003805578680900512	0.0037986249720271675
783	2.9636904403369244e-06	9.414957749676031e-07	5.320745980355916e-06	0.07207320001907647	0.0030093329540751015	0.003000107021879441
784	2.6280189348498747e-06	9.592078802684157e-07	8.743216966408467e-06	0.07477110001491383	0.0031033963090415016	0.003091065865259975
785	2.8236443268383018e-06	1.018949629135727e-06	1.0555268917524235e-05	0.08430940000107512	0.0034398354533636878	0.0034254375904901892
786	3.6683403304120625e-06	1.0548808792915717e-06	1.1755460287363222e-05	0.08846610004547983	0.003396984052917129	0.003380505371420062
787	2.9778709445094246e-06	1.0276538798423368e-06	1.3155464782763053e-05	0.08533779997378588	0.0033261580308817902	0.0033089970412746752
788	3.21207944826231e-06	1.0351246321251098e-06	1.3063147696308317e-05	0.09166629996616393	0.0037005902868534456	0.0036832799350767498
789	3.4609908206138754e-06	1.0639679257007536e-06	1.3549084843040983e-05	0.08150580001529306	0.0033878111893491563	0.0033697371457598003
790	3.615904664292657e-06	1.040248618982368e-06	1.3893595637673238e-05	0.07972979999613017	0.0031072026035310132	0.003088652854610065
791	2.9972568946610484e-06	1.140449830770281e-06	1.2099149709617752e-05	0.07766850001644343	0.0032195069046323734	0.003203270048197324
792	2.5783201120160132e-06	1.0431644827743687e-06	8.083186125420835e-06	0.07377909997012466	0.0029595527668937792	0.002947848096173568
793	2.6397857105442404e-06	9.073874070438557e-07	4.161969596052821e-06	0.08492839999962598	0.003808011562153486	0.003800302419439845
794	3.3196222587938905e-06	9.004617229546136e-07	3.306945177546788e-06	0.08282860001781955	0.0034893410736934966	0.0034818140445342016
795	3.701474285085257e-06	8.883834339829427e-07	2.1812480897120445e-06	0.08707700000377372	0.0025757342382181697	0.0025689631324093895
796	4.096128757477512e-06	8.396475518847518e-07	2.433465134802135e-06	0.08267560001695529	0.0030276886760666	0.0030203194346224357
797	3.997307240825757e-06	8.313626453748804e-07	2.9139502463793265e-06	0.07871189998695627	0.003264005967789516	0.003256263347656936
798	3.983432215560607e-06	7.856921386580294e-07	3.326017838068257e-06	0.07589939999161288	0.002643879621568683	0.0026357844793763957
799	4.130862319550976e-06	8.76590859816237e-07	4.155389107173424e-06	0.07354139996459708	0.0028020391094431044	0.002792876267156564
800	3.1247538791322953e-06	8.733324325475535e-07	3.871007856566346e-06	0.07429130002856255	0.0029533183180410366	0.0029454492238727907
801	3.0045712146589814e-06	8.970680297236786e-07	3.451600868292513e-06	0.07646859996020794	0.002946198187833112	0.002938844947720437
802	2.8460563599383667e-06	8.742243186886688e-07	3.0277501752726826e-06	0.07629140000790358	0.003149624396976556	0.0031428763661226562
803	2.923789546342967e-06	8.966402935408271e-07	2.267421533374362e-06	0.07910119998268783	0.003901689489996576	0.003895601638623318
804	2.6589560430531396e-06	9.172812000269319e-07	3.1652535896297894e-06	0.0789126000017859	0.0037152146453016278	0.003708473154468918
805	2.62834793959829e-06	9.696306753587625e-07	3.452032880992034e-06	0.06879019999178126	0.0029828046017643488	0.0029757545902684
806	2.098780509709244e-06	9.681410767596679e-07	5.053008922305309e-06	0.07326099998317659	0.0027972132003880046	0.0027890932698792304
807	2.135193273846791e-06	1.05808520088203e-06	6.734023222064881e-06	0.06987210002262145	0.003493614020139021	0.0034836867184422273
808	1.9943091098313497e-06	1.0739099837521825e-06	6.575558054897704e-06	0.0739666000008583	0.0034216072307691977	0.0034119634536207166
809	2.4765093238095835e-06	1.086096735502323e-06	5.57341572235887e-06	0.07527030003257096	0.003604277391884384	0.003595141370102713
810	1.8660865356279047e-06	1.042280047184105e-06	4.595882440653017e-06	0.07536540000000969	0.0030653134441481268	0.003057809195124662
811	1.6787863901448707e-06	1.08152102440092e-06	5.402572579189874e-06	0.07556670001940802	0.002922373450060484	0.0029142105700667486
812	2.0515047920359707e-06	1.282271609840841e-06	6.347390976661938e-06	0.07581629999913275	0.0035191441051216554	0.0035094629377431163
813	2.0894752896670127e-06	1.1957810376519439e-06	7.408382330073087e-06	0.07727860001614317	0.003308989155057882	0.0032982955164004898
814	2.814540380952876e-06	1.1101944601884096e-06	6.5297355330800315e-06	0.07646889996249229	0.0033065400675210957	0.0032960855971468743
815	2.549248122342177e-06	1.0879544245631129e-06	5.63368562554647e-06	0.06700039998395368	0.003038995596435637	0.003029724708263185
816	2.5224793401940663e-06	1.1931424180107486e-06	5.739011899039139e-06	0.07121750002261251	0.002271333435325936	0.002261878801668692
817	2.5329608881447407e-06	1.0148581678383913e-06	3.8499723963593e-06	0.07216260000132024	0.002887484208066574	0.0028800864166142314
818	2.863640563201345e-06	9.453579300881026e-07	2.2504431925628793e-06	0.0805512999650091	0.003130384756289536	0.003124325314603684
819	3.4015118481297686e-06	9.447872918991502e-07	2.8502807496434088e-06	0.08030709996819496	0.0026767419217333588	0.0026695453418436863
820	5.0869970161485034e-06	9.037342171297788e-07	5.884665499191969e-06	0.07347579998895526	0.0032139299780729706	0.0032020545813405002
821	6.166763175228515e-06	9.214031992098563e-07	9.57321833503261e-06	0.07100449997233227	0.0036227271488995074	0.0036060657641900366
822	6.1004703872839395e-06	1.0408692506274919e-06	1.0075862624304293e-05	0.07544220000272617	0.0030422560557530915	0.003025038853490876
823	4.822516014702079e-06	9.942372212547735e-07	1.3623535440441025e-05	0.08026369998697191	0.00345708697970457	0.003437646691028172
824	3.4680694321469534e-06	1.002998171938575e-06	7.604945509039262e-06	0.07417290000012144	0.0033837028812720416	0.0033716268681589167
825	2.453778087747703e-06	9.671106906961663e-07	4.909735775088178e-06	0.0700582999852486	0.003789918775784549	0.003781588151231017
826	2.6816956249789383e-06	9.862707882932643e-07	3.295860807145271e-06	0.07038190000457689	0.0019134456731741472	0.0019064818459537298
827	3.3181521116801627e-06	9.136168888580019e-07	2.4949217460337762e-06	0.06891580001683906	0.0030057657435156935	0.0029990390527691213
828	3.929747579290796e-06	8.868295805753912e-07	2.465863343164666e-06	0.06930829997872934	0.003385825150758402	0.003378542710255371
829	3.803000392176949e-06	9.544128025361077e-07	2.3585686063108073e-06	0.07010950002586469	0.0030176975731726597	0.0030105815913716357
830	3.1522662363977516e-06	1.0270984402415676e-06	2.345790638208745e-06	0.0697101000114344	0.0034831902613461636	0.0034766651060313155
831	3.7037895077708887e-06	8.831052559209031e-07	2.2375476049242405e-06	0.07291560003068298	0.003321566236467346	0.00331474179409873
832	3.3142251774926256e-06	9.878682882066714e-07	2.00544559404694e-06	0.06972830003360286	0.003215503754331245	0.0032091962152714986
833	2.8650200071230078e-06	9.164859513765599e-07	1.7255219036769144e-06	0.0651118999812752	0.002883276857460223	0.002877769829598047
834	2.6274010266103793e-06	8.976122069317067e-07	2.8230492621118614e-06	0.06999260000884533	0.0027031392605697114	0.0026967911980740576
835	2.0987619214919546e-06	8.78586814068132e-07	2.7675338458863463e-06	0.06821840000338852	0.003190938813315889	0.003185193930734443
836	2.212727735772186e-06	9.325594354297671e-07	2.3246814883723673e-06	0.07437490002484992	0.0032158662026418087	0.0032103962339822345
837	2.022470933068919e-06	8.842415731345494e-07	2.8941687626943105e-06	0.07229380001081154	0.0021753470088097257	0.0021695461275408282
838	2.6141150708829377e-06	9.100040696139937e-07	2.960713103473111e-06	0.07333829998970032	0.002914728366177322	0.0029082435339333524
839	2.8079728808315423e-06	9.329562702326206e-07	3.1807353798297336e-06	0.07212000002618879	0.003288129198409099	0.003281207533878205
840	2.8993517250826194e-06	9.139689340687126e-07	2.8204682713079474e-06	0.07137319998582825	0.0029759530391218997	0.0029693192501914403
841	3.2201050333982133e-06	8.480023867493014e-07	2.6535583489365944e-06	0.06996470002923161	0.0025950016847692656	0.0025882800190001817
842	2.9880536192678994e-06	8.679347395643953e-07	3.0222063523786413e-06	0.07405049999943003	0.0025878114289271314	0.0025809332342159206
843	3.1505420454319145e-06	8.471240985050747e-07	3.3540506371070956e-06	0.06938060000538826	0.002883652159156399	0.002876300442375355
844	3.029433671642905e-06	9.198456432575922e-07	3.2883815831427424e-06	0.07014299998991191	0.0028647779974752497	0.0028575403365772066
845	3.5889030019029666e-06	9.308954805711568e-07	5.478294962257124e-06	0.07359250000445172	0.004446404500587602	0.00443640640714287
846	2.882220562030282e-06	8.861714998790424e-07	4.669445739505584e-06	0.06812260003061965	0.0025607772813732634	0.0025523394435718483
847	2.762469523030177e-06	9.504777370505974e-07	5.64392563368753e-06	0.07305860001360998	0.003610144727316498	0.00360078785442273
848	2.4135523324982713e-06	9.2283927366867e-07	3.987038159154575e-06	0.07227250002324581	0.0026221948179469727	0.0026148713881816513
849	2.2606239259812774e-06	8.680290172935219e-07	2.8396844745527037e-06	0.07555589999537915	0.0032372388190279743	0.003231270481610147
850	2.801730135166768e-06	8.524727856530218e-07	2.245024653409168e-06	0.07003400003304705	0.0029529890934490923	0.002947089865874863
851	4.005008262960771e-06	8.377005614945979e-07	1.92551384970416e-06	0.06995049997931346	0.0030176911759294284	0.0030109229532552686
852	4.7052645252213175e-06	8.254568885895661e-07	2.8008013194655494e-06	0.07268340000882745	0.0030996250635300956	0.003091293540796819
853	4.905566615217153e-06	9.163561241484328e-07	3.5357352009787776e-06	0.07632589997956529	0.003969064557970624	0.00395970690003028
854	5.1593143459488985e-06	9.376046172162715e-07	5.588162713622012e-06	0.07191140000941232	0.00198217755308533	0.0019704924714085427
855	5.160789721084052e-06	9.83762106937165e-07	7.675091242804655e-06	0.06982380000408739	0.0035732303007752863	0.0035594106577044606
856	5.106488529687513e-06	9.936678631979189e-07	1.0124266260375977e-05	0.07487690000561997	0.0028837547510204764	0.002867530328367215
857	4.53383900767863e-06	1.1908672278888886e-06	1.1843689266493289e-05	0.07303329999558628	0.0022983934291731247	0.002280825033671064
858	4.0006649161950665e-06	1.317454831627575e-06	1.4156827998260414e-05	0.07242240000050515	0.0033132364593404843	0.0032937615115944015
859	3.6068507318682687e-06	1.2856704861439745e-06	1.1835285108553532e-05	0.07190940005239099	0.003381872820446834	0.0033651450141202683
860	3.4377802851887904e-06	1.3508769244609386e-06	1.232478829778059e-05	0.07232209999347106	0.0027597428954703146	0.0027426294499628846
861	2.9991039289186967e-06	1.4067625394260402e-06	1.0476507031905137e-05	0.07176980003714561	0.002703420767833595	0.0026885383943333454
862	2.935495553145739e-06	1.419986451028169e-06	1.0664029779196075e-05	0.0678001000196673	0.0034664446580778326	0.003451425146294463
863	4.096841388958272e-06	1.4140630552555654e-06	9.524453072495627e-06	0.07021930004702881	0.003640295049704812	0.0036252596921881024
864	4.442709974001501e-06	1.384085050756784e-06	6.5520864613435526e-06	0.06907299999147654	0.002916441145855891	0.002904062264369789
865	5.666758633233233e-06	1.3431504096186654e-06	4.1136792332226244e-06	0.06571180000901222	0.003269226089716088	0.0032581025014400133
866	3.836931218070166e-06	1.3170371136145594e-06	2.526539379697901e-06	0.06860769999912009	0.003189615970977218	0.0031819354632658357
867	5.277360930005981e-06	1.0983777543572e-06	1.6992563260504058e-06	0.07446849998086691	0.00323916146990755	0.0032310864748971366
868	6.386544704467915e-06	1.0375466110745137e-06	2.0717492893017453e-06	0.07711800001561642	0.0024998590363413536	0.0024903631957365092
869	7.267442978612813e-06	9.180805070366828e-07	3.659477415703261e-06	0.07443290000082925	0.003313941920874421	0.0033020969199730682
870	4.754080667771347e-06	1.002990157311737e-06	3.6040349154310663e-06	0.06840739998733625	0.0032548249950495114	0.0032454638893089976
871	3.7777104669550744e-06	9.269517330853478e-07	3.950382949228959e-06	0.07689649995882064	0.0030977062072310535	0.0030890511620817844
872	3.19524269568836e-06	9.19347362028049e-07	3.084367552041939e-06	0.07048789999680594	0.003031304408903294	0.0030241054512935355
873	3.2180745593220384e-06	9.87181387106433e-07	2.229407946872042e-06	0.07007460005115718	0.00342168881559011	0.0034152541516968096
874	3.945953389024144e-06	9.191769730455236e-07	2.6315416708083463e-06	0.07140830002026632	0.003459219234095988	0.0034517225620631104
875	3.834802066882174e-06	9.403767466431564e-07	2.5576708392426642e-06	0.06694620003690943	0.0031101891060855303	0.0031028562564327624
876	3.9740904996880145e-06	9.21250267100406e-07	2.810392596276222e-06	0.06647580000571907	0.002530356424302156	0.002522650690939091
877	3.86346676935129e-06	9.139369276413768e-07	2.341864143259233e-06	0.06880140001885593	0.0029697062683364467	0.0029625870004961947
878	4.115163125387142e-06	8.804538766889224e-07	1.8652056528877004e-06	0.06786880001891404	0.00335290572208434	0.0033460448994293763
879	3.897955445367067e-06	9.083483260673463e-07	2.462679684582634e-06	0.0827605000231415	0.002912032530374129	0.002904763546918112
880	2.548799036892677e-06	8.472303820848932e-07	3.319910676297405e-06	0.08064930001273751	0.0021712668426478844	0.0021645509025526094
881	2.178184468549857e-06	9.575117760589938e-07	5.594245308927684e-06	0.08208580000791699	0.0029692942155146937	0.0029605642739611573
882	2.4576090660558322e-06	1.030448225716904e-06	7.944346014493996e-06	0.0791299999691546	0.0028640296032387404	0.0028525971999324735
883	3.0865808904938106e-06	1.0035061106870294e-06	1.2986905027897751e-05	0.08358849998330697	0.00372480991823677	0.0037077329262076913
884	4.325557315291496e-06	9.934855279852882e-07	1.317680252714583e-05	0.08291180001106113	0.003327046336762169	0.0033085504913917462
885	3.525062832585416e-06	1.0107569140420631e-06	9.030921162125116e-06	0.08292790001723915	0.002887877142163167	0.002874310401254415
886	3.2154905849393452e-06	9.483214661637491e-07	5.738131963862362e-06	0.08248749998165295	0.003981374454290438	0.003971472510275473
887	2.452783498869518e-06	9.37863882143459e-07	3.755937831703215e-06	0.08189299999503419	0.0036657972902729707	0.0036586507050602544
888	2.6271363043661797e-06	8.08978879879518e-07	2.685781430505263e-06	0.07628570002270862	0.0029785880398673433	0.002972466143252592
889	2.5121959124011877e-06	9.208156599260026e-07	2.016368989008021e-06	0.08174450002843514	0.002561503022435965	0.00255605364187463
890	2.4401638617720117e-06	8.735519498978539e-07	2.1365917418541273e-06	0.08934950002003461	0.00367809341680669	0.003672643109253166
891	2.6963211869035236e-06	8.395869324211698e-07	1.6092000879361143e-06	0.08736309997038916	0.0033579304520892765	0.0033527853438820154
892	1.6557946203205188e-06	9.248919172325401e-07	1.6853828077848203e-06	0.08567519998177886	0.0034320479126854478	0.00342778184334011
893	2.386885124268572e-06	8.474256055829702e-07	2.648413150366017e-06	0.07883559999754652	0.002579855690999785	0.0025739729671195675
894	1.4339983218249837e-06	9.139978572788185e-07	3.820824973585424e-06	0.06636159995105118	0.0028360537814027227	0.0028298849602500335
895	2.376056700086554e-06	8.560183332870487e-07	5.359527107720394e-06	0.07229839998763055	0.002568809242080915	0.002560217639939821
896	2.8037480177811007e-06	8.963152959158364e-07	5.060013355059572e-06	0.07530460000270978	0.0026293465316355336	0.002620586454966777
897	2.627181058405461e-06	8.59405323835092e-07	3.900177470781482e-06	0.06763070001034066	0.003983713456295641	0.0039763266924426185
898	1.9684402352961825e-06	8.592151222013177e-07	3.230012472423707e-06	0.07158749998779967	0.0027253966596970667	0.0027193389918671452
899	1.6663388107104463e-06	9.100043371066158e-07	2.5325802694851402e-06	0.07131309999385849	0.0034070347734872783	0.0034019258500699763
900	2.082990969436984e-06	8.803001415943958e-07	2.0026729716553653e-06	0.07405619998462498	0.0025684076096948003	0.0025634416456121138
901	2.40784780941006e-06	8.667936553674668e-07	2.3010370774868824e-06	0.07635769998887554	0.0027276433163761107	0.0027220676378338464
902	2.9793209479767915e-06	9.132994532613484e-07	3.45855909649901e-06	0.07360540004447103	0.003377058285858067	0.00336970710636033
903	2.4711158592303667e-06	9.131245443041276e-07	3.3635239612988265e-06	0.07407820003572851	0.0028792015166050787	0.0028724537522402454
904	2.5271371491010907e-06	8.99858041340402e-07	2.4747978719023476e-06	0.0771746999816969	0.0030467616081028097	0.003040859815040466
905	1.9170364580640843e-06	8.598680026333644e-07	2.2004340899437485e-06	0.07933909998973832	0.0033070816602644056	0.0033021043217137643
906	1.8449093369174698e-06	8.961708113512634e-07	2.211082579713058e-06	0.07784889999311417	0.002929031687823766	0.002924079525095784
907	2.4694799262093557e-06	8.21096208320518e-07	2.6386175470332243e-06	0.06908899999689311	0.002500186646538722	0.0024942574528571586
908	3.6065562978693104e-06	7.897531272661441e-07	3.990154131259267e-06	0.07617029995890334	0.0037028320039980593	0.0036944455404416647
909	4.830381289952e-06	7.940036251951481e-07	6.737865011370235e-06	0.07518799998797476	0.003369086335503425	0.0033567240855769073
910	6.433120477865804e-06	8.745094301573741e-07	1.3463910101817183e-05	0.07050500001059845	0.0027139085435124383	0.002693137003502598
911	6.3722156556004476e-06	9.195828175473278e-07	1.2134700522882963e-05	0.06694009999046102	0.0023754672190125664	0.0023560407200165353
912	3.6981749520599155e-06	9.420287487604786e-07	8.043794460305394e-06	0.07223390002036467	0.0033990277451851087	0.0033863437470239826
913	2.3061882961034227e-06	8.381236810094136e-07	5.414674367541995e-06	0.07437440002104267	0.002588064589393202	0.002579505603048547
914	1.7853510158173726e-06	8.023831414539143e-07	2.795448113848069e-06	0.08252380002522841	0.002154685916266314	0.002149302733995195
915	2.4987773868604995e-06	8.615746091146616e-07	2.251450947559088e-06	0.07797320000827312	0.0028628153917569965	0.0028572035888134624
916	3.391388442947606e-06	8.577423302770517e-07	1.85208111185368e-06	0.0763671999447979	0.003689004386742913	0.0036829031748578348
917	3.592344159859063e-06	7.8757946161979e-07	1.8625748585045773e-06	0.07502510002814233	0.0031550535285995982	0.0031488110301196148
918	4.5153402442857166e-06	8.138812152591135e-07	2.08515319684733e-06	0.07042290002573282	0.002137005407719123	0.002129591033062731
919	4.423099631340951e-06	7.817648044559712e-07	2.8748008523293435e-06	0.06585259997518733	0.0027247595776874905	0.0027166799123993645
920	4.2553363517021225e-06	8.666774322480815e-07	4.253028563765243e-06	0.07039030001033098	0.0033754092043517666	0.003366034162004051
921	4.921526058657967e-06	8.866765047892344e-07	5.841246344499784e-06	0.07070179999573156	0.0027187116896382852	0.0027070622407303385
922	5.214104735034977e-06	9.78188016192456e-07	9.272977363907304e-06	0.06884049996733665	0.003221233246695289	0.0032057679765801544
923	4.9952893506990605e-06	1.1169016193719155e-06	1.0476069724758967e-05	0.07470060000196099	0.0035171142635728445	0.0035005260028780146
924	3.613898408670986e-06	1.1102819281474488e-06	1.0551400157335066e-05	0.07594129996141419	0.0029387429515732263	0.0029234673710790728
925	2.895306739407737e-06	1.1985385977265344e-06	7.606678130858233e-06	0.07824070000788197	0.002300504635482215	0.0022888041120142223
926	3.5889116109512794e-06	1.1800678767003585e-06	5.289690341077993e-06	0.07354319997830316	0.0033100211392533495	0.00329996246942462
927	4.604309979295838e-06	1.0688510026884027e-06	3.659929152826597e-06	0.069847300008405	0.0027250300819141684	0.0027156969917793575
928	6.634258654917202e-06	1.0093430313813835e-06	2.6144233586213784e-06	0.06513770000310615	0.003353805974811877	0.0033435479497669575
929	7.54958458631273e-06	9.205814124114242e-07	2.0908401507997424e-06	0.06706430000485852	0.0022627435576811224	0.0022521825515315983
930	8.235836257435693e-06	9.75202023639586e-07	2.0348207581746647e-06	0.07115259999409318	0.0037307040429569796	0.0037194581839177297
931	7.059419949217404e-06	8.554944254092835e-07	2.3049275893210185e-06	0.072092899994459	0.0024309250597322	0.0024207052177682526
932	5.292747496054228e-06	9.567169033452842e-07	2.6918333565532994e-06	0.07327120000263676	0.0029313427360129754	0.0029224014382570225
933	4.010395812633664e-06	9.582276508948612e-07	3.270557943708986e-06	0.0714781999704428	0.0030641034574601014	0.003055864276052864
934	3.9910388129580385e-06	8.399687441046966e-07	4.273180486339731e-06	0.07308329996885732	0.0031806568301317854	0.0031715526420883827
935	2.6823519035487758e-06	8.708030943746939e-07	4.5331838078847745e-06	0.07530610001413152	0.003572272931053237	0.0035641865922474286
936	2.535284110128301e-06	8.917764229176378e-07	3.5969949704434224e-06	0.07735020003747195	0.0025803048966376537	0.0025732808411341643
937	3.1423564299068436e-06	8.333039506043403e-07	2.706410241396919e-06	0.0706353000132367	0.001992713787273665	0.0019860317166517567
938	3.870960643015482e-06	8.539198946687653e-07	2.7174528602792747e-06	0.0756919999839738	0.003273323654872471	0.003265881321474508
939	4.570547876786212e-06	9.100499640358123e-07	2.5712899435801344e-06	0.07438489998457953	0.003224957271473028	0.003216905383688626
940	4.9122064649995615e-06	7.970555833152588e-07	1.8859018973809766e-06	0.0746186999604106	0.0023448728245419725	0.002337277660596277
941	5.871469631919155e-06	8.25030862697561e-07	1.6909057850185317e-06	0.07358230004319921	0.0029053037983839273	0.002896916392104292
942	4.546770498846242e-06	8.665413831561094e-07	2.0047075063168695e-06	0.07660070003475994	0.0032316375209422623	0.003224219501553943
943	3.837136692114893e-06	8.79571142865391e-07	1.7798467844927716e-06	0.07303999998839572	0.002279125653000933	0.00227262909838146
944	3.071990978755912e-06	8.827383882578215e-07	1.6570770491920605e-06	0.0794272999628447	0.0035216546336714776	0.0035160428272552717
945	2.4402258063311964e-06	9.553094455086029e-07	1.740761947761852e-06	0.07307119999313727	0.0028405226574661825	0.0028353863602665805
946	2.1748202387181847e-06	8.664085219073953e-07	2.004258202863071e-06	0.07602229999611154	0.0024425313702266826	0.002437485883263194
947	1.7520070964216058e-06	8.311436555176704e-07	2.1404677508324197e-06	0.07374199997866526	0.00237494280217065	0.002370219183667878
948	2.01604066626568e-06	8.981199200600685e-07	1.9608747803486817e-06	0.07469090004451573	0.004243491913216841	0.004238616877850166
949	2.1108436232652472e-06	9.433443874152936e-07	1.7111347442641191e-06	0.07542550005018711	0.0030485281192795814	0.0030437627965246364
950	3.1269115064107996e-06	1.003353612252777e-06	2.2642864246618063e-06	0.0777463999693282	0.003437434914341271	0.003431040362797946
951	2.801688959894434e-06	8.59426719572838e-07	1.6735056090236365e-06	0.07382609997875988	0.0028958352258755087	0.002890500604587018
952	3.045567688824992e-06	9.58186578516496e-07	2.4184726598180803e-06	0.07370529999025166	0.0031641662230298393	0.0031577439961026797
953	2.174744337891996e-06	1.0065637481267695e-06	2.278118966339017e-06	0.07615189999341965	0.0033703889151843846	0.003364929488132027
954	2.2812089014680673e-06	9.8652768531874e-07	2.4525585578348047e-06	0.07666109997080639	0.0022774601268471108	0.002271739831702489
955	2.0201900414174758e-06	1.0437851169466782e-06	3.1090345886667114e-06	0.07846340001560748	0.003289493799021633	0.003283320789274602
956	1.9548873915559334e-06	1.0155947545381803e-06	2.949882865488785e-06	0.07868139998754486	0.002747279663394407	0.002741359298382824
957	2.003488428784212e-06	8.665753344635171e-07	1.8951823755940786e-06	0.0746318000019528	0.0030980541492758697	0.003093288903137028
958	2.055855868894686e-06	9.421213355495244e-07	2.2024383360676864e-06	0.0791800000006333	0.0022084973329835936	0.0022032969174430816
959	2.8425653266355834e-06	8.787103216368786e-07	2.2355864644653754e-06	0.07649010000750422	0.00243368649381548	0.002427729631702742
960	2.1486935366416623e-06	8.556528849453552e-07	1.5307003894808175e-06	0.07547430001432076	0.002355778170129221	0.002351243123318153
961	1.948438412237736e-06	8.552120373068872e-07	1.6348077037693449e-06	0.07470870000543073	0.0030423334610536717	0.003037895002900358
962	2.2910834683803014e-06	9.036528111964733e-07	1.5745753449956487e-06	0.07568469998659566	0.0037496194718831945	0.003744850160258622
963	2.200347056369084e-06	8.78672747437204e-07	1.997276176070375e-06	0.07650700001977384	0.0035470348835942764	0.0035419585876143994
964	2.1356449014590703e-06	9.164649688175628e-07	1.909480184444768e-06	0.07212560001062229	0.003286392987969395	0.003281431397914674
965	2.218354271341902e-06	9.218289443802874e-07	2.0177179987067775e-06	0.07869980001123622	0.003106093354186849	0.00310093545297242
966	2.1189768872309415e-06	8.986341037901461e-07	1.4678344260345055e-06	0.07447250001132488	0.0033497891332716695	0.0033453036878546135
967	2.9710858347409174e-06	8.563453729735028e-07	1.5028404751438946e-06	0.07475079997675493	0.003055716131487898	0.0030503858598050397
968	3.4330827231368893e-06	9.137056803028665e-07	2.07912831956253e-06	0.07156970002688468	0.002995845578113763	0.002989419661390761
969	4.2434294335704795e-06	8.486164241421358e-07	2.793023967642619e-06	0.07266469998285174	0.002650219015238215	0.0026423339454128597
970	3.278604811471446e-06	9.609677117966235e-07	2.7641249696417077e-06	0.07350499997846782	0.002708438206242018	0.0027014345087491083
971	2.73272435352725e-06	9.672059581355668e-07	3.117489194465337e-06	0.07884630002081394	0.003044709191379134	0.0030378917718730056
972	2.4210162646774323e-06	9.798511667298593e-07	2.6668829639821575e-06	0.07815130002563819	0.0038972711483043682	0.003891203397908979
973	3.1012043067725205e-06	9.78380453744801e-07	2.5249611411080458e-06	0.07682519999798387	0.0018582456235408662	0.0018516410776392407
974	2.254929997507884e-06	9.023555741866365e-07	1.3448142526688056e-06	0.07499990001088008	0.0025205626485322865	0.0025160605487079234
975	2.4660495071823923e-06	8.637602472308347e-07	1.4545164275521018e-06	0.07695730001432821	0.0024991845888713863	0.002494400262689421
976	4.095820093235865e-06	9.125011741658867e-07	2.345040544902782e-06	0.07542870001634583	0.00305075922557229	0.0030434058637599853
977	4.696548193196797e-06	9.031007222929218e-07	4.062330561230223e-06	0.07617320003919303	0.0027482606951107357	0.0027385987156340157
978	4.675316103591022e-06	8.374727744045619e-07	4.348989981162989e-06	0.072074799973052	0.0026471837702442807	0.0026373219913851218
979	3.5029160556504165e-06	8.521576008365339e-07	3.892289914459395e-06	0.07593300001462922	0.0030953732743314454	0.003087125910760499
980	4.069727826570018e-06	8.43131049805787e-07	4.438120918020088e-06	0.07197520002955571	0.0020365976078713494	0.002027246628076953
981	2.868376313973244e-06	8.550376178994059e-07	5.173930126213322e-06	0.07759830000577495	0.0026266054289740604	0.0026177080849159747
982	2.860090722831464e-06	9.218949296402742e-07	5.432299789739403e-06	0.07552300003590062	0.0036373910830701677	0.0036281767976279566
983	2.5265095597412965e-06	8.721801360398504e-07	5.061446619070871e-06	0.07597520004492253	0.003408427574923597	0.0033999674386087446
984	2.300604150580089e-06	8.73423351478723e-07	4.6525563440151485e-06	0.07682110002497211	0.0029813687498341044	0.0029735421659880306
985	2.0894013461012758e-06	7.936694217999406e-07	4.138960090160224e-06	0.07692869997117668	0.002340774081498458	0.0023337520506403965
986	2.222273002512555e-06	8.295186276287083e-07	4.036728563684863e-06	0.07658940000692382	0.002784497975500645	0.002777409455306819
987	2.9819879508871087e-06	8.362446986237455e-07	3.5915716570737787e-06	0.07447079999838024	0.0020854038224264702	0.0020779940181198855
988	2.6508371365518993e-06	7.917420805548721e-07	3.2295461541951146e-06	0.07987459999276325	0.002633589691340342	0.00262691756596904
989	2.270005308297759e-06	8.164375512903111e-07	2.960380176375875e-06	0.08208669995656237	0.0034232772324217934	0.0034172304093858298
990	2.6534677788164075e-06	7.794051717651032e-07	2.2682916212922924e-06	0.07934460003161803	0.0031508155706410964	0.0031451144060692226
991	2.8016714196248164e-06	7.207038116689465e-07	1.8664429215538585e-06	0.07574890000978485	0.0029817681562975735	0.0029763793381447257
992	3.258101848851358e-06	8.318038635062033e-07	1.7405194988632696e-06	0.07774460001382977	0.002810577796311661	0.00280474737110044
993	3.194612536746801e-06	8.466496948146567e-07	2.447635365135722e-06	0.0762566999765113	0.003527055923661287	0.00352056702606459
994	3.5670139194886564e-06	9.272993485661385e-07	3.984802225435738e-06	0.07775799999944866	0.0028042356566975787	0.002795756541204088
995	3.3369480739713134e-06	9.9716073009529e-07	6.856365832385307e-06	0.07948320003924891	0.0030604384916394552	0.0030492480170030032
996	3.3394441736054284e-06	1.0223832511230985e-06	7.126051610476044e-06	0.07588700001360849	0.0032406680100733514	0.003229180131038147
997	2.597010542057695e-06	1.0190082132773533e-06	7.464315049065585e-06	0.08064759999979287	0.0032872271772380703	0.00327614684343367
998	2.1850985050246195e-06	1.0478799612264354e-06	5.25563752312089e-06	0.07578150002518669	0.0034482399470619203	0.0034397513310725483
999	3.1283495998624017e-06	1.0117412011103403e-06	3.6223751393428404e-06	0.07402540004113689	0.003533320292475636	0.0035255578265353206
1000	3.6908734367875656e-06	9.99367264918783e-07	2.4550438733840532e-06	0.07751430000644177	0.0023920172644429265	0.002384871979867836
1001	3.6366189661910513e-06	9.611371546652896e-07	2.2588509244325432e-06	0.07651980000082403	0.0036104763736177522	0.0036036197665724637
1002	4.388471109632456e-06	1.0305957479254564e-06	2.059193642446362e-06	0.07784359995275736	0.002947191432668281	0.002939713172168277
1003	3.258253078406679e-06	1.0807221146494179e-06	2.549431295749162e-06	0.08149760001106188	0.0025936787198218587	0.0025867903133330533
1004	1.9427459484003318e-06	1.0919231749949703e-06	3.895353578748854e-06	0.07009749999269843	0.0036524324575054846	0.00364550243480334
1005	2.280196144296657e-06	1.006735540652675e-06	2.673849605881016e-06	0.06789040000876412	0.0031522268979423725	0.003146266116651542
1006	2.0987854492323303e-06	1.0129962737143846e-06	2.4242157734257937e-06	0.07244580000406131	0.003017945465769309	0.0030124094682729367
1007	2.1928227907872945e-06	9.698470998349537e-07	1.6855343493721234e-06	0.0791979999630712	0.0037708763468630845	0.00376602814262309
1008	2.5641035793400394e-06	9.202981768043704e-07	1.582366451763767e-06	0.0751781000290066	0.0038203263922381332	0.003815259624030225
1009	2.4194902921723693e-06	8.385269019862128e-07	1.7308555068339583e-06	0.07626689999597147	0.002458354200898269	0.0024533653281972765
1010	3.4072516654415175e-06	8.578629366410561e-07	2.545575976492599e-06	0.06211209995672107	0.0042236323022172475	0.004216821611638672
1011	3.331941182102345e-06	8.246246503759848e-07	3.188488361491388e-06	0.06967190001159906	0.002411425109116053	0.0024040800549220832
1012	3.1882140476541056e-06	8.832752104674844e-07	4.4213942755614425e-06	0.061518700036685914	0.002847381720055496	0.002838888836521813
1013	2.9886052350429167e-06	8.394480809329387e-07	4.815033333524765e-06	0.06881460000295192	0.0031940926031224022	0.0031854495164729017
1014	2.9505981414087926e-06	8.100865313433175e-07	2.9574506011532404e-06	0.066693699976895	0.003078545328398912	0.003071827193125007
1015	2.8813148399726776e-06	8.362234936305191e-07	2.408973753723014e-06	0.06697049998911098	0.0031434630353409866	0.0031373365232536606
1016	3.1600391841644287e-06	7.563033706397964e-07	1.6635435102556505e-06	0.06751209998037666	0.0025406484523358298	0.0025350685662707696
1017	3.1100320502903437e-06	8.147878487564508e-07	1.6775117734235756e-06	0.06519589998060837	0.0029039951454809957	0.0028983928138085254
1018	3.6930875510490632e-06	8.283993514807969e-07	1.7986190665034336e-06	0.06260669999755919	0.00257147289404082	0.002565152788071787
1019	3.5539650458692484e-06	8.185511230956764e-07	1.9354252540081472e-06	0.07183050003368407	0.0034766560639306393	0.003470348122507666
1020	2.9582714704714994e-06	7.969642228789643e-07	1.6303933840935798e-06	0.0698285999824293	0.0030118556422185153	0.0030064700131410714
1021	2.243618001474364e-06	7.771332216621618e-07	1.541884143058317e-06	0.06136819999665022	0.0028421119611015382	0.0028375493257353436
1022	2.2414289041741462e-06	7.378671615794666e-07	2.2059977977805553e-06	0.06943289999617264	0.002223357739590067	0.002218172445726533
1023	2.703724432097126e-06	8.127986417476314e-07	3.873270680248243e-06	0.07028630003333092	0.0030882052123079816	0.003080815418553889
1024	5.7623319001697e-06	7.77037045637329e-07	1.0107716922594942e-05	0.0673769999993965	0.0028825669820953296	0.0028659198962269275
1025	5.8719755231194224e-06	8.601174282227792e-07	1.1338988018781263e-05	0.06896469998173416	0.0034981294919908075	0.0034800584110206844
1026	8.204891315959864e-06	7.558400949181649e-07	1.2304480884373486e-05	0.06332799996016547	0.0024089729858509726	0.0023877077735557214
1027	6.028393098847573e-06	8.569965406412964e-07	1.1965371698254571e-05	0.06680740002775565	0.003870146136529564	0.0038512953751918206
1028	4.344324475561966e-06	8.0818409398182e-07	7.897212980755932e-06	0.07050480000907555	0.0029807581485865736	0.002967708427036274
1029	2.5604169185048408e-06	7.827965847908023e-07	4.236760070034718e-06	0.06769219995476305	0.002949647973591098	0.002942068000017768
1030	2.6119379143081087e-06	7.326144934402756e-07	2.0436562947478823e-06	0.07144239998888224	0.002511966361394854	0.0025065781526923576
1031	4.8451450086369495e-06	7.834105832347657e-07	1.5424292992382957e-06	0.06841230002464727	0.0026476693980667983	0.0026404984131756883
1032	6.383939649937032e-06	7.31453077176875e-07	3.4385941982547857e-06	0.06829690001904964	0.002519371138590497	0.0025088171516651284
1033	7.644621524082709e-06	8.149063975740692e-07	4.534265733096922e-06	0.0681961999507621	0.003074897861867784	0.00306190406821303
1034	8.24295713289409e-06	7.804979494412674e-07	6.5863289661816185e-06	0.07082550000632182	0.0024045750878769956	0.0023889653038284783
1035	7.647101683408428e-06	8.097781655834348e-07	6.460246209547803e-06	0.0664847000152804	0.0026985720668375886	0.002683654940779049
1036	3.195535134941918e-06	7.185799037831994e-07	3.747892614140409e-06	0.0681845000362955	0.0035205036027773132	0.0035128415951244476
1037	2.265416112690622e-06	8.622335814271664e-07	2.568295938319312e-06	0.07170579995727167	0.004090871597262446	0.0040851756516300086
1038	1.5771155673346053e-06	7.836621925728195e-07	1.9419753832504655e-06	0.06874479999532923	0.0025075532324355877	0.00250325047929243
1039	2.625808569511538e-06	8.589412472223997e-07	1.6115220330014983e-06	0.06401450000703335	0.0023446990821270387	0.0023396028102773032
1040	4.529008869802617e-06	9.246954252840321e-07	1.8521354284617399e-06	0.06597669998882338	0.003420646248403149	0.0034133404086796005
1041	3.6624335207135604e-06	9.651348248025184e-07	1.8125088591248629e-06	0.06694659998174757	0.003163925317738063	0.003157485240533422
1042	3.681746528079755e-06	9.672074596138489e-07	1.8815191759448114e-06	0.07080230000428855	0.003653423953762277	0.0036468934805986386
1043	3.993916659897578e-06	9.745522472320619e-07	2.1482008446232546e-06	0.065043099981267	0.0031219700047969293	0.0031148533350451764
1044	2.62555140342952e-06	9.364298427048027e-07	3.0690946307753098e-06	0.06959889997961	0.002992672281466829	0.0029860412055899193
1045	1.6995291808640138e-06	1.1581929702918373e-06	4.92949848925054e-06	0.0707416000077501	0.0035187976400794683	0.0035110104194390618
1046	1.7186102128800187e-06	1.0159401243513803e-06	5.6959555783678975e-06	0.06789100001333281	0.0024031289381710786	0.0023946984322554795
1047	2.128478859532579e-06	1.0702382122669692e-06	6.122115693320626e-06	0.06581739999819547	0.0024387379632019625	0.0024294171304368424
1048	3.36919997099747e-06	1.0389165876506971e-06	6.89822364838496e-06	0.0667574999970384	0.003122129465099227	0.0031108231248921933
1049	2.20122215932886e-06	1.0046549248152208e-06	4.593148440395106e-06	0.0663899999926798	0.003086927041301921	0.0030791280157773816
1050	2.1117243119185465e-06	1.0257517384597723e-06	2.9623152419371354e-06	0.06889880000380799	0.0031275595706124985	0.003121459779320183
1051	2.548699288569638e-06	9.016745040254255e-07	1.8567967258828244e-06	0.06637730001239106	0.003519447215446562	0.003514140044928084
1052	3.145398400977434e-06	9.116040612290283e-07	1.5472233295577793e-06	0.06545710004866123	0.003980147628153202	0.003974543402361438
1053	3.903227073073421e-06	7.873756321075969e-07	1.7134493953640492e-06	0.06900100002530962	0.002845325637971023	0.0028389215858704775
1054	2.4321313188938335e-06	8.133387102798374e-07	2.1639766801881362e-06	0.07313299999805167	0.003175634753958303	0.003170225307248941
1055	2.1939969774073416e-06	7.432117924075852e-07	2.160019453293726e-06	0.07024319999618456	0.003417375346467259	0.00341227811824415
1056	2.3874258809807507e-06	8.371698938662087e-07	2.255276594560696e-06	0.06684210000094026	0.00307402270877885	0.003068542836409442
1057	2.474389208743601e-06	7.310350183119136e-07	2.947601794581277e-06	0.06654489994980395	0.0027037113798083485	0.002697558353786712
1058	2.3712147112358614e-06	7.628049509343859e-07	2.8560340295226616e-06	0.06193349999375641	0.002798852843031613	0.00279286278933992
1059	2.7583126504665414e-06	7.726133921639954e-07	1.9348316799367913e-06	0.062370400002691895	0.002963763457985036	0.002958297700262469
1060	2.3790535787605883e-06	8.123564101723429e-07	1.3292825621973144e-06	0.05776589998276904	0.0029962706818911916	0.0029917499893400614
1061	3.1139135848803528e-06	8.121160835287756e-07	1.7616796515772673e-06	0.06765680003445596	0.0031864346211277136	0.0031807469118077273
1062	2.0046594565886273e-06	7.26500054190053e-07	1.7139694460868856e-06	0.06985099997837096	0.0028744222054020462	0.0028699770764451806
1063	2.5369585147563543e-06	7.437016640058101e-07	2.508409875855405e-06	0.06967890000669286	0.002559325251638183	0.0025535361815835654
1064	2.7869739775507854e-06	7.375159913733884e-07	3.2854033541884123e-06	0.06384330004220828	0.002563323083877912	0.002556513190554799
1065	1.879575170908239e-06	7.323691646946477e-07	3.938502931001038e-06	0.06960879999678582	0.003253415004647795	0.003246864557381191
1066	1.8391771821663532e-06	7.6053325733251e-07	4.787202882590841e-06	0.06345730001339689	0.0035259355593668107	0.003518548646044721
1067	2.295033730961827e-06	7.746712206748114e-07	4.2282864026232505e-06	0.06615919998148456	0.002722458099016923	0.0027151601076626634
1068	1.3644335511914683e-06	7.740674990726332e-07	3.186826237537259e-06	0.06788180000148714	0.00316684340775152	0.0031615180804637185
1069	2.1431231692033493e-06	7.7897657331862e-07	3.5583959278361022e-06	0.057892799959518015	0.0038845056396610137	0.0038780251439906556
1070	1.8880992801038366e-06	7.51676729599873e-07	3.203626545487039e-06	0.068203300004825	0.0032168686815197273	0.0032110252789645365
1071	1.850548484958698e-06	7.575456013225845e-07	2.9204568455349973e-06	0.06900989997666329	0.0025926404401432853	0.0025871118892114692
1072	1.7149325271554515e-06	7.577670328295587e-07	2.4384952408843673e-06	0.06919099995866418	0.0028985895131451054	0.0028936783183442357
1073	2.147297292008333e-06	7.405048756551128e-07	2.438312721733722e-06	0.06805700005497783	0.002457895456491616	0.002452569341602219
1074	1.758721416816787e-06	7.46559829292125e-07	2.1407329913133493e-06	0.07054749998496845	0.0031210772973237506	0.0031164312830863285
1075	2.054829890977294e-06	7.477337973814989e-07	2.211307092149526e-06	0.06895639997674152	0.0032775668572243696	0.0032725529864438612
1076	2.4143420560946356e-06	6.989054965362116e-07	2.072653298754793e-06	0.06832139997277409	0.0025014857332834885	0.002496299832432103
1077	1.8710466035192495e-06	7.350911955571722e-07	2.904820985192966e-06	0.07426100003067404	0.0037281415489026897	0.0037226305901184205
1078	2.718439421967777e-06	7.302141595538891e-07	4.933761284578332e-06	0.07003629999235272	0.002086998000674936	0.002078615585808836
1079	2.626743885865235e-06	7.894293727345028e-07	4.978880099650952e-06	0.07097580004483461	0.0033808790157460757	0.003372483962387825
1080	2.305303168934731e-06	7.610908415934886e-07	5.154462727880263e-06	0.06102709996048361	0.0038745069154674807	0.003866286058729072
1081	1.7582290863170879e-06	7.305905832854888e-07	4.10720376918949e-06	0.06752139999298379	0.0027737405407883037	0.0027671445173495118
1082	1.936068473959738e-06	6.861121889779595e-07	2.4384216074256683e-06	0.0681903000222519	0.003547930274995535	0.0035428696727251717
1083	2.1040217084889757e-06	7.319249653207259e-07	1.529553027413468e-06	0.06621370004722849	0.00352457534121498	0.003520209841513757
1084	3.7452564453151715e-06	7.21914480779028e-07	3.166469534336989e-06	0.06422259996179491	0.0034216352507116295	0.0034140016102511984
1085	4.651226262458027e-06	7.957779702422592e-07	5.4324889098855335e-06	0.06821719999425113	0.0034379687360495325	0.003427089242906947
1086	3.579663858212793e-06	8.196770980723537e-07	4.477260100860132e-06	0.06791450001765043	0.003446967007562598	0.0034380904065054525
1087	2.0437809636202317e-06	7.545248735577594e-07	3.8249144429110586e-06	0.06963729998096824	0.0028801099031775623	0.002873486682897473
1088	2.0454315880300254e-06	8.281991977722937e-07	2.7096816684740484e-06	0.06788149999920279	0.0025164691218288087	0.0025108858093745323
1089	1.6460785090826953e-06	7.882292132659768e-07	1.8488391160271919e-06	0.06766040000366047	0.0036337565910897485	0.003629473444251373
1090	3.3879816840440525e-06	7.586713274677845e-07	1.8904434937174283e-06	0.06868610001401976	0.003951548455708524	0.003945511359203295
1091	3.9611568752315126e-06	6.663265184582482e-07	2.22739206943423e-06	0.05827139999018982	0.002350415320400434	0.00234356044493731
1092	6.088475480491765e-06	7.363827338518359e-07	4.946274444072196e-06	0.06648129998939112	0.004026151693722121	0.004014380561063705
1093	7.118686937367503e-06	6.949850274626379e-07	7.905319012987535e-06	0.06720130000030622	0.0034289789876608768	0.003413259996683059
1094	6.147013158447492e-06	7.370833910068899e-07	1.185242980720338e-05	0.05362530000275001	0.0029031197032480084	0.0028843831768913504
1095	5.700274580904742e-06	7.054025033528082e-07	1.3042461992048251e-05	0.06843350001145154	0.0036534351734334625	0.003633987034357157
1096	4.546254347402432e-06	7.148442984084546e-07	1.0851068848228527e-05	0.06364940002094954	0.002355667970851337	0.002339555803357298
1097	2.483346968615867e-06	7.037738854835709e-07	5.619506909191334e-06	0.06577119999565184	0.002626013453362304	0.002617206825599013
1098	2.3741683171565688e-06	6.141689896153343e-07	3.149870006551857e-06	0.07172000000718981	0.0025547756010780736	0.00254863739376475
1099	3.784322968537666e-06	6.105546766753553e-07	1.8193838751155827e-06	0.06938500003889203	0.0032866910782399245	0.0032804768167195957
1100	5.1309319831317254e-06	6.520162550939741e-07	1.762681041773788e-06	0.06868440000107512	0.0034596603185273107	0.003452114689247311
1101	6.182401034457694e-06	6.507213183643005e-07	1.5199808566885879e-06	0.0686800999683328	0.003062062415820759	0.003053709312611248
1102	5.339255468743996e-06	6.442914278543292e-07	1.6443605797355722e-06	0.0684144000406377	0.0026708507380795122	0.0026632228306031785
1103	3.762529983125519e-06	6.269166029199491e-07	1.484680729988373e-06	0.06596720003290102	0.0038715062625583516	0.0038656321352423177
1104	3.434808575997346e-06	6.76527660716415e-07	1.6119028288676926e-06	0.06730100000277162	0.0034413822578828416	0.00343565901881726
1105	2.46321831799567e-06	7.065060138251766e-07	1.50955127706427e-06	0.0702630000305362	0.0030161050285991073	0.003011425752990222
1106	1.871328521401486e-06	6.449931317339423e-07	1.6211621968375317e-06	0.06867820001207292	0.003283828571972408	0.003279691088122435
1107	2.027745126157978e-06	6.535197984828434e-07	2.8771163864991323e-06	0.06557949999114498	0.0030067351289241153	0.0030011767476129754
1108	2.8235724594786317e-06	6.902513391798868e-07	3.9908510687138965e-06	0.06878389994380996	0.0034014565183257007	0.0033939518434583284
1109	3.96718074371664e-06	6.546039371144201e-07	4.643490231309648e-06	0.06541740003740415	0.003753647533816092	0.0037443822589039513
1110	3.536957188898313e-06	5.908765427706407e-07	3.64955081692085e-06	0.0667766000260599	0.0028922883344711546	0.002884510949922565
1111	3.304118871903092e-06	6.651042299038542e-07	2.4124897652814227e-06	0.06457360001513734	0.0032635440413777334	0.003257162328510645
1112	2.039371777644181e-06	6.343424113822342e-07	1.5850064911752556e-06	0.06403920002048835	0.0028024773236234	0.0027982186029431987
1113	2.0030412524699918e-06	6.373796087193069e-07	1.2767836330179808e-06	0.06360609998228028	0.0027117541339113853	0.0027078369294171777
1114	1.5862585507708628e-06	6.812153635908661e-07	1.4778132883137486e-06	0.06657199998153374	0.0030939545565943465	0.003090209269391671
1115	1.4476593784544823e-06	6.660419639149522e-07	1.4116424421520257e-06	0.06782270001713187	0.002594694298671098	0.0025911689548865765
1116	1.6815303875111172e-06	6.432090182235307e-07	1.7674845231437943e-06	0.07092139997985214	0.0030393299029539303	0.003035237679025052
1117	1.812930097819726e-06	6.48093141459325e-07	1.4456416130269454e-06	0.06907059997320175	0.00323978586192266	0.0032358791970703545
1118	2.1342397139437817e-06	6.506538807817392e-07	1.6188742902121246e-06	0.0673710000119172	0.0034010818080923767	0.003396678040207439
1119	1.7488566741011078e-06	6.680399860761635e-07	1.5363821288673713e-06	0.06568010000046343	0.0024433534290466768	0.0024394001502576323
1120	1.8928448705888298e-06	6.190827906729199e-07	2.132938479660839e-06	0.06831629999214783	0.0030625039734775545	0.0030578591073366318
1121	1.8673630007453517e-06	6.500894747096884e-07	4.2741393413011945e-06	0.07042499998351559	0.0034451686573591504	0.003438377065542394
1122	2.539012155427189e-06	6.84359251547898e-07	6.551147116076978e-06	0.07379459997173399	0.0031852143827121966	0.0031754398641891447
1123	2.8005817178435804e-06	6.45121725544475e-07	7.81030485518117e-06	0.0692136999568902	0.0030399224867122777	0.003028666478413708
1124	2.7644989992705608e-06	6.881517710120077e-07	8.217529413339108e-06	0.06880619999719784	0.0032859184014824086	0.003274248221298787
1125	2.3575202397630705e-06	6.547443685006882e-07	6.827516855850229e-06	0.06796690000919625	0.003702573896854332	0.0036927341153902182
1126	1.8541118613355537e-06	6.191328428870865e-07	3.049237163882989e-06	0.06867479998618364	0.0026382892163415387	0.002632766734473433
1127	2.3103241104877336e-06	5.954055201876757e-07	1.69493706981704e-06	0.07005190005293116	0.003319429508038198	0.0033148288413377054
1128	4.887569398356432e-06	6.790759865728712e-07	4.2082057693359806e-06	0.06934629997704178	0.003317254774323855	0.0033074799231695897
1129	6.824377368795679e-06	6.740765301594711e-07	9.796931136043028e-06	0.06779689999530092	0.0027126168143212265	0.0026953214292862286
1130	7.021029301302801e-06	8.554485051955741e-07	1.4766103706358594e-05	0.0683951000100933	0.004062584190996807	0.00403994160948395
1131	6.389727756179538e-06	8.9720881875952e-07	1.4102678712618271e-05	0.06627980002667755	0.002787406620316727	0.0027660170050291693
1132	4.331527204850214e-06	8.845927800477634e-07	8.581397450703076e-06	0.07054380001500249	0.003333273122468471	0.00331947560503287
1133	2.820645141099102e-06	8.15756419479533e-07	3.7864185874251958e-06	0.0642566000460647	0.0019489631280827802	0.0019415403079347765
1134	4.96914696762152e-06	7.251208799468686e-07	1.7223209064907893e-06	0.06737310002790764	0.0030688512751166058	0.0030614346863625467
1135	6.649738361809226e-06	7.019130743403372e-07	2.0953422628047197e-06	0.06616739998571575	0.003087657357986519	0.003078210364287565
1136	7.575898487370004e-06	6.572123514730441e-07	2.5243257610350433e-06	0.06378270004643127	0.0027757861447278076	0.0027650287081279297
1137	5.622198983572568e-06	7.341616339317552e-07	1.757415452231088e-06	0.06376210000598803	0.002546772022511411	0.0025386582464416757
1138	4.756501292376514e-06	6.804405564005563e-07	1.940615334256624e-06	0.06342289998428896	0.0027701686028730054	0.0027627910456899715
1139	2.76139715114199e-06	7.008785641169804e-07	1.5693158240113216e-06	0.06693409994477406	0.0025312862308553307	0.0025262546393160605
1140	2.327693899237913e-06	7.194405923937839e-07	1.3659771559499567e-06	0.06355309998616576	0.0026463817261415906	0.002641968614494009
1141	2.1328796178906374e-06	6.723484527602775e-07	1.8971351685181018e-06	0.06961449998198077	0.0032902812093709515	0.0032855788461317826
1142	2.2266193347988995e-06	7.361667907257705e-07	2.9216674428557076e-06	0.07120840001152828	0.0035918342910207703	0.00358594983745239
1143	3.3202964106289017e-06	7.425302278999896e-07	3.867233758160885e-06	0.0708574999589473	0.0035367480892864486	0.003528818028889759
1144	3.534445289191886e-06	7.598795403701428e-07	2.362070178559822e-06	0.06855260004522279	0.0036626422106466757	0.0036559858156385537
1145	3.187756952067085e-06	6.985911758136554e-07	1.5731027332362975e-06	0.06839850003598258	0.002600947368110784	0.0025954879172496673
1146	2.893219571274522e-06	6.381756015802512e-07	1.7185895767710503e-06	0.06784599996171892	0.0029886337578046195	0.0029833837730549933
1147	2.6966176890057093e-06	7.217222374958424e-07	1.7279151945272025e-06	0.058445800037588924	0.0034198653748238918	0.003414719119702863
1148	2.4939928049664908e-06	7.03028908834744e-07	1.5847219640732015e-06	0.06473019998520613	0.002647645845636259	0.0026428641019583844
1149	2.009525665242655e-06	7.479197270275905e-07	1.294875866567379e-06	0.06823720003012568	0.003722731760469378	0.0037186794392105402
1150	1.968590139205577e-06	7.330986147237338e-07	1.612773771173393e-06	0.06685569998808205	0.0031385635641783104	0.0031342491016532075
1151	1.8941515694450582e-06	6.827677634199991e-07	1.7342605724278175e-06	0.07096869999077171	0.0032011953514046246	0.0031968841714993318
1152	1.9526228758765294e-06	6.976494264981655e-07	2.5906386474416454e-06	0.06829739996464923	0.0032020784378199722	0.0031968375268701557
1153	3.494999791319562e-06	6.979696349358356e-07	3.66082251481368e-06	0.06654159998288378	0.002934112829191956	0.002926259037250887
1154	3.1886575447932936e-06	7.1666913972843e-07	2.7888834359386085e-06	0.06999749998794869	0.002298254390162943	0.002291560180042483
1155	1.9402759071615756e-06	6.330189887813042e-07	1.7765337487740071e-06	0.07027349999407306	0.0028940573037539506	0.0028897074751092337
1156	1.9777454850679624e-06	6.696989586403742e-07	1.620480316623228e-06	0.06414059997769073	0.0036463807990181883	0.0036421128742578565
1157	1.4641274305940037e-06	6.958911515372756e-07	1.3997882080866372e-06	0.06922360003227368	0.00337917049454655	0.0033756106877563317
1158	1.6216978324696e-06	7.286158094087692e-07	1.196083815268635e-06	0.06477920000907034	0.00279445731350787	0.002790910916050723
1159	1.4561596750292422e-06	7.236182556318518e-07	1.7286106185237802e-06	0.06967119994806126	0.003949675893291113	0.003945767504741928
1160	1.8849499239785385e-06	6.7808110337236e-07	1.6409946788797418e-06	0.0659940000041388	0.0033872526386029174	0.0033830486128966866
1161	2.6084329420563422e-06	7.626038486061324e-07	2.8019630424794478e-06	0.06528300000354648	0.0031987699542352557	0.0031925969544021136
1162	2.5934646762015146e-06	8.471586976061729e-07	2.6954385031275954e-06	0.06693100003758445	0.0031997479173891197	0.0031936118555121844
1163	2.351367502442607e-06	8.002308988923908e-07	2.820632006453149e-06	0.066136900044512	0.0032840740143742025	0.003278101783966414
1164	2.4334830026872423e-06	7.60502548332869e-07	3.5234426917844368e-06	0.06571950000943616	0.0026607252515702196	0.002654007823327415
1165	2.1606896294380663e-06	8.551465539941516e-07	4.9640319118203544e-06	0.06858289998490363	0.0029007918171024957	0.002892811949007243
1166	3.3063339701326955e-06	9.17733969043018e-07	5.8403660905660506e-06	0.0676443999982439	0.0038282011609150983	0.0038181367268853563
1167	3.1831136950810414e-06	1.021695730888807e-06	7.67387518519109e-06	0.06238920002942905	0.0022048186935482083	0.0021929400089370477
1168	3.172283080043798e-06	1.120077043552694e-06	9.56639754754174e-06	0.06861429999116808	0.0030774377894204493	0.003063579031749311
1169	3.529133782889743e-06	1.2517647155854866e-06	1.0646027575332648e-05	0.0736320999567397	0.0037757630700150243	0.0037603361439412166
1170	3.0415960699825543e-06	1.2636597883610615e-06	1.169504233801126e-05	0.06640920002246276	0.003026783867907232	0.003010783569710877
1171	2.2122463231836814e-06	1.2234576111620786e-06	8.335553880897768e-06	0.07043970003724098	0.0027573476867005027	0.0027455764288852593
1172	2.145240726124214e-06	1.100127303481951e-06	6.416153175739533e-06	0.06697089999215677	0.0035258462095373215	0.003516184688331976
1173	3.1730815203672346e-06	1.0979856986446888e-06	4.049737564894292e-06	0.06834739999612793	0.003063631139552884	0.0030553103347689776
1174	2.7777978218084933e-06	1.0935883314595009e-06	3.506536848315531e-06	0.06364619999658316	0.0031756866260908333	0.0031683087030892495
1175	3.392123861494843e-06	1.1015632580294574e-06	2.8691031736903147e-06	0.057672300026752055	0.0022254968286477563	0.002218134038354542
1176	3.0082144502021876e-06	1.0471933496691372e-06	2.0505318704630025e-06	0.06599590001860633	0.0030069037258030943	0.00300079778613276
1177	5.405639784172907e-06	9.687355052098616e-07	2.1402758530568813e-06	0.069525099999737	0.0029615225453713864	0.0029530078942289466
1178	4.521518770586527e-06	8.956496311860389e-07	1.5896493906109513e-06	0.0686676999903284	0.0034448322656162773	0.0034378254478238937
1179	3.02155233269614e-06	9.72621535169264e-07	1.4806762292501004e-06	0.06792220001807436	0.003583478528472701	0.0035780036783755855
1180	1.861530981581104e-06	8.415511142703432e-07	1.4529324626891211e-06	0.06627060001483187	0.003464216141610825	0.0034600601270522845
1181	1.896999774809513e-06	9.338137671190565e-07	1.4058719537046672e-06	0.0686443000449799	0.003190175155434351	0.003185938469938718
1182	4.295381813148582e-06	9.491290937146897e-07	2.2912928710432483e-06	0.06463249999796972	0.00330867972686312	0.0033011439230852136
1183	3.3250525281650244e-06	9.417102111568217e-07	3.3191873932474342e-06	0.06336339999688789	0.003180353064418563	0.003172767114285994
1184	3.969350950334153e-06	9.419737594665043e-07	3.6513192547336536e-06	0.05740950000472367	0.003395670453873692	0.0033871078099091574
1185	5.0728773192412855e-06	9.690567643657616e-07	3.407163643466401e-06	0.06866249995073304	0.0037041806219628693	0.003694731524235796
1186	3.008280392899682e-06	8.862811195665758e-07	2.8055014508232644e-06	0.06876990001183003	0.003490160867192457	0.0034834608042291675
1187	2.3646375521157793e-06	8.263163963705807e-07	1.5186182004696075e-06	0.07482249999884516	0.002946173736870534	0.002941464164721578
1188	2.96042358517981e-06	8.710959765287751e-07	2.179537796597356e-06	0.06758249999256805	0.002719623936878413	0.002713612879520107
1189	2.352311693019619e-06	9.06845906809892e-07	4.98629047906044e-06	0.07397070003207773	0.0040464957306324345	0.004038250282553544
1190	3.898114358200182e-06	8.137284416253699e-07	6.160279088164556e-06	0.07098359998781234	0.002759592198260529	0.002748720076372539
1191	4.779627423811381e-06	7.674328722718593e-07	6.1432843695610505e-06	0.07285620004404336	0.002820867287900235	0.0028091769432345903
1192	2.757585258548514e-06	7.840700409281681e-07	4.254423980462306e-06	0.0662669999874197	0.003426509838863116	0.003418713759583177
1193	3.74076851351873e-06	8.406492857691646e-07	2.7092072446324078e-06	0.06891620001988485	0.004259766740716008	0.004252476115672088
1194	1.8984346210825703e-06	8.381839040211377e-07	2.0706390246140034e-06	0.07181610004045069	0.004125941691808995	0.004121134434259277
1195	3.272688001422457e-06	7.426970642131194e-07	1.8629936852252126e-06	0.06897729996126145	0.002859699122853166	0.0028538207441023053
1196	2.5494449065377445e-06	8.092312643755155e-07	1.5038410580643724e-06	0.06961519998731092	0.003202296618837516	0.0031974341016085383
1197	2.7860498400999313e-06	8.595746541881036e-07	1.7501234290187473e-06	0.07038839999586344	0.003052728070914667	0.0030473323229913605
1198	3.4439855319331725e-06	7.529595632167155e-07	2.2509798926165617e-06	0.06999330001417547	0.003234460046828918	0.0032280121218411515
1199	2.2263493668686407e-06	7.127756742918097e-07	2.495647753420471e-06	0.06813120003789663	0.0027590027274604343	0.0027535679546658535
1200	2.3505141636982893e-06	7.522443071803288e-07	5.007495188532524e-06	0.05644799995934591	0.002976863212837837	0.0029687529591784258
1201	3.341329955334303e-06	8.084076097775819e-07	8.805997545332668e-06	0.06380369997350499	0.0030134229222061612	0.0030004671870957167
1202	3.2560352363036073e-06	7.46459532489229e-07	8.009622440815394e-06	0.06581040000310168	0.0023636555249217954	0.0023516434077121874
1203	2.8819539773149636e-06	7.563552564510889e-07	9.447778586290029e-06	0.06729159998940304	0.002351063450901488	0.002337977363081432
1204	3.169586828577447e-06	7.53816474727609e-07	1.1221045423694301e-05	0.0710891000344418	0.003079839490997237	0.0030646950422702373
1205	2.665869431721086e-06	7.834178557722874e-07	9.509075927662974e-06	0.06161080003948882	0.00217735655517857	0.0021643981919634136
1206	2.4713567616281566e-06	6.965959341750723e-07	9.384399004453403e-06	0.05733059998601675	0.0020344809307420854	0.002021928579041829
1207	2.174057700937969e-06	7.840972884216648e-07	7.5100552863467305e-06	0.06597619998501614	0.0030611274269446358	0.003050659216668929
1208	2.5584126068164137e-06	7.593430221872004e-07	6.103567718702795e-06	0.06617720000213012	0.0032841419209818797	0.003274720597634173
1209	1.9990521335801553e-06	6.909692644890719e-07	5.2748454639922645e-06	0.0709015000029467	0.0025880083152887406	0.0025800434484266788
1210	2.1134718589750242e-06	6.763302968002708e-07	3.0835494394274167e-06	0.060438200016506016	0.0028348616866585015	0.002828988335063299
1211	2.8092809457365796e-06	6.016925234376492e-07	1.962203386999049e-06	0.07150259998161346	0.0021496190657826573	0.002144245888926484
1212	3.568835574803472e-06	5.988265911290521e-07	1.8872013426216327e-06	0.0748983999947086	0.0028010610690257184	0.002795006205517164
1213	5.118187962231681e-06	6.270126409755878e-07	3.3336115813726154e-06	0.06376480002654716	0.0026961352418586877	0.002687056429674108
1214	4.3049264953512994e-06	7.272446571299336e-07	3.5611755468822936e-06	0.0682278000167571	0.0037261882780775892	0.0037175949313782257
1215	3.280886523224886e-06	7.317732988246461e-07	4.829203587164546e-06	0.07152870000572875	0.003038906179371969	0.003030064315962755
1216	2.6390073693553977e-06	7.606084490496285e-07	4.0806121491396896e-06	0.07477460004156455	0.003385382646450862	0.0033779024184833173
1217	1.9529120992945446e-06	6.784359576351866e-07	1.4980335164093652e-06	0.07045360002666712	0.003827582416181926	0.003823453034608587
1218	5.155356159442603e-06	5.765487234359153e-07	4.205681019015361e-06	0.05874100001528859	0.0027164470328230246	0.0027065094469211305
1219	8.777283590659539e-06	6.154241977418823e-07	1.2346757076163372e-05	0.06973139999900013	0.003156725388710269	0.0031349859238457042
1220	1.2004349563664526e-05	6.520698593248504e-07	1.5608441951814917e-05	0.0686314000049606	0.004282741551041072	0.004254476689666267
1221	1.0419335702450897e-05	6.567441794220785e-07	1.5715816787272106e-05	0.07072070002323017	0.003061849390015713	0.003035057493346568
1222	8.308896316575454e-06	6.405806829239061e-07	1.6434196231092308e-05	0.06873950001318008	0.003390947200054893	0.0033655635268243014
1223	5.688015973840904e-06	7.051111457100363e-07	1.440222686561659e-05	0.06435500003863126	0.0034092661043045682	0.0033884707503194006
1224	4.095278917055688e-06	6.587451581936369e-07	1.1257801451789571e-05	0.07060770003590733	0.00379202904415461	0.003776017218627571
1225	3.161881342481343e-06	6.405094133644524e-07	3.320601207020721e-06	0.06745410000439733	0.0029066083800856	0.0028994853881227334
1226	7.1608932657368856e-06	5.854762016290752e-07	1.301791901955222e-06	0.06738160003442317	0.0029904349769772276	0.0029813868156079067
1227	1.126314893052305e-05	5.522636838695442e-07	3.8136389502728105e-06	0.06882139999652281	0.002763225896875015	0.0027475968453103496
1228	1.3417042817447388e-05	6.146759375902515e-07	7.181441075395607e-06	0.07164449995616451	0.003859150096006056	0.003837936936175623
1229	1.1076458562979056e-05	5.977267559462971e-07	6.418717251356177e-06	0.0701579000451602	0.002966922591256271	0.0029488296886859893
1230	1.0086867368160004e-05	5.934414875233392e-07	6.615110375862795e-06	0.06825020001269877	0.002750611804465629	0.002733316385234083
1231	4.437984492511786e-06	6.002002047064679e-07	3.898814737810054e-06	0.07078499998897314	0.002532499406832593	0.0025235624073975645
1232	2.6349793589588786e-06	6.787770125534639e-07	2.350331735630838e-06	0.06768909998936579	0.002814644422131275	0.002808980334024132
1233	2.1815209538498462e-06	6.508157366861078e-07	1.7880509633641072e-06	0.06637949997093529	0.002981971912363886	0.002977351524709986
1234	3.8386337692507175e-06	6.917189398775906e-07	1.6551626938031646e-06	0.06596729997545481	0.0034822017996256442	0.003476016284222713
1235	7.560770288324542e-06	6.003805564229136e-07	2.8666005352966446e-06	0.06977559998631477	0.002806675484812609	0.0027956477334325647
1236	1.1073908442679955e-05	5.918967648928484e-07	4.46075395438163e-06	0.06846899999072775	0.0030556085297598055	0.0030394819705978513
1237	1.0200789488684067e-05	5.544345087451546e-07	6.001045080621487e-06	0.07213909999700263	0.0026547405364207243	0.0026379842673426735
1238	9.56168704070665e-06	5.98337420069765e-07	5.989316035587248e-06	0.06786549999378622	0.0032784960414704765	0.0032623467009741127
1239	6.3993258105025185e-06	5.559521685289858e-07	5.660838959322617e-06	0.06906430004164577	0.0039128336474596685	0.0039002175305213145
1240	3.4700057348963303e-06	5.627616525515733e-07	4.050818008623301e-06	0.06755549996159971	0.00394576127253508	0.0039376776871390086
1241	1.9365447139894318e-06	5.369513042190797e-07	1.8939287681789867e-06	0.06674839998595417	0.0025455936073618957	0.0025412261825755083
1242	1.7919312140725595e-06	5.60842160737422e-07	1.4943797554748672e-06	0.06267609994392842	0.0027732439197194637	0.0027693967665891788
1243	3.1527120256013873e-06	5.013842960861771e-07	1.5092085587271835e-06	0.0596833000308834	0.0031545253218147697	0.003149362016934355
1244	5.3854879899890294e-06	5.91483266600428e-07	1.931009487362247e-06	0.06780140002956614	0.0034808443894161724	0.003472936408672221
1245	6.863353021848907e-06	5.59108814607471e-07	2.5120896925044e-06	0.06909879995509982	0.0030356811616738945	0.003025746610144934
1246	4.584428016124906e-06	5.388943351154445e-07	2.1865995793716164e-06	0.07211539999116212	0.0032775737585132507	0.0032702638365826385
1247	4.582371822724683e-06	5.442765528114589e-07	2.0994384272445316e-06	0.06942310003796592	0.0035170627624669924	0.0035098366756642118
1248	2.4142282328871218e-06	5.391610342086627e-07	1.454040227844565e-06	0.0689833999495022	0.003311980454939894	0.0033075730254449537
1249	1.538949740081592e-06	5.351168691944265e-07	1.620357952226628e-06	0.06760859995847568	0.0035242441689089087	0.003520549744347406
1250	1.3102249837990916e-06	5.835103032409283e-07	2.4610595169330175e-06	0.06772410002304241	0.003499834689401862	0.003495479894597889
1251	3.654066230029172e-06	6.04205846215273e-07	5.144902003556097e-06	0.06741840002359822	0.0037366649182886923	0.0037272617442088915
1252	5.5588649837811626e-06	5.826812353889949e-07	8.916171687285828e-06	0.07636919996002689	0.0033526903588954743	0.003337632640989018
1253	7.971913830809311e-06	5.973293600504973e-07	1.0304605793231363e-05	0.06850170000689104	0.002833795807461568	0.002814921958477477
1254	5.942519550978918e-06	5.555999014923026e-07	1.1864254054710998e-05	0.06529520003823563	0.003222042518553903	0.0032036801450467207
1255	5.571819093112028e-06	6.130446388824712e-07	1.3020958176992504e-05	0.06659940001554787	0.003678779193120187	0.0036595733712112
1256	3.926254473972825e-06	6.844718175062053e-07	1.473800968511923e-05	0.0726587000535801	0.003117775215949422	0.003098426479972824
1257	2.7404930268280155e-06	6.200405335768885e-07	9.996687133717395e-06	0.06947010004660115	0.0031650961400694804	0.0031517389193753582
1258	2.1624452342777915e-06	6.791171581175277e-07	9.245044498427796e-06	0.06869669997831807	0.002620759839608011	0.002608673232717188
1259	2.0968330658181796e-06	6.467482387722221e-07	6.928434008316142e-06	0.061733399983495474	0.0034326513976627475	0.003422979382349841
1260	2.412821149707423e-06	6.307641764298229e-07	5.64094899595805e-06	0.06749129999661818	0.003261639533493952	0.0032529549991718565
1261	2.2672258783643285e-06	6.974488299999282e-07	6.936923147223347e-06	0.06834080000407994	0.0032804261331433175	0.00327052453528773
1262	2.1931554689318902e-06	6.864998091571433e-07	6.813118177835737e-06	0.07056999998167157	0.003321044192356708	0.0033113514189007827
1263	2.0317506374268573e-06	7.136026434397316e-07	6.885151089833601e-06	0.06872389995260164	0.0025659676352621313	0.002556337130891431
1264	1.8166575198135902e-06	6.287592330420287e-07	6.364402832285834e-06	0.06895579997217283	0.002662655251105339	0.0026538454315201973
1265	1.6215983696335398e-06	6.418111059887264e-07	5.977384139259719e-06	0.06957799999509007	0.0034816096727611555	0.0034733688791462733
1266	1.2783727009341786e-06	5.66169795234758e-07	5.018784576949064e-06	0.05997830000706017	0.0033019491946649974	0.0032950858675918795
1267	1.3088749464871058e-06	5.009558124126854e-07	3.6113787879434758e-06	0.06365029996959493	0.0032058160727794697	0.0032003948632326265
1268	1.803152443860536e-06	4.896987504343357e-07	1.5795733484842034e-06	0.0664649999816902	0.00351097192731426	0.0035070995027714808
1269	2.1816291629207897e-06	4.860912949243277e-07	2.6025303960283555e-06	0.068637199990917	0.003717045093105206	0.003711774842251332
1270	2.123662998860697e-06	4.85431874213869e-07	3.18363785726004e-06	0.06330159999197349	0.0023859141576840414	0.0023801214249537066
1271	1.601163503308405e-06	4.983312690679976e-07	2.102572428872978e-06	0.06628309999359772	0.002067801853848026	0.0020635997866467765
1272	1.4309742537813515e-06	4.6000179756195014e-07	1.4978200796361871e-06	0.06108309997944161	0.0031102485834235334	0.0031068597872925536
1273	2.262773316818953e-06	4.770842716738902e-07	2.1404906297269557e-06	0.06504659994971007	0.003053328777476884	0.0030484484292586642
1274	4.640993703730106e-06	4.7459562776663363e-07	3.6422700257243375e-06	0.06886360002681613	0.0032434169073198866	0.0032346590479626655
1275	5.511783177329276e-06	4.373867613817322e-07	3.894814812087382e-06	0.06828300002962351	0.0031354354660096703	0.0031255914812588718
1276	3.63347222407906e-06	4.967685103568606e-07	3.829057257018572e-06	0.06928529997821897	0.0036857366078853477	0.0036777773098938932
1277	2.0882687985339485e-06	4.7091198097297696e-07	2.1002884414568975e-06	0.06583660002797842	0.0031614389565950045	0.0031567794873740406
1278	1.6750413047313523e-06	4.6874624536824333e-07	1.5565112745073798e-06	0.060367400001268834	0.002194154509879531	0.002190454211054924
1279	1.2908198365737763e-06	5.335259149537812e-07	1.9042002283109779e-06	0.06153279996942729	0.003500936747322329	0.0034972082013424903
1280	2.228942059441371e-06	5.841615729903622e-07	4.345902760036881e-06	0.05992799997329712	0.00372300854557634	0.0037158495391838714
1281	3.0480836003465037e-06	5.441157267574713e-07	5.091663851973623e-06	0.07211319997441024	0.003439076096460814	0.0034303922332817364
1282	4.313423442836864e-06	6.253705666346569e-07	7.93216001888535e-06	0.0695382000412792	0.003480025128966402	0.003467154174938045
1283	2.976106335975834e-06	5.96597409251735e-07	7.091476714110205e-06	0.06956229999195784	0.004026741655077796	0.004016077474618458
1284	2.4005196222395824e-06	5.453012143139079e-07	6.2074900447817345e-06	0.06311099999584258	0.0026986915802721953	0.0026895382693908603
1285	1.6536015634737366e-06	5.995891775102679e-07	3.4795587322699633e-06	0.06514449999667704	0.002822411028681752	0.0028166782792084983
1286	1.548476579938175e-06	5.434283927373182e-07	2.2844486539528188e-06	0.06292279995977879	0.0035866896411944323	0.003582313287567804
1287	2.253019232525953e-06	5.635191722966012e-07	1.5342256714838575e-06	0.06458959996234626	0.00347110346594392	0.0034667527018676135
1288	3.0744170429234937e-06	5.64034668207792e-07	1.6710850734669842e-06	0.06604740000329912	0.0033197359115567514	0.003314426374772153
1289	3.319841582337016e-06	5.938633826648051e-07	2.0376421085133753e-06	0.06410880002658814	0.003780857367860327	0.0037749060207868117
1290	4.478589721126784e-06	5.202406965975144e-07	3.070441817561814e-06	0.06196319998707622	0.00279010181596624	0.0027820325437309537
1291	4.592523801584459e-06	5.305689250696264e-07	4.87124803081072e-06	0.07116750004934147	0.00269053776230713	0.002680543421549665
1292	3.8180986020620415e-06	5.607734720431237e-07	6.378934238286549e-06	0.05743149999761954	0.0023049974806517667	0.002294239674339375
1293	2.8575610143640355e-06	5.807680118825055e-07	5.396057890315724e-06	0.06526320002740249	0.003399552139073647	0.0033907177521570846
1294	2.1024911095249296e-06	5.910202900784241e-07	5.846157590193915e-06	0.06610099994577467	0.0023762475800847074	0.00236770791109491
1295	1.9124483501338333e-06	6.483604852609242e-07	7.361373387199147e-06	0.060641399992164224	0.002675171486313392	0.0026652493040907983
1296	1.8539126131902098e-06	6.986078617910333e-07	6.189974628549394e-06	0.060728900018148124	0.003565712023249031	0.0035569695281455005
1297	2.0811597620949202e-06	6.474187336096134e-07	5.4690920622546e-06	0.057870600023306906	0.002860772448839789	0.0028525747782818297
1298	2.554277984050365e-06	6.428335416196058e-07	4.870257332440364e-06	0.06147970003075898	0.0036221373850819243	0.003614070016223814
1299	2.796232047906002e-06	5.790730619924438e-07	3.7306233127176196e-06	0.06998809997458011	0.002977078482618965	0.002969972554196349
1300	2.6507380284884295e-06	5.992072394132535e-07	3.237575218425824e-06	0.06035450001945719	0.0037155413764995275	0.0037090538560132
1301	2.8997784129724538e-06	5.590794863846399e-07	1.8096389863357185e-06	0.06904520001262426	0.0029242414521519467	0.002918972955266254
1302	3.450263443078715e-06	5.370647429192382e-07	1.6398919160922326e-06	0.06841609999537468	0.0025358364506397556	0.0025302092305376656
1303	3.1184363418418365e-06	5.436109772404336e-07	2.484016699593637e-06	0.061337699997238815	0.0027904160678690524	0.0027842700038503763
1304	2.0056182980042136e-06	5.397774946494284e-07	2.0241093408129338e-06	0.061220900039188564	0.003746485353778218	0.0037419158486447514
1305	1.6204057171307076e-06	5.362112807244019e-07	1.5540824592948374e-06	0.06775909999851137	0.0030412724358993386	0.0030375617364421887
1306	2.6432714958298223e-06	5.433288099762891e-07	2.2317673784449744e-06	0.061995700001716614	0.0027097382044593155	0.0027043198367750643
1307	4.303060995052604e-06	5.810732078217664e-07	3.7561399517161826e-06	0.06831929995678365	0.004064057756041944	0.0040554174818873525
1308	4.786600049570373e-06	5.174834588771804e-07	3.1885039920798618e-06	0.0691400000359863	0.0029547124307775295	0.002946219843277002
1309	3.120933021624178e-06	5.333956496442738e-07	3.1381388001732185e-06	0.0670547999907285	0.003340971821535456	0.0033341793540640143
1310	2.4549486064343622e-06	5.473005782965566e-07	1.9514112478171093e-06	0.067724900029134	0.0031759746911421633	0.003171021030709615
1311	1.7850073812296489e-06	5.150963694760423e-07	1.6203227368279225e-06	0.0670125000178814	0.003744246047046176	0.0037403256205586423
1312	1.1746410706364892e-06	5.565976096715811e-07	1.8235158960861785e-06	0.06491750001441687	0.002217087511744553	0.0022135327571681587
1313	1.174066977275219e-06	5.825857216569182e-07	1.585068580925598e-06	0.06139330001315102	0.0031910252029973833	0.003187683481717526
1314	1.4074201498665935e-06	5.327207446745909e-07	1.6352654850615665e-06	0.062253199983388186	0.002839614359505007	0.0028360389531254045
1315	1.4077004957510847e-06	5.329376248246763e-07	1.5980742691605281e-06	0.06353450001915917	0.0027559631511312574	0.0027524244387415213
1316	1.6303022229639177e-06	5.509639594937039e-07	1.8377919931295586e-06	0.06743509997613728	0.003386268328917789	0.0033822492707422016
1317	1.861787068741562e-06	5.624121405785213e-07	1.964343325659755e-06	0.060250099981203675	0.0033161142706596355	0.003311725728124656
1318	2.1369090334300546e-06	5.24129641971331e-07	1.522120904146913e-06	0.06782870000461116	0.0028418731141011035	0.0028376899545215556
1319	2.025835864628534e-06	5.11841264651502e-07	1.4327762303982711e-06	0.06561019999207929	0.002899464179470867	0.002895493726111189
1320	1.944762022239251e-06	5.473697370955277e-07	1.721138134946503e-06	0.0693087000399828	0.002314855476281812	0.0023106422063875307
1321	1.450235931279195e-06	6.303618277506315e-07	1.6240781729142118e-06	0.07677179999882355	0.00327470908358266	0.0032710044076507162
1322	1.0887410822347497e-06	5.809346814059177e-07	1.43588273803929e-06	0.08300560002680868	0.003050755498430708	0.003047649939929028
1323	1.0443704796181543e-06	5.446235384519455e-07	1.40816021611263e-06	0.08025499997893348	0.0028650742190424227	0.0028620770648082397
1324	1.2695559758928017e-06	6.011975558632722e-07	1.6109935869806373e-06	0.09094170003663749	0.003071748738049419	0.003068266990930682
1325	2.268917234054777e-06	5.295669478813913e-07	2.0185964198860387e-06	0.09423589997459203	0.0025777316704975106	0.002572914589895688
1326	3.0832886640124363e-06	5.796947790362582e-07	3.578908596179122e-06	0.09394579997751862	0.0034259916531039314	0.003418749761064704
1327	4.429431649386681e-06	6.257469449957048e-07	6.023514310745254e-06	0.0864333999925293	0.0038079793036753596	0.003796900610770232
1328	4.687062365920745e-06	5.968445447081868e-07	7.719249779091157e-06	0.0780807999544777	0.002137803055925395	0.0021247998992356748
1329	3.208423062745183e-06	5.865183726748263e-07	6.473136220101969e-06	0.0814459000248462	0.0029941496412715083	0.002983881563615986
1330	1.8765373976988172e-06	5.882837484274143e-07	4.787745012229886e-06	0.07891409995499998	0.002184537007340519	0.002177284441182163
1331	1.0735314370516205e-06	5.786200133524721e-07	3.06619779370005e-06	0.08909079997101799	0.0032751794855988454	0.0032704611363547414
1332	1.3763868497607213e-06	5.604555881934158e-07	2.3378403420505754e-06	0.08853339997585863	0.003591056795722892	0.0035867821129428874
1333	2.5946357261317046e-06	5.487105114740787e-07	1.5449808253808813e-06	0.10341730003710836	0.003685261961080663	0.003680573634017676
1334	2.463479948921587e-06	5.373232568267342e-07	1.2796367762929019e-06	0.11902869999175891	0.0026672895973155098	0.0026630091573334683
1335	3.039987242104727e-06	5.50212792458114e-07	1.6952997777168129e-06	0.10946240002522245	0.0030795168284614865	0.003074231328649207
1336	3.3627080767642703e-06	5.245817205438278e-07	1.6436601029853565e-06	0.10198390000732616	0.002952095181910004	0.0029465642320097105
1337	2.969901780363721e-06	6.117302158317976e-07	2.1007192863277716e-06	0.0893627000041306	0.0031997794787636037	0.0031940971274810803
1338	2.468744279592177e-06	5.452459166237335e-07	3.097006186092195e-06	0.09110870002768934	0.002812628170495475	0.002806517174113167
1339	1.6158308982669445e-06	5.605620075098649e-07	2.336336364481715e-06	0.08443819999229163	0.0028351110949247026	0.0028305983656544444
1340	8.15157938635151e-07	5.881394451390739e-07	1.4159280967765578e-06	0.08263660001102835	0.0038644114106059003	0.0038615921851253496
1341	1.9715711450297166e-06	6.3883032757532e-07	1.9101489252865183e-06	0.08586380002088845	0.002713308293250301	0.0027087877428524096
1342	2.767700513178295e-06	5.588590292890982e-07	2.072214516866955e-06	0.08571079996181652	0.002747195394761248	0.002741796620701914
1343	3.4793202576958757e-06	5.842360141947483e-07	2.6788507769724324e-06	0.08456950000254437	0.0025030226700228165	0.0024962802629739534
1344	3.7796641429358733e-06	5.468602115057134e-07	2.7616979117581088e-06	0.08003209996968508	0.003393013366853943	0.003385925144587743
1345	2.277171679180335e-06	5.867223120983122e-07	1.6665000675903324e-06	0.11679950001416728	0.002614422294055697	0.0026098918999968275
1346	1.5390922338567619e-06	6.406747560937009e-07	1.592818593560011e-06	0.11049380002077669	0.002919545440940584	0.0029157728553570734
1347	1.1277146384396658e-06	5.964252584252408e-07	2.297935423907537e-06	0.10289189999457449	0.0029370444626532636	0.002933022387332491
1348	1.3694638381312987e-06	6.519928535239683e-07	2.9358428585215167e-06	0.103233200032264	0.0037486640151895272	0.00374370671563935
1349	1.3278590739336318e-06	6.682664477044832e-07	2.43610867280735e-06	0.09931470005540177	0.0032943654259431103	0.0032899331917486648
1350	1.2092453640300828e-06	6.323847084125337e-07	1.3942089863230521e-06	0.09100760001456365	0.0028555833052228865	0.0028523474661641206
1351	1.6568846226752569e-06	5.816324806806851e-07	2.965429343645394e-06	0.08389389998046681	0.0032097974969032706	0.0032045935504562695
1352	2.413160428903557e-06	6.173441740923248e-07	4.8271639980738505e-06	0.0880895999725908	0.003479814735812357	0.0034719570672112872
1353	2.607694208977933e-06	5.708597452665135e-07	5.676089761063387e-06	0.09092759998748079	0.0032103277304036983	0.0032014730866883907
1354	1.4296934828556432e-06	5.683200460633744e-07	2.8709096657713083e-06	0.11315930000273511	0.0031840616713856057	0.0031791927481909154
1355	1.5607909323597507e-06	5.458267685990599e-07	1.2754659117155527e-06	0.11026859999401495	0.0032728532391621467	0.003269471155549472
1356	2.6686812877463173e-06	5.567185398815511e-07	2.3691396655905256e-06	0.0954634000081569	0.003096458111299801	0.0030908635718065822
1357	4.530763459939061e-06	6.622838610212898e-07	4.790582095016956e-06	0.09324249997735023	0.002364717667659374	0.002354734038243397
1358	5.1665100200172125e-06	7.258949691278395e-07	8.522443303999052e-06	0.08740750001743436	0.002774680488512105	0.002760265640218961
1359	6.137613359338353e-06	8.357903457317349e-07	1.3605913929160828e-05	0.09394910000264645	0.0025981357874107014	0.0025775564697764703
1360	4.189640009504863e-06	8.199251684490818e-07	1.0925062239563758e-05	0.08502729999599978	0.0030430014980515627	0.003027066870634045
1361	2.81243978655877e-06	8.457313128329055e-07	1.0529096050875733e-05	0.11277790000895038	0.0028158970407824624	0.002801709773632195
1362	2.4061152814996194e-06	9.208885909132072e-07	6.6142514987061065e-06	0.09899460000451654	0.0031338296346817285	0.0031238883793106094
1363	3.19399595421e-06	7.926144482932201e-07	2.3239225995877217e-06	0.09408169996459037	0.0031809724252601125	0.0031746618922580214
1364	6.318368456959865e-06	6.94279464314956e-07	1.8207478243128847e-06	0.08637969999108464	0.002973104704399531	0.0029642713086539436
1365	7.99237367853442e-06	6.689563559490045e-07	2.1383344597907274e-06	0.09322590002557263	0.003150778703087504	0.00313997903859323
1366	5.519054844757668e-06	8.162601421768726e-07	2.2048065314263194e-06	0.09368109999923036	0.0037104498494574967	0.003701909727939136
1367	5.112162121285343e-06	7.220151651605631e-07	1.910798700055974e-06	0.10931390000041574	0.0029254269636773012	0.002917681987690799
1368	2.6845455913892847e-06	7.199087622074727e-07	1.7266507910125963e-06	0.10087710001971573	0.0027157354397346557	0.0027106043345900463
1369	1.8604451840369787e-06	6.991097532917424e-07	1.6201626657095796e-06	0.08999840001342818	0.0036553910466653483	0.00365121132906231
1370	1.886267924777593e-06	7.01070270137611e-07	2.0650079893005593e-06	0.11139400000683963	0.0031922457044059865	0.0031875933582217707
1371	2.0153149403333146e-06	5.868085188555662e-07	2.83333305525516e-06	0.10848149994853884	0.001864258286459939	0.0018588228299454951
1372	2.155950087938238e-06	6.707069449521794e-07	3.3492683794702583e-06	0.09339540003566071	0.00262177809803025	0.0026156021726178895
1373	2.3861280109384643e-06	6.304631414297997e-07	3.4931600473732945e-06	0.08793249999871477	0.002684452119584548	0.002677942368384806
1374	2.777255995701165e-06	5.967567067472931e-07	3.0282826750463914e-06	0.0977765999850817	0.002630883175159027	0.002624480879781532
1375	3.0192705824281915e-06	6.491337310803435e-07	2.386103575860954e-06	0.08506880002096295	0.0030617158908480572	0.003055661382958688
1376	3.2582018969486567e-06	6.342213543670875e-07	2.296462566644216e-06	0.0926132999593392	0.002511542399925391	0.002505353514107431
1377	2.961612966219245e-06	5.76476013264824e-07	2.1659160915401795e-06	0.08259529998758808	0.0025848988549133705	0.002579194849842346
1378	1.6785770460809728e-06	6.733158297513678e-07	2.1685111175845028e-06	0.08889620000263676	0.0033339312340820203	0.0033294108300886034
1379	1.3210281606872626e-06	6.245637370676849e-07	2.401639167657612e-06	0.09456659998977557	0.003047291234361791	0.0030429440032963785
1380	1.6185400590059038e-06	6.162451569829201e-07	1.8481271922023398e-06	0.08249340002657846	0.003187197253155892	0.003183114340747701
1381	1.8644032978181145e-06	6.736440483666708e-07	1.7846840002753406e-06	0.09446390002267435	0.004556235566500403	0.0045519128351539425
1382	1.6490169047814558e-06	5.822715937465562e-07	1.966765830082886e-06	0.08102780004264787	0.0035643644352082275	0.0035601663808796165
1383	2.0369154095679553e-06	6.663352866776349e-07	1.9075794013798827e-06	0.08755690004909411	0.0033122134136689438	0.003307602583571318
1384	2.1551795364102536e-06	6.858024318124557e-07	1.7959661636921068e-06	0.09362699999473989	0.0027869770897550818	0.0027823401416231667
1385	1.8153367508479803e-06	6.729114518212892e-07	1.962759472897351e-06	0.08147709997138008	0.003258502425407179	0.0032540514177316123
1386	2.037171330954712e-06	6.987238184154819e-07	2.495603332853327e-06	0.08291249995818362	0.003121218934417022	0.0031159874359347984
1387	1.4590432358584858e-06	6.926405220885032e-07	1.7427289217436626e-06	0.08382300002267584	0.0021038820348860702	0.0020999876222063795
1388	1.5228983606289421e-06	6.456010065525887e-07	1.788144017943298e-06	0.09010020003188401	0.0029660507218339568	0.002962094078448832
1389	1.923485360537948e-06	6.435133384315373e-07	1.8048733989887421e-06	0.09034600004088134	0.002953681056748068	0.00294930918465011
1390	1.8492952269479771e-06	6.314312018515962e-07	2.3443089903524343e-06	0.08520710002630949	0.003959102953374152	0.003954277917955
1391	2.107202305754166e-06	6.928818332850866e-07	2.4759106188505156e-06	0.09008900000480935	0.0031897843438544286	0.0031845083490965385
1392	1.718755244248634e-06	6.970065666271536e-07	2.483628110094298e-06	0.10590439999941736	0.003714662789143011	0.003709763399222041
1393	1.8740356115976701e-06	6.889261174160396e-07	2.738398204734042e-06	0.10063380002975464	0.003236598310542021	0.0032312969506082733
1394	1.6549654770517485e-06	6.432142460166144e-07	1.8438875009001743e-06	0.08867529995040968	0.003218539673999438	0.0032143976067754696
1395	1.7957112815627775e-06	6.65237678576281e-07	1.4206145773059469e-06	0.09929440001724288	0.0026564299884010933	0.002652548424863648
1396	1.981407773355006e-06	6.466855883322028e-07	1.664287460005938e-06	0.08368420001352206	0.0029497457711579783	0.002945453390336285
1397	1.8950800356370293e-06	6.271946816245657e-07	1.670424279252613e-06	0.08901649998733774	0.003063884488595789	0.0030596917895992747
1398	1.8823633219533383e-06	5.480068039159589e-07	2.219743458013013e-06	0.08778780000284314	0.0032539769101999	0.0032493267966160174
1399	1.8058133256531163e-06	5.50883144609377e-07	3.459589505041672e-06	0.08782710001105443	0.0032745518991392475	0.0032687356131639433
1400	1.4914514780980667e-06	6.465324194353811e-07	2.768774240639954e-06	0.07691180001711473	0.003357760820234048	0.003352854062095875
1401	1.240866379028955e-06	5.983570808680474e-07	2.067253360739629e-06	0.08006439998280257	0.0038892256770456553	0.0038853192002250188
1402	1.4196645770911461e-06	5.499979516250184e-07	1.4704675313030733e-06	0.09199440001975745	0.002240674509571322	0.002237234379511303
1403	1.3257676952610874e-06	5.994214014726333e-07	1.238960802618782e-06	0.08326829998986796	0.0030780614633004154	0.003074897313401063
1404	9.799502414933507e-07	5.873346736703077e-07	1.4599497917859173e-06	0.07696500001475215	0.0028477260790867303	0.002844698844379781
1405	1.358642046507905e-06	6.379667459437142e-07	1.3900293617174182e-06	0.07794809999177232	0.0029297651440325606	0.0029263785058783916
1406	1.5134699411599453e-06	6.06293880612573e-07	1.6799521616550834e-06	0.07215309998719022	0.0034503295623742256	0.0034465298463907976
1407	1.5842237869642815e-06	5.89950626770218e-07	2.4142267506370496e-06	0.07207070000004023	0.002187533390329235	0.0021829449891648633
1408	2.0714872204404307e-06	6.775564117910602e-07	4.608555168474872e-06	0.0800858999718912	0.003237099420331004	0.003229741821530298
1409	1.9930608071924483e-06	7.444573798045589e-07	3.6222915495514085e-06	0.07969079999020323	0.0032676272044560575	0.0032612673947195092
1410	1.236034620278924e-06	7.521690159256091e-07	2.7968630646576666e-06	0.06250809994526207	0.002857577106905607	0.0028527920402047447
1411	1.6769627737181825e-06	6.730266427412071e-07	3.7379830254464365e-06	0.07321469997987151	0.003230091752505895	0.003224003780063989
1412	1.363382616892879e-06	8.219879580922479e-07	4.882852799885964e-06	0.07506420003483072	0.003900571833814351	0.00389350361043948
1413	1.8282705956621516e-06	8.652301879142017e-07	7.71957907158665e-06	0.06980090000433847	0.0027553330471899963	0.002744919967334833
1414	2.0818470234148633e-06	1.0416591307054665e-06	1.0329098212620466e-05	0.06613350001862273	0.003999201827829071	0.0039857492234623305
1415	1.762571775495921e-06	9.263504325765824e-07	7.059317455480996e-06	0.06968610000330955	0.003110864595825291	0.0031011163561617374
1416	1.7057831456032183e-06	7.381935073243902e-07	3.2578603637117043e-06	0.06866240000817925	0.002437497346209	0.0024317955091923606
1417	2.5953863934373454e-06	7.620906103024387e-07	1.8944356614693807e-06	0.068431599996984	0.0035511173606088916	0.0035458654479436826
1418	3.7136739061871914e-06	6.503438777130466e-07	1.7359423118613377e-06	0.06933500000741333	0.003253157036065881	0.0032470570759701193
1419	3.909772800606651e-06	6.563756728529967e-07	3.2982908333695913e-06	0.07175920001463965	0.0032890470068230476	0.003281182567516218
1420	5.989358056654836e-06	5.735433746457179e-07	5.291977009730398e-06	0.07201010000426322	0.0030942085104904674	0.003082353632049436
1421	5.868581242529073e-06	6.353623383388197e-07	9.330924469067815e-06	0.07405150000704452	0.003793459002407223	0.0037776241343572877
1422	5.684940728053827e-06	5.962619524951392e-07	1.346700227704326e-05	0.07057369995163754	0.0023126243765491526	0.0022928761715915605
1423	3.462861191778469e-06	5.809950518658185e-07	1.1640342197950979e-05	0.0829286000225693	0.0024927407655626357	0.0024770565671210403
1424	2.5006163561383466e-06	6.202065600753142e-07	9.202300957092775e-06	0.07714559999294579	0.0030436909556485394	0.003031367831775233
1425	2.3236861254818125e-06	5.974957039864643e-07	3.9192704461216785e-06	0.0743141999701038	0.003453729980154074	0.003446889527878484
1426	4.074035866793713e-06	5.669203833282745e-07	2.0043872307234787e-06	0.07531879999442026	0.001987933097624629	0.001981287754143784
1427	7.1997684541184315e-06	5.49491913037695e-07	1.394468729653347e-06	0.07782940001925454	0.0034105450465330995	0.00340140131743629
1428	9.94882575031784e-06	5.210032634937639e-07	2.6920158700068923e-06	0.07552819995908067	0.002938334485507381	0.0029251726406235626
1429	1.0370265597870378e-05	6.22076930117628e-07	5.04161242031446e-06	0.07382119999965653	0.002604990408367475	0.0025889564534191723
1430	7.387218865444312e-06	6.641202679167561e-07	6.395287704614157e-06	0.07194689998868853	0.003590689830885546	0.0035762432040475707
1431	6.532447562594037e-06	7.521264939402821e-07	7.38806681004654e-06	0.07498890004353598	0.003415535714377837	0.003400863073511256
1432	3.2797009683223276e-06	7.271100480244571e-07	4.109306636150883e-06	0.06417230004444718	0.002663316615327105	0.0026552004976746076
1433	2.14040354740733e-06	6.500019546090257e-07	2.3494122482191544e-06	0.07082849997095764	0.0025684986379665227	0.002563358820216287
1434	4.439088185083337e-06	5.744674294043628e-07	1.5037304002983505e-06	0.08798700000625104	0.003268363513069308	0.0032618462270545216
1435	9.859815721422784e-06	6.625083418856515e-07	3.6862625813546297e-06	0.07013770000776276	0.002704499267643745	0.0026902906809990815
1436	1.4994339414643038e-05	6.352032650394822e-07	8.119677417233056e-06	0.09155559999635443	0.003081646661145501	0.0030578974410485856
1437	1.3739472581744e-05	5.991513176497658e-07	1.0279122471172483e-05	0.0966914999880828	0.0035753866937876123	0.003550768947417046
1438	1.2412797111277e-05	6.104754146345132e-07	1.16100399978792e-05	0.09104010002920404	0.0027037533060722345	0.002679119993548444
1439	7.47138947758746e-06	6.04428613450236e-07	7.430313185241581e-06	0.08981340000173077	0.003711297518689061	0.003695791387412782
1440	3.4220409553790845e-06	5.783289712558853e-07	5.017707643894471e-06	0.07708459999412298	0.0034799369722541894	0.00347091889468366
1441	2.131128405609101e-06	5.700099536194997e-07	3.2896699338265438e-06	0.08552650001365691	0.003397961046533272	0.003391970238240217
1442	2.989620184541452e-06	5.000946704521248e-07	2.6327356509358356e-06	0.0876877999980934	0.002364754370888814	0.002358631920382885
1443	5.38689703033611e-06	5.977094763825616e-07	1.8635244338317697e-06	0.08745569997699931	0.0031446966382415306	0.00313684850730098
1444	6.906955123615086e-06	6.182788455775278e-07	1.6074945548019562e-06	0.09290859999600798	0.003061378489117002	0.0030522457605930073
1445	7.428520570028838e-06	6.034684790626325e-07	1.7310925565537403e-06	0.09355619997950271	0.003634753361886918	0.0036249902802812733
1446	7.358243590857453e-06	5.435591483698104e-07	1.4157196847191357e-06	0.09897150000324473	0.0032136488852909117	0.003204331362866965
1447	5.372399725613261e-06	5.785829893830608e-07	1.1207136003012993e-06	0.09334159997524694	0.0037567347808622133	0.0037496630845469158
1448	3.107575782205862e-06	5.597268316933695e-07	1.4855994905328437e-06	0.09724269999423996	0.0029845091768970705	0.0029793562747926386
1449	1.3698210238406835e-06	5.229037505653684e-07	2.1616097879422287e-06	0.0890779999899678	0.0037236069488664762	0.003719552614304128
1450	1.1498628037212728e-06	5.707616314725748e-07	3.1491594059701986e-06	0.08714770001824945	0.003376179904829233	0.003371310120988069
1451	2.279742570863703e-06	4.864502137358368e-07	3.638698220345812e-06	0.0806684999843128	0.003496937570716625	0.0034905326797116795
1452	3.2729908949530985e-06	4.697900384824127e-07	4.158843996069332e-06	0.08347409998532385	0.0036733575946746276	0.003665455969745123
1453	4.103811811386471e-06	4.958059262559472e-07	3.186624813196262e-06	0.09136389999184757	0.0026074533164504666	0.0025996670738996277
1454	2.1681210826977752e-06	5.477359472178905e-07	9.67181986374201e-07	0.08883060002699494	0.0024073299710250704	0.0024036469320087806
1455	1.3080368557331925e-06	5.552572420262004e-07	2.5522611258881577e-06	0.09764390002237633	0.0023601485782250584	0.002355733023001411
1456	2.035339576838607e-06	7.690440893755524e-07	6.4695192880327126e-06	0.0856447999831289	0.0040566627016768	0.004047388798722553
1457	2.413809751088759e-06	8.22036744898664e-07	8.538789097368494e-06	0.0983243000227958	0.002999224325633038	0.002987449690039682
1458	2.6493607967988635e-06	7.657103683677993e-07	9.347299681597965e-06	0.09445829998003319	0.003244036241134484	0.0032312738702877193
1459	2.7943271953538973e-06	8.28641943668402e-07	9.569248850653992e-06	0.09553069999674335	0.002897381954620343	0.0028841897366306667
1460	2.0045485264444196e-06	7.810514748521953e-07	5.972080572717026e-06	0.09537719999207184	0.00290050754909635	0.0028917498685223364
1461	1.5128918597664045e-06	7.27455903168106e-07	2.7893987121434526e-06	0.08945090003544465	0.0032848087699371355	0.003279779023462058
1462	3.672600163739566e-06	6.693977065792223e-07	9.93978038686924e-07	0.09176549996482208	0.0032977342409924635	0.003292398265083458
1463	4.985314542898375e-06	5.437171147275084e-07	3.449380591581478e-06	0.08939479995751753	0.003194348220392364	0.003185369808143157
1464	1.023675058977991e-05	5.507929680459136e-07	1.2711403987214059e-05	0.09599440003512427	0.0032232898645038095	0.0031997909169587694
1465	1.0754322639777458e-05	5.759961183655e-07	2.121557435189379e-05	0.09115839999867603	0.0023377429078969506	0.002305197014786914
1466	1.0659774385126086e-05	6.624454849811831e-07	2.0206130190327773e-05	0.09918459999607876	0.0030670596927248168	0.003035531342664382
1467	5.867221204071639e-06	7.025664711311945e-07	1.645053805358908e-05	0.08952650002902374	0.0036665033824872387	0.0036434830567584468
1468	2.874040995076641e-06	6.085543835692221e-07	1.0313025179252056e-05	0.0880040000192821	0.002546972833052943	0.002533177212495045
1469	3.48657294840797e-06	5.692247440709716e-07	4.220580682552321e-06	0.08404450002126396	0.003768535445246605	0.0037602590668715736
1470	6.000216238323367e-06	4.823752996182268e-07	1.240446234593693e-06	0.08669799997005612	0.0023650345286596376	0.002357311490887102
1471	1.2788650331294194e-05	4.892917075425071e-07	1.9853450247519477e-06	0.09412490000249818	0.0032129732116793364	0.0031977099246157476
1472	2.0130867531518345e-05	4.991793405010556e-07	6.732068601326995e-06	0.0909203999908641	0.00303118218991422	0.003003820074440874
1473	1.6869624618217477e-05	5.32692874560133e-07	1.1070336960719463e-05	0.08629090001340955	0.0032690921255329464	0.0032406194710794495
1474	1.2692601385621663e-05	6.952959189715643e-07	1.3863559954987054e-05	0.09386569994967431	0.0023539140379837706	0.0023266625807241903
1475	7.424651330305752e-06	7.376816604610312e-07	1.0875653961030065e-05	0.09342889999970794	0.0027526031013322522	0.0027335651143804555
1476	4.0508169531107794e-06	7.25381223843103e-07	7.131521147967992e-06	0.09580940002342686	0.0038279325239584084	0.003816024804633487
1477	3.6439566253856285e-06	7.479117232196538e-07	3.2985097435679688e-06	0.08881490002386272	0.0028735521307257155	0.0028658617526335422
1478	7.298472918385412e-06	7.130217110065038e-07	1.2471229678510596e-06	0.08658800000557676	0.0020661254076408155	0.0020568667900435723
1479	1.2403830103404007e-05	6.60152832888298e-07	1.7673524806292593e-06	0.09134179999819025	0.003466905970757061	0.0034520746353401393
1480	1.8517155664405268e-05	5.752842098291161e-07	4.404204409773529e-06	0.0892011999967508	0.0029987262717043528	0.002975229627420345
1481	1.9499538156910583e-05	6.191054592836761e-07	7.518938826556406e-06	0.09385370003292337	0.003361800709364423	0.0033341631269216726
1482	1.3371543050070262e-05	5.240269984738775e-07	5.901237216677322e-06	0.0934471000218764	0.0030357257286973897	0.003015928921432168
1483	5.0792305668382676e-06	5.24422001105725e-07	2.353697405568594e-06	0.08755960001144558	0.00218239493236939	0.0021744375823958776
1484	2.076099820844382e-06	5.734930125014006e-07	1.1207252554231056e-06	0.09141990001080558	0.0034148744346698405	0.003411104116581072
1485	2.3832649559955955e-06	5.669195519189888e-07	1.5324086751608079e-06	0.08892429998377338	0.003096724136442178	0.0030922415432591025
1486	5.512737448622226e-06	5.840891697964272e-07	2.4321253231746426e-06	0.09568469994701445	0.004132237960021204	0.0041237090080796105
1487	5.134096266047752e-06	5.146018788556409e-07	1.3812318478835888e-06	0.09400159999495372	0.0026900972659063727	0.0026830673359135855
1488	5.840098350015205e-06	5.496583743815036e-07	1.093726935410742e-06	0.08187049999833107	0.0029818484229694004	0.002974364939309593
1489	4.084157416310663e-06	5.701035245425265e-07	2.3861106336958653e-06	0.08584130002418533	0.0032054392754001806	0.003198398903825632
1490	2.3986941765484797e-06	6.069633677646588e-07	6.283600985884347e-06	0.09045710001373664	0.003033049354003193	0.0030237600954729953
1491	2.3576319725836176e-06	7.175186183307428e-07	1.2702742171367802e-05	0.08463170001050457	0.004193547668585231	0.004177769775822949
1492	1.9291347443524967e-06	6.707593218805502e-07	1.4100439529851473e-05	0.07657119998475537	0.0030073777868817476	0.002990677453285663
1493	1.9865400333756644e-06	5.540324091701196e-07	1.0583148836107303e-05	0.07856779999565333	0.0023323094123421724	0.0023191856910635194
1494	1.8028674007068234e-06	5.512602602511831e-07	5.988256406310673e-06	0.10381669999333099	0.0032209302526327796	0.0032125878685655106
1495	1.6940837724455262e-06	4.838499587729674e-07	1.7545286028878452e-06	0.08907470002304763	0.003305139004029071	0.0033012065416949646
1496	2.4110458395461108e-06	5.485915245124998e-07	1.030706473227659e-06	0.08495270001003519	0.0035776411560768592	0.003573650812239573
1497	3.924154656339852e-06	5.420652735062894e-07	4.271602636162601e-06	0.08836360002169386	0.002729066231209455	0.002720328408643446
1498	4.6385456038457294e-06	6.45740885698574e-07	8.715950635166623e-06	0.09319369995500892	0.003339720154715282	0.003325719917590571
1499	3.3346836837095432e-06	6.4112375785531e-07	8.25582959255915e-06	0.10843490000115708	0.0023232059837494617	0.002310974346715338
1500	2.457887412945308e-06	6.801624753558025e-07	5.503187942147764e-06	0.09098449995508417	0.0027484648502628757	0.0027398236124324266
1501	2.5157982567151945e-06	6.219552533243968e-07	1.982548314205437e-06	0.09946870000567287	0.0029863831018610227	0.0029812628000367774
1502	4.3290185675436415e-06	5.489234114017696e-07	1.249666477764363e-06	0.09707399999024346	0.003626124829984857	0.003619997221528147
1503	6.667508794630566e-06	5.152390300103665e-07	3.2776467454160577e-06	0.09695000003557652	0.0031955645473114576	0.003185104152741401
1504	6.81858746153192e-06	5.137697811381776e-07	5.352763117137674e-06	0.09780360001605004	0.002673215498204111	0.002660530377844303
1505	8.271580135747901e-06	4.87663291235226e-07	7.312962895042344e-06	0.09142010001232848	0.0033652734050825727	0.003349201198760547
1506	4.290713966101502e-06	4.7031604669983307e-07	5.090314142551572e-06	0.08320380002260208	0.002350017984340322	0.002340166640184969
1507	2.212067274759256e-06	4.833622393885647e-07	2.762949108906384e-06	0.0969883999787271	0.002545835469234967	0.002540377090611913
1508	2.0521288571439814e-06	4.2906767076195985e-07	1.3983540535741174e-06	0.10149630001978949	0.003661869743649683	0.0036579901930682028
1509	2.6854831244646223e-06	4.725158778573403e-07	1.0519681275212246e-06	0.08887829998275265	0.0036009940175581	0.0035967840504282566
1510	4.024385231640254e-06	4.469930031363625e-07	1.1566862424153845e-06	0.0826052000047639	0.0028353894870573374	0.0028297614225801454
1511	5.129962199864651e-06	4.6112301888213736e-07	1.5604715110543971e-06	0.08781389996875077	0.003152092685916206	0.003144941129186405
1512	6.4933924072252375e-06	4.801762133237473e-07	3.372919045373353e-06	0.08002539997687563	0.0033650860316026547	0.0033547395439367327
1513	5.546636435227766e-06	5.268496971847768e-07	2.94022974773585e-06	0.0837222000118345	0.0035995809550339827	0.003590567239153834
1514	4.885923105917039e-06	5.300262316151577e-07	3.475623112282347e-06	0.09577210003044456	0.0028763821683281832	0.0028674905958783687
1515	2.859288868012154e-06	5.123521046657758e-07	2.0652614248325082e-06	0.10344630002509803	0.0030400921406527775	0.003034655238255267
1516	1.9716753102101223e-06	5.629686307389699e-07	1.5174177885381878e-06	0.08767390000866726	0.0031332705994425686	0.003129218537713081
1517	1.7396816723068566e-06	6.350223445183611e-07	1.1610959713310947e-06	0.08365779998712242	0.0038579344609502167	0.0038543986609620605
1518	2.7579616681093934e-06	5.996145159480272e-07	1.6501068806433453e-06	0.0872228000080213	0.0026154369406974744	0.0026104292576327737
1519	2.6509122567517306e-06	6.523914583750106e-07	1.8212581757685116e-06	0.08913560002110898	0.003011062195542439	0.0030059376336515438
1520	3.0624895393824152e-06	6.605362292812456e-07	2.3016122232225445e-06	0.08524510002462193	0.002807357529709381	0.0028013328917174942
1521	3.23745942042734e-06	7.126748977249468e-07	1.7544903325998983e-06	0.10138629999710247	0.0031421886237540993	0.003136483999103347
1522	4.693138703198615e-06	6.424958133895276e-07	1.2829306587852377e-06	0.10319729999173433	0.0035580675570665715	0.003551448991891198
1523	2.9567815748309292e-06	6.389982360390309e-07	1.305057246223221e-06	0.08988549996865913	0.0032982812929822167	0.003293380455925124
1524	2.4212469885935875e-06	6.007873870742296e-07	1.2292536055928396e-06	0.09653389995219186	0.0030101578139058137	0.003005906525924553
1525	1.2234871313733726e-06	6.092466442729485e-07	1.3031581873727639e-06	0.08444489998510107	0.0031056395651099912	0.003102503673146972
1526	1.50453241195061e-06	5.850167807232414e-07	2.305335040270673e-06	0.09721210005227476	0.0025252967124481957	0.0025209018282152515
1527	2.0610906713943305e-06	6.190866007167786e-07	2.3161035624585546e-06	0.07579620002070442	0.003275316946981385	0.0032703206661468154
1528	2.29530547926576e-06	6.176441874289805e-07	1.8412769418932057e-06	0.07925140002043918	0.004070135341058126	0.004065381114449538
1529	2.867425785793147e-06	5.776521518812058e-07	1.6214860901225286e-06	0.07710039999801666	0.0030974104328048697	0.003092343868777073
1530	2.288002265059941e-06	5.77027576466384e-07	1.2594884415588654e-06	0.0805957000120543	0.0034508582427647096	0.003446733724481624
1531	1.6806743035929962e-06	5.270789843112575e-07	1.2431004150431764e-06	0.07784199999878183	0.0027790390292836563	0.0027755881755807087
1532	2.1746735661276455e-06	5.194599300533824e-07	2.8351701837471097e-06	0.07563470001332462	0.0034118429673649165	0.0034063136636849883
1533	2.627130674485973e-06	4.869001501858577e-07	5.541476998147559e-06	0.07106950000161305	0.0035975614140078423	0.003588905906185023
1534	3.3498109532008492e-06	5.383573256877016e-07	8.192413562951348e-06	0.06690229999367148	0.0031560680363471824	0.0031439874545053426
1535	4.038939789815158e-06	5.302707722652303e-07	8.89193592382635e-06	0.07196250004926696	0.0026845207405489266	0.00267105959406302
1536	3.7250062188276946e-06	5.780673571828635e-07	8.745605087897505e-06	0.07455899997148663	0.0027898477303753867	0.0027767990517114783
1537	2.1971109682017278e-06	5.302809531597359e-07	5.4691078397604976e-06	0.07313239999348298	0.0035160936978445288	0.0035078971980834067
1538	1.6446513526064921e-06	5.215073457663446e-07	3.0754021127240017e-06	0.07661689998349175	0.0026188360658067613	0.0026135945049956645
1539	1.8744532214787973e-06	5.136698191004005e-07	1.6686855552678988e-06	0.07286439999006689	0.003108191589856269	0.003104134781260422
1540	2.0694688645238297e-06	4.849094873765559e-07	1.2176891396842013e-06	0.0774354999884963	0.0031699340310725956	0.003166161963581011
1541	2.414685929383564e-06	4.894550017809941e-07	1.2077232006456356e-06	0.07374700001673773	0.0022001341313403885	0.0021960222672085783
1542	2.654639845168344e-06	4.811831802901625e-07	1.3161708893718332e-06	0.06693390000145882	0.002994377761610306	0.002989925767695476
1543	2.0911838140837465e-06	4.6833043426515466e-07	1.0679797297538568e-06	0.06729410000843927	0.0024177052917557125	0.0024140777977776097
1544	1.7376272265572992e-06	5.069814131355847e-07	1.3309867301338782e-06	0.07537159998901188	0.0027037631762177137	0.002700187580847887
1545	1.54010947692684e-06	5.29929782309872e-07	1.3978422078274316e-06	0.08245139999780804	0.0034628998374666244	0.0034594319559995606
1546	1.5200113440904308e-06	5.460556108801345e-07	1.931669520827808e-06	0.0714111000415869	0.0027386112504778864	0.002734613514002088
1547	1.2747910182891973e-06	5.781204070550676e-07	2.6604305700876697e-06	0.07580719998804852	0.0031726167404084733	0.003168103398413041
1548	1.1436560945014862e-06	5.939260051960146e-07	1.8728701974487749e-06	0.07146319997264072	0.003120224310300583	0.003116613858003437
1549	1.5944935697338996e-06	5.917253519119085e-07	1.7151768275805268e-06	0.07808109995676205	0.0027276694511277596	0.002723768055378533
1550	1.667548120079914e-06	5.730019101862171e-07	1.2339186940294191e-06	0.06918639998184517	0.00242882505448396	0.002425350585759664
1551	1.5369405209955387e-06	6.111030345096362e-07	1.398783391163574e-06	0.06940600002417341	0.00265583377499658	0.0026522869480499114
1552	1.6637724391913913e-06	6.547147799684099e-07	1.4456681634967624e-06	0.07302010001149029	0.002913363172026075	0.002909599016643418
1553	1.4293989937322054e-06	6.158267966889471e-07	1.535270382402722e-06	0.07097000000067055	0.0034606835453784234	0.0034571030492055992
1554	1.1513992865227882e-06	6.761597098885689e-07	2.0133346082694742e-06	0.07270359998801723	0.003267445302975136	0.0032636044093704553
1555	1.5741277136088229e-06	6.107607013599727e-07	1.3375739227848037e-06	0.07250660000136122	0.0025006904221026556	0.0024971679597649023
1556	1.1781411053484934e-06	5.582912116110695e-07	1.1416117211867657e-06	0.07312620000448078	0.0032664802271081044	0.003263602183069958
1557	1.4152656934250998e-06	5.452387827459866e-07	1.2177862652694395e-06	0.07140600000275299	0.0033383713563641996	0.003335193065622759
1558	1.3470753407386895e-06	6.033779487725188e-07	1.4090368995041488e-06	0.06973649997962639	0.0035649756601594295	0.003561616169970414
1559	1.2291745381940684e-06	5.573547516704158e-07	1.1103047522673207e-06	0.05727790005039424	0.0028066157528999656	0.0028037189188578338
1560	1.3091462589874583e-06	4.97753543044132e-07	1.4522546851582921e-06	0.059782200027257204	0.0030662980560034517	0.0030630389015162615
1561	1.9144241593070875e-06	5.121536775494987e-07	3.251734174766489e-06	0.06517750001512468	0.0031147794919681644	0.003109101179956541
1562	2.153476025472478e-06	5.36103349524273e-07	5.896841123246336e-06	0.0698788000154309	0.0030369638021197575	0.0030283773816215144
1563	3.4466812332161742e-06	5.500515235732065e-07	1.1332441409186373e-05	0.07029840000905097	0.0032918654555618657	0.0032765362813958897
1564	3.6458573331855165e-06	5.99725996442726e-07	1.3444333871751784e-05	0.06822229997487739	0.003051297924911135	0.003033608007709755
1565	2.871893910523864e-06	6.190627435486956e-07	1.1472927884320205e-05	0.07236160000320524	0.0032284101262803483	0.003213446241741956
1566	2.272986644982406e-06	6.011730325081155e-07	1.1135770193613384e-05	0.06735560001106933	0.0028359416563339037	0.0028219317264628
1567	1.8197578243750262e-06	5.853074149582866e-07	6.832132756226451e-06	0.0663658999837935	0.0035622278456315876	0.0035529906476360275
1568	4.086372264066843e-06	4.6543475305500795e-07	1.4207538807063996e-06	0.06800239998847246	0.003003069632697375	0.002997097071799547
1569	7.696207261076478e-06	4.831932792576377e-07	1.66525701935995e-06	0.058989099983591586	0.002188042597951216	0.0021781979403915222
1570	1.0801421685920357e-05	5.428368373229256e-07	5.3824752407605396e-06	0.06953110004542395	0.002808809360145301	0.002792082626381297
1571	1.0728015694528892e-05	5.447498446264065e-07	7.926173451853575e-06	0.06821210001362488	0.0029492119429562276	0.0029300130039652188
1572	7.225490047136609e-06	5.301372692170234e-07	7.072371818643255e-06	0.06934960000216961	0.003062070805798924	0.003047242806663927
1573	4.5794508215087536e-06	7.325049564810686e-07	9.051106015649583e-06	0.06646299996646121	0.00421160883738976	0.004197245775596121
1574	3.873577053881424e-06	7.522743786415631e-07	9.324446982405762e-06	0.06482070003403351	0.0033054314552367053	0.0032914811568217767
1575	3.304227606887023e-06	9.931107585055443e-07	1.0354150462056232e-05	0.06496529997093603	0.003460390563577645	0.0034457390747501962
1576	2.327418978879507e-06	1.0285586791883042e-06	8.458333275180564e-06	0.060220599989406765	0.0031118967488101014	0.0031000824378768534
1577	3.6748962999872e-06	1.008216189395749e-06	5.019335966102169e-06	0.06044839997775853	0.0032892543174391415	0.0032795518689836566
1578	6.141492926832343e-06	1.0024599232056894e-06	3.4225069203537315e-06	0.0603644999791868	0.0027243928583335552	0.0027138263985631633
1579	8.905526430634089e-06	8.902168911024395e-07	2.168445166340157e-06	0.06647300004260615	0.0023551262137475695	0.0023431620252594926
1580	7.125251907141065e-06	7.828764410809515e-07	1.0484511468099228e-06	0.06861570000182837	0.0025149136478141445	0.002505957068319112
1581	7.4758203247263436e-06	6.938753580863482e-07	1.2718975052649564e-06	0.06997519999276847	0.003632836812208328	0.0036233952190202505
1582	7.538418752984614e-06	5.776312994887722e-07	2.664791847785331e-06	0.06633069994859397	0.002814002687536025	0.0028032218456357665
1583	8.768899077868729e-06	5.051916768678597e-07	7.958880953892435e-06	0.07118340005399659	0.002327627748731781	0.002310394777023152
1584	8.864588846825147e-06	5.687317070512412e-07	1.6597746615995398e-05	0.06578730000182986	0.003153624200181237	0.003127593133011365
1585	6.890641848776516e-06	6.982874019365562e-07	2.3219874343625143e-05	0.06721660000039265	0.0030870270406113945	0.0030562182370170565
1586	5.374635767108462e-06	7.131386844767758e-07	2.040246628338713e-05	0.06266960001084954	0.0029468745369081047	0.0029203842961731323
1587	4.288735946905819e-06	8.12908398803674e-07	2.144835814187182e-05	0.07142609998118132	0.0030986428200237377	0.003072092817536156
1588	4.754083816984434e-06	8.322287478136701e-07	1.833736794469626e-05	0.06713819998549297	0.0031645913517880657	0.003140667671278571
1589	6.145856390491115e-06	7.405737087489531e-07	1.0055309969037367e-05	0.07065770000917837	0.0030850610740092124	0.003068119333940935
1590	9.432973536538501e-06	6.774603642576032e-07	5.989634504826712e-06	0.06336559995543212	0.0031309779200014523	0.0031148778515958293
1591	1.0952920554335946e-05	7.14367405462576e-07	3.229181195735096e-06	0.07344469998497516	0.0035372992254453744	0.0035224027562898406
1592	8.085538596292268e-06	5.333883235410854e-07	1.3040318574311618e-06	0.06262699997751042	0.002580556764013395	0.0025706338052361305
1593	7.364725847975014e-06	4.965271843728637e-07	1.0645532114453464e-06	0.06993940001120791	0.003123215736901011	0.0031142899306572176
1594	5.505026606712134e-06	4.832282335737609e-07	1.2181187118908155e-06	0.0838209000066854	0.002641789820044396	0.0026345834464922193
1595	2.839818457947825e-06	4.908516155413542e-07	1.2533793562456802e-06	0.07228879997273907	0.003289727558192455	0.0032851435087627202
1596	2.6442254727272202e-06	4.5805756147774835e-07	1.24804636399694e-06	0.06757860002107918	0.0031689186673643146	0.0031645683379661125
1597	4.193402245909523e-06	4.6653756649561645e-07	1.2677301410488055e-06	0.07115979999070987	0.0032111792578632466	0.003205251587909793
1598	8.182484905637694e-06	4.2099814766299834e-07	2.721721708577142e-06	0.06677999999374151	0.0032544472832641788	0.0032431220785023008
1599	9.106359578082374e-06	4.268842036048483e-07	3.6150689088598754e-06	0.06213119998574257	0.002620877401810138	0.0026077290891195906
1600	1.1287080343778267e-05	4.3623963875578257e-07	4.186812172472203e-06	0.06973920000018552	0.0034623033417745448	0.0034463932096195386
1601	9.048952278102842e-06	4.348110734152528e-07	5.195788025241754e-06	0.06403140001930296	0.0032689157126383696	0.0032542361612616097
1602	6.235628624257255e-06	4.392193747577619e-07	5.084072425672854e-06	0.06818409997504205	0.0025204494417939206	0.002508690521369233
1603	2.496157954731765e-06	4.1837428104983145e-07	2.856891311632455e-06	0.07328899996355176	0.002795336377493289	0.002789564953945875
1604	1.6600375437054197e-06	3.816591231938567e-07	1.1168381461450965e-06	0.06640210002660751	0.0031267359073251203	0.003123577372512076
1605	3.7488778244765744e-06	4.585332490217327e-07	1.3496137759628014e-06	0.06176559999585152	0.0031850901454876872	0.003179533120638226
1606	7.054226195577692e-06	4.999256664176648e-07	2.5866139798766036e-06	0.06867619999684393	0.0039009834958445406	0.0038908427300026684
1607	9.815716192525187e-06	4.571214456509304e-07	4.26045021801494e-06	0.06936090003000572	0.0033718484282039326	0.0033573151403477413
1608	8.017115006587605e-06	4.962682557552438e-07	4.251600526165573e-06	0.06777149997651577	0.002786363184662739	0.002773598200874231
1609	7.607449993868912e-06	4.7396783475980383e-07	4.496802530655544e-06	0.05715849995613098	0.0036804321933816136	0.0036678539730223294
1610	2.875326128672231e-06	4.533893750991118e-07	1.8280184722340358e-06	0.06581739999819547	0.0027414582473766235	0.002736301513400618
1611	1.6558203407799585e-06	4.564348533816381e-07	1.2315819759970246e-06	0.07120299997041002	0.0030449795732266126	0.0030416357360564536
1612	1.2146170274578313e-06	4.903092209762318e-07	1.1152932286131556e-06	0.06794199999421835	0.002991107079518471	0.0029882868600414236
1613	2.3711546518387106e-06	5.223263843043553e-07	1.7634572850744331e-06	0.06386769999517128	0.00361771272841895	0.0036130557900977325
1614	3.3153004850350225e-06	5.263335728459245e-07	1.270187689244059e-06	0.07055250002304092	0.003559835928024033	0.0035547241062769083
1615	3.710046484963894e-06	5.185052012514704e-07	1.2111087662793197e-06	0.06830079999053851	0.002731078395177911	0.002725638734725416
1616	4.981737963468313e-06	5.183629706014335e-07	1.1057238092745409e-06	0.07724270003382117	0.0035274831837088716	0.003520877358965527
1617	2.8998406216992787e-06	5.033876341565499e-07	8.81896249633983e-07	0.07679899997310713	0.002905476243058816	0.002901191118553326
1618	1.5323781489049711e-06	5.46818447180096e-07	1.970479751217318e-06	0.08823449996998534	0.003225776158990131	0.0032217264826428288
1619	1.1933113500654472e-06	5.974246837859694e-07	4.507282845001082e-06	0.081612000009045	0.0025634817220284204	0.002557183703149568
1620	2.439115777582576e-06	6.340696082891584e-07	6.094007939353671e-06	0.0850011000293307	0.003299393645263267	0.003290226451938042
1621	3.3710610008140162e-06	6.464887041947695e-07	8.52199124802508e-06	0.08379969996167347	0.003235751452996982	0.0032232119120439483
1622	3.7873373418799478e-06	6.550416148350644e-07	7.697420475247818e-06	0.09596140001667663	0.00259491606267342	0.0025827762632414574
1623	2.7624046094661545e-06	6.164601621911968e-07	4.8088432491412056e-06	0.09148050000658259	0.0026044974940729227	0.002596309786052124
1624	8.983712269989061e-07	4.981442794826952e-07	8.965027659520939e-07	0.08003379998262972	0.0029317246593104887	0.002929431641038055
1625	1.9961403078268677e-06	4.3770654665706403e-07	2.692467537658392e-06	0.08546599996043369	0.0029483895909719754	0.002943263276579833
1626	3.6863769754423833e-06	4.557400696989232e-07	4.640441452443719e-06	0.08602809999138117	0.003415691303981156	0.003406908745483571
1627	2.3696495870490387e-06	4.5122054079878154e-07	2.9866123181646174e-06	0.08141779998550192	0.0034710216259623236	0.003465214143516311
1628	2.3011922399184908e-06	4.904438054799458e-07	2.6205719557051854e-06	0.10321540001314133	0.003004763975876092	0.0029993517678749883
1629	1.4865142816077604e-06	4.911991852296764e-07	1.5635015999115907e-06	0.09458599996287376	0.003071993445585885	0.003068452230519136
1630	1.4257582840279147e-06	4.958183811450052e-07	1.3881601621989784e-06	0.09308479999890551	0.00319003549646836	0.0031867257596409878
1631	1.8343942445970657e-06	5.488906493850987e-07	1.382609857473583e-06	0.10118080000393093	0.0029061038319851216	0.002902337937233666
1632	2.3803720299069645e-06	5.055109506203188e-07	2.0334623256799533e-06	0.10689439997076988	0.0030450002146010916	0.0030400808692948845
1633	1.7958340105190207e-06	4.882729790943761e-07	1.2704985130380457e-06	0.10187509999377653	0.002123453244971456	0.002119898639468804
1634	1.2640412017172467e-06	4.953036218451829e-07	1.0730224439799512e-06	0.0823138999985531	0.003534667871645988	0.003531835504378446
1635	1.1448226442232135e-06	4.972621971273904e-07	1.2803653347009709e-06	0.08413229999132454	0.0026635110479413236	0.0026605885977652724
1636	1.7051943426482424e-06	4.2013288312105945e-07	2.0345999025567465e-06	0.08119930000975728	0.002880182117009832	0.002876022189881506
1637	1.5673069193426126e-06	4.223303101678129e-07	2.4339214376291696e-06	0.08645360002992675	0.0027427319327280705	0.0027383083740609307
1638	2.3102885575401436e-06	4.89179002198031e-07	3.987588798520331e-06	0.0952895000227727	0.0030038280263183187	0.0029970409699600605
1639	3.060297661662339e-06	4.6968053859022256e-07	5.5181424480976845e-06	0.08029969997005537	0.0025069400457292004	0.00249789192508085
1640	2.837972626148165e-06	4.776996130738275e-07	6.793201728840865e-06	0.09552689996780828	0.0031848789132035713	0.0031747700392355084
1641	1.4950464871213174e-06	4.999794756190382e-07	3.950792504551382e-06	0.08629639999708161	0.003499297787895009	0.0034933519694277174
1642	1.187122459313404e-06	4.555306914139868e-07	2.6063387954319865e-06	0.08858809998491779	0.0036279748530157565	0.003623725861069597
1643	1.5706267838229515e-06	4.403411021355207e-07	1.057139510957374e-06	0.08903560001635924	0.003305849823561179	0.0033027817161642627
1644	2.293345328593498e-06	4.0681098693663e-07	9.066950063701947e-07	0.09497360000386834	0.0029287828851382257	0.0029251760338163254
1645	3.2042850101808115e-06	4.932472940391358e-07	1.6949327341581517e-06	0.08337659999961033	0.0035015576813859266	0.0034961652163475482
1646	4.139578300419123e-06	4.520357573929988e-07	2.8447634185894624e-06	0.08778920001350343	0.003226763221935614	0.0032193268444592124
1647	3.862076105493838e-06	5.543913601386169e-07	5.519071634164214e-06	0.07870359998196363	0.0023565932365803336	0.002346657697480537
1648	3.8110147399114005e-06	6.199306134348921e-07	6.121172127538784e-06	0.08098269999027252	0.0026938463329150585	0.0026832942154341737
1649	2.428603326662504e-06	6.754276086100146e-07	5.203733307828088e-06	0.08649790001800284	0.00407051399158608	0.004062206227342979
1650	1.2985173692533022e-06	7.089613019975077e-07	4.469378022196139e-06	0.08584020001580939	0.0035148398897792738	0.0035083630330858266
1651	1.6174527655724734e-06	6.842052903218643e-07	2.650234126405326e-06	0.08487409999361262	0.0034877700961691623	0.0034828182039868625
1652	4.49652236660959e-06	5.793036193513122e-07	1.0557036941059174e-06	0.08853869995800778	0.0032327890297863225	0.003226657500106256
1653	8.23272889736522e-06	4.456487456441928e-07	3.805154242188951e-06	0.08006549999117851	0.0024098003981114333	0.002397316866226235
1654	1.3994864783894393e-05	4.836839884224714e-07	1.2388378845157641e-05	0.07994839997263625	0.003366859164049447	0.0033399922364319725
1655	1.6230674589783175e-05	4.656074377763632e-07	2.0335971550008556e-05	0.08228480000980198	0.002787889268000072	0.0027508570144225038
1656	1.3175147720269788e-05	5.655396299820322e-07	2.0176789489475115e-05	0.08762720000231639	0.003583056264116137	0.0035491387872764106
1657	8.074151570576144e-06	5.650492296966829e-07	1.9177425187018626e-05	0.07835870003327727	0.002817647962214243	0.0027898313362269517
1658	3.5878442774639265e-06	6.096483615431681e-07	1.625989593906232e-05	0.07996190001722425	0.0027098802646292573	0.0026894228760511877
1659	2.9813598649440043e-06	6.316578145231397e-07	1.266253582937592e-05	0.08510179998120293	0.002703154691878151	0.002686879138369308
1660	4.368279801888625e-06	6.177952888881454e-07	9.953087992086883e-06	0.08254490001127124	0.001662543139093498	0.0016476039760106344
1661	7.612400733652752e-06	5.83142345242898e-07	4.603091971635236e-06	0.07744009996531531	0.0032343081034862473	0.0032215094684357164
1662	8.434493907842504e-06	5.61417576393096e-07	3.498938057149126e-06	0.09112920000916347	0.0026740097072113973	0.0026615148576700125
1663	6.776108157915218e-06	5.790243229417618e-07	3.0717071307695125e-06	0.08347020001383498	0.002707034312736599	0.0026966074731249725
1664	4.974026798415119e-06	5.045758042274e-07	3.10493632517524e-06	0.09074000001419336	0.0023805898700330406	0.002372006331105223
1665	3.3390761612401768e-06	4.556956642157532e-07	2.049744916868307e-06	0.0958177000284195	0.0026556678312779497	0.0026498233145356253
1666	2.6014932533332003e-06	3.5722093908620697e-07	1.3889156791383217e-06	0.08828389999689534	0.0024905617809295255	0.002486214151057968
1667	2.8012283992460306e-06	3.842024082242945e-07	9.956257219250899e-07	0.0856078999931924	0.002811038021771693	0.0028068569652422975
1668	2.7078565596562e-06	3.9986976955294925e-07	1.814499071801759e-06	0.08137869997881353	0.0030986396220857872	0.003093717396684776
1669	3.280725766499422e-06	4.682881712275038e-07	3.723173570511851e-06	0.08209410001290962	0.002774592273012136	0.0027671200855038974
1670	3.6664560986850728e-06	5.93246205005948e-07	5.6885019030614985e-06	0.07932740001706406	0.0023511436742431305	0.002341195470036378
1671	4.697623754631917e-06	5.920542460707344e-07	3.1197868351840306e-06	0.09215280000353232	0.0031791533872570703	0.003170743922421184
1672	5.550948240083174e-06	5.769020810373729e-07	1.6276554869041547e-06	0.08222879999084398	0.003995457133251311	0.003987701627443286
1673	6.545462968053946e-06	5.326498276365688e-07	1.3976379637645871e-06	0.07973160000983626	0.003341700145631829	0.0033332243948723736
1674	3.906609439884604e-06	5.093632729450295e-07	1.1162959781371097e-06	0.08662369998637587	0.003642614311823692	0.003637082043132725
1675	1.7063892086823413e-06	6.203301814519703e-07	2.0142852673810525e-06	0.08134480001172051	0.003348446993294011	0.0033441059886364956
1676	1.5062739475002436e-06	5.108539508222248e-07	1.8493216268806338e-06	0.08732890000101179	0.003799867240450821	0.0037960007909256174
1677	2.1554186120241217e-06	5.596286605085951e-07	1.9543772924684267e-06	0.08322549995500594	0.002801897003448025	0.002797227578883024
1678	2.7049591351656958e-06	4.632967425296349e-07	8.912758244943638e-07	0.08048679999774322	0.002466838749757598	0.0024627792180554084
1679	3.5956909557092936e-06	4.190891547161442e-07	1.8794476558299093e-06	0.08246130001498386	0.0023848333240502986	0.0023789390962840433
1680	4.606757015860046e-06	3.9303164529136123e-07	4.561966979561184e-06	0.08815719996346161	0.0034775481193080175	0.0034679863636673048
1681	4.2925332612900845e-06	4.1956488298283536e-07	4.989245290244096e-06	0.09610580001026392	0.0030254539218692858	0.0030157525784347684
1682	3.6552434564188026e-06	3.9260505185889603e-07	1.51116856447927e-06	0.0900771000306122	0.0024990306251140354	0.0024934716080412785
1683	4.034680456194606e-06	4.097183697246388e-07	1.279846333802852e-06	0.08604170003673062	0.002680599822168803	0.002674875577009081
1684	5.626427075573922e-06	4.6417288859487023e-07	5.239559863926272e-06	0.08312520000617951	0.0025097989536780295	0.0024984687938499344
1685	5.854094807436155e-06	5.558477785080786e-07	7.995033077823418e-06	0.07981610001297668	0.002456807923810035	0.0024424029481462674
1686	3.2835888928708576e-06	5.194386413892803e-07	6.16057179452269e-06	0.08363860001554713	0.0031259894326680976	0.003116025833339315
1687	1.7523156100576633e-06	4.840365437449005e-07	3.0330153092783354e-06	0.08201689994893968	0.0024110493359055436	0.0024057799684424628
1688	2.161102986877941e-06	4.7305310126514634e-07	1.0764915102277893e-06	0.078825099975802	0.003266159629748688	0.003262448982150317
1689	6.822434736683159e-06	3.5453414714854083e-07	3.8865467860453926e-06	0.08402359997853637	0.0029150872387922904	0.0029040237231224134
1690	9.88143841682087e-06	3.83191448766485e-07	7.248553524069672e-06	0.08332959999097511	0.0032326653820303687	0.0032151521986407117
1691	8.172999010068445e-06	3.9497370559755023e-07	5.9249615995036316e-06	0.07930120005039498	0.0024518527825697664	0.002437359848254597
1692	4.240733614078642e-06	4.1830585548606715e-07	4.220769217520692e-06	0.08624309999868274	0.002136322072153014	0.0021274422634659285
1693	1.3802641745626698e-06	4.267561250785395e-07	9.039671359228098e-07	0.08186759997624904	0.0029160279491385124	0.0029133169617029486
1694	1.8242589811794694e-06	4.3375295582185013e-07	1.995392463979976e-06	0.08177039999281988	0.0026211597548888407	0.0026169063504878592
1695	3.553334417167871e-06	5.151505217948197e-07	5.122391711621994e-06	0.0861733999918215	0.003183900997515225	0.00317471012086464
1696	6.146647851832302e-06	5.429970282817326e-07	8.334074642862219e-06	0.09750370000256225	0.00279073580003234	0.002775712080509364
1697	8.154915412528953e-06	6.220186864146109e-07	1.2698132195472248e-05	0.09140810003736988	0.0027725099510764076	0.002751034884781992
1698	6.9151008409290534e-06	6.480530325400774e-07	9.115757132620966e-06	0.08677799999713898	0.0026771037517802888	0.0026604248407741987
1699	4.252097154843331e-06	5.885801083176291e-07	5.922386095740371e-06	0.09806450002361089	0.00349596318770484	0.003485200124345939
1700	1.6908802545601153e-06	5.950200453581831e-07	2.729945537862365e-06	0.09068110003136098	0.003072485431492784	0.0030674695856550034
1701	1.8605801059231445e-06	5.30851122387054e-07	1.2844345908201408e-06	0.08378499996615574	0.002637378843800817	0.002633702977981687
1702	7.679062604893648e-06	5.000852624856854e-07	6.872808757737363e-06	0.0819424000219442	0.003093479567280641	0.0030784276106555243
1703	1.265733849740493e-05	4.100119200425524e-07	1.1549120516947791e-05	0.08478219999233261	0.002755296384375138	0.002730679913440743
1704	1.1941251693355415e-05	4.6398491168939125e-07	1.3399797572116322e-05	0.08421190001536161	0.002606195397796208	0.0025803903636190464
1705	5.942911665026489e-06	4.3257799980443515e-07	8.35469008839174e-06	0.07734699995489791	0.0026403556281890056	0.002625625448435783
1706	1.8014246214441789e-06	4.798181272807517e-07	2.2571965605283e-06	0.08793139999033883	0.003537131571711922	0.003532593132402669
1707	1.9440805783639584e-06	4.58708398279989e-07	1.3906110516686523e-06	0.09317889995872974	0.0027388527541596873	0.0027350593541313746
1708	4.408396728852516e-06	5.387965179472215e-07	4.891797533370287e-06	0.097310799988918	0.0027109320320084927	0.0027010930412283227
1709	8.509396490870766e-06	6.046952301310617e-07	1.0887930088523362e-05	0.08569400000851601	0.0034735682322863197	0.0034535662104767943
1710	8.80196113130872e-06	5.874484406497334e-07	9.044584397206347e-06	0.07821990002412349	0.0028739141783376606	0.002855480184368496
1711	4.04414640133038e-06	5.735844584530754e-07	4.97497452457178e-06	0.0711382000008598	0.003417032453814055	0.0034074397484296997
1712	2.220699571906132e-06	5.507278028575378e-07	2.2519692237168614e-06	0.07080250000581145	0.002733113223470408	0.002728089826871927
1713	1.8422299675561816e-06	4.789136233044941e-07	1.2037120751945955e-06	0.07578250003280118	0.0024560038627608315	0.002452479007094776
1714	2.9156916698716385e-06	5.193006095709032e-07	2.1493345350939384e-06	0.07322890002978966	0.003628796174479907	0.003623211847665371
1715	3.2391100406461735e-06	4.804910810635653e-07	1.9259684926107225e-06	0.07287219999125227	0.00327825338276572	0.0032726078131513994
1716	2.4893194783940175e-06	5.510663275927861e-07	1.2930263002255181e-06	0.07071850000647828	0.003216750134086746	0.0032124167219805336
1717	1.956668238924035e-06	5.778461678461625e-07	1.2654067592013552e-06	0.06868209998356178	0.003673613904760543	0.0036698139835945713
1718	2.1031687730798233e-06	5.44718781600067e-07	1.2068384883793303e-06	0.07100289996014908	0.0028276378317578883	0.002823783105714829
1719	1.9328020382750828e-06	5.521011013296602e-07	1.1121636562531455e-06	0.07260569999925792	0.003018138347007869	0.0030145412802120115
1720	1.4306386979860577e-06	5.372131280272025e-07	8.779395885644706e-07	0.06390379997901618	0.0034976250657331094	0.003494779274318532
1721	1.327524083697657e-06	5.424529303637393e-07	1.4610025155372444e-06	0.07370170002104715	0.003941907558572075	0.003938576579042476
1722	2.7166454250909814e-06	5.200175408959906e-07	3.5890406140261225e-06	0.0743388999835588	0.002529129470116106	0.0025223037665360925
1723	3.1685424275010006e-06	6.496161824552039e-07	4.501581436045498e-06	0.06896349997259676	0.002867200132656338	0.0028588803926103364
1724	3.895650755686457e-06	6.500893262991344e-07	4.8475772097030126e-06	0.06487210001796484	0.00335064794398344	0.0033412546266917515
1725	3.6801160008001625e-06	6.659576059826661e-07	4.871365744747468e-06	0.0719493999495171	0.003369468728159805	0.0033602512888082745
1726	2.397931128169861e-06	5.951321022367838e-07	1.7933451229143844e-06	0.07477030000882223	0.002875133023180771	0.00287034661482745
1727	2.413656177530183e-06	5.078558269283639e-07	1.8593357857408212e-06	0.06582609994802624	0.003400456283159669	0.0033956754353694696
1728	4.332404042790829e-06	4.858524507329655e-07	5.1417404006088145e-06	0.07410679996246472	0.0037242897442582596	0.003714329747364127
1729	7.992615530464071e-06	4.825821990610988e-07	1.0402738852004494e-05	0.06889700004830956	0.003262317121376906	0.0032434391847953764
1730	9.256420082415943e-06	5.220485331569456e-07	1.6916734375038216e-05	0.07053219998488203	0.0034840451965272665	0.0034573499935366555
1731	8.777686788118078e-06	5.515621477469751e-07	1.6592839295315538e-05	0.06865430000470951	0.0031963238117615807	0.0031704017235304003
1732	5.995788076910435e-06	5.465344164819714e-07	1.2628770281008657e-05	0.0659425999619998	0.003417755062310048	0.003398583969535647
1733	3.783025345522132e-06	5.078856562206157e-07	1.0156702191636553e-05	0.07001319999108091	0.0029496504023033424	0.002935202789109963
1734	2.2685982258923445e-06	5.422673369518765e-07	7.769009820699717e-06	0.06849730003159493	0.004168623081534152	0.004158043206150607
1735	2.0067999563236587e-06	5.005382022189588e-07	6.231722329694739e-06	0.06846760003827512	0.0029606000342491568	0.0029518609737609193
1736	2.8463961581559606e-06	4.7102757631640905e-07	5.013065610494229e-06	0.07305329997325316	0.0032348080205419375	0.003226477531196971
1737	3.95945290404358e-06	4.954793365499124e-07	2.9706861717114803e-06	0.07392649998655543	0.0029864032376699158	0.002978977619257611
1738	3.827759518902577e-06	4.438146616039289e-07	2.3018891860774496e-06	0.07297790003940463	0.002941353546612037	0.002934780083245453
1739	3.532490740092444e-06	3.8001640942241293e-07	1.8484292933693178e-06	0.0677560000331141	0.002724759788680491	0.0027189988522376067
1740	3.3898717499231074e-06	3.887459704512895e-07	1.5495649650640893e-06	0.06908689998090267	0.002497502891139279	0.0024921747084538405
1741	2.089765271818193e-06	3.5335757968449547e-07	1.1364848789582895e-06	0.06436889996984974	0.0028522051801587556	0.0028486255724282945
1742	2.0486983452192314e-06	3.41305717046787e-07	1.064990496035646e-06	0.07091240002773702	0.0027720332613794547	0.002768578266821153
1743	1.4417185087929176e-06	3.6779518400674836e-07	9.616545086896633e-07	0.07541499997023493	0.002407153290812034	0.002404382122610545
1744	1.8274937543424278e-06	3.849711957594054e-07	1.0559529273755458e-06	0.07172590005211532	0.0030446772308973724	0.003041408813019895
1745	2.002671051748791e-06	4.0742470358608363e-07	9.265644693642048e-07	0.06677239999407902	0.0033693410871121323	0.003366004426887433
1746	2.576911495181886e-06	4.617475092951027e-07	1.0619818647782672e-06	0.07055780000519007	0.00322978258473056	0.003225681943861305
1747	2.1984054219302002e-06	4.869604187070819e-07	1.258107538125839e-06	0.07060759997693822	0.004582525426955324	0.0045785819535765606
1748	1.7202325621473308e-06	4.827360006948094e-07	1.3607021700903327e-06	0.06736210000235587	0.002057456194373179	0.0020538925236402465
1749	1.485087144338825e-06	5.026678163688973e-07	1.2097424313141187e-06	0.07179190003080294	0.002263978104296457	0.002260780606904435
1750	1.472039485330384e-06	4.213212498436469e-07	9.801652246536803e-07	0.06870329997036606	0.002954588827907676	0.0029517153019478484
1751	1.5704872887781782e-06	3.997389340563574e-07	8.556681374655872e-07	0.07056609995197505	0.002563272139656358	0.0025604462452960583
1752	1.738711570875983e-06	4.083762675930447e-07	8.232883986502281e-07	0.0678932000300847	0.0023170007844797442	0.002314030408242625
1753	1.7849741313918952e-06	3.356986484917244e-07	1.2739245541943137e-06	0.06601360003696755	0.00256135323334487	0.002557958636010792
1754	1.7265480843570386e-06	3.9301310685962106e-07	1.4192125915004893e-06	0.06740889995126054	0.0030911282053054582	0.003087589431522741
1755	1.608625224654082e-06	3.3268787080787424e-07	1.452472953422847e-06	0.06649739999556914	0.0031949796386726874	0.0031915858526238025
1756	1.5834376373119559e-06	3.1339490638599375e-07	1.1439319188349338e-06	0.07049520005239174	0.00305821423580344	0.0030551734713409073
1757	1.39372503974734e-06	3.263192543588338e-07	2.577221285446501e-06	0.0671174000017345	0.0027796839945721076	0.002775386728992555
1758	1.6182440241674123e-06	3.614444746501765e-07	4.233108271877275e-06	0.07011870003771037	0.003071241291248689	0.003065028494477994
1759	1.0624801503384657e-06	3.5445749828510974e-07	2.165983698219941e-06	0.059685899992473423	0.003992161657693138	0.003988578736346294
1760	9.59886764746686e-07	3.408561749211853e-07	1.3577098642722452e-06	0.0670284999650903	0.002951097764818018	0.002948439312014078
1761	1.353700855848733e-06	3.038724598329811e-07	1.0112339699869675e-06	0.06549180002184585	0.002666681120433186	0.002664012313147518
1762	1.8667149326743638e-06	3.490562472855751e-07	1.2118030806458221e-06	0.06637110002338886	0.003785657277400932	0.003782229703140326
1763	1.6744803057571643e-06	3.07852922680277e-07	1.0935149364484309e-06	0.06823739997344092	0.0028151058307486205	0.0028120299825837346
1764	1.4394078196733652e-06	3.4843591045111207e-07	9.272998676916016e-07	0.06504080002196133	0.002476920863394539	0.002474205719796723
1765	1.387055211339725e-06	3.269201881225408e-07	9.209092389379001e-07	0.06346360000316054	0.0033807826926979365	0.0033781478080595366
1766	1.3317409110163509e-06	3.2011616401706347e-07	1.195905776739489e-06	0.06369669997366145	0.003605279818543803	0.00360243205569203
1767	2.5578711571221904e-06	3.143677582384311e-07	1.9966217792355734e-06	0.06710029998794198	0.0019528406428323372	0.001947971782137741
1768	2.597377499893278e-06	3.6592798694947485e-07	2.3767324866627986e-06	0.06340179999824613	0.0027301726085057335	0.002724832570532228
1769	1.9007928048938982e-06	3.386224346168366e-07	2.6160318397184898e-06	0.0654037999920547	0.002106320741253282	0.0021014652941740526
1770	1.4392256760138518e-06	3.492455062913951e-07	1.7023430854200886e-06	0.06623950001085177	0.0027035853870164515	0.002700094572748726
1771	7.609396367254424e-07	3.4233194861349076e-07	1.196789448300764e-06	0.06737750000320375	0.0026935867576771905	0.0026912866966435508
1772	9.170063294755879e-07	3.1995695449798436e-07	9.790486104749216e-07	0.06252400000812486	0.00267339320246557	0.0026711771905711217
1773	9.750905159890298e-07	3.6081484575171634e-07	7.354380201885665e-07	0.066235099977348	0.0032769889653288795	0.00327491762194695
1774	9.980195026809497e-07	3.651382625005134e-07	8.766344441037543e-07	0.06439339998178184	0.0023054749812502994	0.0023032351890410144
1775	1.4025698663001864e-06	3.7162233776913556e-07	8.868595869761695e-07	0.06573500001104549	0.0036727953141335113	0.0036701342623424657
1776	1.0659200890732092e-06	3.5994436146511587e-07	9.94800509075683e-07	0.06429760000901297	0.003542669489903093	0.003540248824943479
1777	1.3032401148866024e-06	3.3033512140836524e-07	2.4567357783850363e-06	0.06540869997115806	0.0021729089624561073	0.0021688186514414276
1778	2.5025884138497017e-06	3.635113804541203e-07	6.180902193072464e-06	0.06582379998872057	0.0029266924016444667	0.0029176453996570904
1779	3.744591055225452e-06	3.8267673911266244e-07	9.734024096006608e-06	0.06553989998064935	0.002755672521338743	0.002741811229448398
1780	4.086340324043567e-06	4.3337680361056605e-07	1.2825188748675172e-05	0.06231609999667853	0.003914150580936006	0.0038968056750596767
1781	2.4285301218816033e-06	4.2176869496203215e-07	9.595003419777887e-06	0.06482849997701123	0.003786302556512242	0.0037738572542756208
1782	1.001844475530788e-06	3.698995941439853e-07	2.9641271600034974e-06	0.070431100029964	0.0030934255531600177	0.003089089681930339
1783	1.1316499184951644e-06	3.1962649313308046e-07	7.874802703218514e-07	0.0754812000086531	0.00233637593007289	0.00233413717339094
1784	2.101621053657919e-06	3.121491836024757e-07	1.1225215554821597e-06	0.07082049996824935	0.003143205918061035	0.003139669626268292
1785	2.9064957505438007e-06	3.609461528403471e-07	1.7976604043174354e-06	0.06782360002398491	0.003274272578406005	0.0032692074760983037
1786	4.665015041966835e-06	3.8077013480611003e-07	3.4326890254663082e-06	0.06662590004270896	0.0031413668796245824	0.003132888405422343
1787	3.306212674682301e-06	4.056058392559762e-07	4.595552967696081e-06	0.06228939996799454	0.00322350460591203	0.0032151972344303956
1788	2.4998848157663167e-06	3.9163699611370447e-07	3.337267237259724e-06	0.06919940002262592	0.0029648121566584304	0.002958583367609291
1789	1.496440316328581e-06	4.128698257421581e-07	1.6624434029730819e-06	0.07183030003216118	0.002937060450663753	0.002933488697118709
1790	1.6811134849003228e-06	3.6726240008446384e-07	9.748865028513568e-07	0.06920700002228841	0.004026184530044069	0.004023161267656233
1791	2.784011953898704e-06	4.1669374606287043e-07	9.842557540519702e-07	0.06792210001731291	0.0036423806579472186	0.003638195696493205
1792	3.61869536017478e-06	3.846090103919853e-07	2.1127730250952677e-06	0.06669569999212399	0.00283571405081463	0.002829597973418968
1793	4.1750030070745646e-06	3.785972664981372e-07	1.933027230237867e-06	0.0684748999774456	0.00379915380251122	0.003792667175007409
1794	3.358647313548089e-06	3.7147181238468773e-07	1.8169434443874212e-06	0.06932770001003519	0.0026859984406531878	0.0026804513780828675
1795	2.6958064636146316e-06	3.607378881113929e-07	1.4440795903059997e-06	0.06784739997237921	0.00289294587961698	0.002888445255674948
1796	2.164421758197843e-06	3.2442156132791286e-07	2.2218983694151984e-06	0.06628199998522177	0.0027004026636990863	0.0026956919220101454
1797	1.3975175420236755e-06	3.994889945303509e-07	2.6143639738502097e-06	0.06746930000372231	0.0031403083814699607	0.0031358970109595565
1798	1.3914766524700958e-06	3.6498515945716025e-07	2.4386457130060816e-06	0.06761319999350235	0.0030224369563880984	0.003018241848863165
1799	1.3537812375504658e-06	3.9816775849145105e-07	1.7540408965228505e-06	0.07025410002097487	0.0035146807111560807	0.0035111747212635156
1800	1.3015010516947534e-06	3.4079338737715775e-07	2.3854086271760737e-06	0.06908099999418482	0.0027728038050421587	0.0027687761019759105
1801	1.3279988742123386e-06	4.220276958397332e-07	4.443603699016256e-06	0.06644579995190725	0.0029366346548461335	0.002930441024577065
1802	1.0389343941546605e-06	4.369569453848206e-07	4.793545328789169e-06	0.06818599998950958	0.0034882178591132858	0.003481948422444957
1803	1.0282755596119889e-06	4.3193690239980233e-07	3.996158146647367e-06	0.06523430004017428	0.002348890085022041	0.0023434337144133816
1804	1.5334903436027963e-06	4.060812073374569e-07	1.6417403622624428e-06	0.06653000001097098	0.0033039405946012636	0.003300359282688061
1805	2.383772077677256e-06	4.1117774853411604e-07	1.0518501051703987e-06	0.07018590002553537	0.0041526244827756135	0.004148777682844232
1806	2.899535385654159e-06	3.623443284535969e-07	1.5771687869706413e-06	0.067800700024236	0.0031427121703346407	0.003137873121833562
1807	2.1082448562949153e-06	3.668787069779022e-07	2.0472929513661857e-06	0.06694659998174757	0.0026924617906018008	0.0026879393740871617
1808	1.6398952311330923e-06	4.3239464766114007e-07	2.1492509987977354e-06	0.06163810001453385	0.00382578399706093	0.003821562456183338
1809	1.3107950370168266e-06	4.1626944283208773e-07	2.4762749591888327e-06	0.06849309999961406	0.003668056290092556	0.003663852950653518
1810	1.3093605047030962e-06	4.7397704351635614e-07	3.764187092421801e-06	0.06274919997667894	0.002832953092608731	0.00282740556796809
1811	2.1853055225846666e-06	6.987723559799792e-07	1.1430493898272905e-05	0.06579159997636452	0.003268510659254765	0.0032541960874779277
1812	2.8451648973782675e-06	9.901925238379758e-07	2.0001044320018413e-05	0.06739149999339134	0.003956518458918734	0.003932682057177499
1813	2.240710673884974e-06	9.693449804198555e-07	1.3786497555874541e-05	0.06678970000939444	0.002403882020037411	0.0023868854668272314
1814	2.092969083466332e-06	9.878641748992264e-07	1.1322825676048404e-05	0.06840829999418929	0.002691300711775798	0.0026768970528413837
1815	2.9229184799180916e-06	9.583321212045787e-07	8.253009782502174e-06	0.06717080000089481	0.0030088916816664807	0.0029967574212828555
1816	2.7234115765297087e-06	9.113241811091953e-07	4.631126331250643e-06	0.06843789998674765	0.003473611321536913	0.0034653454594480238
1817	4.435787684546319e-06	7.353953971503785e-07	1.7366514390372834e-06	0.06822499999543652	0.002421258541006072	0.002414350706485338
1818	6.297605586291686e-06	5.864532374481352e-07	1.2856378758417658e-06	0.06822189997183159	0.0027470908932183116	0.0027389211965187297
1819	7.84477777831743e-06	5.015760560696622e-07	3.5559843234810096e-06	0.06447330000810325	0.003243287059143326	0.0032313847209854583
1820	7.578087314169906e-06	3.7112887499223256e-07	6.716629660143398e-06	0.06818980001844466	0.0030138049678099695	0.002999139121960664
1821	6.4909670445378054e-06	4.0442649761616324e-07	1.2279509597687201e-05	0.06808550003916025	0.0017559684015639914	0.0017367934984241502
1822	3.5533176429644556e-06	4.779735113226154e-07	9.87173722156171e-06	0.06466380000347272	0.0025927418091791286	0.0025788387808032796
1823	2.6914948644246816e-06	4.7404268887701313e-07	8.134994769637707e-06	0.06726270000217482	0.0028906575765546296	0.0028793570442316903
1824	4.240498525690764e-06	5.038544790268793e-07	3.8452412297774725e-06	0.06679819995770231	0.003327172654163143	0.003318583059928648
1825	9.054897418199608e-06	4.428172513063176e-07	1.2405852544196647e-06	0.06222630001138896	0.0032790703482558034	0.0032683320483318777
1826	1.47175553846219e-05	3.902526861043641e-07	4.108379806465367e-06	0.0667269000550732	0.003326364113332392	0.0033071479254552
1827	1.4337097380355173e-05	4.156457013180207e-07	6.202798506618399e-06	0.06875099998433143	0.002714495709765342	0.0026935401681770503
1828	1.0779793549160725e-05	4.780159145891035e-07	6.798655220849504e-06	0.0664083999581635	0.0032306329399898466	0.0032125764753052474
1829	7.803252392656404e-06	5.493431258620609e-07	7.103981817784134e-06	0.06924320000689477	0.0035510675468458258	0.003535610969509523
1830	3.7818572151218902e-06	5.099595147857997e-07	4.550563604081134e-06	0.059968600049614906	0.0028328084791684337	0.0028239660988344448
1831	3.771647808625408e-06	5.203832042616815e-07	1.1931792630879471e-06	0.06334489997243509	0.002516717275822717	0.002511232065546742
1832	8.204699454250144e-06	4.782889885978204e-07	1.8354211844784415e-06	0.06368950003525242	0.0035020499730184142	0.003491531563391088
1833	1.0862701704406381e-05	4.59707996520639e-07	2.434419429993998e-06	0.06804070004727691	0.0027515057153273317	0.0027377488861964104
1834	1.0780014691837402e-05	5.280913563768667e-07	2.3919679135482e-06	0.07011480000801384	0.003630636918811428	0.0036169368448496653
1835	8.3275500969138e-06	4.949657257377666e-07	1.8729187685144207e-06	0.0627097999677062	0.0026259130233441392	0.002615217588752973
1836	5.377775990545803e-06	4.943657620482194e-07	1.8587234234018704e-06	0.06586869998136535	0.003917640855185986	0.00390990999000999
1837	1.6519745574147393e-06	5.239709668700048e-07	1.070138362700029e-06	0.06731010001385584	0.0038166289441807517	0.003813382860293767
1838	1.535795593317062e-06	5.30372505288589e-07	1.3612720901199544e-06	0.06502159999217838	0.0025797294422812184	0.0025763020020924928
1839	2.4845460769571163e-06	4.3819296624793596e-07	1.3305110100501974e-06	0.06811489997198805	0.002725999083188615	0.00272174583313536
1840	3.441854512224809e-06	4.3645270474527087e-07	1.0114008710332215e-06	0.06871409999439493	0.0028676115556970742	0.002862721847609071
1841	3.7004192977285265e-06	4.3094707036936665e-07	1.2662694138652365e-06	0.060985099989920855	0.0033691335313478865	0.0033637358955659236
1842	3.6704998839743263e-06	4.035516473139837e-07	1.2695956765345232e-06	0.06909480004105717	0.0030839193313993408	0.0030785756841915177
1843	3.493454506776027e-06	4.0268837872302214e-07	1.3210962062295654e-06	0.0677568000392057	0.003980415459344941	0.0039751982202532125
1844	2.6112591614942076e-06	3.9954343693357617e-07	1.2754910584967131e-06	0.0667556999833323	0.002174936227047332	0.0021706499333904077
1845	1.3380676376637958e-06	4.07103759903076e-07	1.2779195666193498e-06	0.06903990003047511	0.003083240101713276	0.0030802170107490897
1846	1.190535020269693e-06	3.580901852245047e-07	1.881774151221754e-06	0.06653150002239272	0.0026543216427868774	0.0026508912434301613
1847	1.114469625987161e-06	4.324936957874925e-07	1.4208628947267006e-06	0.06031950004398823	0.004088781574580743	0.004085813748364242
1848	2.331606279878624e-06	3.7296282491766305e-07	2.7970943199386774e-06	0.06439000001410022	0.00234160979336065	0.002336108129935915
1849	3.786414769038942e-06	3.832981254022806e-07	4.3028211437775185e-06	0.0683757999795489	0.003062366361044384	0.003053893827006165
1850	4.2398524922530256e-06	4.1103682282813365e-07	6.4710713420245455e-06	0.06802649999735877	0.002734913287194193	0.0027237913265370874
1851	3.349400968537439e-06	3.923294922968322e-07	5.638010377015888e-06	0.06823750003241003	0.003664175274156398	0.003654795533318548
1852	2.2674375214351464e-06	3.905774784531795e-07	4.197954779358551e-06	0.06517979997443035	0.0028073393482152182	0.0028004833784359712
1853	1.3535990052864993e-06	3.5492335294061223e-07	2.80260489060332e-06	0.0669012000435032	0.0027209559318297155	0.002716444804580885
1854	9.879063120829306e-07	3.8115157378219965e-07	1.4805582931985776e-06	0.06739789998391643	0.0033081663426184063	0.0033053167264393427
1855	1.689148744840965e-06	3.409882173054241e-07	7.792241110436019e-07	0.0636666999780573	0.0023088794256720703	0.0023060700645988804
1856	2.7362307139003694e-06	3.697305219204641e-07	1.0211604144244023e-06	0.06824300001608208	0.0037134475778745676	0.0037093204562243225
1857	3.021128408046127e-06	3.820261820279597e-07	1.167388399269333e-06	0.06852720002643764	0.0031695340616257556	0.0031649635186364123
1858	2.705978595964968e-06	3.6739782820957176e-07	1.3174744064097704e-06	0.06730059999972582	0.003028787461809564	0.0030243966109789796
1859	1.5961336254195866e-06	4.0966940865542294e-07	1.0142640794852618e-06	0.06352830003015697	0.003021521378026243	0.0030185013109126826
1860	1.298694399941379e-06	3.8260891416040463e-07	1.4394726358033056e-06	0.06618049996905029	0.0024029007421444144	0.0023997799661945093
1861	8.435697620362567e-07	3.9778100572331367e-07	9.063159740202964e-07	0.06760299997404218	0.0026931994032166635	0.0026910517364748835
1862	1.365094276747473e-06	3.9490128443633e-07	1.2472414176914568e-06	0.06624279997777194	0.003304714016439933	0.003301706779461058
1863	2.461738451055945e-06	3.9278738172668326e-07	1.8906957394951084e-06	0.050871699990238994	0.0033963171631655993	0.0033915719415933215
1864	1.7954968122801116e-06	4.3813699429825674e-07	1.019137724918557e-06	0.05133439996279776	0.0036237366481683807	0.0036204838766368836
1865	1.103983010860587e-06	4.4333019911615174e-07	1.3034527236878511e-06	0.05270990001736209	0.003297567832784371	0.0032947170668507064
1866	8.72484698111382e-07	4.951084141972432e-07	2.5880271575101703e-06	0.052686500013805926	0.0028813297296945645	0.0028773741094247456
1867	8.001647947053196e-07	5.500357842738034e-07	4.055683114834095e-06	0.05487240001093596	0.003453108160726554	0.003447702277032741
1868	1.4209171587289083e-06	6.095771373284422e-07	7.331555556327432e-06	0.052772299968637526	0.003350950556551711	0.0033415885066993265
1869	1.8942677994775068e-06	7.467493838164323e-07	9.743188016171688e-06	0.05200399999739602	0.0031717774614662404	0.0031593932562667747
1870	2.02064509176733e-06	7.149499510922391e-07	8.858426329967987e-06	0.052050500002224	0.0027491010042187737	0.002737506982845946
1871	1.2007653974835029e-06	6.35554845624746e-07	5.247497826941467e-06	0.058556599949952215	0.0023753790562769917	0.002368295238206942
1872	1.3573207723757096e-06	5.403732492073761e-07	2.5952878876116994e-06	0.0632746999617666	0.0029545418485305694	0.0029500488666213747
1873	1.5125781934771963e-06	5.369608335145983e-07	1.2947307495831613e-06	0.06638040003599599	0.0027774373830738103	0.0027740931132972354
1874	1.9296133231461507e-06	4.957310359237737e-07	9.601003216766238e-07	0.06787109997821972	0.003477277649489688	0.0034738922048089416
1875	2.06702367842078e-06	4.560630115152174e-07	1.0272563951424093e-06	0.06605800002580509	0.003036468492197514	0.003032918149112436
1876	1.236080350732723e-06	4.4857564565192207e-07	8.271795158179865e-07	0.06828419998055324	0.003107621953978313	0.0031051101184661105
1877	9.526137955905098e-07	4.703215553994671e-07	1.0197555855552755e-06	0.06803320004837587	0.00283828836034776	0.002835845669411215
1878	9.040095998567433e-07	4.542941302147843e-07	1.1411527556971996e-06	0.06687640002928674	0.002346091804631378	0.002343592348145609
1879	1.226694678978985e-06	4.901260390734968e-07	1.436482237893657e-06	0.0689600000041537	0.0026907634752905787	0.0026876101723346327
1880	2.793622690336254e-06	5.326648887431263e-07	3.916075954270833e-06	0.06731830001808703	0.0033741174950791732	0.003366875131545823
1881	3.7801996138996523e-06	5.801105226213153e-07	5.427817428648193e-06	0.06830439995974302	0.0035215499609258655	0.003511761833360696
1882	2.6385718739659e-06	5.744130673060125e-07	4.720546232449256e-06	0.06699530000332743	0.0024459900027118623	0.002438056471538141
1883	1.1718078792453713e-06	5.405645532201865e-07	2.3117503760639608e-06	0.06939690001308918	0.002792266722757043	0.0027882425999485134
1884	1.636561330159096e-06	4.934740558814468e-07	1.0519083469435803e-06	0.06593939999584109	0.003382828947665941	0.0033796470039329568
1885	1.868659666797699e-06	4.6115129825962875e-07	1.0380602434538624e-06	0.06769419996999204	0.002664777358561735	0.0026614094873532237
1886	1.4835765578821527e-06	4.927809396240087e-07	1.0370824499037013e-06	0.06649590004235506	0.002437720058231943	0.002434706618284533
1887	1.5414057815021365e-06	4.348497737663452e-07	1.144684533816297e-06	0.06546069995965809	0.0025042489096649694	0.0025011279695758845
1888	1.4879860045312638e-06	4.7670345323498606e-07	1.011738169028204e-06	0.06594180001411587	0.0025500985821359525	0.002547122154509158
1889	1.2829011360345627e-06	5.128769447096893e-07	1.0478973531881207e-06	0.06684870005119592	0.004111126608904828	0.004108282933470896
1890	1.9970687327955164e-06	4.840742456627439e-07	1.0421554333455005e-06	0.06036360003054142	0.002210627098558497	0.002207103800146693
1891	1.157389313657336e-06	5.217630000188514e-07	1.1692251912887819e-06	0.06585290003567934	0.003407429447501153	0.003404581069996188
1892	1.5369393396045957e-06	4.725803420137937e-07	9.88926981888992e-07	0.06339150003623217	0.0027093573210290435	0.0027063588743655364
1893	1.4611135803087393e-06	4.144826968986926e-07	9.247505576819108e-07	0.06880830001318827	0.0027225262879299237	0.0027197259410950345
1894	1.1916351957540186e-06	4.720599805611167e-07	1.4911626385556405e-06	0.06456059997435659	0.0027796043701732265	0.0027764495123583557
1895	2.0648967800082366e-06	4.084718976534288e-07	2.6455878275258445e-06	0.06275410001398996	0.002448838544263189	0.0024437195877580016
1896	1.2437388832474289e-06	4.2680528225251554e-07	3.1271566814765325e-06	0.06668660003924742	0.0030125831862654385	0.003007785485418462
1897	1.6761842263548726e-06	3.894840252206745e-07	3.1082224796182503e-06	0.06676030001835898	0.002551807129158088	0.002546633238426894
1898	1.5628024031341484e-06	4.1666330229127614e-07	3.729217503677946e-06	0.06315359997097403	0.003107668188949131	0.003101959505740028
1899	1.3960084441880538e-06	3.7359558395592933e-07	4.350924464121241e-06	0.0697844999958761	0.002565218927141685	0.0025590983986494196
1900	1.7096747329292783e-06	3.6114449640133715e-07	2.027282713611044e-06	0.06902329996228218	0.0027938395735534775	0.002789741471610536
1901	2.174923723607303e-06	3.543078661170228e-07	1.1039242388897327e-06	0.0662904999917373	0.0033252766355309727	0.003321643479702359
1902	3.469453807300806e-06	4.3049928496498524e-07	1.5221101661889955e-06	0.06594760000007227	0.004366711941648108	0.0043612898783896535
1903	4.357344037645709e-06	3.91209953125949e-07	3.0390711210717488e-06	0.060128599987365305	0.0035474534856066004	0.003539665860494757
1904	4.510206760031246e-06	5.128953412417137e-07	5.753861113880775e-06	0.06649190001189709	0.0028982401792148923	0.0028874632159997388
1905	4.2076188250493415e-06	5.487509781749208e-07	7.504166396568028e-06	0.06730059999972582	0.0031286322813908417	0.003116371745191049
1906	3.254047646786861e-06	6.440171463083925e-07	6.424134690302658e-06	0.06833360000746325	0.003296725966859119	0.0032864037673757214
1907	1.4473881058557483e-06	5.635834021955299e-07	2.681314947475421e-06	0.06928689999040216	0.0034461584342256896	0.003441466147770163
1908	3.989752279823424e-06	4.688370659643209e-07	1.1577043746324246e-06	0.0695300999796018	0.0033044396156013877	0.0032988233218809674
1909	1.1091648727394997e-05	3.433093810517975e-07	7.541665428454644e-06	0.06547979998867959	0.002579514124657547	0.0025605375011206457
1910	1.622660882109947e-05	3.634893553433929e-07	1.3912395439457182e-05	0.06306839996250346	0.0029685402435568908	0.002938037749940991
1911	1.3236452263679313e-05	3.451361856079276e-07	2.026387316452248e-05	0.0641184999840334	0.002798435027769738	0.002764589566155928
1912	1.3998325427447831e-05	5.145206059274797e-07	2.9624457887562423e-05	0.06642340001417324	0.003923124247895057	0.0038789869439741194
1913	1.2469551307789841e-05	7.213833587528515e-07	4.400795364921895e-05	0.06739320000633597	0.0028587718747039126	0.0028015729863881513
1914	8.290202909918675e-06	9.369724427483348e-07	4.985514808645311e-05	0.0692760999663733	0.003072265207422297	0.003013182883983177
1915	7.683563373939887e-06	1.1290533511196826e-06	4.277149106886596e-05	0.06267050001770258	0.0023114803755113033	0.0022598962677173777
1916	5.442018456358559e-06	1.243471203523354e-06	3.75203019051049e-05	0.066944100020919	0.0024960168310753776	0.0024518110395103905
1917	9.094291845343771e-06	1.1083943763522363e-06	2.2664279350756643e-05	0.059245900018140674	0.0027594099446551796	0.0027265429790827266
1918	1.6544684673522294e-05	8.720931952783908e-07	7.7751341192352e-06	0.06440630002180114	0.004441845372612012	0.004416653460623976
1919	2.0554344602781677e-05	5.022605490253244e-07	1.935606459472993e-06	0.07008290005614981	0.002170317377704448	0.002147325166093168
1920	2.1568248234396384e-05	3.4675087640426215e-07	1.3400560547682338e-06	0.0686054999823682	0.0031695184901409878	0.0031462634349754192
1921	1.7760660223071363e-05	2.394809220451658e-07	4.445290924428998e-06	0.06541780004044995	0.003894978879219622	0.003872533447150076
1922	1.455120530622434e-05	2.4846061374747215e-07	1.0405361664748032e-05	0.06542030000127852	0.0030198120344543935	0.0029946070068696735
1923	1.0473586185951348e-05	3.959365312510158e-07	1.2255241050648602e-05	0.06781020003836602	0.0029419197254250276	0.002918794961657177
1924	1.1295513316014094e-05	6.239518774515191e-07	1.4373726873222276e-05	0.06564960000105202	0.003009640726452434	0.002983347534385746
1925	1.1320710228215439e-05	7.567706109106753e-07	1.2388099389812733e-05	0.06665460002841428	0.002781930854674999	0.00275746527444606
1926	1.8143283877025686e-05	7.324794899285647e-07	4.908379952227549e-06	0.0704303000238724	0.0033342569079429923	0.0033104727646238105
1927	3.059496237580106e-05	5.88295954651344e-07	1.2597120251488039e-06	0.06822710001142696	0.0025666992371573194	0.0025342562668017182
1928	3.143090864914164e-05	4.7616609128663565e-07	2.366347317833745e-06	0.07145089999539778	0.003085233133372956	0.003050959711314694
1929	2.5626521822386657e-05	3.951672733510364e-07	2.8149049642527137e-06	0.05849950003903359	0.003001877063888715	0.0029730404698287247
1930	1.805242792257356e-05	2.835607094832661e-07	3.985357392081648e-06	0.06617559998994693	0.003189489113555024	0.0031671677675308854
1931	1.0415936446011836e-05	2.5358139815810967e-07	6.290277959351431e-06	0.06451389996800572	0.003138240451771587	0.0031212806559680656
1932	1.1020474929176859e-05	3.1262123666501566e-07	1.3462786665319217e-05	0.06556250003632158	0.0021043006151355843	0.002079504732304423
1933	1.0455816967905792e-05	5.252426384830381e-07	2.1056995894558724e-05	0.06815719994483516	0.0030992513318867402	0.0030672132763857928
1934	1.0743321543294363e-05	6.063833886730715e-07	1.6009011184816503e-05	0.05655410001054406	0.003652984130419321	0.003625625414302537
1935	1.4900210056522248e-05	6.711752883997404e-07	1.2991791157978718e-05	0.0685825000400655	0.003072807544632534	0.003044244368129633
1936	1.9047806297448946e-05	6.142958381865278e-07	7.011469693793816e-06	0.0695739000220783	0.003900540663448247	0.003873867091618818
1937	2.2825532061376537e-05	4.6076837523556457e-07	1.7297076031490218e-06	0.06614569999510422	0.0026765891172016586	0.0026515731091618974
1938	2.2485996152157228e-05	3.059317177669926e-07	1.0349399789558936e-06	0.05924919998506084	0.0027539218774629026	0.0027300950096140223
1939	1.8921932322432077e-05	2.562781798772806e-07	3.175487661809251e-06	0.0666633999790065	0.0031710225373622783	0.0031486688391981596
1940	7.995234013876022e-06	1.9927628854877277e-07	1.7749520864725472e-06	0.06459019996691495	0.0025466411705275804	0.002536671708138683
1941	3.4996743571518914e-06	2.170468181551579e-07	1.2336969381528075e-06	0.06597970001166686	0.0026346928574940533	0.0026297424393805936
1942	5.95183848015996e-06	2.3071619170630792e-07	1.4970826910833326e-06	0.07157570001436397	0.0026729530546634873	0.002665273417300538
1943	1.3666982396533779e-05	2.1570756987426218e-07	3.834242422412039e-06	0.06912619998911396	0.002364071430518683	0.002346354498129863
1944	1.839315855850811e-05	2.3666039319493801e-07	3.4255198461442326e-06	0.06240399996750057	0.002865228714764877	0.00284317337596703
1945	1.3760112076213006e-05	2.521810745706704e-07	3.3344613214627517e-06	0.06555689999368042	0.0032129311931824575	0.003195584438710211
1946	1.0146628430660216e-05	2.4022250381964153e-07	1.5154204638411305e-06	0.06790739996358752	0.0026664440569352478	0.002654541785536927
1947	4.568240172934146e-06	2.8742739833275807e-07	1.0039303805535374e-06	0.06362570001510903	0.00313923086736292	0.0031333712694110996
1948	1.3200281443302377e-06	3.1445913090553814e-07	1.3911803911824293e-06	0.05693919997429475	0.0027230217012971835	0.0027199960336307654
1949	1.3335193627274964e-06	2.9405727896232647e-07	2.1522356671443728e-06	0.06787080003414303	0.0022783745787910013	0.002274594766482167
1950	3.1867757092922425e-06	3.016927940265313e-07	3.1570245406377723e-06	0.0674952999688685	0.0034688472641967965	0.00346220177115284
1951	3.97624254826831e-06	2.098832650805034e-07	1.5408695629760992e-06	0.06547589995898306	0.0017738805630214765	0.0017681535676451515
1952	4.42939632484889e-06	2.504936875805474e-07	1.159013985205673e-06	0.06763190001947805	0.003567488874497262	0.003561649970499627
1953	4.158707999442469e-06	2.2753545934017127e-07	1.938760675031593e-06	0.0663343999767676	0.002353938978004398	0.0023476139738705833
1954	3.90211065617106e-06	2.463923335432033e-07	2.2057286204235016e-06	0.06792900001164526	0.002393779162463221	0.0023874249308530834
1955	3.2840209067983663e-06	2.3481768378958124e-07	2.0214219307950073e-06	0.06789559999015182	0.003041436240410283	0.0030358959798889
1956	1.989739293998477e-06	2.371249202581468e-07	1.6423598970994995e-06	0.05835340003250167	0.0035439277270398277	0.0035400585029284714
1957	1.2440866245325142e-06	2.4573712112691075e-07	1.4946546237563817e-06	0.0675459000049159	0.002436154344261318	0.0024331698658919022
1958	1.156389208291384e-06	2.3107470663655155e-07	2.0889469006969843e-06	0.0644973999587819	0.003111673886567834	0.003108197475752209
1959	1.0828946243904752e-06	2.470681176617551e-07	2.1308898363549553e-06	0.06061700003920123	0.0027960229718557842	0.002792562119277377
1960	1.1711546491659948e-06	2.391354236882173e-07	1.3668414893890003e-06	0.06220799998845905	0.0029865948383624584	0.0029838177068002153
1961	1.3189378552068592e-06	2.5265335441628707e-07	1.620422549103633e-06	0.06279970001196489	0.003281824163465947	0.0032786321497072202
1962	1.1790812629370714e-06	2.4514635312206835e-07	1.2123938581115e-06	0.07078899996122345	0.003317008279051174	0.0033143716575770032
1963	1.2310830264751844e-06	2.2620217751853526e-07	1.2209477857933743e-06	0.0682912000338547	0.002891240633190347	0.00288856240020056
1964	8.454983839023574e-07	2.2952380455637e-07	1.3760211173562636e-06	0.06245380005566403	0.0036518472647999235	0.0036493962214941087
1965	1.0257718608688752e-06	2.500104293870939e-07	1.3575297330344479e-06	0.06433329998981208	0.0033854710412864336	0.003382837729263143
1966	8.569659872353379e-07	2.2992329497530282e-07	1.1108369555373907e-06	0.06146079994505271	0.0030676032220719363	0.003065405495834188
1967	8.130289256416627e-07	2.512713721522367e-07	1.4945708870663443e-06	0.06553069996880367	0.004156539095175077	0.004153980223990217
1968	6.830895786177066e-07	2.5753338778059376e-07	2.2837002660373154e-06	0.06594830000540242	0.0031399370135473666	0.003136712690314931
1969	7.117957017017928e-07	2.628382731165652e-07	1.8611802907743606e-06	0.0634503000183031	0.0026072036843913385	0.0026043678701257456
1970	9.104221541875819e-07	2.216154479583725e-07	1.1349844256973617e-06	0.06466400000499561	0.002480350368790935	0.0024780833467630916
1971	1.5217902928395815e-06	2.6535776351440536e-07	2.6690695028149957e-06	0.06749300000956282	0.0027610276877805223	0.0027565714702213534
1972	3.0666143175626685e-06	3.5141165820615525e-07	5.6929406070732825e-06	0.06482709996635094	0.0036105600230799013	0.0036014490564970593
1973	2.680804462740109e-06	4.410277863487481e-07	8.441539643815586e-06	0.06306800001766533	0.002970080246054993	0.0029585168741620886
1974	1.757412755818806e-06	4.306028711732156e-07	6.7608707276120314e-06	0.06569009996019304	0.003930114372187728	0.003921165485833124
1975	1.0399105059361729e-06	4.3452357261335613e-07	4.262032370781314e-06	0.0643551999819465	0.003225838799847899	0.003220102333398568
1976	1.5656358865221935e-06	3.786585061060033e-07	1.457342687317155e-06	0.07218969997484237	0.0027378736444115684	0.002734472007331623
1977	2.8727037904208966e-06	3.805571840665062e-07	1.229005785256691e-06	0.06797309999819845	0.0024057788350852895	0.0024012965683255453
1978	4.3093541289754095e-06	3.6161292007970815e-07	1.1363074126880307e-06	0.06636130000697449	0.0030140080756911455	0.003008200801229402
1979	5.043008981047523e-06	2.960222202029519e-07	1.7234832789941653e-06	0.0638166000135243	0.0028468237251330275	0.0028397612106527827
1980	4.22675977419528e-06	3.0845816040225885e-07	1.8059564883711623e-06	0.06725109997205436	0.002657095819137038	0.0026507546447140694
1981	2.1184455386142773e-06	2.9114322458304787e-07	1.3692214949100867e-06	0.06336050003301352	0.002487531958935507	0.0024837531486773994
1982	9.153042170029418e-07	3.1284465558889795e-07	1.067755910248109e-06	0.06812519999220967	0.0026001421937298192	0.002597846288946979
1983	1.308091468909851e-06	2.9518831679253936e-07	1.4585193228740572e-06	0.06481000001076609	0.0028091767359043345	0.002806114936795758
1984	2.127071708819916e-06	3.0773181335227383e-07	1.3874426108412749e-06	0.06667069997638464	0.003514652638629935	0.0035108303924969216
1985	2.4092011901505504e-06	3.1330533362761245e-07	1.5223349848170955e-06	0.06467609998071566	0.0026933680090517604	0.002689123167543165
1986	3.0673459149520233e-06	2.866621503872613e-07	1.8388632888000433e-06	0.0688551000203006	0.003119332525394667	0.003114139654040527
1987	2.64814510686726e-06	3.098581104589542e-07	1.6644638923828684e-06	0.06790100003127009	0.0030905708388338313	0.0030859483717241222
1988	2.4296862567009095e-06	3.5342914591579453e-07	2.5452074659653474e-06	0.06796159996883944	0.0034916859788688094	0.0034863576560002275
1989	2.1991047217666126e-06	3.837871255364999e-07	2.872760344768486e-06	0.06542559998342767	0.0026242961937505884	0.0026188405415585167
1990	1.8486406436812312e-06	3.4733492400676504e-07	2.4101932586787577e-06	0.06910540000535548	0.0022786911200859423	0.0022740849512595755
1991	1.2657018466334982e-06	3.6733845268358905e-07	1.4391193380796486e-06	0.0665953999850899	0.0026031637854864367	0.00260009162584904
1992	1.5250534075455871e-06	3.489288378031211e-07	1.2686344182651212e-06	0.06765529996482655	0.0031851572208137823	0.0031820146041501686
1993	2.826963970033599e-06	3.623463447134209e-07	1.2426532880083674e-06	0.06737750000320375	0.0032677739842881344	0.003263342020685379
1994	4.297642850692534e-06	3.3572749624792705e-07	2.516179842033176e-06	0.06848249997710809	0.0027972085930622306	0.002790059042873257
1995	4.606531253617574e-06	2.9893903328156576e-07	3.5310545574531484e-06	0.06465449999086559	0.003273662002965602	0.0032652254781212497
1996	4.993618136949708e-06	3.141998265605337e-07	5.153641195918949e-06	0.06825980002759025	0.00409557092240605	0.004085109463246621
1997	4.8076323098610375e-06	3.0321479428972217e-07	9.826430635144291e-06	0.06923030002508312	0.002956209646343182	0.002941272368603887
1998	4.11415449718235e-06	3.8380757492137897e-07	1.24580655722671e-05	0.06613000005017966	0.003038560369190053	0.003021604341545682
1999	2.1540313117231982e-06	3.4470189598891144e-07	1.019387129052554e-05	0.06951500003924593	0.0022398443650761277	0.00222715176057789
2000	2.19801984243003e-06	3.7987361941297337e-07	6.958590824245503e-06	0.06727930001216009	0.0030540079979673794	0.003044471513681291
2001	3.3369791660084966e-06	3.077147215145548e-07	3.402962254069629e-06	0.06419089995324612	0.0020147848079207194	0.002007737151779127
2002	5.930997748416018e-06	2.870316608374111e-07	1.195508631208766e-06	0.061822300020139664	0.0028890891754115343	0.002881675637371072
2003	8.449939190192861e-06	2.5420213858008174e-07	2.12302428715341e-06	0.07294439995894209	0.0029817462551233373	0.002970919089507411
2004	8.23703200161948e-06	2.498434886158653e-07	2.393010858259192e-06	0.06745740002952516	0.003199913208861769	0.0031890333225132747
2005	4.502438190885101e-06	2.2736623022623534e-07	2.321834507073733e-06	0.06867049995344132	0.003191196803897404	0.003184145164969219
2006	1.7352343168048248e-06	2.616862482289786e-07	1.327945269107456e-06	0.06739440001547337	0.0032534415094158655	0.0032501166435817243
2007	1.799929671249836e-06	3.113569919197545e-07	1.6921344921941688e-06	0.06554510002024472	0.0029528219252922517	0.002949018504136888
2008	2.3711283873786993e-06	3.679213465813528e-07	2.2152335422711097e-06	0.06183429999509826	0.002748018099282777	0.0027430638160065458
2009	2.3548993927426772e-06	5.126670735301135e-07	4.123014220684765e-06	0.06737030000658706	0.0026816965030949423	0.002674705922407985
2010	3.5062408610013187e-06	6.178479196711278e-07	5.77367055911716e-06	0.06714600004488602	0.0018415988913909667	0.001831701132051177
2011	2.4029381570602504e-06	7.011345067247377e-07	7.595065159236874e-06	0.06533159996615723	0.0024095861957276047	0.0023988870579045828
2012	2.3558421025665227e-06	6.505427571710921e-07	5.580184992030941e-06	0.06599370000185445	0.003481868331886523	0.0034732817620347542
2013	3.1178008254970423e-06	5.8974814374676e-07	2.965617098216876e-06	0.05867559998296201	0.0024730470291063913	0.0024663738630389307
2014	2.5459491880940136e-06	4.867182849661862e-07	1.5696482635237425e-06	0.0681524999672547	0.002663690392361511	0.0026590880766249273
2015	3.5182246780009114e-06	3.270386798840607e-07	1.3143355518407308e-06	0.07161939999787137	0.0034731584389291366	0.003467998840019411
2016	7.432554429382569e-06	2.624886418931356e-07	5.849347771464554e-06	0.06567470001755282	0.0025078401392800015	0.0024942957484372615
2017	6.896151405622407e-06	3.0386444555288186e-07	1.174466121567638e-05	0.061404300038702786	0.003426417235444793	0.0034074725583779415
2018	6.033341567251814e-06	3.746485196042751e-07	1.768379737565955e-05	0.06519720004871488	0.0031607779435862625	0.003136686156123747
2019	5.866403673274873e-06	5.16255586102356e-07	2.0933375805365276e-05	0.066000199993141	0.0033548068335972512	0.0033274907985325086
2020	5.055404092062304e-06	5.697458545641315e-07	2.113562982543204e-05	0.06642660003853962	0.0038928768683126535	0.003866116088540595
2021	4.145286448959499e-06	6.423759900304247e-07	1.9172806035364652e-05	0.06441250001080334	0.0035955491564040247	0.0035715886879296704
2022	5.080938653802946e-06	6.213360687715593e-07	1.2253671896307803e-05	0.06340049998834729	0.003594070965274125	0.0035761150186552427
2023	5.515418745295519e-06	4.957817483452827e-07	6.2228988433819715e-06	0.06598020001547411	0.0029698622236275546	0.0029576281242905318
2024	9.088376899541631e-06	3.8881973991609373e-07	2.135084842847248e-06	0.06676639994839206	0.0031379459937957575	0.0031263337123134524
2025	7.597564173988988e-06	2.976482745172015e-07	1.193368227698165e-06	0.06800859997747466	0.003542577850993236	0.0035334892703170317
2026	8.01146677857348e-06	2.3142155659807424e-07	2.160546084773011e-06	0.06805400003213435	0.0030884777847385463	0.003078074350318602
2027	4.563632042975755e-06	2.2548929673723713e-07	2.011296236272329e-06	0.06593829998746514	0.0028975439224766674	0.002890743504900682
2028	3.903183691886067e-06	1.8936352187878944e-07	2.101987862118034e-06	0.06836869998369366	0.0033456543778469876	0.003339459842771105
2029	4.652428063719779e-06	2.5149492104357566e-07	2.136746152500514e-06	0.0643749000155367	0.0029395486113977963	0.0029325079422605326
2030	5.5718002620214164e-06	3.0216683212417636e-07	2.2622095534171234e-06	0.06646870000986382	0.0032835232986788837	0.003275387122031321
2031	5.886287568130321e-06	3.1377742146071605e-07	1.544847080110115e-06	0.06723169999895617	0.003069385500666433	0.0030616405885967317
2032	7.78635936461825e-06	3.4199904645830316e-07	1.343673632629572e-06	0.06692599999951199	0.0032251420901216275	0.0032156700580779213
2033	5.0698123233244814e-06	3.1678428920583594e-07	1.3723369911987953e-06	0.06086470000445843	0.0021803998123031	0.002173640878699371
2034	5.1870528041713795e-06	2.566738115366323e-07	1.6929944221280521e-06	0.06788679998135194	0.00387011820151171	0.003862981480473874
2035	3.2007856671972347e-06	2.974068367725375e-07	1.5725050321218512e-06	0.0676180999726057	0.0032735916423441225	0.003268520944808031
2036	1.8397770682140173e-06	2.6966989122939154e-07	1.2288210017471968e-06	0.0656639999942854	0.00345585450792234	0.003452516239961149
2037	2.1270997843211936e-06	3.340313026277805e-07	2.4171704722099705e-06	0.06744089996209368	0.003282999240201963	0.003278120938642804
2038	3.392354374581362e-06	3.1343683090377814e-07	2.963564104904783e-06	0.06855059997178614	0.003918955437878911	0.003912286082568521
2039	5.387006319497706e-06	3.4257229405615197e-07	4.550860285556011e-06	0.06342899997252971	0.003344374958689019	0.003334094519789909
2040	5.739572684079826e-06	3.3466710951983244e-07	5.2436183431711144e-06	0.06572129996493459	0.0041094578426854175	0.004098139984548646
2041	3.39189802534004e-06	3.185049582799697e-07	3.759205521859843e-06	0.06409130000974983	0.002739763060665885	0.0027322934521604053
2042	2.0990938983857503e-06	3.8037219840569706e-07	3.904206190217151e-06	0.06810989999212325	0.0023445545307617327	0.002338170858474724
2043	1.3563162968712624e-06	4.2546679010498477e-07	4.2113200369203225e-06	0.06221119995461777	0.003559115185406292	0.003553122082282396
2044	9.945798468623008e-07	4.314755904933949e-07	3.89859481844037e-06	0.06187039997894317	0.002569109543745527	0.0025637848934897305
2045	1.3189192954139753e-06	4.384124044991275e-07	3.240597184981513e-06	0.06794839998474345	0.002765418222612774	0.0027604202937278792
2046	3.164498142411295e-06	4.310936249131235e-07	1.6636843935156233e-06	0.06731180002680048	0.0033794589314640063	0.003374199655303166
2047	5.160637055533982e-06	3.4291178192623613e-07	1.559336431400359e-06	0.06348410004284233	0.004034419105195386	0.004027356219926526
2048	8.429309405723947e-06	2.8335151952844237e-07	4.515670890214622e-06	0.06614909996278584	0.0033356002952094534	0.0033223719633939863
2049	8.554640200019716e-06	2.5496703675007166e-07	8.804937681378935e-06	0.0758215999812819	0.002454111794728746	0.0024364972498105973
2050	5.49140288906289e-06	3.284387237133269e-07	9.187239916693819e-06	0.06711379997432232	0.004038709240785529	0.004023702159256059
2051	4.619177487701024e-06	3.567867846337753e-07	1.3964041715910657e-05	0.06659919995581731	0.002368689603176937	0.0023497495971886912
2052	2.3229977707458623e-06	4.620936619687052e-07	1.5379671488151466e-05	0.06969329999992624	0.0027889626271869594	0.0027707978642660933
2053	2.2003776801957185e-06	5.146258987260426e-07	1.2696616184663532e-05	0.06261550000635907	0.0025480582340815985	0.002532646614318013
2054	3.118894185075522e-06	5.487478436383981e-07	1.0121519911778543e-05	0.06754439999349415	0.0031188102907775926	0.0031050211288371
2055	7.118858286767957e-06	3.7577142288426974e-07	3.436123811917915e-06	0.06570430001011118	0.003305974349453085	0.003295043595931515
2056	1.3592333927426036e-05	3.0564615094091903e-07	1.1879515795695563e-06	0.06840700004249811	0.003140181930797491	0.0031250959991395546
2057	2.0116966097018884e-05	2.2731451194892394e-07	6.2847839979430295e-06	0.06772460002684966	0.0028972876080624143	0.0028706585434555036
2058	1.9423976485333538e-05	3.071658962181039e-07	1.3034099366042866e-05	0.06739680003374815	0.0028673397104915814	0.002834574468743987
2059	1.3931467314891368e-05	4.5967360294736334e-07	2.0122727741775626e-05	0.06755019997945055	0.0036976361388148774	0.003663122270155263
2060	7.133038059310232e-06	5.968309235343788e-07	1.3842532103747115e-05	0.06609090004349127	0.0029437746116658236	0.002922202210579232
2061	5.75324604123208e-06	7.572655734105057e-07	1.3491374653111281e-05	0.06902620004257187	0.0035055597768488605	0.0034855578905811065
2062	8.1705523134459e-06	7.11572765974088e-07	5.071046360469147e-06	0.06597029999829829	0.0025581160069133835	0.0025441628354734946
2063	1.8263843376539563e-05	6.077542794733692e-07	1.6063848497356608e-06	0.06744999997317791	0.0036573908935265726	0.0036369129110208243
2064	2.0900972441893584e-05	6.632838683573278e-07	1.4999037266830889e-06	0.06802350003272295	0.002571878743934936	0.002548814583898002
2065	1.762673904345203e-05	6.857120414985208e-07	1.7319853533570869e-06	0.06699660001322627	0.0033464877733525	0.0033264433369141924
2066	8.738887876941823e-06	6.809886467211079e-07	1.8265739010243953e-06	0.06820139999035746	0.0031452790720797137	0.003134032621655026
2067	3.258836237787318e-06	7.001919798846282e-07	3.189685313640143e-06	0.06284849997609854	0.0033905687982048135	0.0033834200846735015
2068	1.9875698247926687e-06	5.111935188521482e-07	2.2285054867083518e-06	0.06056080001872033	0.002355750865272408	0.002351023596442055
2069	3.0504294509353386e-06	4.1987918510484567e-07	2.017419720012147e-06	0.06654199998592958	0.0031670510942440936	0.0031615633658880413
2070	4.8803097976850815e-06	3.1991440131892213e-07	1.3511727778427384e-06	0.06706279999343678	0.0029694888611240568	0.00296293746414721
2071	6.084173018152192e-06	2.8724391493946243e-07	1.4192287881121448e-06	0.06756649998715147	0.0024874357123398504	0.0024796450666186467
2072	6.209582491246976e-06	3.241094024114579e-07	2.9180101451538217e-06	0.06703420000849292	0.003185018609562865	0.0031755669075240528
2073	4.838240409377032e-06	3.042544089093205e-07	4.481450692525696e-06	0.06694599997717887	0.003493491825265768	0.0034838678797549563
2074	3.4104469045139443e-06	3.1135989223487137e-07	5.440640402731343e-06	0.06491950002964586	0.0022780638156322634	0.0022689013684327832
2075	2.3790504415220085e-06	3.663977451642368e-07	6.184358776321712e-06	0.0661437000380829	0.0028713801850950888	0.0028624503781320807
2076	1.5174157636354828e-06	3.7296913496871624e-07	5.28613819132494e-06	0.07090689998585731	0.0027142813247359133	0.002707104801645984
2077	1.6753107496805209e-06	3.5107517064303834e-07	4.9388558707091526e-06	0.06686280004214495	0.003214525211865547	0.0032075599700745142
2078	1.398583687949822e-06	3.5724010091410264e-07	5.992041215835161e-06	0.06639669998548925	0.003906708325207861	0.003898960460203161
2079	1.5383744562062644e-06	3.2452884465638494e-07	3.312093689859863e-06	0.0672272999654524	0.0036708332838575	0.0036656582868667778
2080	2.070660977785323e-06	3.031285541228853e-07	3.2198080358268614e-06	0.0645601999713108	0.0036514624886111492	0.0036458688910434144
2081	2.2939325829520303e-06	2.957559997003831e-07	2.5848539797973016e-06	0.06687080004485324	0.003464421998351676	0.0034592474557892266
2082	1.3795631377168797e-06	2.685138884278148e-07	2.1033304820312382e-06	0.06772170000476763	0.002432906475333975	0.0024291550678257993
2083	1.2377039643264814e-06	2.706153526515694e-07	1.6836601327562394e-06	0.06816679995972663	0.003408117100053408	0.0034049251206036734
2084	1.4960093962200851e-06	2.521913197086134e-07	1.1405738674322548e-06	0.06784019997576252	0.0021267294412239466	0.0021238406666405857
2085	3.7486350391355106e-06	3.732907194550539e-07	5.791257770928554e-06	0.06911000004038215	0.0028665552670007945	0.0028566420834712754
2086	5.060467235692045e-06	4.741316244741375e-07	9.332676821082498e-06	0.06504850002238527	0.0036237440807543523	0.0036088768050731037
2087	5.5604376980552955e-06	6.128846444887212e-07	1.3631494899630617e-05	0.06680709996726364	0.002522786402701728	0.0025029815854595533
2088	5.22989213904564e-06	8.364836003941045e-07	1.9867250053908438e-05	0.06585249997442588	0.0034196245773412833	0.003393690951547935
2089	2.666296821248795e-06	7.793219933464993e-07	1.5724191015974407e-05	0.06630050000967458	0.0033318877972433845	0.0033127179874128145
2090	1.3321560450670713e-06	8.799755037945649e-07	9.382941008785754e-06	0.06681460002437234	0.0026799940811717366	0.002668399008614089
2091	2.803267184565582e-06	7.274346866595401e-07	4.205505856872337e-06	0.06748830003198236	0.0028377071104993697	0.0028299709027712725
2092	7.152350048867473e-06	5.746173745982326e-07	1.1274742828354899e-06	0.06770050001796335	0.0029746425075290292	0.002965788065822728
2093	1.2382289152991946e-05	4.524197253232284e-07	2.381133770077503e-06	0.06471179996151477	0.0028582134589864644	0.0028429976163380716
2094	1.400934332648242e-05	3.5945684905481507e-07	5.474753893906485e-06	0.061054899997543544	0.0024573872901372403	0.0024375437360677965
2095	1.0754295153457157e-05	3.2939854205118845e-07	5.263337641113695e-06	0.05747569998493418	0.0033587848948755865	0.0033424378635389645
2096	4.749568013817503e-06	2.9453004317984344e-07	2.2241941940950216e-06	0.05982700001914054	0.0029922808216707565	0.002985012529419664
2097	2.533037101253644e-06	2.7149109358552195e-07	1.6130551069603334e-06	0.06597629998577759	0.0030137477405615494	0.0030093301572597497
2098	2.47515358668026e-06	2.8708793562528114e-07	2.4243471931305356e-06	0.0699041000334546	0.002986092368285963	0.002980905779570527
2099	2.7949051331533596e-06	3.544543390210394e-07	3.521727483035654e-06	0.06686529994476587	0.0033951273713276817	0.0033884562843724715
2100	2.411042714052445e-06	3.6029343250025725e-07	4.814472405266217e-06	0.0635055000311695	0.0026666928658022385	0.0026591070572504196
2101	1.9936645049275613e-06	3.9476412871768245e-07	7.065540293041926e-06	0.0635976999765262	0.002789136979165492	0.002779683010238805
2102	2.7974061531954697e-06	3.688037978515266e-07	5.654942293978056e-06	0.062481499975547194	0.0027529933228809885	0.0027441721706359637
2103	4.851828428095823e-06	2.439987347738174e-07	1.5019840512287985e-06	0.0664225000073202	0.00260523740442391	0.002598639593209812
2104	5.7592755499264035e-06	2.1994139757783093e-07	1.0636334726279404e-06	0.0670685000368394	0.0024771884254640476	0.0024701455750439152
2105	6.90439093776092e-06	2.6144821377860225e-07	2.155514229894232e-06	0.0669670999632217	0.0032056090640504346	0.0031962877106690006
2106	3.532021531311578e-06	2.3308101572712926e-07	1.3959569180835791e-06	0.06649789999937639	0.003523340357959383	0.0035181792984942603
2107	2.7799758468934287e-06	2.476406373615789e-07	9.567336929598712e-07	0.06699660001322627	0.0035165309602494324	0.0035125466100722176
2108	3.129717330622438e-06	2.208907583453744e-07	1.7020837377168367e-06	0.06645350001053885	0.0021883017766085484	0.0021832490847818638
2109	4.7654858383987925e-06	2.4770248958290145e-07	2.3512159503903273e-06	0.06623359996592626	0.0036105963472865712	0.003603231943008199
2110	5.603357121891521e-06	2.0404320006111468e-07	5.7833760183254805e-06	0.06649310002103448	0.0026835707167301524	0.002671979940389874
2111	6.5953609113822335e-06	2.1631026103708498e-07	8.318424351115804e-06	0.06630979996407405	0.0023721233645121425	0.0023569932689886074
2112	4.533031974765018e-06	2.1491453558922195e-07	6.8439215741718456e-06	0.06725760002154857	0.002516319190820317	0.0025047273227357908
2113	4.6137574222218656e-06	2.3000984389007389e-07	7.1894075686137275e-06	0.06584739999379963	0.003812396129483231	0.0038003629546485055
2114	4.8543183940216305e-06	2.5464787118030025e-07	9.54525041459682e-06	0.06426509999437258	0.002655525380660883	0.0026408711639810847
2115	4.201257294725724e-06	2.7477380727594254e-07	7.933324404371992e-06	0.0652680000057444	0.0033512034046182027	0.003338794049111829
2116	4.439615247772955e-06	2.2640944836854526e-07	3.440363653050718e-06	0.0683322999975644	0.0030428468303709314	0.003034740442021739
2117	6.681461269261255e-06	2.0360167991333392e-07	1.210744348727978e-06	0.06176309997681528	0.003418680057665183	0.0034105842503672802
2118	1.114793938197216e-05	1.92845963978836e-07	3.7843474187516958e-06	0.06927939999150112	0.0026492934489349466	0.0026341683161702437
2119	1.0883027054326428e-05	2.574845189226607e-07	7.5449386996048385e-06	0.0665826000040397	0.003305434444775242	0.003286748994502388
2120	6.972029333510725e-06	3.0596399179412954e-07	8.843250514619277e-06	0.06496459996560588	0.0027969910996101725	0.002780869855770248
2121	2.4402357337785434e-06	2.851099162058085e-07	3.9285370994362005e-06	0.05877319996943697	0.004189230371392249	0.004182576488642829
2122	2.318752197154281e-06	2.182835663518227e-07	1.1354592823587132e-06	0.0652610999532044	0.002544566738202381	0.002540894243156516
2123	6.020477917566214e-06	2.0646094889570355e-07	1.3098287091006919e-06	0.06718859996180981	0.0034639195913836887	0.003456382823808126
2124	1.1041435161005935e-05	2.329589487577068e-07	3.403171095850011e-06	0.06895650003571063	0.003269182985122641	0.003254505419917027
2125	1.4260636682334318e-05	1.8995474896978678e-07	6.721779497439781e-06	0.068053399969358	0.003332065279500426	0.0033108929085716825
2126	1.1308117976910661e-05	1.8778826373655758e-07	6.368513458146723e-06	0.06797480001114309	0.002351036126351922	0.002333171706653128
2127	7.0556509459290015e-06	2.1278351019877262e-07	8.069560197107393e-06	0.06305699999211356	0.003269333593355208	0.0032539955987019725
2128	4.297164291360659e-06	2.2597758518535827e-07	8.041275011736945e-06	0.06629139999859035	0.0031862029661328217	0.0031736385492445386
2129	1.652740838386467e-06	2.837868778525773e-07	6.84975394629739e-06	0.06546659994637594	0.003853699258425468	0.0038449129767629316
2130	1.9707660457222678e-06	2.913021324352197e-07	5.398813277693694e-06	0.06703849998302758	0.003588964837586373	0.003581303956130522
2131	4.5530914418522425e-06	2.857276280783924e-07	4.052963664829039e-06	0.06300050002755597	0.0028097649172514013	0.0028008731345166415
2132	1.0560505163391733e-05	2.416578244420539e-07	1.1012647646245926e-06	0.06547049997607246	0.003316497295560823	0.0033045938678083644
2133	1.1688052731695269e-05	1.794156744998599e-07	1.2449252637474956e-06	0.06648789998143911	0.002592344376624023	0.0025792319829540805
2134	8.940980736813009e-06	1.6947320533166102e-07	1.6017357658077904e-06	0.06935879995580763	0.0032254830721219897	0.0032147708824140373
2135	6.758104929234683e-06	1.6862993946322624e-07	2.7908306319207954e-06	0.06816070002969354	0.0025306563304138795	0.002520938764913261
2136	2.785569051025461e-06	1.619194943415731e-07	1.8855124420147998e-06	0.06544599996414036	0.0034750561897762713	0.0034702231887888896
2137	1.1376274971937165e-06	1.8044563717547066e-07	2.4155839610183077e-06	0.06682329997420311	0.002793790631408563	0.0027900569743131757
2138	1.8212932876498241e-06	2.130757772371771e-07	1.1926208384008232e-06	0.06337799999164417	0.0031256943803101805	0.003122467390406893
2139	6.6954196213357895e-06	1.844637916938863e-07	2.1339884793754364e-06	0.06021580001106486	0.003579247289556979	0.003570233417664574
2140	1.3876136324118647e-05	1.7795978161056211e-07	7.774943042874722e-06	0.06539190001785755	0.0031162550689687756	0.0030944260298201715
2141	1.5228284929447583e-05	2.0134249318201647e-07	1.2784735806368045e-05	0.06675210001412779	0.0032800689273808793	0.0032518545641518817
2142	8.794880406113417e-06	1.8320662960961222e-07	7.513245772005133e-06	0.06662680004956201	0.004015838343743895	0.003999347010936167
2143	2.544793029794006e-06	1.6722736609600853e-07	1.5755352454232558e-06	0.06658250000327826	0.003216373194411598	0.003212085638770285
2144	1.0290443013432005e-06	1.9085754011731944e-07	1.262534510184328e-06	0.06520770001225173	0.0036182080290967904	0.0036157255927451457
2145	4.275895514236517e-06	2.9036350298473156e-07	6.151640850392829e-06	0.06298930000048131	0.003217822778999596	0.003207104879131982
2146	1.1958725579048527e-05	3.609878324540662e-07	1.7520470544187336e-05	0.05822519998764619	0.003643560654831826	0.003613720470876136
2147	1.7580775739572226e-05	4.985675397798349e-07	2.9811337413456932e-05	0.06670269998721778	0.0032995964901919206	0.0032517058094991115
2148	1.6724031830260935e-05	6.716967906976693e-07	2.925143783015012e-05	0.06654480000725016	0.003095224932945144	0.0030485777664940356
2149	9.42099251952597e-06	7.246399180053935e-07	2.644054933842426e-05	0.0679251000401564	0.0028034934988535793	0.0027669073170776236
2150	1.9501858127676606e-06	7.198959782137307e-07	1.4304149109658037e-05	0.06597400002647191	0.0032539240652996577	0.0032369498343990184
2151	3.4318918633473453e-06	5.636601546424239e-07	5.08408608541077e-06	0.06537619995651767	0.0024468081231608313	0.0024377284850574305
2152	1.2796517120596866e-05	3.445298144795319e-07	2.298060043636824e-06	0.06601770000997931	0.0026343693966146527	0.0026189302896359396
2153	3.0495252958921363e-05	2.470391839692455e-07	1.180592688570243e-05	0.06959640001878142	0.0029031816988003964	0.0028606334797718035
2154	3.440120725959589e-05	2.7214537728610705e-07	3.159045706268173e-05	0.06842450000112876	0.0027865635189045215	0.0027202997092049576
2155	3.3236214784101114e-05	4.0231236672044553e-07	4.424621551799155e-05	0.06766679999418557	0.0033560051665101893	0.003278120423841376
2156	1.991072202782747e-05	5.403202594969795e-07	4.636491592081681e-05	0.06853879999835044	0.0026567793764503272	0.002589963418242186
2157	1.028073974104318e-05	7.673038663505195e-07	3.786840928485815e-05	0.06614479998825118	0.00297102943597419	0.002922112983081938
2158	6.499432281925934e-06	7.843255189743069e-07	2.345762118775203e-05	0.06541769998148084	0.0025326536626235647	0.0025019122836349122
2159	1.3508663244840136e-05	7.418711064746562e-07	9.523867967785881e-06	0.06800940004177392	0.002365197687600624	0.0023414232852815233
2160	2.469126579102978e-05	5.496925781858898e-07	2.6365802732889935e-06	0.062047399987932295	0.0033361992089627874	0.0033083216703202827
2161	3.805483524799048e-05	3.5498318089478296e-07	2.3670522060520114e-06	0.06195970001863316	0.002630647132697431	0.0025898702620624934
2162	3.3078171235576944e-05	2.3283927141730525e-07	4.909154901282599e-06	0.07014100003289059	0.003194367774448086	0.0031561476090398092
2163	2.872109270952765e-05	1.592793396830835e-07	1.0438376096698732e-05	0.061814800021238625	0.0035391277431946005	0.003499808995048691
2164	2.0959156800930916e-05	2.3527054776653288e-07	1.3399132741371395e-05	0.06713059998583049	0.0028741726343461975	0.0028395790742561287
2165	9.930129921547938e-06	4.2350122449164693e-07	1.5912217973544074e-05	0.06514119997154921	0.0033798107696794517	0.003353544920559868
2166	7.867303420724334e-06	6.337440378652636e-07	1.6732064165793852e-05	0.06707829999504611	0.003215396590041745	0.003190163478417362
2167	1.2858850742641784e-05	8.741368545538243e-07	1.3147918755080334e-05	0.06883750000270084	0.002220633094683255	0.002193752188330979
2168	2.0142840443909702e-05	1.12726214429538e-06	1.2526499434877882e-05	0.06691590003902093	0.0027395610184270326	0.0027057644164039498
2169	2.0712897111089314e-05	1.147123882033088e-06	9.713476328611442e-06	0.06800359999760985	0.0039151160684515775	0.0038835425711298433
2170	2.575026845652758e-05	1.142730983744826e-06	6.014114619450671e-06	0.06848459999309853	0.0035079505094526885	0.0034750433953929655
2171	2.0033559914703834e-05	8.369817601110032e-07	2.770128237889039e-06	0.06508529995335266	0.0027714469751554194	0.002747806305242716
2172	1.3289359694176704e-05	7.017543811340332e-07	2.5163265888067966e-06	0.064926800027024	0.003827390644675492	0.003810883204011375
2173	6.9689650188062784e-06	5.098091881610312e-07	1.458226197242675e-06	0.0697228999924846	0.0023249222652242585	0.0023159852648200483
2174	6.281359300243871e-06	3.6807834942402527e-07	1.1136459553854548e-06	0.06631279998691753	0.0028774318783545186	0.0028696687947494656
2175	7.792996269472055e-06	2.4276797257962824e-07	1.8041590827373613e-06	0.06774359999690205	0.003450065341809671	0.0034402254184848816
2176	1.0573036478300647e-05	2.4954744840150724e-07	2.2080312713457765e-06	0.06939269998110831	0.003590915508386572	0.003577884893188524
2177	1.084092448194882e-05	2.718821326545536e-07	3.251610617102585e-06	0.06794400000944734	0.0028658500684016056	0.0028514856511698996
2178	9.642407535946216e-06	3.0144958282817737e-07	3.9584632050936875e-06	0.06698269996559247	0.0033068910919518677	0.0032929887716279995
2179	7.816510964916287e-06	3.5679461412114145e-07	3.7680484939447613e-06	0.06542340002488345	0.0034016027555315207	0.0033896614014585387
2180	5.5025724626747065e-06	3.1040831176568004e-07	2.909635036888015e-06	0.06539479998173192	0.0039349091473298205	0.003926186531518492
2181	3.1720995898275586e-06	2.997440025635221e-07	3.2581026544578466e-06	0.06766840000636876	0.0026143218187780867	0.0026075918725312376
2182	2.0684460670309077e-06	2.975921939410055e-07	4.357500186533191e-06	0.06794719997560605	0.0026297292847907053	0.0026230057463432002
2183	2.6020186556003154e-06	3.335787828209307e-07	8.766192738184384e-06	0.06840160000137985	0.0034267980022936123	0.0034150962121170065
2184	5.897790115744149e-06	4.1235817177985556e-07	1.3118845948848447e-05	0.0683939999435097	0.002801836080352897	0.0027824070861165243
2185	4.877829316363066e-06	3.2129422688120746e-07	8.5113774131393e-06	0.06774480000603944	0.003335857555917803	0.0033221470549614192
2186	4.9918188340930395e-06	2.7788544433051855e-07	4.986373798382395e-06	0.0672519999789074	0.0029090612032117882	0.002898805125134982
2187	3.420900670627818e-06	2.229642440256473e-07	3.1182018801419306e-06	0.058498699974734336	0.002496770067682327	0.0024900080008875315
2188	2.3469152390326186e-06	2.1698405589227162e-07	1.7083144364267692e-06	0.0656520999618806	0.001954135516610461	0.0019498633028791094
2189	2.606969197095292e-06	2.3229939838726214e-07	2.641764773626324e-06	0.06229710002662614	0.0031506783634082584	0.0031451973300391494
2190	3.608865731396862e-06	2.942514145766282e-07	3.762090568275384e-06	0.06913530000019819	0.0030640926326073463	0.0030564274248930973
2191	4.923745292278754e-06	3.449957866844464e-07	8.649188582961687e-06	0.062260700040496886	0.0027281045310856844	0.0027141866014237593
2192	6.7385876294703575e-06	5.487295950285252e-07	1.4386001417265588e-05	0.06459859997266904	0.0028525353052596615	0.0028308619866178972
2193	8.910588747292752e-06	8.830438379572582e-07	2.630664777161007e-05	0.06819949997588992	0.002875692928435514	0.002839592648078654
2194	5.671185454206294e-06	1.0827619231534223e-06	3.05861138716226e-05	0.0679249000386335	0.0021206314784245903	0.002083291417175608
2195	3.628496508933668e-06	1.1830924639071463e-06	2.3868464259520648e-05	0.06763119995594025	0.0028746701774778663	0.0028459901242455046
2196	2.3279805035184893e-06	1.295586682824845e-06	2.008333597224045e-05	0.06396140001015738	0.002918722917773747	0.0028950160146151635
2197	6.996711500844846e-06	1.0795335988136905e-06	7.910942442259033e-06	0.06733960000565276	0.003677182847895266	0.0036611956603533483
2198	1.3935955028844896e-05	7.327077829940684e-07	1.7358092452905043e-06	0.06758440000703558	0.0033306680216635006	0.0033142635496063713
2199	2.278908641457308e-05	4.630850576641927e-07	3.612328473037024e-06	0.0682954000076279	0.0030709503433459513	0.003044085843400677
2200	2.1873949140006176e-05	3.730389199410046e-07	8.092252141452042e-06	0.06621339998673648	0.003192909433883728	0.0031625701936823284
2201	1.1641204714063283e-05	3.226213277704818e-07	5.520082534255353e-06	0.06068610004149377	0.003581796408911838	0.0035643125003357486
2202	4.103175396992631e-06	3.25880342023677e-07	2.5338201959585417e-06	0.06619979999959469	0.0036661337952003954	0.0036591709192654205
2203	2.9458329999152295e-06	3.3694465052951426e-07	1.966925674473178e-06	0.06775819999165833	0.0030686150529911677	0.00306336534966625
2204	1.2869969087006993e-05	3.368407781393075e-07	6.8106321212670166e-06	0.061051799973938614	0.0029835365787535227	0.0029635191367671093
2205	1.8319828097069024e-05	3.292839811756674e-07	1.1097231038398342e-05	0.07902220002142712	0.002811162957729402	0.0027814166146127592
2206	1.7127241328192842e-05	3.264039284405346e-07	9.532349400753296e-06	0.07410560001153499	0.003505272408132637	0.0034782864134752503
2207	7.610002982715204e-06	2.633117451980515e-07	2.9144869710597307e-06	0.07067119999555871	0.0029718028162307787	0.0029610150145318054
2208	2.281049500954408e-06	3.001812644712529e-07	1.8442011176161828e-06	0.07797310000751168	0.00440433105962279	0.004399905627739748
2209	3.0869750856129177e-06	3.193816984146574e-07	6.7061825488642625e-06	0.07477240002481267	0.00303771179566145	0.0030275992563285584
2210	6.850101729336522e-06	3.180707977833639e-07	9.847511164496413e-06	0.07593120000092313	0.0030976453965212802	0.003080629712829664
2211	7.98592793130224e-06	3.8524522506514544e-07	1.5086712214185366e-05	0.06717290001688525	0.003489985503565282	0.0034665276181947294
2212	5.9827546660113666e-06	3.129705569513583e-07	1.1770606918409119e-05	0.06476480001583695	0.0024145212475134787	0.002396454915372107
2213	5.9105441601567855e-06	2.7349422505558365e-07	8.481121411367336e-06	0.07234240003162995	0.00396445741979382	0.0039497922599972405
2214	2.816955277986236e-06	2.8857380579598003e-07	5.553884689844168e-06	0.07139699999243021	0.0030442810932888777	0.0030356216795152514
2215	2.3165733443609384e-06	2.548044542249491e-07	2.550022060390317e-06	0.07382099999813363	0.003148105792063063	0.003142984392204087
2216	3.6621490615889946e-06	2.675049763559956e-07	1.3179562575120326e-06	0.07286920002661645	0.003268927732062897	0.00326368012176744
2217	5.057991570792283e-06	2.330437305492686e-07	1.605281933672205e-06	0.06956370000261813	0.002099361428117665	0.0020924651108826515
2218	7.662267329488945e-06	2.443699981077007e-07	2.7788917549648986e-06	0.07943280000472441	0.0027743406604445247	0.0027636551313619633
2219	6.2272628040909415e-06	3.048689987118157e-07	3.1369417941836323e-06	0.06525169999804348	0.002561625874123579	0.0025519568005265927
2220	4.456187708958138e-06	3.114025222751376e-07	2.6096426041740203e-06	0.06951160001335666	0.003849871733511187	0.0038424945006757796
2221	2.0960025917331855e-06	3.399378479270994e-07	2.6510373664104937e-06	0.07583350001368672	0.0032437073840384406	0.0032386204062323696
2222	1.5218989069312744e-06	3.3419950526551324e-07	1.4069401899463878e-06	0.07285050000064075	0.0029999384532863843	0.0029966754146842412
2223	3.3114478299103816e-06	2.6192036768904824e-07	2.292821008888637e-06	0.07571220002137125	0.0029535800605621143	0.0029477138713556264
2224	7.1851065106636005e-06	2.535617590675766e-07	4.760422779570159e-06	0.07736530003603548	0.002685101849154352	0.0026729027581050505
2225	1.0279987500775239e-05	2.489708352100309e-07	6.50922295531231e-06	0.07081280002603307	0.003682576192524544	0.0036655380112332464
2226	8.868990102788378e-06	2.0981225020980914e-07	6.54772757004002e-06	0.07766030001221225	0.0031461747808252216	0.003130548250902183
2227	4.691298186208054e-06	1.8622565143964662e-07	5.112730449106572e-06	0.08110050001414493	0.002871080058123769	0.002861089803837015
2228	1.576848790692449e-06	1.8303517168875016e-07	2.2177648452188916e-06	0.07313699997030199	0.0021932116691584375	0.0021892340203508373
2229	2.361280701694971e-06	2.2922318397299097e-07	1.1933247538078805e-06	0.07522840000456199	0.0036638080009249296	0.0036600241722854537
2230	4.3166403596152854e-06	2.1372631453556519e-07	2.1872025539477543e-06	0.07578099996317178	0.0034392153557894654	0.003432497786561367
2231	6.312685734554358e-06	1.9109845486044075e-07	2.915391696597304e-06	0.06916309997905046	0.003345465739308474	0.003336046563422462
2232	7.685314297682805e-06	2.0037971851033868e-07	3.859561107761581e-06	0.07479739998234436	0.0033441985931452886	0.003332453338021334
2233	7.167751215949649e-06	2.534048017186735e-07	4.447029946179424e-06	0.07388320000609383	0.0037257827575415746	0.003713914571577727
2234	4.121696262909928e-06	2.8470976377590267e-07	5.3988177317450645e-06	0.07701269997050986	0.003675364809053825	0.0036655595852953943
2235	2.3029172614141045e-06	3.3069267357862654e-07	4.976911511544491e-06	0.06993590004276484	0.0038403365993092977	0.003832726077862761
2236	1.3909205656415737e-06	3.1774678316797047e-07	3.3780212581311947e-06	0.07198380003683269	0.0031821644147655976	0.003177077726158657
2237	2.6068600639398907e-06	2.9614931288063745e-07	1.395276681657427e-06	0.07102619996294379	0.003730591441281467	0.0037262931552229893
2238	5.166465254116299e-06	2.492307382994659e-07	1.6304007784605241e-06	0.0736015000147745	0.003190979773709434	0.0031839336769385576
2239	1.0065845463957175e-05	2.1821215806034515e-07	4.514080007425892e-06	0.07265899999765679	0.002502152166599321	0.0024873540289698775
2240	1.2519983549312236e-05	2.081931649204947e-07	1.0168215465874626e-05	0.07192149996990338	0.0027038756071354276	0.00268097921495532
2241	1.1715485370478474e-05	2.1675675961320803e-07	1.5007431467918482e-05	0.07177829998545349	0.0028326265790409107	0.0028056869054429003
2242	6.802016616702626e-06	2.4038510186062075e-07	1.1496111801512675e-05	0.07538460002979264	0.0031893092617374815	0.003170770748217406
2243	1.8977295485966725e-06	2.6136136435959024e-07	7.62859364932602e-06	0.07530239998595789	0.003340169447259864	0.003330381762697582
2244	2.7126593806605975e-06	2.803463716920511e-07	5.467824582893982e-06	0.07484940002905205	0.003266512619481776	0.003258051789146529
2245	4.897846566181743e-06	2.954791373733667e-07	3.723514339381598e-06	0.07599590002791956	0.0037646630374950562	0.0037557461974521197
2246	1.1545710462172627e-05	2.15378428659494e-07	1.1022882570432765e-06	0.06750290002673864	0.003547329585616596	0.0035344662084687206
2247	2.049196479690907e-05	1.765221825710525e-07	7.0825688635262285e-06	0.07161640003323555	0.002752605809041409	0.0027248547531984026
2248	2.7180831841062704e-05	3.248709745298166e-07	2.4454780751536878e-05	0.07555790001060814	0.002878862628660191	0.0028269021450930618
2249	1.993565025214154e-05	4.691572913427946e-07	2.8224013912232632e-05	0.07424660003744066	0.0025689094678020773	0.0025202806463463607
2250	1.0918942161210222e-05	6.168560143219547e-07	2.4699759090996395e-05	0.07213029998820275	0.0039385928168569765	0.0039023572595904476
2251	3.146992458330524e-06	5.033439884881809e-07	9.020611977907987e-06	0.07732490001944825	0.0029765650974887333	0.0029638941490640067
2252	1.1264693990460885e-05	3.3295058001603043e-07	1.212938945373337e-06	0.07382819999475032	0.0026232516764737347	0.0026104410929578842
2253	3.188270974100229e-05	2.7151522569364844e-07	8.002170152808839e-06	0.07487810001475736	0.003288952820125696	0.0032487964250061912
2254	4.244944043441013e-05	2.2193030397902484e-07	2.4153941852400383e-05	0.0743644000031054	0.0032374066009020486	0.003170581288311259
2255	4.438557245547464e-05	2.81758132313396e-07	3.9453676372173754e-05	0.07291270000860095	0.0035406928630965706	0.003456571856136609
2256	2.9451986230605882e-05	3.130492142587738e-07	3.280044017804413e-05	0.06268949998775497	0.003529282973272164	0.0034667174976492554
2257	9.35942322339555e-06	2.630734582294025e-07	1.0039808121399632e-05	0.07115079998038709	0.002674161711506896	0.0026544994067038714
2258	4.21975341316841e-06	1.8674211510020565e-07	1.0033916900437583e-06	0.07295230001909658	0.0034517412360833975	0.003446331348865085
2259	1.5093122566617977e-05	1.91671611730725e-07	5.130442722616993e-06	0.07510050002019852	0.0032178009018498997	0.003197385664948934
2260	3.1670245369721e-05	2.325416761091538e-07	1.3586178202686241e-05	0.07430560002103448	0.0038596926447242138	0.0038142036794756974
2261	3.462503856937126e-05	2.439194449206985e-07	1.567284342997e-05	0.07379190000938252	0.0028342820363291745	0.0027837402348849126
2262	3.0359951286330543e-05	2.498596974801536e-07	1.2511813015613773e-05	0.07418349996441975	0.002169606281707309	0.0021264846577078848
2263	1.2568867112895777e-05	2.163896087533761e-07	4.985446639253454e-06	0.07357459998456761	0.0026752702271380345	0.002657499523777132
2264	2.0796517220295934e-06	1.9981441594975032e-07	1.045238521639407e-06	0.07365959999151528	0.003945428771016488	0.003942104066356869
2265	4.48870462968488e-06	1.8954767189160072e-07	5.462565479798729e-06	0.07323350000660866	0.002712449595482226	0.002702308777700851
2266	1.5200846116157102e-05	2.074308643517702e-07	1.0385414763774796e-05	0.07074450002983212	0.0025562570006346756	0.0025304633088903917
2267	1.8260711421932122e-05	2.1399846227595472e-07	1.3878426752252026e-05	0.06613789999391884	0.0030414393913863512	0.0030090862547498915
2268	1.8879534916034844e-05	1.9882777272855845e-07	1.3373376108776555e-05	0.07134650001535192	0.0034004738172742415	0.0033680220784767013
2269	1.397349702350328e-05	2.158268892116784e-07	9.042106422699516e-06	0.07479099999181926	0.002901723306829464	0.0028784918764940496
2270	4.22279459017481e-06	2.1663742796702564e-07	2.427528621087324e-06	0.07252750004408881	0.0034208135357996737	0.0034139465751604446
2271	8.313390776028171e-07	1.9430543349846573e-07	9.385125065085356e-07	0.07592790003400296	0.002535644064317822	0.002533679907300212
2272	5.956187939003992e-06	2.256957158751026e-07	6.277111633886402e-06	0.0749476999626495	0.002972126498312795	0.0029596675030240296
2273	1.4661084692996367e-05	2.800633046161465e-07	1.0989798460878239e-05	0.07594099995912984	0.0025435871928099255	0.002517656246351435
2274	1.5366164187793666e-05	3.797878735259168e-07	1.537527793637283e-05	0.08073929999954998	0.0033468472726313867	0.003315726042633694
2275	9.032479754693301e-06	3.3804606659079935e-07	1.21723647713326e-05	0.07510459999321029	0.0028389610362396715	0.0028174181456470547
2276	2.6552900152617634e-06	2.8738934237568535e-07	3.812739748624797e-06	0.07787189999362454	0.003331131135546835	0.0033243757164405727
2277	1.1595391962688044e-06	1.9608563317383574e-07	1.2199917211196727e-06	0.07165689999237657	0.0029202976799513588	0.0029177220634007965
2278	5.364845338083507e-06	2.218736898273263e-07	4.6567482815838665e-06	0.07834020000882447	0.0030848623500312096	0.0030746188827217146
2279	1.0234568490609121e-05	2.360660898803404e-07	1.096618854981977e-05	0.06993789999978617	0.0038160546938614823	0.003794617870731173
2280	1.2246936210827102e-05	2.751124880601155e-07	1.53673695634263e-05	0.07381030003307387	0.0032325852579141645	0.0032046958396518507
2281	8.67804385493973e-06	2.6787688544060644e-07	1.3065220378785466e-05	0.07488610001746565	0.00319461990706822	0.0031726087659490546
2282	4.222521187122582e-06	2.1906258993449574e-07	5.983277508869675e-06	0.07516599999507889	0.0030829025059050303	0.0030724776446191034
2283	1.4295492962201345e-06	2.1452689367123688e-07	2.043270118271254e-06	0.07106639997800812	0.002026251736865321	0.0020225643905571584
2284	2.8602377540651247e-06	2.039703950289508e-07	8.577442280971024e-07	0.07682459999341518	0.0038021879010609124	0.0037982659486837213
2285	5.493574653137383e-06	2.1051693262766912e-07	1.567094995526704e-06	0.07420050003565848	0.0032556872652612463	0.0032484160786799545
2286	8.129690824298607e-06	1.7435171657270492e-07	3.47068258682427e-06	0.07874710002215579	0.002426279370200308	0.002414504645072612
2287	8.293008073854915e-06	2.367589461114906e-07	3.5854211292472255e-06	0.07320059998892248	0.003052848340935208	0.0030407331527859943
2288	6.37654199058782e-06	2.3736147085705476e-07	5.281920885825739e-06	0.06772290001390502	0.002680174639715645	0.0026682788153683744
2289	4.146715615452395e-06	2.9582108967657894e-07	5.0470705967325065e-06	0.07254009996540844	0.0023194316740986665	0.002309942066796805
2290	1.750611407590239e-06	3.0116350402660714e-07	2.9938116879059638e-06	0.07045990001643077	0.0029914315036282104	0.0029863859170286876
2291	2.0509921976943653e-06	2.806149874148032e-07	1.2295382144336777e-06	0.07424280000850558	0.003850121023950222	0.0038465598785506795
2292	5.7017724158808115e-06	2.5812171149681876e-07	1.3372480132891907e-06	0.06584950000979006	0.0025715718232481905	0.0025642746811075237
2293	1.0334401633149562e-05	2.186196670482014e-07	3.4522448744685982e-06	0.07284839998465031	0.0019096691096312259	0.0018956638434565597
2294	1.2526271105465817e-05	2.0574238992404746e-07	7.671276994971104e-06	0.07269440003437921	0.002753755526369222	0.0027333522358788612
2295	1.324747810508582e-05	2.593596423256183e-07	1.2706550561827592e-05	0.07193499995628372	0.0026959317448769166	0.0026697183565676775
2296	1.0047015915811358e-05	3.120060213550396e-07	2.0105817094478363e-05	0.07400680001592264	0.00267810888098422	0.0026476440419525753
2297	6.845807298504516e-06	4.160560013938379e-07	2.144539080541074e-05	0.07343879999825731	0.00294546493780801	0.002916757683702701
2298	3.2954383703898858e-06	4.6627586841610537e-07	1.8800488734637155e-05	0.07865989999845624	0.0028292963584170376	0.0028067341554435946
2299	3.44275572925289e-06	4.190177620619617e-07	7.1016164187991755e-06	0.09142330003669485	0.0030805889669958614	0.0030696255770857475
2300	1.0035772266962935e-05	3.047386490548234e-07	1.4859020066399092e-06	0.08067819999996573	0.0023737663865810357	0.0023619399736583783
2301	1.7865592417037937e-05	2.008222220906493e-07	2.0652472091175374e-06	0.07309059996623546	0.0033723072961559936	0.0033521756343077476
2302	2.236927636828202e-05	1.8101483523493033e-07	8.056687229933212e-06	0.08288059994811192	0.0023116298670581583	0.0022810228886247083
2303	1.6996092790657778e-05	2.044891630387736e-07	9.468057372943671e-06	0.07320489996345714	0.0033706751056961927	0.0033440064663695524
2304	9.282911613188759e-06	2.490814121878829e-07	1.1689932430567686e-05	0.0757308000465855	0.003080503722362334	0.0030592817969063895
2305	4.762342398997653e-06	3.447544849942309e-07	1.1149701909967465e-05	0.07491249998565763	0.0030647803937140735	0.003048523594920114
2306	4.424188367857741e-06	4.989456729377313e-07	1.2262667994068243e-05	0.07410840003285557	0.0031525625942859857	0.003135376792251122
2307	5.366609024748364e-06	7.412333585388954e-07	1.278413476120503e-05	0.0748928000102751	0.002848493955097589	0.0028296019779530963
2308	6.7695294334016305e-06	9.269472923520646e-07	1.3787842042020524e-05	0.07640169997466728	0.003005510569928408	0.002984026251160634
2309	7.263104645827331e-06	1.0482884895759191e-06	1.1397283210158864e-05	0.07079249998787418	0.0026867035484082467	0.0026669948720626844
2310	1.0222212025267675e-05	1.0123665954616904e-06	7.673710511460813e-06	0.07346869999310002	0.0033003530510959814	0.0032814447619637912
2311	9.582412300275451e-06	7.925851856249066e-07	2.734766481897663e-06	0.07378789997892454	0.0038388695136315023	0.003825759749663704
2312	9.303247815590969e-06	6.295738484219112e-07	1.5181273885634198e-06	0.07581650000065565	0.003676958245914598	0.0036655072968620217
2313	9.198190848879417e-06	4.576630277899925e-07	9.415735653741492e-07	0.06951709999702871	0.002731869374890144	0.002721271947448101
2314	9.856860925650704e-06	2.929667212504131e-07	3.732440907415495e-06	0.07325009995838627	0.003087634598313975	0.003073752329759658
2315	9.311672795203756e-06	2.4054974535367246e-07	7.71342925120168e-06	0.07098640000913292	0.0030508864677652354	0.003033620815973476
2316	7.313874541015556e-06	3.321894194256289e-07	1.0763517350961277e-05	0.07523930002935231	0.004032696393106268	0.0040142868117948646
2317	6.541579084533457e-06	4.021322678631021e-07	1.0720783141953644e-05	0.07177979999687523	0.0026419530615848052	0.002624288567090455
2318	6.341574576115128e-06	4.928101216290707e-07	1.4197473401226426e-05	0.0717636999906972	0.003217197610301906	0.0031961657522029353
2319	6.019361027108417e-06	5.878646868931394e-07	1.0028085066792307e-05	0.07903739996254444	0.0026674277672948652	0.0026507924565140712
2320	7.474429586146502e-06	5.29231801490646e-07	6.170554637486739e-06	0.07940089999465272	0.002871924056150091	0.002857749840124967
2321	8.662607395227704e-06	4.980413195464864e-07	2.8258365834423777e-06	0.07694790000095963	0.0029957741360895776	0.002983787650791361
2322	7.32137979245953e-06	3.73485263099833e-07	2.2310679573476852e-06	0.07633949996670708	0.0032613615922826213	0.0032514356592697143
2323	4.118996809824597e-06	3.3236946659510335e-07	2.5348375865470787e-06	0.06879800005117431	0.003036290615674291	0.0030293044118113246
2324	3.3171670418562745e-06	2.9897833684059295e-07	3.396594928625915e-06	0.07460940000601113	0.0030650366722100985	0.003058023931902776
2325	3.981637463221776e-06	2.8692462648840897e-07	4.2023372135386306e-06	0.07080059999134392	0.0034079793724499543	0.0033995084731467053
2326	5.4589808374655e-06	2.688132222283627e-07	3.2172813672430476e-06	0.07745849998900667	0.0036520183762784597	0.003643073300851523
2327	5.153105950593882e-06	2.1221269374042458e-07	1.6891855823073873e-06	0.07641039998270571	0.0024849050099568556	0.002477850505730214
2328	4.270893699941528e-06	1.950460079752954e-07	1.326338372575454e-06	0.07682160002877936	0.002779307378318232	0.00277351510023774
2329	1.2994917997938283e-06	2.6491646738771706e-07	1.2794887968376713e-06	0.07378669996978715	0.004599120670972816	0.004596276773908797
2330	5.831091891069197e-07	3.29987396562965e-07	2.7201057001456337e-06	0.07509529998060316	0.003320419898316057	0.0033167866960302416
2331	1.208799453480466e-06	3.6138013705732655e-07	5.364039448715302e-06	0.08263020002050325	0.0020312601819472073	0.0020243259629079543
2332	2.372086331745739e-06	3.983064755367538e-07	5.237559497956394e-06	0.07790500001283363	0.0019762306270021605	0.0019682226746969215
2333	2.809019671322582e-06	4.102889657723634e-07	4.578598475102047e-06	0.0744381999829784	0.003234171496243834	0.003226373589131637
2334	2.9455357696926583e-06	3.6059548272356943e-07	1.5191500782136975e-06	0.07908820000011474	0.0031190381961897894	0.0031142129148591597
2335	4.585444608863768e-06	2.5586293809655655e-07	9.306931920054307e-07	0.07203310000477359	0.003265155884299478	0.003259383883560512
2336	1.0254073336610365e-05	2.004563700035365e-07	7.919306470577289e-06	0.07475650002015755	0.0031277021526302986	0.0031093283164531074
2337	1.5343030148180934e-05	2.4183497591165344e-07	1.685715553537398e-05	0.07484929997008294	0.0025339159865980596	0.002501473965938593
2338	1.0643842296655901e-05	2.8034327516207483e-07	2.0817648798235982e-05	0.074365200009197	0.0031614296053465623	0.0031296877709765083
2339	5.997377446344835e-06	3.0971734125899005e-07	1.3421508553132969e-05	0.07539720000931993	0.0028458229514401008	0.002826094348099364
2340	1.8649652741064476e-06	3.0638109082655355e-07	7.493897951093739e-06	0.07340079999994487	0.003139249936550506	0.0031295846922344793
2341	2.6001965623429824e-06	2.2493451948927802e-07	9.26599834431102e-07	0.07146939996164292	0.002961525160911485	0.0029577734299952216
2342	1.0070703065575471e-05	1.895919417953934e-07	3.3634348312786333e-06	0.07299650000641122	0.002674890640667525	0.0026612669108288757
2343	1.538900340686062e-05	1.6290173215300098e-07	9.34886420082957e-06	0.07315579999703914	0.002782729472075665	0.0027578287027358217
2344	1.6878424223806132e-05	1.9202515267904466e-07	1.1114824162489244e-05	0.07412220002152026	0.0031426730910750445	0.00311448781753607
2345	9.872791782174779e-06	1.9847223088907436e-07	7.745604520336355e-06	0.0748987999977544	0.0028329391318236	0.0028151222632901993
2346	4.181665919701825e-06	1.8082984412650747e-07	3.2409970384191534e-06	0.075445500027854	0.0030226713186928345	0.003015067825890587
2347	2.8916001935551633e-06	1.9243952334649356e-07	8.135583307682883e-07	0.07113110000500455	0.002861509857055691	0.002857612259008021
2348	4.699364631647319e-06	1.7599372439611592e-07	1.46918650348996e-06	0.07122409995645285	0.0029195512786682073	0.002913206733808674
2349	1.0455459656007705e-05	1.8852333235450305e-07	5.8253862308806716e-06	0.07107360003283247	0.0028615139141598064	0.0028450445449405637
2350	1.4188536425149567e-05	1.6404447171971013e-07	8.933780298182695e-06	0.07188690005568787	0.0036964629672694557	0.0036731766060744036
2351	1.4327910844769888e-05	1.8615912088198195e-07	1.1404695750099151e-05	0.0652301000081934	0.0033357766049441967	0.0033098578392284457
2352	8.356293806325656e-06	1.8743483246799845e-07	8.715184709345231e-06	0.0636000000522472	0.003232565531478977	0.0032153066181308384
2353	3.418472110330402e-06	1.8564355868617814e-07	3.8406107065040115e-06	0.05647459998726845	0.002420213086176758	0.0024127683598012374
2354	2.4204578712373858e-06	1.4578985230979513e-07	8.654404741142647e-07	0.06700969999656081	0.0026087831431602436	0.002605351454962582
2355	5.051951336603671e-06	1.4127453867459492e-07	1.2429230225257212e-06	0.06612289999611676	0.003329224569023106	0.003322788420125302
2356	9.43850011493563e-06	1.7318916832577957e-07	2.902656631717138e-06	0.06877790001453832	0.0028641661682502484	0.0028516518223352695
2357	1.2757593363113892e-05	1.9400801473379083e-07	5.5702306017704425e-06	0.06796810001833364	0.0037085232799133395	0.0036900014479337214
2358	8.805716943814888e-06	2.0976755719414714e-07	7.583409056944424e-06	0.06670870003290474	0.00347685175734479	0.003460252863786837
2359	5.465569140285267e-06	2.480863344435446e-07	8.269884043838962e-06	0.06765919999452308	0.002601228866823882	0.002587245327305314
2360	2.8106330950286e-06	3.226611232868983e-07	6.761850258720705e-06	0.06636120000621304	0.003406485916751028	0.003396590772273992
2361	1.8691351745962643e-06	3.611062531006142e-07	5.0875181098909655e-06	0.06338890001643449	0.0032503123357927256	0.003242994576255138
2362	4.026779060861678e-06	3.350131783533343e-07	1.7945801324059525e-06	0.06258930003968999	0.0028564315884020805	0.00285027521603046
2363	9.154936019245437e-06	2.7954535031037924e-07	7.801359224615268e-07	0.06156120001105592	0.003315361028713395	0.003305146411421378
2364	1.1811675206203326e-05	2.3372741849861578e-07	1.6084806826252784e-06	0.06698159995721653	0.002664373691172358	0.0026507198078650307
2365	9.556612184847342e-06	2.591192271263408e-07	1.2134196539176833e-06	0.0674398000119254	0.0028826486616185987	0.0028716195105527075
2366	3.1459853780865415e-06	2.820198654297219e-07	8.190963338366007e-07	0.06495369999902323	0.002595183456134022	0.002590936354556669
2367	6.350868084149985e-07	3.037448733545288e-07	1.9500882469163953e-06	0.06773660000180826	0.0032443255884172747	0.0032414366684885886
2368	1.5607013792465547e-06	3.353013890745521e-07	4.304271346879603e-06	0.062038299976848066	0.0032761322127393957	0.003269931938624195
2369	3.525778673739581e-06	3.4176204288820416e-07	6.636132657143507e-06	0.06608459999551997	0.0027639207991604583	0.0027534171257866872
2370	5.534029323306793e-06	2.9939215195238633e-07	7.289137515053891e-06	0.06869159999769181	0.0025917874982298297	0.0025786649392395165
2371	5.389686904782873e-06	2.911231043471986e-07	4.255496337197947e-06	0.06716249999590218	0.0021514078192552337	0.0021414715129089053
2372	3.5882850098811067e-06	2.9205972566474176e-07	2.509180025026938e-06	0.06669919996056706	0.002605336762869341	0.002598947238108768
2373	1.5392779697439457e-06	2.6796150823276607e-07	1.4749778868091616e-06	0.06706299999495968	0.003606205061855969	0.0036029228444911833
2374	8.634067743018317e-07	2.744371277144571e-07	8.107068823682907e-07	0.0672033000155352	0.0025591098711611354	0.002557161320376751
2375	2.8828977653231983e-06	2.3006769410953305e-07	3.5848805225631846e-06	0.06529810000211	0.0037995654151475244	0.0037928675691655286
2376	8.170497934209454e-06	2.410238281382374e-07	8.146568958557015e-06	0.06590230000438169	0.00339818997107621	0.0033816318803553055
2377	7.16379430077034e-06	2.571721350339754e-07	8.40508014604041e-06	0.06708579999394715	0.003713579648591435	0.0036977536020095904
2378	4.3766058674103984e-06	2.46771980991034e-07	5.536893720560159e-06	0.06792780000250787	0.003276264706081677	0.0032661044345127154
2379	1.07223822172519e-06	2.5669493936065374e-07	2.1047856695648267e-06	0.06608179997419938	0.003131376080806284	0.0031279423619756334
2380	9.536667217840372e-07	2.390464110998449e-07	1.0285410597907156e-06	0.0663730000378564	0.0031552950255253503	0.003153073771332676
2381	3.4697818598776233e-06	2.5858560559599004e-07	1.9270994679210416e-06	0.06485720002092421	0.0031261809444951987	0.003120525477561804
2382	8.83510173576292e-06	3.268641387027572e-07	7.173621147680051e-06	0.06468220002716407	0.0037798272160219446	0.003763491628999799
2383	1.3519998311856227e-05	5.194148522947013e-07	1.928140353621861e-05	0.06468559999484569	0.0035622844825360387	0.0035289636658356687
2384	1.748653033552771e-05	7.728856323545155e-07	3.579438611494797e-05	0.06528409995371476	0.003956114628224018	0.003902060826141188
2385	1.08376508968388e-05	8.756591032522432e-07	2.6530560670112386e-05	0.06861049996223301	0.0036268777717713904	0.0035886339011011867
2386	3.392542582718536e-06	8.908763185722615e-07	1.9176684444952006e-05	0.06564779998734593	0.0036668415347531364	0.0036433814314068935
2387	2.101202276036654e-06	7.385560210675202e-07	8.095372715845593e-06	0.06530690001090989	0.0028288308441571765	0.0028178957131442268
2388	8.964944412085049e-06	6.257184215181488e-07	1.5912539938226687e-06	0.06703829998150468	0.002914446824800409	0.0029032649079729833
2389	1.824589955089543e-05	4.363703881109719e-07	3.170176342823733e-06	0.06718569999793544	0.003331692850610712	0.0033098404043288817
2390	2.261474909225235e-05	3.712178647095657e-07	6.934703716074952e-06	0.06463169999187812	0.0036470371621270528	0.003617116491454016
2391	1.8715489321781478e-05	3.0913480636839213e-07	1.2661605048821227e-05	0.06654219998745248	0.0035342469125515374	0.003502560683374566
2392	1.7421391119187284e-05	2.9568499781711975e-07	1.4730007473115286e-05	0.06851750001078472	0.002787377249070531	0.002754930165480411
2393	9.589033213793972e-06	3.4036572825953263e-07	1.4810932879229257e-05	0.0672591999755241	0.0026473021932598905	0.0026225618614386078
2394	5.888530054767466e-06	3.8934001564081713e-07	1.3893013837467234e-05	0.06733160000294447	0.0031105238957898334	0.0030903530118819578
2395	6.723901026157585e-06	4.333604980929384e-07	8.932766913983069e-06	0.06657259998610243	0.00362421343089495	0.003608123402456717
2396	8.556472784072165e-06	5.108846847238199e-07	7.724108424412837e-06	0.06787870003608987	0.003610322202987031	0.003593530737093822
2397	1.1920802876173928e-05	5.041619457932363e-07	4.409986379387467e-06	0.06617090001236647	0.0026850921843173175	0.002668257233115963
2398	1.0069197576246868e-05	4.5359288404787267e-07	2.4740915491122567e-06	0.0654799000476487	0.0024080699045741717	0.002395073022564765
2399	1.0505397254292236e-05	3.859405448514465e-07	1.2112189237682045e-06	0.06742389994906262	0.0032258319067979668	0.0032137293500750547
2400	7.894254025029535e-06	2.82788804179096e-07	9.22476542440359e-07	0.06682399997953326	0.002555794920724427	0.002546695401352778
2401	4.295488071058489e-06	2.790262180857239e-07	1.5482060433791117e-06	0.06892619997961447	0.003515164950974458	0.0035090422306419348
2402	3.0329240109870253e-06	2.1661676759364642e-07	2.2325319616918536e-06	0.06648580002365634	0.002124755695068344	0.0021192736223280715
2403	4.253142763227501e-06	1.9967243583658425e-07	1.7749489132552051e-06	0.06676519999746233	0.0028944017826208744	0.0028881740185085552
2404	7.1486360340075535e-06	2.0604262028571299e-07	2.2167343245831295e-06	0.06994810001924634	0.003483799970629192	0.003474228557650316
2405	3.8635045989950125e-06	2.0786884986086685e-07	8.036581778416555e-07	0.06797760003246367	0.003494762307200001	0.0034898872755733034
2406	2.1681655270732364e-06	2.6051840719706767e-07	1.513736514129954e-06	0.06802000000607222	0.003118101538407575	0.0031141591179591746
2407	1.0715172598036372e-06	4.009996027931821e-07	3.6447464082210297e-06	0.06734129996038973	0.0031918330488528088	0.003186715785581991
2408	1.177056366249365e-06	4.684789331621813e-07	5.3563086478401495e-06	0.06748780002817512	0.0021332611923928243	0.0021262593484455724
2409	1.276407575516083e-06	5.488064169740536e-07	7.959102353454196e-06	0.0650189999723807	0.002789579913791105	0.002779795597445161
2410	2.8584920832241516e-06	6.08804466214352e-07	9.514311468009598e-06	0.06769409996923059	0.0035586317164887503	0.0035456501084713023
2411	2.739051777959466e-06	6.28756896965739e-07	9.413519510798692e-06	0.06932370003778487	0.003500992975460035	0.003488211647274311
2412	2.4351394257446482e-06	6.255850645677006e-07	7.682376974767415e-06	0.06839809997472912	0.002536898349044543	0.002526155247579463
2413	3.0637166768080054e-06	4.763083989651828e-07	2.7412466236380483e-06	0.06838429998606443	0.004113400263319638	0.004107118991620227
2414	5.2658902462954835e-06	2.91610978315603e-07	7.706819035433742e-07	0.06544139998732135	0.0025441330808945537	0.0025378048977663993
2415	9.40465808026124e-06	1.958541417561583e-07	5.255201483041988e-06	0.06799720000708476	0.0034405442814442514	0.003425688567739192
2416	9.771903012412987e-06	2.0110692556122658e-07	1.0537269234839995e-05	0.06059019995154813	0.002945042345740075	0.002924532066567261
2417	6.011123247576317e-06	1.942409463661477e-07	7.875007921002709e-06	0.06675519997952506	0.003230324735542286	0.0032162443634273412
2418	2.168000670367718e-06	1.9778558281153177e-07	5.919872602493845e-06	0.06706610001856461	0.0034529094553521025	0.0034446237964964295
2419	1.1273531089877926e-06	2.1899011122736803e-07	4.173824117351915e-06	0.06777139997575432	0.0028303831492102077	0.0028248629818726405
2420	1.4582181501058826e-06	2.5738561688761756e-07	3.0182751570661003e-06	0.06527769996318966	0.0026045216019520067	0.0025997877230279475
2421	3.1310210088145333e-06	2.541730972417308e-07	1.8378727293345398e-06	0.06946569995488971	0.0026750103124020138	0.002669787245566623
2422	4.601733924215747e-06	2.604614284705675e-07	1.6324157644779147e-06	0.060059100040234625	0.0028549353706696715	0.002848440759552507
2423	5.951669670993526e-06	2.3087244699374226e-07	9.104264701264485e-07	0.0702243999694474	0.0031563377019108475	0.0031492447333227335
2424	4.741383249780235e-06	2.100165625594968e-07	8.475380204794886e-07	0.06767190003301948	0.0021012474187981625	0.0020954484809653433
2425	3.292738283432992e-06	1.6276547789740406e-07	7.959917293793734e-07	0.06689359998563305	0.0034982469927626243	0.0034939954972719144
2426	2.239392085406979e-06	1.5217571348910657e-07	5.406432900204799e-07	0.0656594000174664	0.002987222566406427	0.0029842903553175103
2427	1.234928617864819e-06	1.3847629898300916e-07	6.330118749138515e-07	0.06754359998740256	0.00201354993785766	0.002011543521065898
2428	1.3872609090361812e-06	1.4740006445843051e-07	6.261240215579021e-07	0.07091169996419922	0.0030138747877426074	0.0030117140027475548
2429	9.454424571838105e-07	1.6763467372166803e-07	6.112260249960776e-07	0.06663570000091568	0.003062625641599851	0.0030609013384439495
2430	2.564597331048274e-06	1.7490706555304329e-07	1.0136035054988472e-06	0.06793449999531731	0.003693767169819884	0.0036900140619177835
2431	3.129661906501809e-06	1.7515060348701302e-07	1.0719509521332874e-06	0.0653724999865517	0.003896769903992357	0.003892393140530235
2432	2.4428012380312197e-06	2.2526135559781837e-07	6.541517234643999e-07	0.0670974999666214	0.0037735487886260168	0.0037702265743089236
2433	2.1596312627526393e-06	2.0352651154870225e-07	6.001344827945114e-07	0.06612620002124459	0.0040169661062859656	0.0040140028140288695
2434	1.2338751598362641e-06	2.584861302631601e-07	1.1479945065537504e-06	0.06612510001286864	0.003480528657451481	0.0034778883016548276
2435	1.3285272749939353e-06	2.9505066282251246e-07	2.8939252462675276e-06	0.06672030000481755	0.002524299393065082	0.0025197818898809983
2436	1.8449523994006143e-06	3.50655918391225e-07	4.978213627348032e-06	0.06543820002116263	0.0036823546231719083	0.003675180801226768
2437	1.708594541807322e-06	2.9588805006982755e-07	3.3416185858225913e-06	0.06751070002792403	0.0030235128291255546	0.003018166727947855
2438	1.0978357554317942e-06	2.1055562583370434e-07	1.3503502240249473e-06	0.06647389999125153	0.0037931132826728876	0.0037904545410675974
2439	7.194608255503688e-07	2.0120616521956843e-07	8.109530079229604e-07	0.06528199999593198	0.0036703888577691722	0.0036686572377704796
2440	9.892305280835062e-07	2.0102364639962477e-07	7.959443062036428e-07	0.06636249995790422	0.003059517684773577	0.0030575314862928906
2441	7.617411007461902e-07	1.6763586785911908e-07	7.820889459899106e-07	0.06723169999895617	0.0014769459451802042	0.001475234479265609
2442	8.349070285500284e-07	1.5201811321107078e-07	6.445927052948729e-07	0.06849309999961406	0.003158306093440131	0.003156674575593075
2443	2.2086002857806624e-06	1.543398415857436e-07	2.8000586088039104e-06	0.06965859996853396	0.0024965969445411096	0.002491433945804939
2444	2.952731938787619e-06	1.6860035729023572e-07	5.3781873307360395e-06	0.0672789000091143	0.003173021399364507	0.003164521879737693
2445	1.5986459652679083e-06	1.8401181500456462e-07	4.657254736909431e-06	0.06651709997095168	0.001977640259501733	0.001971200346984551
2446	7.703682850078316e-07	1.802415935464516e-07	2.5643312654987952e-06	0.06670040002791211	0.0037237332556514595	0.003720218314507406
2447	8.900431969606243e-07	1.8015003560655071e-07	8.487312553643034e-07	0.06651380000403151	0.003169609509358194	0.0031676905848702624
2448	2.746439434070155e-06	1.506620829911614e-07	7.830471581884999e-07	0.06751120003173128	0.003755664349716916	0.0037519842010416663
2449	3.5539797040777037e-06	1.633130304596385e-07	9.039611488884312e-07	0.06540189997758716	0.0029307445271054065	0.0029261232732219807
2450	2.3387839643927957e-06	1.4267586164050937e-07	6.403362801030309e-07	0.06734890001825988	0.0032019991159732094	0.003198877319867073
2451	1.418897017190132e-06	1.4758602355308942e-07	5.871160628163694e-07	0.06579009996494278	0.0028549393498526385	0.002852785750749079
2452	6.88833422408694e-07	1.5559391182729822e-07	7.539563073544955e-07	0.06525179999880493	0.002549920414308444	0.0025483220306668536
2453	1.1119026887134774e-06	1.529816225680857e-07	1.93781292314126e-06	0.06662979995599017	0.002163520545347416	0.002160317848112993
2454	2.8668113057215277e-06	1.544199748640025e-07	5.211222526892361e-06	0.06659170001512393	0.00255042979861659	0.002542197344809112
2455	5.879544564342061e-06	2.0704953054107078e-07	9.869935467522596e-06	0.0671361000277102	0.0027031593937934997	0.002687202864231094
2456	6.117853436433523e-06	2.2809225545455314e-07	1.1763540248312824e-05	0.06710619997465983	0.003000119474771227	0.002982009988831026
2457	2.003089273541866e-06	1.6987655544776923e-07	4.460387019699638e-06	0.06673899997258559	0.003063455210212329	0.0030568218573636396
2458	5.017785165585071e-07	1.6117849411554494e-07	8.962500824263659e-07	0.06132340000476688	0.0034170225024918767	0.0034154632953987763
2459	1.7893077650521328e-06	1.4755583388642427e-07	1.0530777855070963e-06	0.06542279996210709	0.003046735576682984	0.003043745635298538
2460	4.592271188495949e-06	2.1058308394454564e-07	4.680642612300913e-06	0.06677259999560192	0.002303779881850802	0.0022942963849660607
2461	5.42878269058284e-06	2.228331832323578e-07	7.598567818826698e-06	0.061767400009557605	0.0024420461045880433	0.0024287959208954017
2462	2.9800543576859976e-06	1.8315008310667144e-07	3.875379045945755e-06	0.0684136999770999	0.0022114918699884427	0.0022044532865017046
2463	1.0592793300087697e-06	1.797382633170037e-07	1.5638913756282682e-06	0.0661602999898605	0.0025322153938348397	0.0025294124848658857
2464	1.413753456165831e-06	1.4801185930768292e-07	1.185067082357974e-06	0.06500870001036674	0.003530461483781223	0.0035277146513833916
2465	3.9277193084697465e-06	1.8746999993624433e-07	5.6354015168434215e-06	0.06758790003368631	0.0035259543144064457	0.0035162037235811966
2466	6.629102869716616e-06	1.9518255650566108e-07	1.1261267638504593e-05	0.06608850002521649	0.0031883323415863186	0.0031702467885215916
2467	6.246522673121955e-06	1.618944655756675e-07	7.869985154780756e-06	0.06307540001580492	0.0029814451128229117	0.0029671667105294333
2468	3.0263433489680653e-06	1.6291154459300645e-07	3.606551975500777e-06	0.06485680001787841	0.003289710302838533	0.003282914495969471
2469	1.0899195611329876e-06	1.7360425653991248e-07	8.689756501634154e-07	0.06797409994760528	0.0032268079326153607	0.0032246754331475246
2470	1.4475798878317712e-06	1.5813586623750888e-07	9.306621049646584e-07	0.06665540003450587	0.003111113027224605	0.003108576649365571
2471	3.6780787740729442e-06	1.9226320583766138e-07	3.1245475174732735e-06	0.06650010001612827	0.002700011635530464	0.0026930167460330803
2472	7.477510266498686e-06	2.7101148987857983e-07	8.34433774909015e-06	0.0658378999796696	0.0024808985975062203	0.002464805738000753
2473	7.345132251482561e-06	2.883210282220678e-07	9.250175394873612e-06	0.06554470001719892	0.0034858466977791907	0.0034689630691046125
2474	6.598603392877528e-06	3.8036057450535946e-07	1.3593934075014026e-05	0.06740649999119341	0.002743298966560629	0.0027227260685182323
2475	3.952196623529006e-06	4.893181203389319e-07	1.2089569262558993e-05	0.06544490001397207	0.00389165408883764	0.003875123004831213
2476	1.4801236600488212e-06	4.3904403587408164e-07	6.858500686614791e-06	0.0655970000079833	0.0028349635170413037	0.0028261858486587662
2477	3.0272924416161167e-06	3.8586283254131127e-07	1.4793127976413032e-06	0.06667319999542087	0.003625327578699962	0.003620435110628163
2478	1.1331236314104148e-05	2.3037321461330826e-07	2.1383700950365276e-06	0.06264690001262352	0.002833785265694123	0.002820085286070369
2479	1.644562290301035e-05	1.8985662828201854e-07	7.214124027268182e-06	0.06646860000910237	0.003057916786168555	0.0030340671826099945
2480	1.7323830976845544e-05	2.2049315707815136e-07	1.4233523901324664e-05	0.06597110000438988	0.0030054174273711123	0.002973639579335864
2481	1.6690440961172397e-05	3.0420702086481454e-07	2.2080078858424272e-05	0.0686668999842368	0.003697619192357345	0.0036585444655168834
2482	1.215570656048078e-05	4.3582426048860994e-07	2.2475039599624216e-05	0.06114830001024529	0.0031065903384951054	0.003071523768074512
2483	3.2385122535388483e-06	4.781368841490516e-07	1.877965466195775e-05	0.06646990001900122	0.0038036141366811224	0.003781117832881477
2484	3.330169958572105e-06	4.856164527136375e-07	1.0339638313093671e-05	0.06605590000981465	0.003258215511808669	0.0032440600870842894
2485	9.67769356801689e-06	3.5836223395078e-07	2.84320577233607e-06	0.06669040000997484	0.0036981449511471125	0.0036852656895728086
2486	1.675907573858075e-05	3.413348110637949e-07	7.984815663639379e-07	0.06839879998005927	0.003165083629618887	0.003147184737502878
2487	1.6858674515291057e-05	2.8937412126266923e-07	8.389085526520718e-07	0.06660120002925396	0.0028473562974988373	0.0028293693403096316
2488	1.549797156283873e-05	1.9692193835324658e-07	2.2774404214717215e-06	0.06600390002131462	0.0030698577838727844	0.0030518854499501204
2489	1.116067798158479e-05	1.678239607326784e-07	4.493655970616265e-06	0.06453400000464171	0.002588094907374302	0.0025722727494613684
2490	9.221325693721735e-06	2.634172303449303e-07	1.1054180336655703e-05	0.06619079998927191	0.002789976147767256	0.0027694372245065336
2491	4.992252054830379e-06	3.712689154973239e-07	1.0930669343670017e-05	0.06441360001917928	0.00274441664774557	0.002728122457431572
2492	5.809480506785174e-06	4.0125429807594974e-07	6.2525158008965916e-06	0.06434789998456836	0.003121301666889868	0.0031088384162841105
2493	1.0357762444728771e-05	4.7563107487276434e-07	3.1044817626448727e-06	0.06510380003601313	0.0029395916412174893	0.002925653765935243
2494	1.4454918521717965e-05	4.4748412925485303e-07	1.279359479124265e-06	0.06352159997913986	0.0035362702375573403	0.0035200884754272434
2495	1.7951726696599527e-05	4.31976113076995e-07	1.2568797990592805e-06	0.06727539998246357	0.0031621241719502835	0.0031424835893415475
2496	1.550703761859586e-05	3.039282127810921e-07	1.9505111245058255e-06	0.06458619999466464	0.0029529485612713505	0.002935187084315468
2497	9.97407661443206e-06	3.125109394449763e-07	1.5897757508564777e-06	0.06544370000483468	0.0032187166626686447	0.003206840299363911
2498	3.903284113392129e-06	2.772865182523793e-07	6.555693819078537e-07	0.06533340003807098	0.00291818206222459	0.002913345922211038
2499	4.150964498718641e-06	3.052419427609967e-07	1.3067740717551415e-06	0.06615549995331094	0.0030340994505964323	0.0030283364700831976
2500	9.207575606581437e-06	2.74138274998181e-07	3.281448044265315e-06	0.06487850000848994	0.0028081889565782776	0.002795425794652433
2501	1.3467795057737167e-05	2.506407290049885e-07	3.980921536391336e-06	0.06557099998462945	0.0031692740934422857	0.0031515747361191525
2502	1.2702716722368339e-05	2.035225581512349e-07	3.52472773246757e-06	0.06442120001884177	0.0026299344236980523	0.0026135034566850653
2503	6.701894641114291e-06	2.0412352148777905e-07	1.0621524871260625e-06	0.06427509995410219	0.003676633741825525	0.0036686655711757965
2504	1.6761668253466524e-06	2.0961250626643974e-07	1.6037966247374873e-06	0.06633579998742789	0.00305856843522912	0.0030550788592727694
2505	1.7591958218050023e-06	2.5809461364231234e-07	7.487884227057459e-06	0.06516370002645999	0.0033136285050595713	0.0033041233303970664
2506	7.037168926825658e-06	3.716797051765269e-07	1.7523372537844006e-05	0.06641580001451075	0.0032979884568437486	0.003273056235673902
2507	7.17403555441293e-06	3.467142987022831e-07	1.6164565285034832e-05	0.06387460004771128	0.002762826575837509	0.0027391412606993593
2508	4.05704835153391e-06	2.7444561913605733e-07	8.415756101292203e-06	0.0645416000043042	0.002362158115405246	0.002349410865333284
2509	2.1455371580944327e-06	2.1088214465384394e-07	2.0048472005776146e-06	0.06413289997726679	0.003510836295032074	0.003506475028528748
2510	3.58553630567444e-06	1.6840896850549314e-07	1.2697294183630062e-06	0.06284630001755431	0.0034861450491402704	0.0034811213744477274
2511	6.458384192987089e-06	1.795371463461215e-07	4.072361106545664e-06	0.06547039997531101	0.0032411681302766454	0.0032304578478307665
2512	6.996798196687432e-06	1.979258437687936e-07	5.395442152190758e-06	0.06486470001982525	0.0037144475842180655	0.0037018574180254183
2513	6.045167620336643e-06	1.9502022880593773e-07	5.446612889885177e-06	0.06519120000302792	0.0023062222685642656	0.002294535467825238
2514	4.274607974710172e-06	2.5585047593636266e-07	6.64639283369274e-06	0.06475009996211156	0.003027366920396299	0.00301619006911196
2515	3.718408063400977e-06	3.1025659978917374e-07	6.384997349429751e-06	0.06670640001539141	0.0031164828949542802	0.0031060692329416602
2516	2.617146757982292e-06	4.5416841801303634e-07	9.19412645051402e-06	0.06435210001654923	0.002780914603723203	0.002768649162096694
2517	7.720167301796222e-07	5.095674949706752e-07	8.064037210553885e-06	0.06424789997981861	0.0037660028231786187	0.0037566572017429145
2518	1.112788411609603e-06	6.82450764908368e-07	8.151843137736884e-06	0.06500549998600036	0.003532803731270419	0.0035228566489561644
2519	1.8832253903119936e-06	7.90071658283108e-07	8.503590311236683e-06	0.06665340001927689	0.0028366661449001182	0.0028254892575402864
2520	4.377033255051418e-06	6.322428505697057e-07	2.8727163054915406e-06	0.06463650002842769	0.0023024188842660927	0.0022945368918549803
2521	8.669341945425457e-06	4.736853257482272e-07	8.848540456204278e-07	0.05909809999866411	0.002127106341971429	0.0021170784606546348
2522	1.0299547387264118e-05	3.115569182773098e-07	1.4456899332948704e-06	0.06454359996132553	0.003441397118242484	0.0034293403240036476
2523	1.052378482015084e-05	2.1544725132024756e-07	4.593216263977508e-06	0.06396709999535233	0.0033876076716185255	0.003372275223283077
2524	6.30387160617116e-06	1.9944933343797826e-07	3.933950118233573e-06	0.06421209999825805	0.0033050176453386405	0.003294580374280798
2525	2.8912851622281804e-06	1.7520762236819654e-07	3.589209197402512e-06	0.06348549999529496	0.0029404026984614284	0.0029337469964794295
2526	2.9463960800034996e-06	2.0163045697381745e-07	2.7704406140602816e-06	0.0652416999801062	0.0030037693892419636	0.002997850922090926
2527	3.388659383302619e-06	2.1281209424417118e-07	2.5928282921821948e-06	0.06372929998906329	0.003425629665650233	0.003419435365880504
2528	4.112146647576208e-06	2.8136704642332993e-07	2.4804273117236402e-06	0.06429030001163483	0.0039814227803067126	0.0039745488393009894
2529	4.541757203249193e-06	2.985101088039554e-07	3.055576657499493e-06	0.06565050000790507	0.003096487034496436	0.0030885911905268832
2530	6.12260521340354e-06	2.476557030541704e-07	1.2764511707725674e-06	0.06387219997122884	0.0027173643771434526	0.0027097176650562227
2531	6.776666809385966e-06	1.8897890078327346e-07	7.660643261524165e-07	0.0608178999973461	0.003539050465809986	0.003531318755773664
2532	7.364963496967644e-06	1.6115872167610264e-07	1.1889412699052502e-06	0.06612450000829995	0.003666524240505542	0.003657809177016993
2533	8.645548132133098e-06	1.8755286841129787e-07	4.672156108796459e-06	0.06501170003321022	0.002961886536314321	0.0029483812792049802
2534	6.052526361337018e-06	3.131381195693825e-07	1.0726106768302702e-05	0.06408650003140792	0.0031102051853711832	0.0030931134141219743
2535	6.012820153216364e-06	4.0568239626049966e-07	8.852548239903012e-06	0.06503990001510829	0.0021485247540561376	0.0021332537032667576
2536	3.5645289061147064e-06	4.2889811579900573e-07	4.516154362250348e-06	0.06419360003201291	0.002771114081878996	0.002762604500494832
2537	6.5790035266260475e-06	4.5890197317958604e-07	2.9196586399277134e-06	0.06474230001913384	0.0026890261172832406	0.002679068553143507
2538	8.927719294176333e-06	5.19111160417943e-07	2.2841377749791878e-06	0.06463580002309754	0.0029312397350757043	0.0029195087668461308
2539	7.241027293968928e-06	5.264748353171812e-07	1.6763205411715634e-06	0.06362520001130179	0.003599052037634115	0.0035896082149636573
2540	5.134101233857797e-06	5.682954948860993e-07	2.7981955004055026e-06	0.06393280002521351	0.0028119227597548963	0.0028034221675257466
2541	2.8074569129818804e-06	4.744974938899495e-07	2.1084589215647344e-06	0.06597710005007684	0.003358495173418247	0.0033531047600898105
2542	3.174370573865279e-06	4.4225335995132863e-07	1.7480898865934374e-06	0.06530119996750727	0.0027404186993085057	0.0027350539854880955
2543	3.871505957279448e-06	3.7045957308984937e-07	2.0645886545203106e-06	0.06507899996358901	0.0022689849491612977	0.0022626783949764077
2544	4.106843485955024e-06	2.7859251071216953e-07	8.074976782556228e-07	0.0628415999817662	0.0038858596610139387	0.003880666727339016
2545	4.4000901713973555e-06	1.8172520210750684e-07	1.2160157161601847e-06	0.06574940000427887	0.002943373912361657	0.002937576081271992
2546	4.828429344487953e-06	1.967071426244125e-07	5.6131946129551154e-06	0.05688280001049861	0.0027326731116193988	0.0027220347805193314
2547	3.527157982882678e-06	2.811593043662773e-07	9.236756740804974e-06	0.0666203000000678	0.003348548797446868	0.003335503723418814
2548	2.2557972375071806e-06	3.043190802479758e-07	1.0154837686053581e-05	0.06514620000962168	0.0032080243659066564	0.0031953094119028477
2549	1.6301863760864958e-06	3.560826918820608e-07	9.87430772183207e-06	0.06520179996732622	0.0035565193446635748	0.003544658767873774
2550	1.3117989165382295e-06	2.670006233650322e-07	4.215604177599787e-06	0.06244860001606867	0.0030644661119478083	0.0030586717082303054
2551	3.1125285691507126e-06	2.0363371365794793e-07	1.486388948923284e-06	0.06707859999733046	0.00369983294100338	0.0036950303897716483
2552	6.48597403800262e-06	1.8155789986204125e-07	1.8264325053423619e-06	0.06494170002406463	0.00341439070860337	0.0034058967441601634
2553	8.464470148918571e-06	1.9729341248983108e-07	6.0492747400123185e-06	0.06385410000802949	0.0030379328791415635	0.0030232218408401427
2554	6.839928973736383e-06	2.3276191452381098e-07	6.038778304895195e-06	0.06479739997303113	0.0039035280241724282	0.003890416554979273
2555	4.80221766779789e-06	2.525085983732331e-07	4.81457045725823e-06	0.06604820000939071	0.003218280761523688	0.0032084114648002586
2556	2.206538742711756e-06	2.810467044436073e-07	1.799321495748235e-06	0.06453109998255968	0.003303202043518769	0.0032989151365758656
2557	5.002114354444757e-06	1.6598074378761327e-07	2.8200934546392063e-06	0.06477249995805323	0.003306983475437569	0.0032989952868846973
2558	6.955409767987883e-06	1.830976670283543e-07	4.884646193765646e-06	0.06449929997324944	0.0027935571669064625	0.0027815340132776806
2559	9.753330158154427e-06	1.8507111732345221e-07	9.24387634841371e-06	0.06322630000067875	0.0032574937193463596	0.003238311441722468
2560	1.1278729613973956e-05	1.944337994017765e-07	1.76567604710304e-05	0.06476229999680072	0.002133843943946617	0.002104714020062211
2561	1.0380920681779644e-05	2.6053121932418444e-07	1.7319674021683385e-05	0.06425150000723079	0.003364869944404284	0.0033369088184814965
2562	1.2690274310529405e-05	3.9155992859914086e-07	2.3827852336452957e-05	0.06449989997781813	0.0031229382515662873	0.0030860285649907055
2563	1.0764476780916792e-05	4.743817539492649e-07	2.8045148395048867e-05	0.06303169997408986	0.0029785983366949435	0.002939314329765029
2564	8.025605373847804e-06	7.283857079562328e-07	3.2792557363718154e-05	0.06490579998353496	0.0028296206837847494	0.0027880741353392274
2565	5.944013461832987e-06	6.896654513246263e-07	1.8639741516255674e-05	0.061910999997053295	0.0036584332322385474	0.003633159811809134
2566	4.800165752616177e-06	5.61596384551694e-07	9.718457929112748e-06	0.06421169999521226	0.0041503590095491065	0.0041352787894828255
2567	8.04382816614042e-06	3.648570171415587e-07	2.9430009811516503e-06	0.06404809997184202	0.00346919269851387	0.0034578410123494363
2568	1.0904141175732899e-05	2.334866651922415e-07	6.62050292097451e-07	0.06520840001758188	0.0030574921604648135	0.003045692482331791
2569	1.4634755307068964e-05	8.891307083314518e-08	3.899245266104361e-06	0.06799789995420724	0.0033466792590744893	0.003328056345430483
2570	1.1096858086043711e-05	1.0076033140593586e-07	6.365524327729551e-06	0.06447049998678267	0.0029735986420315916	0.0029560354992864126
2571	9.52921096829412e-06	1.1904817649644739e-07	7.77014930517756e-06	0.06437209999421611	0.0025369480236103856	0.0025195296151604173
2572	8.698415364180605e-06	2.586491703053612e-07	1.0706551081089437e-05	0.06409130000974983	0.0035142011292917724	0.003494537513676197
2573	8.288920927047697e-06	3.386691558649944e-07	9.849154296351839e-06	0.06433399999514222	0.002434019884591002	0.002415543140211737
2574	7.9919530497406e-06	3.6979809177124986e-07	4.647090164412083e-06	0.0654666000045836	0.003519727664760148	0.003506718823454224
2575	1.2834712945649927e-05	2.616118758075531e-07	9.646665321069515e-07	0.06456529995193705	0.002775846023147577	0.0027617850317940124
2576	1.7822320200099393e-05	1.6282832217631137e-07	2.671276922237449e-06	0.06503370002610609	0.0025971073132149123	0.0025764508877703994
2577	1.8721775998779726e-05	1.136414282073761e-07	6.592376448834294e-06	0.06616410001879558	0.003016988098365698	0.0029915603044898763
2578	1.2757460209057706e-05	1.1462380578331144e-07	7.713497108956828e-06	0.06327059998875484	0.0035570143034836764	0.0035364287223598784
2579	1.0700309295411086e-05	8.66043845614103e-08	8.302570851429674e-06	0.06417960004182532	0.002539387051185049	0.002520297566653647
2580	9.64752088578074e-06	1.2554079652188646e-07	5.601563368787267e-06	0.0644482999923639	0.0031456876981970096	0.00313031307314592
2581	1.0104046168991261e-05	1.2161720964754678e-07	1.4401070535450812e-06	0.06614820001414046	0.003092997470881932	0.003081331700449748
2582	1.3027739250106528e-05	1.099566505295707e-07	8.43479561558979e-07	0.06278589996509254	0.0028399845425941973	0.0028260033671320024
2583	1.4673741109839435e-05	1.1270578516949952e-07	1.0857814830668103e-06	0.06496019999030977	0.0023886163633559496	0.002372744134977874
2584	1.2677622170753201e-05	1.0146942217035846e-07	2.2140482687820004e-06	0.06356360000791028	0.0033572303177160966	0.0033422371778543914
2585	6.934612823901588e-06	8.29031684038651e-08	1.5377541839474475e-06	0.06283760000951588	0.0033493000797895343	0.0033407448096132815
2586	2.6746873411754245e-06	1.0189264982406559e-07	5.430690735387064e-07	0.06614509999053553	0.0021270589597315176	0.0021237393106669795
2587	4.086585056281327e-06	1.4288014228372947e-07	2.350665816791023e-06	0.06550170003902167	0.003609024725963994	0.003602444594948638
2588	1.1234238907636705e-05	1.884448762938349e-07	6.749569924437575e-06	0.06442270003026351	0.003034774306525968	0.0030166020528176
2589	1.2972817222616913e-05	1.8249049686200975e-07	8.12590864371688e-06	0.0648957000230439	0.0031155337548053716	0.003094252538442176
2590	1.1714363076238438e-05	1.316239874982058e-07	3.442261055674684e-06	0.06369490001816303	0.003451396287317747	0.0034361080391983358
2591	6.456732927497363e-06	9.785159310286331e-08	1.3064770816687864e-06	0.0660416999598965	0.002739263344280161	0.0027314022826778915
2592	2.246424069298088e-06	1.0558644260951161e-07	6.979681954172301e-07	0.06765689997700974	0.002629021644599246	0.002625971665891921
2593	1.008433221503999e-06	1.1160379697627032e-07	9.772664507756168e-07	0.06452409998746589	0.003122350272017447	0.0031202529685481913
2594	3.0877249053760845e-06	1.157649308743931e-07	2.5423320752638844e-06	0.06319610000355169	0.0039293242137023775	0.003923578391790863
2595	3.79753671484436e-06	9.00148366832446e-08	1.5673160709002381e-06	0.06467989995144308	0.0021411870651352975	0.0021357321975128693
2596	4.158368408578136e-06	1.201914228624301e-07	4.16518423675192e-07	0.06400970002869144	0.0035701501976174313	0.0035654551193623155
2597	4.230360187902286e-06	1.4919459822642065e-07	3.639258839618615e-06	0.06506769999396056	0.0029451740914914868	0.0029371552778657394
2598	5.609863698094839e-06	2.0897716208606862e-07	9.211266084592062e-06	0.06514000002061948	0.003054279726935313	0.0030392496199905406
2599	5.045059657257638e-06	1.9984799021468878e-07	1.0199915478631923e-05	0.06282679998548701	0.0030104056385917496	0.002994960815465645
2600	3.9239546293349334e-06	1.541803319701483e-07	4.628445693387352e-06	0.06498660001670942	0.002530717602683112	0.0025220110220284192
2601	1.6289771906345243e-06	1.16935203709572e-07	1.627043874697654e-06	0.06442559999413788	0.0027198867302015385	0.0027165137739324965
2602	7.268912566124722e-07	1.0809993873817429e-07	1.0252619109090506e-06	0.06417959998361766	0.0031952558671948217	0.003193395614088562
2603	1.5524868539695186e-06	1.434755092637476e-07	3.39745517607383e-06	0.06417169998167083	0.0028719236502969567	0.00286683023275765
2604	3.1864360684350404e-06	2.218647276624482e-07	7.978107313806794e-06	0.06189999997150153	0.003054392419614658	0.0030430060115047538
2605	5.233391048605152e-06	3.4416724889281086e-07	1.689624603198209e-05	0.06447149999439716	0.002763591182666572	0.002741117378337092
2606	7.798828771272922e-06	5.095571486256439e-07	2.110442722997885e-05	0.06447969999862835	0.0025014940653886797	0.0024720812522388024
2607	5.828576762256382e-06	5.446430513698307e-07	1.849703512574398e-05	0.06540929997572675	0.0033547612713154575	0.0033298910163760873
2608	4.178041886041134e-06	5.53149856105821e-07	1.4575622217381902e-05	0.06560109998099506	0.0027628304834044896	0.0027435236694449607
2609	3.051075352017685e-06	5.396921602589125e-07	9.369796017889985e-06	0.06369630002882332	0.0027797807249487563	0.00276682016141859
2610	3.8335666410353836e-06	4.604961019442864e-07	3.887488191663859e-06	0.0649202999775298	0.0035141601783450663	0.003505978627410423
2611	4.318543265026123e-06	4.240336868926178e-07	2.6433215396935087e-06	0.06662739999592304	0.00260221277534701	0.002594826876855398
2612	4.56010313788487e-06	3.144266581456377e-07	7.772987962562729e-07	0.06468660000246018	0.0032666608164378854	0.0032610089878455984
2613	5.157528418955924e-06	2.51198206455124e-07	7.898005881641467e-07	0.06510100001469254	0.003782311031199312	0.0037761125039857363
2614	3.5974701243095036e-06	1.9394065830370068e-07	8.848572314628051e-07	0.06628880003700033	0.0031334646128789233	0.003128788344864847
2615	3.4750736912487324e-06	1.8086940185577242e-07	8.042934432387639e-07	0.0655228000250645	0.002910640754086197	0.0029061805175498536
2616	3.2749074182089022e-06	1.9502532118481307e-07	8.859185997212471e-07	0.061949499999172986	0.003814440575943576	0.0038100847246044607
2617	3.5203698072872514e-06	1.6298097874017958e-07	9.205094780823319e-07	0.06436169997323304	0.0025025241626329114	0.0024979203023688017
2618	4.92070274676452e-06	1.7147935801275507e-07	1.5844536622224402e-06	0.06460869999136776	0.003074749856552608	0.0030680732207856083
2619	9.012207241260168e-06	2.625170333499258e-07	7.775010034020763e-06	0.06546610000077635	0.003591947987815488	0.0035748982535068574
2620	1.1633428628218885e-05	3.722553245273004e-07	1.5764915094394676e-05	0.06415210000704974	0.003248751321868253	0.0032209807228211124
2621	8.466998871167825e-06	4.3728391674090986e-07	1.57637411794665e-05	0.06393279996700585	0.0027759096319416934	0.002751241607974318
2622	3.7585277826003747e-06	3.9349517844558306e-07	7.15232999259052e-06	0.06428170000435784	0.0038260625025426675	0.003814758149589031
2623	5.758470161677028e-06	3.3523908038402015e-07	2.3253040843027393e-06	0.06310030003078282	0.0035184108653454576	0.003509991852019094
2624	8.133967145353471e-06	3.4058543408001535e-07	1.2965266900500423e-06	0.06467640004120767	0.002711309097512771	0.002701538018243288
2625	8.265600596253352e-06	3.1973274493382134e-07	1.18519132889584e-06	0.06357719999505207	0.0032476793577162965	0.003237908833046214
2626	1.0852437232543869e-05	2.4151501360625893e-07	4.069902950587986e-06	0.0643374000210315	0.003408450179791561	0.003393286324594823
2627	8.02959780485504e-06	2.5011424547814613e-07	3.0048054805439146e-06	0.06620569998631254	0.0038695523150303985	0.003858267797499521
2628	4.067629495861683e-06	2.5394190224879033e-07	1.6549638530072105e-06	0.06350910000037402	0.002668437287976545	0.0026624607527254273
2629	2.7468533599244003e-06	2.6029949234095403e-07	1.2021299774337369e-06	0.0646526999771595	0.0036683724569696163	0.003664163174139917
2630	2.8727678333032703e-06	2.468673586702036e-07	1.3287308572086061e-06	0.06529280001996085	0.0032312539110078025	0.0032268055449586205
2631	4.571098478899779e-06	2.0642646239646969e-07	1.1964011481106755e-06	0.06447769998339936	0.0025771463396564507	0.0025711724135670435
2632	3.650503357038582e-06	2.1221532946290951e-07	1.3065340887560706e-06	0.0640704000252299	0.0034427375199633636	0.003437568267188106
2633	2.433164029533003e-06	2.4774164342467685e-07	3.6224268964845964e-06	0.06387199996970594	0.003177972157644719	0.0031716688250752766
2634	1.97452449494352e-06	2.933536440495836e-07	9.31661817953375e-06	0.06281380000291392	0.0030254441730682585	0.0030138596767497316
2635	2.4285820689026645e-06	3.1885093931390696e-07	9.941884980532289e-06	0.06368539994582534	0.002620211548141931	0.0026075222301531822
2636	1.3751589834824346e-06	2.6636528292717667e-07	6.114111365767768e-06	0.06344580004224554	0.003099473904672925	0.0030917182690407474
2637	2.3985729505735448e-06	2.1201346165041258e-07	1.3977105541442636e-06	0.06479859998216853	0.0033723742896815136	0.0033683659927151452
2638	4.564707191380054e-06	2.564069899608885e-07	4.4297632022489325e-06	0.06442070001503453	0.002382541636112688	0.002373290758729098
2639	7.379052279153611e-06	3.9304913028524757e-07	1.2860048926308357e-05	0.06380219996208325	0.0036826963053134417	0.0036620641549776943
2640	5.8240242193928974e-06	4.361702881044134e-07	1.1979910040410191e-05	0.06484599999384955	0.0031105092627617824	0.003092269158213875
2641	2.6571707042459675e-06	4.632906380729369e-07	7.204497728718044e-06	0.06434350000927225	0.0026874200583767924	0.0026770950993057555
2642	1.9419801991997165e-06	4.601978658809079e-07	3.8110459096147333e-06	0.06498490000376478	0.0029850488969673755	0.00297883567299268
2643	3.822395655701891e-06	3.6470236300019627e-07	2.0704902992849677e-06	0.06561390002025291	0.002728337366226178	0.0027220797779081906
2644	6.243061164161444e-06	2.734876766702711e-07	3.0505372949662548e-06	0.06363529997179285	0.003354512060121589	0.003344944973985791
2645	9.351465335351571e-06	2.3430101913192005e-07	5.820817085605314e-06	0.06391010002698749	0.0027034637186506847	0.002688057135210596
2646	7.965092667945768e-06	2.2612652411650212e-07	7.36496927677798e-06	0.06442229996901006	0.0033200451402131247	0.0033044889517442845
2647	8.063592486586579e-06	2.721956117064824e-07	1.0111391556076044e-05	0.06330470001557842	0.004228659302491197	0.004210212122836828
2648	7.55545146801996e-06	2.625633232143986e-07	1.2203890341626624e-05	0.06471399997826666	0.0025871913935505823	0.0025671694884177214
2649	5.4190879584504674e-06	2.674617267344985e-07	6.9255436260837196e-06	0.06417259998852387	0.00326918162377819	0.003256569530466921
2650	8.269718506429213e-06	2.008335853208569e-07	1.198502043291733e-06	0.06439810001756996	0.002794729867168482	0.0027850608130334407
2651	1.3470805696945292e-05	2.00896260910845e-07	3.274232272711253e-06	0.06452659994829446	0.0033038246395290082	0.003286878705298441
2652	1.8773699190856276e-05	2.28335021086144e-07	1.3365702612860498e-05	0.06345689995214343	0.0026045056730555362	0.0025721379362307335
2653	2.1115956693858455e-05	3.5684956139049285e-07	2.007498551478483e-05	0.06399319996125996	0.0027273756251365603	0.002685827833366527
2654	1.1167808726397126e-05	4.128870895514539e-07	1.856253680536504e-05	0.06474860000889748	0.0021326470849469185	0.002102503852325605
2655	4.3732153091555045e-06	4.003667275355825e-07	7.909683681361548e-06	0.06403969996608794	0.0040101691454621745	0.003997485879744122
2656	4.700301202569209e-06	3.285115357077974e-07	2.329165757019294e-06	0.060148100019432604	0.0031982550836904752	0.003190897105195179
2657	1.561502929110484e-05	2.085408627298984e-07	3.123351172731567e-06	0.06697650003479794	0.0025077367401762614	0.002488789818849695
2658	2.7583482388705326e-05	1.6066817160363385e-07	1.29658171140553e-05	0.06645420001586899	0.0028562871496634447	0.0028155771819890806
2659	2.8887877970103476e-05	1.7327869777125972e-07	1.9343625520724134e-05	0.06399830000009388	0.002877559635868384	0.002829154853679785
2660	2.0024215754288994e-05	2.2076136904137276e-07	2.263731791671892e-05	0.0642612999654375	0.0032652505132360217	0.0032223682181959728
2661	1.4191304231959592e-05	3.1415201879151365e-07	2.2680520065973095e-05	0.06574449996696785	0.002888764279967235	0.0028515783036505106
2662	6.236068725926457e-06	3.882448400420699e-07	2.0739173804728807e-05	0.0635683000436984	0.002779054429471696	0.002751690942100999
2663	6.922194078577452e-06	3.627419355904769e-07	8.552544633478034e-06	0.06198120000772178	0.0024334197904359103	0.002417582309788264
2664	1.4296585618070489e-05	3.627856763313345e-07	3.8019113934487776e-06	0.06432110001333058	0.003227060626424672	0.0032085993437368215
2665	1.3957264787887876e-05	4.0528441456800453e-07	3.883591556874811e-06	0.06265069998335093	0.0025727455532643046	0.0025544994125049738
2666	1.2864497623500992e-05	3.423154891389147e-07	1.988414178165416e-06	0.06358459999319166	0.0026140610691841883	0.002598865841893383
2667	8.556420823027403e-06	2.992391674167961e-07	1.4257278077728053e-06	0.06420840002829209	0.002928853720575582	0.002918572332777365
2668	5.624222631143351e-06	1.6600209965181625e-07	5.336308769252212e-07	0.06374980002874509	0.00323868723741385	0.0032323633818061295
2669	5.749111302395899e-06	1.0548635572530825e-07	1.7917594599480708e-06	0.06574319995706901	0.0029383564573925436	0.002930710100274474
2670	5.8937192392820755e-06	1.4879865706548526e-07	5.302063175301608e-06	0.06324180000228807	0.0032254411457814736	0.0032140965647098245
2671	7.737704101715599e-06	2.830155800247043e-07	1.040330054446343e-05	0.06438439997145906	0.003978072256511074	0.00395964823628487
2672	8.869040442878924e-06	5.635766911704999e-07	1.7314405797492225e-05	0.06468680000398308	0.0031443050609782767	0.0031175580380467353
2673	7.118388823788257e-06	7.752953857394242e-07	1.691970081973427e-05	0.06436660001054406	0.002652903662604727	0.002628090277575465
2674	8.129295981979e-06	7.357013330782924e-07	1.058643656371125e-05	0.0657513000187464	0.003150280373225309	0.0031308289393465402
2675	1.0281520087771859e-05	6.317493632396593e-07	3.7775321554907193e-06	0.0644787999917753	0.002565304150203833	0.002550613348597331
2676	1.2265083888038748e-05	3.9970343983281766e-07	7.496740890390387e-07	0.06408709997776896	0.0035079428074972444	0.003494528346080334
2677	1.794494705004188e-05	1.527093632031681e-07	5.064816254130633e-06	0.06287949997931719	0.0021989841994562577	0.0021758217267888818
2678	2.638743850713577e-05	1.4981663191389938e-07	2.0149955687765334e-05	0.065063200017903	0.0032097862775597456	0.0031630990667329303
2679	2.4360662314424557e-05	2.5656586161880166e-07	2.4433783128155092e-05	0.06536780000897124	0.0025218438247183346	0.002472792813414136
2680	1.6728723865381284e-05	4.143557529369591e-07	2.508309398155485e-05	0.06693329999689013	0.0029443406372378716	0.0029021144636379986
2681	1.1418313301995919e-05	5.036782264575398e-07	1.8952482875347533e-05	0.05955920001724735	0.0024632969039613374	0.0024324224295575367
2682	1.2173807726460134e-05	6.624809150436278e-07	1.4909484095364317e-05	0.06576040002983063	0.0037220877962767934	0.0036943420235399254
2683	1.5330383161546115e-05	6.761105810594015e-07	8.139159670346658e-06	0.06500609999056906	0.0030122245527210265	0.0029880788993080745
2684	1.8373499446776906e-05	5.72418858214544e-07	2.625980600245427e-06	0.055066000029910356	0.003766991266393289	0.003745419367488052
2685	2.3548270854797157e-05	3.071387784688916e-07	1.0024519382058714e-06	0.06511470000259578	0.0030587631421841914	0.0030339052806127196
2686	2.26747590211305e-05	1.2300683812060548e-07	5.861214365755116e-06	0.06359159998828545	0.0030873289597529168	0.0030586699795279106
2687	2.7467722902659205e-05	1.2819978865157792e-07	1.607322526918346e-05	0.06459909997647628	0.0038133816718433273	0.003769712523882833
2688	2.2340743393695353e-05	3.1890730877163925e-07	2.69213252979675e-05	0.06299069995293394	0.0032062402681514585	0.003156659292151024
2689	1.73200929906915e-05	6.048400001657218e-07	2.5514255857566972e-05	0.06170790002215654	0.003532206326438442	0.0034887671375900178
2690	1.594445117687301e-05	8.655292104708526e-07	2.590471337939259e-05	0.06473080004798248	0.0029980242117966377	0.0029553095180299012
2691	1.7143993103152785e-05	9.772752663328945e-07	1.441462420655418e-05	0.06438679998973384	0.003312946104860571	0.003280410212284531
2692	2.0669081787483038e-05	9.214108962304242e-07	6.533347306317278e-06	0.06449030002113432	0.0037627425959984736	0.003734618756008443
2693	2.1398750184640364e-05	8.145514488362885e-07	2.2551206564853234e-06	0.0648590000346303	0.0026614026047476176	0.002636934182457656
2694	2.369477070928632e-05	6.340928187687927e-07	9.516147328340629e-07	0.06456440000329167	0.003341046944113119	0.00331576646585223
2695	1.7253760813441238e-05	5.078648965166543e-07	7.025330172909914e-07	0.06349530001170933	0.003385157615298645	0.003366693456571396
2696	1.613740815498255e-05	2.845227042821008e-07	1.132511926418829e-06	0.06367759994463995	0.0034564128469469	0.0034388584041612166
2697	1.4762710280548158e-05	1.9683994406107014e-07	3.120211801399252e-06	0.06453259999398142	0.0034428791663406438	0.0034247994043146352
2698	1.3708241580915193e-05	1.7101268582037147e-07	3.1551234407660176e-06	0.060014500049874187	0.003280780129945882	0.0032637457522383803
2699	1.4583846585411909e-05	2.0897479297251475e-07	3.278504349191332e-06	0.06433399999514222	0.0029307437810545704	0.0029126724553269943
2700	1.3606494975004853e-05	2.6614921245375315e-07	2.474691755602265e-06	0.0668811000068672	0.0030033815550903785	0.002987034219147318
2701	1.0666573866867244e-05	2.750686892944306e-07	1.2771159901526548e-06	0.06448259996250272	0.003639075316208908	0.0036268565576625935
2702	9.9339826330399e-06	2.727526003375814e-07	5.615273439969507e-07	0.06233280000742525	0.0034790969370755744	0.0034683286744982
2703	9.284333131130464e-06	1.905500938278353e-07	1.3178904536037235e-06	0.06478570000035688	0.0029231557597497147	0.0029123629860711526
2704	8.3928397440777e-06	1.8184733593512826e-07	1.935408850699622e-06	0.06327629997394979	0.0030141087064886924	0.00300359861055798
2705	1.005734466496054e-05	1.7133678179856934e-07	1.424424072846737e-06	0.06369869998889044	0.0029060498777155937	0.002894396772195988
2706	1.2354502377811422e-05	1.6267025961756153e-07	1.97730524473574e-06	0.06430779997026548	0.0030385075618235185	0.0030240130839413537
2707	1.1258948158959945e-05	1.9390140598790085e-07	1.5878460665663503e-06	0.06569060002220795	0.0030997624097076544	0.00308672171407614
2708	1.1360778752853186e-05	2.0939131381758772e-07	1.5604322655652829e-06	0.0644050000119023	0.0025125158667020395	0.0024993852643698036
2709	6.914481136079866e-06	2.230092384097855e-07	1.0076013256362608e-06	0.06416520004859194	0.0022367054009200674	0.0022285603092199414
2710	4.093326936415375e-06	2.0103188450829288e-07	1.1089718388109386e-06	0.06337759998859838	0.0030759584649017457	0.0030705551342420107
2711	4.010812017876316e-06	2.041844590536837e-07	2.181386296140641e-06	0.06274750002194196	0.002471083347333838	0.0024646869645607674
2712	2.2372090093973727e-06	2.2433295911515295e-07	6.566680853741202e-07	0.06376950000412762	0.002741697568124232	0.0027385793580703456
2713	4.933298811798857e-06	2.6159124485003363e-07	9.648171078054118e-07	0.06312099995557219	0.0034406962185023217	0.003434536511337867
2714	8.591117755267346e-06	3.280802418403345e-07	3.563206840098094e-06	0.06399789999704808	0.002717080698459082	0.0027045982936218763
2715	1.0761172167336686e-05	3.6016635467630227e-07	6.496342482066169e-06	0.06741780001902953	0.00402322268330068	0.004005605002296601
2716	8.391484134673738e-06	3.4245684037627817e-07	3.671160762903503e-06	0.06283549999352545	0.0020519863260965695	0.002039581224358616
2717	4.107852117504849e-06	2.4035740259975975e-07	6.533124947637662e-07	0.064269200025592	0.003940573008488349	0.00393557148647348
2718	3.199608851893423e-06	1.9745402738699697e-07	1.1203121500399672e-06	0.06480190000729635	0.0030153463027744886	0.003010828927745168
2719	2.9512541570301214e-06	1.9851582920741718e-07	2.262710727870813e-06	0.06539269996574149	0.0035385053513291445	0.003533092870615036
2720	3.5395167320831984e-06	1.7056181160239164e-07	2.5637100047257234e-06	0.062145099975168705	0.002900750862835652	0.0028944770742872408
2721	3.9298612781424275e-06	1.8101500763629846e-07	1.939134147723518e-06	0.06628879997879267	0.0034732877278579586	0.0034672377174244564
2722	2.843381146022272e-06	1.767591043116209e-07	6.929582446310465e-07	0.06463420001091436	0.00334086724548255	0.003337154146987585
2723	2.5267837616622984e-06	1.7735707934893897e-07	8.988726490212663e-07	0.06453090003924444	0.002947712065984823	0.0029441090524947905
2724	3.5113975328392935e-06	2.0554970270919794e-07	2.432294252495526e-06	0.06378010002663359	0.0034384366068763166	0.0034322873653882726
2725	2.157307730768183e-06	1.4991228780564293e-07	9.69637540103165e-07	0.06654979998711497	0.0027867924722638697	0.0027835156147051924
2726	1.749288264156871e-06	1.582628121051508e-07	5.869329403120405e-07	0.06295160000445321	0.0020215549095819216	0.0020190604255653478
2727	1.2140878571048608e-06	1.8130050072605994e-07	1.400747031150153e-06	0.06381459999829531	0.0030091812325974887	0.0030063850972085076
2728	1.0134589939669492e-06	1.7342173341333158e-07	2.821977981524901e-06	0.06461770000169054	0.00264945474172963	0.0026454458830207244
2729	9.535922372291189e-07	2.05928497142962e-07	5.02070918892527e-06	0.06546220002928749	0.0031138152363577617	0.003107635006434464
2730	1.1225056145313705e-06	2.660258372485103e-07	6.946703748923822e-06	0.06486360001144931	0.003021089094585212	0.003012753859384508
2731	2.0605688212861397e-06	2.87546582964233e-07	8.983000873288724e-06	0.06774159998167306	0.0033441397038013994	0.0033328085875238603
2732	2.4837377881961194e-06	2.3426098209642805e-07	7.027712940006196e-06	0.06612630002200603	0.003368601945684289	0.00335885623397399
2733	2.469000800113688e-06	1.8849714873325176e-07	2.724619911509785e-06	0.06462140002986416	0.0036088758576809715	0.003603493739820615
2734	1.7668894060814228e-06	1.5509375409312397e-07	1.2178603019381814e-06	0.06367460003821179	0.002585903757171719	0.0025827639137096063
2735	1.5732333083872524e-06	1.4554724263804136e-07	6.138590245998244e-07	0.06065579998539761	0.0021985493054331867	0.0021962166658575618
2736	1.1791917327767764e-06	1.2046673348728148e-07	4.1270535860761113e-07	0.06428419996518642	0.00260506962655018	0.0026033572627253087
2737	8.000761491099705e-07	1.1403291279415411e-07	4.261278697020673e-07	0.06510089995572343	0.0037481760196578563	0.00374683578272625
2738	7.937649089580474e-07	1.1716962608391345e-07	6.356059868395214e-07	0.06418859999394044	0.0037302284868023982	0.003728681946280517
2739	7.340925882327627e-07	1.1461062241737677e-07	5.090613318355683e-07	0.06507960002636537	0.003473646853233809	0.0034722890886913233
2740	1.2594914512535165e-06	1.3628672442913414e-07	7.861959320323824e-07	0.06445020000683144	0.0032108973745989706	0.0032087154004912556
2741	1.0807641697694727e-06	1.4472688297320726e-07	8.759134974016324e-07	0.06580149999354035	0.003605426518781263	0.0036033251142311186
2742	1.3889222236367396e-06	1.5385991066580778e-07	6.501101031892691e-07	0.06305089994566515	0.0025139359536134878	0.002511743061375996
2743	1.1985833133849688e-06	1.353501907523254e-07	5.030695206636233e-07	0.06458379997638986	0.003047370415109978	0.0030455334120851768
2744	1.2886390780252915e-06	1.3156452338302024e-07	5.37246136825098e-07	0.06521920004161075	0.0036577952624224364	0.0036558378126842032
2745	1.6605838411782625e-06	1.0619769279192529e-07	1.6998987445313704e-06	0.0664400999667123	0.0020732207940233893	0.0020697541137448877
2746	1.5199303365471288e-06	1.312075892183045e-07	2.581868542129458e-06	0.065130400005728	0.0027982648859318556	0.0027940318794639606
2747	7.697179455603545e-07	1.0616637580592473e-07	1.6585578745666243e-06	0.06571370002347976	0.0028885102137525824	0.0028859757715566496
2748	8.6142571893017e-07	1.1834579789002492e-07	1.001343402200629e-06	0.060864900005981326	0.0032739173329330387	0.0032719362180140175
2749	1.2241360271698002e-06	1.2704534378965923e-07	7.835914841602669e-07	0.06376020004972816	0.003476105139701413	0.003473970366846293
2750	3.2001695752898946e-06	1.1324373216682528e-07	1.1669125009120269e-06	0.06760800001211464	0.0030767699119276684	0.0030722895861192995
2751	5.368724695738062e-06	1.5352396768942966e-07	4.849661218704525e-06	0.06057869998039678	0.003720918222280262	0.0037105463123981303
2752	7.676956358547863e-06	2.419175622150602e-07	1.0951751144468955e-05	0.06401929998537526	0.0028074891083634673	0.0027886184832982353
2753	3.9951600538482155e-06	2.7359891226887736e-07	8.849844428965416e-06	0.06455110001843423	0.0029553760368939766	0.002942257433498894
2754	1.912417380077486e-06	2.795220782878184e-07	7.641014262559224e-06	0.06390629999805242	0.0030781091313813944	0.0030682761776604697
2755	1.509146685066817e-06	2.5279173018953877e-07	3.49383214401504e-06	0.06468670000322163	0.002295550834819839	0.0022902950642605673
2756	4.5611103930649e-06	1.7350815134761836e-07	5.984705077743554e-07	0.06458750000456348	0.002213336427947113	0.002208003338894926
2757	1.118733516192604e-05	1.2904540894438422e-07	4.2751866411075294e-06	0.06413680000696331	0.0034895787550692004	0.0034739871878572224
2758	1.4446765383099622e-05	1.211059759792891e-07	9.2278769381785e-06	0.06381399999372661	0.0030105383691436784	0.002986742620846421
2759	1.2834005746555183e-05	1.5687558164582694e-07	1.4274678824651783e-05	0.0639711000258103	0.003408055400157483	0.0033807898400046305
2760	7.2303196830820635e-06	2.005971645245026e-07	1.1176928582514161e-05	0.06451599998399615	0.0032172374501723334	0.0031986296047422126
2761	2.2643452010860658e-06	2.1462055205678336e-07	8.322998257109278e-06	0.06486089999089018	0.002679251745720226	0.002668449781709974
2762	1.8300429539738547e-06	2.0074803845442552e-07	3.2474849505767368e-06	0.06352279998827726	0.003383408049143764	0.003378129773200759
2763	6.360405274007765e-06	1.654297364632181e-07	6.789253735867423e-07	0.06510119995800778	0.002974488101192928	0.00296728334080887
2764	9.731130585914764e-06	1.8133494719059022e-07	4.229398875223528e-07	0.06253530003596097	0.0024719024433436073	0.0024615670379229794
2765	1.121105516587023e-05	1.4908163602124508e-07	8.752302682388845e-07	0.0629334999830462	0.002302959238731455	0.0022907238716613244
2766	8.550835177465678e-06	1.3418002507861687e-07	1.056668033893781e-06	0.06398919998900965	0.0034949179226382585	0.0034851762394018204
2767	4.577468138187825e-06	1.3115261317025498e-07	9.018496978035919e-07	0.06624549999833107	0.003589212886150635	0.003583602415701473
2768	1.8470802804593071e-06	1.2764922057855774e-07	6.31551920640543e-07	0.06316630000947043	0.0030124021222294526	0.003009795840807774
2769	1.7896683156002532e-06	1.04402628989245e-07	7.643985053637857e-07	0.06394089997047558	0.002235002562242199	0.0022323440927922455
2770	2.722624971283407e-06	1.845948574468195e-07	9.449725978918274e-07	0.06486370001221076	0.0034120406249623643	0.003408188432535742
2771	5.130877471428175e-06	1.5530037099099598e-07	6.871416506743543e-07	0.0654408999835141	0.0027450630854290105	0.002739089765935917
2772	5.643790174441956e-06	2.0359944255340647e-07	6.692044949912429e-07	0.06436959997517988	0.00293586535977567	0.002929348765663683
2773	5.476451755277298e-06	1.8402937548521446e-07	6.726831029569376e-07	0.06465410004602745	0.003709063563820083	0.003702730399586363
2774	3.4239078000117673e-06	1.993640629309517e-07	5.583432658202392e-07	0.06439810001756996	0.0038494561106029606	0.0038452744954741973
2775	1.3375120539016421e-06	2.199468754209818e-07	7.592472617151553e-07	0.06552609999198467	0.003097036943144481	0.003094720236953443
2776	8.434927989657277e-07	2.1392746331290707e-07	1.6960952676557668e-06	0.063685400004033	0.002875205292119119	0.0028724517765891843
2777	1.8149640424635671e-06	2.1024031548265678e-07	2.0495150303793875e-06	0.06352540000807494	0.0031926179435452944	0.0031885432241569684
2778	2.038033274946683e-06	1.414255798454399e-07	5.81782226544275e-07	0.06445679999887943	0.0027015014928995747	0.002698740251818238
2779	2.1573647560607017e-06	1.3467448163591494e-07	5.462723667906082e-07	0.06414249999215826	0.0032101515567202177	0.0032073132451157305
2780	1.7070546855994833e-06	1.1613380404555488e-07	8.711917555419238e-07	0.06250520003959537	0.003569246944911769	0.003566552564666582
2781	1.0906389778310268e-06	1.5529461059132164e-07	1.8034153983400294e-06	0.06459810002706945	0.003849909450312789	0.0038468601013260267
2782	6.43124902526356e-07	1.7288787467104586e-07	1.6267259681933603e-06	0.06194310000864789	0.003328699948667149	0.003326257209921758
2783	4.76582197075529e-07	1.2457946122794578e-07	5.581151685096051e-07	0.05849490000400692	0.003128882575314506	0.003127723298487693
2784	6.16096999664119e-07	1.3648988054019067e-07	5.17372270720496e-07	0.06458589999238029	0.002606860410576782	0.0026055904514258573
2785	6.98153392089799e-07	1.2707414414328122e-07	5.459620045209405e-07	0.06482799997320399	0.0031517089625056837	0.0031503377729649295
2786	1.3025738605958285e-06	1.4227572977662306e-07	1.339526462846144e-06	0.06360250001307577	0.002334039909573947	0.0023312555335207284
2787	1.2822926135107742e-06	1.4436379549006974e-07	1.4695875070550542e-06	0.06204759998945519	0.002878913577604656	0.0028760173336886
2788	1.03611715600151e-06	1.2429171843732554e-07	6.086601836122795e-07	0.06424690003041178	0.002871947987220009	0.0028701789181619576
2789	1.1864467586842817e-06	1.3473339555038975e-07	8.101087574352525e-07	0.0651184999733232	0.0030942976312937766	0.003092166342382107
2790	1.2910243922065149e-06	1.6802201918644843e-07	1.7533540319123536e-06	0.0657513000187464	0.0032526550265710454	0.0032494426261277403
2791	1.4512908972899206e-06	1.8179759184098926e-07	2.6227006437061983e-06	0.06349269999191165	0.0025929331714470206	0.0025886773823141835
2792	1.4234063233745749e-06	2.1026402460806554e-07	3.2611775365430346e-06	0.062114000029396266	0.0028681421325152563	0.0028632472846307306
2793	8.465186067637988e-07	2.1738560051351911e-07	2.7795864167907056e-06	0.06587549997493625	0.0035107373873023064	0.0035068938966782382
2794	8.404107164589433e-07	1.787131079604621e-07	6.23552742628805e-07	0.06460700003663078	0.0032293149274794384	0.0032276722509123903
2795	2.375917930789819e-06	1.617861225592549e-07	1.5078202150185786e-06	0.06381570000667125	0.003267024230494151	0.0032629787062257833
2796	2.873718938973736e-06	1.4930118723752706e-07	1.5129126990642705e-06	0.06383749999804422	0.002918235242154422	0.002913699309329146
2797	2.7019856556100084e-06	1.3488243384378226e-07	1.836342781295004e-06	0.0633825000259094	0.0026763991288659902	0.0026717259179952417
2798	2.657353715266989e-06	1.4864385074538214e-07	3.1403356357071484e-06	0.06519829999888316	0.0035090291119573174	0.003503082778755598
2799	9.349170080781888e-07	1.3858130194755413e-07	6.706457058326894e-07	0.06610350002301857	0.003340908461644136	0.0033391643176282778
2800	7.360079918002612e-07	1.3579984588919e-07	6.580077450261382e-07	0.06432499998481944	0.002631136894082209	0.0026296070784994933
2801	2.0386942082566906e-06	1.9067168038004463e-07	2.7510210241910767e-06	0.06389239995041862	0.0028643106264703544	0.002859330239557527
2802	1.996340181939186e-06	1.7172241136611836e-07	2.701515430817768e-06	0.06449479999719188	0.0034751677873261578	0.0034702982093020346
2803	1.7947245893234909e-06	1.7220402294719216e-07	2.683290709433731e-06	0.06320610002148896	0.0035281718401650687	0.0035235216208433645
2804	1.020770819256948e-06	1.7362453444656712e-07	1.2344882242162605e-06	0.06322969996836036	0.003555740552472614	0.003553311668894694
2805	7.172098243940024e-07	1.4234772012341327e-07	5.858579127758754e-07	0.06396340002538636	0.003425453726329889	0.003424008310872596
2806	2.695909945605964e-06	1.692465610216126e-07	5.342615678864616e-06	0.06389160000253469	0.0027567175911309074	0.002748509818945415
2807	6.4896811045028334e-06	2.245292779362041e-07	1.2999909678870563e-05	0.06521650002105162	0.002818340998936824	0.0027986268788755143
2808	8.352354255902818e-06	3.130519059766257e-07	1.8149786898704016e-05	0.0649130999809131	0.003207804365922137	0.0031809891728615536
2809	7.604420198309776e-06	4.398983567618907e-07	2.256570858887001e-05	0.06564129999605939	0.0028930813043336785	0.002862471277189737
2810	3.406033509897627e-06	4.679923208047011e-07	1.73153831335619e-05	0.06398819998139516	0.003295736244661814	0.00327454683569755
2811	1.310001031730297e-06	4.3656993350760627e-07	1.1857029926326125e-05	0.0653349999920465	0.001918391375679944	0.00190478777478838
2812	1.7251561953414945e-06	4.1550553053249995e-07	7.937430675648771e-06	0.06221539998659864	0.003507814919816195	0.0034977368274146724
2813	4.374642610777013e-06	3.116152318615258e-07	3.10948198768351e-06	0.06533670000499114	0.00266845454613094	0.0026606588063006185
2814	8.008310403815517e-06	1.967543948320951e-07	5.752556065932241e-07	0.058559599972795695	0.003118147323459492	0.0031093670030542513
2815	1.0443651496896771e-05	1.2743576270696728e-07	1.1449012901865324e-06	0.06288599997060373	0.0023342897342737935	0.002322573745724003
2816	8.260227856701073e-06	1.054654294238742e-07	2.8636352088699433e-06	0.06700760003877804	0.0032177218315449395	0.0032064925030499446
2817	5.117796220944295e-06	9.734298825901083e-08	4.572041884443092e-06	0.0671104000066407	0.002461856075299378	0.0024520688942057316
2818	2.058067490986073e-06	1.306447035173196e-07	3.847872905592031e-06	0.06558119994588196	0.002423098300671534	0.0024170617155714388
2819	1.501953514361827e-06	2.315447746533454e-07	4.716340269376457e-06	0.06636120000621304	0.003211221999318942	0.0032047721607605505
2820	3.6236458382234464e-06	2.790932735851916e-07	3.827027892177311e-06	0.06499380001332611	0.002905625534235001	0.002897895767231015
2821	5.879135937461659e-06	3.134873478993134e-07	2.021548827595927e-06	0.06540860002860427	0.003142643144306152	0.003134428972193195
2822	7.08332709275015e-06	2.9573531805703315e-07	9.388367313512838e-07	0.06393549998756498	0.0027859983454771578	0.0027776804463349996
2823	4.920165161013651e-06	3.536834925589575e-07	1.4840096099209615e-06	0.06584589998237789	0.002881649816597803	0.0028748919583343096
2824	2.4293377989293123e-06	4.337177473798756e-07	4.302680461518587e-06	0.0644797999993898	0.003054619017781739	0.003047453281773911
2825	1.3887949066667228e-06	4.0879286839693147e-07	5.753439866039126e-06	0.06592909997561947	0.0032503622903549655	0.0032428112627138628
2826	1.6410814980422992e-06	3.9099465474786257e-07	6.453398248459586e-06	0.06641810003202409	0.0030447645048422723	0.0030362790304410228
2827	2.919012969838585e-06	3.4710997336762267e-07	7.346058277132503e-06	0.06632390001323074	0.002893138712802117	0.0028825265315817784
2828	3.0955162632452047e-06	2.6240320072552e-07	5.12505933945497e-06	0.06504610000411049	0.0025110092439070736	0.002502526265103648
2829	1.8820108448286736e-06	2.1404153742918343e-07	2.6927211217551785e-06	0.06575089995749295	0.0037350428217533147	0.003730254048249302
2830	1.093924212882962e-06	1.1447462524495821e-07	3.8671388835036684e-07	0.06576559995301068	0.002499563072680156	0.002497967959953678
2831	1.4080255168535764e-06	1.151089676040259e-07	1.6949953474436835e-06	0.0653617000207305	0.0028423695969168566	0.002839151467084955
2832	2.221698108133938e-06	1.2644597622256885e-07	4.24581291204675e-06	0.06395270000211895	0.0027787025009022182	0.002772108543905815
2833	2.7271988336455033e-06	1.626642097460784e-07	5.0926712842439844e-06	0.06421549996593967	0.003169277666973176	0.0031612951326455405
2834	2.216606730860137e-06	1.9277177062821338e-07	6.367745331673697e-06	0.06447109999135137	0.003327408983047273	0.0033186318592141107
2835	1.5288443562624231e-06	2.303940214439762e-07	5.661159536657145e-06	0.06557219999376684	0.0021539761080214986	0.002146555710107135
2836	1.2086784748802299e-06	2.0802554366184253e-07	2.8696948007884746e-06	0.06587280001258478	0.003096951811567076	0.003092665412747745
2837	2.1225174812945106e-06	1.6592983023512917e-07	1.0608899210295073e-06	0.06409370002802461	0.0018491498969144928	0.0018458005596819337
2838	2.578264249318169e-06	1.3039328275035222e-07	5.972718796173347e-07	0.06198689999291673	0.002763113887194492	0.0027598079577828066
2839	3.131113415609843e-06	1.391091583310633e-07	5.402564373849443e-07	0.06459169997833669	0.003805155946430287	0.0038013454674189614
2840	1.6110627775845058e-06	1.5605387879453941e-07	7.248393925761777e-07	0.0642119999974966	0.002538981862517248	0.002536489906468293
2841	1.1406969344138946e-06	1.3913363629577523e-07	9.288750322401867e-07	0.06524399999761954	0.0029722291224640314	0.0029700204168610815
2842	6.566698412417648e-07	1.3601632465659273e-07	1.4922355007406027e-06	0.06422569998539984	0.0025128166218289895	0.0025105317001623507
2843	8.748450885489005e-07	1.0711363239428413e-07	1.6930183625990448e-06	0.06153520004590973	0.002861164993677593	0.0028584900165940508
2844	7.826651477222314e-07	1.1729484598829644e-07	4.1885953950330274e-07	0.06330280000111088	0.0023345234441292623	0.0023332046245960482
2845	5.564175233887251e-07	1.5270719320486517e-07	6.655807362143705e-07	0.062208699993789196	0.003529873871697358	0.0035284991662445503
2846	6.089452655299767e-07	1.9591824468880318e-07	1.5624656170381836e-06	0.06555920001119375	0.003257059355733515	0.0032546920266062584
2847	7.496314022530006e-07	2.0152745074783344e-07	2.0148957454285573e-06	0.06479909998597577	0.002928428253196482	0.0029254621985980523
2848	7.534970890923694e-07	2.2676146209749022e-07	2.316816748367247e-06	0.06386840000050142	0.0024639336140105084	0.0024606365387109513
2849	5.15420860240013e-07	2.444525500232398e-07	2.527123577260518e-06	0.06431630003498867	0.003050100422110243	0.003046813425122719
2850	8.346411668998604e-07	2.2801708039468823e-07	1.61136541257902e-06	0.06291720003355294	0.002982335265031666	0.0029796612413717925
2851	1.3962669420733486e-06	1.7322351325939812e-07	5.332092323743071e-07	0.06535009999061003	0.003194861431336343	0.0031927587316486357
2852	4.1432455586392895e-06	1.1345723857985678e-07	2.674014432817467e-06	0.06553279998479411	0.0027345064485353883	0.0027275757313053517
2853	8.397122323386105e-06	2.04099642419143e-07	1.5291773360001414e-05	0.06470319995423779	0.003906787829467331	0.0038828948341415237
2854	1.244125685995186e-05	4.710714729416715e-07	3.43168027864231e-05	0.06579060002695769	0.003403867252712227	0.00335663812159291
2855	1.3126824715110945e-05	8.186093627654183e-07	5.306544747044871e-05	0.0635382000473328	0.0034950644287723097	0.0034280535472239844
2856	4.880880548215608e-06	8.678789295430036e-07	3.525077105956459e-05	0.06519500003196299	0.003357595645710253	0.00331659611517293
2857	3.229374203523876e-06	7.092818724338495e-07	1.8247182104026794e-05	0.06482139998115599	0.0023107979777873587	0.002288612139607374
2858	7.51892256819451e-06	5.427340782178959e-07	6.443487103632945e-06	0.06333380000432953	0.0037549953674320125	0.003740490223681967
2859	1.0951741177987919e-05	4.5621854505221144e-07	1.97165452543242e-06	0.06530379998730496	0.002516627615565987	0.0025032480013175147
2860	1.0126754240431109e-05	3.5630949738678343e-07	1.1133060081385299e-06	0.06474990001879632	0.0030268153591223837	0.003015218989376427
2861	7.01351788416153e-06	3.2220579615161463e-07	1.1347905657514191e-06	0.06379639997612685	0.003478817626933324	0.0034703471126872596
2862	5.473250536658287e-06	1.8776758052914392e-07	5.874647799273466e-07	0.06444360001478344	0.003784670702160138	0.0037784222192630236
2863	3.762378760083313e-06	8.656537419038045e-08	5.993159216020795e-07	0.06550810002954677	0.0033602617402792544	0.0033558134802233784
2864	2.7691320309609866e-06	6.835015696248699e-08	7.795766585670848e-07	0.06542739999713376	0.003157970639245264	0.0031543535803987732
2865	3.4262830027187656e-06	9.391684981805181e-08	8.522761161997919e-07	0.062069399980828166	0.004077077309779817	0.004072704833811081
2866	3.3814759384332115e-06	1.6808530607694583e-07	2.3434717560576212e-06	0.06601640000008047	0.002686055162109711	0.0026801621291091433
2867	3.2530405082868172e-06	2.6501528815105677e-07	4.172028343167597e-06	0.06348259997321293	0.0028291889657448698	0.002821498881605264
2868	1.8734359129124349e-06	4.0600385018227355e-07	6.505292930525784e-06	0.0653852000250481	0.0037075703256679716	0.003698785592974351
2869	2.7065709888410756e-06	3.9763917438351034e-07	3.720636975045047e-06	0.06425120000494644	0.0035552705429910125	0.003548445695852743
2870	2.32978328988681e-06	4.3314176696664133e-07	4.693830122967857e-06	0.0646402999991551	0.00317376794823105	0.0031663111930512293
2871	3.6060481063589904e-06	3.006775814939697e-07	2.2523165852347174e-06	0.06478670000797138	0.003233334748834605	0.0032271757065615173
2872	5.065625677087655e-06	1.7175989165820858e-07	6.548932581359017e-07	0.06539150001481175	0.0024957856305773004	0.0024898933517504187
2873	4.915414438301343e-06	1.35046054921381e-07	4.828045748319296e-07	0.0655224000220187	0.0025348324932477065	0.002529299228179652
2874	3.336801501686019e-06	1.0208436264263247e-07	5.551015932031468e-07	0.06554749998031184	0.003677473026239004	0.0036734790387814723
2875	2.2707506923355434e-06	9.557630100642738e-08	6.992362299119229e-07	0.06329100002767518	0.00280968784639103	0.0028066222831677765
2876	2.3801777644170916e-06	9.641813096773793e-08	1.9312390547460563e-06	0.06565590004902333	0.0031119105607988885	0.0031075027258487577
2877	4.3317622574677404e-06	1.608702355319706e-07	6.834128501735919e-06	0.06371339998440817	0.003079117257395135	0.003067790496400399
2878	5.648185380941628e-06	1.8839909095219074e-07	1.0185627781195536e-05	0.06397269997978583	0.0033126804851835814	0.003296658272930492
2879	5.135042263482113e-06	1.9454316646172906e-07	8.83793787260147e-06	0.06271319999359548	0.0028825445222948535	0.0028683769989923083
2880	3.934526270099022e-06	2.3306984688220756e-07	7.267287419932186e-06	0.06714169995393604	0.0032987602890598594	0.0032873254055229457
2881	4.0254738375708796e-06	2.2976393580676907e-07	4.608866984040682e-06	0.06688480003504083	0.002909148320285481	0.002900284215528063
2882	4.104940403534644e-06	1.9465911255314569e-07	2.1081069310468524e-06	0.0679297000169754	0.0034970398661126546	0.00349063215966552
2883	4.521664918613604e-06	1.7124257413689364e-07	7.610800549255386e-07	0.06564079999225214	0.0032556849701425275	0.0032502309825948516
2884	4.1490717333178445e-06	1.479191423607717e-07	1.0581216693561403e-06	0.06642079999437556	0.0021586810552658726	0.0021533259427208382
2885	3.7286279825783213e-06	1.6457051576407916e-07	1.2570990666253483e-06	0.06577390001621097	0.0027225797290366745	0.002717429431471707
2886	2.0423990491543522e-06	1.4606288725379295e-07	1.1354869393120822e-06	0.059044299996457994	0.0034567245543873693	0.003453400605511649
2887	1.3005063015001145e-06	1.8524112855026526e-07	5.523875946259313e-07	0.06943360000150278	0.002702427448180315	0.002700389313155639
2888	2.609567247560957e-06	1.8324896378035192e-07	1.269257160532702e-06	0.06524799996986985	0.003829970343197182	0.0038259082698253078
2889	4.230999774886617e-06	2.0688872842758013e-07	2.0213637255991287e-06	0.06362159998388961	0.002762021002598648	0.002755561750369735
2890	5.8835032070027e-06	2.3938656725308483e-07	4.4844237288296166e-06	0.06496749998768792	0.002794810608410884	0.002784203294907799
2891	4.8483666877125826e-06	2.558012655039665e-07	4.95192404882975e-06	0.06679390004137531	0.0033807078104231662	0.00337065171842112
2892	3.037120397994623e-06	3.076850359489901e-07	5.325270165204067e-06	0.06619969999883324	0.002736225417208357	0.0027275553416092092
2893	1.1844644019193825e-06	3.1490944652240816e-07	3.821748923707072e-06	0.06373029999667779	0.003030106219357401	0.0030247850965852523
2894	1.519838313287371e-06	2.700541283802639e-07	1.0280699872427245e-06	0.0658621999900788	0.0036978159802276865	0.003694998017798776
2895	3.5172896325428887e-06	2.1824535305208375e-07	1.0499527682389521e-06	0.06484349997481331	0.003028855258753103	0.003024069770999269
2896	5.615664465263735e-06	2.6007663416962026e-07	1.060914692279935e-06	0.06466510001337156	0.002555737833536758	0.0025488011777450447
2897	4.576620114930937e-06	2.1409571877388908e-07	1.018886713304132e-06	0.0654484000406228	0.003587820734345434	0.0035820111317984254
2898	3.0825144119638875e-06	2.0740113781718024e-07	9.736767208287209e-07	0.06498000002466142	0.002613525913159909	0.0026092623208892993
2899	1.5533241916229608e-06	2.0612424926737305e-07	1.0324693738144076e-06	0.06467609998071566	0.003288815506848349	0.003286023589033644
2900	1.2301184807930242e-06	1.859866285786164e-07	1.4240559291826048e-06	0.06687059998512268	0.0027568691953474543	0.0027540290343089
2901	9.5513707552061e-07	1.940129159047608e-07	2.5813394565322375e-06	0.06495379999978468	0.0027141982162949664	0.002710467726847009
2902	1.458981418311181e-06	2.2313186999855493e-07	7.469015115100002e-06	0.06557279999833554	0.002884186019398862	0.002875034890995452
2903	2.6754721257437623e-06	3.773995563113967e-07	1.442499604104021e-05	0.06507310003507882	0.0028755415935041366	0.0028580637257810413
2904	3.176700149072048e-06	4.710605940791122e-07	1.95478518637347e-05	0.06436700001358986	0.002509139524826933	0.0024859439122200473
2905	2.774344167075869e-06	5.686452497796268e-07	2.2878030338061134e-05	0.06585830001858994	0.003197559465578519	0.003171338445823602
2906	2.1033946720935156e-06	6.093224880194594e-07	2.3826750592087716e-05	0.06618319998960942	0.002795322915004227	0.0027687834472520266
2907	1.997707922758909e-06	6.127549803919663e-07	2.2386051834398758e-05	0.06506709998939186	0.0030462952874830995	0.00302129877274555
2908	1.427090070595092e-06	6.136099571257103e-07	1.6989611833746816e-05	0.06350190000375733	0.002168048337445339	0.0021490180255838718
2909	1.549431963270984e-06	4.2440559767787813e-07	8.257759303531098e-06	0.063151000009384	0.003065155454088862	0.003054923857224382
2910	3.054998455661275e-06	3.4241288241762476e-07	2.8319169976940813e-06	0.0647599000367336	0.002623254347913729	0.002617025019577956
2911	3.93854713447205e-06	2.2261164397116855e-07	8.458013433953477e-07	0.06507940002484247	0.003836252027797749	0.0038312450676759105
2912	2.787583717818649e-06	1.2005874563174426e-07	6.124877490250957e-07	0.06423780001932755	0.0029347374905905727	0.002931217360378097
2913	1.3022866699271377e-06	1.0803735931432003e-07	6.39232039825851e-07	0.06493419996695593	0.003238945982970774	0.0032368964269017062
2914	1.0109377194530458e-06	1.0227674197538872e-07	8.896992071439397e-07	0.06467910000355914	0.0030377636151430985	0.0030357607014745262
2915	8.236624583680754e-07	1.5647107329112522e-07	2.2301928441836047e-06	0.06328699999721721	0.0030365482721983776	0.0030333379458225345
2916	9.730387501663153e-07	2.701595909206917e-07	6.109203979996129e-06	0.06424300000071526	0.002711680896894461	0.0027043284945733777
2917	9.410295118428262e-07	4.321042346288586e-07	9.430027274726243e-06	0.06579379999311641	0.002324714863494258	0.00231391170247306
2918	8.786690977528219e-07	4.891938160511275e-07	7.927616793336766e-06	0.06475039996439591	0.0027478626176897013	0.0027385671379825606
2919	1.1052971688671639e-06	5.550257396384056e-07	8.416081993593154e-06	0.0638537000049837	0.002702886357428424	0.002692809952526325
2920	1.4739054619281262e-06	5.676242656653763e-07	7.553093909992709e-06	0.06145499995909631	0.002673843638814493	0.0026642490151769067
2921	3.4386263315287102e-06	4.084426747629014e-07	2.9589418798278025e-06	0.06109959998866543	0.00314782560147975	0.0031410195905936305
2922	3.2483987057097153e-06	3.5176206548069564e-07	2.0909790136990156e-06	0.06439479999244213	0.0038540623341506183	0.003848371194365729
2923	2.0496666811307575e-06	3.733307036039374e-07	3.7150650466880854e-06	0.06399649998638779	0.0035741916947432412	0.0035680536323118186
2924	1.9617215947335534e-06	2.673722353985037e-07	1.8068799538442196e-06	0.06392659997800365	0.003718117643193783	0.003714081669409807
2925	1.4065922839545946e-06	2.114011779697794e-07	2.1097132849486432e-06	0.06412439997075126	0.003316538946068647	0.003312811239321774
2926	1.0650866645576468e-06	2.080156372478055e-07	2.3248362626706805e-06	0.06388349999906495	0.003450556021675814	0.0034469580831113377
2927	5.782310301506073e-07	1.6044880974328147e-07	6.659675129007572e-07	0.0639944999711588	0.002962915633197565	0.0029615109858447705
2928	7.330624828984935e-07	1.3064241388031195e-07	1.824713245874568e-06	0.06407349999062717	0.0032129793224470573	0.0032102909043044037
2929	4.0280149071816684e-06	2.76094446843571e-07	1.1697605485215394e-05	0.06425880000460893	0.0029749312075473162	0.0029589294927080756
2930	3.5571668014670605e-06	3.251020729666948e-07	1.3894951098434736e-05	0.06323919998249039	0.003312432986262323	0.0032946557662894543
2931	9.962730212310178e-07	3.765781932340901e-07	1.0518503206931253e-05	0.06326650001574308	0.003017363644123088	0.003005472289701692
2932	7.365514200664959e-07	3.643648024394104e-07	6.670764049621568e-06	0.064230999967549	0.003272336722446149	0.0032645650421740217
2933	1.1969182662010442e-06	3.556741906349917e-07	5.77405261060846e-06	0.06400700000813231	0.002114643694510172	0.0021073170494427277
2934	1.4414225893295966e-06	3.6399449536583455e-07	5.290475792105682e-06	0.06470559997251257	0.0026389070200214366	0.002631811127144635
2935	2.4602493430373344e-06	3.66674801086958e-07	4.292300660021294e-06	0.06392970000160858	0.002991691199719178	0.0029845719749150325
2936	3.008478371368176e-06	2.4207650435280535e-07	1.4039988505168185e-06	0.06488709995755926	0.0036423028387448184	0.0036376482850185806
2937	3.754407063390767e-06	1.4228307367545314e-07	4.164808606488188e-07	0.06399320001946762	0.002887570408799816	0.002883257237802101
2938	3.516073525151058e-06	9.416504864919941e-08	1.4717110305952586e-06	0.0653216999489814	0.0028483147414265783	0.0028432327918221827
2939	2.5709028903715725e-06	1.2223549328468647e-07	3.362362469250708e-06	0.06586069997865707	0.0029967338632685865	0.0029906783624156796
2940	2.8612238201514192e-06	2.573489937250045e-07	9.281710959823457e-06	0.06315449997782707	0.002731452557278722	0.002719052273505022
2941	1.1849746736811377e-06	3.584788211506213e-07	8.48888474483197e-06	0.06415479996940121	0.002486791568826146	0.0024767592305864825
2942	1.7784937607336614e-06	4.5193054335251363e-07	6.446060798345051e-06	0.06270810001296923	0.003003095816580284	0.002994419331477853
2943	3.2963821571897547e-06	4.770258395074122e-07	4.123710924918522e-06	0.06593430001521483	0.003096831869522365	0.0030889347506007497
2944	5.132226566608971e-06	4.5534499227072333e-07	2.4725495368737985e-06	0.06247609999263659	0.0021373978603875517	0.002129337739291798
2945	5.265251716199007e-06	4.769448809749942e-07	1.7726862855554856e-06	0.06370719999540597	0.003310093507492407	0.003302578624609678
2946	5.452928105391469e-06	3.839518053521797e-07	1.4857834886146874e-06	0.0667826000135392	0.003402714278550404	0.0033953916151510458
2947	4.711177552982811e-06	2.578388144234855e-07	5.160388622644814e-07	0.06553879997227341	0.002749132547859284	0.0027436474926296134
2948	3.776733724519987e-06	1.7497851492184105e-07	5.207625197774158e-07	0.06849570001941174	0.0028434534697421784	0.0028389809949829594
2949	2.541351418515796e-06	1.148007706079789e-07	1.1849459617133267e-06	0.06489920004969463	0.0026038943777198327	0.0026000532795689953
2950	2.3703490907214603e-06	1.3560488892879669e-07	3.6916468802005954e-06	0.0660924999974668	0.0024850308133070372	0.0024788332124471863
2951	1.9982043796584755e-06	2.4518683548663736e-07	9.701929888532214e-06	0.06558749999385327	0.002692336492753245	0.0026803911716495677
2952	2.3881994380314462e-06	5.332820049046407e-07	2.2284985785425588e-05	0.062474099977407604	0.0026775274482420605	0.0026523209810136988
2953	1.405097779236917e-06	6.993095318990287e-07	2.3479795804261027e-05	0.05951320001622662	0.003568326706160765	0.003542742503045368
2954	1.5264450387631013e-06	6.459547108880639e-07	1.2639198550535178e-05	0.06206040002871305	0.0029825520703534265	0.00296774047205324
2955	4.986035978191624e-06	4.730501554972352e-07	4.662884904333892e-06	0.06588349997764453	0.0031769854363789527	0.00316686346534093
2956	9.012518146260477e-06	3.279115840241203e-07	8.350645341051818e-07	0.0646889999625273	0.0026058115720154038	0.002595636077751014
2957	9.965723642078064e-06	1.906353395027592e-07	6.133028869201958e-07	0.06281899998430163	0.0031700142257176937	0.0031592445638491925
2958	8.597888716758272e-06	1.359121425519963e-07	1.0367547567886846e-06	0.0629031999851577	0.00322443342574804	0.003214662870131941
2959	3.827181154254117e-06	1.27723866023179e-07	6.490452907588052e-07	0.0631957000005059	0.002559532145792379	0.0025549281954813426
2960	2.580900805217376e-06	1.1360938772086672e-07	7.480451245954999e-07	0.06330149999121204	0.004139271500823636	0.004135828945506102
2961	2.8941565740278627e-06	1.196189299321944e-07	8.627903021486564e-07	0.06433129997458309	0.00319353717040284	0.003189660604596731
2962	3.246810136981056e-06	1.5671155910603923e-07	7.279802972055807e-07	0.06259629997657612	0.0035107317349385	0.003506600232945207
2963	3.303476519118229e-06	1.843713589440503e-07	7.41478602775453e-07	0.06396649999078363	0.0030634920178383256	0.003059262691357488
2964	5.510244579789934e-06	2.171962442915723e-07	7.813256831743987e-07	0.06411899998784065	0.003657480747293662	0.0036509719807864063
2965	5.884803933484448e-06	2.270699073893386e-07	7.903278793462418e-07	0.06339440000010654	0.0031995508098490518	0.0031926486081288313
2966	3.994003062935867e-06	1.9416039940739546e-07	5.586914158980778e-07	0.06352149997837842	0.002958450422149497	0.0029537035672712554
2967	2.7080564016672266e-06	2.14240059325303e-07	8.129949895221101e-07	0.06401370000094175	0.0034829169922896788	0.003479181700839164
2968	3.3055250395580133e-06	1.9060031852553523e-07	1.6434512035421982e-06	0.06360870000207797	0.0030805170567597792	0.0030753774801981536
2969	3.076675098237622e-06	1.42305683181483e-07	6.504655770150483e-07	0.05960070004221052	0.0023815276709032865	0.0023776582245448527
2970	2.532458062334531e-06	1.3272515361388315e-07	9.125101348543476e-07	0.06582459999481216	0.0032219548436682806	0.003218377150317478
2971	4.066390495799962e-06	1.8162934505384252e-07	5.299120353333408e-06	0.06408069998724386	0.002764210239955355	0.002754663099761168
2972	2.9784253159058e-06	1.9566228627654151e-07	5.563775583478678e-06	0.06592470000032336	0.0022367378721429684	0.002228000008957307
2973	1.8131959746046234e-06	1.6787421629198737e-07	3.7137571982215185e-06	0.06436080002458766	0.003320879593952802	0.0033151847665636837
2974	1.4202961078244148e-06	1.8420339027132092e-07	3.5129497736914837e-06	0.061222199990879744	0.002658895658109578	0.0026537782088377907
2975	2.0100102775938355e-06	1.9628328558311904e-07	3.0666717514001353e-06	0.06422820000443608	0.003670912205140763	0.003665639239826186
2976	2.4754838633137434e-06	1.7611381189188526e-07	1.216564681403804e-06	0.06776150001678616	0.0033974365063625727	0.003393568344005963
2977	4.2042933217439765e-06	1.3476631315831835e-07	1.0367404259797022e-06	0.06536369997775182	0.0033834563609248225	0.0033780805608639402
2978	5.916815582802132e-06	1.2897674391606933e-07	4.457136048798002e-06	0.06396569998469204	0.0028495415636093056	0.0028390386352337895
2979	4.5566952771408485e-06	1.4559119780314168e-07	5.333391147616947e-06	0.06369169999379665	0.0034812636868353872	0.0034712280092128265
2980	1.1975005107555152e-06	1.1388575043910499e-07	1.7140197614998242e-06	0.06277700001373887	0.002665922725215338	0.0026628973191926437
2981	1.1583059435679615e-06	1.3047481919920745e-07	5.749775293975148e-07	0.06506200000876561	0.002979740944928408	0.0029778771866362432
2982	2.2362892219271735e-06	1.1491972146828414e-07	4.991647314698112e-07	0.0639833000022918	0.002437648843322186	0.002434798469647321
2983	5.586571627423583e-06	1.4045907722463032e-07	2.249068223941619e-06	0.06489829998463392	0.0024547938819081397	0.0024468177829795497
2984	6.32753177177718e-06	1.5319189894243328e-07	3.7211998071852663e-06	0.06190239998977631	0.0027685133819540042	0.0027583114584760994
2985	1.7005832598630188e-06	1.1296173721857157e-07	7.306731458097877e-07	0.06369750003796071	0.002547395323049987	0.0025448511049070955
2986	1.178748669455416e-06	1.4734358983446805e-07	3.4693872314303848e-06	0.06150889996206388	0.0027662138862637148	0.0027614184067729945
2987	3.620269345542512e-06	2.0262186314810332e-07	9.659800183005558e-06	0.06559630000265315	0.0034151078160867725	0.0034016251246950764
2988	4.332229026039364e-06	1.6894902200033255e-07	9.37137752140015e-06	0.06391719996463507	0.0027817955658733396	0.0027679230103039
2989	2.9262253852046704e-06	1.5803268384897105e-07	5.1314641898679304e-06	0.06385629996657372	0.003271358215200276	0.0032631424929413545
2990	1.7676430637586373e-06	1.3417611432342268e-07	3.5214270695277703e-06	0.06469470000592992	0.0028971672280463743	0.0028917439817987647
2991	1.0762216320088554e-06	1.2282826456049676e-07	2.1213982610863263e-06	0.06511299998965114	0.002437397864345971	0.0024340774161883154
2992	6.226636796636495e-07	1.5134005401796087e-07	1.467389252509413e-06	0.06557170004816726	0.0033252789155932294	0.0033230375226070384
2993	5.844077651797108e-07	1.712015210555676e-07	3.7697152793524506e-06	0.060589500004425645	0.0025190543535985755	0.0025145290290329875
2994	6.450326311458454e-07	2.459017324393925e-07	5.892711672204151e-06	0.06460630003130063	0.0032364798289254517	0.0032296961828896624
2995	6.540594131593515e-07	1.9657491017592262e-07	4.5388335139659805e-06	0.06255360000068322	0.003882945346129298	0.003877555878291997
2996	7.267979846914077e-07	1.7479852992562407e-07	2.634029018278394e-06	0.06290409999201074	0.0025472590516766587	0.002543723426143763
2997	7.750849423253625e-07	1.841738157585483e-07	1.9513878347567204e-06	0.06468329997733235	0.003346696794489396	0.0033437861478965553
2998	3.834444054054384e-07	1.652697083724685e-07	2.6860464999828373e-06	0.06488870002795011	0.0032887770540253997	0.003285542293411639
2999	4.659312128692793e-07	1.0607071613871215e-07	8.587949054098973e-07	0.06444200000260025	0.0031031874785282083	0.00310175668169379
3000	1.9104113839950793e-06	8.025633249720097e-08	1.9764956909609706e-06	0.06371280003804713	0.0026466940710333808	0.0026427269076259273
