epoch	total	seconds
1	1e-23	0.1578395999968052
2	1e-23	0.001884699973743409
3	1e-23	0.0014026000280864537
4	1e-23	0.0013835999998264015
5	1e-23	0.0012379999971017241
6	1e-23	0.0011115000233985484
7	1e-23	0.00120599998626858
8	1e-23	0.0016008999664336443
9	1e-23	0.0011944000143557787
10	1e-23	0.0014044999843463302
11	1e-23	0.0010725999600254
12	1e-23	0.0010961999651044607
13	1e-23	0.001414800004567951
14	1e-23	0.00118830002611503
15	1e-23	0.0010732000228017569
16	1e-23	0.0010757999843917787
17	1e-23	0.0012683000531978905
18	1e-23	0.0011116999667137861
19	1e-23	0.0010547999991104007
20	1e-23	0.0011775000020861626
21	1e-23	0.0011909999884665012
22	1e-23	0.0011323000071570277
23	1e-23	0.001084199990145862
24	1e-23	0.0011729999678209424
25	1e-23	0.0011026999563910067
26	1e-23	0.001108099997509271
27	1e-23	0.001201900013256818
28	1e-23	0.0011005999986082315
29	1e-23	0.0010380999883636832
30	1e-23	0.0010448999819345772
31	1e-23	0.001108399999793619
32	1e-23	0.0012512999819591641
33	1e-23	0.0011349000269547105
34	1e-23	0.0012684999965131283
35	1e-23	0.001274299982469529
36	1e-23	0.0011289999820291996
37	1e-23	0.001163099950645119
38	1e-23	0.0013048999826423824
39	1e-23	0.0011266000219620764
40	1e-23	0.0010576000204309821
41	1e-23	0.0010541999945417047
42	1e-23	0.0013698000111617148
43	1e-23	0.0010808000224642456
44	1e-23	0.0010239000548608601
45	1e-23	0.0011913000489585102
46	1e-23	0.0012061999877914786
47	1e-23	0.0012109000235795975
48	1e-23	0.0012946000206284225
49	1e-23	0.0011360999778844416
50	1e-23	0.0010269000194966793
51	1e-23	0.0011153999948874116
52	1e-23	0.0012513999827206135
53	1e-23	0.0010750999790616333
54	1e-23	0.0010592000326141715
55	1e-23	0.001088000019080937
56	1e-23	0.0011769999982789159
57	1e-23	0.0011486999574117362
58	1e-23	0.00103859999217093
59	1e-23	0.001230000052601099
60	1e-23	0.0012642000219784677
61	1e-23	0.0011261999607086182
62	1e-23	0.0013222999987192452
63	1e-23	0.001132700010202825
64	1e-23	0.0010997999925166368
65	1e-23	0.0010588999721221626
66	1e-23	0.0010834000422619283
67	1e-23	0.0010807999642565846
68	1e-23	0.0010305999894626439
69	1e-23	0.0010514999739825726
70	1e-23	0.00107709999429062
71	1e-23	0.0010152999893762171
72	1e-23	0.001018200011458248
73	1e-23	0.0013460000045597553
74	1e-23	0.0011361000360921025
75	1e-23	0.0010479000047780573
76	1e-23	0.001026500016450882
77	1e-23	0.0011601000442169607
78	1e-23	0.0011674999841488898
79	1e-23	0.001028900034725666
80	1e-23	0.0010445000370964408
81	1e-23	0.0010964999673888087
82	1e-23	0.0010411000112071633
83	1e-23	0.001075900043360889
84	1e-23	0.0010266000172123313
85	1e-23	0.0010694999946281314
86	1e-23	0.0010624999995343387
87	1e-23	0.0012461000005714595
88	1e-23	0.001209900015965104
89	1e-23	0.0012621000059880316
90	1e-23	0.0011511999764479697
91	1e-23	0.0010972999734804034
92	1e-23	0.0010830999817699194
93	1e-23	0.0010525000398047268
94	1e-23	0.001014699984807521
95	1e-23	0.0011993999942205846
96	1e-23	0.0010751000372692943
97	1e-23	0.0010246000019833446
98	1e-23	0.001058699970599264
99	1e-23	0.0011206000344827771
100	1e-23	0.0012057999847456813
101	1e-23	0.0012665999820455909
102	1e-23	0.0015154000138863921
103	1e-23	0.0011756999883800745
104	1e-23	0.0011229999945499003
105	1e-23	0.0011525999871082604
106	1e-23	0.0012135000433772802
107	1e-23	0.0010659999679774046
108	1e-23	0.0010383999906480312
109	1e-23	0.0012015000102110207
110	1e-23	0.0011445999843999743
111	1e-23	0.0010531999869272113
112	1e-23	0.0010362999746575952
113	1e-23	0.0011999999987892807
114	1e-23	0.0012598999892361462
115	1e-23	0.001105500035919249
116	1e-23	0.0011136000393889844
117	1e-23	0.001198899990413338
118	1e-23	0.0011066999868489802
119	1e-23	0.0010744999744929373
120	1e-23	0.0011252000113017857
121	1e-23	0.0010802000178955495
122	1e-23	0.001036000030580908
123	1e-23	0.0010322999441996217
124	1e-23	0.0010763999889604747
125	1e-23	0.001053999993018806
126	1e-23	0.0010096000041812658
127	1e-23	0.0016322999726980925
128	1e-23	0.0010772999958135188
129	1e-23	0.0010230999905616045
130	1e-23	0.0010074999881908298
131	1e-23	0.0012400000123307109
132	1e-23	0.001083599985577166
133	1e-23	0.0010378000442869961
134	1e-23	0.0010249000042676926
135	1e-23	0.0010610000463202596
136	1e-23	0.001005800033453852
137	1e-23	0.0010933000012300909
138	1e-23	0.0011258000158704817
139	1e-23	0.0010843999916687608
140	1e-23	0.0015415000380016863
141	1e-23	0.0012020999565720558
142	1e-23	0.0011946999584324658
143	1e-23	0.0010979000362567604
144	1e-23	0.001076499989721924
145	1e-23	0.0011314000003039837
146	1e-23	0.0011545000015757978
147	1e-23	0.001106100040487945
148	1e-23	0.0010508000268600881
149	1e-23	0.001101300003938377
150	1e-23	0.00104599999031052
151	1e-23	0.0010786000057123601
152	1e-23	0.001034500019159168
153	1e-23	0.0010922999936155975
154	1e-23	0.0014830000000074506
155	1e-23	0.0010777999996207654
156	1e-23	0.001236199983395636
157	1e-23	0.001298600051086396
158	1e-23	0.0010744999744929373
159	1e-23	0.0010857000015676022
160	1e-23	0.0011292000417597592
161	1e-23	0.001060499984305352
162	1e-23	0.0010529999854043126
163	1e-23	0.0011984999873675406
164	1e-23	0.00104750000173226
165	1e-23	0.001001099997665733
166	1e-23	0.0010337000130675733
167	1e-23	0.0013418999733403325
168	1e-23	0.0011560000129975379
169	1e-23	0.0010850999969989061
170	1e-23	0.00109039997914806
171	1e-23	0.001061699993442744
172	1e-23	0.0009973000269383192
173	1e-23	0.0010308000491932034
174	1e-23	0.0010980999795719981
175	1e-23	0.0011426000273786485
176	1e-23	0.0010710000060498714
177	1e-23	0.0011053999769501388
178	1e-23	0.0015850000199861825
179	1e-23	0.0010684000444598496
180	1e-23	0.0012527999933809042
181	1e-23	0.001108700002077967
182	1e-23	0.0010544999968260527
183	1e-23	0.0010633000056259334
184	1e-23	0.001033600012306124
185	1e-23	0.0010650000185705721
186	1e-23	0.001013499975670129
187	1e-23	0.0010220999829471111
188	1e-23	0.001163099950645119
189	1e-23	0.0011529000476002693
190	1e-23	0.0011051999754272401
191	1e-23	0.0009938000002875924
192	1e-23	0.0010457999887876213
193	1e-23	0.0014758000033907592
194	1e-23	0.0012855000095441937
195	1e-23	0.0013589999871328473
196	1e-23	0.001208700006827712
197	1e-23	0.0010727000189945102
198	1e-23	0.001186200010124594
199	1e-23	0.0012648000265471637
200	1e-23	0.0011033000191673636
201	1e-23	0.0010164999985136092
202	1e-23	0.0010915999882854521
203	1e-23	0.0011895999778062105
204	1e-23	0.0010744999744929373
205	1e-23	0.001010499952826649
206	1e-23	0.00120310002239421
207	1e-23	0.0010054000304080546
208	1e-23	0.0010384000488556921
209	1e-23	0.001040700008161366
210	1e-23	0.0010790000087581575
211	1e-23	0.0010074999881908298
212	1e-23	0.001045699988026172
213	1e-23	0.0009948000079020858
214	1e-23	0.0010705000022426248
215	1e-23	0.0010229999898001552
216	1e-23	0.001041000010445714
217	1e-23	0.0010142999817617238
218	1e-23	0.0010500000207684934
219	1e-23	0.001038899994455278
220	1e-23	0.0011399000068195164
221	1e-23	0.0011755999876186252
222	1e-23	0.0010637999512255192
223	1e-23	0.0010187000152654946
224	1e-23	0.0010647000162862241
225	1e-23	0.0011044000275433064
226	1e-23	0.0010766000486910343
227	1e-23	0.001011400017887354
228	1e-23	0.0010296999826095998
229	1e-23	0.0010993999894708395
230	1e-23	0.0010511000291444361
231	1e-23	0.0010404999484308064
232	1e-23	0.0010189000167883933
233	1e-23	0.0011842999956570566
234	1e-23	0.0012401000130921602
235	1e-23	0.001039199996739626
236	1e-23	0.0012017999542877078
237	1e-23	0.0011226999922655523
238	1e-23	0.0010642000124789774
239	1e-23	0.0010264000156894326
240	1e-23	0.0011621000012382865
241	1e-23	0.001069999998435378
242	1e-23	0.0010238999966531992
243	1e-23	0.0010353999678045511
244	1e-23	0.0010798999574035406
245	1e-23	0.001035100023727864
246	1e-23	0.001038899994455278
247	1e-23	0.0010207999730482697
248	1e-23	0.0011451999889686704
249	1e-23	0.001186200010124594
250	1e-23	0.0011867000139318407
251	1e-23	0.001303600030951202
252	1e-23	0.0010777999996207654
253	1e-23	0.0010192999616265297
254	1e-23	0.0010989999864250422
255	1e-23	0.001129399985074997
256	1e-23	0.0010918999905698001
257	1e-23	0.001072899962309748
258	1e-23	0.001102200010791421
259	1e-23	0.0010155999916605651
260	1e-23	0.0010082999942824244
261	1e-23	0.000987500010523945
262	1e-23	0.0011434999760240316
263	1e-23	0.001240600016899407
264	1e-23	0.0010346999624744058
265	1e-23	0.0010264000156894326
266	1e-23	0.0012454999960027635
267	1e-23	0.0011180000146850944
268	1e-23	0.0010064999805763364
269	1e-23	0.0011852000025101006
270	1e-23	0.0011418000212870538
271	1e-23	0.0010902000358328223
272	1e-23	0.0010648000170476735
273	1e-23	0.0010797000140883029
274	1e-23	0.0010045000235550106
275	1e-23	0.0010018000029958785
276	1e-23	0.0012591999839060009
277	1e-23	0.0011059999815188348
278	1e-23	0.0010452999849803746
279	1e-23	0.0010197999654337764
280	1e-23	0.0010194999631494284
281	1e-23	0.0010686999885365367
282	1e-23	0.0010076999897137284
283	1e-23	0.0010714999516494572
284	1e-23	0.001124400005210191
285	1e-23	0.0011300999904051423
286	1e-23	0.0010395999997854233
287	1e-23	0.0010711000068113208
288	1e-23	0.0011341999634169042
289	1e-23	0.0010782000026665628
290	1e-23	0.001321100047789514
291	1e-23	0.0011354000307619572
292	1e-23	0.001152199984062463
293	1e-23	0.0010658999672159553
294	1e-23	0.0010087999980896711
295	1e-23	0.0010661999695003033
296	1e-23	0.001129399985074997
297	1e-23	0.001006099977530539
298	1e-23	0.0010153999901376665
299	1e-23	0.0011210000375285745
300	1e-23	0.0010477000032551587
301	1e-23	0.0010411999537609518
302	1e-23	0.0010081999935209751
303	1e-23	0.0010963999666273594
304	1e-23	0.001538700016681105
305	1e-23	0.0012026999611407518
306	1e-23	0.0011919000535272062
307	1e-23	0.001097199972718954
308	1e-23	0.0010261000134050846
309	1e-23	0.0010433000279590487
310	1e-23	0.0012252000160515308
311	1e-23	0.0010527000413276255
312	1e-23	0.0010116000194102526
313	1e-23	0.0010006000520661473
314	1e-23	0.0010575000196695328
315	1e-23	0.0010424000211060047
316	1e-23	0.0010361999738961458
317	1e-23	0.0010329000069759786
318	1e-23	0.001718799991067499
319	1e-23	0.0011187000200152397
320	1e-23	0.001118500018492341
321	1e-23	0.001130299991928041
322	1e-23	0.0011519999825395644
323	1e-23	0.0010964999673888087
324	1e-23	0.0011062999838031828
325	1e-23	0.001159899984486401
326	1e-23	0.0011035999632440507
327	1e-23	0.001027400023303926
328	1e-23	0.001069399993866682
329	1e-23	0.0010599999804981053
330	1e-23	0.0010791000095196068
331	1e-23	0.0010035000159405172
332	1e-23	0.0014842000091448426
333	1e-23	0.0011074000503867865
334	1e-23	0.0010575000196695328
335	1e-23	0.00117790000513196
336	1e-23	0.0011124999728053808
337	1e-23	0.0010046999668702483
338	1e-23	0.0010270000202581286
339	1e-23	0.0010613000486046076
340	1e-23	0.00101350003387779
341	1e-23	0.001075299980584532
342	1e-23	0.0011620000004768372
343	1e-23	0.0011528999893926084
344	1e-23	0.0010507000260986388
345	1e-23	0.0016258000396192074
346	1e-23	0.0011835999903269112
347	1e-23	0.001146599999628961
348	1e-23	0.001074100029654801
349	1e-23	0.0011309999972581863
350	1e-23	0.0011588000343181193
351	1e-23	0.0011075999937020242
352	1e-23	0.0010872000129893422
353	1e-23	0.0012733000330626965
354	1e-23	0.0011171000078320503
355	1e-23	0.001019700022879988
356	1e-23	0.0010380000458098948
357	1e-23	0.0010808000224642456
358	1e-23	0.0010590000310912728
359	1e-23	0.0012055999832227826
360	1e-23	0.0012599999899975955
361	1e-23	0.001160499989055097
362	1e-23	0.0010588000295683742
363	1e-23	0.0010188999585807323
364	1e-23	0.001046899997163564
365	1e-23	0.0010139999794773757
366	1e-23	0.000993099994957447
367	1e-23	0.0010099000064656138
368	1e-23	0.0010724000167101622
369	1e-23	0.0010457999887876213
370	1e-23	0.00100020004902035
371	1e-23	0.0010637000086717308
372	1e-23	0.001198899990413338
373	1e-23	0.0011552000069059432
374	1e-23	0.0010971000301651657
375	1e-23	0.0011430000304244459
376	1e-23	0.0011258000158704817
377	1e-23	0.0010192999616265297
378	1e-23	0.0010201999684795737
379	1e-23	0.0012555000139400363
380	1e-23	0.0011298999888822436
381	1e-23	0.0010452999849803746
382	1e-23	0.0010701999999582767
383	1e-23	0.0010901999776251614
384	1e-23	0.0010074999881908298
385	1e-23	0.0012507999781519175
386	1e-23	0.0012849000049754977
387	1e-23	0.0011038000229746103
388	1e-23	0.001048099948093295
389	1e-23	0.0011303999926894903
390	1e-23	0.0011645000195130706
391	1e-23	0.0010689999908208847
392	1e-23	0.0010216000373475254
393	1e-23	0.0011666000355035067
394	1e-23	0.0010784000041894615
395	1e-23	0.0010348999639973044
396	1e-23	0.0010181000106967986
397	1e-23	0.0012642000219784677
398	1e-23	0.0011349000269547105
399	1e-23	0.001003699959255755
400	1e-23	0.0012511000386439264
401	1e-23	0.0011363000376150012
402	1e-23	0.0011266999645158648
403	1e-23	0.0010224999859929085
404	1e-23	0.0010397000005468726
405	1e-23	0.0010742999729700387
406	1e-23	0.0010464999941177666
407	1e-23	0.0010546999983489513
408	1e-23	0.0011208999785594642
409	1e-23	0.0011631000088527799
410	1e-23	0.0010204999707639217
411	1e-23	0.001064100011717528
412	1e-23	0.0010798999574035406
413	1e-23	0.0010079999919980764
414	1e-23	0.001146299997344613
415	1e-23	0.00119570002425462
416	1e-23	0.0013311999500729144
417	1e-23	0.001115799997933209
418	1e-23	0.0010482000070624053
419	1e-23	0.0010740000288933516
420	1e-23	0.0010556000052019954
421	1e-23	0.0010510999709367752
422	1e-23	0.0010446999804116786
423	1e-23	0.0010718000121414661
424	1e-23	0.001047800004016608
425	1e-23	0.0010521000367589295
426	1e-23	0.0010676999809220433
427	1e-23	0.0012254000175744295
428	1e-23	0.0011662999750114977
429	1e-23	0.0010711000068113208
430	1e-23	0.0010492000146768987
431	1e-23	0.0010804000194184482
432	1e-23	0.0010190000175498426
433	1e-23	0.0011017000069841743
434	1e-23	0.0012505999766290188
435	1e-23	0.0010960999643430114
436	1e-23	0.0010035999584943056
437	1e-23	0.001114899991080165
438	1e-23	0.0013244000147096813
439	1e-23	0.0011002999963238835
440	1e-23	0.0011054999777115881
441	1e-23	0.0014117999817244709
442	1e-23	0.0010995999909937382
443	1e-23	0.0010563999530859292
444	1e-23	0.0012635000166483223
445	1e-23	0.0010800000163726509
446	1e-23	0.0010380999883636832
447	1e-23	0.001062900002580136
448	1e-23	0.0011326000094413757
449	1e-23	0.0010391000541858375
450	1e-23	0.00101200002245605
451	1e-23	0.0010301999864168465
452	1e-23	0.0010994000476785004
453	1e-23	0.001076199987437576
454	1e-23	0.0010173000046052039
455	1e-23	0.0011196000268682837
456	1e-23	0.0011193000245839357
457	1e-23	0.001036000030580908
458	1e-23	0.0010574000189080834
459	1e-23	0.0011791999568231404
460	1e-23	0.0011125999735668302
461	1e-23	0.0010229999898001552
462	1e-23	0.0010791999520733953
463	1e-23	0.0010813000262714922
464	1e-23	0.0010473000002093613
465	1e-23	0.0010130000300705433
466	1e-23	0.0010061999782919884
467	1e-23	0.0012592000421136618
468	1e-23	0.001104600029066205
469	1e-23	0.0011095000081695616
470	1e-23	0.0013414000277407467
471	1e-23	0.0011073999921791255
472	1e-23	0.0010412000119686127
473	1e-23	0.0010353000252507627
474	1e-23	0.0010945999529212713
475	1e-23	0.0010674999793991446
476	1e-23	0.00104160001501441
477	1e-23	0.0010020000045187771
478	1e-23	0.0010796000133268535
479	1e-23	0.0010227999882772565
480	1e-23	0.0009985000360757113
481	1e-23	0.0010216000373475254
482	1e-23	0.0010671999771147966
483	1e-23	0.0011233999975956976
484	1e-23	0.0011485000140964985
485	1e-23	0.0012346000294201076
486	1e-23	0.001178800011985004
487	1e-23	0.0010688999900594354
488	1e-23	0.0010092000011354685
489	1e-23	0.0011567000183276832
490	1e-23	0.0010754999821074307
491	1e-23	0.0010535999899730086
492	1e-23	0.0010145000414922833
493	1e-23	0.0010889999684877694
494	1e-23	0.0010127000277861953
495	1e-23	0.0009982000337913632
496	1e-23	0.001054599997587502
497	1e-23	0.0016509999986737967
498	1e-23	0.00118530000327155
499	1e-23	0.0011233999975956976
500	1e-23	0.0011262999614700675
501	1e-23	0.0010431999689899385
502	1e-23	0.001004900026600808
503	1e-23	0.001090099976863712
504	1e-23	0.0010683000436984003
505	1e-23	0.0010255000088363886
506	1e-23	0.00106380000943318
507	1e-23	0.0010886999662034214
508	1e-23	0.0011337000178173184
509	1e-23	0.001024999946821481
510	1e-23	0.0010108000133186579
511	1e-23	0.001751899952068925
512	1e-23	0.0011464999988675117
513	1e-23	0.0010418000165373087
514	1e-23	0.0010559000074863434
515	1e-23	0.0010296999826095998
516	1e-23	0.0010780000011436641
517	1e-23	0.0010463999933563173
518	1e-23	0.001132400007918477
519	1e-23	0.0011171000078320503
520	1e-23	0.0010488000116311014
521	1e-23	0.0010233999928459525
522	1e-23	0.0012496999697759748
523	1e-23	0.0011344999657012522
524	1e-23	0.0012085000053048134
525	1e-23	0.0012500000302679837
526	1e-23	0.0011904000421054661
527	1e-23	0.001140100008342415
528	1e-23	0.001014699984807521
529	1e-23	0.001227900036610663
530	1e-23	0.0010305999894626439
531	1e-23	0.000992799992673099
532	1e-23	0.0011661999742500484
533	1e-23	0.001152499986346811
534	1e-23	0.0010873000137507915
535	1e-23	0.0010445999796502292
536	1e-23	0.0010272999643348157
537	1e-23	0.0011375999893061817
538	1e-23	0.0014070000033825636
539	1e-23	0.0011499999673105776
540	1e-23	0.0010832000407390296
541	1e-23	0.001041300012730062
542	1e-23	0.0010562000097706914
543	1e-23	0.0012091000098735094
544	1e-23	0.0010611999896354973
545	1e-23	0.001032100000884384
546	1e-23	0.0009990999824367464
547	1e-23	0.001097200030926615
548	1e-23	0.001045399985741824
549	1e-23	0.001014099980238825
550	1e-23	0.0009965000208467245
551	1e-23	0.0011300999904051423
552	1e-23	0.0011026000138372183
553	1e-23	0.0010476000024937093
554	1e-23	0.0011474000057205558
555	1e-23	0.001261600002180785
556	1e-23	0.0011675999849103391
557	1e-23	0.0010451999842189252
558	1e-23	0.0012928000069223344
559	1e-23	0.0010607999865897
560	1e-23	0.0010074999881908298
561	1e-23	0.001018199953250587
562	1e-23	0.0010864000068977475
563	1e-23	0.0010902999783866107
564	1e-23	0.0010183000122196972
565	1e-23	0.001444699999410659
566	1e-23	0.0011568000190891325
567	1e-23	0.0010897000320255756
568	1e-23	0.001089499972295016
569	1e-23	0.001075299980584532
570	1e-23	0.001012599968817085
571	1e-23	0.0010328000062145293
572	1e-23	0.0010694999946281314
573	1e-23	0.0010783000034280121
574	1e-23	0.0010540999937802553
575	1e-23	0.0010006999946199358
576	1e-23	0.001053099986165762
577	1e-23	0.0010694999946281314
578	1e-23	0.0010411999537609518
579	1e-23	0.001298299990594387
580	1e-23	0.0012152999988757074
581	1e-23	0.0010996999917551875
582	1e-23	0.0010477000032551587
583	1e-23	0.0010003999923355877
584	1e-23	0.0011205000337213278
585	1e-23	0.0011377999908290803
586	1e-23	0.0010227999882772565
587	1e-23	0.0010306999902240932
588	1e-23	0.0010919999913312495
589	1e-23	0.0010517999762669206
590	1e-23	0.0010109000140801072
591	1e-23	0.0010363999754190445
592	1e-23	0.0010519999777898192
593	1e-23	0.001603499986231327
594	1e-23	0.0011893999762833118
595	1e-23	0.0011522999848239124
596	1e-23	0.0010482000070624053
597	1e-23	0.0010044000227935612
598	1e-23	0.00124299997696653
599	1e-23	0.0011358000338077545
600	1e-23	0.0010612999903969467
601	1e-23	0.0010255000088363886
602	1e-23	0.0010952000156976283
603	1e-23	0.0010600000387057662
604	1e-23	0.0010201000259257853
605	1e-23	0.001054000051226467
606	1e-23	0.0010513999732211232
607	1e-23	0.0012041000300087035
608	1e-23	0.0011021000100299716
609	1e-23	0.0011645000195130706
610	1e-23	0.0010784000041894615
611	1e-23	0.001073499966878444
612	1e-23	0.0010853999992832541
613	1e-23	0.0011427999706938863
614	1e-23	0.0011706999503076077
615	1e-23	0.0011035999632440507
616	1e-23	0.0010282999719493091
617	1e-23	0.0011407000129111111
618	1e-23	0.0010831000399775803
619	1e-23	0.0010630000033415854
620	1e-23	0.0012041000300087035
621	1e-23	0.0011720999609678984
622	1e-23	0.0011008000001311302
623	1e-23	0.0010485000093467534
624	1e-23	0.0011359000345692039
625	1e-23	0.0010937000042758882
626	1e-23	0.0010321999434381723
627	1e-23	0.0010785000049509108
628	1e-23	0.0011594999814406037
629	1e-23	0.0010981999803334475
630	1e-23	0.0010705000022426248
631	1e-23	0.0011115000233985484
632	1e-23	0.0010513000306673348
633	1e-23	0.0010192000190727413
634	1e-23	0.0011918999953195453
635	1e-23	0.001199199992697686
636	1e-23	0.0010804000194184482
637	1e-23	0.0010084999958053231
638	1e-23	0.0010650000185705721
639	1e-23	0.0010855000000447035
640	1e-23	0.001053999993018806
641	1e-23	0.0010421000188216567
642	1e-23	0.0010694999946281314
643	1e-23	0.0012332000187598169
644	1e-23	0.00104310002643615
645	1e-23	0.0010562000097706914
646	1e-23	0.0011224999907426536
647	1e-23	0.0011874999618157744
648	1e-23	0.0012020000140182674
649	1e-23	0.0011202999739907682
650	1e-23	0.0011341000208631158
651	1e-23	0.0011839999933727086
652	1e-23	0.0010172000038437545
653	1e-23	0.0010554999462328851
654	1e-23	0.0010219999821856618
655	1e-23	0.0010088999988511205
656	1e-23	0.0010777999996207654
657	1e-23	0.001099000044632703
658	1e-23	0.0010852999985218048
659	1e-23	0.0010002999915741384
660	1e-23	0.0010425999644212425
661	1e-23	0.0011441000388003886
662	1e-23	0.0013515999889932573
663	1e-23	0.0010421999613754451
664	1e-23	0.0010763999889604747
665	1e-23	0.0010970000294037163
666	1e-23	0.0010609000455588102
667	1e-23	0.001057300018146634
668	1e-23	0.0010647000162862241
669	1e-23	0.0010049999691545963
670	1e-23	0.0010156999924220145
671	1e-23	0.0010074999881908298
672	1e-23	0.001128799980506301
673	1e-23	0.0011017000069841743
674	1e-23	0.001019999966956675
675	1e-23	0.0010415000142529607
676	1e-23	0.0013779000146314502
677	1e-23	0.001201000006403774
678	1e-23	0.0011752999853342772
679	1e-23	0.0011236999998800457
680	1e-23	0.0010925999958999455
681	1e-23	0.0010222999844700098
682	1e-23	0.0010523000382818282
683	1e-23	0.001096600026357919
684	1e-23	0.0010952000156976283
685	1e-23	0.0010414000134915113
686	1e-23	0.00101200002245605
687	1e-23	0.001082400034647435
688	1e-23	0.001109000004362315
689	1e-23	0.0010162999969907105
690	1e-23	0.001427199982572347
691	1e-23	0.0011573999654501677
692	1e-23	0.0011156999971717596
693	1e-23	0.0010656000231392682
694	1e-23	0.0012297999928705394
695	1e-23	0.0010871000122278929
696	1e-23	0.0010097000049427152
697	1e-23	0.0010479999473318458
698	1e-23	0.001082399976439774
699	1e-23	0.0010118999634869397
700	1e-23	0.0010139999794773757
701	1e-23	0.0010165999992750585
702	1e-23	0.0011727000237442553
703	1e-23	0.0010727000189945102
704	1e-23	0.0012375999940559268
705	1e-23	0.0012495999690145254
706	1e-23	0.0010961000225506723
707	1e-23	0.0010226999875158072
708	1e-23	0.0010615000501275063
709	1e-23	0.0010856000008061528
710	1e-23	0.0010326000046916306
711	1e-23	0.001014700043015182
712	1e-23	0.0010341000161133707
713	1e-23	0.001076200045645237
714	1e-23	0.0010510000283829868
715	1e-23	0.001004900026600808
716	1e-23	0.0011058999807573855
717	1e-23	0.0010645999573171139
718	1e-23	0.0011882000253535807
719	1e-23	0.001078799949027598
720	1e-23	0.0012722000246867537
721	1e-23	0.0010774999973364174
722	1e-23	0.0010124999680556357
723	1e-23	0.0010232999920845032
724	1e-23	0.001073799969162792
725	1e-23	0.0010439999750815332
726	1e-23	0.0009938000002875924
727	1e-23	0.0010236999951303005
728	1e-23	0.0010547999991104007
729	1e-23	0.0009947000071406364
730	1e-23	0.00105640001129359
731	1e-23	0.0010151999886147678
732	1e-23	0.0013620000099763274
733	1e-23	0.0012262999662198126
734	1e-23	0.0010620999964885414
735	1e-23	0.001642499992158264
736	1e-23	0.001108099997509271
737	1e-23	0.001039799943100661
738	1e-23	0.001271700020879507
739	1e-23	0.0011360000353306532
740	1e-23	0.0010276000248268247
741	1e-23	0.0010305000469088554
742	1e-23	0.0010884999646805227
743	1e-23	0.0010091000003740191
744	1e-23	0.0010191999608650804
745	1e-23	0.001032100000884384
746	1e-23	0.0016236999654211104
747	1e-23	0.0010685999877750874
748	1e-23	0.0010393999982625246
749	1e-23	0.001052499981597066
750	1e-23	0.0010442999773658812
751	1e-23	0.0010301999864168465
752	1e-23	0.0010092000011354685
753	1e-23	0.001046899997163564
754	1e-23	0.0010173000046052039
755	1e-23	0.0010254000080749393
756	1e-23	0.0010603999835439026
757	1e-23	0.0011143999872729182
758	1e-23	0.0010100000072270632
759	1e-23	0.0010444999788887799
760	1e-23	0.0011755999876186252
761	1e-23	0.001340000017080456
762	1e-23	0.0012059000437147915
763	1e-23	0.0011021000100299716
764	1e-23	0.0010849999962374568
765	1e-23	0.00101940002059564
766	1e-23	0.001047199999447912
767	1e-23	0.001020000025164336
768	1e-23	0.0010822000331245363
769	1e-23	0.0010721000144258142
770	1e-23	0.0010306999902240932
771	1e-23	0.001115499995648861
772	1e-23	0.0011319000041112304
773	1e-23	0.0010449999826960266
774	1e-23	0.001089499972295016
775	1e-23	0.0011291999835520983
776	1e-23	0.0010973000316880643
777	1e-23	0.0010508000268600881
778	1e-23	0.0010648999596014619
779	1e-23	0.0010688999900594354
780	1e-23	0.0010292999795638025
781	1e-23	0.0010337999556213617
782	1e-23	0.0010399000020697713
783	1e-23	0.0010893999715335667
784	1e-23	0.0010242999996989965
785	1e-23	0.0009987999801523983
786	1e-23	0.001028000027872622
787	1e-23	0.0010580000234767795
788	1e-23	0.0016501000500284135
789	1e-23	0.0010824999772012234
790	1e-23	0.001402399968355894
791	1e-23	0.0012147999950684607
792	1e-23	0.0011813000310212374
793	1e-23	0.001159599982202053
794	1e-23	0.0012342999689280987
795	1e-23	0.0010871000122278929
796	1e-23	0.001122599991504103
797	1e-23	0.0011811999720521271
798	1e-23	0.0011391000007279217
799	1e-23	0.0010474000009708107
800	1e-23	0.0010855000000447035
801	1e-23	0.001110199955292046
802	1e-23	0.0010443999781273305
803	1e-23	0.0010189000167883933
804	1e-23	0.0012169000110588968
805	1e-23	0.0010764000471681356
806	1e-23	0.0010604000417515635
807	1e-23	0.0010992999887093902
808	1e-23	0.0011109000188298523
809	1e-23	0.0010305999894626439
810	1e-23	0.0010116000194102526
811	1e-23	0.0010474000009708107
812	1e-23	0.0010759999859146774
813	1e-23	0.0010557000059634447
814	1e-23	0.0010186000145040452
815	1e-23	0.001221999991685152
816	1e-23	0.001118500018492341
817	1e-23	0.0010724000167101622
818	1e-23	0.0010861000046133995
819	1e-23	0.0011968000326305628
820	1e-23	0.0011550000053830445
821	1e-23	0.0010594999766908586
822	1e-23	0.001285900012589991
823	1e-23	0.0011703000054694712
824	1e-23	0.001004899968393147
825	1e-23	0.0011294999858364463
826	1e-23	0.001360399997793138
827	1e-23	0.0011727000237442553
828	1e-23	0.0016297000111080706
829	1e-23	0.0012413000222295523
830	1e-23	0.0010698999976739287
831	1e-23	0.0010320000001229346
832	1e-23	0.0011501000262796879
833	1e-23	0.0011152999941259623
834	1e-23	0.0010833999840542674
835	1e-23	0.001118500018492341
836	1e-23	0.0011588000343181193
837	1e-23	0.0010586000280454755
838	1e-23	0.0010107000125572085
839	1e-23	0.0010084999958053231
840	1e-23	0.0012997000012546778
841	1e-23	0.0014143000007607043
842	1e-23	0.001053099986165762
843	1e-23	0.0011397000052966177
844	1e-23	0.0011477000080049038
845	1e-23	0.0010582999675534666
846	1e-23	0.0010226999875158072
847	1e-23	0.0012170000118203461
848	1e-23	0.001158699975349009
849	1e-23	0.0010835000430233777
850	1e-23	0.001112600031774491
851	1e-23	0.0010646000155247748
852	1e-23	0.0010082999942824244
853	1e-23	0.0009997999877668917
854	1e-23	0.0010387999936938286
855	1e-23	0.0012821999844163656
856	1e-23	0.0010946999536827207
857	1e-23	0.0010757999843917787
858	1e-23	0.0010867000091820955
859	1e-23	0.0010378999868407845
860	1e-23	0.0010176999494433403
861	1e-23	0.001053699990734458
862	1e-23	0.001152200042270124
863	1e-23	0.0010532999876886606
864	1e-23	0.0009987999801523983
865	1e-23	0.0010856000008061528
866	1e-23	0.0010658999672159553
867	1e-23	0.0010409000096842647
868	1e-23	0.000993099994957447
869	1e-23	0.0014028000296093524
870	1e-23	0.001202800020109862
871	1e-23	0.0011428999714553356
872	1e-23	0.0011195000261068344
873	1e-23	0.0010701999999582767
874	1e-23	0.0010159999947063625
875	1e-23	0.0010478999465703964
876	1e-23	0.0011863000108860433
877	1e-23	0.001185900007840246
878	1e-23	0.0010273000225424767
879	1e-23	0.0010076999897137284
880	1e-23	0.0011770999990403652
881	1e-23	0.0010736999684013426
882	1e-23	0.0010329000069759786
883	1e-23	0.0012922000023536384
884	1e-23	0.0011872000177390873
885	1e-23	0.0010615999926812947
886	1e-23	0.0010785000049509108
887	1e-23	0.0012037000269629061
888	1e-23	0.0010853999992832541
889	1e-23	0.0010999999940395355
890	1e-23	0.001055800006724894
891	1e-23	0.0011017000069841743
892	1e-23	0.0010762999881990254
893	1e-23	0.0010260999551974237
894	1e-23	0.0010685999877750874
895	1e-23	0.0010571999591775239
896	1e-23	0.0010643000132404268
897	1e-23	0.001253599999472499
898	1e-23	0.0011356000322848558
899	1e-23	0.0010956000187434256
900	1e-23	0.0010221999837085605
901	1e-23	0.0010589000303298235
902	1e-23	0.001201000006403774
903	1e-23	0.0010745999752543867
904	1e-23	0.0010133999749086797
905	1e-23	0.0010844999924302101
906	1e-23	0.0011969999759458005
907	1e-23	0.0011036000214517117
908	1e-23	0.0010593000333756208
909	1e-23	0.0011286999797448516
910	1e-23	0.0010586000280454755
911	1e-23	0.001686599978711456
912	1e-23	0.0011029999586753547
913	1e-23	0.0010756999836303294
914	1e-23	0.0010085999965667725
915	1e-23	0.0010198000236414373
916	1e-23	0.0010855000000447035
917	1e-23	0.0010165999992750585
918	1e-23	0.0010658000246621668
919	1e-23	0.0010518000344745815
920	1e-23	0.0010503000230528414
921	1e-23	0.0010431999689899385
922	1e-23	0.0010029999539256096
923	1e-23	0.0010300999856553972
924	1e-23	0.0011252000113017857
925	1e-23	0.0012771000037901103
926	1e-23	0.0011931000044569373
927	1e-23	0.0013126999838277698
928	1e-23	0.0011111999629065394
929	1e-23	0.00105339998845011
930	1e-23	0.0010522999800741673
931	1e-23	0.0010775000555440784
932	1e-23	0.0010426000226289034
933	1e-23	0.001030100043863058
934	1e-23	0.0010402000043541193
935	1e-23	0.0011511999764479697
936	1e-23	0.001159899984486401
937	1e-23	0.00105489999987185
938	1e-23	0.0011564000160433352
939	1e-23	0.0011823999811895192
940	1e-23	0.0011131999781355262
941	1e-23	0.0010132999741472304
942	1e-23	0.0011163000017404556
943	1e-23	0.0010376000427640975
944	1e-23	0.001039800001308322
945	1e-23	0.0010516000329516828
946	1e-23	0.0010670000337995589
947	1e-23	0.0010244000004604459
948	1e-23	0.0010328000062145293
949	1e-23	0.0010276000248268247
950	1e-23	0.001158099970780313
951	1e-23	0.001066999975591898
952	1e-23	0.0009975999710150063
953	1e-23	0.0012810000334866345
954	1e-23	0.001104900031350553
955	1e-23	0.0011054999777115881
956	1e-23	0.0010306999902240932
957	1e-23	0.0010447999811731279
958	1e-23	0.0011271000257693231
959	1e-23	0.0010379999876022339
960	1e-23	0.001039800001308322
961	1e-23	0.0012497000279836357
962	1e-23	0.0010914999875240028
963	1e-23	0.00102090003201738
964	1e-23	0.0010377000435255468
965	1e-23	0.001116100000217557
966	1e-23	0.0010366999777033925
967	1e-23	0.0011962999706156552
968	1e-23	0.0012733000330626965
969	1e-23	0.0012331000179983675
970	1e-23	0.001074399973731488
971	1e-23	0.0010723000159487128
972	1e-23	0.0010963999666273594
973	1e-23	0.0010174000053666532
974	1e-23	0.0010196000221185386
975	1e-23	0.0010455000447109342
976	1e-23	0.0011047999723814428
977	1e-23	0.001014099980238825
978	1e-23	0.0009925999911502004
979	1e-23	0.0010233999928459525
980	1e-23	0.0011381000513210893
981	1e-23	0.0018583000055514276
982	1e-23	0.0013471999554894865
983	1e-23	0.001242699974682182
984	1e-23	0.0011800999636761844
985	1e-23	0.0012416999670676887
986	1e-23	0.0012215999886393547
987	1e-23	0.0010961000225506723
988	1e-23	0.0010583000257611275
989	1e-23	0.0011644000187516212
990	1e-23	0.0011417000205256045
991	1e-23	0.0011081999982707202
992	1e-23	0.0010609999881125987
993	1e-23	0.0012241999502293766
994	1e-23	0.001292100001592189
995	1e-23	0.0011506000300869346
996	1e-23	0.00133200001437217
997	1e-23	0.001123800000641495
998	1e-23	0.001075000036507845
999	1e-23	0.0011391000007279217
1000	1e-23	0.0011888999724760652
1001	1e-23	0.0011466999421827495
1002	1e-23	0.0010842999909073114
1003	1e-23	0.0011817000340670347
1004	1e-23	0.0011703000054694712
1005	1e-23	0.0011251000105403364
1006	1e-23	0.0015990000101737678
1007	1e-23	0.001226999971549958
1008	1e-23	0.0010802000178955495
1009	1e-23	0.0010706999455578625
1010	1e-23	0.0011668999795801938
1011	1e-23	0.0011799000203609467
1012	1e-23	0.001130899996496737
1013	1e-23	0.001177300000563264
1014	1e-23	0.0010506999678909779
1015	1e-23	0.0010839999886229634
1016	1e-23	0.0010670000337995589
1017	1e-23	0.0012037999695166945
1018	1e-23	0.001083299983292818
1019	1e-23	0.0015717999776825309
1020	1e-23	0.001472500036470592
1021	1e-23	0.0011331000132486224
1022	1e-23	0.0010443999781273305
1023	1e-23	0.0011465000570751727
1024	1e-23	0.0010986999841406941
1025	1e-23	0.0011002999963238835
1026	1e-23	0.0010723000159487128
1027	1e-23	0.001153399993199855
1028	1e-23	0.0010660000261850655
1029	1e-23	0.0010584000265225768
1030	1e-23	0.0010735000250861049
1031	1e-23	0.0011490000179037452
1032	1e-23	0.0011622000019997358
1033	1e-23	0.0011061999830417335
1034	1e-23	0.0010918999905698001
1035	1e-23	0.001090100035071373
1036	1e-23	0.001022100041154772
1037	1e-23	0.0010231999913230538
1038	1e-23	0.0011676999856717885
1039	1e-23	0.0011314000003039837
1040	1e-23	0.0010498999617993832
1041	1e-23	0.0010643000132404268
1042	1e-23	0.001081200025510043
1043	1e-23	0.0010544000542722642
1044	1e-23	0.0010441000340506434
1045	1e-23	0.0011807000264525414
1046	1e-23	0.0013257000246085227
1047	1e-23	0.0010843999916687608
1048	1e-23	0.0010284999734722078
1049	1e-23	0.0011699000024236739
1050	1e-23	0.0011580000282265246
1051	1e-23	0.0011208999785594642
1052	1e-23	0.0011204000329598784
1053	1e-23	0.0011139999842271209
1054	1e-23	0.0010915000457316637
1055	1e-23	0.0010479000047780573
1056	1e-23	0.0011345000239089131
1057	1e-23	0.0010915999882854521
1058	1e-23	0.0010808000224642456
1059	1e-23	0.0011770999990403652
1060	1e-23	0.001261900004465133
1061	1e-23	0.001144499983638525
1062	1e-23	0.0010822000331245363
1063	1e-23	0.00115130003541708
1064	1e-23	0.001157199963927269
1065	1e-23	0.0010665999725461006
1066	1e-23	0.0010720000136643648
1067	1e-23	0.001153699995484203
1068	1e-23	0.0011236999998800457
1069	1e-23	0.001040400005877018
1070	1e-23	0.0010425999644212425
1071	1e-23	0.0011535999947227538
1072	1e-23	0.001615600020159036
1073	1e-23	0.0011947000166401267
1074	1e-23	0.001233199960552156
1075	1e-23	0.0011081999982707202
1076	1e-23	0.0011139000416733325
1077	1e-23	0.0011943000135943294
1078	1e-23	0.0011298999888822436
1079	1e-23	0.0010676999809220433
1080	1e-23	0.0010352999670431018
1081	1e-23	0.0012509999796748161
1082	1e-23	0.0010897000320255756
1083	1e-23	0.0010155999916605651
1084	1e-23	0.001090699981432408
1085	1e-23	0.0013383000041358173
1086	1e-23	0.0012402000138536096
1087	1e-23	0.0011766999959945679
1088	1e-23	0.001269300002604723
1089	1e-23	0.0010929999989457428
1090	1e-23	0.0010223000426776707
1091	1e-23	0.001201000006403774
1092	1e-23	0.001088600023649633
1093	1e-23	0.0010416999575681984
1094	1e-23	0.0010935000027529895
1095	1e-23	0.0011141000431962311
1096	1e-23	0.001067299977876246
1097	1e-23	0.0010807999642565846
1098	1e-23	0.0010299999848939478
1099	1e-23	0.0014120999840088189
1100	1e-23	0.0011891000322066247
1101	1e-23	0.0013417999725788832
1102	1e-23	0.0011567000183276832
1103	1e-23	0.0010594999766908586
1104	1e-23	0.0010165999992750585
1105	1e-23	0.0010142999817617238
1106	1e-23	0.0013487000251188874
1107	1e-23	0.0011780000058934093
1108	1e-23	0.0010748999775387347
1109	1e-23	0.0011141999857500196
1110	1e-23	0.001096900028642267
1111	1e-23	0.00101500004529953
1112	1e-23	0.0011139999842271209
1113	1e-23	0.0011432000319473445
1114	1e-23	0.001026500016450882
1115	1e-23	0.0010461999918334186
1116	1e-23	0.0010562000097706914
1117	1e-23	0.0010912999860011041
1118	1e-23	0.0010508000268600881
1119	1e-23	0.0010307999909855425
1120	1e-23	0.0010988000431098044
1121	1e-23	0.001068799989297986
1122	1e-23	0.001014699984807521
1123	1e-23	0.0010643000132404268
1124	1e-23	0.0010887000244110823
1125	1e-23	0.0010320000001229346
1126	1e-23	0.0011015000054612756
1127	1e-23	0.001218099961988628
1128	1e-23	0.0012545999488793314
1129	1e-23	0.00107409997144714
1130	1e-23	0.0010504999663680792
1131	1e-23	0.0011058999807573855
1132	1e-23	0.0012220999924466014
1133	1e-23	0.001139500003773719
1134	1e-23	0.0010606999858282506
1135	1e-23	0.001403600035700947
1136	1e-23	0.0010987999849021435
1137	1e-23	0.0010371999815106392
1138	1e-23	0.0010571000166237354
1139	1e-23	0.0010716999531723559
1140	1e-23	0.0012110000243410468
1141	1e-23	0.0010489000123925507
1142	1e-23	0.0010933999437838793
1143	1e-23	0.0010560000082477927
1144	1e-23	0.0010514999739825726
1145	1e-23	0.0010313999955542386
1146	1e-23	0.0010908000404015183
1147	1e-23	0.001061399991158396
1148	1e-23	0.0011431999737396836
1149	1e-23	0.0011359999771229923
1150	1e-23	0.0011014000046998262
1151	1e-23	0.0010052999714389443
1152	1e-23	0.0010121000232174993
1153	1e-23	0.0010347000206820667
1154	1e-23	0.0010911999852396548
1155	1e-23	0.0010511999716982245
1156	1e-23	0.0010904999799095094
1157	1e-23	0.0010691999923437834
1158	1e-23	0.0010204999707639217
1159	1e-23	0.0010158999939449131
1160	1e-23	0.0010783000034280121
1161	1e-23	0.0010445000370964408
1162	1e-23	0.0010183000122196972
1163	1e-23	0.0009818999678827822
1164	1e-23	0.0010508999694138765
1165	1e-23	0.0011746999807655811
1166	1e-23	0.0011187999625690281
1167	1e-23	0.0010355999693274498
1168	1e-23	0.0010538999922573566
1169	1e-23	0.0012179000186733902
1170	1e-23	0.0010719000129029155
1171	1e-23	0.0010584999690763652
1172	1e-23	0.0011319000041112304
1173	1e-23	0.0011847999994643033
1174	1e-23	0.0010460999910719693
1175	1e-23	0.0011064999853260815
1176	1e-23	0.0012135999859310687
1177	1e-23	0.001098100037779659
1178	1e-23	0.0010516999755054712
1179	1e-23	0.0010591999744065106
1180	1e-23	0.001090999983716756
1181	1e-23	0.0010753999813459814
1182	1e-23	0.0016081000212579966
1183	1e-23	0.0011724999640136957
1184	1e-23	0.0010676999809220433
1185	1e-23	0.0010464999941177666
1186	1e-23	0.0010985999833792448
1187	1e-23	0.0010710000060498714
1188	1e-23	0.0010426000226289034
1189	1e-23	0.0010217000381089747
1190	1e-23	0.0010941000073216856
1191	1e-23	0.0011210999800823629
1192	1e-23	0.0010789000079967082
1193	1e-23	0.0010602999827824533
1194	1e-23	0.0011267000227235258
1195	1e-23	0.0011792999575845897
1196	1e-23	0.001324000011663884
1197	1e-23	0.001221699989400804
1198	1e-23	0.001091300044208765
1199	1e-23	0.0010960999643430114
1200	1e-23	0.0010344000183977187
1201	1e-23	0.0011704000062309206
1202	1e-23	0.001137999992351979
1203	1e-23	0.0010086999973282218
1204	1e-23	0.001048100006300956
1205	1e-23	0.0010745999752543867
1206	1e-23	0.0010048000258393586
1207	1e-23	0.001055500004440546
1208	1e-23	0.0010473000002093613
1209	1e-23	0.0010523000382818282
1210	1e-23	0.0010980000370182097
1211	1e-23	0.00121189997298643
1212	1e-23	0.0015811999910511076
1213	1e-23	0.0011956000234931707
1214	1e-23	0.0011203999747522175
1215	1e-23	0.001109300006646663
1216	1e-23	0.0010828999802470207
1217	1e-23	0.0011100000119768083
1218	1e-23	0.0010568000143393874
1219	1e-23	0.0011389999999664724
1220	1e-23	0.0010785000049509108
1221	1e-23	0.0010356999700888991
1222	1e-23	0.00105640001129359
1223	1e-23	0.0013134999899193645
1224	1e-23	0.001334100030362606
1225	1e-23	0.001096300024073571
1226	1e-23	0.0011503000278025866
1227	1e-23	0.0011204999755136669
1228	1e-23	0.0010571000166237354
1229	1e-23	0.001062900002580136
1230	1e-23	0.0011490000179037452
1231	1e-23	0.0010219000396318734
1232	1e-23	0.0011642000172287226
1233	1e-23	0.00105050002457574
1234	1e-23	0.0010501000215299428
1235	1e-23	0.0010650999611243606
1236	1e-23	0.0010052999714389443
1237	1e-23	0.001290299987886101
1238	1e-23	0.001236200041603297
1239	1e-23	0.0010512000299058855
1240	1e-23	0.0010339999571442604
1241	1e-23	0.0010716000106185675
1242	1e-23	0.0009987999801523983
1243	1e-23	0.0010457999887876213
1244	1e-23	0.0010828000376932323
1245	1e-23	0.0010509000276215374
1246	1e-23	0.0010092000011354685
1247	1e-23	0.0010012999991886318
1248	1e-23	0.0010935000027529895
1249	1e-23	0.001164000015705824
1250	1e-23	0.001095400017220527
1251	1e-23	0.0009879000135697424
1252	1e-23	0.0012314000050537288
1253	1e-23	0.0011645000195130706
1254	1e-23	0.0010670000337995589
1255	1e-23	0.0010070999851450324
1256	1e-23	0.0011839999933727086
1257	1e-23	0.0010601000394672155
1258	1e-23	0.0010023000068031251
1259	1e-23	0.001041000010445714
1260	1e-23	0.0010507999686524272
1261	1e-23	0.0010074999881908298
1262	1e-23	0.0010068999836221337
1263	1e-23	0.0010392000549472868
1264	1e-23	0.0010876000160351396
1265	1e-23	0.0014420000370591879
1266	1e-23	0.0012089000083506107
1267	1e-23	0.0012174000148661435
1268	1e-23	0.0010491000139154494
1269	1e-23	0.0010443999781273305
1270	1e-23	0.001166099973488599
1271	1e-23	0.0011614999966695905
1272	1e-23	0.0011075000511482358
1273	1e-23	0.0010128000285476446
1274	1e-23	0.0010565000120550394
1275	1e-23	0.0010665999725461006
1276	1e-23	0.0010153999901376665
1277	1e-23	0.000996299961116165
1278	1e-23	0.001080900023225695
1279	1e-23	0.0013735000393353403
1280	1e-23	0.0011233999975956976
1281	1e-23	0.0011166000040248036
1282	1e-23	0.0012018000124953687
1283	1e-23	0.0010850999969989061
1284	1e-23	0.001039800001308322
1285	1e-23	0.0011943000135943294
1286	1e-23	0.0011440999805927277
1287	1e-23	0.001025900011882186
1288	1e-23	0.001025900011882186
1289	1e-23	0.0011871999595314264
1290	1e-23	0.0010744999744929373
1291	1e-23	0.0010318999993614852
1292	1e-23	0.0011080000549554825
1293	1e-23	0.0011569000198505819
1294	1e-23	0.0010265999590046704
1295	1e-23	0.0010316999978385866
1296	1e-23	0.0011661999742500484
1297	1e-23	0.0011095000081695616
1298	1e-23	0.0010110000148415565
1299	1e-23	0.0010176000068895519
1300	1e-23	0.0010988999856635928
1301	1e-23	0.0010884999646805227
1302	1e-23	0.0010587999713607132
1303	1e-23	0.0009993999847210944
1304	1e-23	0.001117000007070601
1305	1e-23	0.001168500049971044
1306	1e-23	0.0011793000157922506
1307	1e-23	0.0012713000178337097
1308	1e-23	0.0011697000009007752
1309	1e-23	0.00104160001501441
1310	1e-23	0.0010210000327788293
1311	1e-23	0.0014812999870628119
1312	1e-23	0.0014043999835848808
1313	1e-23	0.0010902999783866107
1314	1e-23	0.0011065000435337424
1315	1e-23	0.0010726000182330608
1316	1e-23	0.001021499978378415
1317	1e-23	0.0010419999598525465
1318	1e-23	0.0010636000079102814
1319	1e-23	0.0015444000018760562
1320	1e-23	0.0012318000080995262
1321	1e-23	0.0012996000004932284
1322	1e-23	0.001083599985577166
1323	1e-23	0.0010223999852314591
1324	1e-23	0.0010848999954760075
1325	1e-23	0.0010688999900594354
1326	1e-23	0.0010553000029176474
1327	1e-23	0.0010507999686524272
1328	1e-23	0.0010866000084206462
1329	1e-23	0.0010736000258475542
1330	1e-23	0.00102090003201738
1331	1e-23	0.0010050000273622572
1332	1e-23	0.001108700002077967
1333	1e-23	0.0011503000278025866
1334	1e-23	0.0010580999660305679
1335	1e-23	0.0010775999980978668
1336	1e-23	0.0010713999508880079
1337	1e-23	0.001055200002156198
1338	1e-23	0.0010585999698378146
1339	1e-23	0.001013200031593442
1340	1e-23	0.001170800009276718
1341	1e-23	0.001143299974501133
1342	1e-23	0.0010724000167101622
1343	1e-23	0.0011890000314451754
1344	1e-23	0.0011142999865114689
1345	1e-23	0.001095399959012866
1346	1e-23	0.0010528999846428633
1347	1e-23	0.001097199972718954
1348	1e-23	0.0012313000042922795
1349	1e-23	0.001067600038368255
1350	1e-23	0.0010574000189080834
1351	1e-23	0.0010828999802470207
1352	1e-23	0.0010633000056259334
1353	1e-23	0.00104599999031052
1354	1e-23	0.0010837999871000648
1355	1e-23	0.0011230000527575612
1356	1e-23	0.0010302999871782959
1357	1e-23	0.0010466999956406653
1358	1e-23	0.0011169000063091516
1359	1e-23	0.0010596999782137573
1360	1e-23	0.0010081999935209751
1361	1e-23	0.001020899973809719
1362	1e-23	0.0013117000344209373
1363	1e-23	0.0010743000311776996
1364	1e-23	0.0010435000294819474
1365	1e-23	0.0010642000124789774
1366	1e-23	0.0010697999969124794
1367	1e-23	0.0010246000019833446
1368	1e-23	0.001128799980506301
1369	1e-23	0.001136199978645891
1370	1e-23	0.0011792000150308013
1371	1e-23	0.0011373000452294946
1372	1e-23	0.0010271999635733664
1373	1e-23	0.0012475000112317502
1374	1e-23	0.0011065000435337424
1375	1e-23	0.0013727000332437456
1376	1e-23	0.001513299997895956
1377	1e-23	0.0011539999977685511
1378	1e-23	0.0011020000092685223
1379	1e-23	0.001143599976785481
1380	1e-23	0.0010985999833792448
1381	1e-23	0.0010461000492796302
1382	1e-23	0.0010343999601900578
1383	1e-23	0.0011158999986946583
1384	1e-23	0.0010791999520733953
1385	1e-23	0.0010077999904751778
1386	1e-23	0.0010215999791398644
1387	1e-23	0.0010858000023290515
1388	1e-23	0.0010837999871000648
1389	1e-23	0.0011924999998882413
1390	1e-23	0.001041000010445714
1391	1e-23	0.0010796000133268535
1392	1e-23	0.001092500053346157
1393	1e-23	0.001074400031939149
1394	1e-23	0.0010531999869272113
1395	1e-23	0.001075299980584532
1396	1e-23	0.0010195999639108777
1397	1e-23	0.0010160999954678118
1398	1e-23	0.0012298999936319888
1399	1e-23	0.0011752999853342772
1400	1e-23	0.0010634000063873827
1401	1e-23	0.0010348999639973044
1402	1e-23	0.0013749999925494194
1403	1e-23	0.0011213000398129225
1404	1e-23	0.0010627000010572374
1405	1e-23	0.001089499972295016
1406	1e-23	0.0011292999843135476
1407	1e-23	0.0010948999552056193
1408	1e-23	0.0010190000175498426
1409	1e-23	0.0011405000113882124
1410	1e-23	0.0010562999523244798
1411	1e-23	0.0010350000229664147
1412	1e-23	0.0009926999919116497
1413	1e-23	0.0010582999675534666
1414	1e-23	0.0010203999700024724
1415	1e-23	0.0010257000103592873
1416	1e-23	0.0017121999990195036
1417	1e-23	0.001101000001654029
1418	1e-23	0.0010367000359110534
1419	1e-23	0.0010452000424265862
1420	1e-23	0.001062600000295788
1421	1e-23	0.0010683999862521887
1422	1e-23	0.000998100033029914
1423	1e-23	0.001047800004016608
1424	1e-23	0.0010593000333756208
1425	1e-23	0.0010600000387057662
1426	1e-23	0.0010115000186488032
1427	1e-23	0.000984199985396117
1428	1e-23	0.0011431000311858952
1429	1e-23	0.0011180000146850944
1430	1e-23	0.001428999996278435
1431	1e-23	0.0011870000162161887
1432	1e-23	0.0010337999556213617
1433	1e-23	0.0010284999734722078
1434	1e-23	0.0010091000003740191
1435	1e-23	0.0010803000186569989
1436	1e-23	0.001066099968738854
1437	1e-23	0.0010567999561317265
1438	1e-23	0.0010547999991104007
1439	1e-23	0.0010600999812595546
1440	1e-23	0.001045099983457476
1441	1e-23	0.0009982999763451517
1442	1e-23	0.0009905999759212136
1443	1e-23	0.0010590999736450613
1444	1e-23	0.0012102000182494521
1445	1e-23	0.0010435000294819474
1446	1e-23	0.0011971000349149108
1447	1e-23	0.001110500015784055
1448	1e-23	0.0010287000332027674
1449	1e-23	0.0009870000067166984
1450	1e-23	0.0010721000144258142
1451	1e-23	0.0010867000091820955
1452	1e-23	0.0010399000020697713
1453	1e-23	0.00099870003759861
1454	1e-23	0.001137399987783283
1455	1e-23	0.0010083999950438738
1456	1e-23	0.00108589994488284
1457	1e-23	0.0009930000524036586
1458	1e-23	0.0015403999714180827
1459	1e-23	0.0011031999601982534
1460	1e-23	0.0010582000249996781
1461	1e-23	0.0012761999969370663
1462	1e-23	0.0010349000222049654
1463	1e-23	0.0010489999549463391
1464	1e-23	0.0010218999814242125
1465	1e-23	0.0010969999711960554
1466	1e-23	0.0010301999864168465
1467	1e-23	0.001032400003168732
1468	1e-23	0.0011343000223860145
1469	1e-23	0.001173799973912537
1470	1e-23	0.001099300046917051
1471	1e-23	0.0010236999951303005
1472	1e-23	0.001476900011766702
1473	1e-23	0.0010432000271975994
1474	1e-23	0.0010414000134915113
1475	1e-23	0.00105489999987185
1476	1e-23	0.0011196000268682837
1477	1e-23	0.0010645999573171139
1478	1e-23	0.001013799977954477
1479	1e-23	0.001150999974925071
1480	1e-23	0.0011067999876104295
1481	1e-23	0.0010417999583296478
1482	1e-23	0.0010331000084988773
1483	1e-23	0.0010592000326141715
1484	1e-23	0.0010618999949656427
1485	1e-23	0.0015489000361412764
1486	1e-23	0.001143299974501133
1487	1e-23	0.00120009999955073
1488	1e-23	0.0011150999926030636
1489	1e-23	0.0010994999902322888
1490	1e-23	0.0012290000449866056
1491	1e-23	0.0010559000074863434
1492	1e-23	0.0010388000519014895
1493	1e-23	0.001036600035149604
1494	1e-23	0.0010615999926812947
1495	1e-23	0.0010077999904751778
1496	1e-23	0.0010198999661952257
1497	1e-23	0.0010498000192455947
1498	1e-23	0.001504999992903322
1499	1e-23	0.0012231000000610948
1500	1e-23	0.0010439999750815332
1501	1e-23	0.0011193999671377242
1502	1e-23	0.0010660000261850655
1503	1e-23	0.0010476000024937093
1504	1e-23	0.0010165999992750585
1505	1e-23	0.0010760999866761267
1506	1e-23	0.0010084999958053231
1507	1e-23	0.001084800052922219
1508	1e-23	0.0010874000145122409
1509	1e-23	0.0011701000039465725
1510	1e-23	0.0010645000147633255
1511	1e-23	0.0010074999881908298
1512	1e-23	0.001564200036227703
1513	1e-23	0.00121929997112602
1514	1e-23	0.0010784000041894615
1515	1e-23	0.0011998999980278313
1516	1e-23	0.0011591000366024673
1517	1e-23	0.001130899996496737
1518	1e-23	0.0010667999740689993
1519	1e-23	0.0013284999877214432
1520	1e-23	0.0011121000279672444
1521	1e-23	0.0010460000485181808
1522	1e-23	0.0012679999927058816
1523	1e-23	0.0011134999804198742
1524	1e-23	0.001018199953250587
1525	1e-23	0.0011235999991185963
1526	1e-23	0.00121339998440817
1527	1e-23	0.0010754999821074307
1528	1e-23	0.0010926999966613948
1529	1e-23	0.0010771999950520694
1530	1e-23	0.0010893000289797783
1531	1e-23	0.0010315000545233488
1532	1e-23	0.00103270000545308
1533	1e-23	0.001272000023163855
1534	1e-23	0.0011569000198505819
1535	1e-23	0.0010804000194184482
1536	1e-23	0.0010582000249996781
1537	1e-23	0.001256000017747283
1538	1e-23	0.0011260000173933804
1539	1e-23	0.001186200010124594
1540	1e-23	0.0013167000142857432
1541	1e-23	0.0010646000155247748
1542	1e-23	0.0010219999821856618
1543	1e-23	0.001021499978378415
1544	1e-23	0.00135420000879094
1545	1e-23	0.0011339999618940055
1546	1e-23	0.0010160999954678118
1547	1e-23	0.0010367000359110534
1548	1e-23	0.0010927999974228442
1549	1e-23	0.0010368999792262912
1550	1e-23	0.0010399000020697713
1551	1e-23	0.001082699978724122
1552	1e-23	0.0011252000113017857
1553	1e-23	0.0011888999724760652
1554	1e-23	0.0010851999977603555
1555	1e-23	0.001101000001654029
1556	1e-23	0.0010750999790616333
1557	1e-23	0.0010109999566338956
1558	1e-23	0.0010306999902240932
1559	1e-23	0.0012079000007361174
1560	1e-23	0.0011035000206902623
1561	1e-23	0.0010415000142529607
1562	1e-23	0.0010353000252507627
1563	1e-23	0.0011024000123143196
1564	1e-23	0.0011233999975956976
1565	1e-23	0.0010745999752543867
1566	1e-23	0.0014341999776661396
1567	1e-23	0.0015218000044114888
1568	1e-23	0.0011156999971717596
1569	1e-23	0.0010917999898083508
1570	1e-23	0.0010270000202581286
1571	1e-23	0.001035400026012212
1572	1e-23	0.0009972000261768699
1573	1e-23	0.0012639999622479081
1574	1e-23	0.0011045999708585441
1575	1e-23	0.001040400005877018
1576	1e-23	0.00102240004343912
1577	1e-23	0.0010686999885365367
1578	1e-23	0.0010379999876022339
1579	1e-23	0.0009948000079020858
1580	1e-23	0.0012382999993860722
1581	1e-23	0.0012184999650344253
1582	1e-23	0.0010877999593503773
1583	1e-23	0.0010272000217810273
1584	1e-23	0.0013271000352688134
1585	1e-23	0.0010871000122278929
1586	1e-23	0.001053999993018806
1587	1e-23	0.0011540999985300004
1588	1e-23	0.0011213000398129225
1589	1e-23	0.001050200022291392
1590	1e-23	0.0010270000202581286
1591	1e-23	0.0011770999990403652
1592	1e-23	0.0011251000105403364
1593	1e-23	0.0011691999970935285
1594	1e-23	0.0010978999780490994
1595	1e-23	0.0011896000360138714
1596	1e-23	0.0010881000198423862
1597	1e-23	0.0010258000111207366
1598	1e-23	0.001262499950826168
1599	1e-23	0.0010980999795719981
1600	1e-23	0.0010235999943688512
1601	1e-23	0.0010754000395536423
1602	1e-23	0.0011689999955706298
1603	1e-23	0.0012210000422783196
1604	1e-23	0.00108299998100847
1605	1e-23	0.0011434999760240316
1606	1e-23	0.001184399996418506
1607	1e-23	0.0011341000208631158
1608	1e-23	0.0010760000441223383
1609	1e-23	0.0011712000123225152
1610	1e-23	0.0010789999505504966
1611	1e-23	0.0010722000151872635
1612	1e-23	0.0010596000356599689
1613	1e-23	0.00120160001097247
1614	1e-23	0.001088300021365285
1615	1e-23	0.00103420001687482
1616	1e-23	0.0010409000096842647
1617	1e-23	0.001074699976015836
1618	1e-23	0.001073499966878444
1619	1e-23	0.0010346000199206173
1620	1e-23	0.0011833000462502241
1621	1e-23	0.001076799992006272
1622	1e-23	0.001041300012730062
1623	1e-23	0.0010039000189863145
1624	1e-23	0.0011876999633386731
1625	1e-23	0.0010711000068113208
1626	1e-23	0.0010039000189863145
1627	1e-23	0.0010322000016458333
1628	1e-23	0.0010692999931052327
1629	1e-23	0.0010080999927595258
1630	1e-23	0.0010587000288069248
1631	1e-23	0.0010559000074863434
1632	1e-23	0.0012955000274814665
1633	1e-23	0.0016621000249870121
1634	1e-23	0.0012011999497190118
1635	1e-23	0.0011136000393889844
1636	1e-23	0.0010743000311776996
1637	1e-23	0.0010186000145040452
1638	1e-23	0.0010661999695003033
1639	1e-23	0.001127899973653257
1640	1e-23	0.0013072000001557171
1641	1e-23	0.0010541999945417047
1642	1e-23	0.0010774999973364174
1643	1e-23	0.0010170000023208559
1644	1e-23	0.001058999972883612
1645	1e-23	0.0010500000207684934
1646	1e-23	0.0011204000329598784
1647	1e-23	0.001400300010573119
1648	1e-23	0.0011332000140100718
1649	1e-23	0.0011832999880425632
1650	1e-23	0.001101899950299412
1651	1e-23	0.001033000007737428
1652	1e-23	0.0010050999699160457
1653	1e-23	0.001081200025510043
1654	1e-23	0.0010115000186488032
1655	1e-23	0.0010071999859064817
1656	1e-23	0.0010710999486036599
1657	1e-23	0.0010615999926812947
1658	1e-23	0.0010638999519869685
1659	1e-23	0.0010149999870918691
1660	1e-23	0.0011089000036008656
1661	1e-23	0.0014403000241145492
1662	1e-23	0.0011771999998018146
1663	1e-23	0.001228500041179359
1664	1e-23	0.0011627000058069825
1665	1e-23	0.0011745000374503434
1666	1e-23	0.0010609999881125987
1667	1e-23	0.0011891999747604132
1668	1e-23	0.0011243000044487417
1669	1e-23	0.0010418999590910971
1670	1e-23	0.0010525999823585153
1671	1e-23	0.0011060999822802842
1672	1e-23	0.0010222999844700098
1673	1e-23	0.0010204999707639217
1674	1e-23	0.001007299986667931
1675	1e-23	0.0012778000091202557
1676	1e-23	0.0011224999907426536
1677	1e-23	0.0010081999935209751
1678	1e-23	0.0011752999853342772
1679	1e-23	0.0013315000105649233
1680	1e-23	0.0011105999583378434
1681	1e-23	0.0010229999898001552
1682	1e-23	0.001077399996574968
1683	1e-23	0.0009985999786294997
1684	1e-23	0.000998399977106601
1685	1e-23	0.0010654000216163695
1686	1e-23	0.0011140999849885702
1687	1e-23	0.0010636000079102814
1688	1e-23	0.001090100035071373
1689	1e-23	0.0012209999840706587
1690	1e-23	0.0012134999851696193
1691	1e-23	0.0010506000253371894
1692	1e-23	0.0010107000125572085
1693	1e-23	0.0011841999948956072
1694	1e-23	0.0010504000238142908
1695	1e-23	0.0010288000339642167
1696	1e-23	0.0011342000216245651
1697	1e-23	0.0011833000462502241
1698	1e-23	0.0010964000248350203
1699	1e-23	0.0010060000349767506
1700	1e-23	0.001042800024151802
1701	1e-23	0.0015977000002749264
1702	1e-23	0.0011516999802552164
1703	1e-23	0.0011826999834738672
1704	1e-23	0.0010969999711960554
1705	1e-23	0.0010343000176362693
1706	1e-23	0.001068499987013638
1707	1e-23	0.0011477000080049038
1708	1e-23	0.0010106000117957592
1709	1e-23	0.0010486000101082027
1710	1e-23	0.0010646999580785632
1711	1e-23	0.0010650999611243606
1712	1e-23	0.001053999993018806
1713	1e-23	0.0010390999959781766
1714	1e-23	0.0010222999844700098
1715	1e-23	0.0012163000064902008
1716	1e-23	0.0011430000304244459
1717	1e-23	0.0010216000373475254
1718	1e-23	0.0011660000309348106
1719	1e-23	0.0010477000032551587
1720	1e-23	0.001038299989886582
1721	1e-23	0.000887800008058548
1722	1e-23	0.0011261000181548297
1723	1e-23	0.0017100999830290675
1724	1e-23	0.0016759000136516988
1725	1e-23	0.0017503999988548458
1726	1e-23	0.0016398000298067927
1727	1e-23	0.001707899966277182
1728	1e-23	0.0012012999504804611
1729	1e-23	0.0010859000030905008
1730	1e-23	0.0010547999991104007
1731	1e-23	0.0012169999536126852
1732	1e-23	0.0010210999753326178
1733	1e-23	0.000901699997484684
1734	1e-23	0.0008820999646559358
1735	1e-23	0.0008913000347092748
1736	1e-23	0.0014430999872274697
1737	1e-23	0.001213400042615831
1738	1e-23	0.0008869000012055039
1739	1e-23	0.0009250000002793968
1740	1e-23	0.0015879999846220016
1741	1e-23	0.0009292999748140574
1742	1e-23	0.0009347000159323215
1743	1e-23	0.001004900026600808
1744	1e-23	0.0008789999992586672
1745	1e-23	0.0009468999924138188
1746	1e-23	0.0011181000154465437
1747	1e-23	0.0012060999870300293
1748	1e-23	0.0010749000357463956
1749	1e-23	0.0011233999975956976
1750	1e-23	0.0010254000080749393
1751	1e-23	0.0009414000087417662
1752	1e-23	0.0008486000006087124
1753	1e-23	0.0008928000461310148
1754	1e-23	0.0010762999881990254
1755	1e-23	0.0011644000187516212
1756	1e-23	0.0010732000228017569
1757	1e-23	0.0010768999927677214
1758	1e-23	0.0009886000188998878
1759	1e-23	0.0010596000356599689
1760	1e-23	0.0008669999660924077
1761	1e-23	0.0008740999619476497
1762	1e-23	0.0012045000330545008
1763	1e-23	0.0011200999724678695
1764	1e-23	0.0010143000399693847
1765	1e-23	0.0010862000053748488
1766	1e-23	0.0010354999685660005
1767	1e-23	0.0010477000032551587
1768	1e-23	0.00103270000545308
1769	1e-23	0.001185900007840246
1770	1e-23	0.0009246999979950488
1771	1e-23	0.0008965000160969794
1772	1e-23	0.0009583000210113823
1773	1e-23	0.0009086999925784767
1774	1e-23	0.0008735000155866146
1775	1e-23	0.0008728000102564692
1776	1e-23	0.000868900038767606
1777	1e-23	0.0008661000174470246
1778	1e-23	0.0008697999874129891
1779	1e-23	0.0008852000464685261
1780	1e-23	0.000971200002823025
1781	1e-23	0.0008914999780245125
1782	1e-23	0.0010301999864168465
1783	1e-23	0.0009122000192292035
1784	1e-23	0.0010568000143393874
1785	1e-23	0.0009365000296384096
1786	1e-23	0.0009970999672077596
1787	1e-23	0.0009577000164426863
1788	1e-23	0.0008678000303916633
1789	1e-23	0.001124700007494539
1790	1e-23	0.0017571999924257398
1791	1e-23	0.001707899966277182
1792	1e-23	0.0017986000166274607
1793	1e-23	0.0016361000016331673
1794	1e-23	0.001642799994442612
1795	1e-23	0.0017447000136598945
1796	1e-23	0.001930000027641654
1797	1e-23	0.0016233999631367624
1798	1e-23	0.0009195999591611326
1799	1e-23	0.0008880999521352351
1800	1e-23	0.0008687999797984958
1801	1e-23	0.0009845999884419143
1802	1e-23	0.0009134000283665955
1803	1e-23	0.000929499976336956
1804	1e-23	0.000874800025485456
1805	1e-23	0.0008508000173605978
1806	1e-23	0.0009006999898701906
1807	1e-23	0.000887800008058548
1808	1e-23	0.0009604000370018184
1809	1e-23	0.000943099963478744
1810	1e-23	0.0010921999928541481
1811	1e-23	0.001004599966108799
1812	1e-23	0.0010105999535880983
1813	1e-23	0.0010102000087499619
1814	1e-23	0.001016200054436922
1815	1e-23	0.0009931999957188964
1816	1e-23	0.0009657999617047608
1817	1e-23	0.0009293000330217183
1818	1e-23	0.0018901000148616731
1819	1e-23	0.001043400028720498
1820	1e-23	0.0010151999886147678
1821	1e-23	0.0011017000069841743
1822	1e-23	0.0009203000226989388
1823	1e-23	0.001061099988874048
1824	1e-23	0.0009704999974928796
1825	1e-23	0.0008843000396154821
1826	1e-23	0.0014457000070251524
1827	1e-23	0.0016673000063747168
1828	1e-23	0.0010499999625608325
1829	1e-23	0.001019099960103631
1830	1e-23	0.0009401999996043742
1831	1e-23	0.0008704000501893461
1832	1e-23	0.0009677000343799591
1833	1e-23	0.0008607000345364213
1834	1e-23	0.0008686999790370464
1835	1e-23	0.0009156999876722693
1836	1e-23	0.0009130999678745866
1837	1e-23	0.0009533000411465764
1838	1e-23	0.0008987000328488648
1839	1e-23	0.0008658000151626766
1840	1e-23	0.0011594999814406037
1841	1e-23	0.0010599999804981053
1842	1e-23	0.0009331999463029206
1843	1e-23	0.0009831000352278352
1844	1e-23	0.0009910999797284603
1845	1e-23	0.0010953000164590776
1846	1e-23	0.0009972999687306583
1847	1e-23	0.0008973999647423625
1848	1e-23	0.0008971999632194638
1849	1e-23	0.0009373999782837927
1850	1e-23	0.0009772000485099852
1851	1e-23	0.0008833000320009887
1852	1e-23	0.0008968000183813274
1853	1e-23	0.0009127999655902386
1854	1e-23	0.0008648000075481832
1855	1e-23	0.0009209000272676349
1856	1e-23	0.0010353000252507627
1857	1e-23	0.0010338000138290226
1858	1e-23	0.0010039000189863145
1859	1e-23	0.0009496999555267394
1860	1e-23	0.0009673999738879502
1861	1e-23	0.0009027999476529658
1862	1e-23	0.0011075999937020242
1863	1e-23	0.0011204000329598784
1864	1e-23	0.0009029999491758645
1865	1e-23	0.0008723000064492226
1866	1e-23	0.0010285000316798687
1867	1e-23	0.0009031000081449747
1868	1e-23	0.0009099000017158687
1869	1e-23	0.000901399995200336
1870	1e-23	0.001004899968393147
1871	1e-23	0.0009787000017240644
1872	1e-23	0.0013028000248596072
1873	1e-23	0.0022314999951049685
1874	1e-23	0.001647000026423484
1875	1e-23	0.001021800038870424
1876	1e-23	0.0009046000195667148
1877	1e-23	0.0008592000231146812
1878	1e-23	0.0008668999653309584
1879	1e-23	0.0008771999855525792
1880	1e-23	0.0009321999968960881
1881	1e-23	0.0009315999923273921
1882	1e-23	0.0008463000413030386
1883	1e-23	0.0008865999989211559
1884	1e-23	0.0009176000021398067
1885	1e-23	0.0010118000209331512
1886	1e-23	0.0008721000049263239
1887	1e-23	0.0009767000447027385
1888	1e-23	0.0009389999904669821
1889	1e-23	0.0010015000007115304
1890	1e-23	0.0009488000068813562
1891	1e-23	0.0009209999698214233
1892	1e-23	0.0008806000114418566
1893	1e-23	0.000909099995624274
1894	1e-23	0.001066099968738854
1895	1e-23	0.0010723999585025012
1896	1e-23	0.0008645999478176236
1897	1e-23	0.0008944000001065433
1898	1e-23	0.001166699978057295
1899	1e-23	0.0009797000093385577
1900	1e-23	0.0008927999879233539
1901	1e-23	0.0010365000343881547
1902	1e-23	0.0009471999946981668
1903	1e-23	0.001060499984305352
1904	1e-23	0.001020599971525371
1905	1e-23	0.0009865000029094517
1906	1e-23	0.0010998999932780862
1907	1e-23	0.000999599986243993
1908	1e-23	0.0009091999963857234
1909	1e-23	0.0009295999770984054
1910	1e-23	0.0009125000215135515
1911	1e-23	0.0008989999769255519
1912	1e-23	0.0008329000556841493
1913	1e-23	0.0008539999835193157
1914	1e-23	0.0008788999984972179
1915	1e-23	0.0008995000389404595
1916	1e-23	0.001498199999332428
1917	1e-23	0.001650799997150898
1918	1e-23	0.0008918999810703099
1919	1e-23	0.0009073999826796353
1920	1e-23	0.0008673000265844166
1921	1e-23	0.000915299984626472
1922	1e-23	0.000980700016953051
1923	1e-23	0.000991899985820055
1924	1e-23	0.0009111000108532608
1925	1e-23	0.0008989999769255519
1926	1e-23	0.0009251000010408461
1927	1e-23	0.001851600012741983
1928	1e-23	0.0010325999464839697
1929	1e-23	0.001269000000320375
1930	1e-23	0.0019353999523445964
1931	1e-23	0.0009552999981679022
1932	1e-23	0.000965900020673871
1933	1e-23	0.0012291999883018434
1934	1e-23	0.0009886000188998878
1935	1e-23	0.0009182000067085028
1936	1e-23	0.0009115999564528465
1937	1e-23	0.0008766999817453325
1938	1e-23	0.000882500025909394
1939	1e-23	0.0008928999886848032
1940	1e-23	0.0008495999500155449
1941	1e-23	0.0010959000210277736
1942	1e-23	0.000943400023970753
1943	1e-23	0.0008803000091575086
1944	1e-23	0.0012082000030204654
1945	1e-23	0.0010510000283829868
1946	1e-23	0.0009926999919116497
1947	1e-23	0.0009166999952867627
1948	1e-23	0.0009234999888576567
1949	1e-23	0.0008681999752297997
1950	1e-23	0.0008645000052638352
1951	1e-23	0.0009581999620422721
1952	1e-23	0.0008581000147387385
1953	1e-23	0.000916799996048212
1954	1e-23	0.0009106000070460141
1955	1e-23	0.0009399999980814755
1956	1e-23	0.0008702999912202358
1957	1e-23	0.0010350999655202031
1958	1e-23	0.0010230999905616045
1959	1e-23	0.0009939000010490417
1960	1e-23	0.0010870000114664435
1961	1e-23	0.0009867000044323504
1962	1e-23	0.0009939000010490417
1963	1e-23	0.0009423000155948102
1964	1e-23	0.000986600003670901
1965	1e-23	0.0009001999860629439
1966	1e-23	0.0010397000005468726
1967	1e-23	0.0009628999978303909
1968	1e-23	0.0009399999980814755
1969	1e-23	0.000882200023625046
1970	1e-23	0.0008769999840296805
1971	1e-23	0.0008795000030659139
1972	1e-23	0.0009144999785348773
1973	1e-23	0.0008779000490903854
1974	1e-23	0.000929799978621304
1975	1e-23	0.0008712999988347292
1976	1e-23	0.0010816999711096287
1977	1e-23	0.0016653999919071794
1978	1e-23	0.0013129999861121178
1979	1e-23	0.0009688999853096902
1980	1e-23	0.0009454999817535281
1981	1e-23	0.0011901999823749065
1982	1e-23	0.0010762999881990254
1983	1e-23	0.0008910999749787152
1984	1e-23	0.0008700000471435487
1985	1e-23	0.0008769000414758921
1986	1e-23	0.0014480999670922756
1987	1e-23	0.001103100017644465
1988	1e-23	0.0009389999904669821
1989	1e-23	0.0008783999946899712
1990	1e-23	0.0010034999577328563
1991	1e-23	0.0010077999904751778
1992	1e-23	0.000927699962630868
1993	1e-23	0.0009025000035762787
1994	1e-23	0.00094959995476529
1995	1e-23	0.0009367999737150967
1996	1e-23	0.0009082999895326793
1997	1e-23	0.0008874000050127506
1998	1e-23	0.0009154999861493707
1999	1e-23	0.001103100017644465
2000	1e-23	0.0014054999919608235
2001	1e-23	0.0009056000271812081
2002	1e-23	0.0010452999849803746
2003	1e-23	0.0008844999829307199
2004	1e-23	0.0009770000469870865
2005	1e-23	0.0016225000144913793
2006	1e-23	0.001604100049007684
2007	1e-23	0.0008766999817453325
2008	1e-23	0.0008788999984972179
2009	1e-23	0.0009636000031605363
2010	1e-23	0.0008980000275187194
2011	1e-23	0.0014528000028803945
2012	1e-23	0.0016706999740563333
2013	1e-23	0.0008749000262469053
2014	1e-23	0.0010069000418297946
2015	1e-23	0.0009915000409819186
2016	1e-23	0.0010205000289715827
2017	1e-23	0.0010073999874293804
2018	1e-23	0.0013728999765589833
2019	1e-23	0.0017475999775342643
2020	1e-23	0.0010859000030905008
2021	1e-23	0.0009907000348903239
2022	1e-23	0.000907299981918186
2023	1e-23	0.0009067999781109393
2024	1e-23	0.0010054000304080546
2025	1e-23	0.0009275999618694186
2026	1e-23	0.0008879999513737857
2027	1e-23	0.0008649000083096325
2028	1e-23	0.0014313000137917697
2029	1e-23	0.0009574000141583383
2030	1e-23	0.0009135999716818333
2031	1e-23	0.0009444000315852463
2032	1e-23	0.0010805000201798975
2033	1e-23	0.0016706999740563333
2034	1e-23	0.001826199993956834
2035	1e-23	0.0016534000169485807
2036	1e-23	0.0009287000284530222
2037	1e-23	0.0008915999787859619
2038	1e-23	0.0009833000367507339
2039	1e-23	0.0009045000188052654
2040	1e-23	0.0009075000416487455
2041	1e-23	0.000921199971344322
2042	1e-23	0.0009018999990075827
2043	1e-23	0.00149789999704808
2044	1e-23	0.001269900007173419
2045	1e-23	0.0018754000193439424
2046	1e-23	0.001045099983457476
2047	1e-23	0.0009592999704182148
2048	1e-23	0.0009240999934263527
2049	1e-23	0.0009318999946117401
2050	1e-23	0.000980400014668703
2051	1e-23	0.0008986999746412039
2052	1e-23	0.0008710999973118305
2053	1e-23	0.0009469999931752682
2054	1e-23	0.0009790000040084124
2055	1e-23	0.0009434999665245414
2056	1e-23	0.0009011999936774373
2057	1e-23	0.0010430999682284892
2058	1e-23	0.0013089000131003559
2059	1e-23	0.0009729000157676637
2060	1e-23	0.0015848999610170722
2061	1e-23	0.00099130003945902
2062	1e-23	0.0009489000076428056
2063	1e-23	0.0010374000412411988
2064	1e-23	0.0009299000375904143
2065	1e-23	0.0009598000324331224
2066	1e-23	0.0009272000170312822
2067	1e-23	0.0008851999882608652
2068	1e-23	0.0008824000251479447
2069	1e-23	0.0010085999965667725
2070	1e-23	0.0013355999835766852
2071	1e-23	0.0008945999434217811
2072	1e-23	0.0015737999929115176
2073	1e-23	0.0012732000323012471
2074	1e-23	0.0010895999730564654
2075	1e-23	0.0019230000325478613
2076	1e-23	0.0010061000357382
2077	1e-23	0.0009876000112853944
2078	1e-23	0.0010203999700024724
2079	1e-23	0.0009667000267654657
2080	1e-23	0.0009392999927513301
2081	1e-23	0.0009415000095032156
2082	1e-23	0.000851699966005981
2083	1e-23	0.0009811000199988484
2084	1e-23	0.0008928999886848032
2085	1e-23	0.0009435999672859907
2086	1e-23	0.0009404000011272728
2087	1e-23	0.0009521000320091844
2088	1e-23	0.0014174000243656337
2089	1e-23	0.0011152999941259623
2090	1e-23	0.0009342000121250749
2091	1e-23	0.0011494000209495425
2092	1e-23	0.0012233000015839934
2093	1e-23	0.0009054999682120979
2094	1e-23	0.0017927999724633992
2095	1e-23	0.0014845000114291906
2096	1e-23	0.000907599984202534
2097	1e-23	0.0010337000130675733
2098	1e-23	0.0011418999638408422
2099	1e-23	0.0009615999879315495
2100	1e-23	0.0009381999843753874
2101	1e-23	0.0008909999742172658
2102	1e-23	0.0013840000028721988
2103	1e-23	0.0010620999964885414
2104	1e-23	0.0008783000521361828
2105	1e-23	0.0010228999890387058
2106	1e-23	0.0009267999557778239
2107	1e-23	0.0010340999579057097
2108	1e-23	0.0009229000424966216
2109	1e-23	0.0008956000092439353
2110	1e-23	0.0009301999816671014
2111	1e-23	0.0010009999969042838
2112	1e-23	0.0010249000042676926
2113	1e-23	0.001685700030066073
2114	1e-23	0.001007900049444288
2115	1e-23	0.0012558000162243843
2116	1e-23	0.0014615000109188259
2117	1e-23	0.0013617000076919794
2118	1e-23	0.0012132999836467206
2119	1e-23	0.0009383999858982861
2120	1e-23	0.001579799980390817
2121	1e-23	0.0017056000069715083
2122	1e-23	0.0013340999721549451
2123	1e-23	0.0009640000062063336
2124	1e-23	0.0008911999757401645
2125	1e-23	0.0008753999718464911
2126	1e-23	0.0009182000067085028
2127	1e-23	0.000989799969829619
2128	1e-23	0.0010790000087581575
2129	1e-23	0.0009837000397965312
2130	1e-23	0.0011765999952331185
2131	1e-23	0.001327300036791712
2132	1e-23	0.0010153999901376665
2133	1e-23	0.0010296999826095998
2134	1e-23	0.001059599977452308
2135	1e-23	0.0009310999885201454
2136	1e-23	0.0010436000302433968
2137	1e-23	0.0012107000220566988
2138	1e-23	0.0010734000243246555
2139	1e-23	0.001024700002744794
2140	1e-23	0.0009209999698214233
2141	1e-23	0.0009441000293008983
2142	1e-23	0.0012597000459209085
2143	1e-23	0.0011408999562263489
2144	1e-23	0.0014287999947555363
2145	1e-23	0.001124100002925843
2146	1e-23	0.0010836999863386154
2147	1e-23	0.001514800009317696
2148	1e-23	0.000984500045888126
2149	1e-23	0.0010061999782919884
2150	1e-23	0.0009624999947845936
2151	1e-23	0.0008835000335238874
2152	1e-23	0.0008826000266708434
2153	1e-23	0.0009814999648369849
2154	1e-23	0.0010156999924220145
2155	1e-23	0.0010119000216946006
2156	1e-23	0.0010174999479204416
2157	1e-23	0.0012021000147797167
2158	1e-23	0.001103400019928813
2159	1e-23	0.0009857999975793064
2160	1e-23	0.0012647000257857144
2161	1e-23	0.0015588999958708882
2162	1e-23	0.0010634000063873827
2163	1e-23	0.0010397000005468726
2164	1e-23	0.0010176000068895519
2165	1e-23	0.0009354999638162553
2166	1e-23	0.0009645000100135803
2167	1e-23	0.0010053999722003937
2168	1e-23	0.0009747999720275402
2169	1e-23	0.0010445999796502292
2170	1e-23	0.0009692000458016992
2171	1e-23	0.0009616999886929989
2172	1e-23	0.002008099982049316
2173	1e-23	0.001962500042282045
2174	1e-23	0.001609700033441186
2175	1e-23	0.001051599974744022
2176	1e-23	0.0009450999787077308
2177	1e-23	0.0013363000471144915
2178	1e-23	0.002035600016824901
2179	1e-23	0.001656099979300052
2180	1e-23	0.0012006000033579767
2181	1e-23	0.0014121999847702682
2182	1e-23	0.0014062999980524182
2183	1e-23	0.0013027000240981579
2184	1e-23	0.0011691999970935285
2185	1e-23	0.0010714000090956688
2186	1e-23	0.0012448999914340675
2187	1e-23	0.001088600023649633
2188	1e-23	0.0011631000088527799
2189	1e-23	0.0010719000129029155
2190	1e-23	0.0010961000225506723
2191	1e-23	0.0010935000027529895
2192	1e-23	0.001070300000719726
2193	1e-23	0.0011721999617293477
2194	1e-23	0.0011817000340670347
2195	1e-23	0.0012386000016704202
2196	1e-23	0.0012390000047162175
2197	1e-23	0.0011687999940477312
2198	1e-23	0.0011159999994561076
2199	1e-23	0.0010674999793991446
2200	1e-23	0.0014498999807983637
2201	1e-23	0.0013074000016786158
2202	1e-23	0.0011884000268764794
2203	1e-23	0.0011849000002257526
2204	1e-23	0.001121399982366711
2205	1e-23	0.0010486999526619911
2206	1e-23	0.0010963999666273594
2207	1e-23	0.0011416999623179436
2208	1e-23	0.0014878999791108072
2209	1e-23	0.0011656000278890133
2210	1e-23	0.0013021000195294619
2211	1e-23	0.001112900034058839
2212	1e-23	0.0011092000058852136
2213	1e-23	0.0011354000307619572
2214	1e-23	0.0011739999754354358
2215	1e-23	0.0011364000383764505
2216	1e-23	0.0010866000084206462
2217	1e-23	0.0012028999626636505
2218	1e-23	0.0010371999815106392
2219	1e-23	0.0010379000450484455
2220	1e-23	0.0011479000095278025
2221	1e-23	0.0013279999839141965
2222	1e-23	0.0011969000333920121
2223	1e-23	0.0012080000014975667
2224	1e-23	0.0013144000549800694
2225	1e-23	0.001282900047954172
2226	1e-23	0.0010839999886229634
2227	1e-23	0.001241500023752451
2228	1e-23	0.0011749000404961407
2229	1e-23	0.0010546999983489513
2230	1e-23	0.0011481000110507011
2231	1e-23	0.0011502999695949256
2232	1e-23	0.0010798000148497522
2233	1e-23	0.0011033000191673636
2234	1e-23	0.0012366999872028828
2235	1e-23	0.0011915999930351973
2236	1e-23	0.0010748999775387347
2237	1e-23	0.0011209000367671251
2238	1e-23	0.0011072999914176762
2239	1e-23	0.0010717999539338052
2240	1e-23	0.0010603999835439026
2241	1e-23	0.0010928999981842935
2242	1e-23	0.0010704000014811754
2243	1e-23	0.0010231999913230538
2244	1e-23	0.00103420001687482
2245	1e-23	0.0010762999881990254
2246	1e-23	0.001104900031350553
2247	1e-23	0.001186200010124594
2248	1e-23	0.0014940000255592167
2249	1e-23	0.0011864000116474926
2250	1e-23	0.001173199969343841
2251	1e-23	0.0012611999991349876
2252	1e-23	0.001247100008185953
2253	1e-23	0.0011444000410847366
2254	1e-23	0.0010935000027529895
2255	1e-23	0.0010929999989457428
2256	1e-23	0.001212199975270778
2257	1e-23	0.0010899000335484743
2258	1e-23	0.0010710000060498714
2259	1e-23	0.0013337999698705971
2260	1e-23	0.0014073000056669116
2261	1e-23	0.0011903000413440168
2262	1e-23	0.0012898999848403037
2263	1e-23	0.0010995000484399498
2264	1e-23	0.0011812999728135765
2265	1e-23	0.001202500017825514
2266	1e-23	0.001181200030259788
2267	1e-23	0.001122299989219755
2268	1e-23	0.0010804000194184482
2269	1e-23	0.0011523000430315733
2270	1e-23	0.0011806999682448804
2271	1e-23	0.0011223999899812043
2272	1e-23	0.0010679999832063913
2273	1e-23	0.001359499990940094
2274	1e-23	0.0012667999835684896
2275	1e-23	0.0010826000361703336
2276	1e-23	0.0010975999757647514
2277	1e-23	0.0010666000307537615
2278	1e-23	0.0011131000355817378
2279	1e-23	0.0011751000420190394
2280	1e-23	0.0011597999837249517
2281	1e-23	0.001096000021789223
2282	1e-23	0.0010673000360839069
2283	1e-23	0.0011845999979414046
2284	1e-23	0.0011909999884665012
2285	1e-23	0.0012096999562345445
2286	1e-23	0.0013040999765507877
2287	1e-23	0.0011869999580085278
2288	1e-23	0.0011438000365160406
2289	1e-23	0.0011011000024154782
2290	1e-23	0.00115720002213493
2291	1e-23	0.0010364000336267054
2292	1e-23	0.0010771999950520694
2293	1e-23	0.0011394000030122697
2294	1e-23	0.0012215999886393547
2295	1e-23	0.001173200027551502
2296	1e-23	0.0010859000030905008
2297	1e-23	0.0012558000162243843
2298	1e-23	0.0012939000152982771
2299	1e-23	0.0011470000026747584
2300	1e-23	0.0012292999890632927
2301	1e-23	0.0010423999628983438
2302	1e-23	0.0010400000028312206
2303	1e-23	0.0010392999975010753
2304	1e-23	0.0011995999957434833
2305	1e-23	0.001111100020352751
2306	1e-23	0.0010637000086717308
2307	1e-23	0.0010408000089228153
2308	1e-23	0.0011172000085934997
2309	1e-23	0.00101350003387779
2310	1e-23	0.0009994000429287553
2311	1e-23	0.0013268000329844654
2312	1e-23	0.0012671000440604985
2313	1e-23	0.0012109000235795975
2314	1e-23	0.0012478000135160983
2315	1e-23	0.0012192000285722315
2316	1e-23	0.0011282999766990542
2317	1e-23	0.0010815999703481793
2318	1e-23	0.0012373999925330281
2319	1e-23	0.0011709000100381672
2320	1e-23	0.0010532000451348722
2321	1e-23	0.0010830999817699194
2322	1e-23	0.001094500010367483
2323	1e-23	0.0011100999545305967
2324	1e-23	0.0011757999891415238
2325	1e-23	0.0012330999597907066
2326	1e-23	0.0012524999910965562
2327	1e-23	0.001110800018068403
2328	1e-23	0.0010560000082477927
2329	1e-23	0.0010964999673888087
2330	1e-23	0.0011359999771229923
2331	1e-23	0.0011765999952331185
2332	1e-23	0.0011774000013247132
2333	1e-23	0.0011174000101163983
2334	1e-23	0.0010885000228881836
2335	1e-23	0.0011085000005550683
2336	1e-23	0.0012037000269629061
2337	1e-23	0.0011085000005550683
2338	1e-23	0.001146599999628961
2339	1e-23	0.0012591999839060009
2340	1e-23	0.0011789000127464533
2341	1e-23	0.0011280000326223671
2342	1e-23	0.0011000999948009849
2343	1e-23	0.001264000020455569
2344	1e-23	0.0012086000060662627
2345	1e-23	0.0011088000028394163
2346	1e-23	0.0012131999828852713
2347	1e-23	0.0012331000179983675
2348	1e-23	0.0011684999917633832
2349	1e-23	0.0011208000360056758
2350	1e-23	0.001139200001489371
2351	1e-23	0.0013966000406071544
2352	1e-23	0.0012217999901622534
2353	1e-23	0.0012015000102110207
2354	1e-23	0.0011721000191755593
2355	1e-23	0.0011878000223077834
2356	1e-23	0.0012051000376231968
2357	1e-23	0.0011448999866843224
2358	1e-23	0.001083899987861514
2359	1e-23	0.001139200001489371
2360	1e-23	0.0011184000177308917
2361	1e-23	0.001153099990915507
2362	1e-23	0.001087699958588928
2363	1e-23	0.001132400007918477
2364	1e-23	0.0011638000141829252
2365	1e-23	0.0012067000498063862
2366	1e-23	0.0010923999943770468
2367	1e-23	0.001267499988898635
2368	1e-23	0.0011613999959081411
2369	1e-23	0.001109300006646663
2370	1e-23	0.0011924999998882413
2371	1e-23	0.0011030000168830156
2372	1e-23	0.00105929997516796
2373	1e-23	0.001026500016450882
2374	1e-23	0.0011215000413358212
2375	1e-23	0.0011082999990321696
2376	1e-23	0.001104600029066205
2377	1e-23	0.0010657000239007175
2378	1e-23	0.0012381999986246228
2379	1e-23	0.001043700031004846
2380	1e-23	0.0011309999972581863
2381	1e-23	0.001251900044735521
2382	1e-23	0.001123199996072799
2383	1e-23	0.0011710000107996166
2384	1e-23	0.0010716999531723559
2385	1e-23	0.0011798000195994973
2386	1e-23	0.0011552000069059432
2387	1e-23	0.0010904999799095094
2388	1e-23	0.0010832000407390296
2389	1e-23	0.0011187000200152397
2390	1e-23	0.0011186000192537904
2391	1e-23	0.0012821999844163656
2392	1e-23	0.001213099982123822
2393	1e-23	0.0010998999932780862
2394	1e-23	0.0011665999772958457
2395	1e-23	0.0012014999520033598
2396	1e-23	0.0011405999539420009
2397	1e-23	0.001055200002156198
2398	1e-23	0.0010214000358246267
2399	1e-23	0.0012129999813623726
2400	1e-23	0.0011071999906562269
2401	1e-23	0.0010826000361703336
2402	1e-23	0.001151000033132732
2403	1e-23	0.0011397000052966177
2404	1e-23	0.0013047000393271446
2405	1e-23	0.0011938000097870827
2406	1e-23	0.001367799995932728
2407	1e-23	0.0011661999742500484
2408	1e-23	0.0012238000053912401
2409	1e-23	0.0013001999468542635
2410	1e-23	0.0011535999947227538
2411	1e-23	0.0011198000283911824
2412	1e-23	0.0011754999868571758
2413	1e-23	0.001178500009700656
2414	1e-23	0.0011827999842353165
2415	1e-23	0.0011832000454887748
2416	1e-23	0.0011743999784812331
2417	1e-23	0.001574499998241663
2418	1e-23	0.0011603999882936478
2419	1e-23	0.001137400045990944
2420	1e-23	0.0011884999694302678
2421	1e-23	0.001128499978221953
2422	1e-23	0.001068500045221299
2423	1e-23	0.0011360999778844416
2424	1e-23	0.0011293000425212085
2425	1e-23	0.0011342000216245651
2426	1e-23	0.0012827999889850616
2427	1e-23	0.0012009000056423247
2428	1e-23	0.0011005999986082315
2429	1e-23	0.001389400043990463
2430	1e-23	0.001278500014450401
2431	1e-23	0.0011364000383764505
2432	1e-23	0.0013177000219002366
2433	1e-23	0.0012585000367835164
2434	1e-23	0.0011848000576719642
2435	1e-23	0.0011578999692574143
2436	1e-23	0.0012400999548844993
2437	1e-23	0.0011082999990321696
2438	1e-23	0.0011338000185787678
2439	1e-23	0.0011223999899812043
2440	1e-23	0.0011778000043705106
2441	1e-23	0.0011767999967560172
2442	1e-23	0.0012546000070869923
2443	1e-23	0.0011996999965049326
2444	1e-23	0.0011389999999664724
2445	1e-23	0.0011022999533452094
2446	1e-23	0.001121999986935407
2447	1e-23	0.0011140999849885702
2448	1e-23	0.0011125999735668302
2449	1e-23	0.0010152999893762171
2450	1e-23	0.0011208999785594642
2451	1e-23	0.0011461999965831637
2452	1e-23	0.0010517000337131321
2453	1e-23	0.001038899994455278
2454	1e-23	0.0013162000104784966
2455	1e-23	0.0011666000355035067
2456	1e-23	0.0010571000166237354
2457	1e-23	0.0010698999976739287
2458	1e-23	0.001055500004440546
2459	1e-23	0.0010099000064656138
2460	1e-23	0.001053699990734458
2461	1e-23	0.0010879000183194876
2462	1e-23	0.0010605000425130129
2463	1e-23	0.0009880000143311918
2464	1e-23	0.0010405000066384673
2465	1e-23	0.0012569999671541154
2466	1e-23	0.0010554999462328851
2467	1e-23	0.0009976000292226672
2468	1e-23	0.0010734000243246555
2469	1e-23	0.0011823000386357307
2470	1e-23	0.0010783000034280121
2471	1e-23	0.0010661000269465148
2472	1e-23	0.0012075999984517694
2473	1e-23	0.0011739999754354358
2474	1e-23	0.0010195000213570893
2475	1e-23	0.00108889996772632
2476	1e-23	0.0010868000099435449
2477	1e-23	0.0010030000121332705
2478	1e-23	0.0009966000216081738
2479	1e-23	0.0009912000386975706
2480	1e-23	0.0011189999640919268
2481	1e-23	0.0010961000225506723
2482	1e-23	0.0010873000137507915
2483	1e-23	0.0014040999813005328
2484	1e-23	0.0011737000313587487
2485	1e-23	0.001098100037779659
2486	1e-23	0.0010579000227153301
2487	1e-23	0.0010636000079102814
2488	1e-23	0.00103420001687482
2489	1e-23	0.0010071999859064817
2490	1e-23	0.0010327999480068684
2491	1e-23	0.0010740000288933516
2492	1e-23	0.0010121000232174993
2493	1e-23	0.000997199967969209
2494	1e-23	0.000991299981251359
2495	1e-23	0.0010442999773658812
2496	1e-23	0.0010083999950438738
2497	1e-23	0.0014435999910347164
2498	1e-23	0.0013485000235959888
2499	1e-23	0.0011617999989539385
2500	1e-23	0.001151000033132732
2501	1e-23	0.001018199953250587
2502	1e-23	0.0010943000088445842
2503	1e-23	0.0010111000156030059
2504	1e-23	0.0009731000172905624
2505	1e-23	0.001013800036162138
2506	1e-23	0.0010565000120550394
2507	1e-23	0.0010175000061281025
2508	1e-23	0.0010634000063873827
2509	1e-23	0.0010371999815106392
2510	1e-23	0.001129099982790649
2511	1e-23	0.0012573000276461244
2512	1e-23	0.0011511999764479697
2513	1e-23	0.0012865000171586871
2514	1e-23	0.0010768999927677214
2515	1e-23	0.0010360999731346965
2516	1e-23	0.0010171000030823052
2517	1e-23	0.0010742000304162502
2518	1e-23	0.0010332000092603266
2519	1e-23	0.0010304999887011945
2520	1e-23	0.0011471000034362078
2521	1e-23	0.001261900004465133
2522	1e-23	0.0010125000262632966
2523	1e-23	0.0010285000316798687
2524	1e-23	0.00115130003541708
2525	1e-23	0.0012033000239171088
2526	1e-23	0.0011419000220485032
2527	1e-23	0.001164899964351207
2528	1e-23	0.0011336999596096575
2529	1e-23	0.0010565000120550394
2530	1e-23	0.001038299989886582
2531	1e-23	0.0010639000101946294
2532	1e-23	0.001018200011458248
2533	1e-23	0.0010106999543495476
2534	1e-23	0.001039499999023974
2535	1e-23	0.0010500000207684934
2536	1e-23	0.0010096000041812658
2537	1e-23	0.001048399950377643
2538	1e-23	0.0011117999674752355
2539	1e-23	0.0014252999681048095
2540	1e-23	0.001155999954789877
2541	1e-23	0.0011254999553784728
2542	1e-23	0.0013433999847620726
2543	1e-23	0.0012207000399939716
2544	1e-23	0.0010557000059634447
2545	1e-23	0.0010249000042676926
2546	1e-23	0.0012102000182494521
2547	1e-23	0.0010435999720357358
2548	1e-23	0.0010449000401422381
2549	1e-23	0.0011415000190027058
2550	1e-23	0.0011644999613054097
2551	1e-23	0.001218399964272976
2552	1e-23	0.0012895999825559556
2553	1e-23	0.001177300000563264
2554	1e-23	0.0012387000024318695
2555	1e-23	0.001096300024073571
2556	1e-23	0.0011739000328816473
2557	1e-23	0.0011683999910019338
2558	1e-23	0.0010667000315152109
2559	1e-23	0.001054599997587502
2560	1e-23	0.0010896000312641263
2561	1e-23	0.0010063000372610986
2562	1e-23	0.0010160999954678118
2563	1e-23	0.0010195000213570893
2564	1e-23	0.0011498000239953399
2565	1e-23	0.0013510000426322222
2566	1e-23	0.0011697000009007752
2567	1e-23	0.001166700036264956
2568	1e-23	0.0012153999996371567
2569	1e-23	0.0010720000136643648
2570	1e-23	0.0010733000235632062
2571	1e-23	0.0010967999696731567
2572	1e-23	0.0010805000201798975
2573	1e-23	0.0010820000316016376
2574	1e-23	0.0011769999982789159
2575	1e-23	0.0011644000187516212
2576	1e-23	0.0010442999773658812
2577	1e-23	0.0010315999970771372
2578	1e-23	0.0012653999729081988
2579	1e-23	0.0010849999962374568
2580	1e-23	0.0010562000097706914
2581	1e-23	0.0010887000244110823
2582	1e-23	0.0010813000262714922
2583	1e-23	0.0010642000124789774
2584	1e-23	0.0010221999837085605
2585	1e-23	0.0011804999667219818
2586	1e-23	0.001101300003938377
2587	1e-23	0.001053999993018806
2588	1e-23	0.0010220000403933227
2589	1e-23	0.0010591999744065106
2590	1e-23	0.0011114999651908875
2591	1e-23	0.0010695999953895807
2592	1e-23	0.0012089000083506107
2593	1e-23	0.0012447999906726182
2594	1e-23	0.0010665999725461006
2595	1e-23	0.001014399982523173
2596	1e-23	0.0012523999903351068
2597	1e-23	0.0011839999933727086
2598	1e-23	0.0010653999634087086
2599	1e-23	0.0010686999885365367
2600	1e-23	0.0012037000269629061
2601	1e-23	0.0010902000358328223
2602	1e-23	0.0010165999992750585
2603	1e-23	0.0013058000477030873
2604	1e-23	0.001133600017055869
2605	1e-23	0.001020300027448684
2606	1e-23	0.0011278000310994685
2607	1e-23	0.0011339000193402171
2608	1e-23	0.001068500045221299
2609	1e-23	0.0010285000316798687
2610	1e-23	0.0010159999947063625
2611	1e-23	0.001063500007148832
2612	1e-23	0.0010100000072270632
2613	1e-23	0.0010460999910719693
2614	1e-23	0.0010137000354006886
2615	1e-23	0.0010712000075727701
2616	1e-23	0.001059599977452308
2617	1e-23	0.0009873000090010464
2618	1e-23	0.0010300999856553972
2619	1e-23	0.0010474000009708107
2620	1e-23	0.0013697000104002655
2621	1e-23	0.0010251000057905912
2622	1e-23	0.0010506000253371894
2623	1e-23	0.0010429000249132514
2624	1e-23	0.0010183000122196972
2625	1e-23	0.0010169000015594065
2626	1e-23	0.0011956999660469592
2627	1e-23	0.0012311000027693808
2628	1e-23	0.0011699000024236739
2629	1e-23	0.0011445999843999743
2630	1e-23	0.001140100008342415
2631	1e-23	0.0010875999578274786
2632	1e-23	0.0010473000002093613
2633	1e-23	0.0013572000316344202
2634	1e-23	0.0011260000173933804
2635	1e-23	0.0010469999979250133
2636	1e-23	0.0010884000221267343
2637	1e-23	0.0011229999945499003
2638	1e-23	0.0010511999716982245
2639	1e-23	0.0010089999996125698
2640	1e-23	0.001136499980930239
2641	1e-23	0.001159899984486401
2642	1e-23	0.0010934000019915402
2643	1e-23	0.0010381000465713441
2644	1e-23	0.0011644000187516212
2645	1e-23	0.0011078000534325838
2646	1e-23	0.0010514999739825726
2647	1e-23	0.001303300028666854
2648	1e-23	0.0013047000393271446
2649	1e-23	0.001114599988795817
2650	1e-23	0.0010678000398911536
2651	1e-23	0.0011118000256828964
2652	1e-23	0.0011045000283047557
2653	1e-23	0.0009917000425048172
2654	1e-23	0.0010105000110343099
2655	1e-23	0.0012936000130139291
2656	1e-23	0.0010893999715335667
2657	1e-23	0.0010301999864168465
2658	1e-23	0.0010585999698378146
2659	1e-23	0.0011862999526783824
2660	1e-23	0.0011368999839760363
2661	1e-23	0.0010890999692492187
2662	1e-23	0.0010890999692492187
2663	1e-23	0.0011201999732293189
2664	1e-23	0.0010307999909855425
2665	1e-23	0.0010023000068031251
2666	1e-23	0.0010459000477567315
2667	1e-23	0.001027700025588274
2668	1e-23	0.0009806000161916018
2669	1e-23	0.0010205000289715827
2670	1e-23	0.0010606999858282506
2671	1e-23	0.0010372999822720885
2672	1e-23	0.0009849999914877117
2673	1e-23	0.001048700010869652
2674	1e-23	0.0010644000140018761
2675	1e-23	0.001049300015438348
2676	1e-23	0.0010405000066384673
2677	1e-23	0.0010642000124789774
2678	1e-23	0.001047199999447912
2679	1e-23	0.0009949000086635351
2680	1e-23	0.0009871000074781477
2681	1e-23	0.0010242999996989965
2682	1e-23	0.0010495000169612467
2683	1e-23	0.0010716000106185675
2684	1e-23	0.001034500019159168
2685	1e-23	0.001068799989297986
2686	1e-23	0.001075600041076541
2687	1e-23	0.0010861000046133995
2688	1e-23	0.001032100000884384
2689	1e-23	0.0010325000039301813
2690	1e-23	0.001241199963260442
2691	1e-23	0.0011290000402368605
2692	1e-23	0.0011502000270411372
2693	1e-23	0.0012239000061526895
2694	1e-23	0.001022100041154772
2695	1e-23	0.0010160999954678118
2696	1e-23	0.0010405000066384673
2697	1e-23	0.001063200004864484
2698	1e-23	0.0010395999997854233
2699	1e-23	0.001049000013154
2700	1e-23	0.0011460999958217144
2701	1e-23	0.0011524000437930226
2702	1e-23	0.001061099988874048
2703	1e-23	0.0010008999961428344
2704	1e-23	0.0014245000202208757
2705	1e-23	0.001228499982971698
2706	1e-23	0.001101900008507073
2707	1e-23	0.0010855000000447035
2708	1e-23	0.0010823000338859856
2709	1e-23	0.001157800026703626
2710	1e-23	0.001103099959436804
2711	1e-23	0.0010870000114664435
2712	1e-23	0.00106380000943318
2713	1e-23	0.0010585999698378146
2714	1e-23	0.0010960999643430114
2715	1e-23	0.001151900039985776
2716	1e-23	0.0011120999697595835
2717	1e-23	0.0012997000012546778
2718	1e-23	0.001215500000398606
2719	1e-23	0.001105200033634901
2720	1e-23	0.0010672000353224576
2721	1e-23	0.001084200048353523
2722	1e-23	0.0010849999962374568
2723	1e-23	0.0010516000329516828
2724	1e-23	0.000998399977106601
2725	1e-23	0.001007599988952279
2726	1e-23	0.001074999978300184
2727	1e-23	0.0010837999871000648
2728	1e-23	0.0009889999637380242
2729	1e-23	0.0011842999956570566
2730	1e-23	0.0012342999689280987
2731	1e-23	0.00108299998100847
2732	1e-23	0.0010083999950438738
2733	1e-23	0.001077399996574968
2734	1e-23	0.0010775000555440784
2735	1e-23	0.0010426000226289034
2736	1e-23	0.0010204000282101333
2737	1e-23	0.00106969999615103
2738	1e-23	0.0010397000005468726
2739	1e-23	0.0010461000492796302
2740	1e-23	0.0010086999973282218
2741	1e-23	0.0010470999986864626
2742	1e-23	0.001007299986667931
2743	1e-23	0.0010040999623015523
2744	1e-23	0.0009764999849721789
2745	1e-23	0.0014001999516040087
2746	1e-23	0.0010672000353224576
2747	1e-23	0.0010577000211924314
2748	1e-23	0.0011746000382117927
2749	1e-23	0.0011035000206902623
2750	1e-23	0.00102830003015697
2751	1e-23	0.0009852999937720597
2752	1e-23	0.0011143999872729182
2753	1e-23	0.0010150999878533185
2754	1e-23	0.0010040999623015523
2755	1e-23	0.0010607999865897
2756	1e-23	0.0011009000008925796
2757	1e-23	0.0010100000072270632
2758	1e-23	0.000985100050456822
2759	1e-23	0.001258400036022067
2760	1e-23	0.0011065999860875309
2761	1e-23	0.0010179000091738999
2762	1e-23	0.0010325000039301813
2763	1e-23	0.001042200019583106
2764	1e-23	0.0010566999553702772
2765	1e-23	0.00102530000731349
2766	1e-23	0.0010543999960646033
2767	1e-23	0.0011023999541066587
2768	1e-23	0.0010248000035062432
2769	1e-23	0.0009977000299841166
2770	1e-23	0.0009907999774441123
2771	1e-23	0.0010847999947145581
2772	1e-23	0.0010369999799877405
2773	1e-23	0.0011778000043705106
2774	1e-23	0.0012384000001475215
2775	1e-23	0.0013144999975338578
2776	1e-23	0.0012681999942287803
2777	1e-23	0.001150700030848384
2778	1e-23	0.0011561000137589872
2779	1e-23	0.0011498999665491283
2780	1e-23	0.0010910999844782054
2781	1e-23	0.0010610000463202596
2782	1e-23	0.0011079999967478216
2783	1e-23	0.0010430999682284892
2784	1e-23	0.0010308999917469919
2785	1e-23	0.0011958000250160694
2786	1e-23	0.0012092000106349587
2787	1e-23	0.0011769999982789159
2788	1e-23	0.0010639000101946294
2789	1e-23	0.0010871000122278929
2790	1e-23	0.0010529000428505242
2791	1e-23	0.0010714000090956688
2792	1e-23	0.0011041999678127468
2793	1e-23	0.0010956000187434256
2794	1e-23	0.001098700042348355
2795	1e-23	0.0010645000147633255
2796	1e-23	0.0010655000223778188
2797	1e-23	0.0010204999707639217
2798	1e-23	0.001005199970677495
2799	1e-23	0.0010312999947927892
2800	1e-23	0.0010600999812595546
2801	1e-23	0.0012135999859310687
2802	1e-23	0.0010992999887093902
2803	1e-23	0.001135599974077195
2804	1e-23	0.0012715000193566084
2805	1e-23	0.0011844999971799552
2806	1e-23	0.0010806999634951353
2807	1e-23	0.0011968999751843512
2808	1e-23	0.0010340999579057097
2809	1e-23	0.0010091000003740191
2810	1e-23	0.0010041999630630016
2811	1e-23	0.0012346000294201076
2812	1e-23	0.0011564999585971236
2813	1e-23	0.0010412000119686127
2814	1e-23	0.0011219000443816185
2815	1e-23	0.0011079999967478216
2816	1e-23	0.0010306999902240932
2817	1e-23	0.0010439000325277448
2818	1e-23	0.0011142999865114689
2819	1e-23	0.0011704000062309206
2820	1e-23	0.0010359000298194587
2821	1e-23	0.0010017000022344291
2822	1e-23	0.0010463999933563173
2823	1e-23	0.001013799977954477
2824	1e-23	0.0009929999941959977
2825	1e-23	0.0009954000124707818
2826	1e-23	0.001089199970010668
2827	1e-23	0.0012289000442251563
2828	1e-23	0.0012292999890632927
2829	1e-23	0.0012832999927923083
2830	1e-23	0.001241799967829138
2831	1e-23	0.0012644000235013664
2832	1e-23	0.001285000005736947
2833	1e-23	0.0011929000029340386
2834	1e-23	0.001157799968495965
2835	1e-23	0.0010662000277079642
2836	1e-23	0.0010776999988593161
2837	1e-23	0.001054599997587502
2838	1e-23	0.0011236999998800457
2839	1e-23	0.0010851999977603555
2840	1e-23	0.0011480000102892518
2841	1e-23	0.001290000043809414
2842	1e-23	0.0010340000153519213
2843	1e-23	0.001131800003349781
2844	1e-23	0.0010912999860011041
2845	1e-23	0.0010149999870918691
2846	1e-23	0.0010173000046052039
2847	1e-23	0.001116700004786253
2848	1e-23	0.0010849999962374568
2849	1e-23	0.0010532999876886606
2850	1e-23	0.001033899956382811
2851	1e-23	0.0011069999891333282
2852	1e-23	0.00105189997702837
2853	1e-23	0.0010280999704264104
2854	1e-23	0.0011041000252589583
2855	1e-23	0.0011938000097870827
2856	1e-23	0.0010857000015676022
2857	1e-23	0.001081199967302382
2858	1e-23	0.0011366999824531376
2859	1e-23	0.001172899967059493
2860	1e-23	0.0010224999859929085
2861	1e-23	0.0010392999975010753
2862	1e-23	0.0011901000398211181
2863	1e-23	0.0011869000154547393
2864	1e-23	0.0012058999855071306
2865	1e-23	0.0011317000025883317
2866	1e-23	0.0011191999656148255
2867	1e-23	0.0011146999895572662
2868	1e-23	0.0012675999896600842
2869	1e-23	0.0011896999785676599
2870	1e-23	0.001150999974925071
2871	1e-23	0.0011481999536044896
2872	1e-23	0.0012136000441387296
2873	1e-23	0.0012304999982006848
2874	1e-23	0.0012785999570041895
2875	1e-23	0.0011921999976038933
2876	1e-23	0.001152199984062463
2877	1e-23	0.0011367000406607985
2878	1e-23	0.0011765999952331185
2879	1e-23	0.0012269000289961696
2880	1e-23	0.001215800002682954
2881	1e-23	0.0013549000141210854
2882	1e-23	0.0012141000479459763
2883	1e-23	0.0012391000054776669
2884	1e-23	0.0012190000270493329
2885	1e-23	0.001137399987783283
2886	1e-23	0.0012210000422783196
2887	1e-23	0.0011620000004768372
2888	1e-23	0.001153099990915507
2889	1e-23	0.0011493999627418816
2890	1e-23	0.001062600000295788
2891	1e-23	0.0010938000050373375
2892	1e-23	0.0016812999965623021
2893	1e-23	0.002151800028514117
2894	1e-23	0.0013518999912776053
2895	1e-23	0.001406199997290969
2896	1e-23	0.0013521999935619533
2897	1e-23	0.0011815999750979245
2898	1e-23	0.0013644000282511115
2899	1e-23	0.0011585000320337713
2900	1e-23	0.0010532999876886606
2901	1e-23	0.0011133999796584249
2902	1e-23	0.0010340999579057097
2903	1e-23	0.0010551000013947487
2904	1e-23	0.0010173000046052039
2905	1e-23	0.0012183000217191875
2906	1e-23	0.0011570000206120312
2907	1e-23	0.0011249000090174377
2908	1e-23	0.001027099962811917
2909	1e-23	0.0010720000136643648
2910	1e-23	0.0010069000418297946
2911	1e-23	0.00102530000731349
2912	1e-23	0.0010306999902240932
2913	1e-23	0.0010553000029176474
2914	1e-23	0.0010497000184841454
2915	1e-23	0.001004299963824451
2916	1e-23	0.0010925999958999455
2917	1e-23	0.001101000001654029
2918	1e-23	0.0010798000148497522
2919	1e-23	0.0011949000181630254
2920	1e-23	0.0011820999789051712
2921	1e-23	0.0011956000234931707
2922	1e-23	0.0010279000271111727
2923	1e-23	0.0010550000006332994
2924	1e-23	0.0010639000101946294
2925	1e-23	0.0010621999972499907
2926	1e-23	0.0010195000213570893
2927	1e-23	0.0010925999958999455
2928	1e-23	0.0010512999724596739
2929	1e-23	0.0010414999560452998
2930	1e-23	0.000992200046312064
2931	1e-23	0.001095700019504875
2932	1e-23	0.0010372999822720885
2933	1e-23	0.0010872000129893422
2934	1e-23	0.0012147999950684607
2935	1e-23	0.0012614000006578863
2936	1e-23	0.00111699994886294
2937	1e-23	0.0010145999840460718
2938	1e-23	0.0010027000098489225
2939	1e-23	0.0010631000041030347
2940	1e-23	0.0009999999892897904
2941	1e-23	0.0010043000220321119
2942	1e-23	0.0009914999827742577
2943	1e-23	0.0010652000200934708
2944	1e-23	0.001045699988026172
2945	1e-23	0.0010251000057905912
2946	1e-23	0.0009939000010490417
2947	1e-23	0.0012205999810248613
2948	1e-23	0.0011327999527566135
2949	1e-23	0.001076799992006272
2950	1e-23	0.0011233999975956976
2951	1e-23	0.001206899993121624
2952	1e-23	0.0010660000261850655
2953	1e-23	0.001102200010791421
2954	1e-23	0.0010949000134132802
2955	1e-23	0.0010782000026665628
2956	1e-23	0.001009299943689257
2957	1e-23	0.0011132999788969755
2958	1e-23	0.0011653000256046653
2959	1e-23	0.0010583000257611275
2960	1e-23	0.0011986000463366508
2961	1e-23	0.0012713000178337097
2962	1e-23	0.0010687000467441976
2963	1e-23	0.0010553000029176474
2964	1e-23	0.0010061999782919884
2965	1e-23	0.0010949999559670687
2966	1e-23	0.0010147999855689704
2967	1e-23	0.0010176000068895519
2968	1e-23	0.0010571999591775239
2969	1e-23	0.0010522999800741673
2970	1e-23	0.0010293999803252518
2971	1e-23	0.001052799983881414
2972	1e-23	0.0010672000353224576
2973	1e-23	0.001067600038368255
2974	1e-23	0.0010600999812595546
2975	1e-23	0.001128799980506301
2976	1e-23	0.0011196999694220722
2977	1e-23	0.0010679999832063913
2978	1e-23	0.0010498999617993832
2979	1e-23	0.0010057000326924026
2980	1e-23	0.0012340999674052
2981	1e-23	0.0011673999833874404
2982	1e-23	0.0010920999920926988
2983	1e-23	0.001071999955456704
2984	1e-23	0.0010708999470807612
2985	1e-23	0.0010331000084988773
2986	1e-23	0.0009923000470735133
2987	1e-23	0.0011400999501347542
2988	1e-23	0.0010617999942041934
2989	1e-23	0.0011845999979414046
2990	1e-23	0.0011605999898165464
2991	1e-23	0.0012589000398293138
2992	1e-23	0.0010784000041894615
2993	1e-23	0.001025000005029142
2994	1e-23	0.001131199998781085
2995	1e-23	0.0010714000090956688
2996	1e-23	0.001003099954687059
2997	1e-23	0.0011054000351577997
2998	1e-23	0.0011958000250160694
2999	1e-23	0.0011005999986082315
3000	1e-23	0.0010789000079967082
