epoch	total	seconds
1	1e-23	0.17689370003063232
2	1e-23	0.0023160999990068376
3	1e-23	0.0015721000381745398
4	1e-23	0.0015095999697223306
5	1e-23	0.0017050000024028122
6	1e-23	0.0014578999835066497
7	1e-23	0.001462399959564209
8	1e-23	0.0014587999903596938
9	1e-23	0.0012181999627500772
10	1e-23	0.0012878000270575285
11	1e-23	0.0013274999801069498
12	1e-23	0.0012600999907590449
13	1e-23	0.0012446999899111688
14	1e-23	0.001355400017928332
15	1e-23	0.0011147999903187156
16	1e-23	0.0013126000412739813
17	1e-23	0.0016321000293828547
18	1e-23	0.0015141000039875507
19	1e-23	0.0013088000123389065
20	1e-23	0.0014872999745421112
21	1e-23	0.0013386000064201653
22	1e-23	0.0013604999985545874
23	1e-23	0.0014538000104948878
24	1e-23	0.0012903999886475503
25	1e-23	0.00130390003323555
26	1e-23	0.001403300033416599
27	1e-23	0.0012541000032797456
28	1e-23	0.0012502999743446708
29	1e-23	0.0014495000359602273
30	1e-23	0.0013563000247813761
31	1e-23	0.0014183999737724662
32	1e-23	0.0013833999983035028
33	1e-23	0.0013563999673351645
34	1e-23	0.0013518999912776053
35	1e-23	0.001411900040693581
36	1e-23	0.0011934000067412853
37	1e-23	0.001305399986449629
38	1e-23	0.0015858000260777771
39	1e-23	0.0012165000080130994
40	1e-23	0.0013287999900057912
41	1e-23	0.0013709000195376575
42	1e-23	0.0010849999962374568
43	1e-23	0.0012125000357627869
44	1e-23	0.0016785000334493816
45	1e-23	0.001305099984165281
46	1e-23	0.0013657999807037413
47	1e-23	0.0013817999861203134
48	1e-23	0.001298899995163083
49	1e-23	0.0020253999973647296
50	1e-23	0.001974600018002093
51	1e-23	0.0020730000105686486
52	1e-23	0.0015127999940887094
53	1e-23	0.0013789000222459435
54	1e-23	0.001430200005415827
55	1e-23	0.0012442999868653715
56	1e-23	0.0012311000027693808
57	1e-23	0.001483399944845587
58	1e-23	0.001305699988733977
59	1e-23	0.0013892000424675643
60	1e-23	0.001615900022443384
61	1e-23	0.0015681000077165663
62	1e-23	0.0023214000393636525
63	1e-23	0.0014616000116802752
64	1e-23	0.001290299987886101
65	1e-23	0.00150969997048378
66	1e-23	0.001356799970380962
67	1e-23	0.0013710000202991068
68	1e-23	0.001511499984189868
69	1e-23	0.0015285999979823828
70	1e-23	0.0014023000258021057
71	1e-23	0.001310400024522096
72	1e-23	0.0012365999864414334
73	1e-23	0.0015540000167675316
74	1e-23	0.0014594000531360507
75	1e-23	0.001263700018171221
76	1e-23	0.0015284999972209334
77	1e-23	0.0013862999621778727
78	1e-23	0.0011965000303462148
79	1e-23	0.0016834000125527382
80	1e-23	0.001581899996381253
81	1e-23	0.0013901999918743968
82	1e-23	0.0015493999817408621
83	1e-23	0.0013111999724060297
84	1e-23	0.0014186999760568142
85	1e-23	0.0013990000006742775
86	1e-23	0.0011963999713771045
87	1e-23	0.0012562000192701817
88	1e-23	0.0014200000441633165
89	1e-23	0.0011569999624043703
90	1e-23	0.0014152000076137483
91	1e-23	0.0016854999703355134
92	1e-23	0.0012057999847456813
93	1e-23	0.0013210999895818532
94	1e-23	0.0012534999987110496
95	1e-23	0.0013016999582760036
96	1e-23	0.001299199997447431
97	1e-23	0.001304200035519898
98	1e-23	0.0012073999969288707
99	1e-23	0.0012235000031068921
100	1e-23	0.00144910003291443
101	1e-23	0.0012647000257857144
102	1e-23	0.0012147999950684607
103	1e-23	0.001361900009214878
104	1e-23	0.0012743999832309783
105	1e-23	0.001301199954468757
106	1e-23	0.0013436999870464206
107	1e-23	0.0011797999613918364
108	1e-23	0.0011553000076673925
109	1e-23	0.0014026000280864537
110	1e-23	0.001348000019788742
111	1e-23	0.001193900010548532
112	1e-23	0.0016812999965623021
113	1e-23	0.0013552999589592218
114	1e-23	0.001253900001756847
115	1e-23	0.0014525000005960464
116	1e-23	0.0012700000079348683
117	1e-23	0.0010975999757647514
118	1e-23	0.0018111999961547554
119	1e-23	0.0012362999841570854
120	1e-23	0.0011915000504814088
121	1e-23	0.0014560999698005617
122	1e-23	0.0013037999742664397
123	1e-23	0.0010847999947145581
124	1e-23	0.0017835000180639327
125	1e-23	0.0013533999444916844
126	1e-23	0.0012044000322930515
127	1e-23	0.001424600020982325
128	1e-23	0.001209600013680756
129	1e-23	0.0014261999749578536
130	1e-23	0.0013269000337459147
131	1e-23	0.0011810000287368894
132	1e-23	0.0010589000303298235
133	1e-23	0.001311600033659488
134	1e-23	0.0012532999971881509
135	1e-23	0.0011397000052966177
136	1e-23	0.0012570999679155648
137	1e-23	0.0014797999756410718
138	1e-23	0.001412999990861863
139	1e-23	0.0013975999900139868
140	1e-23	0.002068099973257631
141	1e-23	0.0015567999798804522
142	1e-23	0.00146390002919361
143	1e-23	0.0014961999841034412
144	1e-23	0.001332300016656518
145	1e-23	0.0014650000375695527
146	1e-23	0.0013958000345155597
147	1e-23	0.0013843000051565468
148	1e-23	0.0014535000082105398
149	1e-23	0.0011893999762833118
150	1e-23	0.0013492999714799225
151	1e-23	0.0013295999960973859
152	1e-23	0.0011436999775469303
153	1e-23	0.0012075999984517694
154	1e-23	0.0014298000023700297
155	1e-23	0.0014193999813869596
156	1e-23	0.0012471999507397413
157	1e-23	0.0021728999563492835
158	1e-23	0.0013346000341698527
159	1e-23	0.0014993999502621591
160	1e-23	0.0014414000324904919
161	1e-23	0.0012676999904215336
162	1e-23	0.0016240999684669077
163	1e-23	0.0014527000021189451
164	1e-23	0.0013419000315479934
165	1e-23	0.0014756000018678606
166	1e-23	0.0013307000044733286
167	1e-23	0.0016849000239744782
168	1e-23	0.0015319999656639993
169	1e-23	0.0012981999898329377
170	1e-23	0.0013215000508353114
171	1e-23	0.0013493000296875834
172	1e-23	0.00119270000141114
173	1e-23	0.0013681999989785254
174	1e-23	0.0013219999964348972
175	1e-23	0.001112000027205795
176	1e-23	0.0012212999863550067
177	1e-23	0.001437900005839765
178	1e-23	0.0013817999861203134
179	1e-23	0.0013287999900057912
180	1e-23	0.00134240003535524
181	1e-23	0.001090699981432408
182	1e-23	0.001462099957279861
183	1e-23	0.0012984999921172857
184	1e-23	0.0011286000371910632
185	1e-23	0.0011949000181630254
186	1e-23	0.0016702000284567475
187	1e-23	0.001333800028078258
188	1e-23	0.0011647000210359693
189	1e-23	0.001532200025394559
190	1e-23	0.0012719999649561942
191	1e-23	0.0011144999880343676
192	1e-23	0.00150969997048378
193	1e-23	0.001366599986795336
194	1e-23	0.0012061000452376902
195	1e-23	0.001331100007519126
196	1e-23	0.0012094999547116458
197	1e-23	0.0011979000410065055
198	1e-23	0.0015920000150799751
199	1e-23	0.0012960000312887132
200	1e-23	0.001306000049225986
201	1e-23	0.0020414000027813017
202	1e-23	0.0014592999941669405
203	1e-23	0.0012521999888122082
204	1e-23	0.00208320003002882
205	1e-23	0.001382599992211908
206	1e-23	0.0014103999710641801
207	1e-23	0.0011954999645240605
208	1e-23	0.001148599956650287
209	1e-23	0.001469199953135103
210	1e-23	0.001761400024406612
211	1e-23	0.001974700018763542
212	1e-23	0.0016302000149153173
213	1e-23	0.0014053999911993742
214	1e-23	0.0013728999765589833
215	1e-23	0.0012190000270493329
216	1e-23	0.0010912999860011041
217	1e-23	0.0013590999878942966
218	1e-23	0.0013432999840006232
219	1e-23	0.001207799999974668
220	1e-23	0.0012144999927841127
221	1e-23	0.001470699964556843
222	1e-23	0.0015183000359684229
223	1e-23	0.0016544999671168625
224	1e-23	0.001261900004465133
225	1e-23	0.0011952000204473734
226	1e-23	0.0013832999975420535
227	1e-23	0.00120900000911206
228	1e-23	0.001223200000822544
229	1e-23	0.001180599967483431
230	1e-23	0.0013191999751143157
231	1e-23	0.0011566000175662339
232	1e-23	0.0013393000117503107
233	1e-23	0.001450599986128509
234	1e-23	0.0013621000107377768
235	1e-23	0.001269300002604723
236	1e-23	0.0013025000225752592
237	1e-23	0.0011257000151090324
238	1e-23	0.001171400013845414
239	1e-23	0.001359200046863407
240	1e-23	0.0011549000046215951
241	1e-23	0.0010954999597743154
242	1e-23	0.0013568999711424112
243	1e-23	0.0011489000171422958
244	1e-23	0.0010565000120550394
245	1e-23	0.001402399968355894
246	1e-23	0.0014547000173479319
247	1e-23	0.0011574000236578286
248	1e-23	0.0014390000142157078
249	1e-23	0.001268099993467331
250	1e-23	0.0014913000050000846
251	1e-23	0.0013916000025346875
252	1e-23	0.0016423999913968146
253	1e-23	0.0012427999754436314
254	1e-23	0.001521300000604242
255	1e-23	0.0013348999782465398
256	1e-23	0.001886499987449497
257	1e-23	0.0014750999980606139
258	1e-23	0.0013363999896682799
259	1e-23	0.0013270999770611525
260	1e-23	0.0015322999679483473
261	1e-23	0.0012923000031150877
262	1e-23	0.0015285999979823828
263	1e-23	0.0013269000337459147
264	1e-23	0.0013070999993942678
265	1e-23	0.0015659000491723418
266	1e-23	0.001589899999089539
267	1e-23	0.0013057999894954264
268	1e-23	0.001546700019389391
269	1e-23	0.0013386000064201653
270	1e-23	0.0013137999922037125
271	1e-23	0.0013692999491468072
272	1e-23	0.0011486000148579478
273	1e-23	0.001070600003004074
274	1e-23	0.0013974999892525375
275	1e-23	0.001442599983420223
276	1e-23	0.0014081999543122947
277	1e-23	0.0015440999995917082
278	1e-23	0.001449699979275465
279	1e-23	0.00115720002213493
280	1e-23	0.0013043999788351357
281	1e-23	0.0013806000351905823
282	1e-23	0.0011751999845728278
283	1e-23	0.0017048000008799136
284	1e-23	0.0014872999745421112
285	1e-23	0.0013788999640382826
286	1e-23	0.0013331000227481127
287	1e-23	0.0011067999876104295
288	1e-23	0.0010915000457316637
289	1e-23	0.0016690000193193555
290	1e-23	0.001272600027732551
291	1e-23	0.001193600008264184
292	1e-23	0.001365699979942292
293	1e-23	0.0011489000171422958
294	1e-23	0.001024700002744794
295	1e-23	0.001408600015565753
296	1e-23	0.001289099978748709
297	1e-23	0.0011304999934509397
298	1e-23	0.0014114999794401228
299	1e-23	0.001151600037701428
300	1e-23	0.001019100018311292
301	1e-23	0.0011459000525064766
302	1e-23	0.0014459000085480511
303	1e-23	0.0011929000029340386
304	1e-23	0.0011320000048726797
305	1e-23	0.001630700018722564
306	1e-23	0.0013445999938994646
307	1e-23	0.0011593999806791544
308	1e-23	0.0012745000422000885
309	1e-23	0.001269000000320375
310	1e-23	0.0011297000455670059
311	1e-23	0.001140100008342415
312	1e-23	0.0012271000305190682
313	1e-23	0.0010797000140883029
314	1e-23	0.0014651999808847904
315	1e-23	0.0012712000170722604
316	1e-23	0.0012598999892361462
317	1e-23	0.0011408000136725605
318	1e-23	0.0014414000324904919
319	1e-23	0.0012179000186733902
320	1e-23	0.0011724000214599073
321	1e-23	0.0016203999985009432
322	1e-23	0.001132100005634129
323	1e-23	0.0011066999868489802
324	1e-23	0.0011192000238224864
325	1e-23	0.0011135999811813235
326	1e-23	0.001081500027794391
327	1e-23	0.0011121999705210328
328	1e-23	0.0014075000071898103
329	1e-23	0.0012387000024318695
330	1e-23	0.0011375999893061817
331	1e-23	0.0016548999701626599
332	1e-23	0.0013563999673351645
333	1e-23	0.0011916999937966466
334	1e-23	0.0014732000418007374
335	1e-23	0.0012688999995589256
336	1e-23	0.0012027000193484128
337	1e-23	0.0013185000279918313
338	1e-23	0.0016516000032424927
339	1e-23	0.0011632000096142292
340	1e-23	0.0015078000142239034
341	1e-23	0.0012552999542094767
342	1e-23	0.0010958999628201127
343	1e-23	0.0015150000108405948
344	1e-23	0.001449999981559813
345	1e-23	0.001247700012754649
346	1e-23	0.0016300000133924186
347	1e-23	0.0011501000262796879
348	1e-23	0.00108889996772632
349	1e-23	0.0016542999655939639
350	1e-23	0.0013814999838359654
351	1e-23	0.001275799993891269
352	1e-23	0.001254500006325543
353	1e-23	0.0013473000144585967
354	1e-23	0.0012066999915987253
355	1e-23	0.0016490000416524708
356	1e-23	0.0012981999898329377
357	1e-23	0.0011447000433690846
358	1e-23	0.00184449995867908
359	1e-23	0.0015107999788597226
360	1e-23	0.0017364999512210488
361	1e-23	0.001633700041566044
362	1e-23	0.0012256999616511166
363	1e-23	0.0014381000073626637
364	1e-23	0.001269000000320375
365	1e-23	0.0011729999678209424
366	1e-23	0.001263700018171221
367	1e-23	0.0011913999915122986
368	1e-23	0.001088600023649633
369	1e-23	0.00109039997914806
370	1e-23	0.0013996000052429736
371	1e-23	0.0015742999967187643
372	1e-23	0.0011656000278890133
373	1e-23	0.001433399971574545
374	1e-23	0.0012300999951548874
375	1e-23	0.0011337000178173184
376	1e-23	0.0018398999818600714
377	1e-23	0.00138669996522367
378	1e-23	0.0013658000389114022
379	1e-23	0.0013845000066794455
380	1e-23	0.0013944999664090574
381	1e-23	0.002216299995779991
382	1e-23	0.001492900017183274
383	1e-23	0.0012604999938048422
384	1e-23	0.0013439999893307686
385	1e-23	0.0010797000140883029
386	1e-23	0.0011187000200152397
387	1e-23	0.0014149000053294003
388	1e-23	0.0011928000021725893
389	1e-23	0.0010559000074863434
390	1e-23	0.001278500014450401
391	1e-23	0.0013628000160679221
392	1e-23	0.0012909999932162464
393	1e-23	0.0012531000538729131
394	1e-23	0.0012252999586053193
395	1e-23	0.0010862999479286373
396	1e-23	0.001166999980341643
397	1e-23	0.0014191000373102725
398	1e-23	0.0012459999998100102
399	1e-23	0.001111100020352751
400	1e-23	0.001159599982202053
401	1e-23	0.0011892999755218625
402	1e-23	0.0012024999596178532
403	1e-23	0.001213700044900179
404	1e-23	0.0013655000366270542
405	1e-23	0.001226399966981262
406	1e-23	0.001138299994636327
407	1e-23	0.001509399968199432
408	1e-23	0.0011554999509826303
409	1e-23	0.0016725000459700823
410	1e-23	0.0013016999582760036
411	1e-23	0.0010992999887093902
412	1e-23	0.0010873000137507915
413	1e-23	0.001474000047892332
414	1e-23	0.0014655999839305878
415	1e-23	0.0014359999913722277
416	1e-23	0.0016711000353097916
417	1e-23	0.0012941000168211758
418	1e-23	0.001749899995047599
419	1e-23	0.0012727000284940004
420	1e-23	0.0011279999744147062
421	1e-23	0.001207199995405972
422	1e-23	0.0013279999839141965
423	1e-23	0.0012515999842435122
424	1e-23	0.001483400003053248
425	1e-23	0.001505899999756366
426	1e-23	0.0012388000031933188
427	1e-23	0.0012256999616511166
428	1e-23	0.0014854000182822347
429	1e-23	0.0014211999950930476
430	1e-23	0.0013227000017650425
431	1e-23	0.0014264000346884131
432	1e-23	0.0012809999752789736
433	1e-23	0.0015350000467151403
434	1e-23	0.0013746999902650714
435	1e-23	0.0012116000289097428
436	1e-23	0.0012688999995589256
437	1e-23	0.0013349999790079892
438	1e-23	0.0013664999860338867
439	1e-23	0.0012322000111453235
440	1e-23	0.0013841000036336482
441	1e-23	0.0011554999509826303
442	1e-23	0.001089199970010668
443	1e-23	0.0012733000330626965
444	1e-23	0.0012996000004932284
445	1e-23	0.0011686999932862818
446	1e-23	0.0012399000115692616
447	1e-23	0.0012223999947309494
448	1e-23	0.0011748999822884798
449	1e-23	0.0020773999858647585
450	1e-23	0.0014589999918825924
451	1e-23	0.0013043000362813473
452	1e-23	0.0014960000407882035
453	1e-23	0.0012583000352606177
454	1e-23	0.0014258999726735055
455	1e-23	0.0012778000091202557
456	1e-23	0.0011636000126600266
457	1e-23	0.001187399961054325
458	1e-23	0.00140889995964244
459	1e-23	0.001080299960449338
460	1e-23	0.0010154999908991158
461	1e-23	0.00150090001989156
462	1e-23	0.0011647000210359693
463	1e-23	0.0010647000162862241
464	1e-23	0.001201900013256818
465	1e-23	0.0011989999911747873
466	1e-23	0.0010741999722085893
467	1e-23	0.0010913999867625535
468	1e-23	0.0012933000107295811
469	1e-23	0.0012589999823831022
470	1e-23	0.0011088000028394163
471	1e-23	0.0011735999723896384
472	1e-23	0.0012749999877996743
473	1e-23	0.001700800028629601
474	1e-23	0.0011478999513201416
475	1e-23	0.0012540000025182962
476	1e-23	0.0012162000057287514
477	1e-23	0.0012656000326387584
478	1e-23	0.0012393000070005655
479	1e-23	0.0012654000311158597
480	1e-23	0.0011527000460773706
481	1e-23	0.0013992000021971762
482	1e-23	0.0012248000130057335
483	1e-23	0.001065799966454506
484	1e-23	0.0015304000116884708
485	1e-23	0.0013080999488011003
486	1e-23	0.001089499972295016
487	1e-23	0.001159899984486401
488	1e-23	0.0012177000171504915
489	1e-23	0.0010913999867625535
490	1e-23	0.0011641999590210617
491	1e-23	0.0013274000375531614
492	1e-23	0.0011149999918416142
493	1e-23	0.0010266000172123313
494	1e-23	0.0017120999982580543
495	1e-23	0.0011319000041112304
496	1e-23	0.001123199996072799
497	1e-23	0.0013366000493988395
498	1e-23	0.0016070000128820539
499	1e-23	0.0013023000210523605
500	1e-23	0.0012925999471917748
501	1e-23	0.001303600030951202
502	1e-23	0.0011193000245839357
503	1e-23	0.0016706999740563333
504	1e-23	0.00149789999704808
505	1e-23	0.001249800028745085
506	1e-23	0.0016999999643303454
507	1e-23	0.0014131999923847616
508	1e-23	0.001263700018171221
509	1e-23	0.0016039999900385737
510	1e-23	0.0011352000292390585
511	1e-23	0.0012503999751061201
512	1e-23	0.0013905999949201941
513	1e-23	0.0011821999796666205
514	1e-23	0.0010771999950520694
515	1e-23	0.0010939999483525753
516	1e-23	0.0014703000197187066
517	1e-23	0.0012758999946527183
518	1e-23	0.0012642000219784677
519	1e-23	0.001531900023110211
520	1e-23	0.0013128999853506684
521	1e-23	0.00133500003721565
522	1e-23	0.001429900003131479
523	1e-23	0.0012303999974392354
524	1e-23	0.0012399000115692616
525	1e-23	0.001182100037112832
526	1e-23	0.0011633000103756785
527	1e-23	0.0014368999982252717
528	1e-23	0.0014607000048272312
529	1e-23	0.0011953000212088227
530	1e-23	0.0011949999607168138
531	1e-23	0.0013138999929651618
532	1e-23	0.0012666999828070402
533	1e-23	0.001134699967224151
534	1e-23	0.001288799976464361
535	1e-23	0.001134999969508499
536	1e-23	0.0011025999556295574
537	1e-23	0.0011103000142611563
538	1e-23	0.0013252999633550644
539	1e-23	0.0013289000489749014
540	1e-23	0.0016382000176236033
541	1e-23	0.0013516999897547066
542	1e-23	0.0014611000078730285
543	1e-23	0.0014153000083751976
544	1e-23	0.0013891999842599034
545	1e-23	0.0012141999904997647
546	1e-23	0.0017151000211015344
547	1e-23	0.0014452000032179058
548	1e-23	0.0012533999979496002
549	1e-23	0.0016975000035017729
550	1e-23	0.0012668000417761505
551	1e-23	0.0011644000187516212
552	1e-23	0.0016104999813251197
553	1e-23	0.001319599978160113
554	1e-23	0.0011316000018268824
555	1e-23	0.0014658999862149358
556	1e-23	0.001172899967059493
557	1e-23	0.001413899997714907
558	1e-23	0.0013720000279136002
559	1e-23	0.0011701000039465725
560	1e-23	0.0010615999926812947
561	1e-23	0.0014879999798722565
562	1e-23	0.001215199998114258
563	1e-23	0.0011296000448055565
564	1e-23	0.001934100000653416
565	1e-23	0.001330200000666082
566	1e-23	0.0017937000375241041
567	1e-23	0.0012457999982871115
568	1e-23	0.0010508999694138765
569	1e-23	0.0010569000151008368
570	1e-23	0.0015054999967105687
571	1e-23	0.0011523000430315733
572	1e-23	0.0011410999577492476
573	1e-23	0.0017874999903142452
574	1e-23	0.00135570002021268
575	1e-23	0.001277000003028661
576	1e-23	0.0015416000387631357
577	1e-23	0.001260999997612089
578	1e-23	0.0011282999766990542
579	1e-23	0.0014040000387467444
580	1e-23	0.0012176999589428306
581	1e-23	0.0012157000019215047
582	1e-23	0.0012027999619022012
583	1e-23	0.0011556000099517405
584	1e-23	0.0011018000077456236
585	1e-23	0.0011637000134214759
586	1e-23	0.0013854000135324895
587	1e-23	0.001312200038228184
588	1e-23	0.0011831999872811139
589	1e-23	0.001375199994072318
590	1e-23	0.0010429000249132514
591	1e-23	0.0010291999788023531
592	1e-23	0.0011548000038601458
593	1e-23	0.0012608999968506396
594	1e-23	0.0011112999636679888
595	1e-23	0.0010802000178955495
596	1e-23	0.0013918000040575862
597	1e-23	0.0011119999689981341
598	1e-23	0.0010386999929323792
599	1e-23	0.00121640000725165
600	1e-23	0.0012184000224806368
601	1e-23	0.001115499995648861
602	1e-23	0.0013234999496489763
603	1e-23	0.0012694000033661723
604	1e-23	0.0012641999637708068
605	1e-23	0.0015922999591566622
606	1e-23	0.0013042999780736864
607	1e-23	0.0011110000195913017
608	1e-23	0.0010691999923437834
609	1e-23	0.0013209000462666154
610	1e-23	0.0011400000075809658
611	1e-23	0.0014653000398539007
612	1e-23	0.001387299969792366
613	1e-23	0.001225499960128218
614	1e-23	0.0011389999999664724
615	1e-23	0.0015978000010363758
616	1e-23	0.0012382999993860722
617	1e-23	0.0011355000315234065
618	1e-23	0.0012086000060662627
619	1e-23	0.0011961000273004174
620	1e-23	0.0011769999982789159
621	1e-23	0.001193900010548532
622	1e-23	0.0012227999977767467
623	1e-23	0.0015256000333465636
624	1e-23	0.001289999985601753
625	1e-23	0.0013531000004149973
626	1e-23	0.0012401999556459486
627	1e-23	0.0011875000200234354
628	1e-23	0.0013396000140346587
629	1e-23	0.0013233000063337386
630	1e-23	0.0011710000107996166
631	1e-23	0.0014845000114291906
632	1e-23	0.0011226999922655523
633	1e-23	0.001115799997933209
634	1e-23	0.0012830999912694097
635	1e-23	0.0017788000404834747
636	1e-23	0.0012361000408418477
637	1e-23	0.0011934000067412853
638	1e-23	0.0011668000370264053
639	1e-23	0.001076499989721924
640	1e-23	0.0014040999813005328
641	1e-23	0.0013995000044815242
642	1e-23	0.001152499986346811
643	1e-23	0.0012253000168129802
644	1e-23	0.001281999982893467
645	1e-23	0.0012196000316180289
646	1e-23	0.0016122999950312078
647	1e-23	0.0014671999961137772
648	1e-23	0.0011678999871946871
649	1e-23	0.0012070999946445227
650	1e-23	0.0013002000050619245
651	1e-23	0.0011633000103756785
652	1e-23	0.0010704000014811754
653	1e-23	0.0016017999732866883
654	1e-23	0.0012681999942287803
655	1e-23	0.0010967999696731567
656	1e-23	0.0011326000094413757
657	1e-23	0.0011484999558888376
658	1e-23	0.001408599957358092
659	1e-23	0.0015314999618567526
660	1e-23	0.0012135999859310687
661	1e-23	0.001047199999447912
662	1e-23	0.0013010000111535192
663	1e-23	0.0012755999923683703
664	1e-23	0.0011508000316098332
665	1e-23	0.0010355999693274498
666	1e-23	0.0013891999842599034
667	1e-23	0.0010257000103592873
668	1e-23	0.0010096000041812658
669	1e-23	0.0012550000101327896
670	1e-23	0.0013772000093013048
671	1e-23	0.0013268999755382538
672	1e-23	0.0013043000362813473
673	1e-23	0.0013009999529458582
674	1e-23	0.0011970999767072499
675	1e-23	0.0011476000072434545
676	1e-23	0.0013609000016003847
677	1e-23	0.0012136000441387296
678	1e-23	0.0012418999685905874
679	1e-23	0.0016555999754928052
680	1e-23	0.0013003000058233738
681	1e-23	0.001626000041142106
682	1e-23	0.0015048999921418726
683	1e-23	0.0012309000012464821
684	1e-23	0.0011984999873675406
685	1e-23	0.001421599998138845
686	1e-23	0.0011789000127464533
687	1e-23	0.0011445999843999743
688	1e-23	0.001418700034264475
689	1e-23	0.0012732000323012471
690	1e-23	0.001532199967186898
691	1e-23	0.00146980001591146
692	1e-23	0.0014112999779172242
693	1e-23	0.0012931000092066824
694	1e-23	0.0013712000218220055
695	1e-23	0.0013289000489749014
696	1e-23	0.0015549000236205757
697	1e-23	0.0013694000081159174
698	1e-23	0.0011554000084288418
699	1e-23	0.0012229999992996454
700	1e-23	0.0014205999905243516
701	1e-23	0.001151900039985776
702	1e-23	0.001095400017220527
703	1e-23	0.001418400031980127
704	1e-23	0.0014978000544942915
705	1e-23	0.001208700006827712
706	1e-23	0.0014921000110916793
707	1e-23	0.001415400009136647
708	1e-23	0.001380500034429133
709	1e-23	0.0015390999615192413
710	1e-23	0.001368400000501424
711	1e-23	0.0012947999639436603
712	1e-23	0.0013667999883182347
713	1e-23	0.0012876999680884182
714	1e-23	0.0015331999748013914
715	1e-23	0.0015030999784357846
716	1e-23	0.0014205999905243516
717	1e-23	0.0015310999588109553
718	1e-23	0.0012906999909318984
719	1e-23	0.0011582999723032117
720	1e-23	0.0014679000014439225
721	1e-23	0.001291199994739145
722	1e-23	0.0011260999599471688
723	1e-23	0.0012181999627500772
724	1e-23	0.0012986999936401844
725	1e-23	0.0011567000183276832
726	1e-23	0.0012992999982088804
727	1e-23	0.0015462000155821443
728	1e-23	0.0013752999948337674
729	1e-23	0.0012938000145368278
730	1e-23	0.0012588999816216528
731	1e-23	0.0011707000085152686
732	1e-23	0.0012512999819591641
733	1e-23	0.0015278999926522374
734	1e-23	0.0011911999899894
735	1e-23	0.0011600999860092998
736	1e-23	0.0013812999823130667
737	1e-23	0.0011436999775469303
738	1e-23	0.0016163000254891813
739	1e-23	0.0014482999686151743
740	1e-23	0.0013275999808683991
741	1e-23	0.0012824999867007136
742	1e-23	0.0013174000196158886
743	1e-23	0.0012660000356845558
744	1e-23	0.0011418000212870538
745	1e-23	0.0017669000080786645
746	1e-23	0.0014149000053294003
747	1e-23	0.0012581999762915075
748	1e-23	0.001548500033095479
749	1e-23	0.001504999992903322
750	1e-23	0.001428099989425391
751	1e-23	0.0014568999758921564
752	1e-23	0.0012972999829798937
753	1e-23	0.0012945000198669732
754	1e-23	0.001332899963017553
755	1e-23	0.0011260000173933804
756	1e-23	0.0011132999788969755
757	1e-23	0.0014208000502549112
758	1e-23	0.0012292999890632927
759	1e-23	0.0011794000165537
760	1e-23	0.0014724999782629311
761	1e-23	0.001227900036610663
762	1e-23	0.0011636000126600266
763	1e-23	0.001338200003374368
764	1e-23	0.0011731000267900527
765	1e-23	0.0010869000107049942
766	1e-23	0.001255100010894239
767	1e-23	0.0013397999573498964
768	1e-23	0.0011707000085152686
769	1e-23	0.001212199975270778
770	1e-23	0.0014506999868899584
771	1e-23	0.0012014000094495714
772	1e-23	0.0012848000042140484
773	1e-23	0.001987900002859533
774	1e-23	0.001289699983317405
775	1e-23	0.0014399000210687518
776	1e-23	0.0014085000148043036
777	1e-23	0.0012352000339888036
778	1e-23	0.0013909999979659915
779	1e-23	0.0012868000194430351
780	1e-23	0.00123259995598346
781	1e-23	0.0012735000345855951
782	1e-23	0.0013445999938994646
783	1e-23	0.001610599982086569
784	1e-23	0.0017090999754145741
785	1e-23	0.0013834999990649521
786	1e-23	0.0012656000326387584
787	1e-23	0.001446699956431985
788	1e-23	0.0012617000029422343
789	1e-23	0.0012196000316180289
790	1e-23	0.0013492000289261341
791	1e-23	0.0012400000123307109
792	1e-23	0.0012984999921172857
793	1e-23	0.0014149000053294003
794	1e-23	0.002068100031465292
795	1e-23	0.0014342000358738005
796	1e-23	0.001414499944075942
797	1e-23	0.0012809000327251852
798	1e-23	0.0014426999841816723
799	1e-23	0.001379600027576089
800	1e-23	0.0013096000184305012
801	1e-23	0.0012928000069223344
802	1e-23	0.0013696000096388161
803	1e-23	0.001221699989400804
804	1e-23	0.001264300022739917
805	1e-23	0.001617999980226159
806	1e-23	0.0014264999772422016
807	1e-23	0.0013499000342562795
808	1e-23	0.0015708000282756984
809	1e-23	0.0013418999733403325
810	1e-23	0.0014471999602392316
811	1e-23	0.0014553000219166279
812	1e-23	0.0012103000190109015
813	1e-23	0.0015092000248841941
814	1e-23	0.00138819997664541
815	1e-23	0.001546399958897382
816	1e-23	0.0014328000252135098
817	1e-23	0.001270500011742115
818	1e-23	0.001180000021122396
819	1e-23	0.0013489999691955745
820	1e-23	0.0011939999531023204
821	1e-23	0.0012204000377096236
822	1e-23	0.0015688000130467117
823	1e-23	0.0012852000072598457
824	1e-23	0.0013158000074326992
825	1e-23	0.0015991000109352171
826	1e-23	0.0014374000020325184
827	1e-23	0.0015184999792836607
828	1e-23	0.0014533000066876411
829	1e-23	0.0012163000064902008
830	1e-23	0.0012564999633468688
831	1e-23	0.0015591999981552362
832	1e-23	0.0013132999883964658
833	1e-23	0.001236199983395636
834	1e-23	0.0014502000412903726
835	1e-23	0.0011969999759458005
836	1e-23	0.0012002000003121793
837	1e-23	0.001355400017928332
838	1e-23	0.0012036000262014568
839	1e-23	0.001144200039561838
840	1e-23	0.001615300017874688
841	1e-23	0.0012731999740935862
842	1e-23	0.0010851999977603555
843	1e-23	0.0015308000147342682
844	1e-23	0.0011945999576710165
845	1e-23	0.0010843999916687608
846	1e-23	0.001209900015965104
847	1e-23	0.0014803999802097678
848	1e-23	0.0013746999902650714
849	1e-23	0.0013722999719902873
850	1e-23	0.0013681999989785254
851	1e-23	0.0012916999985463917
852	1e-23	0.0011826999834738672
853	1e-23	0.0012414000229910016
854	1e-23	0.00104599999031052
855	1e-23	0.0012540999450720847
856	1e-23	0.0014386000111699104
857	1e-23	0.0011337999603711069
858	1e-23	0.0013970999862067401
859	1e-23	0.0013515999889932573
860	1e-23	0.0014278000453487039
861	1e-23	0.0014601000002585351
862	1e-23	0.0013781000161543489
863	1e-23	0.0012934000114910305
864	1e-23	0.0013021999620832503
865	1e-23	0.0013461000053212047
866	1e-23	0.001129999989643693
867	1e-23	0.0011297000455670059
868	1e-23	0.0013829999952577055
869	1e-23	0.0013478000182658434
870	1e-23	0.001333200023509562
871	1e-23	0.0014613000093959272
872	1e-23	0.0017735000001266599
873	1e-23	0.001185599947348237
874	1e-23	0.001713800011202693
875	1e-23	0.0014946000301279128
876	1e-23	0.0012567000230774283
877	1e-23	0.0013711999636143446
878	1e-23	0.0011794000165537
879	1e-23	0.0012593999854288995
880	1e-23	0.0013011000119149685
881	1e-23	0.0011339000193402171
882	1e-23	0.001228499982971698
883	1e-23	0.0013098000199534
884	1e-23	0.0012675999896600842
885	1e-23	0.001346500008367002
886	1e-23	0.0012987999944016337
887	1e-23	0.0011742999777197838
888	1e-23	0.001167299982625991
889	1e-23	0.0014103999710641801
890	1e-23	0.0012636000174097717
891	1e-23	0.0011834999895654619
892	1e-23	0.0014746999950148165
893	1e-23	0.0016843000194057822
894	1e-23	0.0013140999944880605
895	1e-23	0.001770599978044629
896	1e-23	0.001280499971471727
897	1e-23	0.0016056000022217631
898	1e-23	0.001337599998805672
899	1e-23	0.0012986999936401844
900	1e-23	0.0014439999940805137
901	1e-23	0.0013925000093877316
902	1e-23	0.0012416000245139003
903	1e-23	0.001298299990594387
904	1e-23	0.001462399959564209
905	1e-23	0.0012984999921172857
906	1e-23	0.0016312000225298107
907	1e-23	0.0013913000002503395
908	1e-23	0.0013037999742664397
909	1e-23	0.0013065999955870211
910	1e-23	0.0013160000089555979
911	1e-23	0.001227899978403002
912	1e-23	0.0016230999608524144
913	1e-23	0.0013722999719902873
914	1e-23	0.001285300008021295
915	1e-23	0.0018712999881245196
916	1e-23	0.0014167000190354884
917	1e-23	0.0012550000101327896
918	1e-23	0.0016118999919854105
919	1e-23	0.0012033000239171088
920	1e-23	0.0014512999914586544
921	1e-23	0.0015259999781847
922	1e-23	0.0012546000070869923
923	1e-23	0.0016489000408910215
924	1e-23	0.0015128999948501587
925	1e-23	0.0011564999585971236
926	1e-23	0.0019908000249415636
927	1e-23	0.0017931999755091965
928	1e-23	0.0013037999742664397
929	1e-23	0.001322000054642558
930	1e-23	0.001116700004786253
931	1e-23	0.001061399991158396
932	1e-23	0.0015095999697223306
933	1e-23	0.0016014999710023403
934	1e-23	0.0013091000146232545
935	1e-23	0.0016020999755710363
936	1e-23	0.0016414999845437706
937	1e-23	0.0015230000135488808
938	1e-23	0.0013537000049836934
939	1e-23	0.0011162000009790063
940	1e-23	0.0012518000439740717
941	1e-23	0.00151859998004511
942	1e-23	0.0013997999485582113
943	1e-23	0.0015879999846220016
944	1e-23	0.001846899976953864
945	1e-23	0.0013191999751143157
946	1e-23	0.0014651999808847904
947	1e-23	0.0018964999471791089
948	1e-23	0.0013309000059962273
949	1e-23	0.0013561999658122659
950	1e-23	0.0012032000231556594
951	1e-23	0.001319300034083426
952	1e-23	0.0016331999795511365
953	1e-23	0.001207200053613633
954	1e-23	0.0013882999774068594
955	1e-23	0.0013596999924629927
956	1e-23	0.0012712000170722604
957	1e-23	0.0012015000102110207
958	1e-23	0.0013217999949119985
959	1e-23	0.001427499984856695
960	1e-23	0.0014211999950930476
961	1e-23	0.0014202999882400036
962	1e-23	0.001271700020879507
963	1e-23	0.0014821999939158559
964	1e-23	0.0015481000300496817
965	1e-23	0.001288199971895665
966	1e-23	0.0014976999955251813
967	1e-23	0.001386700023431331
968	1e-23	0.0013811999815516174
969	1e-23	0.0015044999890960753
970	1e-23	0.0012648000265471637
971	1e-23	0.00120749999769032
972	1e-23	0.0013166999560780823
973	1e-23	0.0013341999729163945
974	1e-23	0.001234399969689548
975	1e-23	0.0013702999567613006
976	1e-23	0.0013806000351905823
977	1e-23	0.0012080000014975667
978	1e-23	0.0014609999489039183
979	1e-23	0.0014159000129438937
980	1e-23	0.0018582000047899783
981	1e-23	0.0014198999851942062
982	1e-23	0.0013110999716445804
983	1e-23	0.0012846000026911497
984	1e-23	0.001326099969446659
985	1e-23	0.0012482000165618956
986	1e-23	0.001123199996072799
987	1e-23	0.0014105000300332904
988	1e-23	0.0012202999787405133
989	1e-23	0.001137399987783283
990	1e-23	0.0013039999757893384
991	1e-23	0.0016089999699033797
992	1e-23	0.001414199999999255
993	1e-23	0.001562100020237267
994	1e-23	0.0013870999682694674
995	1e-23	0.0014046999858692288
996	1e-23	0.0012784000136889517
997	1e-23	0.0013365999911911786
998	1e-23	0.001240600016899407
999	1e-23	0.0018498999997973442
1000	1e-23	0.0014728999813087285
1001	1e-23	0.0014188000350259244
1002	1e-23	0.001574800000526011
1003	1e-23	0.001316600013524294
1004	1e-23	0.0019635999924503267
1005	1e-23	0.0014429999864660203
1006	1e-23	0.0013496999745257199
1007	1e-23	0.001517699973192066
1008	1e-23	0.0013460000045597553
1009	1e-23	0.0013974999892525375
1010	1e-23	0.0014672999968752265
1011	1e-23	0.0013247000169940293
1012	1e-23	0.0014589999918825924
1013	1e-23	0.0014297000016085804
1014	1e-23	0.001303300028666854
1015	1e-23	0.0013762000016868114
1016	1e-23	0.0015565999783575535
1017	1e-23	0.0012852000072598457
1018	1e-23	0.001219599973410368
1019	1e-23	0.001582199998665601
1020	1e-23	0.0014929999597370625
1021	1e-23	0.0014578000409528613
1022	1e-23	0.0013201000401750207
1023	1e-23	0.0012778000091202557
1024	1e-23	0.0013144999975338578
1025	1e-23	0.0016763000166974962
1026	1e-23	0.0012758999946527183
1027	1e-23	0.0013165000127628446
1028	1e-23	0.0013051999849267304
1029	1e-23	0.0012589000398293138
1030	1e-23	0.0012975999852642417
1031	1e-23	0.0015278999926522374
1032	1e-23	0.0012646999675780535
1033	1e-23	0.0015917000127956271
1034	1e-23	0.001455900026485324
1035	1e-23	0.00132610002765432
1036	1e-23	0.0017983999568969011
1037	1e-23	0.0013025999651290476
1038	1e-23	0.0013528999988920987
1039	1e-23	0.0015627999673597515
1040	1e-23	0.0016092000296339393
1041	1e-23	0.0013831999967806041
1042	1e-23	0.0014044999843463302
1043	1e-23	0.0012750999885611236
1044	1e-23	0.0021998999873176217
1045	1e-23	0.0013364000478759408
1046	1e-23	0.0013138999929651618
1047	1e-23	0.0014358999906107783
1048	1e-23	0.0012366000446490943
1049	1e-23	0.0013654999784193933
1050	1e-23	0.0014054999919608235
1051	1e-23	0.0011962999706156552
1052	1e-23	0.001308899954892695
1053	1e-23	0.0014937000232748687
1054	1e-23	0.0016352000529877841
1055	1e-23	0.0014896999928168952
1056	1e-23	0.0013705000164918602
1057	1e-23	0.0013806000351905823
1058	1e-23	0.0013552000164054334
1059	1e-23	0.0012960000312887132
1060	1e-23	0.0011866000131703913
1061	1e-23	0.001362200011499226
1062	1e-23	0.0012385000009089708
1063	1e-23	0.0011828000424429774
1064	1e-23	0.0012294999905861914
1065	1e-23	0.0018856999813579023
1066	1e-23	0.001340000017080456
1067	1e-23	0.0013977999915368855
1068	1e-23	0.0012479000142775476
1069	1e-23	0.0011372000444680452
1070	1e-23	0.001497599994763732
1071	1e-23	0.0013218999956734478
1072	1e-23	0.0012171000125817955
1073	1e-23	0.0016841000178828835
1074	1e-23	0.0012592999846674502
1075	1e-23	0.0011074000503867865
1076	1e-23	0.0015909000067040324
1077	1e-23	0.0014445999986492097
1078	1e-23	0.0013612000038847327
1079	1e-23	0.0013732000370509923
1080	1e-23	0.0017779999761842191
1081	1e-23	0.0014087000163272023
1082	1e-23	0.0013731999788433313
1083	1e-23	0.001159899984486401
1084	1e-23	0.0012883000308647752
1085	1e-23	0.0013643000274896622
1086	1e-23	0.0015165999648161232
1087	1e-23	0.0017293999553658068
1088	1e-23	0.0014790999703109264
1089	1e-23	0.0013436999870464206
1090	1e-23	0.00134529999922961
1091	1e-23	0.001241200021468103
1092	1e-23	0.00120449997484684
1093	1e-23	0.0015378000098280609
1094	1e-23	0.0013021000195294619
1095	1e-23	0.0012048999778926373
1096	1e-23	0.0012741999817080796
1097	1e-23	0.001278500014450401
1098	1e-23	0.0012202999787405133
1099	1e-23	0.0013567000278271735
1100	1e-23	0.001339100010227412
1101	1e-23	0.0011993999942205846
1102	1e-23	0.0014220000011846423
1103	1e-23	0.0014014000189490616
1104	1e-23	0.0013538000057451427
1105	1e-23	0.0013214999926276505
1106	1e-23	0.00136749999364838
1107	1e-23	0.0013061999925412238
1108	1e-23	0.0012138999882154167
1109	1e-23	0.001552900008391589
1110	1e-23	0.0012947000213898718
1111	1e-23	0.0011546000023372471
1112	1e-23	0.0013229000032879412
1113	1e-23	0.0012419000267982483
1114	1e-23	0.0011935000075027347
1115	1e-23	0.001352999999653548
1116	1e-23	0.0012121000327169895
1117	1e-23	0.001129999989643693
1118	1e-23	0.0014973999932408333
1119	1e-23	0.0011932000052183867
1120	1e-23	0.001178799953777343
1121	1e-23	0.0016592000029049814
1122	1e-23	0.0014023000258021057
1123	1e-23	0.0011831999872811139
1124	1e-23	0.0011901000398211181
1125	1e-23	0.0012185000232420862
1126	1e-23	0.0011899999808520079
1127	1e-23	0.0012734000338241458
1128	1e-23	0.0013926000101491809
1129	1e-23	0.0013083000085316598
1130	1e-23	0.0013013000134378672
1131	1e-23	0.0013289999915286899
1132	1e-23	0.0013831999967806041
1133	1e-23	0.0013378000003285706
1134	1e-23	0.001487300032749772
1135	1e-23	0.0012894000392407179
1136	1e-23	0.0011611999943852425
1137	1e-23	0.001408900017850101
1138	1e-23	0.0012270999723114073
1139	1e-23	0.0011659999727271497
1140	1e-23	0.0012946000206284225
1141	1e-23	0.0011942999553866684
1142	1e-23	0.001255699957255274
1143	1e-23	0.0019177999929524958
1144	1e-23	0.002169799990952015
1145	1e-23	0.0014606000040657818
1146	1e-23	0.001242100028321147
1147	1e-23	0.0010282999719493091
1148	1e-23	0.0017081999685615301
1149	1e-23	0.0014402999659068882
1150	1e-23	0.001164900022558868
1151	1e-23	0.0013652999768964946
1152	1e-23	0.0012898999848403037
1153	1e-23	0.0011075999937020242
1154	1e-23	0.001712900004349649
1155	1e-23	0.001330800005234778
1156	1e-23	0.0011760999914258718
1157	1e-23	0.0013755999971181154
1158	1e-23	0.0011461999965831637
1159	1e-23	0.0012082000030204654
1160	1e-23	0.0014628000208176672
1161	1e-23	0.0012310000020079315
1162	1e-23	0.0011725000222213566
1163	1e-23	0.001215500000398606
1164	1e-23	0.0012055999832227826
1165	1e-23	0.001165499968919903
1166	1e-23	0.0013654000358656049
1167	1e-23	0.001357399974949658
1168	1e-23	0.0012254000175744295
1169	1e-23	0.0013129999861121178
1170	1e-23	0.0014226000057533383
1171	1e-23	0.0011817999766208231
1172	1e-23	0.0012076999992132187
1173	1e-23	0.0013719999697059393
1174	1e-23	0.0012196000316180289
1175	1e-23	0.0011838999926112592
1176	1e-23	0.0017438000068068504
1177	1e-23	0.0014974999940022826
1178	1e-23	0.0015570000396110117
1179	1e-23	0.0013914000010117888
1180	1e-23	0.001299199997447431
1181	1e-23	0.0012175000156275928
1182	1e-23	0.0013835999998264015
1183	1e-23	0.0011343000223860145
1184	1e-23	0.0010925999958999455
1185	1e-23	0.0012567000230774283
1186	1e-23	0.001153099990915507
1187	1e-23	0.0010949000134132802
1188	1e-23	0.0011987999896518886
1189	1e-23	0.001577800023369491
1190	1e-23	0.0014020000235177577
1191	1e-23	0.001496999990195036
1192	1e-23	0.0013773000100627542
1193	1e-23	0.0011789000127464533
1194	1e-23	0.0018003999721258879
1195	1e-23	0.0011571000213734806
1196	1e-23	0.001119400025345385
1197	1e-23	0.001429900003131479
1198	1e-23	0.0014187999768182635
1199	1e-23	0.001272000023163855
1200	1e-23	0.0014479000237770379
1201	1e-23	0.0015575999859720469
1202	1e-23	0.0013952000299468637
1203	1e-23	0.0013586999848484993
1204	1e-23	0.001456799975130707
1205	1e-23	0.001426299975719303
1206	1e-23	0.001380800036713481
1207	1e-23	0.0015070000081323087
1208	1e-23	0.0014860999654047191
1209	1e-23	0.0013378000003285706
1210	1e-23	0.0014581999857909977
1211	1e-23	0.0014257000293582678
1212	1e-23	0.0014370999997481704
1213	1e-23	0.0014578999835066497
1214	1e-23	0.0015504999901168048
1215	1e-23	0.0012950000236742198
1216	1e-23	0.001366599986795336
1217	1e-23	0.0012639000196941197
1218	1e-23	0.0013126999838277698
1219	1e-23	0.0014527000021189451
1220	1e-23	0.0014711000258103013
1221	1e-23	0.0017213999526575208
1222	1e-23	0.0019322999869473279
1223	1e-23	0.0016921000205911696
1224	1e-23	0.0016261999844573438
1225	1e-23	0.0014791000285185874
1226	1e-23	0.0013061000499874353
1227	1e-23	0.0011961000273004174
1228	1e-23	0.0014484000275842845
1229	1e-23	0.0011405000113882124
1230	1e-23	0.0015279999934136868
1231	1e-23	0.0014728999813087285
1232	1e-23	0.001354500011075288
1233	1e-23	0.0013416000292636454
1234	1e-23	0.0022379999863915145
1235	1e-23	0.0015829000039957464
1236	1e-23	0.001442299981135875
1237	1e-23	0.0013295999960973859
1238	1e-23	0.0011175000108778477
1239	1e-23	0.001215199998114258
1240	1e-23	0.001098100037779659
1241	1e-23	0.0012621000059880316
1242	1e-23	0.0013284999877214432
1243	1e-23	0.0012359999818727374
1244	1e-23	0.0011866000131703913
1245	1e-23	0.0011608999921008945
1246	1e-23	0.0012183000217191875
1247	1e-23	0.0012141000479459763
1248	1e-23	0.0012143999920226634
1249	1e-23	0.0012305999989621341
1250	1e-23	0.001171100011561066
1251	1e-23	0.0011416000197641551
1252	1e-23	0.001144199981354177
1253	1e-23	0.0011240000021643937
1254	1e-23	0.0012012000079266727
1255	1e-23	0.0013049999834038317
1256	1e-23	0.0012764999992214143
1257	1e-23	0.0012008000048808753
1258	1e-23	0.001121399982366711
1259	1e-23	0.0011220999876968563
1260	1e-23	0.0011847999994643033
1261	1e-23	0.001133000012487173
1262	1e-23	0.0011358000338077545
1263	1e-23	0.0011187000200152397
1264	1e-23	0.0011886999709531665
1265	1e-23	0.0011934999492950737
1266	1e-23	0.001309499959461391
1267	1e-23	0.0015929999644868076
1268	1e-23	0.0012691000010818243
1269	1e-23	0.0012459999998100102
1270	1e-23	0.0011762999929487705
1271	1e-23	0.0011282000341452658
1272	1e-23	0.0012547000078484416
1273	1e-23	0.001249200024176389
1274	1e-23	0.0011816999758593738
1275	1e-23	0.0012223999947309494
1276	1e-23	0.0010733999661169946
1277	1e-23	0.0010430999682284892
1278	1e-23	0.0011132999788969755
1279	1e-23	0.001145399990491569
1280	1e-23	0.0012695000041276217
1281	1e-23	0.0012775999493896961
1282	1e-23	0.0011142999865114689
1283	1e-23	0.0012265000259503722
1284	1e-23	0.001166399975772947
1285	1e-23	0.0011831000447273254
1286	1e-23	0.0011639000149443746
1287	1e-23	0.001048700010869652
1288	1e-23	0.0011072999914176762
1289	1e-23	0.001124700007494539
1290	1e-23	0.0014158999547362328
1291	1e-23	0.0013999000075273216
1292	1e-23	0.0011582000297494233
1293	1e-23	0.001375499996356666
1294	1e-23	0.0012063000467605889
1295	1e-23	0.001221999991685152
1296	1e-23	0.0011897000367753208
1297	1e-23	0.0012567000230774283
1298	1e-23	0.00124739995226264
1299	1e-23	0.001236499985679984
1300	1e-23	0.001325800025369972
1301	1e-23	0.0012478000135160983
1302	1e-23	0.0011328000109642744
1303	1e-23	0.0011227999930270016
1304	1e-23	0.0011012000031769276
1305	1e-23	0.0013948000269010663
1306	1e-23	0.0013072000001557171
1307	1e-23	0.0012039999710395932
1308	1e-23	0.0010536000481806695
1309	1e-23	0.0011922999983653426
1310	1e-23	0.0011651000240817666
1311	1e-23	0.0011966999736614525
1312	1e-23	0.0012116000289097428
1313	1e-23	0.001215199998114258
1314	1e-23	0.0011573999654501677
1315	1e-23	0.001163399952929467
1316	1e-23	0.00117790000513196
1317	1e-23	0.0014013000181876123
1318	1e-23	0.001326099969446659
1319	1e-23	0.0011911999899894
1320	1e-23	0.0011836999910883605
1321	1e-23	0.001202800020109862
1322	1e-23	0.0011028999579139054
1323	1e-23	0.0011019999510608613
1324	1e-23	0.0011771999998018146
1325	1e-23	0.0011097000096924603
1326	1e-23	0.0012337000225670636
1327	1e-23	0.0012233000015839934
1328	1e-23	0.0012406999594531953
1329	1e-23	0.0011949000181630254
1330	1e-23	0.0015904000028967857
1331	1e-23	0.0012227999977767467
1332	1e-23	0.0012458999990485609
1333	1e-23	0.0011508999741636217
1334	1e-23	0.0010556999477557838
1335	1e-23	0.0011632000096142292
1336	1e-23	0.0012743999832309783
1337	1e-23	0.0013571999734267592
1338	1e-23	0.0012688999995589256
1339	1e-23	0.001249200024176389
1340	1e-23	0.001198899990413338
1341	1e-23	0.0012067999923601747
1342	1e-23	0.001489299989771098
1343	1e-23	0.0012466000043787062
1344	1e-23	0.0011561000137589872
1345	1e-23	0.00120449997484684
1346	1e-23	0.001202200015541166
1347	1e-23	0.0011216000420972705
1348	1e-23	0.001107799995224923
1349	1e-23	0.0011235999991185963
1350	1e-23	0.0011452999897301197
1351	1e-23	0.00121640000725165
1352	1e-23	0.0011553000076673925
1353	1e-23	0.0012117999722249806
1354	1e-23	0.0010786000057123601
1355	1e-23	0.0016921000205911696
1356	1e-23	0.0011832000454887748
1357	1e-23	0.0011731000267900527
1358	1e-23	0.0010565000120550394
1359	1e-23	0.0011053999769501388
1360	1e-23	0.0011662000324577093
1361	1e-23	0.0012413999647833407
1362	1e-23	0.0011980000417679548
1363	1e-23	0.0011802000226452947
1364	1e-23	0.0011221999884583056
1365	1e-23	0.001123800000641495
1366	1e-23	0.0011987999896518886
1367	1e-23	0.0012942000175826252
1368	1e-23	0.001249799970537424
1369	1e-23	0.0012963999761268497
1370	1e-23	0.0011473000049591064
1371	1e-23	0.0011217000428587198
1372	1e-23	0.0011236999998800457
1373	1e-23	0.0011801000218838453
1374	1e-23	0.0011813999735750258
1375	1e-23	0.0011610999936237931
1376	1e-23	0.0012005000025965273
1377	1e-23	0.0011484000133350492
1378	1e-23	0.0013068999978713691
1379	1e-23	0.0015095000271685421
1380	1e-23	0.0014863000251352787
1381	1e-23	0.001477799960412085
1382	1e-23	0.0014161999570205808
1383	1e-23	0.0012936000130139291
1384	1e-23	0.0012428999762050807
1385	1e-23	0.0015563999768346548
1386	1e-23	0.0012843000004068017
1387	1e-23	0.0010701999999582767
1388	1e-23	0.001235300034750253
1389	1e-23	0.0012101000174880028
1390	1e-23	0.0011973999789915979
1391	1e-23	0.0014647000352852046
1392	1e-23	0.0015270999865606427
1393	1e-23	0.0013834999990649521
1394	1e-23	0.0013677000533789396
1395	1e-23	0.0012479000142775476
1396	1e-23	0.0011501000262796879
1397	1e-23	0.0011597999837249517
1398	1e-23	0.0013096999609842896
1399	1e-23	0.0011550000053830445
1400	1e-23	0.0014499000390060246
1401	1e-23	0.001568900013808161
1402	1e-23	0.002015500038396567
1403	1e-23	0.0017012000316753983
1404	1e-23	0.0015421000425703824
1405	1e-23	0.001322799944318831
1406	1e-23	0.001565899990964681
1407	1e-23	0.0012247000122442842
1408	1e-23	0.001234399969689548
1409	1e-23	0.001295599970035255
1410	1e-23	0.0014735999866388738
1411	1e-23	0.0011562000145204365
1412	1e-23	0.0014841000083833933
1413	1e-23	0.0013255999656394124
1414	1e-23	0.0011594999814406037
1415	1e-23	0.0013859000173397362
1416	1e-23	0.0012235000031068921
1417	1e-23	0.001198899990413338
1418	1e-23	0.0013085000100545585
1419	1e-23	0.0012946000206284225
1420	1e-23	0.001074699976015836
1421	1e-23	0.0012020000140182674
1422	1e-23	0.0012798999669030309
1423	1e-23	0.0014996000099927187
1424	1e-23	0.001568600011523813
1425	1e-23	0.0016275000525638461
1426	1e-23	0.001277300005313009
1427	1e-23	0.0014471000176854432
1428	1e-23	0.0012579999747686088
1429	1e-23	0.0013162000104784966
1430	1e-23	0.0014560999698005617
1431	1e-23	0.001227299973834306
1432	1e-23	0.0011547000030986965
1433	1e-23	0.0013648000312969089
1434	1e-23	0.0013715000241063535
1435	1e-23	0.0012327999575063586
1436	1e-23	0.0011637999559752643
1437	1e-23	0.0011325000086799264
1438	1e-23	0.0011082999990321696
1439	1e-23	0.0013137999922037125
1440	1e-23	0.0012704000109806657
1441	1e-23	0.0012105000205338001
1442	1e-23	0.0011970000341534615
1443	1e-23	0.0012937000137753785
1444	1e-23	0.001147200004197657
1445	1e-23	0.001074400031939149
1446	1e-23	0.0015653000446036458
1447	1e-23	0.0013878000318072736
1448	1e-23	0.0012422000290825963
1449	1e-23	0.001393200014717877
1450	1e-23	0.001206599990837276
1451	1e-23	0.001122299989219755
1452	1e-23	0.0014903999981470406
1453	1e-23	0.0014103999710641801
1454	1e-23	0.0012075999984517694
1455	1e-23	0.0017840999644249678
1456	1e-23	0.0012673999881371856
1457	1e-23	0.0015079000149853528
1458	1e-23	0.0013194999773986638
1459	1e-23	0.0012100999592803419
1460	1e-23	0.0011781000066548586
1461	1e-23	0.0011230999953113496
1462	1e-23	0.0011360000353306532
1463	1e-23	0.001062900002580136
1464	1e-23	0.0012650000280700624
1465	1e-23	0.001249200024176389
1466	1e-23	0.0012115000281482935
1467	1e-23	0.0011375999893061817
1468	1e-23	0.0012055999832227826
1469	1e-23	0.0014609000063501298
1470	1e-23	0.0012089000083506107
1471	1e-23	0.0012109000235795975
1472	1e-23	0.0012972000404261053
1473	1e-23	0.0011582999723032117
1474	1e-23	0.0011736000305972993
1475	1e-23	0.0011762999929487705
1476	1e-23	0.001180000021122396
1477	1e-23	0.0011989999911747873
1478	1e-23	0.0013226000010035932
1479	1e-23	0.0013076000032015145
1480	1e-23	0.0011616999981924891
1481	1e-23	0.001444099994841963
1482	1e-23	0.0012522999895736575
1483	1e-23	0.001208700006827712
1484	1e-23	0.0015669999993406236
1485	1e-23	0.0012312000035308301
1486	1e-23	0.0011090999469161034
1487	1e-23	0.0018281000084243715
1488	1e-23	0.0013073000009171665
1489	1e-23	0.0013506000395864248
1490	1e-23	0.0013217999949119985
1491	1e-23	0.0012621000059880316
1492	1e-23	0.002064900007098913
1493	1e-23	0.0013778000138700008
1494	1e-23	0.0011674999841488898
1495	1e-23	0.0012891999795101583
1496	1e-23	0.0013701000134460628
1497	1e-23	0.0011261000181548297
1498	1e-23	0.001226700027473271
1499	1e-23	0.0012122000334784389
1500	1e-23	0.0012294999905861914
1501	1e-23	0.0010863000061362982
1502	1e-23	0.0014392000157386065
1503	1e-23	0.0014046999858692288
1504	1e-23	0.001504399988334626
1505	1e-23	0.0015401000273413956
1506	1e-23	0.0014099999680183828
1507	1e-23	0.0012324000126682222
1508	1e-23	0.0014147000038065016
1509	1e-23	0.0013262000284157693
1510	1e-23	0.0012436999822966754
1511	1e-23	0.0013651999761350453
1512	1e-23	0.001442300039343536
1513	1e-23	0.0012073999969288707
1514	1e-23	0.0014269999810494483
1515	1e-23	0.0015161000192165375
1516	1e-23	0.0016806000494398177
1517	1e-23	0.001361000002361834
1518	1e-23	0.0012211999855935574
1519	1e-23	0.00164020003285259
1520	1e-23	0.0014066000003367662
1521	1e-23	0.0011029000161215663
1522	1e-23	0.0011901999823749065
1523	1e-23	0.0014461000100709498
1524	1e-23	0.001388499978929758
1525	1e-23	0.001143599976785481
1526	1e-23	0.001833299989812076
1527	1e-23	0.0013488000258803368
1528	1e-23	0.0015647000400349498
1529	1e-23	0.0015845999587327242
1530	1e-23	0.0011921000550501049
1531	1e-23	0.0013423000345937908
1532	1e-23	0.0011777000036090612
1533	1e-23	0.0011977999820373952
1534	1e-23	0.0012724999687634408
1535	1e-23	0.0012517000432126224
1536	1e-23	0.0010991999879479408
1537	1e-23	0.0011041000252589583
1538	1e-23	0.0012564000207930803
1539	1e-23	0.001216100004967302
1540	1e-23	0.0011743000359274447
1541	1e-23	0.0012768000015057623
1542	1e-23	0.0012153999996371567
1543	1e-23	0.0011482000118121505
1544	1e-23	0.0011739999754354358
1545	1e-23	0.0013157000066712499
1546	1e-23	0.0013834999990649521
1547	1e-23	0.0014048999873921275
1548	1e-23	0.0011751999845728278
1549	1e-23	0.0011206999770365655
1550	1e-23	0.0012954000267200172
1551	1e-23	0.001469200011342764
1552	1e-23	0.0011683000484481454
1553	1e-23	0.0010606999858282506
1554	1e-23	0.0014137999969534576
1555	1e-23	0.0013376999995671213
1556	1e-23	0.0012218999909237027
1557	1e-23	0.001353300001937896
1558	1e-23	0.0012129000388085842
1559	1e-23	0.001097200030926615
1560	1e-23	0.0013018000172451138
1561	1e-23	0.0014620000147260725
1562	1e-23	0.0012737999786622822
1563	1e-23	0.0012511000386439264
1564	1e-23	0.0011713000130839646
1565	1e-23	0.001199199992697686
1566	1e-23	0.0011986999888904393
1567	1e-23	0.001247099949978292
1568	1e-23	0.001059899979736656
1569	1e-23	0.0011904999846592546
1570	1e-23	0.0015866000321693718
1571	1e-23	0.0013275999808683991
1572	1e-23	0.0011175000108778477
1573	1e-23	0.0015042999875731766
1574	1e-23	0.0013764000032097101
1575	1e-23	0.001262200006749481
1576	1e-23	0.0015759000089019537
1577	1e-23	0.0013883999781683087
1578	1e-23	0.0012882999726571143
1579	1e-23	0.001547900028526783
1580	1e-23	0.0015784999704919755
1581	1e-23	0.00118830002611503
1582	1e-23	0.001411300036124885
1583	1e-23	0.001303899975027889
1584	1e-23	0.0016986000118777156
1585	1e-23	0.0012882000301033258
1586	1e-23	0.0012570999679155648
1587	1e-23	0.0012465000036172569
1588	1e-23	0.0014346000389195979
1589	1e-23	0.001207799999974668
1590	1e-23	0.0014566999743692577
1591	1e-23	0.0012962000328116119
1592	1e-23	0.0012347999727353454
1593	1e-23	0.001871399988885969
1594	1e-23	0.0013250000192783773
1595	1e-23	0.0015632000286132097
1596	1e-23	0.0013042999780736864
1597	1e-23	0.0012629000120796263
1598	1e-23	0.00116460002027452
1599	1e-23	0.0013106000260449946
1600	1e-23	0.0014295000000856817
1601	1e-23	0.001234100025612861
1602	1e-23	0.0013055999879725277
1603	1e-23	0.0014047999866306782
1604	1e-23	0.0012261000229045749
1605	1e-23	0.0013225000002421439
1606	1e-23	0.0013507000403478742
1607	1e-23	0.0013569999719038606
1608	1e-23	0.0013128999853506684
1609	1e-23	0.001353600004222244
1610	1e-23	0.001292700006160885
1611	1e-23	0.0014114999794401228
1612	1e-23	0.0014030999736860394
1613	1e-23	0.0011491000186651945
1614	1e-23	0.001282299985177815
1615	1e-23	0.001297099981456995
1616	1e-23	0.0012141999904997647
1617	1e-23	0.0011762999929487705
1618	1e-23	0.00161500001559034
1619	1e-23	0.0012122999760322273
1620	1e-23	0.0012146999943070114
1621	1e-23	0.001313099986873567
1622	1e-23	0.0011561000137589872
1623	1e-23	0.0012302000541239977
1624	1e-23	0.0015715999761596322
1625	1e-23	0.0011984000448137522
1626	1e-23	0.0011569000198505819
1627	1e-23	0.0015542999608442187
1628	1e-23	0.0013147999998182058
1629	1e-23	0.0013108000275678933
1630	1e-23	0.0015404000296257436
1631	1e-23	0.0013414999702945352
1632	1e-23	0.0012369999894872308
1633	1e-23	0.0013506999821402133
1634	1e-23	0.0012792000197805464
1635	1e-23	0.0012051999801769853
1636	1e-23	0.0014359999913722277
1637	1e-23	0.0012765999999828637
1638	1e-23	0.0011839999933727086
1639	1e-23	0.0012404000153765082
1640	1e-23	0.0014290999970398843
1641	1e-23	0.0013367000501602888
1642	1e-23	0.0013033999712206423
1643	1e-23	0.001476900011766702
1644	1e-23	0.0011499999673105776
1645	1e-23	0.001235000032465905
1646	1e-23	0.001329899998381734
1647	1e-23	0.0011823000386357307
1648	1e-23	0.0017112999921664596
1649	1e-23	0.0016679000109434128
1650	1e-23	0.0018627999816089869
1651	1e-23	0.0015421999851241708
1652	1e-23	0.001333800028078258
1653	1e-23	0.0017849999712780118
1654	1e-23	0.0012321000103838742
1655	1e-23	0.0011816000333055854
1656	1e-23	0.0012653000303544104
1657	1e-23	0.00119859998812899
1658	1e-23	0.0010639000101946294
1659	1e-23	0.0012449999921955168
1660	1e-23	0.0012413999647833407
1661	1e-23	0.0013777000131085515
1662	1e-23	0.0017788999830372632
1663	1e-23	0.0015069000073708594
1664	1e-23	0.0012559000169858336
1665	1e-23	0.0011686999932862818
1666	1e-23	0.001429299998562783
1667	1e-23	0.0011810999712906778
1668	1e-23	0.001457100035622716
1669	1e-23	0.0013893000432290137
1670	1e-23	0.0012222999939695
1671	1e-23	0.001128199975937605
1672	1e-23	0.0014803999802097678
1673	1e-23	0.0014151999494060874
1674	1e-23	0.001336699991952628
1675	1e-23	0.0014564000302925706
1676	1e-23	0.0013073000009171665
1677	1e-23	0.00135119998594746
1678	1e-23	0.0013908999972045422
1679	1e-23	0.0012365999864414334
1680	1e-23	0.001520400051958859
1681	1e-23	0.0013888999819755554
1682	1e-23	0.0012277999776415527
1683	1e-23	0.0012263000244274735
1684	1e-23	0.001303899975027889
1685	1e-23	0.0012734000338241458
1686	1e-23	0.0011146999895572662
1687	1e-23	0.001408600015565753
1688	1e-23	0.0013229000032879412
1689	1e-23	0.0013282999861985445
1690	1e-23	0.0013435999862849712
1691	1e-23	0.0012509999796748161
1692	1e-23	0.0012530999956652522
1693	1e-23	0.0014201999874785542
1694	1e-23	0.0012825000449083745
1695	1e-23	0.00164020003285259
1696	1e-23	0.001395300030708313
1697	1e-23	0.001338500005658716
1698	1e-23	0.001124700007494539
1699	1e-23	0.0013362999889068305
1700	1e-23	0.0011771999998018146
1701	1e-23	0.0011641000164672732
1702	1e-23	0.0012672999873757362
1703	1e-23	0.0013016000157222152
1704	1e-23	0.0011879999656230211
1705	1e-23	0.0012882000301033258
1706	1e-23	0.0013450999977067113
1707	1e-23	0.0013637000229209661
1708	1e-23	0.001365099975373596
1709	1e-23	0.001369300007354468
1710	1e-23	0.0013923000078648329
1711	1e-23	0.001260999997612089
1712	1e-23	0.0012737999786622822
1713	1e-23	0.0011961000273004174
1714	1e-23	0.0012771000037901103
1715	1e-23	0.0011229999945499003
1716	1e-23	0.00100020004902035
1717	1e-23	0.0009410000056959689
1718	1e-23	0.00122819998068735
1719	1e-23	0.0016479999758303165
1720	1e-23	0.001215199998114258
1721	1e-23	0.001305999991018325
1722	1e-23	0.001517999975476414
1723	1e-23	0.0014529000036418438
1724	1e-23	0.0013676999951712787
1725	1e-23	0.001270200009457767
1726	1e-23	0.0012199000339023769
1727	1e-23	0.0014693999546580017
1728	1e-23	0.0013061999925412238
1729	1e-23	0.001372199971228838
1730	1e-23	0.0013439999893307686
1731	1e-23	0.0012676000478677452
1732	1e-23	0.001330200000666082
1733	1e-23	0.0015687000122852623
1734	1e-23	0.0012922000023536384
1735	1e-23	0.001249199965968728
1736	1e-23	0.0014545000158250332
1737	1e-23	0.001121999986935407
1738	1e-23	0.0010969999711960554
1739	1e-23	0.0011656000278890133
1740	1e-23	0.001227000029757619
1741	1e-23	0.001340600021649152
1742	1e-23	0.001418700034264475
1743	1e-23	0.0014005000120960176
1744	1e-23	0.0011461999965831637
1745	1e-23	0.0011705000069923699
1746	1e-23	0.0013319000136107206
1747	1e-23	0.0012684999965131283
1748	1e-23	0.0011993999942205846
1749	1e-23	0.0014063999988138676
1750	1e-23	0.0012111999676562846
1751	1e-23	0.0011352000292390585
1752	1e-23	0.0011872999602928758
1753	1e-23	0.0014611000078730285
1754	1e-23	0.0012152999988757074
1755	1e-23	0.0013183000264689326
1756	1e-23	0.0012163000064902008
1757	1e-23	0.0011479000095278025
1758	1e-23	0.0011508999741636217
1759	1e-23	0.001173200027551502
1760	1e-23	0.0010477000032551587
1761	1e-23	0.0010476000024937093
1762	1e-23	0.0012694000033661723
1763	1e-23	0.0011999999987892807
1764	1e-23	0.0010867000091820955
1765	1e-23	0.0011688999948091805
1766	1e-23	0.001979900000151247
1767	1e-23	0.0013551999581977725
1768	1e-23	0.0012667999835684896
1769	1e-23	0.0012879999703727663
1770	1e-23	0.0013235999504104257
1771	1e-23	0.0012952000251971185
1772	1e-23	0.0013455000007525086
1773	1e-23	0.0012137999874539673
1774	1e-23	0.0013621999532915652
1775	1e-23	0.001213999988976866
1776	1e-23	0.0013122999807819724
1777	1e-23	0.0013426000368781388
1778	1e-23	0.001318399969022721
1779	1e-23	0.0012063999893143773
1780	1e-23	0.0011336999596096575
1781	1e-23	0.0011870000162161887
1782	1e-23	0.001138599996920675
1783	1e-23	0.0011078999959863722
1784	1e-23	0.0012525999918580055
1785	1e-23	0.0012909999932162464
1786	1e-23	0.0010997999925166368
1787	1e-23	0.0011186000192537904
1788	1e-23	0.001560000004246831
1789	1e-23	0.001268399995751679
1790	1e-23	0.001325200020801276
1791	1e-23	0.001373699982650578
1792	1e-23	0.0012390000047162175
1793	1e-23	0.0012718999641947448
1794	1e-23	0.0013092000153847039
1795	1e-23	0.0012594999861903489
1796	1e-23	0.0012463000020943582
1797	1e-23	0.0012592999846674502
1798	1e-23	0.001284100057091564
1799	1e-23	0.00118830002611503
1800	1e-23	0.0014282000483945012
1801	1e-23	0.001431100012268871
1802	1e-23	0.001400300010573119
1803	1e-23	0.0011494000209495425
1804	1e-23	0.00152299995534122
1805	1e-23	0.0011527000460773706
1806	1e-23	0.0012235000031068921
1807	1e-23	0.0012724999687634408
1808	1e-23	0.0011136999819427729
1809	1e-23	0.0012305999989621341
1810	1e-23	0.0011910000466741621
1811	1e-23	0.0010969999711960554
1812	1e-23	0.001260399993043393
1813	1e-23	0.0016204999992623925
1814	1e-23	0.0011430000304244459
1815	1e-23	0.0010523000382818282
1816	1e-23	0.0011509000323712826
1817	1e-23	0.0012163000064902008
1818	1e-23	0.001138899999205023
1819	1e-23	0.0012049999786540866
1820	1e-23	0.001659700006712228
1821	1e-23	0.0014804000384174287
1822	1e-23	0.0014806999824941158
1823	1e-23	0.0013129000435583293
1824	1e-23	0.0014730999828316271
1825	1e-23	0.0013586999848484993
1826	1e-23	0.0013076000032015145
1827	1e-23	0.0010775999980978668
1828	1e-23	0.001068200042936951
1829	1e-23	0.001187100016977638
1830	1e-23	0.0010645000147633255
1831	1e-23	0.001061699993442744
1832	1e-23	0.0012509999796748161
1833	1e-23	0.001104299968574196
1834	1e-23	0.001070300000719726
1835	1e-23	0.0011153999948874116
1836	1e-23	0.0012564000207930803
1837	1e-23	0.0014454000047408044
1838	1e-23	0.0011519999825395644
1839	1e-23	0.0012838999973610044
1840	1e-23	0.0011058999807573855
1841	1e-23	0.0010970000294037163
1842	1e-23	0.0012269000289961696
1843	1e-23	0.0012329000164754689
1844	1e-23	0.0011207000352442265
1845	1e-23	0.0014711999683640897
1846	1e-23	0.0012891000369563699
1847	1e-23	0.001112900034058839
1848	1e-23	0.0012777000083588064
1849	1e-23	0.0014318999601528049
1850	1e-23	0.0012627000105567276
1851	1e-23	0.0010712000075727701
1852	1e-23	0.0013845000066794455
1853	1e-23	0.0013235000078566372
1854	1e-23	0.0011603999882936478
1855	1e-23	0.0013373999972827733
1856	1e-23	0.0011569999624043703
1857	1e-23	0.0011508999741636217
1858	1e-23	0.0018560999887995422
1859	1e-23	0.0012436999822966754
1860	1e-23	0.0013008000096306205
1861	1e-23	0.0014581999857909977
1862	1e-23	0.0012629000120796263
1863	1e-23	0.0011746999807655811
1864	1e-23	0.0011971000349149108
1865	1e-23	0.0011086000013165176
1866	1e-23	0.0011280000326223671
1867	1e-23	0.0011304999934509397
1868	1e-23	0.0011745999800041318
1869	1e-23	0.0011337999603711069
1870	1e-23	0.0010855000000447035
1871	1e-23	0.0012030000216327608
1872	1e-23	0.0011248000082559884
1873	1e-23	0.0013594000483863056
1874	1e-23	0.0011953999637626112
1875	1e-23	0.0012605999945662916
1876	1e-23	0.0011899999808520079
1877	1e-23	0.0011254000128246844
1878	1e-23	0.0014207999920472503
1879	1e-23	0.001173199969343841
1880	1e-23	0.0010901999776251614
1881	1e-23	0.001366899989079684
1882	1e-23	0.001201000006403774
1883	1e-23	0.0011491000186651945
1884	1e-23	0.0011171000078320503
1885	1e-23	0.0016068000113591552
1886	1e-23	0.0011924999998882413
1887	1e-23	0.00146980001591146
1888	1e-23	0.001975800027139485
1889	1e-23	0.0012645000242628157
1890	1e-23	0.0012953999685123563
1891	1e-23	0.0011955000227317214
1892	1e-23	0.0010781000019051135
1893	1e-23	0.001277300005313009
1894	1e-23	0.001337299996521324
1895	1e-23	0.0011870000162161887
1896	1e-23	0.0011748999822884798
1897	1e-23	0.00193060003221035
1898	1e-23	0.0012899000430479646
1899	1e-23	0.00122079998254776
1900	1e-23	0.0012651999713853002
1901	1e-23	0.0012043999740853906
1902	1e-23	0.0013494999730028212
1903	1e-23	0.0012886000331491232
1904	1e-23	0.0011847999994643033
1905	1e-23	0.0011200999724678695
1906	1e-23	0.0012372999917715788
1907	1e-23	0.0016638999804854393
1908	1e-23	0.0012044000322930515
1909	1e-23	0.0016206000000238419
1910	1e-23	0.0012741999817080796
1911	1e-23	0.001281399978324771
1912	1e-23	0.0013953999732621014
1913	1e-23	0.0011803999659605324
1914	1e-23	0.0010829000384546816
1915	1e-23	0.0013073000009171665
1916	1e-23	0.0013001000043004751
1917	1e-23	0.0011674999841488898
1918	1e-23	0.001242400030605495
1919	1e-23	0.0011872000177390873
1920	1e-23	0.0012309000012464821
1921	1e-23	0.001270800014026463
1922	1e-23	0.001185000000987202
1923	1e-23	0.00109779997728765
1924	1e-23	0.001061099988874048
1925	1e-23	0.0014554999652318656
1926	1e-23	0.0011969000333920121
1927	1e-23	0.0010969999711960554
1928	1e-23	0.0012064999900758266
1929	1e-23	0.0012487000203691423
1930	1e-23	0.0011582999723032117
1931	1e-23	0.0010280999704264104
1932	1e-23	0.0012781000114046037
1933	1e-23	0.001191499992273748
1934	1e-23	0.001160199986770749
1935	1e-23	0.001597299997229129
1936	1e-23	0.0011450000456534326
1937	1e-23	0.0011317000025883317
1938	1e-23	0.0012149999965913594
1939	1e-23	0.0012283999822102487
1940	1e-23	0.001106700045056641
1941	1e-23	0.001062600000295788
1942	1e-23	0.001208700006827712
1943	1e-23	0.0010589000303298235
1944	1e-23	0.0010178000084124506
1945	1e-23	0.0014965999871492386
1946	1e-23	0.0014092999626882374
1947	1e-23	0.0011381999938748777
1948	1e-23	0.001129999989643693
1949	1e-23	0.001335300039499998
1950	1e-23	0.0011656999704428017
1951	1e-23	0.0011225000489503145
1952	1e-23	0.0014684000052511692
1953	1e-23	0.001240600016899407
1954	1e-23	0.0011704000062309206
1955	1e-23	0.0012650999706238508
1956	1e-23	0.0012019999558106065
1957	1e-23	0.0012297999928705394
1958	1e-23	0.0012449000496417284
1959	1e-23	0.001229399989824742
1960	1e-23	0.0012172999558970332
1961	1e-23	0.0011932000052183867
1962	1e-23	0.0012830999912694097
1963	1e-23	0.0011709999525919557
1964	1e-23	0.0013453999999910593
1965	1e-23	0.0014451000024564564
1966	1e-23	0.0011990999919362366
1967	1e-23	0.0013278999831527472
1968	1e-23	0.0013692000065930188
1969	1e-23	0.0013635000213980675
1970	1e-23	0.0013928000116720796
1971	1e-23	0.001300599949900061
1972	1e-23	0.001151299977209419
1973	1e-23	0.0011326000094413757
1974	1e-23	0.0016030999831855297
1975	1e-23	0.0013766000047326088
1976	1e-23	0.0013837000005878508
1977	1e-23	0.0013509999844245613
1978	1e-23	0.0011430999729782343
1979	1e-23	0.0011689999955706298
1980	1e-23	0.001400600012857467
1981	1e-23	0.001720600004773587
1982	1e-23	0.001186500012408942
1983	1e-23	0.0014359999913722277
1984	1e-23	0.001119700027629733
1985	1e-23	0.001168500049971044
1986	1e-23	0.0012441999861039221
1987	1e-23	0.0012636000174097717
1988	1e-23	0.0012369999894872308
1989	1e-23	0.0012166000087745488
1990	1e-23	0.0015390999615192413
1991	1e-23	0.0010923999943770468
1992	1e-23	0.0015215000021271408
1993	1e-23	0.0013226999435573816
1994	1e-23	0.001248299959115684
1995	1e-23	0.0011839999933727086
1996	1e-23	0.001248000015038997
1997	1e-23	0.0011768000549636781
1998	1e-23	0.0011198999709449708
1999	1e-23	0.0013253000215627253
2000	1e-23	0.0013294999953359365
2001	1e-23	0.0012302999966777861
2002	1e-23	0.0013356999843381345
2003	1e-23	0.0011876999633386731
2004	1e-23	0.0015572999836876988
2005	1e-23	0.0013875000295229256
2006	1e-23	0.0012171000125817955
2007	1e-23	0.0012387000024318695
2008	1e-23	0.0013649000320583582
2009	1e-23	0.0013663999852724373
2010	1e-23	0.0012377999955788255
2011	1e-23	0.0013717000256292522
2012	1e-23	0.0010460999910719693
2013	1e-23	0.001090400037355721
2014	1e-23	0.0011993999942205846
2015	1e-23	0.0013402000186033547
2016	1e-23	0.0012801000266335905
2017	1e-23	0.0013393000117503107
2018	1e-23	0.0013700000126846135
2019	1e-23	0.0012515999842435122
2020	1e-23	0.0013531000004149973
2021	1e-23	0.001305399986449629
2022	1e-23	0.0012114000273868442
2023	1e-23	0.0012415999663062394
2024	1e-23	0.0012907999916933477
2025	1e-23	0.0012110000243410468
2026	1e-23	0.0011487000156193972
2027	1e-23	0.0016078000189736485
2028	1e-23	0.0016934999730437994
2029	1e-23	0.0012069999938830733
2030	1e-23	0.0012698000064119697
2031	1e-23	0.0014628999633714557
2032	1e-23	0.0018789000459946692
2033	1e-23	0.001380800036713481
2034	1e-23	0.0012463000020943582
2035	1e-23	0.0012988000526092947
2036	1e-23	0.001247400010470301
2037	1e-23	0.0013654000358656049
2038	1e-23	0.0014078000094741583
2039	1e-23	0.0013143999967724085
2040	1e-23	0.0010863000061362982
2041	1e-23	0.0011337999603711069
2042	1e-23	0.001255699957255274
2043	1e-23	0.0012920000008307397
2044	1e-23	0.0012254000175744295
2045	1e-23	0.001532499969471246
2046	1e-23	0.0014334000297822058
2047	1e-23	0.0012479000142775476
2048	1e-23	0.0012092000106349587
2049	1e-23	0.0014469000161625445
2050	1e-23	0.0013190999743528664
2051	1e-23	0.0014591999934054911
2052	1e-23	0.0011894999770447612
2053	1e-23	0.00115720002213493
2054	1e-23	0.0012809999752789736
2055	1e-23	0.0011606999905779958
2056	1e-23	0.0011050000321120024
2057	1e-23	0.0012416000245139003
2058	1e-23	0.0011856999481096864
2059	1e-23	0.0012851000064983964
2060	1e-23	0.0012932999525219202
2061	1e-23	0.0015705000259913504
2062	1e-23	0.0012500000302679837
2063	1e-23	0.00120009999955073
2064	1e-23	0.0012678999919444323
2065	1e-23	0.0012812999775633216
2066	1e-23	0.0011820999789051712
2067	1e-23	0.0013455000007525086
2068	1e-23	0.0012322000111453235
2069	1e-23	0.0011514000361785293
2070	1e-23	0.001366600045002997
2071	1e-23	0.0012083000037819147
2072	1e-23	0.0010843000491149724
2073	1e-23	0.0018198000034317374
2074	1e-23	0.0014353000442497432
2075	1e-23	0.0012020000140182674
2076	1e-23	0.001422200002707541
2077	1e-23	0.0012797999661415815
2078	1e-23	0.0011266000219620764
2079	1e-23	0.0013321000151336193
2080	1e-23	0.0011741999769583344
2081	1e-23	0.0011570000206120312
2082	1e-23	0.0013808999792672694
2083	1e-23	0.001142999972216785
2084	1e-23	0.0010240999981760979
2085	1e-23	0.0014736999874003232
2086	1e-23	0.0013239000109024346
2087	1e-23	0.0011882999679073691
2088	1e-23	0.0011579000274650753
2089	1e-23	0.0012373999925330281
2090	1e-23	0.0010399000020697713
2091	1e-23	0.0010956000187434256
2092	1e-23	0.001313099986873567
2093	1e-23	0.001226999971549958
2094	1e-23	0.0010859000030905008
2095	1e-23	0.0011322000063955784
2096	1e-23	0.0013743999879807234
2097	1e-23	0.0013387000071816146
2098	1e-23	0.0012049000361002982
2099	1e-23	0.001381100038997829
2100	1e-23	0.0016494000446982682
2101	1e-23	0.0012986999936401844
2102	1e-23	0.0013363999896682799
2103	1e-23	0.0011531999916769564
2104	1e-23	0.0010864000068977475
2105	1e-23	0.001445300003979355
2106	1e-23	0.0012183000217191875
2107	1e-23	0.0010898999753408134
2108	1e-23	0.0017195999971590936
2109	1e-23	0.0013926000101491809
2110	1e-23	0.0012196000316180289
2111	1e-23	0.0017787999822758138
2112	1e-23	0.0011342000216245651
2113	1e-23	0.0012414000229910016
2114	1e-23	0.0015659000491723418
2115	1e-23	0.0011752999853342772
2116	1e-23	0.0011685999925248325
2117	1e-23	0.0012608999968506396
2118	1e-23	0.001282599987462163
2119	1e-23	0.0011272999690845609
2120	1e-23	0.0014749999972991645
2121	1e-23	0.0014223999460227787
2122	1e-23	0.0012884000316262245
2123	1e-23	0.0011953000212088227
2124	1e-23	0.0013492000289261341
2125	1e-23	0.001216100004967302
2126	1e-23	0.0012581999762915075
2127	1e-23	0.0013293999945744872
2128	1e-23	0.0011921999976038933
2129	1e-23	0.0010216999799013138
2130	1e-23	0.001298899995163083
2131	1e-23	0.001148599956650287
2132	1e-23	0.00121339998440817
2133	1e-23	0.0016255999798886478
2134	1e-23	0.0013016000157222152
2135	1e-23	0.0011240000021643937
2136	1e-23	0.0012784000136889517
2137	1e-23	0.0012965999776497483
2138	1e-23	0.0012599999899975955
2139	1e-23	0.001265200029592961
2140	1e-23	0.0011965999729000032
2141	1e-23	0.001129399985074997
2142	1e-23	0.001268399995751679
2143	1e-23	0.0013837000005878508
2144	1e-23	0.001400900015141815
2145	1e-23	0.0014811999863013625
2146	1e-23	0.001243300037458539
2147	1e-23	0.001082699978724122
2148	1e-23	0.0011266000219620764
2149	1e-23	0.001531900023110211
2150	1e-23	0.0012404999579302967
2151	1e-23	0.0011651000240817666
2152	1e-23	0.0016801999881863594
2153	1e-23	0.0011784000089392066
2154	1e-23	0.0010722000151872635
2155	1e-23	0.0015106999780982733
2156	1e-23	0.0014989000046625733
2157	1e-23	0.001194500015117228
2158	1e-23	0.0016133000026457012
2159	1e-23	0.0012100000167265534
2160	1e-23	0.0010884000221267343
2161	1e-23	0.0014181999722495675
2162	1e-23	0.0012268000282347202
2163	1e-23	0.0010978999780490994
2164	1e-23	0.001236799987964332
2165	1e-23	0.0012957999715581536
2166	1e-23	0.0011612999951466918
2167	1e-23	0.0011480999528430402
2168	1e-23	0.0013820999884046614
2169	1e-23	0.001347100012935698
2170	1e-23	0.0011931000044569373
2171	1e-23	0.00120900000911206
2172	1e-23	0.001207199995405972
2173	1e-23	0.001157199963927269
2174	1e-23	0.0016435999423265457
2175	1e-23	0.0011693999986164272
2176	1e-23	0.0011259999591857195
2177	1e-23	0.001462999964132905
2178	1e-23	0.0012642000219784677
2179	1e-23	0.00120009999955073
2180	1e-23	0.00136900000507012
2181	1e-23	0.0012012000079266727
2182	1e-23	0.0011131000355817378
2183	1e-23	0.0010929999989457428
2184	1e-23	0.0014421999803744256
2185	1e-23	0.0013174000196158886
2186	1e-23	0.0013963999808765948
2187	1e-23	0.0012318000080995262
2188	1e-23	0.001112300029490143
2189	1e-23	0.001118800020776689
2190	1e-23	0.0016018999740481377
2191	1e-23	0.0013915999443270266
2192	1e-23	0.001317500020377338
2193	1e-23	0.001284099998883903
2194	1e-23	0.001324000011663884
2195	1e-23	0.0012323000119067729
2196	1e-23	0.0013673999928869307
2197	1e-23	0.0012103999615646899
2198	1e-23	0.001271700020879507
2199	1e-23	0.0013734999811276793
2200	1e-23	0.0012372999917715788
2201	1e-23	0.001111100020352751
2202	1e-23	0.0011035000206902623
2203	1e-23	0.0016049999976530671
2204	1e-23	0.0011709000100381672
2205	1e-23	0.0012743000406771898
2206	1e-23	0.0013025999651290476
2207	1e-23	0.0011011000024154782
2208	1e-23	0.0012731999740935862
2209	1e-23	0.0012932999525219202
2210	1e-23	0.0013170999591238797
2211	1e-23	0.0010582999675534666
2212	1e-23	0.0015369000029750168
2213	1e-23	0.0012529999949038029
2214	1e-23	0.0019361000158824027
2215	1e-23	0.0012669999850913882
2216	1e-23	0.0012567000230774283
2217	1e-23	0.0011511000338941813
2218	1e-23	0.0012467000051401556
2219	1e-23	0.001055200002156198
2220	1e-23	0.0010870000114664435
2221	1e-23	0.001838000025600195
2222	1e-23	0.001291799999307841
2223	1e-23	0.0012500000302679837
2224	1e-23	0.0016055000014603138
2225	1e-23	0.00164309999672696
2226	1e-23	0.0012915999977849424
2227	1e-23	0.0012753999908454716
2228	1e-23	0.0013119999784976244
2229	1e-23	0.0013850000104866922
2230	1e-23	0.0012973000411875546
2231	1e-23	0.0012822000426240265
2232	1e-23	0.0012227999977767467
2233	1e-23	0.0013469999539665878
2234	1e-23	0.0011380999931134284
2235	1e-23	0.0011192000238224864
2236	1e-23	0.0014805999817326665
2237	1e-23	0.001852799963671714
2238	1e-23	0.0016858999733813107
2239	1e-23	0.0014773000148124993
2240	1e-23	0.001160199986770749
2241	1e-23	0.001220499980263412
2242	1e-23	0.0012157000019215047
2243	1e-23	0.001392899954225868
2244	1e-23	0.0012291999883018434
2245	1e-23	0.0012877000262960792
2246	1e-23	0.0012090999516658485
2247	1e-23	0.0014746999950148165
2248	1e-23	0.0017030999879352748
2249	1e-23	0.0018535000272095203
2250	1e-23	0.0014436999917961657
2251	1e-23	0.0013476000167429447
2252	1e-23	0.0010717000113800168
2253	1e-23	0.0010873000137507915
2254	1e-23	0.0011670999811030924
2255	1e-23	0.00134830002207309
2256	1e-23	0.0012527999933809042
2257	1e-23	0.0012861000141128898
2258	1e-23	0.0011986000463366508
2259	1e-23	0.00115720002213493
2260	1e-23	0.0019379000295884907
2261	1e-23	0.0012585000367835164
2262	1e-23	0.001412999990861863
2263	1e-23	0.0015075000119395554
2264	1e-23	0.0013155000051483512
2265	1e-23	0.0011765999952331185
2266	1e-23	0.0016713000368326902
2267	1e-23	0.0012705999542959034
2268	1e-23	0.0012966999784111977
2269	1e-23	0.001585999969393015
2270	1e-23	0.0013404999626800418
2271	1e-23	0.0013541000080294907
2272	1e-23	0.0012792999623343349
2273	1e-23	0.001159300038125366
2274	1e-23	0.0013910999987274408
2275	1e-23	0.0014055999927222729
2276	1e-23	0.0013450999977067113
2277	1e-23	0.0013740999856963754
2278	1e-23	0.0013447999954223633
2279	1e-23	0.001282299985177815
2280	1e-23	0.0013138999929651618
2281	1e-23	0.001422500004991889
2282	1e-23	0.0012654000311158597
2283	1e-23	0.0013136999914422631
2284	1e-23	0.0013719999697059393
2285	1e-23	0.0012434999807737768
2286	1e-23	0.0014107999741099775
2287	1e-23	0.0014170999638736248
2288	1e-23	0.0012810000334866345
2289	1e-23	0.0012869000202044845
2290	1e-23	0.0012357999803498387
2291	1e-23	0.0012241000076755881
2292	1e-23	0.001352999999653548
2293	1e-23	0.001290000043809414
2294	1e-23	0.0011995999957434833
2295	1e-23	0.001137399987783283
2296	1e-23	0.0013995000044815242
2297	1e-23	0.001297099981456995
2298	1e-23	0.0011892999755218625
2299	1e-23	0.0011309999972581863
2300	1e-23	0.0013236000086180866
2301	1e-23	0.0012920000008307397
2302	1e-23	0.0012313000042922795
2303	1e-23	0.0011962000280618668
2304	1e-23	0.001331699953880161
2305	1e-23	0.0012801000266335905
2306	1e-23	0.001429900003131479
2307	1e-23	0.0012215000460855663
2308	1e-23	0.0010875000152736902
2309	1e-23	0.0011707000085152686
2310	1e-23	0.0011073999921791255
2311	1e-23	0.0014139999984763563
2312	1e-23	0.0011692999978549778
2313	1e-23	0.001274599984753877
2314	1e-23	0.0012727999710477889
2315	1e-23	0.0013154000043869019
2316	1e-23	0.001617399975657463
2317	1e-23	0.001298600051086396
2318	1e-23	0.0012950999662280083
2319	1e-23	0.0014542000135406852
2320	1e-23	0.00118530000327155
2321	1e-23	0.0013086000108160079
2322	1e-23	0.0011896000360138714
2323	1e-23	0.0011483000125735998
2324	1e-23	0.0012183000217191875
2325	1e-23	0.0013487999676726758
2326	1e-23	0.0012390000047162175
2327	1e-23	0.0014230000087991357
2328	1e-23	0.00137039995752275
2329	1e-23	0.0012160000042058527
2330	1e-23	0.001175600045826286
2331	1e-23	0.0013275999808683991
2332	1e-23	0.0012181999627500772
2333	1e-23	0.0011461999965831637
2334	1e-23	0.0012799999676644802
2335	1e-23	0.0013054999872110784
2336	1e-23	0.0011082999990321696
2337	1e-23	0.0013345999759621918
2338	1e-23	0.0014156000106595457
2339	1e-23	0.0016864999779500067
2340	1e-23	0.0013813000405207276
2341	1e-23	0.001331100007519126
2342	1e-23	0.0012046000338159502
2343	1e-23	0.0012256000190973282
2344	1e-23	0.001289699983317405
2345	1e-23	0.0010755000403150916
2346	1e-23	0.0012889000354334712
2347	1e-23	0.0012264999677427113
2348	1e-23	0.0010987999849021435
2349	1e-23	0.00104160001501441
2350	1e-23	0.0014421999803744256
2351	1e-23	0.0015507999924011528
2352	1e-23	0.0012934000114910305
2353	1e-23	0.0013498999760486186
2354	1e-23	0.0012438999838195741
2355	1e-23	0.0013734999811276793
2356	1e-23	0.0013063999940641224
2357	1e-23	0.0010958000202663243
2358	1e-23	0.0013014000141993165
2359	1e-23	0.0012137999874539673
2360	1e-23	0.0013115000328980386
2361	1e-23	0.0011899999808520079
2362	1e-23	0.0019357000128366053
2363	1e-23	0.001344399992376566
2364	1e-23	0.0011652999673970044
2365	1e-23	0.0013933999580331147
2366	1e-23	0.0011755999876186252
2367	1e-23	0.001096900028642267
2368	1e-23	0.0012664000387303531
2369	1e-23	0.0012252000160515308
2370	1e-23	0.0011154000530950725
2371	1e-23	0.0012517999857664108
2372	1e-23	0.0012808000319637358
2373	1e-23	0.0011099999537691474
2374	1e-23	0.0012283999822102487
2375	1e-23	0.0012467000051401556
2376	1e-23	0.0012641000212170184
2377	1e-23	0.0012728999718092382
2378	1e-23	0.001359200046863407
2379	1e-23	0.0012527999933809042
2380	1e-23	0.001269600004889071
2381	1e-23	0.0013167999568395317
2382	1e-23	0.0012395000085234642
2383	1e-23	0.0011606999905779958
2384	1e-23	0.0011098000104539096
2385	1e-23	0.0011854000040329993
2386	1e-23	0.0015903000021353364
2387	1e-23	0.0014312000130303204
2388	1e-23	0.0014609000063501298
2389	1e-23	0.0011286999797448516
2390	1e-23	0.0013242000131867826
2391	1e-23	0.0012089000083506107
2392	1e-23	0.0012080000014975667
2393	1e-23	0.0011204999755136669
2394	1e-23	0.00150830001803115
2395	1e-23	0.0012996000004932284
2396	1e-23	0.0011734000290744007
2397	1e-23	0.0017074000206775963
2398	1e-23	0.0017958999960683286
2399	1e-23	0.0012289999867789447
2400	1e-23	0.0013136000488884747
2401	1e-23	0.0012038000277243555
2402	1e-23	0.0011286000371910632
2403	1e-23	0.0015231000143103302
2404	1e-23	0.0012301000533625484
2405	1e-23	0.001122899993788451
2406	1e-23	0.0012441999861039221
2407	1e-23	0.0011685999925248325
2408	1e-23	0.001089500030502677
2409	1e-23	0.0012212000438012183
2410	1e-23	0.0012864000163972378
2411	1e-23	0.0011963999713771045
2412	1e-23	0.0011489999596960843
2413	1e-23	0.0013029000256210566
2414	1e-23	0.0011891999747604132
2415	1e-23	0.0011163000017404556
2416	1e-23	0.0013086000108160079
2417	1e-23	0.0013159000081941485
2418	1e-23	0.0011883999686688185
2419	1e-23	0.0013943000230938196
2420	1e-23	0.0012369999894872308
2421	1e-23	0.0010220999829471111
2422	1e-23	0.0013804000336676836
2423	1e-23	0.0013355999835766852
2424	1e-23	0.0012226999970152974
2425	1e-23	0.0012116000289097428
2426	1e-23	0.0012618000037036836
2427	1e-23	0.001186500012408942
2428	1e-23	0.0011130999773740768
2429	1e-23	0.001513600000180304
2430	1e-23	0.0012546000070869923
2431	1e-23	0.0010995999909937382
2432	1e-23	0.0011778000043705106
2433	1e-23	0.001638099958654493
2434	1e-23	0.0013390000094659626
2435	1e-23	0.0015113999834284186
2436	1e-23	0.0012486999621614814
2437	1e-23	0.0012590999831445515
2438	1e-23	0.001195400021970272
2439	1e-23	0.0011808000272139907
2440	1e-23	0.0010882000206038356
2441	1e-23	0.0011353000300005078
2442	1e-23	0.001229099987540394
2443	1e-23	0.001248600019607693
2444	1e-23	0.0011826000409200788
2445	1e-23	0.0019436999573372304
2446	1e-23	0.0014241000171750784
2447	1e-23	0.001193600008264184
2448	1e-23	0.0012233000015839934
2449	1e-23	0.00123559997882694
2450	1e-23	0.0011774000013247132
2451	1e-23	0.0012611999991349876
2452	1e-23	0.0011613999959081411
2453	1e-23	0.001111100020352751
2454	1e-23	0.001282299985177815
2455	1e-23	0.0012493000249378383
2456	1e-23	0.0010577000211924314
2457	1e-23	0.0014250000240281224
2458	1e-23	0.0012876999680884182
2459	1e-23	0.0011884000268764794
2460	1e-23	0.0012407000176608562
2461	1e-23	0.0011577000259421766
2462	1e-23	0.001089800032787025
2463	1e-23	0.0010320000001229346
2464	1e-23	0.0010895999730564654
2465	1e-23	0.0011249000090174377
2466	1e-23	0.0010645999573171139
2467	1e-23	0.001221999991685152
2468	1e-23	0.0011519999825395644
2469	1e-23	0.0010517000337131321
2470	1e-23	0.0012638000189326704
2471	1e-23	0.0013823999906890094
2472	1e-23	0.0010944000096060336
2473	1e-23	0.0010551000013947487
2474	1e-23	0.0010522999800741673
2475	1e-23	0.0011132999788969755
2476	1e-23	0.0012170000118203461
2477	1e-23	0.0012050000368617475
2478	1e-23	0.0011967999744229019
2479	1e-23	0.0011833000462502241
2480	1e-23	0.0011501999688334763
2481	1e-23	0.001234700030181557
2482	1e-23	0.0011387999984435737
2483	1e-23	0.0018146999645978212
2484	1e-23	0.0012687999987974763
2485	1e-23	0.0011647000210359693
2486	1e-23	0.0011548000038601458
2487	1e-23	0.0010866000084206462
2488	1e-23	0.0012019999558106065
2489	1e-23	0.0010926999966613948
2490	1e-23	0.0010583000257611275
2491	1e-23	0.0010782000026665628
2492	1e-23	0.0012020999565720558
2493	1e-23	0.0011687999940477312
2494	1e-23	0.0011142999865114689
2495	1e-23	0.0011032000184059143
2496	1e-23	0.0013432999840006232
2497	1e-23	0.0011784000089392066
2498	1e-23	0.0011357000330463052
2499	1e-23	0.0011656000278890133
2500	1e-23	0.0011875999625772238
2501	1e-23	0.0011526999878697097
2502	1e-23	0.0017131000058725476
2503	1e-23	0.0012727999710477889
2504	1e-23	0.0010900000343099236
2505	1e-23	0.00119420001283288
2506	1e-23	0.0012636000174097717
2507	1e-23	0.0011911999899894
2508	1e-23	0.001470700022764504
2509	1e-23	0.0012218999909237027
2510	1e-23	0.0010827999794855714
2511	1e-23	0.0011440999805927277
2512	1e-23	0.0011486000148579478
2513	1e-23	0.0011319000041112304
2514	1e-23	0.001066399971023202
2515	1e-23	0.0011121999705210328
2516	1e-23	0.0010343000176362693
2517	1e-23	0.0010982000385411084
2518	1e-23	0.0011558000114746392
2519	1e-23	0.0012088000075891614
2520	1e-23	0.0011071999906562269
2521	1e-23	0.0012997000012546778
2522	1e-23	0.0011943000135943294
2523	1e-23	0.0011431000311858952
2524	1e-23	0.0011104000150226057
2525	1e-23	0.001125300012063235
2526	1e-23	0.0012490999652072787
2527	1e-23	0.001123800000641495
2528	1e-23	0.0010824999772012234
2529	1e-23	0.001207199995405972
2530	1e-23	0.0012273999745957553
2531	1e-23	0.0011038000229746103
2532	1e-23	0.0011012000031769276
2533	1e-23	0.001950700010638684
2534	1e-23	0.0015855000237934291
2535	1e-23	0.0012002000003121793
2536	1e-23	0.0011567999608814716
2537	1e-23	0.001262500009033829
2538	1e-23	0.001574499998241663
2539	1e-23	0.0014699999592266977
2540	1e-23	0.001414199999999255
2541	1e-23	0.0011669000377878547
2542	1e-23	0.0012011999497190118
2543	1e-23	0.0011550000053830445
2544	1e-23	0.001830900029744953
2545	1e-23	0.0012038999702781439
2546	1e-23	0.001094499952159822
2547	1e-23	0.001179399958346039
2548	1e-23	0.0011738999746739864
2549	1e-23	0.001257500029169023
2550	1e-23	0.001119700027629733
2551	1e-23	0.001192399999126792
2552	1e-23	0.001112300029490143
2553	1e-23	0.0010776999988593161
2554	1e-23	0.001098400040064007
2555	1e-23	0.0011870000162161887
2556	1e-23	0.0011132999788969755
2557	1e-23	0.0014060999965295196
2558	1e-23	0.0014230999513529241
2559	1e-23	0.0012302999966777861
2560	1e-23	0.001144199981354177
2561	1e-23	0.001222600054461509
2562	1e-23	0.001122899993788451
2563	1e-23	0.0012617000029422343
2564	1e-23	0.0013016000157222152
2565	1e-23	0.0011762999929487705
2566	1e-23	0.001112000027205795
2567	1e-23	0.0011675999849103391
2568	1e-23	0.0012546000070869923
2569	1e-23	0.0014636999694630504
2570	1e-23	0.001254800008609891
2571	1e-23	0.0011344999657012522
2572	1e-23	0.001066399971023202
2573	1e-23	0.0010833999840542674
2574	1e-23	0.0011227999930270016
2575	1e-23	0.0011221999884583056
2576	1e-23	0.0010451999842189252
2577	1e-23	0.001048400008585304
2578	1e-23	0.001128199975937605
2579	1e-23	0.0012226999970152974
2580	1e-23	0.0011363000376150012
2581	1e-23	0.001178199949208647
2582	1e-23	0.0011650000233203173
2583	1e-23	0.0016170000308193266
2584	1e-23	0.0011260999599471688
2585	1e-23	0.0014254000270739198
2586	1e-23	0.001351799990516156
2587	1e-23	0.0014684000052511692
2588	1e-23	0.0011101000127382576
2589	1e-23	0.0011409000144340098
2590	1e-23	0.0011441000388003886
2591	1e-23	0.001213699986692518
2592	1e-23	0.001260699995327741
2593	1e-23	0.0011497000232338905
2594	1e-23	0.0011067999876104295
2595	1e-23	0.0013048999826423824
2596	1e-23	0.0012783000129275024
2597	1e-23	0.0012379999971017241
2598	1e-23	0.0011614999966695905
2599	1e-23	0.001110500015784055
2600	1e-23	0.00104310002643615
2601	1e-23	0.0011076999944634736
2602	1e-23	0.0011076999944634736
2603	1e-23	0.0010774999973364174
2604	1e-23	0.0011078999959863722
2605	1e-23	0.0011192000238224864
2606	1e-23	0.0010846999939531088
2607	1e-23	0.001061699993442744
2608	1e-23	0.0017746000085026026
2609	1e-23	0.0012060999870300293
2610	1e-23	0.0011705000069923699
2611	1e-23	0.001179100014269352
2612	1e-23	0.0012100000167265534
2613	1e-23	0.0011023000115528703
2614	1e-23	0.0010586000280454755
2615	1e-23	0.0011252000113017857
2616	1e-23	0.001111400022637099
2617	1e-23	0.0012735000345855951
2618	1e-23	0.0012451999937184155
2619	1e-23	0.0012588999816216528
2620	1e-23	0.001116100000217557
2621	1e-23	0.0019115000031888485
2622	1e-23	0.0015078000142239034
2623	1e-23	0.001336999994236976
2624	1e-23	0.0017789999837987125
2625	1e-23	0.001165500027127564
2626	1e-23	0.001194199954625219
2627	1e-23	0.0012308000004850328
2628	1e-23	0.0011579000274650753
2629	1e-23	0.0010866999509744346
2630	1e-23	0.0010800000163726509
2631	1e-23	0.0011606000480242074
2632	1e-23	0.001635399996303022
2633	1e-23	0.001193000003695488
2634	1e-23	0.0011659999727271497
2635	1e-23	0.001187400019261986
2636	1e-23	0.0010577000211924314
2637	1e-23	0.0011535999947227538
2638	1e-23	0.0012258000206202269
2639	1e-23	0.0011699000024236739
2640	1e-23	0.0011887000291608274
2641	1e-23	0.0011479000095278025
2642	1e-23	0.001052799983881414
2643	1e-23	0.0010429999674670398
2644	1e-23	0.0012254000175744295
2645	1e-23	0.001158099970780313
2646	1e-23	0.0011170999496243894
2647	1e-23	0.001135899976361543
2648	1e-23	0.0012015000102110207
2649	1e-23	0.0011357000330463052
2650	1e-23	0.001205399981699884
2651	1e-23	0.0016758000128902495
2652	1e-23	0.0011224999907426536
2653	1e-23	0.001239099947270006
2654	1e-23	0.0013532000011764467
2655	1e-23	0.0011088000028394163
2656	1e-23	0.0017247999785467982
2657	1e-23	0.0012586000375449657
2658	1e-23	0.0012129999813623726
2659	1e-23	0.0012650000280700624
2660	1e-23	0.001309199957177043
2661	1e-23	0.001234699971973896
2662	1e-23	0.0011483000125735998
2663	1e-23	0.0010628000018186867
2664	1e-23	0.0011029000161215663
2665	1e-23	0.0014658000436611474
2666	1e-23	0.0012513999827206135
2667	1e-23	0.0011476000072434545
2668	1e-23	0.001504099986050278
2669	1e-23	0.0012719999649561942
2670	1e-23	0.001216100004967302
2671	1e-23	0.0012586000375449657
2672	1e-23	0.001191499992273748
2673	1e-23	0.0011410000151954591
2674	1e-23	0.0011551000061444938
2675	1e-23	0.0010831999825313687
2676	1e-23	0.0010792000102810562
2677	1e-23	0.0011701000039465725
2678	1e-23	0.0011639000149443746
2679	1e-23	0.0011621000012382865
2680	1e-23	0.001478400023188442
2681	1e-23	0.0013328000204637647
2682	1e-23	0.001386099960654974
2683	1e-23	0.00147720001405105
2684	1e-23	0.001414199999999255
2685	1e-23	0.0014731999835930765
2686	1e-23	0.0018677000189200044
2687	1e-23	0.0012848000042140484
2688	1e-23	0.0011841999948956072
2689	1e-23	0.0016208000015467405
2690	1e-23	0.0014804999809712172
2691	1e-23	0.0013094000169076025
2692	1e-23	0.001366300042718649
2693	1e-23	0.0012598999892361462
2694	1e-23	0.001227299973834306
2695	1e-23	0.0015657000476494431
2696	1e-23	0.0012962000328116119
2697	1e-23	0.0011786000104621053
2698	1e-23	0.0011813999735750258
2699	1e-23	0.0012183000217191875
2700	1e-23	0.0010541999945417047
2701	1e-23	0.001052499981597066
2702	1e-23	0.001281999982893467
2703	1e-23	0.00131720001809299
2704	1e-23	0.0012618000037036836
2705	1e-23	0.0013597000506706536
2706	1e-23	0.0012234000023454428
2707	1e-23	0.001679199980571866
2708	1e-23	0.0014006999554112554
2709	1e-23	0.001185900007840246
2710	1e-23	0.0013037999742664397
2711	1e-23	0.0013519999920390546
2712	1e-23	0.0012123999767936766
2713	1e-23	0.0013553999597206712
2714	1e-23	0.0017395999748259783
2715	1e-23	0.0012663999805226922
2716	1e-23	0.0012962999753654003
2717	1e-23	0.0013573000323958695
2718	1e-23	0.0011199999717064202
2719	1e-23	0.001177600002847612
2720	1e-23	0.0013037999742664397
2721	1e-23	0.0011346000246703625
2722	1e-23	0.0010892999707721174
2723	1e-23	0.0011819999781437218
2724	1e-23	0.0011588000343181193
2725	1e-23	0.0011209000367671251
2726	1e-23	0.0015679000061936677
2727	1e-23	0.0013631000183522701
2728	1e-23	0.0011481000110507011
2729	1e-23	0.0015442000003531575
2730	1e-23	0.0011681999894790351
2731	1e-23	0.0011058999807573855
2732	1e-23	0.0016071000136435032
2733	1e-23	0.0012592999846674502
2734	1e-23	0.001151899981778115
2735	1e-23	0.0012806999729946256
2736	1e-23	0.0015291000017896295
2737	1e-23	0.001170800009276718
2738	1e-23	0.0013037000317126513
2739	1e-23	0.0015324000269174576
2740	1e-23	0.0013475000159814954
2741	1e-23	0.0013928000116720796
2742	1e-23	0.0014720000326633453
2743	1e-23	0.0012947999639436603
2744	1e-23	0.001275799993891269
2745	1e-23	0.0013999000075273216
2746	1e-23	0.0013488999684341252
2747	1e-23	0.0013427000376395881
2748	1e-23	0.001250100031029433
2749	1e-23	0.0012716000201180577
2750	1e-23	0.0013139999937266111
2751	1e-23	0.0012722000246867537
2752	1e-23	0.0012374999932944775
2753	1e-23	0.0012040000292472541
2754	1e-23	0.001178200007416308
2755	1e-23	0.0011823999811895192
2756	1e-23	0.0012331000179983675
2757	1e-23	0.0012793999630957842
2758	1e-23	0.0011558999540284276
2759	1e-23	0.0013432000414468348
2760	1e-23	0.0020142000284977257
2761	1e-23	0.0017109999898821115
2762	1e-23	0.0015067000058479607
2763	1e-23	0.00153339997632429
2764	1e-23	0.00136900000507012
2765	1e-23	0.0013135999906808138
2766	1e-23	0.0013571999734267592
2767	1e-23	0.0013383000041358173
2768	1e-23	0.0014714999706484377
2769	1e-23	0.001851300010457635
2770	1e-23	0.0016583999968133867
2771	1e-23	0.0013343999744392931
2772	1e-23	0.0013313000090420246
2773	1e-23	0.0013251000200398266
2774	1e-23	0.0011809999705292284
2775	1e-23	0.001133000012487173
2776	1e-23	0.0011774000013247132
2777	1e-23	0.0012340000248514116
2778	1e-23	0.0012740999809466302
2779	1e-23	0.0013515999889932573
2780	1e-23	0.0012754000490531325
2781	1e-23	0.0012234000023454428
2782	1e-23	0.0013381000026129186
2783	1e-23	0.0013645999715663493
2784	1e-23	0.001635399996303022
2785	1e-23	0.001420399989001453
2786	1e-23	0.0018874999950639904
2787	1e-23	0.00135709997266531
2788	1e-23	0.0013272000360302627
2789	1e-23	0.0017379000200890005
2790	1e-23	0.001762899977620691
2791	1e-23	0.001526599982753396
2792	1e-23	0.0017980000120587647
2793	1e-23	0.0012562000192701817
2794	1e-23	0.0015253000310622156
2795	1e-23	0.0012660999782383442
2796	1e-23	0.001112300029490143
2797	1e-23	0.0012485000188462436
2798	1e-23	0.0013159000081941485
2799	1e-23	0.0011544000008143485
2800	1e-23	0.0013018999597989023
2801	1e-23	0.0012157000019215047
2802	1e-23	0.0015223000082187355
2803	1e-23	0.0015051999944262207
2804	1e-23	0.0014085000148043036
2805	1e-23	0.0011684999917633832
2806	1e-23	0.0013095000176690519
2807	1e-23	0.00122819998068735
2808	1e-23	0.0011811000294983387
2809	1e-23	0.001679800043348223
2810	1e-23	0.0012986999936401844
2811	1e-23	0.001221099984832108
2812	1e-23	0.0014659999869763851
2813	1e-23	0.0016552000306546688
2814	1e-23	0.001193900010548532
2815	1e-23	0.0012933000107295811
2816	1e-23	0.0013180000241845846
2817	1e-23	0.0012042999733239412
2818	1e-23	0.0013445999938994646
2819	1e-23	0.0013328000204637647
2820	1e-23	0.0015100999735295773
2821	1e-23	0.0012978000449948013
2822	1e-23	0.0012378999963402748
2823	1e-23	0.0018020000425167382
2824	1e-23	0.0018833000212907791
2825	1e-23	0.0013111000298522413
2826	1e-23	0.0017019999795593321
2827	1e-23	0.0013158000074326992
2828	1e-23	0.0012051999801769853
2829	1e-23	0.001404800044838339
2830	1e-23	0.0012652999721467495
2831	1e-23	0.0013236000086180866
2832	1e-23	0.0013738999841734767
2833	1e-23	0.0013346999767236412
2834	1e-23	0.0017302999622188509
2835	1e-23	0.0013135999906808138
2836	1e-23	0.0012866000179201365
2837	1e-23	0.0011218000436201692
2838	1e-23	0.0012636000174097717
2839	1e-23	0.0013662000419571996
2840	1e-23	0.0014331000274978578
2841	1e-23	0.0014956999802961946
2842	1e-23	0.0014245999627746642
2843	1e-23	0.0016528999549336731
2844	1e-23	0.0013875000295229256
2845	1e-23	0.0017625000327825546
2846	1e-23	0.0014568999758921564
2847	1e-23	0.001457399979699403
2848	1e-23	0.0014694000128656626
2849	1e-23	0.001367799995932728
2850	1e-23	0.0012411000207066536
2851	1e-23	0.0011693999986164272
2852	1e-23	0.001361000002361834
2853	1e-23	0.001247999956831336
2854	1e-23	0.0012262000236660242
2855	1e-23	0.0012276999768801033
2856	1e-23	0.001639300025999546
2857	1e-23	0.001319600036367774
2858	1e-23	0.00165350001771003
2859	1e-23	0.0012932000099681318
2860	1e-23	0.001562100020237267
2861	1e-23	0.0014357000472955406
2862	1e-23	0.001256000017747283
2863	1e-23	0.0012066999915987253
2864	1e-23	0.0013113999739289284
2865	1e-23	0.001270200009457767
2866	1e-23	0.0011471000034362078
2867	1e-23	0.0018794000498019159
2868	1e-23	0.0014492999762296677
2869	1e-23	0.001556800038088113
2870	1e-23	0.0014519999967887998
2871	1e-23	0.0012386000016704202
2872	1e-23	0.0014802999794483185
2873	1e-23	0.001221999991685152
2874	1e-23	0.0013838000013493001
2875	1e-23	0.0016213000053539872
2876	1e-23	0.0014147000038065016
2877	1e-23	0.0017958999960683286
2878	1e-23	0.0016525000100955367
2879	1e-23	0.0012838999973610044
2880	1e-23	0.0011064999853260815
2881	1e-23	0.0014666999923065305
2882	1e-23	0.0014820999931544065
2883	1e-23	0.001214299991261214
2884	1e-23	0.0013566999696195126
2885	1e-23	0.0012091000098735094
2886	1e-23	0.0012796999653801322
2887	1e-23	0.0014900999958626926
2888	1e-23	0.0011849000002257526
2889	1e-23	0.0011833999888040125
2890	1e-23	0.001233199960552156
2891	1e-23	0.0012135000433772802
2892	1e-23	0.0012105999630875885
2893	1e-23	0.0011885999701917171
2894	1e-23	0.0014329000259749591
2895	1e-23	0.0011950000189244747
2896	1e-23	0.0016405999776907265
2897	1e-23	0.0012728999718092382
2898	1e-23	0.0012143999920226634
2899	1e-23	0.0014688000082969666
2900	1e-23	0.001406199997290969
2901	1e-23	0.001433399971574545
2902	1e-23	0.0013284999877214432
2903	1e-23	0.001365099975373596
2904	1e-23	0.0012085000053048134
2905	1e-23	0.0012952000251971185
2906	1e-23	0.0014334999723359942
2907	1e-23	0.0011938000097870827
2908	1e-23	0.0011709999525919557
2909	1e-23	0.0012818999821320176
2910	1e-23	0.0015063000028021634
2911	1e-23	0.0014014000189490616
2912	1e-23	0.0013080000062473118
2913	1e-23	0.0012504999758675694
2914	1e-23	0.0011589000350795686
2915	1e-23	0.001295599970035255
2916	1e-23	0.0013851000112481415
2917	1e-23	0.0013384000048972666
2918	1e-23	0.001352999999653548
2919	1e-23	0.0012049999786540866
2920	1e-23	0.0012772000045515597
2921	1e-23	0.0014236000133678317
2922	1e-23	0.0013288999907672405
2923	1e-23	0.0012523000477813184
2924	1e-23	0.0012092999531887472
2925	1e-23	0.0012097000144422054
2926	1e-23	0.0010728000197559595
2927	1e-23	0.0012264000251889229
2928	1e-23	0.0013281999854370952
2929	1e-23	0.0011520999833010137
2930	1e-23	0.0012055000406689942
2931	1e-23	0.0011804000241681933
2932	1e-23	0.0013119999784976244
2933	1e-23	0.0011417000205256045
2934	1e-23	0.001279100019019097
2935	1e-23	0.0015165999648161232
2936	1e-23	0.00121489999582991
2937	1e-23	0.0012430999777279794
2938	1e-23	0.0013993000029586256
2939	1e-23	0.0012240000069141388
2940	1e-23	0.0014869999722577631
2941	1e-23	0.001381699985358864
2942	1e-23	0.0012913999962620437
2943	1e-23	0.0014177999692037702
2944	1e-23	0.001159899984486401
2945	1e-23	0.0011446000426076353
2946	1e-23	0.001463899970985949
2947	1e-23	0.001574199995957315
2948	1e-23	0.0013095999602228403
2949	1e-23	0.0012042999733239412
2950	1e-23	0.0012248000130057335
2951	1e-23	0.0010584999690763652
2952	1e-23	0.0013451999984681606
2953	1e-23	0.001539600023534149
2954	1e-23	0.0012076999992132187
2955	1e-23	0.0013543000095523894
2956	1e-23	0.0013003000058233738
2957	1e-23	0.0012149999965913594
2958	1e-23	0.001723600027617067
2959	1e-23	0.0013076000032015145
2960	1e-23	0.0011804000241681933
2961	1e-23	0.0013561000232584774
2962	1e-23	0.0015246000257320702
2963	1e-23	0.0011953999637626112
2964	1e-23	0.0015962999896146357
2965	1e-23	0.0012444999883882701
2966	1e-23	0.0010820000316016376
2967	1e-23	0.0012591999839060009
2968	1e-23	0.0011482000118121505
2969	1e-23	0.0012061999877914786
2970	1e-23	0.0012241000076755881
2971	1e-23	0.0012264000251889229
2972	1e-23	0.0013157000066712499
2973	1e-23	0.0011864000116474926
2974	1e-23	0.0012187000247649848
2975	1e-23	0.0012084999470971525
2976	1e-23	0.0011248999508097768
2977	1e-23	0.0012259999639354646
2978	1e-23	0.00122669996926561
2979	1e-23	0.0012033999664708972
2980	1e-23	0.0012487000203691423
2981	1e-23	0.0015269999857991934
2982	1e-23	0.001172300020698458
2983	1e-23	0.0011446999851614237
2984	1e-23	0.001123800000641495
2985	1e-23	0.001130599994212389
2986	1e-23	0.0011766999959945679
2987	1e-23	0.0012294999905861914
2988	1e-23	0.0011726999655365944
2989	1e-23	0.0011348000261932611
2990	1e-23	0.0012768000015057623
2991	1e-23	0.0012070999946445227
2992	1e-23	0.001097200030926615
2993	1e-23	0.001178500009700656
2994	1e-23	0.0020246999920345843
2995	1e-23	0.001660600013565272
2996	1e-23	0.0010798999574035406
2997	1e-23	0.0011905999854207039
2998	1e-23	0.0011947000166401267
2999	1e-23	0.0010935000027529895
3000	1e-23	0.0011954999645240605
