epoch	total	seconds
1	1e-23	0.17027599998982623
2	1e-23	0.0022510000271722674
3	1e-23	0.0015943999751470983
4	1e-23	0.001313099986873567
5	1e-23	0.0013915000017732382
6	1e-23	0.001540200028102845
7	1e-23	0.0016830000095069408
8	1e-23	0.0016333000385202467
9	1e-23	0.0013149000005796552
10	1e-23	0.0015309000154957175
11	1e-23	0.0018993999692611396
12	1e-23	0.0014387000119313598
13	1e-23	0.0014804000384174287
14	1e-23	0.0012229999992996454
15	1e-23	0.0014467999571934342
16	1e-23	0.0017297000158578157
17	1e-23	0.0016513000009581447
18	1e-23	0.0013411000254563987
19	1e-23	0.0014335000305436552
20	1e-23	0.0013392000109888613
21	1e-23	0.0019058000179938972
22	1e-23	0.001336699991952628
23	1e-23	0.0013405999634414911
24	1e-23	0.0013851000112481415
25	1e-23	0.0014040999813005328
26	1e-23	0.0016542999655939639
27	1e-23	0.0013031999696977437
28	1e-23	0.0014661999884992838
29	1e-23	0.0017612000228837132
30	1e-23	0.001344099990092218
31	1e-23	0.0014561000280082226
32	1e-23	0.0014863000251352787
33	1e-23	0.0014466000138781965
34	1e-23	0.0012829999905079603
35	1e-23	0.001463000022340566
36	1e-23	0.0012174000148661435
37	1e-23	0.0013544000103138387
38	1e-23	0.001506500004325062
39	1e-23	0.0011973999789915979
40	1e-23	0.001180299965199083
41	1e-23	0.0015272999880835414
42	1e-23	0.0015075000119395554
43	1e-23	0.0014403000241145492
44	1e-23	0.0013356999843381345
45	1e-23	0.0013283999869599938
46	1e-23	0.001514800009317696
47	1e-23	0.0017724999925121665
48	1e-23	0.0014261000324040651
49	1e-23	0.0013351000379770994
50	1e-23	0.0012849000049754977
51	1e-23	0.0015053999959491193
52	1e-23	0.0016583999968133867
53	1e-23	0.0018919000285677612
54	1e-23	0.002451400039717555
55	1e-23	0.0032157000387087464
56	1e-23	0.0011938000097870827
57	1e-23	0.001109600008931011
58	1e-23	0.001886799989733845
59	1e-23	0.001775600016117096
60	1e-23	0.0014713999698869884
61	1e-23	0.0014202999882400036
62	1e-23	0.0012838999973610044
63	1e-23	0.0016537999617867172
64	1e-23	0.0014174999669194221
65	1e-23	0.0011970999767072499
66	1e-23	0.0016088999691419303
67	1e-23	0.0015253000310622156
68	1e-23	0.001592799962963909
69	1e-23	0.0014102000277489424
70	1e-23	0.0013651999761350453
71	1e-23	0.0015354999923147261
72	1e-23	0.0013309000059962273
73	1e-23	0.001298599992878735
74	1e-23	0.0012008000048808753
75	1e-23	0.0014813999878242612
76	1e-23	0.001498199999332428
77	1e-23	0.0015406000311486423
78	1e-23	0.001485500019043684
79	1e-23	0.0016761000151745975
80	1e-23	0.0015565999783575535
81	1e-23	0.0013938999618403614
82	1e-23	0.001478999969549477
83	1e-23	0.0018068000208586454
84	1e-23	0.002095600008033216
85	1e-23	0.0017448000144213438
86	1e-23	0.0013052000431343913
87	1e-23	0.0017080000252462924
88	1e-23	0.0012919000000692904
89	1e-23	0.0016914999578148127
90	1e-23	0.0015776000218465924
91	1e-23	0.0013587999856099486
92	1e-23	0.0014337999746203423
93	1e-23	0.0013952000299468637
94	1e-23	0.0012217999901622534
95	1e-23	0.001554399961605668
96	1e-23	0.0012023000163026154
97	1e-23	0.0013159000081941485
98	1e-23	0.0015290000010281801
99	1e-23	0.0011805000249296427
100	1e-23	0.0017745999502949417
101	1e-23	0.001859899959526956
102	1e-23	0.0014004000113345683
103	1e-23	0.0017807999975048006
104	1e-23	0.0015290000010281801
105	1e-23	0.0013846999499946833
106	1e-23	0.001603499986231327
107	1e-23	0.001685399969574064
108	1e-23	0.0020004999823868275
109	1e-23	0.0015507999924011528
110	1e-23	0.0013254000223241746
111	1e-23	0.0014927000156603754
112	1e-23	0.0012300999951548874
113	1e-23	0.0013715000241063535
114	1e-23	0.0022464999929070473
115	1e-23	0.001164000015705824
116	1e-23	0.0015783999697305262
117	1e-23	0.001395600032992661
118	1e-23	0.0014407000271603465
119	1e-23	0.0015323000261560082
120	1e-23	0.0013522999943234026
121	1e-23	0.0013870999682694674
122	1e-23	0.00178089999826625
123	1e-23	0.00133050000295043
124	1e-23	0.0012463000020943582
125	1e-23	0.0013982999953441322
126	1e-23	0.001118500018492341
127	1e-23	0.0011242000036872923
128	1e-23	0.0014199999859556556
129	1e-23	0.0014541999553330243
130	1e-23	0.001510899979621172
131	1e-23	0.001583100005518645
132	1e-23	0.0015234000165946782
133	1e-23	0.0016411999822594225
134	1e-23	0.0013213000493124127
135	1e-23	0.0023130999761633575
136	1e-23	0.0021427000174298882
137	1e-23	0.0013623000122606754
138	1e-23	0.0017191999941132963
139	1e-23	0.001650799997150898
140	1e-23	0.001387900032568723
141	1e-23	0.001556800038088113
142	1e-23	0.0012820999836549163
143	1e-23	0.0013891999842599034
144	1e-23	0.0014689000090584159
145	1e-23	0.0011263999622315168
146	1e-23	0.0013478999608196318
147	1e-23	0.001452099997550249
148	1e-23	0.001208100002259016
149	1e-23	0.001350299979094416
150	1e-23	0.0016545000253245234
151	1e-23	0.0014942000270821154
152	1e-23	0.0014637000276707113
153	1e-23	0.0012845000019297004
154	1e-23	0.0016067000105977058
155	1e-23	0.0015893999952822924
156	1e-23	0.0013104999670758843
157	1e-23	0.0015377999516204
158	1e-23	0.0012758999946527183
159	1e-23	0.0014344999799504876
160	1e-23	0.0017435000045225024
161	1e-23	0.0018833999638445675
162	1e-23	0.0019385999767109752
163	1e-23	0.00210540002444759
164	1e-23	0.0014259999734349549
165	1e-23	0.0015391000197269022
166	1e-23	0.001316600013524294
167	1e-23	0.0015807999880053103
168	1e-23	0.0015584999928250909
169	1e-23	0.0015838000108487904
170	1e-23	0.002217400004155934
171	1e-23	0.001727399998344481
172	1e-23	0.001566499995533377
173	1e-23	0.0015228000120259821
174	1e-23	0.0014488999731838703
175	1e-23	0.0014304000069387257
176	1e-23	0.0015989000094123185
177	1e-23	0.001559099997393787
178	1e-23	0.001470100018195808
179	1e-23	0.0017574999947100878
180	1e-23	0.0013766000047326088
181	1e-23	0.0011996999965049326
182	1e-23	0.001088600023649633
183	1e-23	0.0013467000098899007
184	1e-23	0.0012594999861903489
185	1e-23	0.001330799947027117
186	1e-23	0.0016059000045061111
187	1e-23	0.0012675999896600842
188	1e-23	0.0012642999645322561
189	1e-23	0.0014612000086344779
190	1e-23	0.0018253999878652394
191	1e-23	0.001624500029720366
192	1e-23	0.0019254999933764338
193	1e-23	0.0015311999595724046
194	1e-23	0.0015323999687097967
195	1e-23	0.001659100002143532
196	1e-23	0.0012202999787405133
197	1e-23	0.0017859999788925052
198	1e-23	0.0014125999878160655
199	1e-23	0.0015567000373266637
200	1e-23	0.0012444999883882701
201	1e-23	0.001292400003876537
202	1e-23	0.0014676999999210238
203	1e-23	0.0012152999988757074
204	1e-23	0.0011864000116474926
205	1e-23	0.0014807999832555652
206	1e-23	0.0012617999454960227
207	1e-23	0.0013758999994024634
208	1e-23	0.0013187999720685184
209	1e-23	0.0014806000399403274
210	1e-23	0.001379900029860437
211	1e-23	0.001517699973192066
212	1e-23	0.0012378999963402748
213	1e-23	0.0014089999604038894
214	1e-23	0.0016195999924093485
215	1e-23	0.0012863000156357884
216	1e-23	0.0019250999903306365
217	1e-23	0.0016635999782010913
218	1e-23	0.0017967000021599233
219	1e-23	0.0015811999910511076
220	1e-23	0.0012889999779872596
221	1e-23	0.0012657999759539962
222	1e-23	0.0013936000177636743
223	1e-23	0.001214000047184527
224	1e-23	0.001205699983984232
225	1e-23	0.0017103999853134155
226	1e-23	0.0011768999975174665
227	1e-23	0.001276700000744313
228	1e-23	0.0012809999752789736
229	1e-23	0.0014102000277489424
230	1e-23	0.001371299964375794
231	1e-23	0.0018012000364251435
232	1e-23	0.001338200003374368
233	1e-23	0.0013108999701216817
234	1e-23	0.0013286999892443419
235	1e-23	0.0012079000007361174
236	1e-23	0.0016174999764189124
237	1e-23	0.0014795000315643847
238	1e-23	0.0010721000144258142
239	1e-23	0.001344999996945262
240	1e-23	0.0014965999871492386
241	1e-23	0.0012802999699488282
242	1e-23	0.001895099994726479
243	1e-23	0.0012624000082723796
244	1e-23	0.0014188999775797129
245	1e-23	0.0013376999995671213
246	1e-23	0.0012987999944016337
247	1e-23	0.0012363999849185348
248	1e-23	0.001591400010511279
249	1e-23	0.002215599990449846
250	1e-23	0.0014963000430725515
251	1e-23	0.0014611000078730285
252	1e-23	0.001524799969047308
253	1e-23	0.0016146000125445426
254	1e-23	0.001326400029938668
255	1e-23	0.0013992000021971762
256	1e-23	0.0013963000383228064
257	1e-23	0.0012915999977849424
258	1e-23	0.0022213999764062464
259	1e-23	0.0016290000057779253
260	1e-23	0.0014569000340998173
261	1e-23	0.001749299990478903
262	1e-23	0.0014041000395081937
263	1e-23	0.001611499988939613
264	1e-23	0.0014300999464467168
265	1e-23	0.0015551000251434743
266	1e-23	0.0014902999973855913
267	1e-23	0.0014701999607495964
268	1e-23	0.0014937999658286572
269	1e-23	0.001379599969368428
270	1e-23	0.001591100008226931
271	1e-23	0.001658799999859184
272	1e-23	0.0016755000106059015
273	1e-23	0.0016805999912321568
274	1e-23	0.0018934999825432897
275	1e-23	0.0014485000283457339
276	1e-23	0.0011636000126600266
277	1e-23	0.001144800044130534
278	1e-23	0.0015308000147342682
279	1e-23	0.0012260000221431255
280	1e-23	0.0014397999620996416
281	1e-23	0.0017422999953851104
282	1e-23	0.0019262999994680285
283	1e-23	0.0012700999504886568
284	1e-23	0.0014177000266499817
285	1e-23	0.0013309999485500157
286	1e-23	0.0012990999966859818
287	1e-23	0.0014308999525383115
288	1e-23	0.0013129999861121178
289	1e-23	0.0011675999849103391
290	1e-23	0.001977300038561225
291	1e-23	0.0016962999943643808
292	1e-23	0.0012615000014193356
293	1e-23	0.0013536999467760324
294	1e-23	0.0012792999623343349
295	1e-23	0.0015509999939240515
296	1e-23	0.0014894999912939966
297	1e-23	0.001275199989322573
298	1e-23	0.0013945999671705067
299	1e-23	0.0012733000330626965
300	1e-23	0.0012336000218056142
301	1e-23	0.0016706000315025449
302	1e-23	0.0014527000021189451
303	1e-23	0.0020309999817982316
304	1e-23	0.0015381000121124089
305	1e-23	0.0012467000051401556
306	1e-23	0.0014433999895118177
307	1e-23	0.0013933000154793262
308	1e-23	0.0013464000076055527
309	1e-23	0.001489899994339794
310	1e-23	0.0013025000225752592
311	1e-23	0.0013408000231720507
312	1e-23	0.002226000011432916
313	1e-23	0.0014247000217437744
314	1e-23	0.0014847000129520893
315	1e-23	0.0015007000183686614
316	1e-23	0.0015130999963730574
317	1e-23	0.002127000014297664
318	1e-23	0.001582199998665601
319	1e-23	0.0017819000058807433
320	1e-23	0.0014123999862931669
321	1e-23	0.0014490000321529806
322	1e-23	0.0013272999785840511
323	1e-23	0.0013986999983899295
324	1e-23	0.001443499990273267
325	1e-23	0.0013896999880671501
326	1e-23	0.0015133999986574054
327	1e-23	0.0012721000239253044
328	1e-23	0.002266300027258694
329	1e-23	0.0014733999851159751
330	1e-23	0.0012372000492177904
331	1e-23	0.001354500011075288
332	1e-23	0.001338500005658716
333	1e-23	0.0012878000270575285
334	1e-23	0.001387299969792366
335	1e-23	0.0012664999812841415
336	1e-23	0.001236499985679984
337	1e-23	0.0013105999678373337
338	1e-23	0.0012477999553084373
339	1e-23	0.0013082000077702105
340	1e-23	0.0015187999815680087
341	1e-23	0.0013578000362031162
342	1e-23	0.001987099996767938
343	1e-23	0.0014515999937430024
344	1e-23	0.0012137999874539673
345	1e-23	0.0014332000282593071
346	1e-23	0.0016215000068768859
347	1e-23	0.0016149000148288906
348	1e-23	0.0013982000527903438
349	1e-23	0.0011873000185005367
350	1e-23	0.0014621000154875219
351	1e-23	0.0013154000043869019
352	1e-23	0.0014454000047408044
353	1e-23	0.001832100038882345
354	1e-23	0.0021125999628566206
355	1e-23	0.0015707999700680375
356	1e-23	0.0021789000020362437
357	1e-23	0.002481900039128959
358	1e-23	0.0016751000075601041
359	1e-23	0.0028959999908693135
360	1e-23	0.0019717999966815114
361	1e-23	0.0015428000479005277
362	1e-23	0.0015860000276006758
363	1e-23	0.002267699979711324
364	1e-23	0.0014747000532224774
365	1e-23	0.00220320001244545
366	1e-23	0.0021333000040613115
367	1e-23	0.0020481000537984073
368	1e-23	0.001444099994841963
369	1e-23	0.0018177000456489623
370	1e-23	0.00180460000410676
371	1e-23	0.0015509999939240515
372	1e-23	0.0018426000024192035
373	1e-23	0.0018099999870173633
374	1e-23	0.0015140000032261014
375	1e-23	0.0018884000019170344
376	1e-23	0.0024045000318437815
377	1e-23	0.0033573000109754503
378	1e-23	0.001958100008778274
379	1e-23	0.0019364000181667507
380	1e-23	0.0023745999787934124
381	1e-23	0.0018357000080868602
382	1e-23	0.00208910001674667
383	1e-23	0.0015559999737888575
384	1e-23	0.002089699963107705
385	1e-23	0.0021182000054977834
386	1e-23	0.0024997000000439584
387	1e-23	0.0019523999653756618
388	1e-23	0.0018611999694257975
389	1e-23	0.0015416000387631357
390	1e-23	0.0023856000043451786
391	1e-23	0.0028584999963641167
392	1e-23	0.0016140000079758465
393	1e-23	0.0027895999955944717
394	1e-23	0.001680999994277954
395	1e-23	0.0015606999513693154
396	1e-23	0.0014395999605767429
397	1e-23	0.0014451000024564564
398	1e-23	0.0019253999926149845
399	1e-23	0.0016524000093340874
400	1e-23	0.0013589999871328473
401	1e-23	0.0014063999988138676
402	1e-23	0.001796900003682822
403	1e-23	0.0013484999653883278
404	1e-23	0.0019630000460892916
405	1e-23	0.0015048999921418726
406	1e-23	0.0013593999901786447
407	1e-23	0.001790400012396276
408	1e-23	0.0015398000250570476
409	1e-23	0.0014350999845191836
410	1e-23	0.0014267999795265496
411	1e-23	0.0014102000277489424
412	1e-23	0.0016125999973155558
413	1e-23	0.0014933000202290714
414	1e-23	0.0015599000034853816
415	1e-23	0.001424300018697977
416	1e-23	0.0013915000017732382
417	1e-23	0.0016736999968998134
418	1e-23	0.0020708999945782125
419	1e-23	0.0017701999749988317
420	1e-23	0.0023283999762497842
421	1e-23	0.0020014000474475324
422	1e-23	0.0017499999958090484
423	1e-23	0.001387600030284375
424	1e-23	0.001687199983280152
425	1e-23	0.0013820999884046614
426	1e-23	0.0017810999997891486
427	1e-23	0.001692200021352619
428	1e-23	0.0015279999934136868
429	1e-23	0.0013783000176772475
430	1e-23	0.0015884999884292483
431	1e-23	0.001727700000628829
432	1e-23	0.001775600016117096
433	1e-23	0.001483400003053248
434	1e-23	0.0012408000184223056
435	1e-23	0.0014896000502631068
436	1e-23	0.0018196000019088387
437	1e-23	0.0016101999790407717
438	1e-23	0.0016141000087372959
439	1e-23	0.0017955999937839806
440	1e-23	0.0017285000067204237
441	1e-23	0.0014189999783411622
442	1e-23	0.0014723999775014818
443	1e-23	0.001575400005094707
444	1e-23	0.0013996000052429736
445	1e-23	0.0016645999858155847
446	1e-23	0.0016541999648325145
447	1e-23	0.0014258000301197171
448	1e-23	0.001948599994648248
449	1e-23	0.001698400010354817
450	1e-23	0.001948899996932596
451	1e-23	0.001948899996932596
452	1e-23	0.0020530999754555523
453	1e-23	0.001581899996381253
454	1e-23	0.0019481999916024506
455	1e-23	0.0017382000223733485
456	1e-23	0.0018727000569924712
457	1e-23	0.001685399969574064
458	1e-23	0.0017238000291399658
459	1e-23	0.0013474999577738345
460	1e-23	0.0014480000245384872
461	1e-23	0.0014847999555058777
462	1e-23	0.0017549999756738544
463	1e-23	0.0017758000176399946
464	1e-23	0.0018753999611362815
465	1e-23	0.0015543000190518796
466	1e-23	0.0012457999982871115
467	1e-23	0.0018768000300042331
468	1e-23	0.0015839000116102397
469	1e-23	0.002138799987733364
470	1e-23	0.0018013999797403812
471	1e-23	0.0022501000203192234
472	1e-23	0.0021601999760605395
473	1e-23	0.0017308000242337584
474	1e-23	0.0017597999540157616
475	1e-23	0.001604100049007684
476	1e-23	0.0015042999875731766
477	1e-23	0.0015085000195540488
478	1e-23	0.0015242999652400613
479	1e-23	0.0013962999801151454
480	1e-23	0.0014968999894335866
481	1e-23	0.0015997000155039132
482	1e-23	0.001345900003798306
483	1e-23	0.0017499999958090484
484	1e-23	0.0017020999803207815
485	1e-23	0.0015436999965459108
486	1e-23	0.0013076000032015145
487	1e-23	0.0014573000371456146
488	1e-23	0.0020057999645359814
489	1e-23	0.0015819999971427023
490	1e-23	0.0013780000153928995
491	1e-23	0.0017015999765135348
492	1e-23	0.0015634000301361084
493	1e-23	0.0014276999863795936
494	1e-23	0.0014812000445090234
495	1e-23	0.0017231000238098204
496	1e-23	0.0015089000225998461
497	1e-23	0.0015242000226862729
498	1e-23	0.0017496999935247004
499	1e-23	0.0017375000170432031
500	1e-23	0.0014501000405289233
501	1e-23	0.0016911000129766762
502	1e-23	0.0016411999822594225
503	1e-23	0.002136099967174232
504	1e-23	0.001784200023394078
505	1e-23	0.0016272999928332865
506	1e-23	0.0019084999803453684
507	1e-23	0.0020779999904334545
508	1e-23	0.0018201999482698739
509	1e-23	0.001812600006815046
510	1e-23	0.0020668000215664506
511	1e-23	0.001728900009766221
512	1e-23	0.0017765999655239284
513	1e-23	0.0016062000067904592
514	1e-23	0.0020220999722369015
515	1e-23	0.0019663000130094588
516	1e-23	0.002015199977904558
517	1e-23	0.0018091999809257686
518	1e-23	0.0018215999589301646
519	1e-23	0.0021186000085435808
520	1e-23	0.0015691999578848481
521	1e-23	0.0014074999489821494
522	1e-23	0.0016506999963894486
523	1e-23	0.0018424000008963048
524	1e-23	0.00194390001706779
525	1e-23	0.002460799994878471
526	1e-23	0.0013497999752871692
527	1e-23	0.0014510000473819673
528	1e-23	0.0015988000086508691
529	1e-23	0.0014004000113345683
530	1e-23	0.0015296000055968761
531	1e-23	0.002233400009572506
532	1e-23	0.0015251999720931053
533	1e-23	0.0015659999917261302
534	1e-23	0.0016552999732084572
535	1e-23	0.0016657000523991883
536	1e-23	0.0017587000038474798
537	1e-23	0.0013322000158950686
538	1e-23	0.0017165999743156135
539	1e-23	0.0018145000212825835
540	1e-23	0.001471000025048852
541	1e-23	0.0019794999971054494
542	1e-23	0.002542199974413961
543	1e-23	0.0018430000054650009
544	1e-23	0.001667700009420514
545	1e-23	0.0019978999625891447
546	1e-23	0.002203499956522137
547	1e-23	0.0017861000378616154
548	1e-23	0.0021760999807156622
549	1e-23	0.0018285000114701688
550	1e-23	0.001922899973578751
551	1e-23	0.0016825000056996942
552	1e-23	0.0019504999509081244
553	1e-23	0.0017580999992787838
554	1e-23	0.002433100016787648
555	1e-23	0.001763499982189387
556	1e-23	0.0017786999815143645
557	1e-23	0.0017981999553740025
558	1e-23	0.0017453000182285905
559	1e-23	0.001900400035083294
560	1e-23	0.0013897999888285995
561	1e-23	0.0015561000327579677
562	1e-23	0.0023859000066295266
563	1e-23	0.001533099974039942
564	1e-23	0.0018538999720476568
565	1e-23	0.0017101000412367284
566	1e-23	0.0016941999783739448
567	1e-23	0.0018996000289916992
568	1e-23	0.0013861999614164233
569	1e-23	0.0014845000114291906
570	1e-23	0.0017399000353179872
571	1e-23	0.0021063999738544226
572	1e-23	0.0020960000110790133
573	1e-23	0.0020611999789252877
574	1e-23	0.0014312000130303204
575	1e-23	0.0014059999957680702
576	1e-23	0.0018328999867662787
577	1e-23	0.0021580999600701034
578	1e-23	0.001642199989873916
579	1e-23	0.0012193999718874693
580	1e-23	0.0012492999667301774
581	1e-23	0.002176700043492019
582	1e-23	0.002466199977789074
583	1e-23	0.0017192999948747456
584	1e-23	0.001694599981419742
585	1e-23	0.0013707000180147588
586	1e-23	0.0014035000349394977
587	1e-23	0.0014118999824859202
588	1e-23	0.00182529998710379
589	1e-23	0.0014838999486528337
590	1e-23	0.0017343999934382737
591	1e-23	0.002247900003567338
592	1e-23	0.0017202000017277896
593	1e-23	0.00152009999146685
594	1e-23	0.002533000020775944
595	1e-23	0.0015672000008635223
596	1e-23	0.0015899999998509884
597	1e-23	0.001416300015989691
598	1e-23	0.001871999993454665
599	1e-23	0.001671800040639937
600	1e-23	0.001692499965429306
601	1e-23	0.0016800000448711216
602	1e-23	0.0014955999795347452
603	1e-23	0.0016533000161871314
604	1e-23	0.0015850000199861825
605	1e-23	0.0015861999709159136
606	1e-23	0.0014060999965295196
607	1e-23	0.0014887999859638512
608	1e-23	0.0013527999981306493
609	1e-23	0.0020800000056624413
610	1e-23	0.001692800025921315
611	1e-23	0.0015152000123634934
612	1e-23	0.0017983000143431127
613	1e-23	0.0014531000051647425
614	1e-23	0.002081699960399419
615	1e-23	0.0016101000364869833
616	1e-23	0.003108199976850301
617	1e-23	0.0020737999584525824
618	1e-23	0.002297300030477345
619	1e-23	0.0016709999763406813
620	1e-23	0.002451599983032793
621	1e-23	0.0019326999899931252
622	1e-23	0.0015530000091530383
623	1e-23	0.0014188999775797129
624	1e-23	0.0013617000076919794
625	1e-23	0.0023656999692320824
626	1e-23	0.0016524999518878758
627	1e-23	0.001462099957279861
628	1e-23	0.0014559999690391123
629	1e-23	0.0015897999983280897
630	1e-23	0.001403600035700947
631	1e-23	0.0015909000067040324
632	1e-23	0.0016876999870873988
633	1e-23	0.0015001000137999654
634	1e-23	0.0014134999946691096
635	1e-23	0.0025825999910011888
636	1e-23	0.0013901000493206084
637	1e-23	0.0015320999664254487
638	1e-23	0.0016133000026457012
639	1e-23	0.001195400021970272
640	1e-23	0.0014891999890096486
641	1e-23	0.0016388000221922994
642	1e-23	0.0014361999928951263
643	1e-23	0.0013852000120095909
644	1e-23	0.0015432999935001135
645	1e-23	0.001456200028769672
646	1e-23	0.001533100032247603
647	1e-23	0.0015988999512046576
648	1e-23	0.0013790000230073929
649	1e-23	0.0018612999701872468
650	1e-23	0.0013756999978795648
651	1e-23	0.0016223000129684806
652	1e-23	0.0015275999903678894
653	1e-23	0.001196300028823316
654	1e-23	0.001588099985383451
655	1e-23	0.0015687000122852623
656	1e-23	0.0013232000055722892
657	1e-23	0.0013534000026993454
658	1e-23	0.0015990000101737678
659	1e-23	0.004133500042371452
660	1e-23	0.002505199983716011
661	1e-23	0.0018007999751716852
662	1e-23	0.0015089000225998461
663	1e-23	0.0016194999916478992
664	1e-23	0.0015275999903678894
665	1e-23	0.0014825999969616532
666	1e-23	0.00138229998992756
667	1e-23	0.0017601000145077705
668	1e-23	0.0014924000133760273
669	1e-23	0.002561400004196912
670	1e-23	0.0023806000244803727
671	1e-23	0.0017295999568887055
672	1e-23	0.0013521000510081649
673	1e-23	0.0014728999813087285
674	1e-23	0.001458599988836795
675	1e-23	0.0013838000013493001
676	1e-23	0.0012791999615728855
677	1e-23	0.0014394999598152936
678	1e-23	0.0014629000215791166
679	1e-23	0.0016883999924175441
680	1e-23	0.001642499992158264
681	1e-23	0.001547900028526783
682	1e-23	0.0013209000462666154
683	1e-23	0.0012962999753654003
684	1e-23	0.0013498999760486186
685	1e-23	0.0013343000318855047
686	1e-23	0.001347700017504394
687	1e-23	0.0013637000229209661
688	1e-23	0.0013232999481260777
689	1e-23	0.0011309999972581863
690	1e-23	0.00209650001488626
691	1e-23	0.0015887999907135963
692	1e-23	0.0015601999475620687
693	1e-23	0.0014728999813087285
694	1e-23	0.0011613999959081411
695	1e-23	0.0012694000033661723
696	1e-23	0.0014933000202290714
697	1e-23	0.001457999984268099
698	1e-23	0.0013422000338323414
699	1e-23	0.0017531000194139779
700	1e-23	0.0013073000009171665
701	1e-23	0.0018497999990358949
702	1e-23	0.0013991000014357269
703	1e-23	0.0011887000291608274
704	1e-23	0.001680399989709258
705	1e-23	0.0011878999648615718
706	1e-23	0.0013928000116720796
707	1e-23	0.0013823999906890094
708	1e-23	0.001157499966211617
709	1e-23	0.0015087000210769475
710	1e-23	0.0018013000371865928
711	1e-23	0.0017082999693229795
712	1e-23	0.00164309999672696
713	1e-23	0.0014824000536464155
714	1e-23	0.0013225999427959323
715	1e-23	0.0016822000034153461
716	1e-23	0.0018158000311814249
717	1e-23	0.002022499975282699
718	1e-23	0.0013296999968588352
719	1e-23	0.0014671999961137772
720	1e-23	0.0014237999566830695
721	1e-23	0.0017531000194139779
722	1e-23	0.0018412999925203621
723	1e-23	0.0016859000315889716
724	1e-23	0.0014465999556705356
725	1e-23	0.002314699988346547
726	1e-23	0.001665599993430078
727	1e-23	0.0014375000027939677
728	1e-23	0.0014248000225052238
729	1e-23	0.0014955999795347452
730	1e-23	0.0017985000158660114
731	1e-23	0.0012592999846674502
732	1e-23	0.0020132000208832324
733	1e-23	0.0016105000395327806
734	1e-23	0.0013971999869681895
735	1e-23	0.001415400009136647
736	1e-23	0.0013428000384010375
737	1e-23	0.001331700012087822
738	1e-23	0.0014838000060990453
739	1e-23	0.001478100020904094
740	1e-23	0.0013073000009171665
741	1e-23	0.0015286999987438321
742	1e-23	0.0013721000286750495
743	1e-23	0.001832700043451041
744	1e-23	0.0012400000123307109
745	1e-23	0.0012265000259503722
746	1e-23	0.0017822000081650913
747	1e-23	0.0013431000406853855
748	1e-23	0.001566799997817725
749	1e-23	0.0013703000149689615
750	1e-23	0.001264000020455569
751	1e-23	0.0016128999995999038
752	1e-23	0.0015572000411339104
753	1e-23	0.001554999966174364
754	1e-23	0.0013616999494843185
755	1e-23	0.0016932999715209007
756	1e-23	0.0014310000115074217
757	1e-23	0.001579499978106469
758	1e-23	0.0015890999929979444
759	1e-23	0.001604399993084371
760	1e-23	0.0015067000058479607
761	1e-23	0.0014675999991595745
762	1e-23	0.0015980000025592744
763	1e-23	0.0014297000016085804
764	1e-23	0.001257800031453371
765	1e-23	0.0014945000293664634
766	1e-23	0.0012250000145286322
767	1e-23	0.0012903999886475503
768	1e-23	0.0015358999953605235
769	1e-23	0.0016592000029049814
770	1e-23	0.001406499999575317
771	1e-23	0.0013960000360384583
772	1e-23	0.0015525000053457916
773	1e-23	0.0018554999842308462
774	1e-23	0.001397400046698749
775	1e-23	0.0014358999906107783
776	1e-23	0.0015007000183686614
777	1e-23	0.0014970999909564853
778	1e-23	0.0019862999906763434
779	1e-23	0.002155599999241531
780	1e-23	0.0017482999828644097
781	1e-23	0.0014468000154010952
782	1e-23	0.0019515000167302787
783	1e-23	0.0015574999852105975
784	1e-23	0.0012567000230774283
785	1e-23	0.0011881999671459198
786	1e-23	0.0015444000018760562
787	1e-23	0.0014884999836795032
788	1e-23	0.001651700004003942
789	1e-23	0.0018096999847330153
790	1e-23	0.0016691999626345932
791	1e-23	0.0014378000050783157
792	1e-23	0.0015518000000156462
793	1e-23	0.001686600036919117
794	1e-23	0.0016211000038310885
795	1e-23	0.0012260000221431255
796	1e-23	0.0014833000022917986
797	1e-23	0.0013826999929733574
798	1e-23	0.0012697000056505203
799	1e-23	0.0013977999915368855
800	1e-23	0.0012333000195212662
801	1e-23	0.0015091000241227448
802	1e-23	0.0012258000206202269
803	1e-23	0.0012412999640218914
804	1e-23	0.0013472000136971474
805	1e-23	0.0015459000132977962
806	1e-23	0.001373699982650578
807	1e-23	0.0013145999982953072
808	1e-23	0.002129000029526651
809	1e-23	0.0016010000254027545
810	1e-23	0.0016946999821811914
811	1e-23	0.0011541999992914498
812	1e-23	0.001705500006210059
813	1e-23	0.00135420000879094
814	1e-23	0.0013472000136971474
815	1e-23	0.0014235000126063824
816	1e-23	0.001305999991018325
817	1e-23	0.0020559000549837947
818	1e-23	0.0017060000100173056
819	1e-23	0.001316599955316633
820	1e-23	0.001555299968458712
821	1e-23	0.0013147999998182058
822	1e-23	0.0013611000031232834
823	1e-23	0.001414500002283603
824	1e-23	0.0012734999763779342
825	1e-23	0.0012045999756082892
826	1e-23	0.0014859000220894814
827	1e-23	0.0014460999518632889
828	1e-23	0.0013507999829016626
829	1e-23	0.0016972000012174249
830	1e-23	0.0015155000146478415
831	1e-23	0.00134529999922961
832	1e-23	0.001513600000180304
833	1e-23	0.001295299967750907
834	1e-23	0.0018186999950557947
835	1e-23	0.001527800050098449
836	1e-23	0.0013837000005878508
837	1e-23	0.0017035999917425215
838	1e-23	0.0016141000087372959
839	1e-23	0.0021803000126965344
840	1e-23	0.0013582000392489135
841	1e-23	0.0012920000008307397
842	1e-23	0.0013222999987192452
843	1e-23	0.001283199992030859
844	1e-23	0.0014374000020325184
845	1e-23	0.0017909000162035227
846	1e-23	0.0013231000048108399
847	1e-23	0.0015226000105030835
848	1e-23	0.001303000026382506
849	1e-23	0.0012401000130921602
850	1e-23	0.001287599967326969
851	1e-23	0.0013522999943234026
852	1e-23	0.0012292000465095043
853	1e-23	0.0025308000040240586
854	1e-23	0.0018096999847330153
855	1e-23	0.001513300056103617
856	1e-23	0.0014160999562591314
857	1e-23	0.0012546999496407807
858	1e-23	0.0014611000078730285
859	1e-23	0.003577199997380376
860	1e-23	0.001577200018800795
861	1e-23	0.0011363999801687896
862	1e-23	0.001374000043142587
863	1e-23	0.0015187999815680087
864	1e-23	0.0012621000059880316
865	1e-23	0.0021394999930635095
866	1e-23	0.0012430999777279794
867	1e-23	0.001423700014129281
868	1e-23	0.0012803000281564891
869	1e-23	0.0014603000017814338
870	1e-23	0.0013170000165700912
871	1e-23	0.0013844000059179962
872	1e-23	0.0013423000345937908
873	1e-23	0.0015546000213362277
874	1e-23	0.001386399962939322
875	1e-23	0.0014207999920472503
876	1e-23	0.0013737999834120274
877	1e-23	0.0015699999639764428
878	1e-23	0.0015743000549264252
879	1e-23	0.0015022000297904015
880	1e-23	0.0013333999668247998
881	1e-23	0.0013079000054858625
882	1e-23	0.0013645999715663493
883	1e-23	0.0012868000194430351
884	1e-23	0.0013337000273168087
885	1e-23	0.001730400021187961
886	1e-23	0.0012703999527730048
887	1e-23	0.0018880999996326864
888	1e-23	0.0014622000162489712
889	1e-23	0.0013262999709695578
890	1e-23	0.0016803000471554697
891	1e-23	0.0015861000283621252
892	1e-23	0.001560300006531179
893	1e-23	0.0019623999833129346
894	1e-23	0.0014309000107459724
895	1e-23	0.00152449996676296
896	1e-23	0.0012289999867789447
897	1e-23	0.0013469000114127994
898	1e-23	0.001504999992903322
899	1e-23	0.0013718000263907015
900	1e-23	0.0013939000200480223
901	1e-23	0.0014392999582923949
902	1e-23	0.00122669996926561
903	1e-23	0.0013575000339187682
904	1e-23	0.001339100010227412
905	1e-23	0.0012191000278107822
906	1e-23	0.0014063999988138676
907	1e-23	0.0013973000459372997
908	1e-23	0.0013543000095523894
909	1e-23	0.0022749999770894647
910	1e-23	0.0016025000368244946
911	1e-23	0.0014309000107459724
912	1e-23	0.0012839999981224537
913	1e-23	0.0014622999588027596
914	1e-23	0.0016436000005342066
915	1e-23	0.0016199999954551458
916	1e-23	0.0014737999881617725
917	1e-23	0.001667100004851818
918	1e-23	0.0014761000056751072
919	1e-23	0.001577200018800795
920	1e-23	0.0015424999874085188
921	1e-23	0.0016583999968133867
922	1e-23	0.0015648999833501875
923	1e-23	0.001360399997793138
924	1e-23	0.001275799993891269
925	1e-23	0.0014953999780118465
926	1e-23	0.0012695000041276217
927	1e-23	0.0014013000181876123
928	1e-23	0.001940299989655614
929	1e-23	0.0014987000031396747
930	1e-23	0.0017376000178046525
931	1e-23	0.0013888999819755554
932	1e-23	0.0013292000512592494
933	1e-23	0.0013778000138700008
934	1e-23	0.0014253000263124704
935	1e-23	0.0012259999639354646
936	1e-23	0.0013661999837495387
937	1e-23	0.0015899999998509884
938	1e-23	0.0014393000165000558
939	1e-23	0.0019425000064074993
940	1e-23	0.0014100000262260437
941	1e-23	0.0015382999554276466
942	1e-23	0.0013961000367999077
943	1e-23	0.0014196999836713076
944	1e-23	0.0019764999742619693
945	1e-23	0.0014187999768182635
946	1e-23	0.0019174999906681478
947	1e-23	0.0022372000385075808
948	1e-23	0.0018109999946318567
949	1e-23	0.001395599974785
950	1e-23	0.0011568000190891325
951	1e-23	0.0013484000228345394
952	1e-23	0.001428099989425391
953	1e-23	0.0012643999652937055
954	1e-23	0.0015566999791190028
955	1e-23	0.0013945999671705067
956	1e-23	0.0011212000390514731
957	1e-23	0.0015796000370755792
958	1e-23	0.0015630999696440995
959	1e-23	0.0015075000119395554
960	1e-23	0.002246400050353259
961	1e-23	0.0012959000305272639
962	1e-23	0.0013888999819755554
963	1e-23	0.0013160000089555979
964	1e-23	0.0016148999566212296
965	1e-23	0.001523599959909916
966	1e-23	0.0012134999851696193
967	1e-23	0.0015053999959491193
968	1e-23	0.0015060000005178154
969	1e-23	0.0014605000033043325
970	1e-23	0.0011560000129975379
971	1e-23	0.0013770000077784061
972	1e-23	0.0017881999956443906
973	1e-23	0.0015242000226862729
974	1e-23	0.0013587999856099486
975	1e-23	0.0012249999563209713
976	1e-23	0.0015011000214144588
977	1e-23	0.0016955999890342355
978	1e-23	0.001699300017207861
979	1e-23	0.0015787000302225351
980	1e-23	0.0014430999872274697
981	1e-23	0.002105600025970489
982	1e-23	0.0015488999779336154
983	1e-23	0.0014140000566840172
984	1e-23	0.0014253000263124704
985	1e-23	0.0014381000073626637
986	1e-23	0.0013457000022754073
987	1e-23	0.0015497999847866595
988	1e-23	0.001559700001962483
989	1e-23	0.0014280000468716025
990	1e-23	0.0013849000097252429
991	1e-23	0.0014119999832473695
992	1e-23	0.0013231000048108399
993	1e-23	0.0013762000016868114
994	1e-23	0.001275499991606921
995	1e-23	0.0017042999970726669
996	1e-23	0.0013818000443279743
997	1e-23	0.0017536000232212245
998	1e-23	0.001357399974949658
999	1e-23	0.0013853000127710402
1000	1e-23	0.0016882000491023064
1001	1e-23	0.001470699964556843
1002	1e-23	0.0015368000022135675
1003	1e-23	0.0016001000185497105
1004	1e-23	0.001345599943306297
1005	1e-23	0.0021935999975539744
1006	1e-23	0.0012586999800987542
1007	1e-23	0.0015402999706566334
1008	1e-23	0.0014750999980606139
1009	1e-23	0.001394999970216304
1010	1e-23	0.0021495000110007823
1011	1e-23	0.0013223999994806945
1012	1e-23	0.00132460001623258
1013	1e-23	0.0015418999828398228
1014	1e-23	0.0013497999752871692
1015	1e-23	0.0012272000312805176
1016	1e-23	0.0013247000169940293
1017	1e-23	0.0013108999701216817
1018	1e-23	0.0016417999868281186
1019	1e-23	0.0015504000475630164
1020	1e-23	0.001101900008507073
1021	1e-23	0.0012168000102974474
1022	1e-23	0.0017047000001184642
1023	1e-23	0.0014001000090502203
1024	1e-23	0.0017826000112108886
1025	1e-23	0.0014501999830827117
1026	1e-23	0.0013469999539665878
1027	1e-23	0.0014205999905243516
1028	1e-23	0.001502899976912886
1029	1e-23	0.001711399992927909
1030	1e-23	0.0012941999593749642
1031	1e-23	0.0014027999714016914
1032	1e-23	0.0013911999994888902
1033	1e-23	0.0013639000244438648
1034	1e-23	0.001568600011523813
1035	1e-23	0.0014745999942533672
1036	1e-23	0.0013714000233449042
1037	1e-23	0.0014550999621860683
1038	1e-23	0.001714699959848076
1039	1e-23	0.0013851000112481415
1040	1e-23	0.001426299975719303
1041	1e-23	0.0016540999640710652
1042	1e-23	0.001441699976567179
1043	1e-23	0.001463600026909262
1044	1e-23	0.0013476000167429447
1045	1e-23	0.0015104999765753746
1046	1e-23	0.0019612000323832035
1047	1e-23	0.0013230000040493906
1048	1e-23	0.0014770999550819397
1049	1e-23	0.001489899994339794
1050	1e-23	0.0013040999765507877
1051	1e-23	0.002247900003567338
1052	1e-23	0.0017092999769374728
1053	1e-23	0.00167420000070706
1054	1e-23	0.0012648999691009521
1055	1e-23	0.0011455999920144677
1056	1e-23	0.0015110000385902822
1057	1e-23	0.0017507000011391938
1058	1e-23	0.002556700026616454
1059	1e-23	0.0021772999898530543
1060	1e-23	0.0019023999921046197
1061	1e-23	0.0013485999661497772
1062	1e-23	0.001137699990067631
1063	1e-23	0.0014048999873921275
1064	1e-23	0.0013578999787569046
1065	1e-23	0.0012217999901622534
1066	1e-23	0.0013987999991513789
1067	1e-23	0.0016966000548563898
1068	1e-23	0.0014720000326633453
1069	1e-23	0.001609099970664829
1070	1e-23	0.001240299956407398
1071	1e-23	0.001225499960128218
1072	1e-23	0.0016255000373348594
1073	1e-23	0.0012390000047162175
1074	1e-23	0.001416300015989691
1075	1e-23	0.0018091999809257686
1076	1e-23	0.0012669999850913882
1077	1e-23	0.0018614999717101455
1078	1e-23	0.0018301000236533582
1079	1e-23	0.0012572999694384634
1080	1e-23	0.0013782000169157982
1081	1e-23	0.001213699986692518
1082	1e-23	0.0013821000466123223
1083	1e-23	0.0014649999793618917
1084	1e-23	0.0013466999516822398
1085	1e-23	0.001428399991709739
1086	1e-23	0.0016261999844573438
1087	1e-23	0.0013120000367052853
1088	1e-23	0.001771200040820986
1089	1e-23	0.0016169999726116657
1090	1e-23	0.0027103000320494175
1091	1e-23	0.0014885000418871641
1092	1e-23	0.001947099983226508
1093	1e-23	0.0014789000269956887
1094	1e-23	0.0012990000541321933
1095	1e-23	0.0014967000461183488
1096	1e-23	0.0012916999985463917
1097	1e-23	0.0016266999882645905
1098	1e-23	0.0016926999669522047
1099	1e-23	0.0015637000324204564
1100	1e-23	0.0014047999866306782
1101	1e-23	0.0013378000003285706
1102	1e-23	0.0013294999953359365
1103	1e-23	0.0012039000284858048
1104	1e-23	0.0014053999911993742
1105	1e-23	0.0018105999915860593
1106	1e-23	0.0013323999592103064
1107	1e-23	0.001715900027193129
1108	1e-23	0.002041200001258403
1109	1e-23	0.0013711000210605562
1110	1e-23	0.0013526999973692
1111	1e-23	0.0016367000062018633
1112	1e-23	0.001360700000077486
1113	1e-23	0.0014471999602392316
1114	1e-23	0.0018338999943807721
1115	1e-23	0.0014927999582141638
1116	1e-23	0.001739199971780181
1117	1e-23	0.0014561000280082226
1118	1e-23	0.001183000043965876
1119	1e-23	0.0013512000441551208
1120	1e-23	0.001319300034083426
1121	1e-23	0.001187100016977638
1122	1e-23	0.001427499984856695
1123	1e-23	0.0014492000336758792
1124	1e-23	0.0013321000151336193
1125	1e-23	0.00121489999582991
1126	1e-23	0.0013037999742664397
1127	1e-23	0.001274299982469529
1128	1e-23	0.0014851000159978867
1129	1e-23	0.0013566000270657241
1130	1e-23	0.0012506999773904681
1131	1e-23	0.0014772999566048384
1132	1e-23	0.0015937000280246139
1133	1e-23	0.0013254000223241746
1134	1e-23	0.001554700022097677
1135	1e-23	0.0011638000141829252
1136	1e-23	0.0010853999992832541
1137	1e-23	0.0016407000366598368
1138	1e-23	0.0015411999775096774
1139	1e-23	0.0019125000108033419
1140	1e-23	0.0015648999833501875
1141	1e-23	0.001336699991952628
1142	1e-23	0.0017387000261805952
1143	1e-23	0.0013125999830663204
1144	1e-23	0.0013771000085398555
1145	1e-23	0.002611100033391267
1146	1e-23	0.0012584999785758555
1147	1e-23	0.0014334999723359942
1148	1e-23	0.0017419999931007624
1149	1e-23	0.00137339998036623
1150	1e-23	0.001740699983201921
1151	1e-23	0.001518299977760762
1152	1e-23	0.002183200034778565
1153	1e-23	0.0016463000210933387
1154	1e-23	0.0014756000018678606
1155	1e-23	0.0015568999806419015
1156	1e-23	0.0014728999813087285
1157	1e-23	0.002014599973335862
1158	1e-23	0.0015389000182040036
1159	1e-23	0.0014104999718256295
1160	1e-23	0.0020915999775752425
1161	1e-23	0.0014688000082969666
1162	1e-23	0.001478100020904094
1163	1e-23	0.0013288999907672405
1164	1e-23	0.001451499992981553
1165	1e-23	0.0013865999644622207
1166	1e-23	0.0018014999805018306
1167	1e-23	0.0020290000247769058
1168	1e-23	0.0013792000245302916
1169	1e-23	0.001638400019146502
1170	1e-23	0.0016824000049382448
1171	1e-23	0.001151599979493767
1172	1e-23	0.0013328000204637647
1173	1e-23	0.0015973999979905784
1174	1e-23	0.0013064999948255718
1175	1e-23	0.0015784999704919755
1176	1e-23	0.0013584000407718122
1177	1e-23	0.0013072000001557171
1178	1e-23	0.001604399993084371
1179	1e-23	0.0012639000196941197
1180	1e-23	0.0013174000196158886
1181	1e-23	0.001512100046966225
1182	1e-23	0.0012883000308647752
1183	1e-23	0.001324300013948232
1184	1e-23	0.001408000010997057
1185	1e-23	0.001433099969290197
1186	1e-23	0.0016682999557815492
1187	1e-23	0.001698399952147156
1188	1e-23	0.0013451999984681606
1189	1e-23	0.0016689999611116946
1190	1e-23	0.0013334999675862491
1191	1e-23	0.0015051999944262207
1192	1e-23	0.0015208999975584447
1193	1e-23	0.0016333999810740352
1194	1e-23	0.001359199988655746
1195	1e-23	0.001477500016335398
1196	1e-23	0.0015631999704055488
1197	1e-23	0.0018374999635852873
1198	1e-23	0.0014195000403560698
1199	1e-23	0.001644000003580004
1200	1e-23	0.0016852000262588263
1201	1e-23	0.0013352999812923372
1202	1e-23	0.0014205999905243516
1203	1e-23	0.0014936999650672078
1204	1e-23	0.0014051999896764755
1205	1e-23	0.001678300031926483
1206	1e-23	0.0017564999870955944
1207	1e-23	0.001406800001859665
1208	1e-23	0.0014875999768264592
1209	1e-23	0.0017007000278681517
1210	1e-23	0.001879699993878603
1211	1e-23	0.0014587999903596938
1212	1e-23	0.0014004000113345683
1213	1e-23	0.0015855000237934291
1214	1e-23	0.0018742000102065504
1215	1e-23	0.002174000022932887
1216	1e-23	0.001436999998986721
1217	1e-23	0.0019163000397384167
1218	1e-23	0.0024517999845556915
1219	1e-23	0.0017731999978423119
1220	1e-23	0.001769399968907237
1221	1e-23	0.002776100009214133
1222	1e-23	0.00170669995713979
1223	1e-23	0.0016789999790489674
1224	1e-23	0.001412999990861863
1225	1e-23	0.0016406000358983874
1226	1e-23	0.001623300020582974
1227	1e-23	0.0014355999883264303
1228	1e-23	0.0015190999838523567
1229	1e-23	0.0016993999597616494
1230	1e-23	0.001533099974039942
1231	1e-23	0.0017535000224597752
1232	1e-23	0.0019171999883837998
1233	1e-23	0.0020532000344246626
1234	1e-23	0.0015790999750606716
1235	1e-23	0.0016799000441096723
1236	1e-23	0.0017464999691583216
1237	1e-23	0.0017986000166274607
1238	1e-23	0.0017810999997891486
1239	1e-23	0.0013471999554894865
1240	1e-23	0.0018295000190846622
1241	1e-23	0.001843900012318045
1242	1e-23	0.0017928999732248485
1243	1e-23	0.0018656000029295683
1244	1e-23	0.0017392000299878418
1245	1e-23	0.001894199987873435
1246	1e-23	0.002133100002538413
1247	1e-23	0.0017885000561363995
1248	1e-23	0.0015032999799586833
1249	1e-23	0.0017289999523200095
1250	1e-23	0.001692800025921315
1251	1e-23	0.0015242999652400613
1252	1e-23	0.0015530000091530383
1253	1e-23	0.0014674999983981252
1254	1e-23	0.0018127000075764954
1255	1e-23	0.0022986000403761864
1256	1e-23	0.0017654999974183738
1257	1e-23	0.0017588000046089292
1258	1e-23	0.002620799990836531
1259	1e-23	0.0017315999721176922
1260	1e-23	0.0018847000319510698
1261	1e-23	0.0016669000033289194
1262	1e-23	0.0015176000306382775
1263	1e-23	0.001503199979197234
1264	1e-23	0.0017346999957226217
1265	1e-23	0.0017134000081568956
1266	1e-23	0.002614900004118681
1267	1e-23	0.001979399996344
1268	1e-23	0.0021247999975457788
1269	1e-23	0.0022209000308066607
1270	1e-23	0.0014381000073626637
1271	1e-23	0.0016127999988384545
1272	1e-23	0.001458600047044456
1273	1e-23	0.0013604999985545874
1274	1e-23	0.001707300019916147
1275	1e-23	0.002279900014400482
1276	1e-23	0.0016326999757438898
1277	1e-23	0.0015471000224351883
1278	1e-23	0.0014328000252135098
1279	1e-23	0.0015110000385902822
1280	1e-23	0.0013147999998182058
1281	1e-23	0.0016447000089101493
1282	1e-23	0.0013490000274032354
1283	1e-23	0.0012304999982006848
1284	1e-23	0.001733599987346679
1285	1e-23	0.0015346999862231314
1286	1e-23	0.0020136000239290297
1287	1e-23	0.0015377000090666115
1288	1e-23	0.001486400025896728
1289	1e-23	0.002007699979003519
1290	1e-23	0.0015641000354662538
1291	1e-23	0.0016071000136435032
1292	1e-23	0.0014365999959409237
1293	1e-23	0.0018637999892234802
1294	1e-23	0.0017726999940350652
1295	1e-23	0.0021588000236079097
1296	1e-23	0.0018768000300042331
1297	1e-23	0.001470999966841191
1298	1e-23	0.0015149000100791454
1299	1e-23	0.0014275999856181443
1300	1e-23	0.001505000051110983
1301	1e-23	0.0016426999936811626
1302	1e-23	0.0015041999868117273
1303	1e-23	0.0015558000304736197
1304	1e-23	0.0014684000052511692
1305	1e-23	0.0014637999702244997
1306	1e-23	0.001658499997574836
1307	1e-23	0.0015415000380016863
1308	1e-23	0.0013906999956816435
1309	1e-23	0.002463200013153255
1310	1e-23	0.0013207999872975051
1311	1e-23	0.0015278999926522374
1312	1e-23	0.0017305999645031989
1313	1e-23	0.0014326000236906111
1314	1e-23	0.0015010000206530094
1315	1e-23	0.001458899991121143
1316	1e-23	0.0016620999667793512
1317	1e-23	0.0014599999994970858
1318	1e-23	0.0018440000130794942
1319	1e-23	0.0019319999846629798
1320	1e-23	0.002027000009547919
1321	1e-23	0.002617600024677813
1322	1e-23	0.0022200000239536166
1323	1e-23	0.00122669996926561
1324	1e-23	0.002860700013116002
1325	1e-23	0.002666999993380159
1326	1e-23	0.0015586999943479896
1327	1e-23	0.001421599998138845
1328	1e-23	0.0016680000117048621
1329	1e-23	0.0016899000038392842
1330	1e-23	0.0013863000203855336
1331	1e-23	0.0016616999637335539
1332	1e-23	0.0013666999875567853
1333	1e-23	0.0012451999937184155
1334	1e-23	0.001351799990516156
1335	1e-23	0.001233800023328513
1336	1e-23	0.0015925999614410102
1337	1e-23	0.0014745999942533672
1338	1e-23	0.0013380000018514693
1339	1e-23	0.001608800026588142
1340	1e-23	0.0014919000095687807
1341	1e-23	0.0013602999970316887
1342	1e-23	0.001631600025575608
1343	1e-23	0.0014493000344373286
1344	1e-23	0.0016047999961301684
1345	1e-23	0.0014337000320665538
1346	1e-23	0.0012981000472791493
1347	1e-23	0.0025805000332184136
1348	1e-23	0.001471899973694235
1349	1e-23	0.001395900035277009
1350	1e-23	0.0014548000181093812
1351	1e-23	0.0013679999974556267
1352	1e-23	0.0012987999944016337
1353	1e-23	0.001485799963120371
1354	1e-23	0.0013734999811276793
1355	1e-23	0.0013858000165782869
1356	1e-23	0.0013158000074326992
1357	1e-23	0.0013284999877214432
1358	1e-23	0.0013108000275678933
1359	1e-23	0.0021782999974675477
1360	1e-23	0.002348100009839982
1361	1e-23	0.0016246000304818153
1362	1e-23	0.0013233000063337386
1363	1e-23	0.0014284999924711883
1364	1e-23	0.001449699979275465
1365	1e-23	0.001483999949414283
1366	1e-23	0.00147280003875494
1367	1e-23	0.0013169999583624303
1368	1e-23	0.0016615999629721045
1369	1e-23	0.0016261999844573438
1370	1e-23	0.001514800009317696
1371	1e-23	0.0019144000252708793
1372	1e-23	0.0014946000301279128
1373	1e-23	0.002458199975080788
1374	1e-23	0.002079600002616644
1375	1e-23	0.0015772999613545835
1376	1e-23	0.0012755000498145819
1377	1e-23	0.001394400023855269
1378	1e-23	0.001470699964556843
1379	1e-23	0.0012428000336512923
1380	1e-23	0.0013167000142857432
1381	1e-23	0.0013920000055804849
1382	1e-23	0.0013077000039629638
1383	1e-23	0.0013072000001557171
1384	1e-23	0.0014001000090502203
1385	1e-23	0.0012457999982871115
1386	1e-23	0.0012382999993860722
1387	1e-23	0.00115130003541708
1388	1e-23	0.0015841000131331384
1389	1e-23	0.0012822000426240265
1390	1e-23	0.001872299995739013
1391	1e-23	0.001489599992055446
1392	1e-23	0.0012128999806009233
1393	1e-23	0.0012975999852642417
1394	1e-23	0.0014367999974638224
1395	1e-23	0.001589899999089539
1396	1e-23	0.0016329999780282378
1397	1e-23	0.0017198999994434416
1398	1e-23	0.0016007000231184065
1399	1e-23	0.0017502999980933964
1400	1e-23	0.0017900000093504786
1401	1e-23	0.0013430999824777246
1402	1e-23	0.0013621000107377768
1403	1e-23	0.0015188000397756696
1404	1e-23	0.0013904000516049564
1405	1e-23	0.0018308000289835036
1406	1e-23	0.001479900034610182
1407	1e-23	0.001739799976348877
1408	1e-23	0.0017309000249952078
1409	1e-23	0.0016154999611899257
1410	1e-23	0.0015511000528931618
1411	1e-23	0.0017037999932654202
1412	1e-23	0.001686299976427108
1413	1e-23	0.0017258000443689525
1414	1e-23	0.0016604000120423734
1415	1e-23	0.0015731000457890332
1416	1e-23	0.0018610999686643481
1417	1e-23	0.0017108999891206622
1418	1e-23	0.001362200011499226
1419	1e-23	0.00120009999955073
1420	1e-23	0.0015630999696440995
1421	1e-23	0.0013826999929733574
1422	1e-23	0.001311299973167479
1423	1e-23	0.0022250000038184226
1424	1e-23	0.0014494999777525663
1425	1e-23	0.0016900000046007335
1426	1e-23	0.0021087999921292067
1427	1e-23	0.0014813999878242612
1428	1e-23	0.0015476999687962234
1429	1e-23	0.0014764000079594553
1430	1e-23	0.0016339999856427312
1431	1e-23	0.0016623000265099108
1432	1e-23	0.0013932999572716653
1433	1e-23	0.001248300017323345
1434	1e-23	0.0015926000196486712
1435	1e-23	0.0015445000026375055
1436	1e-23	0.0015657000476494431
1437	1e-23	0.001422200002707541
1438	1e-23	0.0015983000048436224
1439	1e-23	0.0016447000089101493
1440	1e-23	0.0012779999524354935
1441	1e-23	0.0011993999942205846
1442	1e-23	0.001512399991042912
1443	1e-23	0.0014207999920472503
1444	1e-23	0.0015277000493369997
1445	1e-23	0.0014414000324904919
1446	1e-23	0.0013973000459372997
1447	1e-23	0.0016319999704137444
1448	1e-23	0.0013436000444926322
1449	1e-23	0.001550300046801567
1450	1e-23	0.0015852999640628695
1451	1e-23	0.0013516999897547066
1452	1e-23	0.0016476999735459685
1453	1e-23	0.001286200014874339
1454	1e-23	0.0013370999949984252
1455	1e-23	0.0016697000246495008
1456	1e-23	0.0019174999906681478
1457	1e-23	0.0015950000379234552
1458	1e-23	0.0014879999798722565
1459	1e-23	0.0014671999961137772
1460	1e-23	0.0015836000093258917
1461	1e-23	0.0014047999866306782
1462	1e-23	0.0013748000492341816
1463	1e-23	0.001255100010894239
1464	1e-23	0.00132610002765432
1465	1e-23	0.0015282999956980348
1466	1e-23	0.0013803999754600227
1467	1e-23	0.001583700010087341
1468	1e-23	0.0016098999767564237
1469	1e-23	0.001393200014717877
1470	1e-23	0.0012109000235795975
1471	1e-23	0.002058700018096715
1472	1e-23	0.0015262000379152596
1473	1e-23	0.0015143000055104494
1474	1e-23	0.001927000004798174
1475	1e-23	0.0013828999944962561
1476	1e-23	0.0016450000111944973
1477	1e-23	0.0015448000049218535
1478	1e-23	0.0014196999836713076
1479	1e-23	0.0016045999946072698
1480	1e-23	0.0015175999724306166
1481	1e-23	0.002525599964428693
1482	1e-23	0.0020493000047281384
1483	1e-23	0.0019404999911785126
1484	1e-23	0.0014198999851942062
1485	1e-23	0.001271100016310811
1486	1e-23	0.0015292000025510788
1487	1e-23	0.0013244000147096813
1488	1e-23	0.002128099964465946
1489	1e-23	0.0018481999868527055
1490	1e-23	0.0013345999759621918
1491	1e-23	0.0012900999863632023
1492	1e-23	0.0014323000214062631
1493	1e-23	0.0012038999702781439
1494	1e-23	0.0017634000396355987
1495	1e-23	0.0017633000388741493
1496	1e-23	0.001987900002859533
1497	1e-23	0.0013774000108242035
1498	1e-23	0.0017804999952204525
1499	1e-23	0.0015566000365652144
1500	1e-23	0.001484900014474988
1501	1e-23	0.0012629000120796263
1502	1e-23	0.0011777000036090612
1503	1e-23	0.0013580000377260149
1504	1e-23	0.0013804000336676836
1505	1e-23	0.0012718999641947448
1506	1e-23	0.0013347999774850905
1507	1e-23	0.0015381999546661973
1508	1e-23	0.0015393999638035893
1509	1e-23	0.0017311000265181065
1510	1e-23	0.0019370000227354467
1511	1e-23	0.0015974999987520278
1512	1e-23	0.0014254999696277082
1513	1e-23	0.001354800013359636
1514	1e-23	0.0018570999964140356
1515	1e-23	0.0015716000343672931
1516	1e-23	0.0014241999597288668
1517	1e-23	0.001507400011178106
1518	1e-23	0.0016614000196568668
1519	1e-23	0.0016234000213444233
1520	1e-23	0.001445000001695007
1521	1e-23	0.0014630999648943543
1522	1e-23	0.001465099980123341
1523	1e-23	0.0019452000269666314
1524	1e-23	0.0013652000343427062
1525	1e-23	0.001650800055358559
1526	1e-23	0.0013206999865360558
1527	1e-23	0.0012456999975256622
1528	1e-23	0.0020664000185206532
1529	1e-23	0.0013271999778226018
1530	1e-23	0.0016112999874167144
1531	1e-23	0.0014021999668329954
1532	1e-23	0.0013216999941505492
1533	1e-23	0.0016839000163599849
1534	1e-23	0.002361999999266118
1535	1e-23	0.0016512000001966953
1536	1e-23	0.0017304999637417495
1537	1e-23	0.0014538000104948878
1538	1e-23	0.0015502999885939062
1539	1e-23	0.0014731999835930765
1540	1e-23	0.0014893999905325472
1541	1e-23	0.001220199977979064
1542	1e-23	0.0016550000291317701
1543	1e-23	0.0016029999824240804
1544	1e-23	0.0014850000152364373
1545	1e-23	0.001341200026217848
1546	1e-23	0.0012193000293336809
1547	1e-23	0.001202800020109862
1548	1e-23	0.0014468999579548836
1549	1e-23	0.001261600002180785
1550	1e-23	0.001427199982572347
1551	1e-23	0.0013931000139564276
1552	1e-23	0.0014619000139646232
1553	1e-23	0.001882400014437735
1554	1e-23	0.0022509999689646065
1555	1e-23	0.001588699989952147
1556	1e-23	0.001384599949233234
1557	1e-23	0.0013107999693602324
1558	1e-23	0.0017234000260941684
1559	1e-23	0.0014017000212334096
1560	1e-23	0.001330800005234778
1561	1e-23	0.0016301999567076564
1562	1e-23	0.001568900013808161
1563	1e-23	0.0014264999772422016
1564	1e-23	0.0014257000293582678
1565	1e-23	0.001436399994418025
1566	1e-23	0.001781500002834946
1567	1e-23	0.0017300999606959522
1568	1e-23	0.0015853999648243189
1569	1e-23	0.0013332999660633504
1570	1e-23	0.0012310000020079315
1571	1e-23	0.0014862000243738294
1572	1e-23	0.001580399984959513
1573	1e-23	0.001740700041409582
1574	1e-23	0.0020549999899230897
1575	1e-23	0.0013597000506706536
1576	1e-23	0.0014433999895118177
1577	1e-23	0.0021106000058352947
1578	1e-23	0.0014147000038065016
1579	1e-23	0.001581299991812557
1580	1e-23	0.0019852000405080616
1581	1e-23	0.001995600003283471
1582	1e-23	0.0023341000196523964
1583	1e-23	0.0017081999685615301
1584	1e-23	0.0019765000324696302
1585	1e-23	0.0015572999836876988
1586	1e-23	0.0013917000032961369
1587	1e-23	0.001998000021558255
1588	1e-23	0.001499100006185472
1589	1e-23	0.002000699983909726
1590	1e-23	0.0020032000029459596
1591	1e-23	0.0016362000023946166
1592	1e-23	0.0017291000112891197
1593	1e-23	0.001567400002386421
1594	1e-23	0.001233800023328513
1595	1e-23	0.0013304000021889806
1596	1e-23	0.0015808999887667596
1597	1e-23	0.001345900003798306
1598	1e-23	0.0019100999925285578
1599	1e-23	0.001920500013511628
1600	1e-23	0.0017226000200025737
1601	1e-23	0.0021767999860458076
1602	1e-23	0.0018330999882891774
1603	1e-23	0.0015430999919772148
1604	1e-23	0.001794499985408038
1605	1e-23	0.0014052999904379249
1606	1e-23	0.0014711999683640897
1607	1e-23	0.0014193999813869596
1608	1e-23	0.0013287999900057912
1609	1e-23	0.0012514999834820628
1610	1e-23	0.0014587999903596938
1611	1e-23	0.001546700019389391
1612	1e-23	0.0013797999708913267
1613	1e-23	0.0016379999578930438
1614	1e-23	0.0017032999894581735
1615	1e-23	0.001649899990297854
1616	1e-23	0.0016373999533243477
1617	1e-23	0.0015729000442661345
1618	1e-23	0.001583700010087341
1619	1e-23	0.0015103999758139253
1620	1e-23	0.0013565000263042748
1621	1e-23	0.001510299975052476
1622	1e-23	0.001341500028502196
1623	1e-23	0.0013058999902568758
1624	1e-23	0.0015061000012792647
1625	1e-23	0.0015844000154174864
1626	1e-23	0.0012462000013329089
1627	1e-23	0.0013488999684341252
1628	1e-23	0.0016252999776042998
1629	1e-23	0.001395900035277009
1630	1e-23	0.0014748999965377152
1631	1e-23	0.0013707000180147588
1632	1e-23	0.0014750999980606139
1633	1e-23	0.001403900037985295
1634	1e-23	0.0014866000274196267
1635	1e-23	0.0013085000100545585
1636	1e-23	0.0018215000163763762
1637	1e-23	0.0018223000224679708
1638	1e-23	0.0016130000003613532
1639	1e-23	0.0015394000220112503
1640	1e-23	0.0016462000203318894
1641	1e-23	0.0017028999864123762
1642	1e-23	0.002577300008852035
1643	1e-23	0.0017648999928496778
1644	1e-23	0.0016952999867498875
1645	1e-23	0.00227870000526309
1646	1e-23	0.0015978000010363758
1647	1e-23	0.0013995000044815242
1648	1e-23	0.0016252000350505114
1649	1e-23	0.0013017000164836645
1650	1e-23	0.0013390000094659626
1651	1e-23	0.001545800012536347
1652	1e-23	0.0015690000145696104
1653	1e-23	0.001394700026139617
1654	1e-23	0.0015475000254809856
1655	1e-23	0.0014223000034689903
1656	1e-23	0.0017079999670386314
1657	1e-23	0.001462399959564209
1658	1e-23	0.0014922000118531287
1659	1e-23	0.0018775000353343785
1660	1e-23	0.0013818000443279743
1661	1e-23	0.0026262999745085835
1662	1e-23	0.0023062999825924635
1663	1e-23	0.001365699979942292
1664	1e-23	0.001583400007802993
1665	1e-23	0.0015850000199861825
1666	1e-23	0.0018700999789871275
1667	1e-23	0.0016933000297285616
1668	1e-23	0.0018341999966651201
1669	1e-23	0.001952500024344772
1670	1e-23	0.001726799993775785
1671	1e-23	0.0014833000022917986
1672	1e-23	0.002442199969664216
1673	1e-23	0.0017311000265181065
1674	1e-23	0.0014044999843463302
1675	1e-23	0.0021982999751344323
1676	1e-23	0.002314700046554208
1677	1e-23	0.0015133999986574054
1678	1e-23	0.001582199998665601
1679	1e-23	0.001403000031132251
1680	1e-23	0.001422500004991889
1681	1e-23	0.0017940999823622406
1682	1e-23	0.0014033999759703875
1683	1e-23	0.0015027000335976481
1684	1e-23	0.0021436000242829323
1685	1e-23	0.0015206000534817576
1686	1e-23	0.0018114999984391034
1687	1e-23	0.0016562999808229506
1688	1e-23	0.001500600017607212
1689	1e-23	0.001442900043912232
1690	1e-23	0.001604399993084371
1691	1e-23	0.0020771000417880714
1692	1e-23	0.0017777999746613204
1693	1e-23	0.0016815999988466501
1694	1e-23	0.001986199989914894
1695	1e-23	0.0017243999755010009
1696	1e-23	0.0015302999527193606
1697	1e-23	0.0015021999715827405
1698	1e-23	0.0012272000312805176
1699	1e-23	0.0018972000107169151
1700	1e-23	0.0017963999998755753
1701	1e-23	0.0014473000192083418
1702	1e-23	0.0016237999661825597
1703	1e-23	0.0016302000149153173
1704	1e-23	0.001562400022521615
1705	1e-23	0.0013679999974556267
1706	1e-23	0.0015321000246331096
1707	1e-23	0.0013865000219084322
1708	1e-23	0.0016049999976530671
1709	1e-23	0.001718799991067499
1710	1e-23	0.001262200006749481
1711	1e-23	0.0012226999970152974
1712	1e-23	0.001565899990964681
1713	1e-23	0.00124149996554479
1714	1e-23	0.0014005000120960176
1715	1e-23	0.0012638000189326704
1716	1e-23	0.0016148999566212296
1717	1e-23	0.0020847999840043485
1718	1e-23	0.0022277000243775547
1719	1e-23	0.001618300040718168
1720	1e-23	0.0012984999921172857
1721	1e-23	0.0015514999977312982
1722	1e-23	0.0014754000003449619
1723	1e-23	0.0017036999925039709
1724	1e-23	0.0023720000172033906
1725	1e-23	0.001208700006827712
1726	1e-23	0.0019428999512456357
1727	1e-23	0.0013935999595560133
1728	1e-23	0.0017853000317700207
1729	1e-23	0.0014489999739453197
1730	1e-23	0.0014587999903596938
1731	1e-23	0.0012452999944798648
1732	1e-23	0.0015178999747149646
1733	1e-23	0.001458899991121143
1734	1e-23	0.0013722999719902873
1735	1e-23	0.001756099984049797
1736	1e-23	0.0017510000034235418
1737	1e-23	0.0015637999749742448
1738	1e-23	0.0015492999809794128
1739	1e-23	0.001407400006428361
1740	1e-23	0.0016530000139027834
1741	1e-23	0.0014291999978013337
1742	1e-23	0.0013917000032961369
1743	1e-23	0.0018234000308439136
1744	1e-23	0.0015569999814033508
1745	1e-23	0.0018367000157013535
1746	1e-23	0.00208309997105971
1747	1e-23	0.0023218999849632382
1748	1e-23	0.0013333999668247998
1749	1e-23	0.0015243000234477222
1750	1e-23	0.0015265000401996076
1751	1e-23	0.0012750000460073352
1752	1e-23	0.0015703000244684517
1753	1e-23	0.0016776000265963376
1754	1e-23	0.0014744999934919178
1755	1e-23	0.0021459999843500555
1756	1e-23	0.0013959999778307974
1757	1e-23	0.0013706000172533095
1758	1e-23	0.0015098999720066786
1759	1e-23	0.0014479999663308263
1760	1e-23	0.0015999000170268118
1761	1e-23	0.0012897999840788543
1762	1e-23	0.0011847999994643033
1763	1e-23	0.0014309999532997608
1764	1e-23	0.0012370999902486801
1765	1e-23	0.0012706000125035644
1766	1e-23	0.0019453999702818692
1767	1e-23	0.001195100019685924
1768	1e-23	0.0016039999900385737
1769	1e-23	0.0016033999854698777
1770	1e-23	0.0014686000067740679
1771	1e-23	0.001797800010535866
1772	1e-23	0.001581599994096905
1773	1e-23	0.0013232000055722892
1774	1e-23	0.0014791999710723758
1775	1e-23	0.0020458000362850726
1776	1e-23	0.0015251999720931053
1777	1e-23	0.001320500043220818
1778	1e-23	0.001498199999332428
1779	1e-23	0.0023757999879308045
1780	1e-23	0.001874100009445101
1781	1e-23	0.00137189996894449
1782	1e-23	0.0037261000252328813
1783	1e-23	0.0017140000127255917
1784	1e-23	0.0015536000137217343
1785	1e-23	0.0015368000022135675
1786	1e-23	0.0011581999715417624
1787	1e-23	0.0011780000058934093
1788	1e-23	0.0013360999873839319
1789	1e-23	0.0013596999924629927
1790	1e-23	0.0014728999813087285
1791	1e-23	0.0015100000309757888
1792	1e-23	0.0013013000134378672
1793	1e-23	0.0017595000099390745
1794	1e-23	0.0014470999594777822
1795	1e-23	0.0015471000224351883
1796	1e-23	0.0020400999928824604
1797	1e-23	0.0012879999703727663
1798	1e-23	0.0015017000259831548
1799	1e-23	0.0012273999745957553
1800	1e-23	0.0011274999706074595
1801	1e-23	0.001373700040858239
1802	1e-23	0.0011909999884665012
1803	1e-23	0.0010949000134132802
1804	1e-23	0.0013784999609924853
1805	1e-23	0.002105899970047176
1806	1e-23	0.0013422999763861299
1807	1e-23	0.0016712999786250293
1808	1e-23	0.0013495000312104821
1809	1e-23	0.0014195999829098582
1810	1e-23	0.0014290999970398843
1811	1e-23	0.0013535000034607947
1812	1e-23	0.0012259999639354646
1813	1e-23	0.0013827999937348068
1814	1e-23	0.0015329999732784927
1815	1e-23	0.002384199993684888
1816	1e-23	0.0019374999683350325
1817	1e-23	0.0016515000024810433
1818	1e-23	0.0013483999646268785
1819	1e-23	0.0012324000126682222
1820	1e-23	0.0014996000099927187
1821	1e-23	0.0013740999856963754
1822	1e-23	0.0013804000336676836
1823	1e-23	0.0015583999920636415
1824	1e-23	0.0016128000570461154
1825	1e-23	0.0015502999885939062
1826	1e-23	0.0015388000174425542
1827	1e-23	0.002152399974875152
1828	1e-23	0.002825200033839792
1829	1e-23	0.0016905000084079802
1830	1e-23	0.0013458000030368567
1831	1e-23	0.0014085000148043036
1832	1e-23	0.001542300044093281
1833	1e-23	0.0016875999863259494
1834	1e-23	0.0013914000010117888
1835	1e-23	0.0018217000178992748
1836	1e-23	0.0013170999591238797
1837	1e-23	0.0021069999784231186
1838	1e-23	0.0016549000283703208
1839	1e-23	0.001739799976348877
1840	1e-23	0.0015376999508589506
1841	1e-23	0.001763800042681396
1842	1e-23	0.0020266000065021217
1843	1e-23	0.0014761000056751072
1844	1e-23	0.0017807999975048006
1845	1e-23	0.0015882000443525612
1846	1e-23	0.0014575999812223017
1847	1e-23	0.0013581000384874642
1848	1e-23	0.0015086000203154981
1849	1e-23	0.0019560999935492873
1850	1e-23	0.002102700003888458
1851	1e-23	0.0014767000102438033
1852	1e-23	0.0012935000122524798
1853	1e-23	0.0012188999680802226
1854	1e-23	0.0012176000163890421
1855	1e-23	0.0015131999971345067
1856	1e-23	0.0014322000206448138
1857	1e-23	0.0013824999914504588
1858	1e-23	0.0015431999927386642
1859	1e-23	0.0013627000153064728
1860	1e-23	0.001816999982111156
1861	1e-23	0.0015703000244684517
1862	1e-23	0.0015233000158332288
1863	1e-23	0.001338499947451055
1864	1e-23	0.001353900006506592
1865	1e-23	0.0013328000204637647
1866	1e-23	0.0016779000288806856
1867	1e-23	0.001248600019607693
1868	1e-23	0.001451500051189214
1869	1e-23	0.002006299968343228
1870	1e-23	0.0016703000292181969
1871	1e-23	0.001617999980226159
1872	1e-23	0.0016127999988384545
1873	1e-23	0.0019329999922774732
1874	1e-23	0.001790100010111928
1875	1e-23	0.002743199991527945
1876	1e-23	0.0016211000038310885
1877	1e-23	0.0017205000040121377
1878	1e-23	0.0015108000370673835
1879	1e-23	0.0014403000241145492
1880	1e-23	0.0014452000032179058
1881	1e-23	0.0013179000234231353
1882	1e-23	0.0014184999745339155
1883	1e-23	0.0012258000206202269
1884	1e-23	0.001112000027205795
1885	1e-23	0.0012313000042922795
1886	1e-23	0.0013445999938994646
1887	1e-23	0.0011875999625772238
1888	1e-23	0.0013689999468624592
1889	1e-23	0.0014883999829180539
1890	1e-23	0.0011662999750114977
1891	1e-23	0.0012051999801769853
1892	1e-23	0.0012101000174880028
1893	1e-23	0.001520699996035546
1894	1e-23	0.0012868000194430351
1895	1e-23	0.001582500000949949
1896	1e-23	0.001639900030568242
1897	1e-23	0.0014583999873138964
1898	1e-23	0.0013543000095523894
1899	1e-23	0.0016556000337004662
1900	1e-23	0.00191580003593117
1901	1e-23	0.001621800009161234
1902	1e-23	0.0013464000076055527
1903	1e-23	0.001541699981316924
1904	1e-23	0.001573899993672967
1905	1e-23	0.0018580000032670796
1906	1e-23	0.0012034000246785581
1907	1e-23	0.0015805999864824116
1908	1e-23	0.0025323000154457986
1909	1e-23	0.0019498999463394284
1910	1e-23	0.002121900033671409
1911	1e-23	0.0018985000206157565
1912	1e-23	0.0016527000116184354
1913	1e-23	0.001274899987038225
1914	1e-23	0.0012462000013329089
1915	1e-23	0.0013011000119149685
1916	1e-23	0.001310100022237748
1917	1e-23	0.002099699981044978
1918	1e-23	0.0014097000239416957
1919	1e-23	0.0020490000024437904
1920	1e-23	0.0014702000189572573
1921	1e-23	0.0013698999537155032
1922	1e-23	0.0014085000148043036
1923	1e-23	0.0013126000412739813
1924	1e-23	0.001227299973834306
1925	1e-23	0.0014268000377342105
1926	1e-23	0.0014523999998345971
1927	1e-23	0.0013732999796047807
1928	1e-23	0.0017459000227972865
1929	1e-23	0.0020185000030323863
1930	1e-23	0.0024154999991878867
1931	1e-23	0.002200899994932115
1932	1e-23	0.0017450000159442425
1933	1e-23	0.0016069000121206045
1934	1e-23	0.002181999967433512
1935	1e-23	0.001491999952122569
1936	1e-23	0.001636600005440414
1937	1e-23	0.0016161000239662826
1938	1e-23	0.001326099969446659
1939	1e-23	0.001386700023431331
1940	1e-23	0.004515199980232865
1941	1e-23	0.0017980000120587647
1942	1e-23	0.001602899981662631
1943	1e-23	0.0017541999695822597
1944	1e-23	0.001540500030387193
1945	1e-23	0.0016400999738834798
1946	1e-23	0.0012512999819591641
1947	1e-23	0.0012863000156357884
1948	1e-23	0.0016653999919071794
1949	1e-23	0.0016753000090830028
1950	1e-23	0.0013328000204637647
1951	1e-23	0.00178240000968799
1952	1e-23	0.0019136000191792846
1953	1e-23	0.0014628999633714557
1954	1e-23	0.0012651999713853002
1955	1e-23	0.001297700044233352
1956	1e-23	0.0014395999605767429
1957	1e-23	0.0013705999590456486
1958	1e-23	0.001242100028321147
1959	1e-23	0.001666199997998774
1960	1e-23	0.0013154000043869019
1961	1e-23	0.0012876000255346298
1962	1e-23	0.0015660999924875796
1963	1e-23	0.0015962999896146357
1964	1e-23	0.0015344999847002327
1965	1e-23	0.0015223999507725239
1966	1e-23	0.0012573999701999128
1967	1e-23	0.0014130000490695238
1968	1e-23	0.0012986999936401844
1969	1e-23	0.0023879000218585134
1970	1e-23	0.0012584999785758555
1971	1e-23	0.0013621000107377768
1972	1e-23	0.0016144000110216439
1973	1e-23	0.0016202999977394938
1974	1e-23	0.0014666999923065305
1975	1e-23	0.0016259999829344451
1976	1e-23	0.001596700050868094
1977	1e-23	0.001592799962963909
1978	1e-23	0.001275499991606921
1979	1e-23	0.0016273999935947359
1980	1e-23	0.002004200010560453
1981	1e-23	0.0016068000113591552
1982	1e-23	0.0019566999981179833
1983	1e-23	0.002043500018771738
1984	1e-23	0.0018494999967515469
1985	1e-23	0.0014144000015221536
1986	1e-23	0.0013450999977067113
1987	1e-23	0.0015351000474765897
1988	1e-23	0.001276399998459965
1989	1e-23	0.0015118999872356653
1990	1e-23	0.001442600041627884
1991	1e-23	0.0014111000346019864
1992	1e-23	0.0019370999652892351
1993	1e-23	0.001473400043323636
1994	1e-23	0.001408600015565753
1995	1e-23	0.0017592000076547265
1996	1e-23	0.0015632999711669981
1997	1e-23	0.0015385000151582062
1998	1e-23	0.0013472000136971474
1999	1e-23	0.0012469000066630542
2000	1e-23	0.0014389999560080469
2001	1e-23	0.0013714999658986926
2002	1e-23	0.001984099973924458
2003	1e-23	0.001769999973475933
2004	1e-23	0.002046800043899566
2005	1e-23	0.0016781000304035842
2006	1e-23	0.001337299996521324
2007	1e-23	0.0012703999527730048
2008	1e-23	0.001471000025048852
2009	1e-23	0.001358299981802702
2010	1e-23	0.0014247999642975628
2011	1e-23	0.0018270999426022172
2012	1e-23	0.001428099989425391
2013	1e-23	0.00162240001372993
2014	1e-23	0.0016894000000320375
2015	1e-23	0.0018635000451467931
2016	1e-23	0.0014809999847784638
2017	1e-23	0.0013943000230938196
2018	1e-23	0.0013507999829016626
2019	1e-23	0.0013903999933972955
2020	1e-23	0.0011787000112235546
2021	1e-23	0.0015362999984063208
2022	1e-23	0.0015858999686315656
2023	1e-23	0.001304799981880933
2024	1e-23	0.0014591999934054911
2025	1e-23	0.00122519995784387
2026	1e-23	0.0012736999779008329
2027	1e-23	0.001359199988655746
2028	1e-23	0.0012470000074245036
2029	1e-23	0.0012244000099599361
2030	1e-23	0.001686000032350421
2031	1e-23	0.0015536000137217343
2032	1e-23	0.0017659000004641712
2033	1e-23	0.001504999992903322
2034	1e-23	0.002544300048612058
2035	1e-23	0.0018826000159606338
2036	1e-23	0.0015575000434182584
2037	1e-23	0.0018613999709486961
2038	1e-23	0.0014638000284321606
2039	1e-23	0.0016972000012174249
2040	1e-23	0.0014477999648079276
2041	1e-23	0.0017587000038474798
2042	1e-23	0.0026962999836541712
2043	1e-23	0.0017485999851487577
2044	1e-23	0.0015618999605067074
2045	1e-23	0.0013552000164054334
2046	1e-23	0.001691299956291914
2047	1e-23	0.0012265999685041606
2048	1e-23	0.0017161999712698162
2049	1e-23	0.0017919999663718045
2050	1e-23	0.0014121000422164798
2051	1e-23	0.0017420999938622117
2052	1e-23	0.0015708000282756984
2053	1e-23	0.0016425999929197133
2054	1e-23	0.0015318000223487616
2055	1e-23	0.0014059999957680702
2056	1e-23	0.0020218000281602144
2057	1e-23	0.0018058999557979405
2058	1e-23	0.0016008000238798559
2059	1e-23	0.0013962999801151454
2060	1e-23	0.0011883999686688185
2061	1e-23	0.001222899998538196
2062	1e-23	0.0012752999900840223
2063	1e-23	0.001351499988231808
2064	1e-23	0.0014231999521143734
2065	1e-23	0.0014152000076137483
2066	1e-23	0.001414800004567951
2067	1e-23	0.001374300045426935
2068	1e-23	0.0015403000288642943
2069	1e-23	0.0018078999710269272
2070	1e-23	0.0018561999895609915
2071	1e-23	0.0013992000021971762
2072	1e-23	0.0018861000426113605
2073	1e-23	0.0021471999934874475
2074	1e-23	0.0021717000054195523
2075	1e-23	0.0014045999851077795
2076	1e-23	0.0013126999838277698
2077	1e-23	0.0015599000034853816
2078	1e-23	0.0019605999696068466
2079	1e-23	0.0015482999733649194
2080	1e-23	0.0014375000027939677
2081	1e-23	0.001584600016940385
2082	1e-23	0.0015259000356309116
2083	1e-23	0.0013749999925494194
2084	1e-23	0.0019589000148698688
2085	1e-23	0.0012393000070005655
2086	1e-23	0.0011790000135079026
2087	1e-23	0.0014942000270821154
2088	1e-23	0.001367799995932728
2089	1e-23	0.001325200020801276
2090	1e-23	0.0014765000087209046
2091	1e-23	0.001340300019364804
2092	1e-23	0.001381099980790168
2093	1e-23	0.0013549000141210854
2094	1e-23	0.005634900007862598
2095	1e-23	0.002334900025743991
2096	1e-23	0.002293400000780821
2097	1e-23	0.0017239999724552035
2098	1e-23	0.0013090999564155936
2099	1e-23	0.0013089000131003559
2100	1e-23	0.001607599959243089
2101	1e-23	0.0017331999843008816
2102	1e-23	0.001462700020056218
2103	1e-23	0.001770299975760281
2104	1e-23	0.0017470000311732292
2105	1e-23	0.0015042999875731766
2106	1e-23	0.0012488000211305916
2107	1e-23	0.0013110999716445804
2108	1e-23	0.0014125999878160655
2109	1e-23	0.0013009000103920698
2110	1e-23	0.0015981999458745122
2111	1e-23	0.0015067000058479607
2112	1e-23	0.0013518999912776053
2113	1e-23	0.0015324000269174576
2114	1e-23	0.001865199999883771
2115	1e-23	0.0014749999972991645
2116	1e-23	0.0014706000220030546
2117	1e-23	0.0013694000081159174
2118	1e-23	0.0019830999663099647
2119	1e-23	0.0013535000034607947
2120	1e-23	0.0012339000240899622
2121	1e-23	0.0015377000090666115
2122	1e-23	0.0013775000115856528
2123	1e-23	0.0012144999927841127
2124	1e-23	0.0021516000269912183
2125	1e-23	0.0017860999796539545
2126	1e-23	0.0017078000237233937
2127	1e-23	0.0014619999565184116
2128	1e-23	0.0014406000263988972
2129	1e-23	0.001583700010087341
2130	1e-23	0.0014239000156521797
2131	1e-23	0.0017333000432699919
2132	1e-23	0.0020099999965168536
2133	1e-23	0.0013845000066794455
2134	1e-23	0.0015302000101655722
2135	1e-23	0.0013955000322312117
2136	1e-23	0.0017231000238098204
2137	1e-23	0.0014284000499173999
2138	1e-23	0.0012877999688498676
2139	1e-23	0.0016558000352233648
2140	1e-23	0.0018182999920099974
2141	1e-23	0.002168699982576072
2142	1e-23	0.002812399994581938
2143	1e-23	0.0023039999650791287
2144	1e-23	0.0016021000337786973
2145	1e-23	0.0015426999889314175
2146	1e-23	0.0015487999771721661
2147	1e-23	0.0015038999845273793
2148	1e-23	0.0016830000095069408
2149	1e-23	0.0013708000187762082
2150	1e-23	0.001768200017977506
2151	1e-23	0.0014506999868899584
2152	1e-23	0.0016650999896228313
2153	1e-23	0.0017242999747395515
2154	1e-23	0.001583100005518645
2155	1e-23	0.0019860999891534448
2156	1e-23	0.0013340999721549451
2157	1e-23	0.001375499996356666
2158	1e-23	0.0016513000009581447
2159	1e-23	0.0012033999664708972
2160	1e-23	0.0016463999636471272
2161	1e-23	0.0013509999844245613
2162	1e-23	0.0013700000126846135
2163	1e-23	0.0018140000174753368
2164	1e-23	0.001423100009560585
2165	1e-23	0.001373699982650578
2166	1e-23	0.001639600028283894
2167	1e-23	0.0012849000049754977
2168	1e-23	0.0014418999780900776
2169	1e-23	0.0013238000101409853
2170	1e-23	0.0013176999636925757
2171	1e-23	0.0014352999860420823
2172	1e-23	0.0013097000191919506
2173	1e-23	0.0012715999619103968
2174	1e-23	0.0027203999925404787
2175	1e-23	0.0021634000004269183
2176	1e-23	0.001422500004991889
2177	1e-23	0.0014651999808847904
2178	1e-23	0.0015089000225998461
2179	1e-23	0.0016544999671168625
2180	1e-23	0.0015171000268310308
2181	1e-23	0.00285499996971339
2182	1e-23	0.001276700000744313
2183	1e-23	0.0014739999896846712
2184	1e-23	0.0013281000428833067
2185	1e-23	0.0013264999724924564
2186	1e-23	0.0014114000368863344
2187	1e-23	0.0012620000052265823
2188	1e-23	0.0015347000444307923
2189	1e-23	0.0017330999835394323
2190	1e-23	0.0014817999908700585
2191	1e-23	0.0017417999915778637
2192	1e-23	0.0014424999826587737
2193	1e-23	0.0016279999981634319
2194	1e-23	0.0013522999943234026
2195	1e-23	0.0013471999554894865
2196	1e-23	0.0014714000280946493
2197	1e-23	0.0014906999422237277
2198	1e-23	0.0013524999958463013
2199	1e-23	0.0016676000086590648
2200	1e-23	0.0014502000412903726
2201	1e-23	0.0013374999980442226
2202	1e-23	0.0012668000417761505
2203	1e-23	0.00152160000288859
2204	1e-23	0.0012511999811977148
2205	1e-23	0.0018006000318564475
2206	1e-23	0.0014902999973855913
2207	1e-23	0.001922599971294403
2208	1e-23	0.00162390002515167
2209	1e-23	0.001338200003374368
2210	1e-23	0.001436099992133677
2211	1e-23	0.0012645000242628157
2212	1e-23	0.0013303000014275312
2213	1e-23	0.001485500019043684
2214	1e-23	0.002160699979867786
2215	1e-23	0.0017284000059589744
2216	1e-23	0.0013900999911129475
2217	1e-23	0.001255400013178587
2218	1e-23	0.0014771000132896006
2219	1e-23	0.001416300015989691
2220	1e-23	0.0014683000044897199
2221	1e-23	0.0024643000215291977
2222	1e-23	0.001539900025818497
2223	1e-23	0.0014538000104948878
2224	1e-23	0.0015144000062718987
2225	1e-23	0.0020591000211425126
2226	1e-23	0.001464799977838993
2227	1e-23	0.0013005000073462725
2228	1e-23	0.00161500001559034
2229	1e-23	0.0014125000452622771
2230	1e-23	0.0013325000181794167
2231	1e-23	0.001577800023369491
2232	1e-23	0.0015472000231966376
2233	1e-23	0.0015157000161707401
2234	1e-23	0.0014571999781765044
2235	1e-23	0.0016386999632231891
2236	1e-23	0.0020061000250279903
2237	1e-23	0.0014073999482207
2238	1e-23	0.0013550000148825347
2239	1e-23	0.0014952999772503972
2240	1e-23	0.0013593999901786447
2241	1e-23	0.001544299942906946
2242	1e-23	0.0013910999987274408
2243	1e-23	0.0017110000480897725
2244	1e-23	0.0015103999758139253
2245	1e-23	0.0018814000068232417
2246	1e-23	0.001538999960757792
2247	1e-23	0.0012975999852642417
2248	1e-23	0.001570400025229901
2249	1e-23	0.0017894000047817826
2250	1e-23	0.0012854999513365328
2251	1e-23	0.0019783999887295067
2252	1e-23	0.0014956000377424061
2253	1e-23	0.0014126999885775149
2254	1e-23	0.0018073999672196805
2255	1e-23	0.0016343999886885285
2256	1e-23	0.0014452000032179058
2257	1e-23	0.0017025999841280282
2258	1e-23	0.0016145999543368816
2259	1e-23	0.001520100049674511
2260	1e-23	0.0013963999808765948
2261	1e-23	0.0013448999961838126
2262	1e-23	0.0013510000426322222
2263	1e-23	0.0012170000118203461
2264	1e-23	0.0011888999724760652
2265	1e-23	0.0018623999785631895
2266	1e-23	0.001478999969549477
2267	1e-23	0.0016811999958008528
2268	1e-23	0.0014449000009335577
2269	1e-23	0.0012193000293336809
2270	1e-23	0.0014366000541485846
2271	1e-23	0.003018599993083626
2272	1e-23	0.002840000030118972
2273	1e-23	0.0012796999653801322
2274	1e-23	0.0015417999820783734
2275	1e-23	0.0014928000164218247
2276	1e-23	0.0014868000289425254
2277	1e-23	0.0014818999916315079
2278	1e-23	0.0010608999873511493
2279	1e-23	0.0014047999866306782
2280	1e-23	0.0013174000196158886
2281	1e-23	0.001184399996418506
2282	1e-23	0.0013505000388249755
2283	1e-23	0.001823199971113354
2284	1e-23	0.0014745999942533672
2285	1e-23	0.0013670999906025827
2286	1e-23	0.0015830000047571957
2287	1e-23	0.0013601999962702394
2288	1e-23	0.002279800013639033
2289	1e-23	0.0017786999815143645
2290	1e-23	0.0022360000293701887
2291	1e-23	0.0014660999877378345
2292	1e-23	0.0018115999992005527
2293	1e-23	0.0016476000309921801
2294	1e-23	0.0014554000226780772
2295	1e-23	0.0013552000164054334
2296	1e-23	0.0019314999808557332
2297	1e-23	0.001976699975784868
2298	1e-23	0.0016258999821729958
2299	1e-23	0.001450000039767474
2300	1e-23	0.0013966000406071544
2301	1e-23	0.0012855000095441937
2302	1e-23	0.001430800009984523
2303	1e-23	0.0017599000129848719
2304	1e-23	0.0015294000040739775
2305	1e-23	0.0014958000392653048
2306	1e-23	0.0015730000450275838
2307	1e-23	0.001584300014656037
2308	1e-23	0.00153489998774603
2309	1e-23	0.0015691000153310597
2310	1e-23	0.0015053999959491193
2311	1e-23	0.0019749999628402293
2312	1e-23	0.0015782999689690769
2313	1e-23	0.0012799999676644802
2314	1e-23	0.0015478000277653337
2315	1e-23	0.0014040999813005328
2316	1e-23	0.0013927999534644186
2317	1e-23	0.0012682999949902296
2318	1e-23	0.0012109000235795975
2319	1e-23	0.0014467000146396458
2320	1e-23	0.0012599999899975955
2321	1e-23	0.0011971999774686992
2322	1e-23	0.0011888999724760652
2323	1e-23	0.0013091000146232545
2324	1e-23	0.0014865999692119658
2325	1e-23	0.0014039999805390835
2326	1e-23	0.0012297999928705394
2327	1e-23	0.0016552000306546688
2328	1e-23	0.0015169000253081322
2329	1e-23	0.001497299992479384
2330	1e-23	0.0017306000227108598
2331	1e-23	0.0011932000052183867
2332	1e-23	0.0015610999544151127
2333	1e-23	0.0015250000287778676
2334	1e-23	0.003058500005863607
2335	1e-23	0.0016962999943643808
2336	1e-23	0.0013946000253781676
2337	1e-23	0.0014427000423893332
2338	1e-23	0.0013974999892525375
2339	1e-23	0.002292499993927777
2340	1e-23	0.0013992000021971762
2341	1e-23	0.0012531999964267015
2342	1e-23	0.0013423000345937908
2343	1e-23	0.0013179000234231353
2344	1e-23	0.001166399975772947
2345	1e-23	0.001371599966660142
2346	1e-23	0.0013568000285886228
2347	1e-23	0.001285900012589991
2348	1e-23	0.0013725000317208469
2349	1e-23	0.0015588999958708882
2350	1e-23	0.0014226000057533383
2351	1e-23	0.0013666999875567853
2352	1e-23	0.0012185000232420862
2353	1e-23	0.001292100001592189
2354	1e-23	0.001755799981765449
2355	1e-23	0.0014872999745421112
2356	1e-23	0.0016208000015467405
2357	1e-23	0.0024606999941170216
2358	1e-23	0.004152700013946742
2359	1e-23	0.0016746000037528574
2360	1e-23	0.0015460000140592456
2361	1e-23	0.0014301000046543777
2362	1e-23	0.002102099999319762
2363	1e-23	0.0015089999651536345
2364	1e-23	0.0014916000072844326
2365	1e-23	0.0014445999986492097
2366	1e-23	0.001224599953275174
2367	1e-23	0.0015984000056050718
2368	1e-23	0.0016340999864041805
2369	1e-23	0.0014307000092230737
2370	1e-23	0.0013696000096388161
2371	1e-23	0.0013028000248596072
2372	1e-23	0.0016098000342026353
2373	1e-23	0.0019304000306874514
2374	1e-23	0.0015666999970562756
2375	1e-23	0.0015579999890178442
2376	1e-23	0.0014470000169239938
2377	1e-23	0.0013762000016868114
2378	1e-23	0.001466000045184046
2379	1e-23	0.001415999955497682
2380	1e-23	0.0013831999967806041
2381	1e-23	0.001275199989322573
2382	1e-23	0.0015527000068686903
2383	1e-23	0.0014384000096470118
2384	1e-23	0.0014711999683640897
2385	1e-23	0.0012012000079266727
2386	1e-23	0.0012583000352606177
2387	1e-23	0.0014113999786786735
2388	1e-23	0.0012194999726489186
2389	1e-23	0.0013060999917797744
2390	1e-23	0.0015575999859720469
2391	1e-23	0.0015925000188872218
2392	1e-23	0.0016525000100955367
2393	1e-23	0.0025377999991178513
2394	1e-23	0.001631599967367947
2395	1e-23	0.001399400003720075
2396	1e-23	0.001516499964054674
2397	1e-23	0.0013417999725788832
2398	1e-23	0.001388499978929758
2399	1e-23	0.00149049999890849
2400	1e-23	0.0013390000094659626
2401	1e-23	0.0012402000138536096
2402	1e-23	0.001319899980444461
2403	1e-23	0.0013365999911911786
2404	1e-23	0.0015163000207394361
2405	1e-23	0.0014221000019460917
2406	1e-23	0.0011628000065684319
2407	1e-23	0.0012042000307701528
2408	1e-23	0.001173199969343841
2409	1e-23	0.0019079999765381217
2410	1e-23	0.0012730000307783484
2411	1e-23	0.00161800003843382
2412	1e-23	0.001289699983317405
2413	1e-23	0.0013111000298522413
2414	1e-23	0.0017069000168703496
2415	1e-23	0.0016482000355608761
2416	1e-23	0.0014759000041522086
2417	1e-23	0.0016795999836176634
2418	1e-23	0.0017983999568969011
2419	1e-23	0.001253599999472499
2420	1e-23	0.0010963999666273594
2421	1e-23	0.0011851000017486513
2422	1e-23	0.0014854000182822347
2423	1e-23	0.0013837000005878508
2424	1e-23	0.0017468000296503305
2425	1e-23	0.0014029999729245901
2426	1e-23	0.001234999974258244
2427	1e-23	0.0012012000079266727
2428	1e-23	0.0014595999964512885
2429	1e-23	0.0014164000167511404
2430	1e-23	0.0012901999871246517
2431	1e-23	0.0015066000050865114
2432	1e-23	0.0013830999960191548
2433	1e-23	0.001340300019364804
2434	1e-23	0.0012526999926194549
2435	1e-23	0.00132460001623258
2436	1e-23	0.0012621000059880316
2437	1e-23	0.0015684000100009143
2438	1e-23	0.001261299999896437
2439	1e-23	0.0013889000401832163
2440	1e-23	0.0016728999908082187
2441	1e-23	0.0017137000104412436
2442	1e-23	0.0015817999956198037
2443	1e-23	0.001441099971998483
2444	1e-23	0.0014727000379934907
2445	1e-23	0.002142900018952787
2446	1e-23	0.001319000031799078
2447	1e-23	0.0017719999887049198
2448	1e-23	0.0014883000403642654
2449	1e-23	0.001284099998883903
2450	1e-23	0.0012972999829798937
2451	1e-23	0.00135420000879094
2452	1e-23	0.0015604000072926283
2453	1e-23	0.0014930000179447234
2454	1e-23	0.0012066999915987253
2455	1e-23	0.0012462000013329089
2456	1e-23	0.001679200038779527
2457	1e-23	0.0012106000212952495
2458	1e-23	0.0012750999885611236
2459	1e-23	0.0013805999769829214
2460	1e-23	0.0012203000369481742
2461	1e-23	0.0013928000116720796
2462	1e-23	0.001485500019043684
2463	1e-23	0.0013797000283375382
2464	1e-23	0.001331700012087822
2465	1e-23	0.0014022999675944448
2466	1e-23	0.0018291999585926533
2467	1e-23	0.001720899948850274
2468	1e-23	0.0013058999902568758
2469	1e-23	0.001317199959885329
2470	1e-23	0.0014639999717473984
2471	1e-23	0.0012442999868653715
2472	1e-23	0.0014606000040657818
2473	1e-23	0.0018853999790735543
2474	1e-23	0.001345900003798306
2475	1e-23	0.0015005999593995512
2476	1e-23	0.0018916999688372016
2477	1e-23	0.0012833000509999692
2478	1e-23	0.0012164999498054385
2479	1e-23	0.00119420001283288
2480	1e-23	0.0012253000168129802
2481	1e-23	0.0014389999560080469
2482	1e-23	0.0012395000085234642
2483	1e-23	0.001228799985256046
2484	1e-23	0.001580099982675165
2485	1e-23	0.0013203999842517078
2486	1e-23	0.0012309000012464821
2487	1e-23	0.001515100011602044
2488	1e-23	0.0012413000222295523
2489	1e-23	0.0016574999899603426
2490	1e-23	0.0012673999881371856
2491	1e-23	0.001268399995751679
2492	1e-23	0.0012274999753572047
2493	1e-23	0.0012942000175826252
2494	1e-23	0.0013147999998182058
2495	1e-23	0.0013451999984681606
2496	1e-23	0.001399099943228066
2497	1e-23	0.001185900007840246
2498	1e-23	0.0015598000027239323
2499	1e-23	0.001363899966236204
2500	1e-23	0.001228499982971698
2501	1e-23	0.0011089000036008656
2502	1e-23	0.0015679000061936677
2503	1e-23	0.0013295999960973859
2504	1e-23	0.0014461000100709498
2505	1e-23	0.0012224999954923987
2506	1e-23	0.0011378999915905297
2507	1e-23	0.0019084999803453684
2508	1e-23	0.001586899976246059
2509	1e-23	0.0015581999905407429
2510	1e-23	0.0013564000255428255
2511	1e-23	0.001302699965890497
2512	1e-23	0.0013943000230938196
2513	1e-23	0.001262500009033829
2514	1e-23	0.0011912999907508492
2515	1e-23	0.0012070999946445227
2516	1e-23	0.0013720000279136002
2517	1e-23	0.0012834000517614186
2518	1e-23	0.0012297999928705394
2519	1e-23	0.0012292999890632927
2520	1e-23	0.0015620000194758177
2521	1e-23	0.0015309000154957175
2522	1e-23	0.0014391000149771571
2523	1e-23	0.0014566000318154693
2524	1e-23	0.0015817999956198037
2525	1e-23	0.0020828000269830227
2526	1e-23	0.0014244000194594264
2527	1e-23	0.001809899986255914
2528	1e-23	0.0017728999955579638
2529	1e-23	0.0031394999823533
2530	1e-23	0.001845699967816472
2531	1e-23	0.001900100032798946
2532	1e-23	0.0011528999893926084
2533	1e-23	0.001120300032198429
2534	1e-23	0.0014425000408664346
2535	1e-23	0.0011740999761968851
2536	1e-23	0.0011607999913394451
2537	1e-23	0.0015235000173561275
2538	1e-23	0.0013593999901786447
2539	1e-23	0.0012270999723114073
2540	1e-23	0.00148760003503412
2541	1e-23	0.0013701999559998512
2542	1e-23	0.00166529999114573
2543	1e-23	0.0016614000196568668
2544	1e-23	0.0013082000077702105
2545	1e-23	0.0016811999958008528
2546	1e-23	0.0014227000065147877
2547	1e-23	0.0013785000192001462
2548	1e-23	0.0014334000297822058
2549	1e-23	0.0015634000301361084
2550	1e-23	0.0011138999834656715
2551	1e-23	0.0015787000302225351
2552	1e-23	0.0013432999840006232
2553	1e-23	0.0019035000004805624
2554	1e-23	0.0015916000120341778
2555	1e-23	0.002485699951648712
2556	1e-23	0.0019502000068314373
2557	1e-23	0.0016951999859884381
2558	1e-23	0.001560299948323518
2559	1e-23	0.0013968999846838415
2560	1e-23	0.0014251999673433602
2561	1e-23	0.0014631000231020153
2562	1e-23	0.0013017000164836645
2563	1e-23	0.0014993000077083707
2564	1e-23	0.001271400018595159
2565	1e-23	0.0014352999860420823
2566	1e-23	0.0016551000298932195
2567	1e-23	0.0014538000104948878
2568	1e-23	0.0016021999763324857
2569	1e-23	0.0013917000032961369
2570	1e-23	0.0014025000273250043
2571	1e-23	0.0011743999784812331
2572	1e-23	0.0014671999961137772
2573	1e-23	0.0012526999926194549
2574	1e-23	0.0012576999724842608
2575	1e-23	0.0016710999771021307
2576	1e-23	0.0014276000438258052
2577	1e-23	0.001341500028502196
2578	1e-23	0.0015107999788597226
2579	1e-23	0.0012957999715581536
2580	1e-23	0.0013138999929651618
2581	1e-23	0.001725599984638393
2582	1e-23	0.0018433999503031373
2583	1e-23	0.001566799997817725
2584	1e-23	0.001954500039573759
2585	1e-23	0.0018119000014849007
2586	1e-23	0.0017297999584116042
2587	1e-23	0.0015180999762378633
2588	1e-23	0.0014276000438258052
2589	1e-23	0.0011470000026747584
2590	1e-23	0.001502599974628538
2591	1e-23	0.001273999980185181
2592	1e-23	0.0012082000030204654
2593	1e-23	0.0012586999800987542
2594	1e-23	0.0012509000371210277
2595	1e-23	0.00120749999769032
2596	1e-23	0.00138819997664541
2597	1e-23	0.0014034999767318368
2598	1e-23	0.001235300034750253
2599	1e-23	0.0015396999660879374
2600	1e-23	0.001874100009445101
2601	1e-23	0.001304799981880933
2602	1e-23	0.0014144000015221536
2603	1e-23	0.0014263999764807522
2604	1e-23	0.00121640000725165
2605	1e-23	0.0014547999599017203
2606	1e-23	0.0012353999773040414
2607	1e-23	0.001345900003798306
2608	1e-23	0.0012454999960027635
2609	1e-23	0.0014056000509299338
2610	1e-23	0.0015442000003531575
2611	1e-23	0.0013247999595478177
2612	1e-23	0.0011844999971799552
2613	1e-23	0.0012786000152118504
2614	1e-23	0.0015035000396892428
2615	1e-23	0.0014455000055022538
2616	1e-23	0.0013129000435583293
2617	1e-23	0.0015555999707430601
2618	1e-23	0.001525400031823665
2619	1e-23	0.0013553000171668828
2620	1e-23	0.0013475999585352838
2621	1e-23	0.001303300028666854
2622	1e-23	0.0014250000240281224
2623	1e-23	0.0013847000082023442
2624	1e-23	0.0012387000024318695
2625	1e-23	0.0013920000055804849
2626	1e-23	0.0015238000196404755
2627	1e-23	0.0013809000374749303
2628	1e-23	0.0012049999786540866
2629	1e-23	0.0014356999890878797
2630	1e-23	0.0012055999832227826
2631	1e-23	0.0016930000274442136
2632	1e-23	0.0022523999796248972
2633	1e-23	0.0015364999999292195
2634	1e-23	0.0016110999858938158
2635	1e-23	0.0013262999709695578
2636	1e-23	0.0015464999596588314
2637	1e-23	0.0014614000101573765
2638	1e-23	0.0016142000094987452
2639	1e-23	0.0014995000092312694
2640	1e-23	0.0015309000154957175
2641	1e-23	0.002159799973014742
2642	1e-23	0.0016212000045925379
2643	1e-23	0.001534900045953691
2644	1e-23	0.001798400015104562
2645	1e-23	0.0016038999892771244
2646	1e-23	0.0016291000065393746
2647	1e-23	0.0017271999968215823
2648	1e-23	0.002231599995866418
2649	1e-23	0.001757299993187189
2650	1e-23	0.001950099947862327
2651	1e-23	0.00159580004401505
2652	1e-23	0.001513900002464652
2653	1e-23	0.0015928000211715698
2654	1e-23	0.0012648999691009521
2655	1e-23	0.0013338999706320465
2656	1e-23	0.0012839999981224537
2657	1e-23	0.001347100012935698
2658	1e-23	0.0013503999798558652
2659	1e-23	0.001714100013487041
2660	1e-23	0.0014100000262260437
2661	1e-23	0.0018238999764434993
2662	1e-23	0.0014324999647215009
2663	1e-23	0.0014965999871492386
2664	1e-23	0.001541999983601272
2665	1e-23	0.001418100029695779
2666	1e-23	0.0016580999945290387
2667	1e-23	0.001622999960090965
2668	1e-23	0.0013354999828152359
2669	1e-23	0.0022464999929070473
2670	1e-23	0.0015133999986574054
2671	1e-23	0.001585699967108667
2672	1e-23	0.0016277999966405332
2673	1e-23	0.0013763000024482608
2674	1e-23	0.0014111000346019864
2675	1e-23	0.0013315000105649233
2676	1e-23	0.001257500029169023
2677	1e-23	0.0012948999647051096
2678	1e-23	0.0014515999937430024
2679	1e-23	0.001934999949298799
2680	1e-23	0.0019335000542923808
2681	1e-23	0.0015319999656639993
2682	1e-23	0.001421599998138845
2683	1e-23	0.0014510000473819673
2684	1e-23	0.0014572999789379537
2685	1e-23	0.0012772000045515597
2686	1e-23	0.0012662999797612429
2687	1e-23	0.0017890000017359853
2688	1e-23	0.0020549999899230897
2689	1e-23	0.0020824000239372253
2690	1e-23	0.0012890000361949205
2691	1e-23	0.0017684000195004046
2692	1e-23	0.0017082999693229795
2693	1e-23	0.0016733999946154654
2694	1e-23	0.0018866999889723957
2695	1e-23	0.0014668000512756407
2696	1e-23	0.0012656999751925468
2697	1e-23	0.0014614000101573765
2698	1e-23	0.001449099974706769
2699	1e-23	0.00151119998190552
2700	1e-23	0.0015346999862231314
2701	1e-23	0.0014953000354580581
2702	1e-23	0.0019989999709650874
2703	1e-23	0.0015537000144831836
2704	1e-23	0.0025868999655358493
2705	1e-23	0.0014143000007607043
2706	1e-23	0.0018862000433728099
2707	1e-23	0.0017063000123016536
2708	1e-23	0.0013218000531196594
2709	1e-23	0.0016497999895364046
2710	1e-23	0.001843900012318045
2711	1e-23	0.0017708000377751887
2712	1e-23	0.0015158000169321895
2713	1e-23	0.001449699979275465
2714	1e-23	0.0018869000487029552
2715	1e-23	0.00160320004215464
2716	1e-23	0.0016137000056914985
2717	1e-23	0.0015070999506860971
2718	1e-23	0.0015047999913804233
2719	1e-23	0.0021172999986447394
2720	1e-23	0.0014094000216573477
2721	1e-23	0.0021754999761469662
2722	1e-23	0.00208320003002882
2723	1e-23	0.0015799999819137156
2724	1e-23	0.0021277000196278095
2725	1e-23	0.0016279999981634319
2726	1e-23	0.001845099963247776
2727	1e-23	0.0014297000016085804
2728	1e-23	0.0014567000325769186
2729	1e-23	0.0015100999735295773
2730	1e-23	0.0016057000029832125
2731	1e-23	0.0016552000306546688
2732	1e-23	0.0012509000371210277
2733	1e-23	0.0015431999927386642
2734	1e-23	0.0018247999832965434
2735	1e-23	0.0017937000375241041
2736	1e-23	0.0016536000184714794
2737	1e-23	0.001735099998768419
2738	1e-23	0.0014321000198833644
2739	1e-23	0.001359499990940094
2740	1e-23	0.002222799987066537
2741	1e-23	0.0015851000207476318
2742	1e-23	0.0018718999926932156
2743	1e-23	0.0017624999745748937
2744	1e-23	0.00197049998678267
2745	1e-23	0.002085199987050146
2746	1e-23	0.0015887999907135963
2747	1e-23	0.001386400021146983
2748	1e-23	0.001676799962297082
2749	1e-23	0.0018047000048682094
2750	1e-23	0.001812300004530698
2751	1e-23	0.0015640999772585928
2752	1e-23	0.002076299977488816
2753	1e-23	0.0013741999864578247
2754	1e-23	0.0022004999918863177
2755	1e-23	0.0015846999594941735
2756	1e-23	0.002006600028835237
2757	1e-23	0.0015970999957062304
2758	1e-23	0.0015041000442579389
2759	1e-23	0.0019128000130876899
2760	1e-23	0.0018707000417634845
2761	1e-23	0.0015712999738752842
2762	1e-23	0.0014377000043168664
2763	1e-23	0.0013821999891661108
2764	1e-23	0.0016104999813251197
2765	1e-23	0.0013208999880589545
2766	1e-23	0.0014993000077083707
2767	1e-23	0.0017390999710187316
2768	1e-23	0.001956599997356534
2769	1e-23	0.0014823999954387546
2770	1e-23	0.0013934000162407756
2771	1e-23	0.0016473999712616205
2772	1e-23	0.002041200001258403
2773	1e-23	0.0014692999538965523
2774	1e-23	0.0015659999917261302
2775	1e-23	0.0015028000343590975
2776	1e-23	0.0016548999701626599
2777	1e-23	0.0019332000520080328
2778	1e-23	0.0016476999735459685
2779	1e-23	0.0012734999763779342
2780	1e-23	0.0014569999766536057
2781	1e-23	0.0013889000401832163
2782	1e-23	0.0013259999686852098
2783	1e-23	0.0016489000408910215
2784	1e-23	0.001649899990297854
2785	1e-23	0.0016054000006988645
2786	1e-23	0.0017290000105276704
2787	1e-23	0.0015157000161707401
2788	1e-23	0.0018923000316135585
2789	1e-23	0.00255129998549819
2790	1e-23	0.0016170000308193266
2791	1e-23	0.0014114000368863344
2792	1e-23	0.0015076000127010047
2793	1e-23	0.001489299989771098
2794	1e-23	0.0017719000461511314
2795	1e-23	0.0015591999981552362
2796	1e-23	0.001721200009342283
2797	1e-23	0.0019653000053949654
2798	1e-23	0.0014241000171750784
2799	1e-23	0.0013979999930597842
2800	1e-23	0.0013578999787569046
2801	1e-23	0.0013209999888204038
2802	1e-23	0.0012697000056505203
2803	1e-23	0.0015915999538265169
2804	1e-23	0.0012676000478677452
2805	1e-23	0.0015663999947719276
2806	1e-23	0.0013692000065930188
2807	1e-23	0.0014506999868899584
2808	1e-23	0.0015211999998427927
2809	1e-23	0.0019845000351779163
2810	1e-23	0.0018637999892234802
2811	1e-23	0.0015347999869845808
2812	1e-23	0.0012181000201962888
2813	1e-23	0.0017310000257566571
2814	1e-23	0.0017593999509699643
2815	1e-23	0.0018339999951422215
2816	1e-23	0.0014599999994970858
2817	1e-23	0.0015149999526329339
2818	1e-23	0.0013595999917015433
2819	1e-23	0.0018339999951422215
2820	1e-23	0.001702900044620037
2821	1e-23	0.001380199973937124
2822	1e-23	0.001588999992236495
2823	1e-23	0.001482499996200204
2824	1e-23	0.0017186999903060496
2825	1e-23	0.0014492999762296677
2826	1e-23	0.0013990000006742775
2827	1e-23	0.0014451000024564564
2828	1e-23	0.0015659999917261302
2829	1e-23	0.001292400003876537
2830	1e-23	0.0015192999853752553
2831	1e-23	0.0016929000266827643
2832	1e-23	0.00133500003721565
2833	1e-23	0.0013562000240199268
2834	1e-23	0.0017570999916642904
2835	1e-23	0.0014940999681130052
2836	1e-23	0.0016973000019788742
2837	1e-23	0.0012334000202827156
2838	1e-23	0.001358899986371398
2839	1e-23	0.0015013000229373574
2840	1e-23	0.0014518999960273504
2841	1e-23	0.001469200011342764
2842	1e-23	0.0015595000004395843
2843	1e-23	0.001436699996702373
2844	1e-23	0.0016879999893717468
2845	1e-23	0.0014623000170104206
2846	1e-23	0.0014536000089719892
2847	1e-23	0.0017832000157795846
2848	1e-23	0.0015573999844491482
2849	1e-23	0.0016278999974019825
2850	1e-23	0.0012963000335730612
2851	1e-23	0.0015014999662525952
2852	1e-23	0.0020471999887377024
2853	1e-23	0.0012886999757029116
2854	1e-23	0.0013908999972045422
2855	1e-23	0.0014640999725088477
2856	1e-23	0.0013285999884828925
2857	1e-23	0.0013913000002503395
2858	1e-23	0.0013546000118367374
2859	1e-23	0.0018068000208586454
2860	1e-23	0.001574499998241663
2861	1e-23	0.001380499976221472
2862	1e-23	0.0014010000159032643
2863	1e-23	0.0015628999681212008
2864	1e-23	0.0014497999800369143
2865	1e-23	0.0014417000347748399
2866	1e-23	0.0014128999901004136
2867	1e-23	0.0012813000357709825
2868	1e-23	0.0017161000287160277
2869	1e-23	0.001426899980287999
2870	1e-23	0.0012620000052265823
2871	1e-23	0.0014036999782547355
2872	1e-23	0.0013060999917797744
2873	1e-23	0.0013186000287532806
2874	1e-23	0.0016712999786250293
2875	1e-23	0.0016499999910593033
2876	1e-23	0.0016599000082351267
2877	1e-23	0.0014481000252999365
2878	1e-23	0.001527199987322092
2879	1e-23	0.001346500008367002
2880	1e-23	0.0016167000285349786
2881	1e-23	0.0013649999746121466
2882	1e-23	0.001611200044862926
2883	1e-23	0.0012783999554812908
2884	1e-23	0.0013903999933972955
2885	1e-23	0.002013100020121783
2886	1e-23	0.0015662999940104783
2887	1e-23	0.001597599999513477
2888	1e-23	0.0014145999448373914
2889	1e-23	0.0015279999934136868
2890	1e-23	0.001581599994096905
2891	1e-23	0.0014386000111699104
2892	1e-23	0.0014492000336758792
2893	1e-23	0.0013837000005878508
2894	1e-23	0.0015397000242955983
2895	1e-23	0.002186700003221631
2896	1e-23	0.001998300023842603
2897	1e-23	0.0013029000256210566
2898	1e-23	0.0013809999800287187
2899	1e-23	0.0015128999948501587
2900	1e-23	0.0015988000086508691
2901	1e-23	0.002109199995175004
2902	1e-23	0.0017780999769456685
2903	1e-23	0.0014400000218302011
2904	1e-23	0.0014957000385038555
2905	1e-23	0.0022418000153265893
2906	1e-23	0.0013714999658986926
2907	1e-23	0.001318399969022721
2908	1e-23	0.0013191999751143157
2909	1e-23	0.0012740999809466302
2910	1e-23	0.0012644999660551548
2911	1e-23	0.0014236000133678317
2912	1e-23	0.0013019999605603516
2913	1e-23	0.001313099986873567
2914	1e-23	0.001513900002464652
2915	1e-23	0.001545799954328686
2916	1e-23	0.0012457999982871115
2917	1e-23	0.0014396000187844038
2918	1e-23	0.0019184999982826412
2919	1e-23	0.002125500002875924
2920	1e-23	0.0012397000100463629
2921	1e-23	0.0015228999545797706
2922	1e-23	0.0012215999886393547
2923	1e-23	0.0017359000048600137
2924	1e-23	0.001450599986128509
2925	1e-23	0.0012331000179983675
2926	1e-23	0.001394400023855269
2927	1e-23	0.0016968999989330769
2928	1e-23	0.0014165000175125897
2929	1e-23	0.0014318000175990164
2930	1e-23	0.0015499000437557697
2931	1e-23	0.0013805999769829214
2932	1e-23	0.0016820000018924475
2933	1e-23	0.0015637999749742448
2934	1e-23	0.002082599967252463
2935	1e-23	0.0016277999966405332
2936	1e-23	0.0014122999855317175
2937	1e-23	0.0015930000226944685
2938	1e-23	0.0012925000046379864
2939	1e-23	0.0012942000175826252
2940	1e-23	0.0013009000103920698
2941	1e-23	0.0014121999847702682
2942	1e-23	0.0019317999831400812
2943	1e-23	0.001550000044517219
2944	1e-23	0.0012244999525137246
2945	1e-23	0.0014322000206448138
2946	1e-23	0.0015305000124499202
2947	1e-23	0.0015924000181257725
2948	1e-23	0.0013739000423811376
2949	1e-23	0.0016883999924175441
2950	1e-23	0.001229099987540394
2951	1e-23	0.001436399994418025
2952	1e-23	0.0012576999724842608
2953	1e-23	0.0018134000129066408
2954	1e-23	0.0015665999962948263
2955	1e-23	0.001589599996805191
2956	1e-23	0.001691300014499575
2957	1e-23	0.005639099981635809
2958	1e-23	0.0015580999897792935
2959	1e-23	0.0014597999979741871
2960	1e-23	0.0016918000183068216
2961	1e-23	0.0015687999548390508
2962	1e-23	0.0012557999580167234
2963	1e-23	0.0016851999680511653
2964	1e-23	0.001395900035277009
2965	1e-23	0.0014872999745421112
2966	1e-23	0.0016565999831072986
2967	1e-23	0.0015137000009417534
2968	1e-23	0.001593699969816953
2969	1e-23	0.0014659999869763851
2970	1e-23	0.0015921999583952129
2971	1e-23	0.0012694000033661723
2972	1e-23	0.0015715999761596322
2973	1e-23	0.0016698000254109502
2974	1e-23	0.0016755000106059015
2975	1e-23	0.001539300021249801
2976	1e-23	0.0017069000168703496
2977	1e-23	0.0019771999795921147
2978	1e-23	0.0015315000200644135
2979	1e-23	0.0017774999723769724
2980	1e-23	0.0014831000007689
2981	1e-23	0.0013802999746985734
2982	1e-23	0.0014828999992460012
2983	1e-23	0.0014097000239416957
2984	1e-23	0.0016524000093340874
2985	1e-23	0.00136749999364838
2986	1e-23	0.0015752000035718083
2987	1e-23	0.001478699967265129
2988	1e-23	0.0014774000155739486
2989	1e-23	0.0015841000131331384
2990	1e-23	0.002478300011716783
2991	1e-23	0.0024671999854035676
2992	1e-23	0.0015073000104166567
2993	1e-23	0.001527199987322092
2994	1e-23	0.0014272999833337963
2995	1e-23	0.0013673999928869307
2996	1e-23	0.0015497999847866595
2997	1e-23	0.0017321000341325998
2998	1e-23	0.0015787000302225351
2999	1e-23	0.0021330000017769635
3000	1e-23	0.0013856000150553882
