epoch	total	seconds
1	1e-23	0.17008719994919375
2	1e-23	0.002182200027164072
3	1e-23	0.0017114999936893582
4	1e-23	0.0014442000538110733
5	1e-23	0.0013958000345155597
6	1e-23	0.0012493000249378383
7	1e-23	0.001375199994072318
8	1e-23	0.0013085000100545585
9	1e-23	0.0013136999914422631
10	1e-23	0.0013370999949984252
11	1e-23	0.0012394000077620149
12	1e-23	0.0012450999929569662
13	1e-23	0.001185000000987202
14	1e-23	0.001235899981111288
15	1e-23	0.0011600999860092998
16	1e-23	0.0011694999993778765
17	1e-23	0.0010998999932780862
18	1e-23	0.0011122999712824821
19	1e-23	0.0011516999802552164
20	1e-23	0.0011044000275433064
21	1e-23	0.0010352000244893134
22	1e-23	0.0010746000334620476
23	1e-23	0.0010686000459827483
24	1e-23	0.0011866000131703913
25	1e-23	0.0014220000011846423
26	1e-23	0.0011872000177390873
27	1e-23	0.0011742999777197838
28	1e-23	0.0012356999795883894
29	1e-23	0.0012217999901622534
30	1e-23	0.001222600054461509
31	1e-23	0.0011572999646887183
32	1e-23	0.0011618999997153878
33	1e-23	0.0012485000188462436
34	1e-23	0.0012268999707885087
35	1e-23	0.0011755000450648367
36	1e-23	0.0011520999833010137
37	1e-23	0.0014242000179365277
38	1e-23	0.0011365999816916883
39	1e-23	0.0010230999905616045
40	1e-23	0.0011842999956570566
41	1e-23	0.0010497000184841454
42	1e-23	0.0011503000278025866
43	1e-23	0.0011066999868489802
44	1e-23	0.0010927999974228442
45	1e-23	0.0010668000322766602
46	1e-23	0.0010523000382818282
47	1e-23	0.001233800023328513
48	1e-23	0.001153399993199855
49	1e-23	0.0010392999975010753
50	1e-23	0.0010474000009708107
51	1e-23	0.0011811999720521271
52	1e-23	0.0011760999914258718
53	1e-23	0.00165940000442788
54	1e-23	0.0011617999989539385
55	1e-23	0.0011437999783083797
56	1e-23	0.0011451999889686704
57	1e-23	0.0011421000235714018
58	1e-23	0.0011681999894790351
59	1e-23	0.0010771999950520694
60	1e-23	0.001070900005288422
61	1e-23	0.0010926999966613948
62	1e-23	0.0011516999802552164
63	1e-23	0.0013522999943234026
64	1e-23	0.0011455999920144677
65	1e-23	0.001114899991080165
66	1e-23	0.001117000007070601
67	1e-23	0.0011260000173933804
68	1e-23	0.0011428000289015472
69	1e-23	0.0010997999925166368
70	1e-23	0.0010150999878533185
71	1e-23	0.001007899991236627
72	1e-23	0.0011023000115528703
73	1e-23	0.0011141999857500196
74	1e-23	0.0010608999873511493
75	1e-23	0.001018200011458248
76	1e-23	0.0010980000370182097
77	1e-23	0.0012470000074245036
78	1e-23	0.0012222999939695
79	1e-23	0.0013238000101409853
80	1e-23	0.0012061999877914786
81	1e-23	0.0011595000396482646
82	1e-23	0.0011443999828770757
83	1e-23	0.0010556000052019954
84	1e-23	0.0013107999693602324
85	1e-23	0.001296499976888299
86	1e-23	0.0013384000048972666
87	1e-23	0.0011658999719657004
88	1e-23	0.001164899964351207
89	1e-23	0.0015965999918989837
90	1e-23	0.00133790000109002
91	1e-23	0.0012758000520989299
92	1e-23	0.0015728000435046852
93	1e-23	0.0012691000010818243
94	1e-23	0.0012048999778926373
95	1e-23	0.0013174000196158886
96	1e-23	0.001528399996459484
97	1e-23	0.001273999980185181
98	1e-23	0.0011554000084288418
99	1e-23	0.0012122999760322273
100	1e-23	0.001253599999472499
101	1e-23	0.001234399969689548
102	1e-23	0.0011332999565638602
103	1e-23	0.0011653000256046653
104	1e-23	0.0011903000413440168
105	1e-23	0.0011481999536044896
106	1e-23	0.0011851000017486513
107	1e-23	0.0011849000002257526
108	1e-23	0.0011525999871082604
109	1e-23	0.0012263000244274735
110	1e-23	0.0011304999934509397
111	1e-23	0.0011046999716199934
112	1e-23	0.0011244999477639794
113	1e-23	0.0011230999953113496
114	1e-23	0.0013661000411957502
115	1e-23	0.0013393000117503107
116	1e-23	0.0012620000052265823
117	1e-23	0.0012262999662198126
118	1e-23	0.0013086000108160079
119	1e-23	0.001318400027230382
120	1e-23	0.0011910000466741621
121	1e-23	0.0011372999870218337
122	1e-23	0.0012305999989621341
123	1e-23	0.0010672000353224576
124	1e-23	0.001039499999023974
125	1e-23	0.0011386999976821244
126	1e-23	0.001817300042603165
127	1e-23	0.0011215999838896096
128	1e-23	0.0011950999614782631
129	1e-23	0.0011208000360056758
130	1e-23	0.0010637000086717308
131	1e-23	0.001284400001168251
132	1e-23	0.0011412000167183578
133	1e-23	0.0010898999753408134
134	1e-23	0.001047199999447912
135	1e-23	0.0014284999924711883
136	1e-23	0.001470100018195808
137	1e-23	0.0011389999999664724
138	1e-23	0.0013125999830663204
139	1e-23	0.0013490999699570239
140	1e-23	0.001189500035252422
141	1e-23	0.0011895999778062105
142	1e-23	0.001124400005210191
143	1e-23	0.0011205999762751162
144	1e-23	0.0011784000089392066
145	1e-23	0.001151299977209419
146	1e-23	0.0011154000530950725
147	1e-23	0.0011276999721303582
148	1e-23	0.0011631000088527799
149	1e-23	0.00165940000442788
150	1e-23	0.0011350999702699482
151	1e-23	0.0017721999902278185
152	1e-23	0.0015332000330090523
153	1e-23	0.0012271000305190682
154	1e-23	0.0011836999910883605
155	1e-23	0.001150699972640723
156	1e-23	0.0011074999929405749
157	1e-23	0.0011135999811813235
158	1e-23	0.001191499992273748
159	1e-23	0.0011205000337213278
160	1e-23	0.0010997999925166368
161	1e-23	0.0012684999965131283
162	1e-23	0.0011622000019997358
163	1e-23	0.001289999985601753
164	1e-23	0.0011958000250160694
165	1e-23	0.0012409999617375433
166	1e-23	0.0012654000311158597
167	1e-23	0.0012598999892361462
168	1e-23	0.0012329999590292573
169	1e-23	0.0011475000064820051
170	1e-23	0.0010807000217027962
171	1e-23	0.0012034999672323465
172	1e-23	0.0010814000270329416
173	1e-23	0.0010872000129893422
174	1e-23	0.001184699998702854
175	1e-23	0.0012131999828852713
176	1e-23	0.0013514000456780195
177	1e-23	0.0011101000127382576
178	1e-23	0.0011875000200234354
179	1e-23	0.0011172000085934997
180	1e-23	0.0011909999884665012
181	1e-23	0.001172900025267154
182	1e-23	0.00121640000725165
183	1e-23	0.0011947999591939151
184	1e-23	0.001163699955213815
185	1e-23	0.0012596999877132475
186	1e-23	0.001124400005210191
187	1e-23	0.0010956000187434256
188	1e-23	0.0013673999928869307
189	1e-23	0.00120160001097247
190	1e-23	0.0011743999784812331
191	1e-23	0.0012391000054776669
192	1e-23	0.0011351000284776092
193	1e-23	0.0011042000260204077
194	1e-23	0.0011199999717064202
195	1e-23	0.0011532999924384058
196	1e-23	0.0010915999882854521
197	1e-23	0.0010510999709367752
198	1e-23	0.0011482000118121505
199	1e-23	0.0012126999790780246
200	1e-23	0.0012803000281564891
201	1e-23	0.0014127000467851758
202	1e-23	0.0011781000066548586
203	1e-23	0.0011242000036872923
204	1e-23	0.0013339000288397074
205	1e-23	0.0012790999608114362
206	1e-23	0.001132400007918477
207	1e-23	0.001144799985922873
208	1e-23	0.0011877999641001225
209	1e-23	0.0011636000126600266
210	1e-23	0.0011205000337213278
211	1e-23	0.0010566000128164887
212	1e-23	0.0010697999969124794
213	1e-23	0.0013698000111617148
214	1e-23	0.0012984000495634973
215	1e-23	0.0012123999767936766
216	1e-23	0.0011419999646022916
217	1e-23	0.001070300000719726
218	1e-23	0.0012866000179201365
219	1e-23	0.0012214999878779054
220	1e-23	0.0011417000205256045
221	1e-23	0.001145399990491569
222	1e-23	0.0011810999712906778
223	1e-23	0.001157500024419278
224	1e-23	0.0011605999898165464
225	1e-23	0.001192099996842444
226	1e-23	0.0013051999849267304
227	1e-23	0.0011482000118121505
228	1e-23	0.0012114000273868442
229	1e-23	0.0010922999936155975
230	1e-23	0.0010294999810867012
231	1e-23	0.001039499999023974
232	1e-23	0.0010757999843917787
233	1e-23	0.0011193999671377242
234	1e-23	0.0011489999596960843
235	1e-23	0.0010528999846428633
236	1e-23	0.0011146999895572662
237	1e-23	0.001089800032787025
238	1e-23	0.0010386999929323792
239	1e-23	0.0010027000098489225
240	1e-23	0.0013493000296875834
241	1e-23	0.001123199996072799
242	1e-23	0.0011816000333055854
243	1e-23	0.0011593999806791544
244	1e-23	0.0012952000251971185
245	1e-23	0.0011814000317826867
246	1e-23	0.001133000012487173
247	1e-23	0.0012027999619022012
248	1e-23	0.0011792999575845897
249	1e-23	0.0012017000117339194
250	1e-23	0.0012572999694384634
251	1e-23	0.0012168000102974474
252	1e-23	0.0014649000368081033
253	1e-23	0.0012653999729081988
254	1e-23	0.0013624000130221248
255	1e-23	0.0011143999872729182
256	1e-23	0.0012025999603793025
257	1e-23	0.0011303999926894903
258	1e-23	0.0011561000137589872
259	1e-23	0.00120599998626858
260	1e-23	0.0011498000239953399
261	1e-23	0.0012092000106349587
262	1e-23	0.001117600011639297
263	1e-23	0.00121929997112602
264	1e-23	0.0016673000063747168
265	1e-23	0.0012623000075109303
266	1e-23	0.0011829999857582152
267	1e-23	0.0012366999872028828
268	1e-23	0.0012589999823831022
269	1e-23	0.001179100014269352
270	1e-23	0.001234400027897209
271	1e-23	0.0011384999961592257
272	1e-23	0.0011508999741636217
273	1e-23	0.0011348999687470496
274	1e-23	0.0011434999760240316
275	1e-23	0.0011297999881207943
276	1e-23	0.0012493999674916267
277	1e-23	0.0012740000383928418
278	1e-23	0.001220199977979064
279	1e-23	0.0012533999979496002
280	1e-23	0.0012510999804362655
281	1e-23	0.0011641000164672732
282	1e-23	0.00117200001841411
283	1e-23	0.0011826999834738672
284	1e-23	0.0012110999668948352
285	1e-23	0.001151900039985776
286	1e-23	0.001111100020352751
287	1e-23	0.0010965000255964696
288	1e-23	0.001004900026600808
289	1e-23	0.001380500034429133
290	1e-23	0.0011449999874457717
291	1e-23	0.0011585000320337713
292	1e-23	0.001129099982790649
293	1e-23	0.001221100043039769
294	1e-23	0.0011537999962456524
295	1e-23	0.0011888999724760652
296	1e-23	0.001067599980160594
297	1e-23	0.001166099973488599
298	1e-23	0.001131199998781085
299	1e-23	0.0010660000261850655
300	1e-23	0.0010798000148497522
301	1e-23	0.0010921999928541481
302	1e-23	0.0012350999750196934
303	1e-23	0.0011829000432044268
304	1e-23	0.0011526999878697097
305	1e-23	0.0013158999499864876
306	1e-23	0.001454399956855923
307	1e-23	0.0012530999956652522
308	1e-23	0.0011715000146068633
309	1e-23	0.001019999966956675
310	1e-23	0.0012734999763779342
311	1e-23	0.001124100002925843
312	1e-23	0.0010506000253371894
313	1e-23	0.0010350000229664147
314	1e-23	0.0011918000527657568
315	1e-23	0.0012786000152118504
316	1e-23	0.0012124000350013375
317	1e-23	0.001198899990413338
318	1e-23	0.00120449997484684
319	1e-23	0.0011061999830417335
320	1e-23	0.0012599999899975955
321	1e-23	0.0010374999837949872
322	1e-23	0.000996299961116165
323	1e-23	0.0010423999628983438
324	1e-23	0.0009567999513819814
325	1e-23	0.0012727000284940004
326	1e-23	0.0011950999614782631
327	1e-23	0.0014266999787651002
328	1e-23	0.0012910999939776957
329	1e-23	0.0012352000339888036
330	1e-23	0.0012162000057287514
331	1e-23	0.0012235000031068921
332	1e-23	0.0011698000016622245
333	1e-23	0.0011171000078320503
334	1e-23	0.0011403000098653138
335	1e-23	0.001108399999793619
336	1e-23	0.001102799957152456
337	1e-23	0.0010537999914959073
338	1e-23	0.0012046999763697386
339	1e-23	0.001130300050135702
340	1e-23	0.0014859000220894814
341	1e-23	0.0012248000130057335
342	1e-23	0.001226399966981262
343	1e-23	0.0012759999954141676
344	1e-23	0.001267199986614287
345	1e-23	0.00120310002239421
346	1e-23	0.0011801000218838453
347	1e-23	0.0011470999452285469
348	1e-23	0.001261900004465133
349	1e-23	0.0012174000148661435
350	1e-23	0.0012513999827206135
351	1e-23	0.001234700030181557
352	1e-23	0.0015425999881699681
353	1e-23	0.0012761999969370663
354	1e-23	0.0012391000054776669
355	1e-23	0.0013105000252835453
356	1e-23	0.0011975999805144966
357	1e-23	0.0011808000272139907
358	1e-23	0.0011659999727271497
359	1e-23	0.0011098000104539096
360	1e-23	0.0011607999913394451
361	1e-23	0.0012404000153765082
362	1e-23	0.001177300000563264
363	1e-23	0.0012231000000610948
364	1e-23	0.00118530000327155
365	1e-23	0.001247099949978292
366	1e-23	0.0012441999861039221
367	1e-23	0.0011484000133350492
368	1e-23	0.001178500009700656
369	1e-23	0.0012342000263743103
370	1e-23	0.0011268999660387635
371	1e-23	0.0011287000379525125
372	1e-23	0.0011272000265307724
373	1e-23	0.0014166999608278275
374	1e-23	0.0012839999981224537
375	1e-23	0.0012026999611407518
376	1e-23	0.0010729000205174088
377	1e-23	0.0016074000159278512
378	1e-23	0.0011881000245921314
379	1e-23	0.0011638999567367136
380	1e-23	0.0010995999909937382
381	1e-23	0.0011931000044569373
382	1e-23	0.001421599998138845
383	1e-23	0.001395300030708313
384	1e-23	0.001171700016129762
385	1e-23	0.0012099999585188925
386	1e-23	0.0012266000267118216
387	1e-23	0.0013283999869599938
388	1e-23	0.0015436999965459108
389	1e-23	0.0014035999774932861
390	1e-23	0.0012684999965131283
391	1e-23	0.0011975999805144966
392	1e-23	0.0012098999577574432
393	1e-23	0.0011558999540284276
394	1e-23	0.0013655999791808426
395	1e-23	0.0012253999593667686
396	1e-23	0.0011847000569105148
397	1e-23	0.0012983999913558364
398	1e-23	0.001273999980185181
399	1e-23	0.0013137999922037125
400	1e-23	0.001482799998484552
401	1e-23	0.0012246000114828348
402	1e-23	0.001212499977555126
403	1e-23	0.0010857000015676022
404	1e-23	0.0012380999978631735
405	1e-23	0.0011946999584324658
406	1e-23	0.0011564000160433352
407	1e-23	0.0011611999943852425
408	1e-23	0.0011650999658741057
409	1e-23	0.0011863000108860433
410	1e-23	0.0012094000121578574
411	1e-23	0.0011254000128246844
412	1e-23	0.0012881000293418765
413	1e-23	0.0011993999942205846
414	1e-23	0.0013482000213116407
415	1e-23	0.0011355000315234065
416	1e-23	0.0011798999621532857
417	1e-23	0.0011623000027611852
418	1e-23	0.0011854000040329993
419	1e-23	0.0012036000262014568
420	1e-23	0.0011829999857582152
421	1e-23	0.0011956999660469592
422	1e-23	0.0012506999773904681
423	1e-23	0.001213699986692518
424	1e-23	0.0011784000089392066
425	1e-23	0.0011455999920144677
426	1e-23	0.001213999988976866
427	1e-23	0.0012169000110588968
428	1e-23	0.0011531999916769564
429	1e-23	0.0011162000009790063
430	1e-23	0.001287599967326969
431	1e-23	0.001296199974603951
432	1e-23	0.001109600008931011
433	1e-23	0.0011760000488720834
434	1e-23	0.0012591000413522124
435	1e-23	0.0012224999954923987
436	1e-23	0.0011903999838978052
437	1e-23	0.001177300000563264
438	1e-23	0.0014512999914586544
439	1e-23	0.0012192000285722315
440	1e-23	0.0011684999917633832
441	1e-23	0.00120009999955073
442	1e-23	0.0014551999629475176
443	1e-23	0.0012403999571688473
444	1e-23	0.0011317000025883317
445	1e-23	0.0011535999947227538
446	1e-23	0.0011686999932862818
447	1e-23	0.0011787000112235546
448	1e-23	0.001150099968072027
449	1e-23	0.0011579999700188637
450	1e-23	0.0013098999625071883
451	1e-23	0.0012131999828852713
452	1e-23	0.001207199995405972
453	1e-23	0.001159299979917705
454	1e-23	0.00117200001841411
455	1e-23	0.0011431000311858952
456	1e-23	0.0011067999876104295
457	1e-23	0.0015993000124581158
458	1e-23	0.0012635000166483223
459	1e-23	0.0011819999781437218
460	1e-23	0.0011836000485345721
461	1e-23	0.0011068999883718789
462	1e-23	0.0013010000111535192
463	1e-23	0.001178200007416308
464	1e-23	0.0011369000421836972
465	1e-23	0.0010523999808356166
466	1e-23	0.0010698999976739287
467	1e-23	0.0013508000411093235
468	1e-23	0.0011585000320337713
469	1e-23	0.0011784000089392066
470	1e-23	0.0011922999983653426
471	1e-23	0.0011230999953113496
472	1e-23	0.0012608999968506396
473	1e-23	0.0011429000296629965
474	1e-23	0.0011659000301733613
475	1e-23	0.0013075000024400651
476	1e-23	0.0012715999619103968
477	1e-23	0.0013568000285886228
478	1e-23	0.0011166000040248036
479	1e-23	0.0010732000228017569
480	1e-23	0.001137699990067631
481	1e-23	0.0010921999928541481
482	1e-23	0.0012700000079348683
483	1e-23	0.0010881000198423862
484	1e-23	0.001312500040512532
485	1e-23	0.0011699000024236739
486	1e-23	0.0010857000015676022
487	1e-23	0.0014973999932408333
488	1e-23	0.0011246000067330897
489	1e-23	0.0010388000519014895
490	1e-23	0.0010371999815106392
491	1e-23	0.001150700030848384
492	1e-23	0.0011558000114746392
493	1e-23	0.0011002000537700951
494	1e-23	0.0012473000097088516
495	1e-23	0.0011326000094413757
496	1e-23	0.0010825000354088843
497	1e-23	0.0011683999910019338
498	1e-23	0.0011486000148579478
499	1e-23	0.0010602999827824533
500	1e-23	0.001222899998538196
501	1e-23	0.0012915999977849424
502	1e-23	0.0012860000133514404
503	1e-23	0.0011552000069059432
504	1e-23	0.0012317000073380768
505	1e-23	0.00116020004497841
506	1e-23	0.001477799960412085
507	1e-23	0.001189200032968074
508	1e-23	0.0011676999856717885
509	1e-23	0.001122599991504103
510	1e-23	0.001187100016977638
511	1e-23	0.0012079000007361174
512	1e-23	0.0012184000224806368
513	1e-23	0.0016739999991841614
514	1e-23	0.0013200000394135714
515	1e-23	0.0012145000509917736
516	1e-23	0.00120310002239421
517	1e-23	0.0011151000508107245
518	1e-23	0.0012243999517522752
519	1e-23	0.0012027999619022012
520	1e-23	0.0011538999970071018
521	1e-23	0.0011415999615564942
522	1e-23	0.0010880999616347253
523	1e-23	0.0010748999775387347
524	1e-23	0.0012894000392407179
525	1e-23	0.0015232000150717795
526	1e-23	0.001295299967750907
527	1e-23	0.0012864000163972378
528	1e-23	0.00121489999582991
529	1e-23	0.0011082999990321696
530	1e-23	0.0012376999948173761
531	1e-23	0.0011470000026747584
532	1e-23	0.0011424999684095383
533	1e-23	0.0010712000075727701
534	1e-23	0.0011060999822802842
535	1e-23	0.001206599990837276
536	1e-23	0.001175300043541938
537	1e-23	0.0014220000011846423
538	1e-23	0.001102200010791421
539	1e-23	0.0011471000034362078
540	1e-23	0.0011740999761968851
541	1e-23	0.001120300032198429
542	1e-23	0.0011631000088527799
543	1e-23	0.0010578000219538808
544	1e-23	0.0010761000448837876
545	1e-23	0.0011059999815188348
546	1e-23	0.0010492999572306871
547	1e-23	0.0011319000041112304
548	1e-23	0.0011251000105403364
549	1e-23	0.0011214000405743718
550	1e-23	0.0011021000100299716
551	1e-23	0.0013657999807037413
552	1e-23	0.0012783000129275024
553	1e-23	0.0012242000084370375
554	1e-23	0.0011799000203609467
555	1e-23	0.001261600002180785
556	1e-23	0.001192099996842444
557	1e-23	0.0011613999959081411
558	1e-23	0.001082099974155426
559	1e-23	0.001116700004786253
560	1e-23	0.0011898999800905585
561	1e-23	0.001132100005634129
562	1e-23	0.0011887999717146158
563	1e-23	0.001104600029066205
564	1e-23	0.0012903999886475503
565	1e-23	0.0011646999628283083
566	1e-23	0.001255100010894239
567	1e-23	0.001219899975694716
568	1e-23	0.0010964000248350203
569	1e-23	0.0011079999967478216
570	1e-23	0.0011470000026747584
571	1e-23	0.001116700004786253
572	1e-23	0.0012256000190973282
573	1e-23	0.0011252000113017857
574	1e-23	0.0010491000139154494
575	1e-23	0.0010192999616265297
576	1e-23	0.0013293999945744872
577	1e-23	0.0016471999697387218
578	1e-23	0.0011749999830499291
579	1e-23	0.0012183000217191875
580	1e-23	0.0011396000045351684
581	1e-23	0.001160199986770749
582	1e-23	0.0011511999764479697
583	1e-23	0.001186200010124594
584	1e-23	0.0010834999848157167
585	1e-23	0.0011015000054612756
586	1e-23	0.0011763999937102199
587	1e-23	0.0011615999974310398
588	1e-23	0.0010705000022426248
589	1e-23	0.001030100043863058
590	1e-23	0.0011977000394836068
591	1e-23	0.0012223999947309494
592	1e-23	0.0012223999947309494
593	1e-23	0.0011458999942988157
594	1e-23	0.0011753999860957265
595	1e-23	0.0011169000063091516
596	1e-23	0.0011824999819509685
597	1e-23	0.0012732999748550355
598	1e-23	0.0011614999966695905
599	1e-23	0.0011363000376150012
600	1e-23	0.001118800020776689
601	1e-23	0.0010918999905698001
602	1e-23	0.0010884999646805227
603	1e-23	0.0017541999695822597
604	1e-23	0.0011690999963320792
605	1e-23	0.0011319000041112304
606	1e-23	0.0011355000315234065
607	1e-23	0.0011298999888822436
608	1e-23	0.0011152000515721738
609	1e-23	0.001012599968817085
610	1e-23	0.0011770999990403652
611	1e-23	0.0012067999923601747
612	1e-23	0.0012231000000610948
613	1e-23	0.0012026000185869634
614	1e-23	0.0011984999873675406
615	1e-23	0.0013913000002503395
616	1e-23	0.0011947000166401267
617	1e-23	0.0012329999590292573
618	1e-23	0.0011254000128246844
619	1e-23	0.0011117999674752355
620	1e-23	0.001177599944639951
621	1e-23	0.0011788999545387924
622	1e-23	0.0011331000132486224
623	1e-23	0.0010605000425130129
624	1e-23	0.0010933000012300909
625	1e-23	0.0012097000144422054
626	1e-23	0.0011835999903269112
627	1e-23	0.00205060001462698
628	1e-23	0.0011400000075809658
629	1e-23	0.0010801000171341002
630	1e-23	0.0011826999834738672
631	1e-23	0.0010338000138290226
632	1e-23	0.001048100006300956
633	1e-23	0.0010127000277861953
634	1e-23	0.0011765999952331185
635	1e-23	0.0011987999896518886
636	1e-23	0.001015600049868226
637	1e-23	0.001114899991080165
638	1e-23	0.0011116000241599977
639	1e-23	0.0010511000291444361
640	1e-23	0.001492299954406917
641	1e-23	0.0011916000512428582
642	1e-23	0.0011829999857582152
643	1e-23	0.001129399985074997
644	1e-23	0.0012713000178337097
645	1e-23	0.001279100019019097
646	1e-23	0.0011872000177390873
647	1e-23	0.0012499000295065343
648	1e-23	0.0012015000102110207
649	1e-23	0.0011387999984435737
650	1e-23	0.0011210999800823629
651	1e-23	0.001101900008507073
652	1e-23	0.0012906999909318984
653	1e-23	0.0011427999706938863
654	1e-23	0.0012208999833092093
655	1e-23	0.0012089000083506107
656	1e-23	0.001152799988631159
657	1e-23	0.001083300041500479
658	1e-23	0.0011346000246703625
659	1e-23	0.0010823000338859856
660	1e-23	0.0011615999974310398
661	1e-23	0.0011613999959081411
662	1e-23	0.0011277999728918076
663	1e-23	0.0010892999707721174
664	1e-23	0.001083299983292818
665	1e-23	0.0010816000285558403
666	1e-23	0.001362200011499226
667	1e-23	0.0011990999919362366
668	1e-23	0.0012692000018432736
669	1e-23	0.0012811999768018723
670	1e-23	0.001227300032041967
671	1e-23	0.0011199999717064202
672	1e-23	0.001104300026781857
673	1e-23	0.0010840000468306243
674	1e-23	0.0014198999851942062
675	1e-23	0.0011774000013247132
676	1e-23	0.0012233000015839934
677	1e-23	0.0011345999664627016
678	1e-23	0.0016409999807365239
679	1e-23	0.0012583999778144062
680	1e-23	0.001179100014269352
681	1e-23	0.0011748999822884798
682	1e-23	0.001191799994558096
683	1e-23	0.0011887999717146158
684	1e-23	0.0010843999916687608
685	1e-23	0.001133300014771521
686	1e-23	0.0011004999978467822
687	1e-23	0.0010973999742418528
688	1e-23	0.00113060005242005
689	1e-23	0.0012035000254400074
690	1e-23	0.001441699976567179
691	1e-23	0.001187400019261986
692	1e-23	0.0011830999865196645
693	1e-23	0.0011319000041112304
694	1e-23	0.000994000001810491
695	1e-23	0.0010748999775387347
696	1e-23	0.0011416999623179436
697	1e-23	0.0011045000283047557
698	1e-23	0.0011487000156193972
699	1e-23	0.001133000012487173
700	1e-23	0.0011109000188298523
701	1e-23	0.001119100023061037
702	1e-23	0.0015130999963730574
703	1e-23	0.001420699991285801
704	1e-23	0.0015511999954469502
705	1e-23	0.001188600028399378
706	1e-23	0.0016063000075519085
707	1e-23	0.0017834999598562717
708	1e-23	0.001723000023048371
709	1e-23	0.0015789999742992222
710	1e-23	0.0013423999771475792
711	1e-23	0.0014621000154875219
712	1e-23	0.001476600009482354
713	1e-23	0.0014562999713234603
714	1e-23	0.0011852000025101006
715	1e-23	0.0011344000231474638
716	1e-23	0.0011638999567367136
717	1e-23	0.0011514999787323177
718	1e-23	0.0012021000147797167
719	1e-23	0.0011860000086016953
720	1e-23	0.0012094000121578574
721	1e-23	0.0011636000126600266
722	1e-23	0.0012006000033579767
723	1e-23	0.0011871999595314264
724	1e-23	0.0014412000309675932
725	1e-23	0.0013601999962702394
726	1e-23	0.0012423000298440456
727	1e-23	0.001268399995751679
728	1e-23	0.0010889999684877694
729	1e-23	0.0010794999543577433
730	1e-23	0.001186200010124594
731	1e-23	0.001121399982366711
732	1e-23	0.001021800038870424
733	1e-23	0.0011423000250943005
734	1e-23	0.0011098000104539096
735	1e-23	0.0011255000135861337
736	1e-23	0.001181500032544136
737	1e-23	0.001492600014898926
738	1e-23	0.0011863000108860433
739	1e-23	0.0011346000246703625
740	1e-23	0.0011568000190891325
741	1e-23	0.001124400005210191
742	1e-23	0.0010860000038519502
743	1e-23	0.0011989999911747873
744	1e-23	0.0011878999648615718
745	1e-23	0.0012824000441469252
746	1e-23	0.0012310000020079315
747	1e-23	0.0012656999751925468
748	1e-23	0.0012015000102110207
749	1e-23	0.0013269999762997031
750	1e-23	0.0012038000277243555
751	1e-23	0.0010994999902322888
752	1e-23	0.001059899979736656
753	1e-23	0.0010781000019051135
754	1e-23	0.0012298999936319888
755	1e-23	0.0011053999769501388
756	1e-23	0.0010177000076510012
757	1e-23	0.0010261000134050846
758	1e-23	0.001003699959255755
759	1e-23	0.000983299978543073
760	1e-23	0.001319899980444461
761	1e-23	0.0012008000048808753
762	1e-23	0.0012041000300087035
763	1e-23	0.001233500021044165
764	1e-23	0.0012106000212952495
765	1e-23	0.001225499960128218
766	1e-23	0.0010864000068977475
767	1e-23	0.0010733999661169946
768	1e-23	0.0011742000351659954
769	1e-23	0.001146599999628961
770	1e-23	0.001139800006058067
771	1e-23	0.0011271000257693231
772	1e-23	0.001185900007840246
773	1e-23	0.0011721000191755593
774	1e-23	0.0011065999860875309
775	1e-23	0.001262200006749481
776	1e-23	0.0011423000250943005
777	1e-23	0.0010883999639190733
778	1e-23	0.0011391000007279217
779	1e-23	0.0010143000399693847
780	1e-23	0.0011976000387221575
781	1e-23	0.0011774000013247132
782	1e-23	0.0013535000034607947
783	1e-23	0.0011674999841488898
784	1e-23	0.001173200027551502
785	1e-23	0.0011812999728135765
786	1e-23	0.001145700050983578
787	1e-23	0.0011020000092685223
788	1e-23	0.0011832999880425632
789	1e-23	0.0015030000358819962
790	1e-23	0.001200400001835078
791	1e-23	0.0012657999759539962
792	1e-23	0.0012070999946445227
793	1e-23	0.0011915999930351973
794	1e-23	0.0012330000172369182
795	1e-23	0.0011919999960809946
796	1e-23	0.0011570000206120312
797	1e-23	0.0010869000107049942
798	1e-23	0.001102500013075769
799	1e-23	0.0011729999678209424
800	1e-23	0.0011125999735668302
801	1e-23	0.0014646000345237553
802	1e-23	0.0012821000418625772
803	1e-23	0.0011094999499619007
804	1e-23	0.0011602999875321984
805	1e-23	0.0013980999938212335
806	1e-23	0.0014112999779172242
807	1e-23	0.0010858000023290515
808	1e-23	0.0011578999692574143
809	1e-23	0.0010792000102810562
810	1e-23	0.001130899996496737
811	1e-23	0.0011045999708585441
812	1e-23	0.001150399970356375
813	1e-23	0.0012046000338159502
814	1e-23	0.0012438999838195741
815	1e-23	0.0011901999823749065
816	1e-23	0.0011389999999664724
817	1e-23	0.001108399999793619
818	1e-23	0.001096300024073571
819	1e-23	0.0010947000118903816
820	1e-23	0.0010583000257611275
821	1e-23	0.001004899968393147
822	1e-23	0.0010825999779626727
823	1e-23	0.0011396000045351684
824	1e-23	0.0010878999601118267
825	1e-23	0.001206299988552928
826	1e-23	0.0012910999939776957
827	1e-23	0.001305399986449629
828	1e-23	0.0011935000075027347
829	1e-23	0.0013191999751143157
830	1e-23	0.001275499991606921
831	1e-23	0.0011258000158704817
832	1e-23	0.001135899976361543
833	1e-23	0.0011870000162161887
834	1e-23	0.001192099996842444
835	1e-23	0.001221099984832108
836	1e-23	0.0012102000182494521
837	1e-23	0.0012397000100463629
838	1e-23	0.0011103000142611563
839	1e-23	0.0012048999778926373
840	1e-23	0.0011932000052183867
841	1e-23	0.001116100000217557
842	1e-23	0.0011023000115528703
843	1e-23	0.0010108000133186579
844	1e-23	0.0010899000335484743
845	1e-23	0.0010332000092603266
846	1e-23	0.0010474000009708107
847	1e-23	0.0010983000393025577
848	1e-23	0.0010921999928541481
849	1e-23	0.001131500001065433
850	1e-23	0.0010942000080831349
851	1e-23	0.001131500001065433
852	1e-23	0.0011177000124007463
853	1e-23	0.00115720002213493
854	1e-23	0.0010765999904833734
855	1e-23	0.0011434999760240316
856	1e-23	0.0010213999776169658
857	1e-23	0.0010151000460609794
858	1e-23	0.001123499998357147
859	1e-23	0.001055500004440546
860	1e-23	0.0010477000032551587
861	1e-23	0.001041900017298758
862	1e-23	0.0011437000357545912
863	1e-23	0.0010467999964021146
864	1e-23	0.0010345999617129564
865	1e-23	0.0010600999812595546
866	1e-23	0.0019121000077575445
867	1e-23	0.0010806999634951353
868	1e-23	0.0010682999854907393
869	1e-23	0.0011344000231474638
870	1e-23	0.0010649000178091228
871	1e-23	0.0010335000115446746
872	1e-23	0.001062900002580136
873	1e-23	0.0010950000141747296
874	1e-23	0.0011389999999664724
875	1e-23	0.0011859999503940344
876	1e-23	0.0011058999807573855
877	1e-23	0.001061999995727092
878	1e-23	0.001630400016438216
879	1e-23	0.0012708999565802515
880	1e-23	0.001208100002259016
881	1e-23	0.0011129999766126275
882	1e-23	0.00106669997330755
883	1e-23	0.0011331000132486224
884	1e-23	0.001132100005634129
885	1e-23	0.0011714999563992023
886	1e-23	0.0011625000042840838
887	1e-23	0.0011187999625690281
888	1e-23	0.001079399953596294
889	1e-23	0.0011015000054612756
890	1e-23	0.0010975999757647514
891	1e-23	0.001394699967931956
892	1e-23	0.0011359000345692039
893	1e-23	0.0013095000176690519
894	1e-23	0.0012022999580949545
895	1e-23	0.001137399987783283
896	1e-23	0.001080900023225695
897	1e-23	0.0011196000268682837
898	1e-23	0.0011519999825395644
899	1e-23	0.0011334000155329704
900	1e-23	0.001052199979312718
901	1e-23	0.0010343000176362693
902	1e-23	0.0010236999951303005
903	1e-23	0.001030100043863058
904	1e-23	0.0011839999933727086
905	1e-23	0.0011065999860875309
906	1e-23	0.0010096000041812658
907	1e-23	0.0010745000327005982
908	1e-23	0.0011495000217109919
909	1e-23	0.0010383999906480312
910	1e-23	0.0010125000262632966
911	1e-23	0.0010824999772012234
912	1e-23	0.001380499976221472
913	1e-23	0.0012095000129193068
914	1e-23	0.001110200013499707
915	1e-23	0.001067900040652603
916	1e-23	0.0010102000087499619
917	1e-23	0.001036000030580908
918	1e-23	0.0015439999988302588
919	1e-23	0.001188900030683726
920	1e-23	0.001173199969343841
921	1e-23	0.0011263999622315168
922	1e-23	0.0012319000088609755
923	1e-23	0.0011281000333838165
924	1e-23	0.0010594000341370702
925	1e-23	0.001111400022637099
926	1e-23	0.001101600006222725
927	1e-23	0.001147200004197657
928	1e-23	0.0011492000194266438
929	1e-23	0.0011369999847374856
930	1e-23	0.0012159000034444034
931	1e-23	0.0015859000268392265
932	1e-23	0.0012639999622479081
933	1e-23	0.0011342000216245651
934	1e-23	0.0011227999930270016
935	1e-23	0.001233500021044165
936	1e-23	0.0011631000088527799
937	1e-23	0.001061999995727092
938	1e-23	0.0011159999994561076
939	1e-23	0.0011460999958217144
940	1e-23	0.0011523999855853617
941	1e-23	0.001102500013075769
942	1e-23	0.0010810000239871442
943	1e-23	0.001482499996200204
944	1e-23	0.001269300002604723
945	1e-23	0.0011881000245921314
946	1e-23	0.0011535999947227538
947	1e-23	0.0010587000288069248
948	1e-23	0.001049600017722696
949	1e-23	0.001261900004465133
950	1e-23	0.001312199980020523
951	1e-23	0.0011617999989539385
952	1e-23	0.0011734000290744007
953	1e-23	0.0012271000305190682
954	1e-23	0.0011806999682448804
955	1e-23	0.0011990999919362366
956	1e-23	0.001951900019776076
957	1e-23	0.0011721999617293477
958	1e-23	0.001069999998435378
959	1e-23	0.0010938000050373375
960	1e-23	0.0010338000138290226
961	1e-23	0.0009966999641619623
962	1e-23	0.0012280999799259007
963	1e-23	0.0011624000035226345
964	1e-23	0.0011436999775469303
965	1e-23	0.0010133000323548913
966	1e-23	0.0010837999871000648
967	1e-23	0.001049900020007044
968	1e-23	0.0010979999788105488
969	1e-23	0.0010068999836221337
970	1e-23	0.0013201999827288091
971	1e-23	0.0011511999764479697
972	1e-23	0.0010568000143393874
973	1e-23	0.0010830999817699194
974	1e-23	0.0010788000072352588
975	1e-23	0.0010470000561326742
976	1e-23	0.0010074999881908298
977	1e-23	0.0012009000056423247
978	1e-23	0.0012610999983735383
979	1e-23	0.0010847999947145581
980	1e-23	0.0010874999570660293
981	1e-23	0.00118530000327155
982	1e-23	0.0011158999986946583
983	1e-23	0.001104300026781857
984	1e-23	0.0011755999876186252
985	1e-23	0.0011982000432908535
986	1e-23	0.0011002999963238835
987	1e-23	0.0010862000053748488
988	1e-23	0.0013096000184305012
989	1e-23	0.0012369999894872308
990	1e-23	0.0011823999811895192
991	1e-23	0.0010831000399775803
992	1e-23	0.001155699952505529
993	1e-23	0.0011188999633304775
994	1e-23	0.001185000000987202
995	1e-23	0.001136199978645891
996	1e-23	0.001097500033210963
997	1e-23	0.0012014000094495714
998	1e-23	0.0011703000054694712
999	1e-23	0.0012072999961674213
1000	1e-23	0.0010115000186488032
1001	1e-23	0.0010474000009708107
1002	1e-23	0.0010888000251725316
1003	1e-23	0.0010479000047780573
1004	1e-23	0.0010624999995343387
1005	1e-23	0.00107409997144714
1006	1e-23	0.0012035999679937959
1007	1e-23	0.0011451999889686704
1008	1e-23	0.0013978999922983348
1009	1e-23	0.0014189999783411622
1010	1e-23	0.001212199975270778
1011	1e-23	0.001069399993866682
1012	1e-23	0.0011383999953977764
1013	1e-23	0.001156899961642921
1014	1e-23	0.0010433999705128372
1015	1e-23	0.0010307999909855425
1016	1e-23	0.001102499954868108
1017	1e-23	0.0010881999623961747
1018	1e-23	0.0013163000112399459
1019	1e-23	0.0011824999819509685
1020	1e-23	0.0010503999656066298
1021	1e-23	0.0010210999753326178
1022	1e-23	0.0010277999681420624
1023	1e-23	0.001526299980469048
1024	1e-23	0.0011112000211142004
1025	1e-23	0.0010528000420890749
1026	1e-23	0.0010921999928541481
1027	1e-23	0.0010732999653555453
1028	1e-23	0.001143299974501133
1029	1e-23	0.0010358999716117978
1030	1e-23	0.0011625000042840838
1031	1e-23	0.0010272000217810273
1032	1e-23	0.0009964000200852752
1033	1e-23	0.0010790000087581575
1034	1e-23	0.0014565999736078084
1035	1e-23	0.001988800009712577
1036	1e-23	0.001240299956407398
1037	1e-23	0.0011947000166401267
1038	1e-23	0.0013083000085316598
1039	1e-23	0.001036900037433952
1040	1e-23	0.001068799989297986
1041	1e-23	0.0010153999901376665
1042	1e-23	0.001025899953674525
1043	1e-23	0.001033600012306124
1044	1e-23	0.0010811000247485936
1045	1e-23	0.0010108000133186579
1046	1e-23	0.001017899950966239
1047	1e-23	0.0010839999886229634
1048	1e-23	0.0013543000095523894
1049	1e-23	0.0012292000465095043
1050	1e-23	0.0011844999971799552
1051	1e-23	0.0011842999956570566
1052	1e-23	0.001172600022982806
1053	1e-23	0.0011833999888040125
1054	1e-23	0.0011175000108778477
1055	1e-23	0.0011780000058934093
1056	1e-23	0.0011775000020861626
1057	1e-23	0.0012740000383928418
1058	1e-23	0.0012014000094495714
1059	1e-23	0.00122519995784387
1060	1e-23	0.0014630999648943543
1061	1e-23	0.0012787000159732997
1062	1e-23	0.0011223000474274158
1063	1e-23	0.0010992999887093902
1064	1e-23	0.0011060000397264957
1065	1e-23	0.0013638000236824155
1066	1e-23	0.0013353999820537865
1067	1e-23	0.0011452999897301197
1068	1e-23	0.001091000041924417
1069	1e-23	0.0010645000147633255
1070	1e-23	0.0010344000183977187
1071	1e-23	0.0010917999898083508
1072	1e-23	0.0010968000278808177
1073	1e-23	0.0012724000262096524
1074	1e-23	0.0011100000119768083
1075	1e-23	0.0011934999492950737
1076	1e-23	0.0011187999625690281
1077	1e-23	0.0011126999743282795
1078	1e-23	0.0015962999896146357
1079	1e-23	0.001144800044130534
1080	1e-23	0.0011185999610461295
1081	1e-23	0.0011187999625690281
1082	1e-23	0.0011289999820291996
1083	1e-23	0.0011155999964103103
1084	1e-23	0.001083299983292818
1085	1e-23	0.0012060999870300293
1086	1e-23	0.0012129000388085842
1087	1e-23	0.0010965000255964696
1088	1e-23	0.0010826000361703336
1089	1e-23	0.001187700021546334
1090	1e-23	0.0013268000329844654
1091	1e-23	0.0014143000007607043
1092	1e-23	0.001197999983560294
1093	1e-23	0.0011362999794073403
1094	1e-23	0.0010946000111289322
1095	1e-23	0.0014621000154875219
1096	1e-23	0.0011474000057205558
1097	1e-23	0.0011213000398129225
1098	1e-23	0.001748699985910207
1099	1e-23	0.0013446000521071255
1100	1e-23	0.0011425999691709876
1101	1e-23	0.0011115000233985484
1102	1e-23	0.0010588999721221626
1103	1e-23	0.0010441999766044319
1104	1e-23	0.001119100023061037
1105	1e-23	0.0011144999880343676
1106	1e-23	0.0010503999656066298
1107	1e-23	0.0010423000203445554
1108	1e-23	0.00106380000943318
1109	1e-23	0.0010908000404015183
1110	1e-23	0.0010131000308319926
1111	1e-23	0.0012103000190109015
1112	1e-23	0.0010892999707721174
1113	1e-23	0.0011240000021643937
1114	1e-23	0.001159899984486401
1115	1e-23	0.0010985999833792448
1116	1e-23	0.001219899975694716
1117	1e-23	0.0012014000094495714
1118	1e-23	0.0011337000178173184
1119	1e-23	0.0012469000066630542
1120	1e-23	0.0012146999943070114
1121	1e-23	0.00119570002425462
1122	1e-23	0.0011502000270411372
1123	1e-23	0.0011489999596960843
1124	1e-23	0.0013116999762132764
1125	1e-23	0.0011124000302515924
1126	1e-23	0.0010912999860011041
1127	1e-23	0.0011442999821156263
1128	1e-23	0.0010463999933563173
1129	1e-23	0.0013438999885693192
1130	1e-23	0.0011268999660387635
1131	1e-23	0.0011866000131703913
1132	1e-23	0.001074699976015836
1133	1e-23	0.001131800003349781
1134	1e-23	0.001202200015541166
1135	1e-23	0.0011826999834738672
1136	1e-23	0.001087999960873276
1137	1e-23	0.001604099990800023
1138	1e-23	0.0011073999921791255
1139	1e-23	0.001055800006724894
1140	1e-23	0.0011012000031769276
1141	1e-23	0.001063200004864484
1142	1e-23	0.0010360999731346965
1143	1e-23	0.001041300012730062
1144	1e-23	0.0011964999721385539
1145	1e-23	0.001173499971628189
1146	1e-23	0.0011066999868489802
1147	1e-23	0.0011449999874457717
1148	1e-23	0.0011967999744229019
1149	1e-23	0.0010762999881990254
1150	1e-23	0.00136749999364838
1151	1e-23	0.0011187999625690281
1152	1e-23	0.0011993000516667962
1153	1e-23	0.0011165000032633543
1154	1e-23	0.0012541000032797456
1155	1e-23	0.0012271999730728567
1156	1e-23	0.0011689000530168414
1157	1e-23	0.0011639000149443746
1158	1e-23	0.0011832999880425632
1159	1e-23	0.0011174000101163983
1160	1e-23	0.0010301999864168465
1161	1e-23	0.001089500030502677
1162	1e-23	0.0010662000277079642
1163	1e-23	0.0013954000314697623
1164	1e-23	0.001352399995084852
1165	1e-23	0.0010732000228017569
1166	1e-23	0.0010769999935291708
1167	1e-23	0.0011449999874457717
1168	1e-23	0.001137400045990944
1169	1e-23	0.0011360999778844416
1170	1e-23	0.001081799971871078
1171	1e-23	0.0010806999634951353
1172	1e-23	0.0011342999641783535
1173	1e-23	0.0010668000322766602
1174	1e-23	0.0009916999842971563
1175	1e-23	0.0010503999656066298
1176	1e-23	0.0013705999590456486
1177	1e-23	0.0011270999675616622
1178	1e-23	0.0010792000102810562
1179	1e-23	0.0011029000161215663
1180	1e-23	0.0010498000192455947
1181	1e-23	0.0010600999812595546
1182	1e-23	0.0012576000299304724
1183	1e-23	0.001255700015462935
1184	1e-23	0.0011436000349931419
1185	1e-23	0.0011792000150308013
1186	1e-23	0.001141799963079393
1187	1e-23	0.0012039999710395932
1188	1e-23	0.0012108000228181481
1189	1e-23	0.0014465000131167471
1190	1e-23	0.0011186000192537904
1191	1e-23	0.001113500038627535
1192	1e-23	0.0011118000256828964
1193	1e-23	0.0010849999962374568
1194	1e-23	0.0010081999935209751
1195	1e-23	0.0011086000013165176
1196	1e-23	0.0011823000386357307
1197	1e-23	0.001133000012487173
1198	1e-23	0.0011048000305891037
1199	1e-23	0.0010944000096060336
1200	1e-23	0.0012131999828852713
1201	1e-23	0.0011627000058069825
1202	1e-23	0.0014062999980524182
1203	1e-23	0.0011946999584324658
1204	1e-23	0.0011183999595232308
1205	1e-23	0.001070300000719726
1206	1e-23	0.0011107000173069537
1207	1e-23	0.0011112999636679888
1208	1e-23	0.0010149999870918691
1209	1e-23	0.00099870003759861
1210	1e-23	0.001028600032441318
1211	1e-23	0.001133600017055869
1212	1e-23	0.0010860000038519502
1213	1e-23	0.0010798000148497522
1214	1e-23	0.0011357000330463052
1215	1e-23	0.0010997999925166368
1216	1e-23	0.0012138999882154167
1217	1e-23	0.0011817999766208231
1218	1e-23	0.0012332999613136053
1219	1e-23	0.0011561999563127756
1220	1e-23	0.0011680000461637974
1221	1e-23	0.0012024999596178532
1222	1e-23	0.0011816000333055854
1223	1e-23	0.0010881999623961747
1224	1e-23	0.0011168000055477023
1225	1e-23	0.0011417000205256045
1226	1e-23	0.0011774000013247132
1227	1e-23	0.0010403000051155686
1228	1e-23	0.0017963999998755753
1229	1e-23	0.001144200039561838
1230	1e-23	0.0010871000122278929
1231	1e-23	0.0010959000210277736
1232	1e-23	0.0011657000286504626
1233	1e-23	0.001159899984486401
1234	1e-23	0.00106669997330755
1235	1e-23	0.0011620999430306256
1236	1e-23	0.001076799992006272
1237	1e-23	0.0010556999477557838
1238	1e-23	0.001033000007737428
1239	1e-23	0.0011600000434555113
1240	1e-23	0.0010691999923437834
1241	1e-23	0.0012119999737478793
1242	1e-23	0.0011396000045351684
1243	1e-23	0.0010958999628201127
1244	1e-23	0.0011212999816052616
1245	1e-23	0.001090099976863712
1246	1e-23	0.0010278000263497233
1247	1e-23	0.0009307999862357974
1248	1e-23	0.000985399994533509
1249	1e-23	0.0010059999767690897
1250	1e-23	0.001012299966532737
1251	1e-23	0.0009663999662734568
1252	1e-23	0.0010550000006332994
1253	1e-23	0.001048100006300956
1254	1e-23	0.0009496999555267394
1255	1e-23	0.0009340000106021762
1256	1e-23	0.0010051000281237066
1257	1e-23	0.0012709000147879124
1258	1e-23	0.0013812999823130667
1259	1e-23	0.0012608999968506396
1260	1e-23	0.001187100016977638
1261	1e-23	0.0011748999822884798
1262	1e-23	0.0012305999989621341
1263	1e-23	0.0011050000321120024
1264	1e-23	0.001097499975003302
1265	1e-23	0.0011433999752625823
1266	1e-23	0.0010835000430233777
1267	1e-23	0.0012236000038683414
1268	1e-23	0.0011617999989539385
1269	1e-23	0.0012243999517522752
1270	1e-23	0.0011513999779708683
1271	1e-23	0.001123199996072799
1272	1e-23	0.0011106000165455043
1273	1e-23	0.001023300050292164
1274	1e-23	0.0009985000360757113
1275	1e-23	0.001043700031004846
1276	1e-23	0.0010337000130675733
1277	1e-23	0.00105929997516796
1278	1e-23	0.00117790000513196
1279	1e-23	0.001150999974925071
1280	1e-23	0.00115280004683882
1281	1e-23	0.0011166000040248036
1282	1e-23	0.0012008000048808753
1283	1e-23	0.001278200012166053
1284	1e-23	0.0012287000427022576
1285	1e-23	0.0010318999993614852
1286	1e-23	0.0012669999850913882
1287	1e-23	0.0011822999804280698
1288	1e-23	0.0011905000428669155
1289	1e-23	0.0012014000094495714
1290	1e-23	0.0011767999967560172
1291	1e-23	0.0010787000064738095
1292	1e-23	0.0011588000343181193
1293	1e-23	0.0012319000088609755
1294	1e-23	0.0011715000146068633
1295	1e-23	0.0011189000215381384
1296	1e-23	0.0013280999846756458
1297	1e-23	0.0011872000177390873
1298	1e-23	0.0010772999958135188
1299	1e-23	0.0010756999836303294
1300	1e-23	0.001070300000719726
1301	1e-23	0.0010318999993614852
1302	1e-23	0.0010611999896354973
1303	1e-23	0.0011494000209495425
1304	1e-23	0.0010813999688252807
1305	1e-23	0.0010011999984271824
1306	1e-23	0.001018799957819283
1307	1e-23	0.0010763999889604747
1308	1e-23	0.0011273999698460102
1309	1e-23	0.0010170000023208559
1310	1e-23	0.001885899982880801
1311	1e-23	0.0012523999903351068
1312	1e-23	0.0011810000287368894
1313	1e-23	0.0010830999817699194
1314	1e-23	0.001262500009033829
1315	1e-23	0.0011599999852478504
1316	1e-23	0.0011108999606221914
1317	1e-23	0.0012553000124171376
1318	1e-23	0.0012292999890632927
1319	1e-23	0.001173799973912537
1320	1e-23	0.0011487000156193972
1321	1e-23	0.00089640001533553
1322	1e-23	0.0012360999826341867
1323	1e-23	0.0010535999899730086
1324	1e-23	0.001062600000295788
1325	1e-23	0.0010347000206820667
1326	1e-23	0.0010000999900512397
1327	1e-23	0.0010102999513037503
1328	1e-23	0.001055500004440546
1329	1e-23	0.0010520999785512686
1330	1e-23	0.0010375999845564365
1331	1e-23	0.0010803999612107873
1332	1e-23	0.0012070999946445227
1333	1e-23	0.001075600041076541
1334	1e-23	0.001012299966532737
1335	1e-23	0.0010024000075645745
1336	1e-23	0.0011183000169694424
1337	1e-23	0.0011027000145986676
1338	1e-23	0.0010933000012300909
1339	1e-23	0.0011952999630011618
1340	1e-23	0.0012144999927841127
1341	1e-23	0.0012036999687552452
1342	1e-23	0.001171700016129762
1343	1e-23	0.0012368999887257814
1344	1e-23	0.0011341000208631158
1345	1e-23	0.0011322999489493668
1346	1e-23	0.0010775999980978668
1347	1e-23	0.0012174000148661435
1348	1e-23	0.0012565000215545297
1349	1e-23	0.0013483999646268785
1350	1e-23	0.001198899990413338
1351	1e-23	0.001209600013680756
1352	1e-23	0.0012711999588645995
1353	1e-23	0.001222000049892813
1354	1e-23	0.0012456999975256622
1355	1e-23	0.0011638999567367136
1356	1e-23	0.0013406999642029405
1357	1e-23	0.00120749999769032
1358	1e-23	0.0011186999618075788
1359	1e-23	0.0012021000147797167
1360	1e-23	0.0011340999626554549
1361	1e-23	0.0011851000017486513
1362	1e-23	0.0013930999557487667
1363	1e-23	0.0012891999795101583
1364	1e-23	0.001180000021122396
1365	1e-23	0.0014859999646432698
1366	1e-23	0.0013528999988920987
1367	1e-23	0.0011801999644376338
1368	1e-23	0.0011631000088527799
1369	1e-23	0.0013433999847620726
1370	1e-23	0.0013074000016786158
1371	1e-23	0.0015554999699816108
1372	1e-23	0.0014223000034689903
1373	1e-23	0.0012519999872893095
1374	1e-23	0.0011890999739989638
1375	1e-23	0.0012043999740853906
1376	1e-23	0.0011556000099517405
1377	1e-23	0.001167299982625991
1378	1e-23	0.0011312999995425344
1379	1e-23	0.0012405000161379576
1380	1e-23	0.0011405999539420009
1381	1e-23	0.001108399999793619
1382	1e-23	0.0012094000121578574
1383	1e-23	0.0012538000009953976
1384	1e-23	0.001131800003349781
1385	1e-23	0.0015981000033207238
1386	1e-23	0.0012503000325523317
1387	1e-23	0.0012097999569959939
1388	1e-23	0.001277900009881705
1389	1e-23	0.0011589000350795686
1390	1e-23	0.0011198999709449708
1391	1e-23	0.0011035999632440507
1392	1e-23	0.0011610999936237931
1393	1e-23	0.0011719000176526606
1394	1e-23	0.0011414000182412565
1395	1e-23	0.0011894999770447612
1396	1e-23	0.0011309999972581863
1397	1e-23	0.0013312000082805753
1398	1e-23	0.0013349999790079892
1399	1e-23	0.0012864999589510262
1400	1e-23	0.0012283000396564603
1401	1e-23	0.0012478000135160983
1402	1e-23	0.0011175000108778477
1403	1e-23	0.0011008000001311302
1404	1e-23	0.0010697999969124794
1405	1e-23	0.0011758999899029732
1406	1e-23	0.0011552000069059432
1407	1e-23	0.0011394000030122697
1408	1e-23	0.0011710000107996166
1409	1e-23	0.0011386999976821244
1410	1e-23	0.0019227999728173018
1411	1e-23	0.0013370999949984252
1412	1e-23	0.001242700032889843
1413	1e-23	0.001216700009535998
1414	1e-23	0.0011825999827124178
1415	1e-23	0.001243000035174191
1416	1e-23	0.0011768999975174665
1417	1e-23	0.001160800049547106
1418	1e-23	0.0011662999750114977
1419	1e-23	0.0011300000478513539
1420	1e-23	0.0012030999641865492
1421	1e-23	0.0017618999700061977
1422	1e-23	0.001348600024357438
1423	1e-23	0.0015579999890178442
1424	1e-23	0.0013152000028640032
1425	1e-23	0.0011461999965831637
1426	1e-23	0.001164299959782511
1427	1e-23	0.001231999951414764
1428	1e-23	0.0012157000019215047
1429	1e-23	0.0011692999978549778
1430	1e-23	0.0012359999818727374
1431	1e-23	0.0011505999718792737
1432	1e-23	0.0011393999448046088
1433	1e-23	0.001414800004567951
1434	1e-23	0.0012268000282347202
1435	1e-23	0.001082399976439774
1436	1e-23	0.0011143000447191298
1437	1e-23	0.0011217999854125082
1438	1e-23	0.0010955000179819763
1439	1e-23	0.0010924999951384962
1440	1e-23	0.0011375999893061817
1441	1e-23	0.0011680999887175858
1442	1e-23	0.0011484000133350492
1443	1e-23	0.0011104000150226057
1444	1e-23	0.0010530000436119735
1445	1e-23	0.0010955000179819763
1446	1e-23	0.0010318999993614852
1447	1e-23	0.001678600034210831
1448	1e-23	0.0013711000210605562
1449	1e-23	0.0013231000048108399
1450	1e-23	0.0011742000351659954
1451	1e-23	0.001305399986449629
1452	1e-23	0.001303599972743541
1453	1e-23	0.0011975999805144966
1454	1e-23	0.0012249000137671828
1455	1e-23	0.0012454999960027635
1456	1e-23	0.001129099982790649
1457	1e-23	0.0012801000266335905
1458	1e-23	0.0012607999960891902
1459	1e-23	0.0015640999772585928
1460	1e-23	0.0012993999989703298
1461	1e-23	0.0011935000075027347
1462	1e-23	0.00115870003355667
1463	1e-23	0.0011207999777980149
1464	1e-23	0.0011626000050455332
1465	1e-23	0.0011716000153683126
1466	1e-23	0.0012086000060662627
1467	1e-23	0.001284099998883903
1468	1e-23	0.001222899998538196
1469	1e-23	0.0011795999598689377
1470	1e-23	0.001199799997266382
1471	1e-23	0.001355400017928332
1472	1e-23	0.0014172999653965235
1473	1e-23	0.0012264000251889229
1474	1e-23	0.0013128999853506684
1475	1e-23	0.0012168000102974474
1476	1e-23	0.00121640000725165
1477	1e-23	0.0012023999588564038
1478	1e-23	0.0011433000327087939
1479	1e-23	0.0011559000122360885
1480	1e-23	0.0012377999955788255
1481	1e-23	0.0012082000030204654
1482	1e-23	0.0011746000382117927
1483	1e-23	0.001484900014474988
1484	1e-23	0.0012592999846674502
1485	1e-23	0.0012072999961674213
1486	1e-23	0.0011418000212870538
1487	1e-23	0.001159000035841018
1488	1e-23	0.001233799965120852
1489	1e-23	0.00118530000327155
1490	1e-23	0.0011787000112235546
1491	1e-23	0.0012640999630093575
1492	1e-23	0.0011418000212870538
1493	1e-23	0.0011358000338077545
1494	1e-23	0.0011254999553784728
1495	1e-23	0.0012011000071652234
1496	1e-23	0.001258400036022067
1497	1e-23	0.0012645000242628157
1498	1e-23	0.0012259999639354646
1499	1e-23	0.001105200033634901
1500	1e-23	0.0012118000304326415
1501	1e-23	0.0012651000288315117
1502	1e-23	0.001205099979415536
1503	1e-23	0.001171100011561066
1504	1e-23	0.0011659000301733613
1505	1e-23	0.0011983999866060913
1506	1e-23	0.0011544000008143485
1507	1e-23	0.0013618000084534287
1508	1e-23	0.0018452999647706747
1509	1e-23	0.001248900021892041
1510	1e-23	0.0012724000262096524
1511	1e-23	0.0012565000215545297
1512	1e-23	0.0011748999822884798
1513	1e-23	0.0012313000042922795
1514	1e-23	0.001211599970702082
1515	1e-23	0.00111109996214509
1516	1e-23	0.0011828000424429774
1517	1e-23	0.0011378999915905297
1518	1e-23	0.0011337000178173184
1519	1e-23	0.0011282000341452658
1520	1e-23	0.0012894999817945063
1521	1e-23	0.001236499985679984
1522	1e-23	0.0010800000163726509
1523	1e-23	0.0011245000059716403
1524	1e-23	0.0011621000012382865
1525	1e-23	0.0012347999727353454
1526	1e-23	0.0011876000207848847
1527	1e-23	0.0012957000290043652
1528	1e-23	0.0011883999686688185
1529	1e-23	0.0011045000283047557
1530	1e-23	0.0010779000003822148
1531	1e-23	0.0011887000291608274
1532	1e-23	0.0011506000300869346
1533	1e-23	0.0012729999725706875
1534	1e-23	0.001261900004465133
1535	1e-23	0.0012261000229045749
1536	1e-23	0.0011508000316098332
1537	1e-23	0.0011263000196777284
1538	1e-23	0.0012467000051401556
1539	1e-23	0.0011718000168912113
1540	1e-23	0.0011741999769583344
1541	1e-23	0.0011394000030122697
1542	1e-23	0.0011677999864332378
1543	1e-23	0.0012047000345773995
1544	1e-23	0.0011024000123143196
1545	1e-23	0.0012258000206202269
1546	1e-23	0.0012359999818727374
1547	1e-23	0.0011644000187516212
1548	1e-23	0.0011771999998018146
1549	1e-23	0.0011750999838113785
1550	1e-23	0.00119570002425462
1551	1e-23	0.0012571999686770141
1552	1e-23	0.001159899984486401
1553	1e-23	0.001200400001835078
1554	1e-23	0.00104599999031052
1555	1e-23	0.0011513999779708683
1556	1e-23	0.001130599994212389
1557	1e-23	0.0012529999949038029
1558	1e-23	0.0011343000223860145
1559	1e-23	0.0010710000060498714
1560	1e-23	0.001188900030683726
1561	1e-23	0.0012312000035308301
1562	1e-23	0.0010883999639190733
1563	1e-23	0.0010766999912448227
1564	1e-23	0.0012466000043787062
1565	1e-23	0.0012925000046379864
1566	1e-23	0.0012386000016704202
1567	1e-23	0.0011239000014029443
1568	1e-23	0.0011789999553002417
1569	1e-23	0.001124700007494539
1570	1e-23	0.001714700018055737
1571	1e-23	0.0012138999882154167
1572	1e-23	0.001144800044130534
1573	1e-23	0.001457700040191412
1574	1e-23	0.0012524999910965562
1575	1e-23	0.0012656999751925468
1576	1e-23	0.0013253999641165137
1577	1e-23	0.0015150000108405948
1578	1e-23	0.0012926000053994358
1579	1e-23	0.0013242000131867826
1580	1e-23	0.0012292999890632927
1581	1e-23	0.0012235000031068921
1582	1e-23	0.0012942000175826252
1583	1e-23	0.0013256000238470733
1584	1e-23	0.0012937999563291669
1585	1e-23	0.0013648000312969089
1586	1e-23	0.001193300005979836
1587	1e-23	0.0014277000445872545
1588	1e-23	0.001394399965647608
1589	1e-23	0.0010405000066384673
1590	1e-23	0.0013185999705456197
1591	1e-23	0.001228800043463707
1592	1e-23	0.0011070999898947775
1593	1e-23	0.0016049999976530671
1594	1e-23	0.0012274999753572047
1595	1e-23	0.0012329000164754689
1596	1e-23	0.001172900025267154
1597	1e-23	0.001615900022443384
1598	1e-23	0.0012724000262096524
1599	1e-23	0.0012242000084370375
1600	1e-23	0.0011516999802552164
1601	1e-23	0.0014227000065147877
1602	1e-23	0.0013595999917015433
1603	1e-23	0.001865500002168119
1604	1e-23	0.001550600049085915
1605	1e-23	0.0013628999586217105
1606	1e-23	0.0018062000162899494
1607	1e-23	0.0012502999743446708
1608	1e-23	0.0011847999994643033
1609	1e-23	0.0011738999746739864
1610	1e-23	0.001253599999472499
1611	1e-23	0.0011116000241599977
1612	1e-23	0.001065799966454506
1613	1e-23	0.0010508999694138765
1614	1e-23	0.0010662999702617526
1615	1e-23	0.001083899987861514
1616	1e-23	0.0010905000381171703
1617	1e-23	0.0017979000112973154
1618	1e-23	0.0017517999513074756
1619	1e-23	0.0017494000494480133
1620	1e-23	0.0012086000060662627
1621	1e-23	0.0011294000432826579
1622	1e-23	0.0010406000073999166
1623	1e-23	0.001268099993467331
1624	1e-23	0.0011912000481970608
1625	1e-23	0.0011550000053830445
1626	1e-23	0.0011555999517440796
1627	1e-23	0.0011917000520043075
1628	1e-23	0.001128799980506301
1629	1e-23	0.0013995000044815242
1630	1e-23	0.001122299989219755
1631	1e-23	0.0010362000321038067
1632	1e-23	0.001151599979493767
1633	1e-23	0.0011001999955624342
1634	1e-23	0.0011018000077456236
1635	1e-23	0.0010236999951303005
1636	1e-23	0.00106229999801144
1637	1e-23	0.0012209999840706587
1638	1e-23	0.0013761999434791505
1639	1e-23	0.0012222999939695
1640	1e-23	0.0011079999967478216
1641	1e-23	0.001257800031453371
1642	1e-23	0.0011304999934509397
1643	1e-23	0.001052499981597066
1644	1e-23	0.0011143000447191298
1645	1e-23	0.0011088000028394163
1646	1e-23	0.00107709999429062
1647	1e-23	0.0010637000086717308
1648	1e-23	0.0011341999634169042
1649	1e-23	0.0010276000248268247
1650	1e-23	0.0010946000111289322
1651	1e-23	0.0009913999820128083
1652	1e-23	0.000999600044451654
1653	1e-23	0.0009176000021398067
1654	1e-23	0.0009421000140719116
1655	1e-23	0.0011541999992914498
1656	1e-23	0.0017769000260159373
1657	1e-23	0.0011176999541930854
1658	1e-23	0.001126200018916279
1659	1e-23	0.001179099956061691
1660	1e-23	0.0010872000129893422
1661	1e-23	0.001118800020776689
1662	1e-23	0.0011407000129111111
1663	1e-23	0.0013120000367052853
1664	1e-23	0.0014226000057533383
1665	1e-23	0.001128799980506301
1666	1e-23	0.0014860999654047191
1667	1e-23	0.0011784000089392066
1668	1e-23	0.0014713000273332
1669	1e-23	0.0011984000448137522
1670	1e-23	0.001122299989219755
1671	1e-23	0.0011872000177390873
1672	1e-23	0.001215199998114258
1673	1e-23	0.0012120999745093286
1674	1e-23	0.0012051000376231968
1675	1e-23	0.0011484000133350492
1676	1e-23	0.001145099988207221
1677	1e-23	0.0011322000063955784
1678	1e-23	0.0011606999905779958
1679	1e-23	0.0011653000256046653
1680	1e-23	0.0012955000274814665
1681	1e-23	0.0012576999724842608
1682	1e-23	0.0010847999947145581
1683	1e-23	0.0010154000483453274
1684	1e-23	0.001046299992594868
1685	1e-23	0.0010694999946281314
1686	1e-23	0.0011434999760240316
1687	1e-23	0.0010867000091820955
1688	1e-23	0.0010453000431880355
1689	1e-23	0.00103420001687482
1690	1e-23	0.0010515000321902335
1691	1e-23	0.0009970000246539712
1692	1e-23	0.0010297000408172607
1693	1e-23	0.0011202000314369798
1694	1e-23	0.0013330999645404518
1695	1e-23	0.001253599999472499
1696	1e-23	0.001160199986770749
1697	1e-23	0.0011754999868571758
1698	1e-23	0.0011674999841488898
1699	1e-23	0.0011357999756000936
1700	1e-23	0.0010961000225506723
1701	1e-23	0.0011139000416733325
1702	1e-23	0.0011625000042840838
1703	1e-23	0.001179100014269352
1704	1e-23	0.001142099965363741
1705	1e-23	0.0011439999798312783
1706	1e-23	0.001109900011215359
1707	1e-23	0.0014046999858692288
1708	1e-23	0.001263399957679212
1709	1e-23	0.0011999999987892807
1710	1e-23	0.0011274000280536711
1711	1e-23	0.0011621000012382865
1712	1e-23	0.0011301999911665916
1713	1e-23	0.0011679999879561365
1714	1e-23	0.0011522999848239124
1715	1e-23	0.0011855000047944486
1716	1e-23	0.0011023000115528703
1717	1e-23	0.0011731000267900527
1718	1e-23	0.001261900004465133
1719	1e-23	0.0011066000442951918
1720	1e-23	0.001193000003695488
1721	1e-23	0.0011458999942988157
1722	1e-23	0.0011757999891415238
1723	1e-23	0.001178200007416308
1724	1e-23	0.0011710000107996166
1725	1e-23	0.0011685999925248325
1726	1e-23	0.0010993999894708395
1727	1e-23	0.0010738999699242413
1728	1e-23	0.001229999994393438
1729	1e-23	0.0011665999772958457
1730	1e-23	0.0012100000167265534
1731	1e-23	0.0011603000457398593
1732	1e-23	0.001254500006325543
1733	1e-23	0.0016902999486774206
1734	1e-23	0.0011633000103756785
1735	1e-23	0.0011749000404961407
1736	1e-23	0.001029500039294362
1737	1e-23	0.001215199998114258
1738	1e-23	0.0011627000058069825
1739	1e-23	0.001111400022637099
1740	1e-23	0.0011608999921008945
1741	1e-23	0.0011583000305108726
1742	1e-23	0.0011221999884583056
1743	1e-23	0.001084200048353523
1744	1e-23	0.0010901999776251614
1745	1e-23	0.001134999969508499
1746	1e-23	0.001525699975900352
1747	1e-23	0.0011302000493742526
1748	1e-23	0.0011759999906644225
1749	1e-23	0.0012310000020079315
1750	1e-23	0.0011023000115528703
1751	1e-23	0.001297699986025691
1752	1e-23	0.0011341999634169042
1753	1e-23	0.0011179999564774334
1754	1e-23	0.0010220999829471111
1755	1e-23	0.0011099999537691474
1756	1e-23	0.0010408000089228153
1757	1e-23	0.001064100011717528
1758	1e-23	0.0010111000156030059
1759	1e-23	0.00177060003625229
1760	1e-23	0.0013433999847620726
1761	1e-23	0.0011817999766208231
1762	1e-23	0.0012277000350877643
1763	1e-23	0.0011211999808438122
1764	1e-23	0.0010244000004604459
1765	1e-23	0.0011168999481014907
1766	1e-23	0.0010890999692492187
1767	1e-23	0.0010008999961428344
1768	1e-23	0.0009899999713525176
1769	1e-23	0.0011529999901540577
1770	1e-23	0.0012317000073380768
1771	1e-23	0.0013964000390842557
1772	1e-23	0.0011552000069059432
1773	1e-23	0.0011300999904051423
1774	1e-23	0.0011745999800041318
1775	1e-23	0.0011760999914258718
1776	1e-23	0.0013387000071816146
1777	1e-23	0.0010908999829553068
1778	1e-23	0.0010557000059634447
1779	1e-23	0.0010819000308401883
1780	1e-23	0.0011306999949738383
1781	1e-23	0.0010426000226289034
1782	1e-23	0.0010100000072270632
1783	1e-23	0.0010883999639190733
1784	1e-23	0.0011009000008925796
1785	1e-23	0.0012049999786540866
1786	1e-23	0.0012662000372074544
1787	1e-23	0.0012758999946527183
1788	1e-23	0.0011242000036872923
1789	1e-23	0.001157199963927269
1790	1e-23	0.001209900015965104
1791	1e-23	0.0011239000014029443
1792	1e-23	0.0011117999674752355
1793	1e-23	0.0012092000106349587
1794	1e-23	0.0011329000117257237
1795	1e-23	0.0011557999532669783
1796	1e-23	0.0012309999438002706
1797	1e-23	0.0012132999836467206
1798	1e-23	0.001464499975554645
1799	1e-23	0.0012608999968506396
1800	1e-23	0.0011272000265307724
1801	1e-23	0.0010764000471681356
1802	1e-23	0.0010154999908991158
1803	1e-23	0.0010174000053666532
1804	1e-23	0.0012316000065766275
1805	1e-23	0.0011109999613836408
1806	1e-23	0.0010400000028312206
1807	1e-23	0.0010965000255964696
1808	1e-23	0.001133000012487173
1809	1e-23	0.0010763999889604747
1810	1e-23	0.0010101000079885125
1811	1e-23	0.0015400000265799463
1812	1e-23	0.0013226000010035932
1813	1e-23	0.0012188999680802226
1814	1e-23	0.001227000029757619
1815	1e-23	0.0011692999978549778
1816	1e-23	0.0010872000129893422
1817	1e-23	0.001077400054782629
1818	1e-23	0.001090999983716756
1819	1e-23	0.00106229999801144
1820	1e-23	0.0012662000372074544
1821	1e-23	0.0011911999899894
1822	1e-23	0.0011493999627418816
1823	1e-23	0.001108399999793619
1824	1e-23	0.001339700014796108
1825	1e-23	0.0014832000015303493
1826	1e-23	0.0011418999638408422
1827	1e-23	0.001147200004197657
1828	1e-23	0.0011909999884665012
1829	1e-23	0.0011696000001393259
1830	1e-23	0.0011787000112235546
1831	1e-23	0.0012097000144422054
1832	1e-23	0.0011792000150308013
1833	1e-23	0.0011208000360056758
1834	1e-23	0.00119270000141114
1835	1e-23	0.0011573999654501677
1836	1e-23	0.0011721999617293477
1837	1e-23	0.0013140999944880605
1838	1e-23	0.0011525999871082604
1839	1e-23	0.00106380000943318
1840	1e-23	0.0010828999802470207
1841	1e-23	0.0010581999667920172
1842	1e-23	0.0010865000076591969
1843	1e-23	0.0010436999727971852
1844	1e-23	0.001090099976863712
1845	1e-23	0.0011553000076673925
1846	1e-23	0.0011050000321120024
1847	1e-23	0.001001099997665733
1848	1e-23	0.00103570002829656
1849	1e-23	0.001206599990837276
1850	1e-23	0.0013516000472009182
1851	1e-23	0.0014140999992378056
1852	1e-23	0.0010599999804981053
1853	1e-23	0.0011106000165455043
1854	1e-23	0.0010715000098571181
1855	1e-23	0.0010402000043541193
1856	1e-23	0.0010976000339724123
1857	1e-23	0.0010950000141747296
1858	1e-23	0.00108149996958673
1859	1e-23	0.001255999959539622
1860	1e-23	0.0012461000005714595
1861	1e-23	0.0012716999626718462
1862	1e-23	0.001112000027205795
1863	1e-23	0.0010560000082477927
1864	1e-23	0.001269900007173419
1865	1e-23	0.001153399993199855
1866	1e-23	0.0010941000073216856
1867	1e-23	0.0011702000047080219
1868	1e-23	0.0011183000169694424
1869	1e-23	0.0010934000019915402
1870	1e-23	0.0011488000163808465
1871	1e-23	0.001145699992775917
1872	1e-23	0.0010837999871000648
1873	1e-23	0.0010554000036790967
1874	1e-23	0.0010810999665409327
1875	1e-23	0.001055500004440546
1876	1e-23	0.0010736999684013426
1877	1e-23	0.0013381000026129186
1878	1e-23	0.0011783000081777573
1879	1e-23	0.0010678000398911536
1880	1e-23	0.001089800032787025
1881	1e-23	0.0010843000491149724
1882	1e-23	0.0010155999916605651
1883	1e-23	0.000982699973974377
1884	1e-23	0.0009901000303216279
1885	1e-23	0.0011892999755218625
1886	1e-23	0.0010628000018186867
1887	1e-23	0.0010217000381089747
1888	1e-23	0.001096300024073571
1889	1e-23	0.0011662000324577093
1890	1e-23	0.0011282999766990542
1891	1e-23	0.001296799979172647
1892	1e-23	0.0011615999974310398
1893	1e-23	0.0011085000005550683
1894	1e-23	0.0011100000119768083
1895	1e-23	0.0011009000008925796
1896	1e-23	0.00116460002027452
1897	1e-23	0.0011461999965831637
1898	1e-23	0.0011634000111371279
1899	1e-23	0.0012274000328034163
1900	1e-23	0.0013173999614082277
1901	1e-23	0.0014102999703027308
1902	1e-23	0.0019660000107251108
1903	1e-23	0.0016689000185579062
1904	1e-23	0.001243299979250878
1905	1e-23	0.0011672000400722027
1906	1e-23	0.0010913999867625535
1907	1e-23	0.0010148999863304198
1908	1e-23	0.0011634000111371279
1909	1e-23	0.0010628000018186867
1910	1e-23	0.001057300018146634
1911	1e-23	0.0011107000173069537
1912	1e-23	0.001110200013499707
1913	1e-23	0.0010708000045269728
1914	1e-23	0.001401199959218502
1915	1e-23	0.0011724000214599073
1916	1e-23	0.001172299962490797
1917	1e-23	0.001220499980263412
1918	1e-23	0.0012086000060662627
1919	1e-23	0.0011628000065684319
1920	1e-23	0.0011817999766208231
1921	1e-23	0.0011763999937102199
1922	1e-23	0.0011475000064820051
1923	1e-23	0.0011304999934509397
1924	1e-23	0.0011068999883718789
1925	1e-23	0.0011369999847374856
1926	1e-23	0.0011845999979414046
1927	1e-23	0.0013599999947473407
1928	1e-23	0.0012122000334784389
1929	1e-23	0.0011970999767072499
1930	1e-23	0.0011541999992914498
1931	1e-23	0.0012331000179983675
1932	1e-23	0.001171700016129762
1933	1e-23	0.00109779997728765
1934	1e-23	0.0011048000305891037
1935	1e-23	0.0012888999772258103
1936	1e-23	0.001345900003798306
1937	1e-23	0.001198299985844642
1938	1e-23	0.0011123999720439315
1939	1e-23	0.0013432999840006232
1940	1e-23	0.0012871000217273831
1941	1e-23	0.001271100016310811
1942	1e-23	0.0011149999918416142
1943	1e-23	0.0011591000366024673
1944	1e-23	0.0012287000427022576
1945	1e-23	0.0012514000409282744
1946	1e-23	0.0012172000133432448
1947	1e-23	0.0012574999709613621
1948	1e-23	0.0012448999914340675
1949	1e-23	0.0012242000084370375
1950	1e-23	0.0010710999486036599
1951	1e-23	0.0010371999815106392
1952	1e-23	0.001458299986552447
1953	1e-23	0.0012809999752789736
1954	1e-23	0.001261299999896437
1955	1e-23	0.0011977000394836068
1956	1e-23	0.0011270999675616622
1957	1e-23	0.0015762000111863017
1958	1e-23	0.001278200012166053
1959	1e-23	0.0011340999626554549
1960	1e-23	0.0011841999948956072
1961	1e-23	0.0011328000109642744
1962	1e-23	0.0011806999682448804
1963	1e-23	0.001091900048777461
1964	1e-23	0.0018501000013202429
1965	1e-23	0.0011300999904051423
1966	1e-23	0.0011609000503085554
1967	1e-23	0.0011946000158786774
1968	1e-23	0.0012239000061526895
1969	1e-23	0.0012263000244274735
1970	1e-23	0.0012308000004850328
1971	1e-23	0.0012268000282347202
1972	1e-23	0.0011899999808520079
1973	1e-23	0.001229400048032403
1974	1e-23	0.0011499999673105776
1975	1e-23	0.0011422999668866396
1976	1e-23	0.0011312999995425344
1977	1e-23	0.0012615000014193356
1978	1e-23	0.0013730000355280936
1979	1e-23	0.0015384000143967569
1980	1e-23	0.0013812999823130667
1981	1e-23	0.0015604000072926283
1982	1e-23	0.0011012000031769276
1983	1e-23	0.0011948999599553645
1984	1e-23	0.0011631000088527799
1985	1e-23	0.001080900023225695
1986	1e-23	0.0010196000221185386
1987	1e-23	0.0010661000269465148
1988	1e-23	0.0011348000261932611
1989	1e-23	0.0017565999878570437
1990	1e-23	0.0011158999986946583
1991	1e-23	0.001122299989219755
1992	1e-23	0.0010301999864168465
1993	1e-23	0.0010985000408254564
1994	1e-23	0.001118800020776689
1995	1e-23	0.0012377999955788255
1996	1e-23	0.001208400004543364
1997	1e-23	0.0012478000135160983
1998	1e-23	0.001209900015965104
1999	1e-23	0.0012387000024318695
2000	1e-23	0.0011100000119768083
2001	1e-23	0.0011537999962456524
2002	1e-23	0.001201900013256818
2003	1e-23	0.0012026000185869634
2004	1e-23	0.0011876000207848847
2005	1e-23	0.0011362000368535519
2006	1e-23	0.0010590000310912728
2007	1e-23	0.0011774000013247132
2008	1e-23	0.0012172000133432448
2009	1e-23	0.0011304999934509397
2010	1e-23	0.0010962000233121216
2011	1e-23	0.0010488000116311014
2012	1e-23	0.0011715000146068633
2013	1e-23	0.0011122000287286937
2014	1e-23	0.0011089000036008656
2015	1e-23	0.001422200002707541
2016	1e-23	0.0011944000143557787
2017	1e-23	0.0011614999966695905
2018	1e-23	0.0011088000028394163
2019	1e-23	0.0011346000246703625
2020	1e-23	0.0010964000248350203
2021	1e-23	0.001011400017887354
2022	1e-23	0.0011155000538565218
2023	1e-23	0.0011860000086016953
2024	1e-23	0.001180000021122396
2025	1e-23	0.0011150999926030636
2026	1e-23	0.0011264000204391778
2027	1e-23	0.0011417000205256045
2028	1e-23	0.001227899978403002
2029	1e-23	0.0014123999862931669
2030	1e-23	0.0014604000025428832
2031	1e-23	0.0011858000070787966
2032	1e-23	0.001281399978324771
2033	1e-23	0.0011538999970071018
2034	1e-23	0.0010469999979250133
2035	1e-23	0.0010300999856553972
2036	1e-23	0.0011380999931134284
2037	1e-23	0.0010772999958135188
2038	1e-23	0.0010607999865897
2039	1e-23	0.0010302999871782959
2040	1e-23	0.0011551000061444938
2041	1e-23	0.0017565999878570437
2042	1e-23	0.0012153999996371567
2043	1e-23	0.001271700020879507
2044	1e-23	0.0012220999924466014
2045	1e-23	0.0012443999876268208
2046	1e-23	0.0012789999600499868
2047	1e-23	0.0013019000180065632
2048	1e-23	0.0013340000296011567
2049	1e-23	0.0012644000235013664
2050	1e-23	0.0012975000427104533
2051	1e-23	0.0012952000251971185
2052	1e-23	0.00122079998254776
2053	1e-23	0.0013111000298522413
2054	1e-23	0.0012168000102974474
2055	1e-23	0.001234399969689548
2056	1e-23	0.0012207000399939716
2057	1e-23	0.0011936999508179724
2058	1e-23	0.0011607999913394451
2059	1e-23	0.0012207000399939716
2060	1e-23	0.0010930999997071922
2061	1e-23	0.001019700022879988
2062	1e-23	0.0011035000206902623
2063	1e-23	0.001090699981432408
2064	1e-23	0.0010867000091820955
2065	1e-23	0.0012848000042140484
2066	1e-23	0.0013163000112399459
2067	1e-23	0.0011629000073298812
2068	1e-23	0.0011535999947227538
2069	1e-23	0.0011819000355899334
2070	1e-23	0.0011650000233203173
2071	1e-23	0.0010477000032551587
2072	1e-23	0.0011419000220485032
2073	1e-23	0.0012397000100463629
2074	1e-23	0.0012079000007361174
2075	1e-23	0.0011443999828770757
2076	1e-23	0.0011508000316098332
2077	1e-23	0.0012129999813623726
2078	1e-23	0.0014745000516995788
2079	1e-23	0.0012534999987110496
2080	1e-23	0.0011966999736614525
2081	1e-23	0.0011539999977685511
2082	1e-23	0.001137399987783283
2083	1e-23	0.001179999962914735
2084	1e-23	0.0011371999862603843
2085	1e-23	0.0011353000300005078
2086	1e-23	0.0011075999937020242
2087	1e-23	0.0010907999821938574
2088	1e-23	0.0010587000288069248
2089	1e-23	0.0011074999929405749
2090	1e-23	0.001258100033737719
2091	1e-23	0.0011407999554648995
2092	1e-23	0.0012152999988757074
2093	1e-23	0.0012565000215545297
2094	1e-23	0.0012272000312805176
2095	1e-23	0.0010963999666273594
2096	1e-23	0.0010744999744929373
2097	1e-23	0.0012095000129193068
2098	1e-23	0.001068499987013638
2099	1e-23	0.001086799951735884
2100	1e-23	0.0011328000109642744
2101	1e-23	0.0011543000000528991
2102	1e-23	0.0010999999940395355
2103	1e-23	0.0010224999859929085
2104	1e-23	0.0013521999935619533
2105	1e-23	0.0011766999959945679
2106	1e-23	0.001167300040833652
2107	1e-23	0.0013409999664872885
2108	1e-23	0.0011799000203609467
2109	1e-23	0.0010025000083260238
2110	1e-23	0.0010290000354871154
2111	1e-23	0.0010223999852314591
2112	1e-23	0.0010954999597743154
2113	1e-23	0.0011054999777115881
2114	1e-23	0.0011347000254318118
2115	1e-23	0.0010339999571442604
2116	1e-23	0.0011729999678209424
2117	1e-23	0.0011503000278025866
2118	1e-23	0.0012608999968506396
2119	1e-23	0.0012175000156275928
2120	1e-23	0.0011386999976821244
2121	1e-23	0.0011103999568149447
2122	1e-23	0.0011431999737396836
2123	1e-23	0.001125000009778887
2124	1e-23	0.0010932000004686415
2125	1e-23	0.001136499980930239
2126	1e-23	0.001229400048032403
2127	1e-23	0.0011300999904051423
2128	1e-23	0.0010781000019051135
2129	1e-23	0.001126800023484975
2130	1e-23	0.0013365999911911786
2131	1e-23	0.001178500009700656
2132	1e-23	0.00104750000173226
2133	1e-23	0.0011946000158786774
2134	1e-23	0.0011659999727271497
2135	1e-23	0.0010526000405661762
2136	1e-23	0.0012144999927841127
2137	1e-23	0.0011220999876968563
2138	1e-23	0.0013333999668247998
2139	1e-23	0.0015377999516204
2140	1e-23	0.0011836999910883605
2141	1e-23	0.0011559000122360885
2142	1e-23	0.0012459999998100102
2143	1e-23	0.0012724000262096524
2144	1e-23	0.0011715000146068633
2145	1e-23	0.0011420000228099525
2146	1e-23	0.0012123999767936766
2147	1e-23	0.001180300023406744
2148	1e-23	0.0011690999963320792
2149	1e-23	0.0011492999619804323
2150	1e-23	0.0011576999677345157
2151	1e-23	0.0014220000011846423
2152	1e-23	0.0011526999878697097
2153	1e-23	0.0012577000306919217
2154	1e-23	0.0011357999756000936
2155	1e-23	0.001252200047019869
2156	1e-23	0.0011546000023372471
2157	1e-23	0.0011165000032633543
2158	1e-23	0.0011193999671377242
2159	1e-23	0.0011659999727271497
2160	1e-23	0.0011615999974310398
2161	1e-23	0.0011029999586753547
2162	1e-23	0.0010411000112071633
2163	1e-23	0.0011069999891333282
2164	1e-23	0.0010992999887093902
2165	1e-23	0.0010924000525847077
2166	1e-23	0.001084800052922219
2167	1e-23	0.001302699965890497
2168	1e-23	0.001212199975270778
2169	1e-23	0.0012354000355117023
2170	1e-23	0.0011425999691709876
2171	1e-23	0.001068799989297986
2172	1e-23	0.0010211000335402787
2173	1e-23	0.001075000036507845
2174	1e-23	0.0011357000330463052
2175	1e-23	0.001138299994636327
2176	1e-23	0.0011079999967478216
2177	1e-23	0.0011271999683231115
2178	1e-23	0.0011272999690845609
2179	1e-23	0.0011017000069841743
2180	1e-23	0.00162390002515167
2181	1e-23	0.0014480000245384872
2182	1e-23	0.0011623000027611852
2183	1e-23	0.0010628000018186867
2184	1e-23	0.0010914999875240028
2185	1e-23	0.0010946999536827207
2186	1e-23	0.0010477000032551587
2187	1e-23	0.0012634999584406614
2188	1e-23	0.0013149000005796552
2189	1e-23	0.0011450000456534326
2190	1e-23	0.0011291999835520983
2191	1e-23	0.0010857000015676022
2192	1e-23	0.0010720000136643648
2193	1e-23	0.0010588000295683742
2194	1e-23	0.0013543000095523894
2195	1e-23	0.0011830999865196645
2196	1e-23	0.001201900013256818
2197	1e-23	0.0013679999974556267
2198	1e-23	0.0014287999947555363
2199	1e-23	0.00115720002213493
2200	1e-23	0.0012159000034444034
2201	1e-23	0.0012189000262878835
2202	1e-23	0.0011588999768719077
2203	1e-23	0.0010903000365942717
2204	1e-23	0.0011547000030986965
2205	1e-23	0.0010952000156976283
2206	1e-23	0.0013216000515967607
2207	1e-23	0.0011759999906644225
2208	1e-23	0.0010204000282101333
2209	1e-23	0.0010677000391297042
2210	1e-23	0.0010411000112071633
2211	1e-23	0.0011256999569013715
2212	1e-23	0.0010682999854907393
2213	1e-23	0.0010005999938584864
2214	1e-23	0.0010286999749951065
2215	1e-23	0.001333800028078258
2216	1e-23	0.0011971999774686992
2217	1e-23	0.0010892999707721174
2218	1e-23	0.001046899997163564
2219	1e-23	0.0012960000312887132
2220	1e-23	0.0012737999786622822
2221	1e-23	0.00123259995598346
2222	1e-23	0.0011721999617293477
2223	1e-23	0.0011454999912530184
2224	1e-23	0.0011844999971799552
2225	1e-23	0.0012328000157140195
2226	1e-23	0.0011446000426076353
2227	1e-23	0.0011557000107131898
2228	1e-23	0.0011498999665491283
2229	1e-23	0.0011724999640136957
2230	1e-23	0.0011185999610461295
2231	1e-23	0.0010008999961428344
2232	1e-23	0.0011168000055477023
2233	1e-23	0.0013042999780736864
2234	1e-23	0.0012413000222295523
2235	1e-23	0.0011726999655365944
2236	1e-23	0.001174400036688894
2237	1e-23	0.0011568000190891325
2238	1e-23	0.0011849000002257526
2239	1e-23	0.0012159000034444034
2240	1e-23	0.0010932000004686415
2241	1e-23	0.0010728000197559595
2242	1e-23	0.001070600003004074
2243	1e-23	0.0010707000037655234
2244	1e-23	0.0011681000469252467
2245	1e-23	0.0010825000354088843
2246	1e-23	0.0015187999815680087
2247	1e-23	0.0013348999782465398
2248	1e-23	0.001463599968701601
2249	1e-23	0.0012543000048026443
2250	1e-23	0.0012556000147014856
2251	1e-23	0.0015168999671004713
2252	1e-23	0.0013654000358656049
2253	1e-23	0.0013495999737642705
2254	1e-23	0.00133050000295043
2255	1e-23	0.0012466000043787062
2256	1e-23	0.0013512999867089093
2257	1e-23	0.001136199978645891
2258	1e-23	0.0011286999797448516
2259	1e-23	0.0011907999869436026
2260	1e-23	0.001225499960128218
2261	1e-23	0.0012586000375449657
2262	1e-23	0.0011811000294983387
2263	1e-23	0.0010868000099435449
2264	1e-23	0.00130390003323555
2265	1e-23	0.0014614000101573765
2266	1e-23	0.0013091000146232545
2267	1e-23	0.001163099950645119
2268	1e-23	0.0011754999868571758
2269	1e-23	0.0014875000342726707
2270	1e-23	0.0013105000252835453
2271	1e-23	0.0011622000019997358
2272	1e-23	0.001228499982971698
2273	1e-23	0.00125629996182397
2274	1e-23	0.0011953000212088227
2275	1e-23	0.0012312000035308301
2276	1e-23	0.0013132999883964658
2277	1e-23	0.0013436999870464206
2278	1e-23	0.0012208999833092093
2279	1e-23	0.0012235000031068921
2280	1e-23	0.0013101999647915363
2281	1e-23	0.0012698000064119697
2282	1e-23	0.0012549000093713403
2283	1e-23	0.0012067999923601747
2284	1e-23	0.0011844999971799552
2285	1e-23	0.0011460999958217144
2286	1e-23	0.0011202999739907682
2287	1e-23	0.001141799963079393
2288	1e-23	0.0010822999756783247
2289	1e-23	0.0010589000303298235
2290	1e-23	0.0010943000088445842
2291	1e-23	0.0011286000371910632
2292	1e-23	0.0011314000003039837
2293	1e-23	0.001255700015462935
2294	1e-23	0.001275499991606921
2295	1e-23	0.001196600031107664
2296	1e-23	0.001115499995648861
2297	1e-23	0.0011340000201016665
2298	1e-23	0.0011195000261068344
2299	1e-23	0.0011633000103756785
2300	1e-23	0.0011189000215381384
2301	1e-23	0.0010504000238142908
2302	1e-23	0.001157499966211617
2303	1e-23	0.001130300050135702
2304	1e-23	0.0011775000020861626
2305	1e-23	0.0012177000171504915
2306	1e-23	0.0011030000168830156
2307	1e-23	0.0016382000176236033
2308	1e-23	0.001188000023830682
2309	1e-23	0.0012172000133432448
2310	1e-23	0.001152499986346811
2311	1e-23	0.0011435000342316926
2312	1e-23	0.0012564999633468688
2313	1e-23	0.0012540000025182962
2314	1e-23	0.001247700012754649
2315	1e-23	0.0012725000269711018
2316	1e-23	0.00121339998440817
2317	1e-23	0.0011614999966695905
2318	1e-23	0.001172300020698458
2319	1e-23	0.0012835999950766563
2320	1e-23	0.001270499953534454
2321	1e-23	0.0012576999724842608
2322	1e-23	0.001240900019183755
2323	1e-23	0.0011857000063173473
2324	1e-23	0.0011490999604575336
2325	1e-23	0.0012126999790780246
2326	1e-23	0.0012088999501429498
2327	1e-23	0.0012759999954141676
2328	1e-23	0.0012172000133432448
2329	1e-23	0.0011657000286504626
2330	1e-23	0.001170499948784709
2331	1e-23	0.001291499997023493
2332	1e-23	0.0013008000096306205
2333	1e-23	0.00119270000141114
2334	1e-23	0.0011136999819427729
2335	1e-23	0.0011291000409983099
2336	1e-23	0.001082699978724122
2337	1e-23	0.0011078999959863722
2338	1e-23	0.0010500000207684934
2339	1e-23	0.0011235999991185963
2340	1e-23	0.001150399970356375
2341	1e-23	0.0010946000111289322
2342	1e-23	0.0011830999865196645
2343	1e-23	0.0011402999516576529
2344	1e-23	0.0011229999945499003
2345	1e-23	0.001311900035943836
2346	1e-23	0.0010878999601118267
2347	1e-23	0.001416300015989691
2348	1e-23	0.001052199979312718
2349	1e-23	0.0009939000010490417
2350	1e-23	0.0010038000182248652
2351	1e-23	0.000979200005531311
2352	1e-23	0.0010655000223778188
2353	1e-23	0.0012157000019215047
2354	1e-23	0.0012692000018432736
2355	1e-23	0.0012556000147014856
2356	1e-23	0.0013535000034607947
2357	1e-23	0.001233499962836504
2358	1e-23	0.001235000032465905
2359	1e-23	0.0014313999563455582
2360	1e-23	0.0012784999562427402
2361	1e-23	0.0012615000014193356
2362	1e-23	0.001249500026460737
2363	1e-23	0.0014058999950066209
2364	1e-23	0.0013605999993160367
2365	1e-23	0.001331999956164509
2366	1e-23	0.0012540000025182962
2367	1e-23	0.0014880999806337059
2368	1e-23	0.0012143999920226634
2369	1e-23	0.0012037999695166945
2370	1e-23	0.0012095000129193068
2371	1e-23	0.0011828999849967659
2372	1e-23	0.001248600019607693
2373	1e-23	0.0012643999652937055
2374	1e-23	0.0015971999964676797
2375	1e-23	0.0012356999795883894
2376	1e-23	0.0012136000441387296
2377	1e-23	0.0015332000330090523
2378	1e-23	0.001534600043669343
2379	1e-23	0.001184399996418506
2380	1e-23	0.0015968999941833317
2381	1e-23	0.0014477999648079276
2382	1e-23	0.0013386000064201653
2383	1e-23	0.0012573999701999128
2384	1e-23	0.0011232999968342483
2385	1e-23	0.001178800011985004
2386	1e-23	0.001310999970883131
2387	1e-23	0.0014392000157386065
2388	1e-23	0.0012485000188462436
2389	1e-23	0.0013171000173315406
2390	1e-23	0.0011396999470889568
2391	1e-23	0.0011826999834738672
2392	1e-23	0.0012792000197805464
2393	1e-23	0.001707899966277182
2394	1e-23	0.001222599996253848
2395	1e-23	0.0011297999881207943
2396	1e-23	0.0012428999762050807
2397	1e-23	0.0011082999990321696
2398	1e-23	0.0010912999860011041
2399	1e-23	0.0011587999761104584
2400	1e-23	0.001124100002925843
2401	1e-23	0.0012309000012464821
2402	1e-23	0.0011266000219620764
2403	1e-23	0.00120749999769032
2404	1e-23	0.0014435999910347164
2405	1e-23	0.0011934000067412853
2406	1e-23	0.0011946000158786774
2407	1e-23	0.0012197999749332666
2408	1e-23	0.0012758999946527183
2409	1e-23	0.001215199998114258
2410	1e-23	0.001216100004967302
2411	1e-23	0.0011633000103756785
2412	1e-23	0.0012110000243410468
2413	1e-23	0.0011591000366024673
2414	1e-23	0.0011270000250078738
2415	1e-23	0.001187100016977638
2416	1e-23	0.0013158000074326992
2417	1e-23	0.0012159000034444034
2418	1e-23	0.0011341000208631158
2419	1e-23	0.0011300000478513539
2420	1e-23	0.0012937000137753785
2421	1e-23	0.0011849000002257526
2422	1e-23	0.0013780000153928995
2423	1e-23	0.0011995999957434833
2424	1e-23	0.0010975999757647514
2425	1e-23	0.0011940000113099813
2426	1e-23	0.00117790000513196
2427	1e-23	0.001116700004786253
2428	1e-23	0.0010949000134132802
2429	1e-23	0.0011486000148579478
2430	1e-23	0.0012960999738425016
2431	1e-23	0.001340300019364804
2432	1e-23	0.0013002000050619245
2433	1e-23	0.0011837999918498099
2434	1e-23	0.0012892000377178192
2435	1e-23	0.0012347999727353454
2436	1e-23	0.0012332000187598169
2437	1e-23	0.0012226999970152974
2438	1e-23	0.0012370999902486801
2439	1e-23	0.0012265000259503722
2440	1e-23	0.001193900010548532
2441	1e-23	0.0016246000304818153
2442	1e-23	0.0013306000037118793
2443	1e-23	0.0012930999509990215
2444	1e-23	0.0012978999875485897
2445	1e-23	0.0012778000091202557
2446	1e-23	0.0012373000499792397
2447	1e-23	0.0011363000376150012
2448	1e-23	0.0011849000002257526
2449	1e-23	0.0011884999694302678
2450	1e-23	0.0011357999756000936
2451	1e-23	0.0010492000146768987
2452	1e-23	0.001264300022739917
2453	1e-23	0.001332599960733205
2454	1e-23	0.0016888999962247908
2455	1e-23	0.0012932000099681318
2456	1e-23	0.0012778000091202557
2457	1e-23	0.0011447000433690846
2458	1e-23	0.0011097000096924603
2459	1e-23	0.001088900025933981
2460	1e-23	0.0010500000207684934
2461	1e-23	0.0012602999922819436
2462	1e-23	0.0012092000106349587
2463	1e-23	0.0010852999985218048
2464	1e-23	0.001038299989886582
2465	1e-23	0.0012850999482907355
2466	1e-23	0.0013155000051483512
2467	1e-23	0.001331400009803474
2468	1e-23	0.001250100031029433
2469	1e-23	0.0012550000101327896
2470	1e-23	0.0011915000504814088
2471	1e-23	0.0013057999894954264
2472	1e-23	0.001277300005313009
2473	1e-23	0.0014087000163272023
2474	1e-23	0.001236499985679984
2475	1e-23	0.00121189997298643
2476	1e-23	0.0011309999972581863
2477	1e-23	0.0012419999693520367
2478	1e-23	0.0012940000160597265
2479	1e-23	0.0011948999599553645
2480	1e-23	0.0011457999935373664
2481	1e-23	0.0010582000249996781
2482	1e-23	0.0011937000090256333
2483	1e-23	0.0011736999731510878
2484	1e-23	0.0011461000540293753
2485	1e-23	0.001220200036186725
2486	1e-23	0.0011884999694302678
2487	1e-23	0.0011325000086799264
2488	1e-23	0.0011489000171422958
2489	1e-23	0.0011912999907508492
2490	1e-23	0.0014756000018678606
2491	1e-23	0.0012823999859392643
2492	1e-23	0.0012524999910965562
2493	1e-23	0.0011363000376150012
2494	1e-23	0.0011609999928623438
2495	1e-23	0.0011500000255182385
2496	1e-23	0.0011495000217109919
2497	1e-23	0.0013275000383146107
2498	1e-23	0.0014684000052511692
2499	1e-23	0.0012411000207066536
2500	1e-23	0.001165499968919903
2501	1e-23	0.00117790000513196
2502	1e-23	0.0012044000322930515
2503	1e-23	0.0013540000072680414
2504	1e-23	0.001395899977069348
2505	1e-23	0.0014457000070251524
2506	1e-23	0.0013351999805308878
2507	1e-23	0.0013208999880589545
2508	1e-23	0.0012703000102192163
2509	1e-23	0.001507700013462454
2510	1e-23	0.001450000039767474
2511	1e-23	0.0012708999565802515
2512	1e-23	0.0011307999957352877
2513	1e-23	0.0011229999945499003
2514	1e-23	0.0014697000151500106
2515	1e-23	0.0012150999973528087
2516	1e-23	0.0012027000193484128
2517	1e-23	0.0012190999696031213
2518	1e-23	0.0011298999888822436
2519	1e-23	0.0010775999980978668
2520	1e-23	0.0011477999505586922
2521	1e-23	0.001198899990413338
2522	1e-23	0.0011579999700188637
2523	1e-23	0.0011437999783083797
2524	1e-23	0.0010936000035144389
2525	1e-23	0.001144499983638525
2526	1e-23	0.0011068000458180904
2527	1e-23	0.001158399973064661
2528	1e-23	0.0012122999760322273
2529	1e-23	0.0011608999921008945
2530	1e-23	0.0011514999787323177
2531	1e-23	0.0011477000080049038
2532	1e-23	0.0010716999531723559
2533	1e-23	0.0010516999755054712
2534	1e-23	0.0010300999856553972
2535	1e-23	0.001283499994315207
2536	1e-23	0.0011747999815270305
2537	1e-23	0.0010960999643430114
2538	1e-23	0.0010896999738179147
2539	1e-23	0.0012119000311940908
2540	1e-23	0.0012527999933809042
2541	1e-23	0.0012273999745957553
2542	1e-23	0.0013837000005878508
2543	1e-23	0.0012371999910101295
2544	1e-23	0.0011653999681584537
2545	1e-23	0.0011739000328816473
2546	1e-23	0.0011187000200152397
2547	1e-23	0.0011128999758511782
2548	1e-23	0.001173199969343841
2549	1e-23	0.0011326999519951642
2550	1e-23	0.0010739999706856906
2551	1e-23	0.0011270999675616622
2552	1e-23	0.0011056999792344868
2553	1e-23	0.001464800036046654
2554	1e-23	0.001482799998484552
2555	1e-23	0.0013037999742664397
2556	1e-23	0.0012135000433772802
2557	1e-23	0.0011062999838031828
2558	1e-23	0.0011248000082559884
2559	1e-23	0.0011219000443816185
2560	1e-23	0.0011714999563992023
2561	1e-23	0.001095699961297214
2562	1e-23	0.001201900013256818
2563	1e-23	0.0012330999597907066
2564	1e-23	0.0010834000422619283
2565	1e-23	0.0013964000390842557
2566	1e-23	0.0013076000032015145
2567	1e-23	0.0010725000174716115
2568	1e-23	0.001248300017323345
2569	1e-23	0.0011538999970071018
2570	1e-23	0.001144200039561838
2571	1e-23	0.001107799995224923
2572	1e-23	0.001227300032041967
2573	1e-23	0.0012736000353470445
2574	1e-23	0.0011847999994643033
2575	1e-23	0.0012294999905861914
2576	1e-23	0.001184399996418506
2577	1e-23	0.0011525999871082604
2578	1e-23	0.0014140999992378056
2579	1e-23	0.0012462000013329089
2580	1e-23	0.0011835999903269112
2581	1e-23	0.0011869000154547393
2582	1e-23	0.00109479995444417
2583	1e-23	0.0011381999938748777
2584	1e-23	0.0010732000228017569
2585	1e-23	0.001171700016129762
2586	1e-23	0.0014883000403642654
2587	1e-23	0.0011256999569013715
2588	1e-23	0.0012426000321283937
2589	1e-23	0.001178800011985004
2590	1e-23	0.0011827999842353165
2591	1e-23	0.0011872999602928758
2592	1e-23	0.0010985999833792448
2593	1e-23	0.0010670000337995589
2594	1e-23	0.001061099988874048
2595	1e-23	0.0010721000144258142
2596	1e-23	0.0010922999936155975
2597	1e-23	0.0011249000090174377
2598	1e-23	0.0010872000129893422
2599	1e-23	0.0010295999818481505
2600	1e-23	0.0011546000023372471
2601	1e-23	0.0010610000463202596
2602	1e-23	0.001000199990812689
2603	1e-23	0.0010366999777033925
2604	1e-23	0.0011921999976038933
2605	1e-23	0.0012298999936319888
2606	1e-23	0.0011428999714553356
2607	1e-23	0.001109600008931011
2608	1e-23	0.0010816000285558403
2609	1e-23	0.0010814000270329416
2610	1e-23	0.0011870000162161887
2611	1e-23	0.0011165000032633543
2612	1e-23	0.0010654000216163695
2613	1e-23	0.0010618999949656427
2614	1e-23	0.001268699998036027
2615	1e-23	0.0011359000345692039
2616	1e-23	0.0010710000060498714
2617	1e-23	0.001269600004889071
2618	1e-23	0.0011914000497199595
2619	1e-23	0.0012624000082723796
2620	1e-23	0.0011109999613836408
2621	1e-23	0.001177600002847612
2622	1e-23	0.0011689999955706298
2623	1e-23	0.001143899979069829
2624	1e-23	0.0011424999684095383
2625	1e-23	0.0012743999832309783
2626	1e-23	0.001236199983395636
2627	1e-23	0.0011475000064820051
2628	1e-23	0.0011569000198505819
2629	1e-23	0.0011270000250078738
2630	1e-23	0.0015089000225998461
2631	1e-23	0.0011768999975174665
2632	1e-23	0.0010960999643430114
2633	1e-23	0.0010591000318527222
2634	1e-23	0.00103570002829656
2635	1e-23	0.0011156000546179712
2636	1e-23	0.001061699993442744
2637	1e-23	0.001066099968738854
2638	1e-23	0.0011715999571606517
2639	1e-23	0.0011650000233203173
2640	1e-23	0.00106229999801144
2641	1e-23	0.001076799992006272
2642	1e-23	0.0011617999989539385
2643	1e-23	0.0014680000022053719
2644	1e-23	0.0012845000019297004
2645	1e-23	0.0011223000474274158
2646	1e-23	0.0010662000277079642
2647	1e-23	0.0012125000357627869
2648	1e-23	0.0010997999925166368
2649	1e-23	0.0010962000233121216
2650	1e-23	0.0009549999958835542
2651	1e-23	0.0011242000036872923
2652	1e-23	0.001040999952238053
2653	1e-23	0.0011221000459045172
2654	1e-23	0.0010107000125572085
2655	1e-23	0.0009611999848857522
2656	1e-23	0.0011177000124007463
2657	1e-23	0.0017619000282138586
2658	1e-23	0.0009017999982461333
2659	1e-23	0.000985999999102205
2660	1e-23	0.001160199986770749
2661	1e-23	0.0010353000252507627
2662	1e-23	0.0011320000048726797
2663	1e-23	0.0011204999755136669
2664	1e-23	0.0010887000244110823
2665	1e-23	0.0010504000238142908
2666	1e-23	0.0010369999799877405
2667	1e-23	0.0010790000087581575
2668	1e-23	0.0010718000121414661
2669	1e-23	0.0010750999790616333
2670	1e-23	0.0014601000002585351
2671	1e-23	0.0012142000487074256
2672	1e-23	0.0012244999525137246
2673	1e-23	0.0010438000317662954
2674	1e-23	0.0013145999982953072
2675	1e-23	0.0012083000037819147
2676	1e-23	0.0013190999743528664
2677	1e-23	0.0012464000028558075
2678	1e-23	0.0011409999569877982
2679	1e-23	0.0010609000455588102
2680	1e-23	0.001042800024151802
2681	1e-23	0.0011353999725542963
2682	1e-23	0.001193600008264184
2683	1e-23	0.0012732999748550355
2684	1e-23	0.00119270000141114
2685	1e-23	0.0010612000478431582
2686	1e-23	0.0010620999964885414
2687	1e-23	0.0010923999943770468
2688	1e-23	0.001119100023061037
2689	1e-23	0.0010242999996989965
2690	1e-23	0.0011494000209495425
2691	1e-23	0.0010846999939531088
2692	1e-23	0.0010910999844782054
2693	1e-23	0.0010657000239007175
2694	1e-23	0.001083599985577166
2695	1e-23	0.0011378999915905297
2696	1e-23	0.0012854000087827444
2697	1e-23	0.001179099956061691
2698	1e-23	0.00106969999615103
2699	1e-23	0.0011076999944634736
2700	1e-23	0.0010719000129029155
2701	1e-23	0.001049000013154
2702	1e-23	0.001250400033313781
2703	1e-23	0.0010831999825313687
2704	1e-23	0.0011487999581731856
2705	1e-23	0.0010466999956406653
2706	1e-23	0.0011169000063091516
2707	1e-23	0.0010414000134915113
2708	1e-23	0.0010089999996125698
2709	1e-23	0.0009823000291362405
2710	1e-23	0.0014297000016085804
2711	1e-23	0.001206899993121624
2712	1e-23	0.001122899993788451
2713	1e-23	0.0010929999989457428
2714	1e-23	0.001083299983292818
2715	1e-23	0.0010190000175498426
2716	1e-23	0.0010544999968260527
2717	1e-23	0.0012036999687552452
2718	1e-23	0.0012014999520033598
2719	1e-23	0.001121999986935407
2720	1e-23	0.0011245000059716403
2721	1e-23	0.0011242000036872923
2722	1e-23	0.0015183999785222113
2723	1e-23	0.0013289999915286899
2724	1e-23	0.0012217999901622534
2725	1e-23	0.0011513999779708683
2726	1e-23	0.0010414999560452998
2727	1e-23	0.001150700030848384
2728	1e-23	0.0011357999756000936
2729	1e-23	0.001058999972883612
2730	1e-23	0.0010612999903969467
2731	1e-23	0.0011769999982789159
2732	1e-23	0.0012292999890632927
2733	1e-23	0.0011384999961592257
2734	1e-23	0.0010673999786376953
2735	1e-23	0.0012275000335648656
2736	1e-23	0.001200400001835078
2737	1e-23	0.001172900025267154
2738	1e-23	0.001054599997587502
2739	1e-23	0.0009769999887794256
2740	1e-23	0.0010392999975010753
2741	1e-23	0.001136199978645891
2742	1e-23	0.0012375999940559268
2743	1e-23	0.0012143999920226634
2744	1e-23	0.0011020999518223107
2745	1e-23	0.0011471000034362078
2746	1e-23	0.0010988999856635928
2747	1e-23	0.0011129999766126275
2748	1e-23	0.0012860000133514404
2749	1e-23	0.0011503000278025866
2750	1e-23	0.0011293000425212085
2751	1e-23	0.0013800999731756747
2752	1e-23	0.0011086000013165176
2753	1e-23	0.0010844999924302101
2754	1e-23	0.001042500021867454
2755	1e-23	0.0010823000338859856
2756	1e-23	0.0011342999641783535
2757	1e-23	0.0010187000152654946
2758	1e-23	0.000994600006379187
2759	1e-23	0.0010863000061362982
2760	1e-23	0.0012098000152036548
2761	1e-23	0.0016419999883510172
2762	1e-23	0.0012571000261232257
2763	1e-23	0.0011941000120714307
2764	1e-23	0.0011721000191755593
2765	1e-23	0.0011394000030122697
2766	1e-23	0.0011851000017486513
2767	1e-23	0.0011490999604575336
2768	1e-23	0.0011409999569877982
2769	1e-23	0.0011998999980278313
2770	1e-23	0.0011468000011518598
2771	1e-23	0.001136499980930239
2772	1e-23	0.0011334000155329704
2773	1e-23	0.0011201999732293189
2774	1e-23	0.0010726000182330608
2775	1e-23	0.0013088000123389065
2776	1e-23	0.0011484000133350492
2777	1e-23	0.0010538999922573566
2778	1e-23	0.0010364999761804938
2779	1e-23	0.0011266999645158648
2780	1e-23	0.0011006999993696809
2781	1e-23	0.0010441000340506434
2782	1e-23	0.0010688999900594354
2783	1e-23	0.0010572000173851848
2784	1e-23	0.0010766999912448227
2785	1e-23	0.0011564999585971236
2786	1e-23	0.001130599994212389
2787	1e-23	0.0011218000436201692
2788	1e-23	0.0013084000092931092
2789	1e-23	0.0012018999550491571
2790	1e-23	0.001118500018492341
2791	1e-23	0.0011219000443816185
2792	1e-23	0.0010791000095196068
2793	1e-23	0.0010322000016458333
2794	1e-23	0.0011576999677345157
2795	1e-23	0.0012507999781519175
2796	1e-23	0.0012076999992132187
2797	1e-23	0.001131800003349781
2798	1e-23	0.0010698999976739287
2799	1e-23	0.0009765999857336283
2800	1e-23	0.0010602000402286649
2801	1e-23	0.0014398000203073025
2802	1e-23	0.0011819000355899334
2803	1e-23	0.001132100005634129
2804	1e-23	0.0009824000298976898
2805	1e-23	0.0011413000174798071
2806	1e-23	0.000971800007391721
2807	1e-23	0.001025600009597838
2808	1e-23	0.0009605000377632678
2809	1e-23	0.0009966000216081738
2810	1e-23	0.0010334000107832253
2811	1e-23	0.0010946000111289322
2812	1e-23	0.001080299960449338
2813	1e-23	0.0010983999818563461
2814	1e-23	0.0011752999853342772
2815	1e-23	0.0011796000180765986
2816	1e-23	0.001188600028399378
2817	1e-23	0.0012157000019215047
2818	1e-23	0.0011235999991185963
2819	1e-23	0.0010305999894626439
2820	1e-23	0.001159000035841018
2821	1e-23	0.0012949000229127705
2822	1e-23	0.0011563999578356743
2823	1e-23	0.0011818999773822725
2824	1e-23	0.0011866000131703913
2825	1e-23	0.0014921000110916793
2826	1e-23	0.0012685999972745776
2827	1e-23	0.0012800999684259295
2828	1e-23	0.0011993999942205846
2829	1e-23	0.001190899987705052
2830	1e-23	0.0012014000094495714
2831	1e-23	0.0011127999750897288
2832	1e-23	0.0010887999669648707
2833	1e-23	0.0010867000091820955
2834	1e-23	0.001172900025267154
2835	1e-23	0.0010402000043541193
2836	1e-23	0.001112000027205795
2837	1e-23	0.0011271000257693231
2838	1e-23	0.0011935000075027347
2839	1e-23	0.0013201999827288091
2840	1e-23	0.0011876000207848847
2841	1e-23	0.001069399993866682
2842	1e-23	0.0010790000087581575
2843	1e-23	0.0011001999955624342
2844	1e-23	0.0013371999957598746
2845	1e-23	0.0011635000118985772
2846	1e-23	0.0010652000200934708
2847	1e-23	0.0011190999648533762
2848	1e-23	0.0011124000302515924
2849	1e-23	0.001062900002580136
2850	1e-23	0.001087700016796589
2851	1e-23	0.0010973000316880643
2852	1e-23	0.001047800004016608
2853	1e-23	0.0016190999886021018
2854	1e-23	0.001630400016438216
2855	1e-23	0.0012676999904215336
2856	1e-23	0.0011779999476857483
2857	1e-23	0.0012084999470971525
2858	1e-23	0.0011682999902404845
2859	1e-23	0.0011646999628283083
2860	1e-23	0.0011627000058069825
2861	1e-23	0.0011689999955706298
2862	1e-23	0.0011712000123225152
2863	1e-23	0.001150699972640723
2864	1e-23	0.001123199996072799
2865	1e-23	0.0014267000369727612
2866	1e-23	0.0011341999634169042
2867	1e-23	0.0012466000043787062
2868	1e-23	0.0010373000404797494
2869	1e-23	0.0010447999811731279
2870	1e-23	0.0010494000161997974
2871	1e-23	0.001177899946924299
2872	1e-23	0.0011491000186651945
2873	1e-23	0.0010952000156976283
2874	1e-23	0.0010623999987728894
2875	1e-23	0.0011071000481024384
2876	1e-23	0.0010695999953895807
2877	1e-23	0.0010792000102810562
2878	1e-23	0.0013009000103920698
2879	1e-23	0.0011411000159569085
2880	1e-23	0.0013242000131867826
2881	1e-23	0.0012104000197723508
2882	1e-23	0.0011523999855853617
2883	1e-23	0.001099000044632703
2884	1e-23	0.0010335000115446746
2885	1e-23	0.0011225000489503145
2886	1e-23	0.0010526999831199646
2887	1e-23	0.00103859999217093
2888	1e-23	0.0010903000365942717
2889	1e-23	0.0010912999860011041
2890	1e-23	0.0010556000052019954
2891	1e-23	0.0011056000366806984
2892	1e-23	0.00118830002611503
2893	1e-23	0.0012919000000692904
2894	1e-23	0.0011677999864332378
2895	1e-23	0.0011352000292390585
2896	1e-23	0.0012221000506542623
2897	1e-23	0.0011343999649398029
2898	1e-23	0.0012063999893143773
2899	1e-23	0.0011172000085934997
2900	1e-23	0.001303899975027889
2901	1e-23	0.0011254000128246844
2902	1e-23	0.0011275000288151205
2903	1e-23	0.0011281000333838165
2904	1e-23	0.001651700004003942
2905	1e-23	0.0012328000157140195
2906	1e-23	0.0011137000401504338
2907	1e-23	0.0010724000167101622
2908	1e-23	0.0012246000114828348
2909	1e-23	0.0011477000080049038
2910	1e-23	0.0011579999700188637
2911	1e-23	0.0011178000131621957
2912	1e-23	0.0011243000044487417
2913	1e-23	0.0012221999932080507
2914	1e-23	0.0011828999849967659
2915	1e-23	0.0011451999889686704
2916	1e-23	0.0011453000479377806
2917	1e-23	0.0011452999897301197
2918	1e-23	0.001263100013602525
2919	1e-23	0.0011780000058934093
2920	1e-23	0.0011457999935373664
2921	1e-23	0.001116700004786253
2922	1e-23	0.0010733000235632062
2923	1e-23	0.0011697000009007752
2924	1e-23	0.0012356999795883894
2925	1e-23	0.0012200999772176147
2926	1e-23	0.0012122999760322273
2927	1e-23	0.0011968000326305628
2928	1e-23	0.0011647000210359693
2929	1e-23	0.0010917999898083508
2930	1e-23	0.0013803999754600227
2931	1e-23	0.001090700039640069
2932	1e-23	0.0011609999928623438
2933	1e-23	0.001177600002847612
2934	1e-23	0.0011441000388003886
2935	1e-23	0.0011195000261068344
2936	1e-23	0.0011320000048726797
2937	1e-23	0.0011057000374421477
2938	1e-23	0.0011207000352442265
2939	1e-23	0.0011106000165455043
2940	1e-23	0.0010844999924302101
2941	1e-23	0.0010967000271193683
2942	1e-23	0.001080900023225695
2943	1e-23	0.0011497000232338905
2944	1e-23	0.0011993999942205846
2945	1e-23	0.001138299994636327
2946	1e-23	0.0010722000151872635
2947	1e-23	0.0010998000507242978
2948	1e-23	0.0010930999997071922
2949	1e-23	0.0010485000093467534
2950	1e-23	0.0010162999969907105
2951	1e-23	0.0010205000289715827
2952	1e-23	0.0011137000401504338
2953	1e-23	0.0010784000041894615
2954	1e-23	0.0010163999977521598
2955	1e-23	0.0011830999865196645
2956	1e-23	0.0011285000364296138
2957	1e-23	0.001096900028642267
2958	1e-23	0.0011463999981060624
2959	1e-23	0.001275799993891269
2960	1e-23	0.0012171000125817955
2961	1e-23	0.001140400010626763
2962	1e-23	0.0013427999801933765
2963	1e-23	0.001209300011396408
2964	1e-23	0.0010720999562181532
2965	1e-23	0.001012899971101433
2966	1e-23	0.0011801000218838453
2967	1e-23	0.0011441000388003886
2968	1e-23	0.001152499986346811
2969	1e-23	0.0011893000337295234
2970	1e-23	0.001145699992775917
2971	1e-23	0.0011901999823749065
2972	1e-23	0.0011758000473491848
2973	1e-23	0.0011802000226452947
2974	1e-23	0.0010604000417515635
2975	1e-23	0.0010172000038437545
2976	1e-23	0.0010950000141747296
2977	1e-23	0.0011270000250078738
2978	1e-23	0.0010325000039301813
2979	1e-23	0.0010772999958135188
2980	1e-23	0.0011184999602846801
2981	1e-23	0.001171099953353405
2982	1e-23	0.0011854000040329993
2983	1e-23	0.0012012000079266727
2984	1e-23	0.0012123999767936766
2985	1e-23	0.0015566000365652144
2986	1e-23	0.001261299999896437
2987	1e-23	0.0012235000031068921
2988	1e-23	0.0012548999511636794
2989	1e-23	0.001143599976785481
2990	1e-23	0.001209300011396408
2991	1e-23	0.0011656000278890133
2992	1e-23	0.0011795999598689377
2993	1e-23	0.0012042000307701528
2994	1e-23	0.0011660000309348106
2995	1e-23	0.001070600003004074
2996	1e-23	0.001061400049366057
2997	1e-23	0.0014201999874785542
2998	1e-23	0.0010957999620586634
2999	1e-23	0.0010476000024937093
3000	1e-23	0.0010707000037655234
