epoch	total	seconds
1	1e-23	0.18980339996051043
2	1e-23	0.0016015999717637897
3	1e-23	0.0015081000165082514
4	1e-23	0.0012853999505750835
5	1e-23	0.001213699986692518
6	1e-23	0.0014973999932408333
7	1e-23	0.0014361999928951263
8	1e-23	0.0014418999780900776
9	1e-23	0.002318300015758723
10	1e-23	0.0014230000087991357
11	1e-23	0.0014540000120177865
12	1e-23	0.0014671999961137772
13	1e-23	0.002168299979530275
14	1e-23	0.001603199983946979
15	1e-23	0.0013544000103138387
16	1e-23	0.001636900007724762
17	1e-23	0.0014021999668329954
18	1e-23	0.002087900007609278
19	1e-23	0.0011867000139318407
20	1e-23	0.0013903999933972955
21	1e-23	0.0016127999988384545
22	1e-23	0.0018519999575801194
23	1e-23	0.0013253999641165137
24	1e-23	0.0010975999757647514
25	1e-23	0.0013032000279054046
26	1e-23	0.001328500045929104
27	1e-23	0.0012906999909318984
28	1e-23	0.0012938999570906162
29	1e-23	0.001393800019286573
30	1e-23	0.0012931999517604709
31	1e-23	0.0016022000345401466
32	1e-23	0.0015793000347912312
33	1e-23	0.001136199978645891
34	1e-23	0.0013371999957598746
35	1e-23	0.0011906999861821532
36	1e-23	0.001186500012408942
37	1e-23	0.0012795999646186829
38	1e-23	0.0012428999762050807
39	1e-23	0.001283799996599555
40	1e-23	0.0014426999841816723
41	1e-23	0.0015077999560162425
42	1e-23	0.0012319000088609755
43	1e-23	0.0012392000062391162
44	1e-23	0.0015285999979823828
45	1e-23	0.0014538000104948878
46	1e-23	0.0014812999870628119
47	1e-23	0.001271400018595159
48	1e-23	0.001310100022237748
49	1e-23	0.0011832999880425632
50	1e-23	0.00116460002027452
51	1e-23	0.0013715000241063535
52	1e-23	0.0012870000209659338
53	1e-23	0.0011351999710313976
54	1e-23	0.0017800999921746552
55	1e-23	0.0013200999819673598
56	1e-23	0.0012819000403396785
57	1e-23	0.0012187000247649848
58	1e-23	0.0011109000188298523
59	1e-23	0.0014867999707348645
60	1e-23	0.0011916999937966466
61	1e-23	0.001588699989952147
62	1e-23	0.001177300000563264
63	1e-23	0.0014525000005960464
64	1e-23	0.0015903000021353364
65	1e-23	0.001555300026666373
66	1e-23	0.0016106999828480184
67	1e-23	0.001256000017747283
68	1e-23	0.001033300010021776
69	1e-23	0.0011340000201016665
70	1e-23	0.0015072000096552074
71	1e-23	0.0016078000189736485
72	1e-23	0.0015453000087291002
73	1e-23	0.0014598999987356365
74	1e-23	0.0022843999904580414
75	1e-23	0.0024359000381082296
76	1e-23	0.001112000027205795
77	1e-23	0.0015110999811440706
78	1e-23	0.0014412999735213816
79	1e-23	0.0012486999621614814
80	1e-23	0.0012725999695248902
81	1e-23	0.0013244999572634697
82	1e-23	0.001032400003168732
83	1e-23	0.0018919999711215496
84	1e-23	0.001274899987038225
85	1e-23	0.0012424999731592834
86	1e-23	0.001319599978160113
87	1e-23	0.00146540004061535
88	1e-23	0.0014255000278353691
89	1e-23	0.001563300029374659
90	1e-23	0.0016365000046789646
91	1e-23	0.0015714999753981829
92	1e-23	0.0026715000276453793
93	1e-23	0.0014120000414550304
94	1e-23	0.0011556000099517405
95	1e-23	0.0014186999760568142
96	1e-23	0.0014614000101573765
97	1e-23	0.001279100019019097
98	1e-23	0.0014150000060908496
99	1e-23	0.001820000004954636
100	1e-23	0.00161500001559034
101	1e-23	0.002371200011111796
102	1e-23	0.0016476000309921801
103	1e-23	0.00146980001591146
104	1e-23	0.0016772999661043286
105	1e-23	0.0015425000456161797
106	1e-23	0.0015306000132113695
107	1e-23	0.0013348999782465398
108	1e-23	0.0012089000083506107
109	1e-23	0.0015042000450193882
110	1e-23	0.0014198999851942062
111	1e-23	0.0015579999890178442
112	1e-23	0.002122499980032444
113	1e-23	0.0013082000077702105
114	1e-23	0.0016143000102601945
115	1e-23	0.001275499991606921
116	1e-23	0.00213639996945858
117	1e-23	0.0016718999831937253
118	1e-23	0.0016651999903842807
119	1e-23	0.0014185999752953649
120	1e-23	0.0017002999666146934
121	1e-23	0.0016950999852269888
122	1e-23	0.0011449999874457717
123	1e-23	0.0014374000020325184
124	1e-23	0.001341800030786544
125	1e-23	0.0016451000119559467
126	1e-23	0.0015703000244684517
127	1e-23	0.0021792000043205917
128	1e-23	0.0011715000146068633
129	1e-23	0.0014844000106677413
130	1e-23	0.0013362999889068305
131	1e-23	0.0012496999697759748
132	1e-23	0.0015875999815762043
133	1e-23	0.001303299970459193
134	1e-23	0.0014120999840088189
135	1e-23	0.0011980999843217432
136	1e-23	0.0013300999999046326
137	1e-23	0.001358299981802702
138	1e-23	0.0013827999937348068
139	1e-23	0.0014223000034689903
140	1e-23	0.0015996000147424638
141	1e-23	0.0015710999723523855
142	1e-23	0.0014801000361330807
143	1e-23	0.001263100013602525
144	1e-23	0.0014720999752171338
145	1e-23	0.0014004000113345683
146	1e-23	0.0012781000114046037
147	1e-23	0.002394000010099262
148	1e-23	0.002197700028773397
149	1e-23	0.0014073000056669116
150	1e-23	0.0015495000407099724
151	1e-23	0.0016621000249870121
152	1e-23	0.0015864999732002616
153	1e-23	0.0013586999848484993
154	1e-23	0.0012379999971017241
155	1e-23	0.0015027000335976481
156	1e-23	0.0013274000375531614
157	1e-23	0.0016222000122070312
158	1e-23	0.0014801000361330807
159	1e-23	0.0025576999760232866
160	1e-23	0.0015449000056833029
161	1e-23	0.001189500035252422
162	1e-23	0.0014679000014439225
163	1e-23	0.001282299985177815
164	1e-23	0.0014079000102356076
165	1e-23	0.0012734999763779342
166	1e-23	0.0017932999762706459
167	1e-23	0.0015424999874085188
168	1e-23	0.0019084999803453684
169	1e-23	0.0013581999810412526
170	1e-23	0.0016988000134006143
171	1e-23	0.0012986999936401844
172	1e-23	0.0012737999786622822
173	1e-23	0.0016402999754063785
174	1e-23	0.001184099994134158
175	1e-23	0.0012324000126682222
176	1e-23	0.0014905999996699393
177	1e-23	0.002243500028271228
178	1e-23	0.0012519999872893095
179	1e-23	0.001115499995648861
180	1e-23	0.001166399975772947
181	1e-23	0.0013304000021889806
182	1e-23	0.0012422999716363847
183	1e-23	0.0013692000065930188
184	1e-23	0.0015657999902032316
185	1e-23	0.0015163000207394361
186	1e-23	0.001791000016964972
187	1e-23	0.0021821000264026225
188	1e-23	0.0010860999464057386
189	1e-23	0.0014200000441633165
190	1e-23	0.0012887000339105725
191	1e-23	0.0015181000344455242
192	1e-23	0.0016635999782010913
193	1e-23	0.001611500047147274
194	1e-23	0.002306200040038675
195	1e-23	0.001600799965672195
196	1e-23	0.0020256999996490777
197	1e-23	0.001513600000180304
198	1e-23	0.001406199997290969
199	1e-23	0.0012407000176608562
200	1e-23	0.0023370999842882156
201	1e-23	0.001251600042451173
202	1e-23	0.0017530000186525285
203	1e-23	0.0016095999744720757
204	1e-23	0.0017724999925121665
205	1e-23	0.0013987999991513789
206	1e-23	0.0011574000236578286
207	1e-23	0.0012974999845027924
208	1e-23	0.0011501000262796879
209	1e-23	0.001347100012935698
210	1e-23	0.0011832999880425632
211	1e-23	0.0012657000334002078
212	1e-23	0.000957000011112541
213	1e-23	0.0015078000142239034
214	1e-23	0.0014025999698787928
215	1e-23	0.0012416999670676887
216	1e-23	0.0014771000132896006
217	1e-23	0.0012416000245139003
218	1e-23	0.0012126999790780246
219	1e-23	0.0014739999896846712
220	1e-23	0.0022893999703228474
221	1e-23	0.002314999990630895
222	1e-23	0.002506699995137751
223	1e-23	0.0019978000200353563
224	1e-23	0.0012248000130057335
225	1e-23	0.0018007999751716852
226	1e-23	0.0023888000287115574
227	1e-23	0.001115199993364513
228	1e-23	0.0012226999970152974
229	1e-23	0.0013145999982953072
230	1e-23	0.0018792999908328056
231	1e-23	0.0009865000029094517
232	1e-23	0.0010789999505504966
233	1e-23	0.0012085000053048134
234	1e-23	0.0021318999934010208
235	1e-23	0.0014491999754682183
236	1e-23	0.001271400018595159
237	1e-23	0.0013286999892443419
238	1e-23	0.0015178000321611762
239	1e-23	0.0012971999822184443
240	1e-23	0.001790100010111928
241	1e-23	0.001427799987141043
242	1e-23	0.0013405999634414911
243	1e-23	0.0011844999971799552
244	1e-23	0.0025249000173062086
245	1e-23	0.0020694999839179218
246	1e-23	0.001867000013589859
247	1e-23	0.0015060000005178154
248	1e-23	0.0013330999645404518
249	1e-23	0.001248000015038997
250	1e-23	0.0013112000306136906
251	1e-23	0.001319599978160113
252	1e-23	0.0014479000237770379
253	1e-23	0.0017366999527439475
254	1e-23	0.0023388999979943037
255	1e-23	0.001025000005029142
256	1e-23	0.002160599979106337
257	1e-23	0.001573899993672967
258	1e-23	0.0011651000240817666
259	1e-23	0.0011634000111371279
260	1e-23	0.0011301999911665916
261	1e-23	0.0013928000116720796
262	1e-23	0.0015697000198997557
263	1e-23	0.0012310000020079315
264	1e-23	0.0015628999681212008
265	1e-23	0.0010591999744065106
266	1e-23	0.0011181000154465437
267	1e-23	0.0017312999698333442
268	1e-23	0.0023495000205002725
269	1e-23	0.002910399984102696
270	1e-23	0.0013143999967724085
271	1e-23	0.00226390000898391
272	1e-23	0.0015668999985791743
273	1e-23	0.002534499973990023
274	1e-23	0.0017957999953068793
275	1e-23	0.0014320999616757035
276	1e-23	0.002745600009802729
277	1e-23	0.0016458999598398805
278	1e-23	0.0011490000179037452
279	1e-23	0.0016431999974884093
280	1e-23	0.0019170999876223505
281	1e-23	0.0018570999964140356
282	1e-23	0.001215800002682954
283	1e-23	0.0012431999784894288
284	1e-23	0.001445600006263703
285	1e-23	0.0011026000138372183
286	1e-23	0.0019307000329717994
287	1e-23	0.0011743000359274447
288	1e-23	0.002194700005929917
289	1e-23	0.0014199999859556556
290	1e-23	0.0024496999685652554
291	1e-23	0.0018572999979369342
292	1e-23	0.002209800004493445
293	1e-23	0.0021129000233486295
294	1e-23	0.001285000005736947
295	1e-23	0.0010466999956406653
296	1e-23	0.0012988000526092947
297	1e-23	0.001216100004967302
298	1e-23	0.0018283000099472702
299	1e-23	0.0013032000279054046
300	1e-23	0.0011977999820373952
301	1e-23	0.0013371999957598746
302	1e-23	0.0012169999536126852
303	1e-23	0.00193349999608472
304	1e-23	0.0011031999601982534
305	1e-23	0.002273300022352487
306	1e-23	0.0020737999584525824
307	1e-23	0.001844800019171089
308	1e-23	0.0024093000101856887
309	1e-23	0.002158299961593002
310	1e-23	0.00109629996586591
311	1e-23	0.0021927999914623797
312	1e-23	0.0012323000119067729
313	1e-23	0.0013233000063337386
314	1e-23	0.001221999991685152
315	1e-23	0.0013538000057451427
316	1e-23	0.0014293999993242323
317	1e-23	0.0011564000160433352
318	1e-23	0.0018238999764434993
319	1e-23	0.0012434999807737768
320	1e-23	0.0010776999988593161
321	1e-23	0.0014883999829180539
322	1e-23	0.0011264000204391778
323	1e-23	0.0012114000273868442
324	1e-23	0.0014664999907836318
325	1e-23	0.0014444999978877604
326	1e-23	0.0017107999883592129
327	1e-23	0.0016315000248141587
328	1e-23	0.0015296000055968761
329	1e-23	0.0013132999883964658
330	1e-23	0.0010720999562181532
331	1e-23	0.0019928999827243388
332	1e-23	0.0010034000151790679
333	1e-23	0.001404500042553991
334	1e-23	0.001256600022315979
335	1e-23	0.0012331000179983675
336	1e-23	0.0012621000059880316
337	1e-23	0.0013439999893307686
338	1e-23	0.0025341000291518867
339	1e-23	0.0014412000309675932
340	1e-23	0.0019265000009909272
341	1e-23	0.002181899966672063
342	1e-23	0.0014075000071898103
343	1e-23	0.0014282999909482896
344	1e-23	0.001709400035906583
345	1e-23	0.00196599995251745
346	1e-23	0.001870799984317273
347	1e-23	0.001365699979942292
348	1e-23	0.0011732999701052904
349	1e-23	0.0011085000005550683
350	1e-23	0.0014865999692119658
351	1e-23	0.001616799971088767
352	1e-23	0.001469200011342764
353	1e-23	0.001769400027114898
354	1e-23	0.003375299973413348
355	1e-23	0.0015189999830909073
356	1e-23	0.0012174000148661435
357	1e-23	0.00243870000122115
358	1e-23	0.0017529999604448676
359	1e-23	0.0013155000051483512
360	1e-23	0.001512099988758564
361	1e-23	0.001152199984062463
362	1e-23	0.0012321999529376626
363	1e-23	0.0014338999753817916
364	1e-23	0.0021526000346057117
365	1e-23	0.0017422999953851104
366	1e-23	0.0013001000043004751
367	1e-23	0.001389399985782802
368	1e-23	0.0015105000347830355
369	1e-23	0.002108900051098317
370	1e-23	0.003041899995878339
371	1e-23	0.0027260000351816416
372	1e-23	0.0013620000099763274
373	1e-23	0.0015906000044196844
374	1e-23	0.0013979999930597842
375	1e-23	0.0013268000329844654
376	1e-23	0.0022134999744594097
377	1e-23	0.0030559999868273735
378	1e-23	0.001213999988976866
379	1e-23	0.001331700012087822
380	1e-23	0.001479600032325834
381	1e-23	0.002106200030539185
382	1e-23	0.0012972999829798937
383	1e-23	0.0022933000000193715
384	1e-23	0.0030162999755702913
385	1e-23	0.001167600043118
386	1e-23	0.002449300023727119
387	1e-23	0.0013351999805308878
388	1e-23	0.0016624999698251486
389	1e-23	0.001636300003156066
390	1e-23	0.002264199953060597
391	1e-23	0.0016225000144913793
392	1e-23	0.0014017000212334096
393	1e-23	0.001303300028666854
394	1e-23	0.0014533000066876411
395	1e-23	0.0011728000245057046
396	1e-23	0.0014651999808847904
397	1e-23	0.0023678999859839678
398	1e-23	0.0016743000014685094
399	1e-23	0.002003900008276105
400	1e-23	0.0012772999471053481
401	1e-23	0.002028200018685311
402	1e-23	0.0017522999551147223
403	1e-23	0.0011983999866060913
404	1e-23	0.0021936999983154237
405	1e-23	0.0014750999980606139
406	1e-23	0.001324000011663884
407	1e-23	0.0013977999915368855
408	1e-23	0.0014740999904461205
409	1e-23	0.0013407999649643898
410	1e-23	0.0013915000017732382
411	1e-23	0.002491299994289875
412	1e-23	0.0023927000002004206
413	1e-23	0.0013453999999910593
414	1e-23	0.0015510999946855009
415	1e-23	0.0018620999762788415
416	1e-23	0.0013015999575145543
417	1e-23	0.0014714999706484377
418	1e-23	0.001199799997266382
419	1e-23	0.001507100008893758
420	1e-23	0.002081100014038384
421	1e-23	0.002429199987091124
422	1e-23	0.0033795000053942204
423	1e-23	0.003028300008736551
424	1e-23	0.001356799970380962
425	1e-23	0.002453699999023229
426	1e-23	0.0023966000298969448
427	1e-23	0.002934899996034801
428	1e-23	0.0013895999873057008
429	1e-23	0.0025032000266946852
430	1e-23	0.0026314000133424997
431	1e-23	0.0013947999686934054
432	1e-23	0.0011423000250943005
433	1e-23	0.0012194999726489186
434	1e-23	0.0026579999830573797
435	1e-23	0.0023232000530697405
436	1e-23	0.0014213999966159463
437	1e-23	0.001401200017426163
438	1e-23	0.0022596000344492495
439	1e-23	0.0017906000139191747
440	1e-23	0.0023335000150837004
441	1e-23	0.0010872000129893422
442	1e-23	0.0013290000497363508
443	1e-23	0.0021746999700553715
444	1e-23	0.001982100016903132
445	1e-23	0.001310700026806444
446	1e-23	0.0012784000136889517
447	1e-23	0.0020564000005833805
448	1e-23	0.0013560999650508165
449	1e-23	0.001312500040512532
450	1e-23	0.0023140000412240624
451	1e-23	0.0016101999790407717
452	1e-23	0.0015272999880835414
453	1e-23	0.001323400007095188
454	1e-23	0.001253900001756847
455	1e-23	0.0020576000097207725
456	1e-23	0.0015465000178664923
457	1e-23	0.0013903999933972955
458	1e-23	0.00234840001212433
459	1e-23	0.00134529999922961
460	1e-23	0.0021782000549137592
461	1e-23	0.0015927000204101205
462	1e-23	0.0012311000027693808
463	1e-23	0.0009166999952867627
464	1e-23	0.0011853999458253384
465	1e-23	0.0015716999769210815
466	1e-23	0.0017243000329472125
467	1e-23	0.0015366000006906688
468	1e-23	0.0015620000194758177
469	1e-23	0.0013263000291772187
470	1e-23	0.0021346999565139413
471	1e-23	0.0013028999674133956
472	1e-23	0.0014900000533089042
473	1e-23	0.0011047000298276544
474	1e-23	0.0011134999804198742
475	1e-23	0.001284700003452599
476	1e-23	0.001359499990940094
477	1e-23	0.000958200020249933
478	1e-23	0.0025864000199362636
479	1e-23	0.0012292999890632927
480	1e-23	0.001292700006160885
481	1e-23	0.0013712000218220055
482	1e-23	0.0013648000312969089
483	1e-23	0.0014002000098116696
484	1e-23	0.0014663999900221825
485	1e-23	0.0027096999692730606
486	1e-23	0.0015327000292018056
487	1e-23	0.0014098999672569335
488	1e-23	0.0014143000007607043
489	1e-23	0.0013468999532051384
490	1e-23	0.001249200024176389
491	1e-23	0.0012393000070005655
492	1e-23	0.002019600011408329
493	1e-23	0.002349400019738823
494	1e-23	0.0014862000243738294
495	1e-23	0.0013423000345937908
496	1e-23	0.0023190000210888684
497	1e-23	0.0014301000046543777
498	1e-23	0.0023648000205866992
499	1e-23	0.0018848999752663076
500	1e-23	0.0010110000148415565
501	1e-23	0.0017846000264398754
502	1e-23	0.0013220999971963465
503	1e-23	0.0014427999849431217
504	1e-23	0.0013507999829016626
505	1e-23	0.0012092000106349587
506	1e-23	0.0011625000042840838
507	1e-23	0.0027788999723270535
508	1e-23	0.0012818999821320176
509	1e-23	0.001785700034815818
510	1e-23	0.001250100031029433
511	1e-23	0.0014455000055022538
512	1e-23	0.0014513000496663153
513	1e-23	0.0012843000004068017
514	1e-23	0.0013824999914504588
515	1e-23	0.0012705999542959034
516	1e-23	0.0013383000041358173
517	1e-23	0.0018325999844819307
518	1e-23	0.0015199999907054007
519	1e-23	0.0013214999926276505
520	1e-23	0.0014584999880753458
521	1e-23	0.0012055999832227826
522	1e-23	0.003173300006892532
523	1e-23	0.0012049000361002982
524	1e-23	0.0012264000251889229
525	1e-23	0.0018443999579176307
526	1e-23	0.0014066000003367662
527	1e-23	0.0012941999593749642
528	1e-23	0.0012227999977767467
529	1e-23	0.0012224999954923987
530	1e-23	0.0014968999894335866
531	1e-23	0.001470399962272495
532	1e-23	0.001474000047892332
533	1e-23	0.002249700017273426
534	1e-23	0.00314850005088374
535	1e-23	0.001756699988618493
536	1e-23	0.0015289000002667308
537	1e-23	0.0016941999783739448
538	1e-23	0.0011842999956570566
539	1e-23	0.0014174000243656337
540	1e-23	0.0018990000244230032
541	1e-23	0.001469500013627112
542	1e-23	0.0016054000006988645
543	1e-23	0.0012126999790780246
544	1e-23	0.0015539000160060823
545	1e-23	0.0017528000171296299
546	1e-23	0.002533300023060292
547	1e-23	0.0016306000179611146
548	1e-23	0.0016879999893717468
549	1e-23	0.0023020999506115913
550	1e-23	0.0014603000017814338
551	1e-23	0.0012897999840788543
552	1e-23	0.0014122999855317175
553	1e-23	0.0016889999969862401
554	1e-23	0.002305899979546666
555	1e-23	0.0032245999900624156
556	1e-23	0.003279099997598678
557	1e-23	0.002051200019195676
558	1e-23	0.001629200007300824
559	1e-23	0.001811099995393306
560	1e-23	0.0014642999740317464
561	1e-23	0.0026194999809376895
562	1e-23	0.0023631000076420605
563	1e-23	0.0014174000243656337
564	1e-23	0.0015610000118613243
565	1e-23	0.0027599000022746623
566	1e-23	0.0013541999505832791
567	1e-23	0.002649199974257499
568	1e-23	0.0031036000000312924
569	1e-23	0.0013018000172451138
570	1e-23	0.0022473999997600913
571	1e-23	0.0013323999592103064
572	1e-23	0.0020238999859429896
573	1e-23	0.0013273999793455005
574	1e-23	0.0014732999843545258
575	1e-23	0.0012441999861039221
576	1e-23	0.0013005000073462725
577	1e-23	0.002230799989774823
578	1e-23	0.0015007000183686614
579	1e-23	0.0012465000036172569
580	1e-23	0.0010523000382818282
581	1e-23	0.001103099959436804
582	1e-23	0.0015267999842762947
583	1e-23	0.0015367000014521182
584	1e-23	0.0013161000097170472
585	1e-23	0.0016444000066258013
586	1e-23	0.0011847999994643033
587	1e-23	0.003855000017210841
588	1e-23	0.0021775999921374023
589	1e-23	0.001319000031799078
590	1e-23	0.003544699982739985
591	1e-23	0.0019717999966815114
592	1e-23	0.002237600041553378
593	1e-23	0.001860500022303313
594	1e-23	0.0011678999871946871
595	1e-23	0.001346499950159341
596	1e-23	0.001421900000423193
597	1e-23	0.00221649999730289
598	1e-23	0.002424200007226318
599	1e-23	0.001830899971537292
600	1e-23	0.0016479999758303165
601	1e-23	0.0014055999927222729
602	1e-23	0.002381899976171553
603	1e-23	0.0025519999908283353
604	1e-23	0.0015302999527193606
605	1e-23	0.0015812000492587686
606	1e-23	0.0013413999695330858
607	1e-23	0.0017649999936111271
608	1e-23	0.0020754000288434327
609	1e-23	0.001712600002065301
610	1e-23	0.0013431999832391739
611	1e-23	0.001923500036355108
612	1e-23	0.002500999951735139
613	1e-23	0.0014392000157386065
614	1e-23	0.0012891000369563699
615	1e-23	0.001498199999332428
616	1e-23	0.0012377999955788255
617	1e-23	0.001920499955303967
618	1e-23	0.0012352000339888036
619	1e-23	0.0015000999555923045
620	1e-23	0.0010068000410683453
621	1e-23	0.001417500025127083
622	1e-23	0.0011351000284776092
623	1e-23	0.0014516999945044518
624	1e-23	0.001531900023110211
625	1e-23	0.0019008999806828797
626	1e-23	0.0015232000150717795
627	1e-23	0.0017030999879352748
628	1e-23	0.0020828000269830227
629	1e-23	0.0012735999771393836
630	1e-23	0.001208700006827712
631	1e-23	0.001216700009535998
632	1e-23	0.0010132999741472304
633	1e-23	0.002520799986086786
634	1e-23	0.0016082999645732343
635	1e-23	0.0017487999866716564
636	1e-23	0.0010608999873511493
637	1e-23	0.0014893000479787588
638	1e-23	0.0023388999979943037
639	1e-23	0.0010827999794855714
640	1e-23	0.0011348000261932611
641	1e-23	0.0010461999918334186
642	1e-23	0.001974000013433397
643	1e-23	0.002196100016590208
644	1e-23	0.001339999958872795
645	1e-23	0.001193300005979836
646	1e-23	0.0013772999518550932
647	1e-23	0.0018717999919317663
648	1e-23	0.001373700040858239
649	1e-23	0.0010732000228017569
650	1e-23	0.0014211999950930476
651	1e-23	0.0013661999837495387
652	1e-23	0.0012153999996371567
653	1e-23	0.002180200011935085
654	1e-23	0.0014529000036418438
655	1e-23	0.0015891999937593937
656	1e-23	0.0015731999883428216
657	1e-23	0.001207199995405972
658	1e-23	0.002013400022406131
659	1e-23	0.00136599998222664
660	1e-23	0.001677999971434474
661	1e-23	0.0015036999830044806
662	1e-23	0.001115499995648861
663	1e-23	0.0023834999883547425
664	1e-23	0.002437999995891005
665	1e-23	0.0028326999745331705
666	1e-23	0.0022669999743811786
667	1e-23	0.001559399999678135
668	1e-23	0.001739799976348877
669	1e-23	0.0013064999948255718
670	1e-23	0.0011947000166401267
671	1e-23	0.0020453999750316143
672	1e-23	0.001950100006069988
673	1e-23	0.0019998999778181314
674	1e-23	0.002305599977262318
675	1e-23	0.0014118999824859202
676	1e-23	0.0015554000274278224
677	1e-23	0.0013520000502467155
678	1e-23	0.0010511999716982245
679	1e-23	0.002394299954175949
680	1e-23	0.0015173000283539295
681	1e-23	0.001337299996521324
682	1e-23	0.0016426999936811626
683	1e-23	0.001507400011178106
684	1e-23	0.0016797000425867736
685	1e-23	0.0016110999858938158
686	1e-23	0.0014343000366352499
687	1e-23	0.0016882999916560948
688	1e-23	0.0012473000097088516
689	1e-23	0.0022912000422365963
690	1e-23	0.0015434999950230122
691	1e-23	0.0013354999828152359
692	1e-23	0.001424900023266673
693	1e-23	0.0019503000075928867
694	1e-23	0.001671200036071241
695	1e-23	0.0021457999828271568
696	1e-23	0.001255999959539622
697	1e-23	0.0012116999714635313
698	1e-23	0.0015746999997645617
699	1e-23	0.0013663999852724373
700	1e-23	0.0015222000074572861
701	1e-23	0.00238540000282228
702	1e-23	0.0014455999480560422
703	1e-23	0.0012396000092849135
704	1e-23	0.0019335999968461692
705	1e-23	0.0016736999968998134
706	1e-23	0.0016118999919854105
707	1e-23	0.0012337000225670636
708	1e-23	0.0019127000123262405
709	1e-23	0.002758899994660169
710	1e-23	0.0020185000030323863
711	1e-23	0.0011520999833010137
712	1e-23	0.0011538999970071018
713	1e-23	0.0012147999950684607
714	1e-23	0.0014680000022053719
715	1e-23	0.001642499992158264
716	1e-23	0.001171699957922101
717	1e-23	0.0016296000103466213
718	1e-23	0.0014907000004313886
719	1e-23	0.0018706000410020351
720	1e-23	0.0014624999603256583
721	1e-23	0.0015699000214226544
722	1e-23	0.002020399959292263
723	1e-23	0.0016756000113673508
724	1e-23	0.001976999978069216
725	1e-23	0.0012502999743446708
726	1e-23	0.0013361999881453812
727	1e-23	0.0012108000228181481
728	1e-23	0.0013260000268928707
729	1e-23	0.0016362000023946166
730	1e-23	0.0016821000026538968
731	1e-23	0.0015909000067040324
732	1e-23	0.0013409999664872885
733	1e-23	0.0012298999936319888
734	1e-23	0.0012602999922819436
735	1e-23	0.001221399987116456
736	1e-23	0.0014947999734431505
737	1e-23	0.0010266999597661197
738	1e-23	0.0012761999969370663
739	1e-23	0.0014738999889232218
740	1e-23	0.0013153000036254525
741	1e-23	0.0013536999467760324
742	1e-23	0.0012673999881371856
743	1e-23	0.0011438000365160406
744	1e-23	0.0011130000348202884
745	1e-23	0.0017220000154338777
746	1e-23	0.0012907999916933477
747	1e-23	0.0012558000162243843
748	1e-23	0.001215800002682954
749	1e-23	0.001374299987219274
750	1e-23	0.001126200018916279
751	1e-23	0.0014210999943315983
752	1e-23	0.0021121000172570348
753	1e-23	0.0021435999660752714
754	1e-23	0.0011612999951466918
755	1e-23	0.0015634999726898968
756	1e-23	0.0013117999769747257
757	1e-23	0.0019783999887295067
758	1e-23	0.0015906000044196844
759	1e-23	0.0013218999956734478
760	1e-23	0.0013171000173315406
761	1e-23	0.001520699996035546
762	1e-23	0.0011105999583378434
763	1e-23	0.0013827999937348068
764	1e-23	0.0014900999958626926
765	1e-23	0.0014427999849431217
766	1e-23	0.0035711000091396272
767	1e-23	0.0017268999945372343
768	1e-23	0.001713800011202693
769	1e-23	0.0014430999872274697
770	1e-23	0.001436099992133677
771	1e-23	0.001260699995327741
772	1e-23	0.0019047000096179545
773	1e-23	0.002109199995175004
774	1e-23	0.0013351999805308878
775	1e-23	0.0011391000007279217
776	1e-23	0.001972300000488758
777	1e-23	0.002122499980032444
778	1e-23	0.0020810000132769346
779	1e-23	0.0013537000049836934
780	1e-23	0.0016398999723605812
781	1e-23	0.0014306000084616244
782	1e-23	0.001589299994520843
783	1e-23	0.001077399996574968
784	1e-23	0.001870799984317273
785	1e-23	0.001920800015795976
786	1e-23	0.0013495999737642705
787	1e-23	0.0012923000031150877
788	1e-23	0.0014839000068604946
789	1e-23	0.0023785000084899366
790	1e-23	0.0017726000514812768
791	1e-23	0.002015799982473254
792	1e-23	0.0023327000089921057
793	1e-23	0.0013046999811194837
794	1e-23	0.001116400002501905
795	1e-23	0.0018553999834693968
796	1e-23	0.0010417000157758594
797	1e-23	0.0009969999664463103
798	1e-23	0.001743700006045401
799	1e-23	0.003036600013729185
800	1e-23	0.0026381000061519444
801	1e-23	0.0018622000352479517
802	1e-23	0.001588100043591112
803	1e-23	0.0011551000061444938
804	1e-23	0.0015228000120259821
805	1e-23	0.0019978999625891447
806	1e-23	0.0021111000096425414
807	1e-23	0.0018954999977722764
808	1e-23	0.0014984000008553267
809	1e-23	0.0023745999787934124
810	1e-23	0.002848499978426844
811	1e-23	0.001774100004695356
812	1e-23	0.0011051999754272401
813	1e-23	0.0013894999865442514
814	1e-23	0.0015287999995052814
815	1e-23	0.0012879999703727663
816	1e-23	0.001239699951838702
817	1e-23	0.0015504999901168048
818	1e-23	0.0015340999816544354
819	1e-23	0.002071099996101111
820	1e-23	0.003750200034119189
821	1e-23	0.001966900017578155
822	1e-23	0.0012227999977767467
823	1e-23	0.0013253000215627253
824	1e-23	0.0018356000073254108
825	1e-23	0.0024796000216156244
826	1e-23	0.0025412000250071287
827	1e-23	0.0011194999678991735
828	1e-23	0.001898299960885197
829	1e-23	0.0019830000237561762
830	1e-23	0.0012652999721467495
831	1e-23	0.0019399999873712659
832	1e-23	0.0021717000054195523
833	1e-23	0.0013540000072680414
834	1e-23	0.002500700007658452
835	1e-23	0.001624199969228357
836	1e-23	0.0017112999921664596
837	1e-23	0.0021667000255547464
838	1e-23	0.0020661000162363052
839	1e-23	0.001267199986614287
840	1e-23	0.0022860999451950192
841	1e-23	0.0013134999899193645
842	1e-23	0.0011406000121496618
843	1e-23	0.0013233000063337386
844	1e-23	0.00121640000725165
845	1e-23	0.0011485000140964985
846	1e-23	0.0016225999570451677
847	1e-23	0.00161500001559034
848	1e-23	0.0026516999932937324
849	1e-23	0.0013253999641165137
850	1e-23	0.0015319999656639993
851	1e-23	0.001339100010227412
852	1e-23	0.0019470000406727195
853	1e-23	0.0017991000204347074
854	1e-23	0.0012261999654583633
855	1e-23	0.0014031999744474888
856	1e-23	0.0013160000089555979
857	1e-23	0.00102680001873523
858	1e-23	0.001241800026036799
859	1e-23	0.0018300000228919089
860	1e-23	0.0013550000148825347
861	1e-23	0.0013458000030368567
862	1e-23	0.0017110999906435609
863	1e-23	0.0023411999572999775
864	1e-23	0.0013455000007525086
865	1e-23	0.001929700025357306
866	1e-23	0.002112200018018484
867	1e-23	0.0014115000376477838
868	1e-23	0.0016172999748960137
869	1e-23	0.0019481999916024506
870	1e-23	0.0016085999668575823
871	1e-23	0.0019836999708786607
872	1e-23	0.0013294999953359365
873	1e-23	0.0024612999986857176
874	1e-23	0.0023686999920755625
875	1e-23	0.0013281999854370952
876	1e-23	0.0018231000285595655
877	1e-23	0.0016121999942697585
878	1e-23	0.0015190999838523567
879	1e-23	0.0010938000050373375
880	1e-23	0.002222199982497841
881	1e-23	0.0013191999751143157
882	1e-23	0.0012295999913476408
883	1e-23	0.0010824999772012234
884	1e-23	0.0019457999733276665
885	1e-23	0.0017937999800778925
886	1e-23	0.0014282999909482896
887	1e-23	0.0017522000125609338
888	1e-23	0.001178200007416308
889	1e-23	0.0012153999996371567
890	1e-23	0.0012392000062391162
891	1e-23	0.0012209000415168703
892	1e-23	0.0022062999778427184
893	1e-23	0.0022364999749697745
894	1e-23	0.0012725000269711018
895	1e-23	0.0014979999978095293
896	1e-23	0.0019109999993816018
897	1e-23	0.0020574999507516623
898	1e-23	0.0010312000522390008
899	1e-23	0.0019890000112354755
900	1e-23	0.0019503000075928867
901	1e-23	0.0012241000076755881
902	1e-23	0.0018065999611280859
903	1e-23	0.0014116999809630215
904	1e-23	0.0015105000347830355
905	1e-23	0.0016590000013820827
906	1e-23	0.0017952999914996326
907	1e-23	0.001450299983844161
908	1e-23	0.0012839999981224537
909	1e-23	0.0012845000019297004
910	1e-23	0.002184299984946847
911	1e-23	0.0020815000170841813
912	1e-23	0.0017782999784685671
913	1e-23	0.0013621000107377768
914	1e-23	0.001747500034980476
915	1e-23	0.0015815000515431166
916	1e-23	0.001936800021212548
917	1e-23	0.001181500032544136
918	1e-23	0.001753999968059361
919	1e-23	0.002482399984728545
920	1e-23	0.00245789997279644
921	1e-23	0.0018128999508917332
922	1e-23	0.0015558999730274081
923	1e-23	0.001928500016219914
924	1e-23	0.0013497000327333808
925	1e-23	0.001444099994841963
926	1e-23	0.0012083000037819147
927	1e-23	0.001556800038088113
928	1e-23	0.0012317000073380768
929	1e-23	0.0019348000059835613
930	1e-23	0.0013914000010117888
931	1e-23	0.001283799996599555
932	1e-23	0.001257800031453371
933	1e-23	0.0019819000153802335
934	1e-23	0.0021784999989904463
935	1e-23	0.001286200014874339
936	1e-23	0.0022220999817363918
937	1e-23	0.001330200000666082
938	1e-23	0.0021587999654002488
939	1e-23	0.0021813000203110278
940	1e-23	0.0015783000271767378
941	1e-23	0.0012050000368617475
942	1e-23	0.0014471999602392316
943	1e-23	0.0015776000218465924
944	1e-23	0.002282499975990504
945	1e-23	0.001705800008494407
946	1e-23	0.001413599995430559
947	1e-23	0.0013778999564237893
948	1e-23	0.0024170000106096268
949	1e-23	0.0018375999643467367
950	1e-23	0.0009806999587453902
951	1e-23	0.0020442999666556716
952	1e-23	0.0013752999948337674
953	1e-23	0.0013318000128492713
954	1e-23	0.0013722000294364989
955	1e-23	0.0013828999944962561
956	1e-23	0.0011433000327087939
957	1e-23	0.0014519000542350113
958	1e-23	0.0012726999702863395
959	1e-23	0.0014488999731838703
960	1e-23	0.0014694000128656626
961	1e-23	0.0011995999957434833
962	1e-23	0.0011331000132486224
963	1e-23	0.0022872999543324113
964	1e-23	0.002882600005250424
965	1e-23	0.001079699955880642
966	1e-23	0.0013021000195294619
967	1e-23	0.0014335999730974436
968	1e-23	0.002148500003386289
969	1e-23	0.0014553999644704163
970	1e-23	0.0015995000139810145
971	1e-23	0.0011710000107996166
972	1e-23	0.0011269999668002129
973	1e-23	0.0016645999858155847
974	1e-23	0.001199499994982034
975	1e-23	0.0011215999838896096
976	1e-23	0.0019909999682568014
977	1e-23	0.0010345999617129564
978	1e-23	0.0019671000191010535
979	1e-23	0.0014161000144667923
980	1e-23	0.0013586999848484993
981	1e-23	0.0015234000165946782
982	1e-23	0.0012878000270575285
983	1e-23	0.0016059000045061111
984	1e-23	0.0013439000467769802
985	1e-23	0.001978499989490956
986	1e-23	0.0015862000291235745
987	1e-23	0.001255400013178587
988	1e-23	0.001909599988721311
989	1e-23	0.002660700003616512
990	1e-23	0.0013639000244438648
991	1e-23	0.0013428999809548259
992	1e-23	0.0015032999799586833
993	1e-23	0.0012815999798476696
994	1e-23	0.0012297999928705394
995	1e-23	0.0012938000145368278
996	1e-23	0.0012372999917715788
997	1e-23	0.0014983000000938773
998	1e-23	0.0015368000022135675
999	1e-23	0.001986199989914894
1000	1e-23	0.0011924999998882413
1001	1e-23	0.001505599997472018
1002	1e-23	0.0011302000493742526
1003	1e-23	0.0025470000109635293
1004	1e-23	0.002793200023006648
1005	1e-23	0.0012268999707885087
1006	1e-23	0.0014374000020325184
1007	1e-23	0.0012756999931298196
1008	1e-23	0.001959599961992353
1009	1e-23	0.0014435999910347164
1010	1e-23	0.0013501999783329666
1011	1e-23	0.0012119000311940908
1012	1e-23	0.001492300012614578
1013	1e-23	0.001206299988552928
1014	1e-23	0.0012978000449948013
1015	1e-23	0.0014472000184468925
1016	1e-23	0.001902799995150417
1017	1e-23	0.0016309000202454627
1018	1e-23	0.0019828000222332776
1019	1e-23	0.00215859996387735
1020	1e-23	0.001379300025291741
1021	1e-23	0.0010476000024937093
1022	1e-23	0.0022520999773405492
1023	1e-23	0.0017047000001184642
1024	1e-23	0.0011819999781437218
1025	1e-23	0.001331999956164509
1026	1e-23	0.0017083999700844288
1027	1e-23	0.002264999959152192
1028	1e-23	0.002354399999603629
1029	1e-23	0.0012705999542959034
1030	1e-23	0.0015079000149853528
1031	1e-23	0.0011510999756865203
1032	1e-23	0.00126369995996356
1033	1e-23	0.0016996999620459974
1034	1e-23	0.0011567000183276832
1035	1e-23	0.0018538000294938684
1036	1e-23	0.0018244999810121953
1037	1e-23	0.0015554999699816108
1038	1e-23	0.0012450999929569662
1039	1e-23	0.001579199975822121
1040	1e-23	0.0013207999872975051
1041	1e-23	0.001297400041949004
1042	1e-23	0.0012587999808602035
1043	1e-23	0.001091300044208765
1044	1e-23	0.0013404999626800418
1045	1e-23	0.0013998000067658722
1046	1e-23	0.002571200020611286
1047	1e-23	0.0014124999870546162
1048	1e-23	0.0016138000064529479
1049	1e-23	0.002566100039985031
1050	1e-23	0.002466099977027625
1051	1e-23	0.0011448999866843224
1052	1e-23	0.0019240999827161431
1053	1e-23	0.0010479000047780573
1054	1e-23	0.002409699955023825
1055	1e-23	0.0015359999961219728
1056	1e-23	0.0015371000044979155
1057	1e-23	0.0014811999863013625
1058	1e-23	0.0022220000391826034
1059	1e-23	0.0020010999869555235
1060	1e-23	0.0014127000467851758
1061	1e-23	0.0016521000070497394
1062	1e-23	0.002190199971664697
1063	1e-23	0.001010499952826649
1064	1e-23	0.0012789000174961984
1065	1e-23	0.001451200048904866
1066	1e-23	0.0015613000141456723
1067	1e-23	0.0016291000065393746
1068	1e-23	0.0012870999635197222
1069	1e-23	0.002484500000718981
1070	1e-23	0.0015885000466369092
1071	1e-23	0.0010580000234767795
1072	1e-23	0.0010356000275351107
1073	1e-23	0.001243900042027235
1074	1e-23	0.0012449999921955168
1075	1e-23	0.001257200026884675
1076	1e-23	0.0010925999958999455
1077	1e-23	0.0018839999684132636
1078	1e-23	0.002147399995010346
1079	1e-23	0.0015569000388495624
1080	1e-23	0.0015851000207476318
1081	1e-23	0.0013128999853506684
1082	1e-23	0.0013275999808683991
1083	1e-23	0.0014614000101573765
1084	1e-23	0.0014770000125281513
1085	1e-23	0.0012662999797612429
1086	1e-23	0.001907199970446527
1087	1e-23	0.0014720999752171338
1088	1e-23	0.0015545000205747783
1089	1e-23	0.001264000020455569
1090	1e-23	0.0015870000352151692
1091	1e-23	0.0012049999786540866
1092	1e-23	0.0014689000090584159
1093	1e-23	0.0015411999775096774
1094	1e-23	0.0014042999828234315
1095	1e-23	0.0012091000098735094
1096	1e-23	0.001194500015117228
1097	1e-23	0.0013937000185251236
1098	1e-23	0.0013914000010117888
1099	1e-23	0.0013611000031232834
1100	1e-23	0.0021080999867990613
1101	1e-23	0.0032568000024184585
1102	1e-23	0.002112500020302832
1103	1e-23	0.001471599971409887
1104	1e-23	0.0025625000125728548
1105	1e-23	0.0023342000204138458
1106	1e-23	0.0011878000223077834
1107	1e-23	0.002026400004979223
1108	1e-23	0.001711399992927909
1109	1e-23	0.001130899996496737
1110	1e-23	0.0021147000370547175
1111	1e-23	0.0019221000256948173
1112	1e-23	0.0012120000319555402
1113	1e-23	0.0015722999814897776
1114	1e-23	0.002058300015050918
1115	1e-23	0.001340000017080456
1116	1e-23	0.0012196999741718173
1117	1e-23	0.0015239000204019248
1118	1e-23	0.001325199962593615
1119	1e-23	0.0013280999846756458
1120	1e-23	0.001794799987692386
1121	1e-23	0.0013069999986328185
1122	1e-23	0.0010313999955542386
1123	1e-23	0.0013519999920390546
1124	1e-23	0.001640800037421286
1125	1e-23	0.0022046000231057405
1126	1e-23	0.0012009000056423247
1127	1e-23	0.0015084000187925994
1128	1e-23	0.0013555999612435699
1129	1e-23	0.0021701999939978123
1130	1e-23	0.0025750999921001494
1131	1e-23	0.0018397000385448337
1132	1e-23	0.0012857000110670924
1133	1e-23	0.002649499976541847
1134	1e-23	0.0015029999776743352
1135	1e-23	0.001733900047838688
1136	1e-23	0.001553800015244633
1137	1e-23	0.001233500021044165
1138	1e-23	0.0019651000038720667
1139	1e-23	0.0010084000532515347
1140	1e-23	0.0010565000120550394
1141	1e-23	0.0011816999758593738
1142	1e-23	0.0018130000098608434
1143	1e-23	0.0020593999652191997
1144	1e-23	0.0011952000204473734
1145	1e-23	0.002091800037305802
1146	1e-23	0.001006999984383583
1147	1e-23	0.0017988000181503594
1148	1e-23	0.0012996000004932284
1149	1e-23	0.001837399962823838
1150	1e-23	0.0021486000041477382
1151	1e-23	0.0015410000341944396
1152	1e-23	0.0016911000129766762
1153	1e-23	0.0013599999947473407
1154	1e-23	0.001242100028321147
1155	1e-23	0.0014309999532997608
1156	1e-23	0.00215119996573776
1157	1e-23	0.002550200035329908
1158	1e-23	0.001255700015462935
1159	1e-23	0.0015770000172778964
1160	1e-23	0.0014660999877378345
1161	1e-23	0.0013005000073462725
1162	1e-23	0.0023707000073045492
1163	1e-23	0.0013640999677591026
1164	1e-23	0.0021715000038966537
1165	1e-23	0.001256599964108318
1166	1e-23	0.0016066000098362565
1167	1e-23	0.0013447999954223633
1168	1e-23	0.0024583000340498984
1169	1e-23	0.002162699995096773
1170	1e-23	0.0021145999780856073
1171	1e-23	0.0012163999490439892
1172	1e-23	0.0012168000102974474
1173	1e-23	0.0016265999875031412
1174	1e-23	0.0014505000435747206
1175	1e-23	0.0033417000086046755
1176	1e-23	0.0017777999746613204
1177	1e-23	0.001361300004646182
1178	1e-23	0.0014298000023700297
1179	1e-23	0.0012815000372938812
1180	1e-23	0.0015149000100791454
1181	1e-23	0.0014067000010982156
1182	1e-23	0.001999499974772334
1183	1e-23	0.0011349000269547105
1184	1e-23	0.001392299949657172
1185	1e-23	0.0023122000275179744
1186	1e-23	0.0030879999976605177
1187	1e-23	0.0013073000009171665
1188	1e-23	0.001865500002168119
1189	1e-23	0.001729500014334917
1190	1e-23	0.0011471000034362078
1191	1e-23	0.0013349999790079892
1192	1e-23	0.0016125999973155558
1193	1e-23	0.002348999958485365
1194	1e-23	0.0020308999810367823
1195	1e-23	0.002058700018096715
1196	1e-23	0.0024849000037647784
1197	1e-23	0.0011179999564774334
1198	1e-23	0.0016496000462211668
1199	1e-23	0.0013213999918662012
1200	1e-23	0.001867900020442903
1201	1e-23	0.0012174999574199319
1202	1e-23	0.0013537000049836934
1203	1e-23	0.0012370999902486801
1204	1e-23	0.0015781999682076275
1205	1e-23	0.0014792999718338251
1206	1e-23	0.0027478999691084027
1207	1e-23	0.0023030999582260847
1208	1e-23	0.0032801000052131712
1209	1e-23	0.0017559999832883477
1210	1e-23	0.0012233000015839934
1211	1e-23	0.002019600011408329
1212	1e-23	0.0024784000124782324
1213	1e-23	0.0012949000229127705
1214	1e-23	0.0013102000229991972
1215	1e-23	0.0016153999604284763
1216	1e-23	0.0015134999994188547
1217	1e-23	0.0025025999639183283
1218	1e-23	0.001550900051370263
1219	1e-23	0.0015053999959491193
1220	1e-23	0.0012368999887257814
1221	1e-23	0.0014001000090502203
1222	1e-23	0.0013992000021971762
1223	1e-23	0.0013886999804526567
1224	1e-23	0.0014485999708995223
1225	1e-23	0.0013968999846838415
1226	1e-23	0.0013015000149607658
1227	1e-23	0.0014156000106595457
1228	1e-23	0.0020463000400923193
1229	1e-23	0.0014563000295311213
1230	1e-23	0.0014652999816462398
1231	1e-23	0.0019268000032752752
1232	1e-23	0.0017095999792218208
1233	1e-23	0.0015734999906271696
1234	1e-23	0.001249500026460737
1235	1e-23	0.001748999988194555
1236	1e-23	0.002848299976903945
1237	1e-23	0.0013947999686934054
1238	1e-23	0.0017547999741509557
1239	1e-23	0.001320500043220818
1240	1e-23	0.0020096999942325056
1241	1e-23	0.0018697999767027795
1242	1e-23	0.0020797000033780932
1243	1e-23	0.0015089999651536345
1244	1e-23	0.0014309999532997608
1245	1e-23	0.00181350001366809
1246	1e-23	0.0023988999892026186
1247	1e-23	0.0014244999620132148
1248	1e-23	0.0017048000008799136
1249	1e-23	0.0014051999896764755
1250	1e-23	0.002358799974899739
1251	1e-23	0.0021849999902769923
1252	1e-23	0.0017211000085808337
1253	1e-23	0.0016394000267609954
1254	1e-23	0.0014073000056669116
1255	1e-23	0.0022043000208213925
1256	1e-23	0.0012153999996371567
1257	1e-23	0.001337299996521324
1258	1e-23	0.0022066999808885157
1259	1e-23	0.001347100012935698
1260	1e-23	0.0026500000385567546
1261	1e-23	0.0026020000223070383
1262	1e-23	0.001783300016541034
1263	1e-23	0.0011180000146850944
1264	1e-23	0.002147999999579042
1265	1e-23	0.003633400017861277
1266	1e-23	0.0024136000429280102
1267	1e-23	0.0012135000433772802
1268	1e-23	0.0016636999789625406
1269	1e-23	0.001903099997434765
1270	1e-23	0.001740999985486269
1271	1e-23	0.0012282999814487994
1272	1e-23	0.001423100009560585
1273	1e-23	0.0025978999910876155
1274	1e-23	0.0012420000275596976
1275	1e-23	0.0015429999912157655
1276	1e-23	0.0014831000007689
1277	1e-23	0.001248000015038997
1278	1e-23	0.0015177999739535153
1279	1e-23	0.0012073999969288707
1280	1e-23	0.001986699993722141
1281	1e-23	0.0019146999693475664
1282	1e-23	0.0015341999824158847
1283	1e-23	0.001263100013602525
1284	1e-23	0.0017856999766081572
1285	1e-23	0.001555000024382025
1286	1e-23	0.0015764000127092004
1287	1e-23	0.0017494999920018017
1288	1e-23	0.0025187000283040106
1289	1e-23	0.0019255999941378832
1290	1e-23	0.0011687999940477312
1291	1e-23	0.001568300009239465
1292	1e-23	0.0016703999717719853
1293	1e-23	0.003006399958394468
1294	1e-23	0.002234599960502237
1295	1e-23	0.0012696999474428594
1296	1e-23	0.0015094999689608812
1297	1e-23	0.0014386000111699104
1298	1e-23	0.002546300005633384
1299	1e-23	0.001281099976040423
1300	1e-23	0.0011715000146068633
1301	1e-23	0.0021173999994061887
1302	1e-23	0.0015578999882563949
1303	1e-23	0.0012126000365242362
1304	1e-23	0.0017300000181421638
1305	1e-23	0.0016908000106923282
1306	1e-23	0.0018026000470854342
1307	1e-23	0.0018689999706111848
1308	1e-23	0.0012950000236742198
1309	1e-23	0.0014815999893471599
1310	1e-23	0.0012441999861039221
1311	1e-23	0.002132499997969717
1312	1e-23	0.0016042999923229218
1313	1e-23	0.00174100004369393
1314	1e-23	0.0011067999876104295
1315	1e-23	0.001353300001937896
1316	1e-23	0.0018221999634988606
1317	1e-23	0.0015709999715909362
1318	1e-23	0.00136009999550879
1319	1e-23	0.0012496999697759748
1320	1e-23	0.0015101999742910266
1321	1e-23	0.002392499998677522
1322	1e-23	0.001125000009778887
1323	1e-23	0.0012362999841570854
1324	1e-23	0.00140889995964244
1325	1e-23	0.0014312000130303204
1326	1e-23	0.002680599980521947
1327	1e-23	0.0014610000071115792
1328	1e-23	0.0012599999899975955
1329	1e-23	0.0019887000089511275
1330	1e-23	0.002533300023060292
1331	1e-23	0.00236470001982525
1332	1e-23	0.002441000018734485
1333	1e-23	0.001871099986601621
1334	1e-23	0.0013251000200398266
1335	1e-23	0.0013092000153847039
1336	1e-23	0.0015436999965459108
1337	1e-23	0.0015262000379152596
1338	1e-23	0.001642799994442612
1339	1e-23	0.002392199996393174
1340	1e-23	0.001722400018479675
1341	1e-23	0.0017799999914132059
1342	1e-23	0.0010857000015676022
1343	1e-23	0.0013927999534644186
1344	1e-23	0.0013369000516831875
1345	1e-23	0.0020062000257894397
1346	1e-23	0.001243300037458539
1347	1e-23	0.0018633999861776829
1348	1e-23	0.001938600034918636
1349	1e-23	0.0015526999486610293
1350	1e-23	0.001552300003822893
1351	1e-23	0.0015381000121124089
1352	1e-23	0.0015838000108487904
1353	1e-23	0.0009755000355653465
1354	1e-23	0.0015682000084780157
1355	1e-23	0.001636300003156066
1356	1e-23	0.002241400012280792
1357	1e-23	0.0019640999962575734
1358	1e-23	0.001436099992133677
1359	1e-23	0.001781500002834946
1360	1e-23	0.0013107999693602324
1361	1e-23	0.0010848999954760075
1362	1e-23	0.0013645999715663493
1363	1e-23	0.002131400047801435
1364	1e-23	0.0025009000091813505
1365	1e-23	0.0021158999879844487
1366	1e-23	0.00164899998344481
1367	1e-23	0.00181350001366809
1368	1e-23	0.001664399984292686
1369	1e-23	0.0014217999996617436
1370	1e-23	0.001395299972500652
1371	1e-23	0.0011557000107131898
1372	1e-23	0.0019170999876223505
1373	1e-23	0.001410400029271841
1374	1e-23	0.0011047000298276544
1375	1e-23	0.0015899999998509884
1376	1e-23	0.002711899986024946
1377	1e-23	0.0015259000356309116
1378	1e-23	0.0029239000286906958
1379	1e-23	0.0019323999877087772
1380	1e-23	0.0016458999598398805
1381	1e-23	0.0010642000124789774
1382	1e-23	0.0011174000101163983
1383	1e-23	0.00152749998960644
1384	1e-23	0.0013281999854370952
1385	1e-23	0.0016490999842062593
1386	1e-23	0.0014957000385038555
1387	1e-23	0.002088500012177974
1388	1e-23	0.0017274999991059303
1389	1e-23	0.0015241000219248235
1390	1e-23	0.001452099997550249
1391	1e-23	0.0016261000419035554
1392	1e-23	0.0025200999807566404
1393	1e-23	0.0014421999803744256
1394	1e-23	0.001418400031980127
1395	1e-23	0.001705500006210059
1396	1e-23	0.002039099985267967
1397	1e-23	0.001088300021365285
1398	1e-23	0.00138229998992756
1399	1e-23	0.0014350000419653952
1400	1e-23	0.002043799962848425
1401	1e-23	0.001584300014656037
1402	1e-23	0.0013028000248596072
1403	1e-23	0.0012801999691873789
1404	1e-23	0.0014281999901868403
1405	1e-23	0.001221699989400804
1406	1e-23	0.001555300026666373
1407	1e-23	0.0019901000196114182
1408	1e-23	0.001267499988898635
1409	1e-23	0.0015654999879188836
1410	1e-23	0.0015283000539056957
1411	1e-23	0.0012039999710395932
1412	1e-23	0.0018976000137627125
1413	1e-23	0.0018283000099472702
1414	1e-23	0.0015581999905407429
1415	1e-23	0.001309499959461391
1416	1e-23	0.001313700049649924
1417	1e-23	0.0015249000280164182
1418	1e-23	0.003094900050200522
1419	1e-23	0.002267699979711324
1420	1e-23	0.0016475999727845192
1421	1e-23	0.0021987000363878906
1422	1e-23	0.0022906999802216887
1423	1e-23	0.0017009000293910503
1424	1e-23	0.002613999997265637
1425	1e-23	0.0013340999721549451
1426	1e-23	0.002126299950759858
1427	1e-23	0.0015354999923147261
1428	1e-23	0.0011310999980196357
1429	1e-23	0.0009183000074699521
1430	1e-23	0.0016963999951258302
1431	1e-23	0.0016956000472418964
1432	1e-23	0.0019930999842472374
1433	1e-23	0.0019554999889805913
1434	1e-23	0.0014831000007689
1435	1e-23	0.0011763999937102199
1436	1e-23	0.0025679999962449074
1437	1e-23	0.0017037999932654202
1438	1e-23	0.0014314999571070075
1439	1e-23	0.0016124999965541065
1440	1e-23	0.00150379998376593
1441	1e-23	0.0016395999700762331
1442	1e-23	0.0012659999774768949
1443	1e-23	0.0010201000259257853
1444	1e-23	0.0013951000291854143
1445	1e-23	0.0019564999965950847
1446	1e-23	0.001451799995265901
1447	1e-23	0.0012050000368617475
1448	1e-23	0.0013701000134460628
1449	1e-23	0.0013673999928869307
1450	1e-23	0.0018479999853298068
1451	1e-23	0.0025323000154457986
1452	1e-23	0.001401800021994859
1453	1e-23	0.0012229999992996454
1454	1e-23	0.002062799991108477
1455	1e-23	0.0015189999830909073
1456	1e-23	0.0014959999825805426
1457	1e-23	0.0020312999840825796
1458	1e-23	0.0011347999679856002
1459	1e-23	0.0016181999817490578
1460	1e-23	0.0015373000060208142
1461	1e-23	0.0016900000046007335
1462	1e-23	0.0014785000239498913
1463	1e-23	0.0012246999540366232
1464	1e-23	0.0018855000380426645
1465	1e-23	0.0022234999923966825
1466	1e-23	0.0015989000094123185
1467	1e-23	0.001606999954674393
1468	1e-23	0.0014721000334247947
1469	1e-23	0.0020623000455088913
1470	1e-23	0.0011479000095278025
1471	1e-23	0.00273060001200065
1472	1e-23	0.0019360000151209533
1473	1e-23	0.0016837000148370862
1474	1e-23	0.001325200020801276
1475	1e-23	0.001160499989055097
1476	1e-23	0.0011919999960809946
1477	1e-23	0.0013354000402614474
1478	1e-23	0.0018263999954797328
1479	1e-23	0.0017288000090047717
1480	1e-23	0.0013614000054076314
1481	1e-23	0.0013389999512583017
1482	1e-23	0.0016446000081487
1483	1e-23	0.0020734999561682343
1484	1e-23	0.0018380999681539834
1485	1e-23	0.0020656000124290586
1486	1e-23	0.0019011999829672277
1487	1e-23	0.0012271000305190682
1488	1e-23	0.0012502999743446708
1489	1e-23	0.0016463000210933387
1490	1e-23	0.002019000006839633
1491	1e-23	0.0017544000293128192
1492	1e-23	0.0023071999894455075
1493	1e-23	0.0024298999924212694
1494	1e-23	0.003117899992503226
1495	1e-23	0.0024434999795630574
1496	1e-23	0.0029613999649882317
1497	1e-23	0.002882500004488975
1498	1e-23	0.001877899980172515
1499	1e-23	0.0018724999972619116
1500	1e-23	0.0014580999850295484
1501	1e-23	0.0017579999985173345
1502	1e-23	0.0023944000131450593
1503	1e-23	0.0011676999856717885
1504	1e-23	0.0018130999524146318
1505	1e-23	0.002161299984436482
1506	1e-23	0.0031146000255830586
1507	1e-23	0.0017028999864123762
1508	1e-23	0.0015187000390142202
1509	1e-23	0.0013373999972827733
1510	1e-23	0.0013000000035390258
1511	1e-23	0.00108739995630458
1512	1e-23	0.0011817999766208231
1513	1e-23	0.0012812000350095332
1514	1e-23	0.0014740999904461205
1515	1e-23	0.0011477000080049038
1516	1e-23	0.0016586999990977347
1517	1e-23	0.0013722999719902873
1518	1e-23	0.001501200022175908
1519	1e-23	0.0014377000043168664
1520	1e-23	0.0014821999939158559
1521	1e-23	0.0015324000269174576
1522	1e-23	0.0017083000275306404
1523	1e-23	0.0013761000009253621
1524	1e-23	0.002904099994339049
1525	1e-23	0.0015605000080540776
1526	1e-23	0.001742799999192357
1527	1e-23	0.0014787999680265784
1528	1e-23	0.0011759999906644225
1529	1e-23	0.0019398999866098166
1530	1e-23	0.0016891999985091388
1531	1e-23	0.0014390999567694962
1532	1e-23	0.00149049999890849
1533	1e-23	0.003115600033197552
1534	1e-23	0.001281699980609119
1535	1e-23	0.0028091000276617706
1536	1e-23	0.002017199993133545
1537	1e-23	0.0011641000164672732
1538	1e-23	0.0013561000232584774
1539	1e-23	0.0011912999907508492
1540	1e-23	0.0011790000135079026
1541	1e-23	0.001609400031156838
1542	1e-23	0.002389600034803152
1543	1e-23	0.001629500009585172
1544	1e-23	0.0021197000169195235
1545	1e-23	0.0020499000092968345
1546	1e-23	0.001436699996702373
1547	1e-23	0.001012599968817085
1548	1e-23	0.0014530000044032931
1549	1e-23	0.001967800024431199
1550	1e-23	0.0015997000155039132
1551	1e-23	0.001240300014615059
1552	1e-23	0.0012368999887257814
1553	1e-23	0.0014455000055022538
1554	1e-23	0.0015304000116884708
1555	1e-23	0.0015711000305600464
1556	1e-23	0.0013648999738506973
1557	1e-23	0.0013609000016003847
1558	1e-23	0.002031999989412725
1559	1e-23	0.0017522000125609338
1560	1e-23	0.0015662999940104783
1561	1e-23	0.00240309996297583
1562	1e-23	0.002435400034300983
1563	1e-23	0.001978499989490956
1564	1e-23	0.001545500010251999
1565	1e-23	0.002114500035531819
1566	1e-23	0.001846899976953864
1567	1e-23	0.0021853999933227897
1568	1e-23	0.0016308000194840133
1569	1e-23	0.0012912999955005944
1570	1e-23	0.0013399000163190067
1571	1e-23	0.002321600040886551
1572	1e-23	0.001714400015771389
1573	1e-23	0.0018172000418417156
1574	1e-23	0.0022147000418044627
1575	1e-23	0.002019600011408329
1576	1e-23	0.0012082000030204654
1577	1e-23	0.0021701999939978123
1578	1e-23	0.0018897000118158758
1579	1e-23	0.0013337000273168087
1580	1e-23	0.001861400029156357
1581	1e-23	0.0031894000130705535
1582	1e-23	0.0012826999882236123
1583	1e-23	0.001303599972743541
1584	1e-23	0.0014622000162489712
1585	1e-23	0.001891199965029955
1586	1e-23	0.0031867999932728708
1587	1e-23	0.0012144999927841127
1588	1e-23	0.0020613999804481864
1589	1e-23	0.0029397999751381576
1590	1e-23	0.002667599997948855
1591	1e-23	0.0023372999858111143
1592	1e-23	0.0018230999703519046
1593	1e-23	0.0014668999938294291
1594	1e-23	0.0014397999620996416
1595	1e-23	0.002375400043092668
1596	1e-23	0.0021630999981425703
1597	1e-23	0.0019104999955743551
1598	1e-23	0.0018821999547071755
1599	1e-23	0.0014059999957680702
1600	1e-23	0.0020850999862886965
1601	1e-23	0.0013066999963484704
1602	1e-23	0.0015262000379152596
1603	1e-23	0.0017560000414960086
1604	1e-23	0.0012860000133514404
1605	1e-23	0.0021914999815635383
1606	1e-23	0.0022586999693885446
1607	1e-23	0.001188900030683726
1608	1e-23	0.001189200032968074
1609	1e-23	0.0013067999971099198
1610	1e-23	0.0019742000149562955
1611	1e-23	0.002082899969536811
1612	1e-23	0.001585999969393015
1613	1e-23	0.0015248000272549689
1614	1e-23	0.001261600002180785
1615	1e-23	0.0013058999902568758
1616	1e-23	0.0015699000214226544
1617	1e-23	0.0018986000213772058
1618	1e-23	0.0016117999912239611
1619	1e-23	0.0012931999517604709
1620	1e-23	0.0010597999789752066
1621	1e-23	0.0017927999724633992
1622	1e-23	0.0015094999689608812
1623	1e-23	0.0016756000113673508
1624	1e-23	0.0012498999712988734
1625	1e-23	0.0012521999888122082
1626	1e-23	0.0012339999666437507
1627	1e-23	0.0009267000132240355
1628	1e-23	0.0010979000362567604
1629	1e-23	0.0016262999852187932
1630	1e-23	0.0016209000023081899
1631	1e-23	0.001305399986449629
1632	1e-23	0.0012281000381335616
1633	1e-23	0.0012807000312022865
1634	1e-23	0.002252599981147796
1635	1e-23	0.001984399976208806
1636	1e-23	0.001452099997550249
1637	1e-23	0.0013795000268146396
1638	1e-23	0.001144500041846186
1639	1e-23	0.0014233000110834837
1640	1e-23	0.0014959999825805426
1641	1e-23	0.0016718999831937253
1642	1e-23	0.0012860000133514404
1643	1e-23	0.001014100038446486
1644	1e-23	0.001493200019467622
1645	1e-23	0.002011300006415695
1646	1e-23	0.002390799985732883
1647	1e-23	0.001999800035264343
1648	1e-23	0.0013873999705538154
1649	1e-23	0.0015094000264070928
1650	1e-23	0.0019520000205375254
1651	1e-23	0.002561400004196912
1652	1e-23	0.002422099991235882
1653	1e-23	0.0014038999797776341
1654	1e-23	0.0013316000113263726
1655	1e-23	0.0011670999811030924
1656	1e-23	0.0011535999947227538
1657	1e-23	0.001959800021722913
1658	1e-23	0.0016918000183068216
1659	1e-23	0.001235299976542592
1660	1e-23	0.001444699999410659
1661	1e-23	0.0017019999795593321
1662	1e-23	0.001879699993878603
1663	1e-23	0.001362500013783574
1664	1e-23	0.0012811000342480838
1665	1e-23	0.0015290000010281801
1666	1e-23	0.0012135000433772802
1667	1e-23	0.0022945000091567636
1668	1e-23	0.0026341999764554203
1669	1e-23	0.001700499968137592
1670	1e-23	0.001505599997472018
1671	1e-23	0.0015773000195622444
1672	1e-23	0.0027841999544762075
1673	1e-23	0.0016673000063747168
1674	1e-23	0.001369300007354468
1675	1e-23	0.001266100036446005
1676	1e-23	0.001080900023225695
1677	1e-23	0.0020767999812960625
1678	1e-23	0.0012924999464303255
1679	1e-23	0.0022004000493325293
1680	1e-23	0.0013208999880589545
1681	1e-23	0.0016064000083133578
1682	1e-23	0.0018895999528467655
1683	1e-23	0.0018706999835558236
1684	1e-23	0.0011748000397346914
1685	1e-23	0.0017850999720394611
1686	1e-23	0.0017419999931007624
1687	1e-23	0.0012688999995589256
1688	1e-23	0.0009871000074781477
1689	1e-23	0.001562700024805963
1690	1e-23	0.0025298999971710145
1691	1e-23	0.0014761000056751072
1692	1e-23	0.0012011000071652234
1693	1e-23	0.001090999983716756
1694	1e-23	0.0014106999733485281
1695	1e-23	0.0014266999787651002
1696	1e-23	0.0014719999744556844
1697	1e-23	0.001139800006058067
1698	1e-23	0.0018813000060617924
1699	1e-23	0.0025314000085927546
1700	1e-23	0.0012641000212170184
1701	1e-23	0.0011918999953195453
1702	1e-23	0.002006900031119585
1703	1e-23	0.0014468000154010952
1704	1e-23	0.0015149999526329339
1705	1e-23	0.0025622000102885067
1706	1e-23	0.0014553000219166279
1707	1e-23	0.0014111999771557748
1708	1e-23	0.0012028999626636505
1709	1e-23	0.002026400004979223
1710	1e-23	0.0014297000016085804
1711	1e-23	0.0017251999815925956
1712	1e-23	0.00148760003503412
1713	1e-23	0.0012547000078484416
1714	1e-23	0.0012201000354252756
1715	1e-23	0.0014590999926440418
1716	1e-23	0.0024566000211052597
1717	1e-23	0.001928200013935566
1718	1e-23	0.0018880999996326864
1719	1e-23	0.001749899995047599
1720	1e-23	0.0013691000058315694
1721	1e-23	0.0013463000068441033
1722	1e-23	0.001996500010136515
1723	1e-23	0.001679800043348223
1724	1e-23	0.0013476999592967331
1725	1e-23	0.0013981000520288944
1726	1e-23	0.0021678999764844775
1727	1e-23	0.001291799999307841
1728	1e-23	0.001869700034148991
1729	1e-23	0.002604899986181408
1730	1e-23	0.001165800029411912
1731	1e-23	0.0015411999775096774
1732	1e-23	0.0016700000269338489
1733	1e-23	0.0016268999897874892
1734	1e-23	0.0011891999747604132
1735	1e-23	0.001336699991952628
1736	1e-23	0.0013507999829016626
1737	1e-23	0.0018627999816089869
1738	1e-23	0.0014821999939158559
1739	1e-23	0.0018130000098608434
1740	1e-23	0.001192099996842444
1741	1e-23	0.0012496999697759748
1742	1e-23	0.002673499984666705
1743	1e-23	0.0014067000010982156
1744	1e-23	0.0012594000436365604
1745	1e-23	0.0017268000519834459
1746	1e-23	0.0022060000337660313
1747	1e-23	0.0010645000147633255
1748	1e-23	0.0018564000492915511
1749	1e-23	0.0023994999937713146
1750	1e-23	0.0018529000226408243
1751	1e-23	0.00164309999672696
1752	1e-23	0.0016401999746449292
1753	1e-23	0.0018897000118158758
1754	1e-23	0.0016365000046789646
1755	1e-23	0.0019491000566631556
1756	1e-23	0.0026523000560700893
1757	1e-23	0.002243399969302118
1758	1e-23	0.0021413000067695975
1759	1e-23	0.0016617000219412148
1760	1e-23	0.0012346000294201076
1761	1e-23	0.0015180000336840749
1762	1e-23	0.00119420001283288
1763	1e-23	0.0022841999889351428
1764	1e-23	0.0018192999996244907
1765	1e-23	0.0023074999917298555
1766	1e-23	0.001427799987141043
1767	1e-23	0.0011272000265307724
1768	1e-23	0.0012434000382199883
1769	1e-23	0.0014727999805472791
1770	1e-23	0.0022520999773405492
1771	1e-23	0.001987900002859533
1772	1e-23	0.0012269000289961696
1773	1e-23	0.0012623000075109303
1774	1e-23	0.0014256999711506069
1775	1e-23	0.0013117999769747257
1776	1e-23	0.001165799971204251
1777	1e-23	0.0012901999871246517
1778	1e-23	0.0013565000263042748
1779	1e-23	0.0013808999792672694
1780	1e-23	0.001441399974282831
1781	1e-23	0.001124700007494539
1782	1e-23	0.0010217000381089747
1783	1e-23	0.00213049998274073
1784	1e-23	0.0011224999907426536
1785	1e-23	0.001609400031156838
1786	1e-23	0.0015106999780982733
1787	1e-23	0.0014839000068604946
1788	1e-23	0.0016930000274442136
1789	1e-23	0.001366899989079684
1790	1e-23	0.0026866000262089074
1791	1e-23	0.0022054999717511237
1792	1e-23	0.0024289999855682254
1793	1e-23	0.0018899999558925629
1794	1e-23	0.0015762000111863017
1795	1e-23	0.001160199986770749
1796	1e-23	0.0013256999664008617
1797	1e-23	0.002293199999257922
1798	1e-23	0.0012526999926194549
1799	1e-23	0.0011055999784730375
1800	1e-23	0.0020817999611608684
1801	1e-23	0.0015985000063665211
1802	1e-23	0.0033996999845840037
1803	1e-23	0.001097199972718954
1804	1e-23	0.0021692999871447682
1805	1e-23	0.0011130000348202884
1806	1e-23	0.0014638000284321606
1807	1e-23	0.0012852000072598457
1808	1e-23	0.0012069999938830733
1809	1e-23	0.0012727999710477889
1810	1e-23	0.0011508999741636217
1811	1e-23	0.002399899996817112
1812	1e-23	0.0010211000335402787
1813	1e-23	0.0011264000204391778
1814	1e-23	0.0011647000210359693
1815	1e-23	0.0011419999646022916
1816	1e-23	0.0011686999932862818
1817	1e-23	0.001172599964775145
1818	1e-23	0.0021277000196278095
1819	1e-23	0.002778199966996908
1820	1e-23	0.001151000033132732
1821	1e-23	0.0029578999965451658
1822	1e-23	0.003126299998257309
1823	1e-23	0.0014206000487320125
1824	1e-23	0.0014793999725952744
1825	1e-23	0.0011812999728135765
1826	1e-23	0.0013752999948337674
1827	1e-23	0.001698100008070469
1828	1e-23	0.0020011000451631844
1829	1e-23	0.0013880999758839607
1830	1e-23	0.00253499997779727
1831	1e-23	0.000929499976336956
1832	1e-23	0.0010707000037655234
1833	1e-23	0.0011565000168047845
1834	1e-23	0.002857699990272522
1835	1e-23	0.0021772999898530543
1836	1e-23	0.0013371999957598746
1837	1e-23	0.0013423999771475792
1838	1e-23	0.0016294000088237226
1839	1e-23	0.001229399989824742
1840	1e-23	0.0017358000040985644
1841	1e-23	0.001447899965569377
1842	1e-23	0.0017716999864205718
1843	1e-23	0.0013945999671705067
1844	1e-23	0.0022577999625355005
1845	1e-23	0.0010578999645076692
1846	1e-23	0.0017395999748259783
1847	1e-23	0.0017389999702572823
1848	1e-23	0.0020570000051520765
1849	1e-23	0.0013581000384874642
1850	1e-23	0.0012978000449948013
1851	1e-23	0.0014052999904379249
1852	1e-23	0.000998399977106601
1853	1e-23	0.0014466000138781965
1854	1e-23	0.0012531999964267015
1855	1e-23	0.001564500038512051
1856	1e-23	0.0015380000113509595
1857	1e-23	0.0016521000070497394
1858	1e-23	0.0013901999918743968
1859	1e-23	0.0016157000209204853
1860	1e-23	0.001268699998036027
1861	1e-23	0.002018700004555285
1862	1e-23	0.0023087000008672476
1863	1e-23	0.0022276000236161053
1864	1e-23	0.0018032999942079186
1865	1e-23	0.0021373999770730734
1866	1e-23	0.0016151000163517892
1867	1e-23	0.0010746000334620476
1868	1e-23	0.0012436999822966754
1869	1e-23	0.0013859999598935246
1870	1e-23	0.0013503999798558652
1871	1e-23	0.0013260000268928707
1872	1e-23	0.0013612000038847327
1873	1e-23	0.0016077000182121992
1874	1e-23	0.0015202999929897487
1875	1e-23	0.0013560000224970281
1876	1e-23	0.0020791999995708466
1877	1e-23	0.0016619000234641135
1878	1e-23	0.001656099979300052
1879	1e-23	0.002044100023340434
1880	1e-23	0.002125200000591576
1881	1e-23	0.0011757999891415238
1882	1e-23	0.0014028999721631408
1883	1e-23	0.001248600019607693
1884	1e-23	0.0013808999792672694
1885	1e-23	0.001923199975863099
1886	1e-23	0.0012052000383846462
1887	1e-23	0.001338200003374368
1888	1e-23	0.001720600004773587
1889	1e-23	0.0015173000283539295
1890	1e-23	0.0027285999967716634
1891	1e-23	0.0011972999782301486
1892	1e-23	0.0012389000039547682
1893	1e-23	0.0017620999715290964
1894	1e-23	0.001264900027308613
1895	1e-23	0.0015168999671004713
1896	1e-23	0.002444899990223348
1897	1e-23	0.0025960999773815274
1898	1e-23	0.0021037000115029514
1899	1e-23	0.0017028999864123762
1900	1e-23	0.0018560999887995422
1901	1e-23	0.0015219000051729381
1902	1e-23	0.0024933000095188618
1903	1e-23	0.0025422999751754105
1904	1e-23	0.0013176000211387873
1905	1e-23	0.0011781000066548586
1906	1e-23	0.0017321000341325998
1907	1e-23	0.0013351000379770994
1908	1e-23	0.0013581999810412526
1909	1e-23	0.0027757000061683357
1910	1e-23	0.002378899953328073
1911	1e-23	0.0027769000153057277
1912	1e-23	0.0019243999850004911
1913	1e-23	0.0016136999474838376
1914	1e-23	0.0017773000290617347
1915	1e-23	0.0012721999664790928
1916	1e-23	0.002439200005028397
1917	1e-23	0.0022256000083871186
1918	1e-23	0.002381900034379214
1919	1e-23	0.0013364999904297292
1920	1e-23	0.001201300008688122
1921	1e-23	0.0036315000033937395
1922	1e-23	0.0023864000104367733
1923	1e-23	0.0019734999514184892
1924	1e-23	0.0024238000041805208
1925	1e-23	0.0019461999763734639
1926	1e-23	0.0011162000009790063
1927	1e-23	0.0014150000060908496
1928	1e-23	0.0017654999974183738
1929	1e-23	0.0013364000478759408
1930	1e-23	0.001305999991018325
1931	1e-23	0.002105600025970489
1932	1e-23	0.0018686000257730484
1933	1e-23	0.0016407000366598368
1934	1e-23	0.0021439999691210687
1935	1e-23	0.0011876000207848847
1936	1e-23	0.0014436999917961657
1937	1e-23	0.0022019000025466084
1938	1e-23	0.0018977999570779502
1939	1e-23	0.0017362000071443617
1940	1e-23	0.00152749998960644
1941	1e-23	0.0019058000179938972
1942	1e-23	0.0014433999895118177
1943	1e-23	0.0016262999852187932
1944	1e-23	0.0016560000367462635
1945	1e-23	0.0011252999538555741
1946	1e-23	0.0012934000114910305
1947	1e-23	0.0014122000429779291
1948	1e-23	0.0024076999980024993
1949	1e-23	0.0028615000192075968
1950	1e-23	0.002635599987115711
1951	1e-23	0.0025831999955698848
1952	1e-23	0.0019367000204510987
1953	1e-23	0.0019244999857619405
1954	1e-23	0.002037600032053888
1955	1e-23	0.002280100015923381
1956	1e-23	0.001920799957588315
1957	1e-23	0.0021704999962821603
1958	1e-23	0.001462099957279861
1959	1e-23	0.0019264000002294779
1960	1e-23	0.0018491000519134104
1961	1e-23	0.0019379999721422791
1962	1e-23	0.0018704999820329249
1963	1e-23	0.002011000004131347
1964	1e-23	0.0035028000129386783
1965	1e-23	0.0013281999854370952
1966	1e-23	0.0013481000205501914
1967	1e-23	0.0023885000264272094
1968	1e-23	0.0011497000232338905
1969	1e-23	0.0013908999972045422
1970	1e-23	0.0016769999638199806
1971	1e-23	0.0018993999692611396
1972	1e-23	0.0016628000303171575
1973	1e-23	0.0015798999811522663
1974	1e-23	0.0014913000050000846
1975	1e-23	0.0018161000334657729
1976	1e-23	0.0015851000207476318
1977	1e-23	0.0011924999998882413
1978	1e-23	0.0011272000265307724
1979	1e-23	0.0018643999937921762
1980	1e-23	0.0014094000216573477
1981	1e-23	0.001310700026806444
1982	1e-23	0.0014386000111699104
1983	1e-23	0.0012863000156357884
1984	1e-23	0.001915499975439161
1985	1e-23	0.0018307999707758427
1986	1e-23	0.0013792000245302916
1987	1e-23	0.0014878999791108072
1988	1e-23	0.0015253000310622156
1989	1e-23	0.001274299982469529
1990	1e-23	0.0013690999476239085
1991	1e-23	0.003120900015346706
1992	1e-23	0.0015345000429078937
1993	1e-23	0.0018712999881245196
1994	1e-23	0.002470600011292845
1995	1e-23	0.0021400999976322055
1996	1e-23	0.001584300014656037
1997	1e-23	0.00152299995534122
1998	1e-23	0.001686300034634769
1999	1e-23	0.0015219000051729381
2000	1e-23	0.0019123000092804432
2001	1e-23	0.0015154999564401805
2002	1e-23	0.00149200001033023
2003	1e-23	0.0013217999949119985
2004	1e-23	0.001386100018862635
2005	1e-23	0.0013190999743528664
2006	1e-23	0.0018573999986983836
2007	1e-23	0.0013094000169076025
2008	1e-23	0.0012321000103838742
2009	1e-23	0.0013612000038847327
2010	1e-23	0.0011329999542795122
2011	1e-23	0.001165199966635555
2012	1e-23	0.0019382999744266272
2013	1e-23	0.0012185999657958746
2014	1e-23	0.0014186000335030258
2015	1e-23	0.0013666999875567853
2016	1e-23	0.0013518999912776053
2017	1e-23	0.0014214999973773956
2018	1e-23	0.0011825999827124178
2019	1e-23	0.0011032000184059143
2020	1e-23	0.002084099978674203
2021	1e-23	0.0019310999778099358
2022	1e-23	0.0021745000267401338
2023	1e-23	0.0020117000094614923
2024	1e-23	0.0021001999848522246
2025	1e-23	0.0013679999974556267
2026	1e-23	0.0015391000197269022
2027	1e-23	0.0014444999978877604
2028	1e-23	0.001973100006580353
2029	1e-23	0.0017071000183932483
2030	1e-23	0.0016392999677918851
2031	1e-23	0.0018680999637581408
2032	1e-23	0.0010556000052019954
2033	1e-23	0.0025458000018261373
2034	1e-23	0.001728000002913177
2035	1e-23	0.0012002000003121793
2036	1e-23	0.0012092000106349587
2037	1e-23	0.0016860999749042094
2038	1e-23	0.001220499980263412
2039	1e-23	0.0010791000095196068
2040	1e-23	0.0017633999814279377
2041	1e-23	0.0011839999933727086
2042	1e-23	0.0014897999935783446
2043	1e-23	0.0018612999701872468
2044	1e-23	0.001206599990837276
2045	1e-23	0.0016593000036664307
2046	1e-23	0.0013082000077702105
2047	1e-23	0.0019236999796703458
2048	1e-23	0.0014152000076137483
2049	1e-23	0.001336999994236976
2050	1e-23	0.0022059999755583704
2051	1e-23	0.0015418999828398228
2052	1e-23	0.002130799985025078
2053	1e-23	0.001284099998883903
2054	1e-23	0.0014070000033825636
2055	1e-23	0.0015466000186279416
2056	1e-23	0.001066999975591898
2057	1e-23	0.0011632000096142292
2058	1e-23	0.001279100019019097
2059	1e-23	0.002074299962259829
2060	1e-23	0.0009888000204227865
2061	1e-23	0.001236499985679984
2062	1e-23	0.0012946000206284225
2063	1e-23	0.0011901000398211181
2064	1e-23	0.0011138999834656715
2065	1e-23	0.0019072999712079763
2066	1e-23	0.0011926000006496906
2067	1e-23	0.0010828999802470207
2068	1e-23	0.0014663999900221825
2069	1e-23	0.0011921999976038933
2070	1e-23	0.0017452999600209296
2071	1e-23	0.0020407999982126057
2072	1e-23	0.001117600011639297
2073	1e-23	0.0011900999816134572
2074	1e-23	0.0011508999741636217
2075	1e-23	0.0015684000100009143
2076	1e-23	0.001469799957703799
2077	1e-23	0.0025425999774597585
2078	1e-23	0.0016564000397920609
2079	1e-23	0.0014319000183604658
2080	1e-23	0.0014643999747931957
2081	1e-23	0.0013688000035472214
2082	1e-23	0.001444399997126311
2083	1e-23	0.0012945000198669732
2084	1e-23	0.0009879000135697424
2085	1e-23	0.001498500001616776
2086	1e-23	0.001434299978427589
2087	1e-23	0.0013709000195376575
2088	1e-23	0.0011405000113882124
2089	1e-23	0.0011698000016622245
2090	1e-23	0.0012355000362731516
2091	1e-23	0.0014057999942451715
2092	1e-23	0.0013382999459281564
2093	1e-23	0.0013034000294283032
2094	1e-23	0.0009970999672077596
2095	1e-23	0.0015369000029750168
2096	1e-23	0.001711399992927909
2097	1e-23	0.0015232000150717795
2098	1e-23	0.0016494000446982682
2099	1e-23	0.0013345000334084034
2100	1e-23	0.0011813999735750258
2101	1e-23	0.001253900001756847
2102	1e-23	0.001465100038331002
2103	1e-23	0.0015557000297121704
2104	1e-23	0.0014226999483071268
2105	1e-23	0.0017810999997891486
2106	1e-23	0.0017799999914132059
2107	1e-23	0.0009691999875940382
2108	1e-23	0.0016867999802343547
2109	1e-23	0.0017445999546907842
2110	1e-23	0.0016605999553576112
2111	1e-23	0.0014092999626882374
2112	1e-23	0.0014890999882481992
2113	1e-23	0.0012741999817080796
2114	1e-23	0.00134680001065135
2115	1e-23	0.0012317000073380768
2116	1e-23	0.002136999974027276
2117	1e-23	0.0014955999795347452
2118	1e-23	0.001332900021225214
2119	1e-23	0.0014307000092230737
2120	1e-23	0.0009227999835275114
2121	1e-23	0.0013202999834902585
2122	1e-23	0.0016598000074736774
2123	1e-23	0.0026629999629221857
2124	1e-23	0.0015073000104166567
2125	1e-23	0.0012857000110670924
2126	1e-23	0.001767599955201149
2127	1e-23	0.0013040000339969993
2128	1e-23	0.0015974999987520278
2129	1e-23	0.001743400003761053
2130	1e-23	0.001783600018825382
2131	1e-23	0.0021393000497482717
2132	1e-23	0.001941800001077354
2133	1e-23	0.0015051999944262207
2134	1e-23	0.0011316000018268824
2135	1e-23	0.0010949000134132802
2136	1e-23	0.0019913999713025987
2137	1e-23	0.0014714999706484377
2138	1e-23	0.0011561000137589872
2139	1e-23	0.0021766999852843583
2140	1e-23	0.0018509000074118376
2141	1e-23	0.0014797000330872834
2142	1e-23	0.0010739000281319022
2143	1e-23	0.0021142999758012593
2144	1e-23	0.002181399962864816
2145	1e-23	0.001444099994841963
2146	1e-23	0.001261599943973124
2147	1e-23	0.0012380999978631735
2148	1e-23	0.0018463999731466174
2149	1e-23	0.0011992999934591353
2150	1e-23	0.0021718000061810017
2151	1e-23	0.0013407000224106014
2152	1e-23	0.0014554000226780772
2153	1e-23	0.0012052999809384346
2154	1e-23	0.0018863999866880476
2155	1e-23	0.0014093000208958983
2156	1e-23	0.0014084000140428543
2157	1e-23	0.0013285999884828925
2158	1e-23	0.0013629999593831599
2159	1e-23	0.0023689999943599105
2160	1e-23	0.0020126999588683248
2161	1e-23	0.002654300013091415
2162	1e-23	0.0018144000205211341
2163	1e-23	0.0013179000234231353
2164	1e-23	0.0017663000035099685
2165	1e-23	0.0017012999742291868
2166	1e-23	0.001811099995393306
2167	1e-23	0.0019757000263780355
2168	1e-23	0.0013406999642029405
2169	1e-23	0.0013921000063419342
2170	1e-23	0.0023566000163555145
2171	1e-23	0.0016158000216819346
2172	1e-23	0.0010802000178955495
2173	1e-23	0.0014266000362113118
2174	1e-23	0.0014114000368863344
2175	1e-23	0.0011980999843217432
2176	1e-23	0.0012239999487064779
2177	1e-23	0.0011482000118121505
2178	1e-23	0.0014250999665819108
2179	1e-23	0.0010482000070624053
2180	1e-23	0.0012882999726571143
2181	1e-23	0.001465099980123341
2182	1e-23	0.0010572999599389732
2183	1e-23	0.0012312000035308301
2184	1e-23	0.0012691000010818243
2185	1e-23	0.0016819000011309981
2186	1e-23	0.0015921000158414245
2187	1e-23	0.0013079000054858625
2188	1e-23	0.0013844999484717846
2189	1e-23	0.001818799995817244
2190	1e-23	0.001724699977785349
2191	1e-23	0.0016347999917343259
2192	1e-23	0.002132599998731166
2193	1e-23	0.0022149999858811498
2194	1e-23	0.0011971999774686992
2195	1e-23	0.0012260000221431255
2196	1e-23	0.0017500999965704978
2197	1e-23	0.001449399976991117
2198	1e-23	0.0012706000125035644
2199	1e-23	0.0015021999715827405
2200	1e-23	0.001434899982996285
2201	1e-23	0.0029223000165075064
2202	1e-23	0.0028263000422157347
2203	1e-23	0.0018307999707758427
2204	1e-23	0.0020961000118404627
2205	1e-23	0.001193900010548532
2206	1e-23	0.0012335999635979533
2207	1e-23	0.0010790000087581575
2208	1e-23	0.0010838000453077257
2209	1e-23	0.002148800005670637
2210	1e-23	0.0013954999740235507
2211	1e-23	0.0015492999809794128
2212	1e-23	0.0014485999708995223
2213	1e-23	0.0010523999808356166
2214	1e-23	0.0018714999896474183
2215	1e-23	0.0030728999990969896
2216	1e-23	0.0021421000128611922
2217	1e-23	0.0012261000229045749
2218	1e-23	0.0023447000421583652
2219	1e-23	0.0023893999750725925
2220	1e-23	0.0013066999963484704
2221	1e-23	0.0015734999906271696
2222	1e-23	0.0013991000014357269
2223	1e-23	0.0014769999543204904
2224	1e-23	0.0011471000034362078
2225	1e-23	0.0011700000031851232
2226	1e-23	0.0011687999940477312
2227	1e-23	0.0013479999615810812
2228	1e-23	0.0015787999727763236
2229	1e-23	0.0023666999768465757
2230	1e-23	0.0013726999750360847
2231	1e-23	0.0012667999835684896
2232	1e-23	0.0016751000075601041
2233	1e-23	0.0021345000131987035
2234	1e-23	0.002486300014425069
2235	1e-23	0.0026188999763689935
2236	1e-23	0.001577500021085143
2237	1e-23	0.0014926999574527144
2238	1e-23	0.0017162999720312655
2239	1e-23	0.0014007000136189163
2240	1e-23	0.002009499992709607
2241	1e-23	0.001313099986873567
2242	1e-23	0.001324900018516928
2243	1e-23	0.0013735999818891287
2244	1e-23	0.0015391999622806907
2245	1e-23	0.0016123999957926571
2246	1e-23	0.0013226000010035932
2247	1e-23	0.0011566000175662339
2248	1e-23	0.0013113999739289284
2249	1e-23	0.0019676000229083
2250	1e-23	0.0023776000016368926
2251	1e-23	0.001770299975760281
2252	1e-23	0.0023585999733768404
2253	1e-23	0.0012854000087827444
2254	1e-23	0.002334800024982542
2255	1e-23	0.0023360999766737223
2256	1e-23	0.0012040000292472541
2257	1e-23	0.0012712999596260488
2258	1e-23	0.002278300002217293
2259	1e-23	0.0014573000371456146
2260	1e-23	0.001878199982456863
2261	1e-23	0.0018747999565675855
2262	1e-23	0.0016291000065393746
2263	1e-23	0.0020893000182695687
2264	1e-23	0.001363899966236204
2265	1e-23	0.0013016000157222152
2266	1e-23	0.0010663000284694135
2267	1e-23	0.0012241000076755881
2268	1e-23	0.0014712000265717506
2269	1e-23	0.0011512000346556306
2270	1e-23	0.0011805000249296427
2271	1e-23	0.0010526999831199646
2272	1e-23	0.0023668999783694744
2273	1e-23	0.002742699987720698
2274	1e-23	0.0032534999772906303
2275	1e-23	0.0020939999958500266
2276	1e-23	0.0011106000165455043
2277	1e-23	0.0012946000206284225
2278	1e-23	0.0014049999881535769
2279	1e-23	0.0011258000158704817
2280	1e-23	0.0017328999820165336
2281	1e-23	0.0012900999863632023
2282	1e-23	0.0009920000447891653
2283	1e-23	0.0015719999792054296
2284	1e-23	0.0013090000138618052
2285	1e-23	0.001360399997793138
2286	1e-23	0.0012901999871246517
2287	1e-23	0.0012512999819591641
2288	1e-23	0.0012563999625854194
2289	1e-23	0.001338500005658716
2290	1e-23	0.0016782000311650336
2291	1e-23	0.0014786000247113407
2292	1e-23	0.0014551000203937292
2293	1e-23	0.0013653000351041555
2294	1e-23	0.0015745999990031123
2295	1e-23	0.0015153000131249428
2296	1e-23	0.0013544999528676271
2297	1e-23	0.0014263999764807522
2298	1e-23	0.0014678000006824732
2299	1e-23	0.0013543000095523894
2300	1e-23	0.002114900038577616
2301	1e-23	0.0025120999780483544
2302	1e-23	0.002472399966791272
2303	1e-23	0.0024484999594278634
2304	1e-23	0.0010837999871000648
2305	1e-23	0.0012641000212170184
2306	1e-23	0.001112300029490143
2307	1e-23	0.001790100010111928
2308	1e-23	0.0012740999809466302
2309	1e-23	0.0012876000255346298
2310	1e-23	0.0012135999859310687
2311	1e-23	0.0012326000141911209
2312	1e-23	0.0013615000061690807
2313	1e-23	0.002943200001027435
2314	1e-23	0.0016639999812468886
2315	1e-23	0.0016264999867416918
2316	1e-23	0.0014415000332519412
2317	1e-23	0.001171400013845414
2318	1e-23	0.0013087000115774572
2319	1e-23	0.0014095999649725854
2320	1e-23	0.0011428000289015472
2321	1e-23	0.0012604999938048422
2322	1e-23	0.0015842000138945878
2323	1e-23	0.001136199978645891
2324	1e-23	0.0012115000281482935
2325	1e-23	0.001431400014553219
2326	1e-23	0.0019431000109761953
2327	1e-23	0.0012743000406771898
2328	1e-23	0.001164900022558868
2329	1e-23	0.0014229000080376863
2330	1e-23	0.0012878000270575285
2331	1e-23	0.0012126000365242362
2332	1e-23	0.0014715000288560987
2333	1e-23	0.001289099978748709
2334	1e-23	0.0018990000244230032
2335	1e-23	0.001249800028745085
2336	1e-23	0.0013394999550655484
2337	1e-23	0.0011602999875321984
2338	1e-23	0.0013269000337459147
2339	1e-23	0.0015223000082187355
2340	1e-23	0.0017659000004641712
2341	1e-23	0.0019147000275552273
2342	1e-23	0.0011531999916769564
2343	1e-23	0.0025619000080041587
2344	1e-23	0.0020356999593786895
2345	1e-23	0.0014374000020325184
2346	1e-23	0.0011642000172287226
2347	1e-23	0.0010257000103592873
2348	1e-23	0.0010602999827824533
2349	1e-23	0.0010523999808356166
2350	1e-23	0.0015439999988302588
2351	1e-23	0.0023320000036619604
2352	1e-23	0.002475899993441999
2353	1e-23	0.0016273000510409474
2354	1e-23	0.0015489999786950648
2355	1e-23	0.0012059000437147915
2356	1e-23	0.0014387000119313598
2357	1e-23	0.0017722999909892678
2358	1e-23	0.0014882999821566045
2359	1e-23	0.0016447000089101493
2360	1e-23	0.0009998000459745526
2361	1e-23	0.0012684999965131283
2362	1e-23	0.0011557000107131898
2363	1e-23	0.0015599000034853816
2364	1e-23	0.0016554000321775675
2365	1e-23	0.0014656000421382487
2366	1e-23	0.0016518000047653913
2367	1e-23	0.0010735999676398933
2368	1e-23	0.0016963000525720417
2369	1e-23	0.0029627999756485224
2370	1e-23	0.001173799973912537
2371	1e-23	0.0018542999750934541
2372	1e-23	0.0013628000160679221
2373	1e-23	0.0013174000196158886
2374	1e-23	0.001318999973591417
2375	1e-23	0.0012632000143639743
2376	1e-23	0.0023526999866589904
2377	1e-23	0.0013921000063419342
2378	1e-23	0.0012187999673187733
2379	1e-23	0.002311200019903481
2380	1e-23	0.0013416999718174338
2381	1e-23	0.0022539999918080866
2382	1e-23	0.0011350000277161598
2383	1e-23	0.0016573000466451049
2384	1e-23	0.0014587999903596938
2385	1e-23	0.0011239000014029443
2386	1e-23	0.0019265000009909272
2387	1e-23	0.0014739999896846712
2388	1e-23	0.0012987999944016337
2389	1e-23	0.0012493999674916267
2390	1e-23	0.0011808000272139907
2391	1e-23	0.0012868000194430351
2392	1e-23	0.0015356999938376248
2393	1e-23	0.0014110999763943255
2394	1e-23	0.0014458000077866018
2395	1e-23	0.0012591999839060009
2396	1e-23	0.0010008999961428344
2397	1e-23	0.00114540004869923
2398	1e-23	0.0012709000147879124
2399	1e-23	0.0013428999809548259
2400	1e-23	0.001254200004041195
2401	1e-23	0.0016906000091694295
2402	1e-23	0.0017681000172160566
2403	1e-23	0.0013306000037118793
2404	1e-23	0.0018095000414177775
2405	1e-23	0.0013108000275678933
2406	1e-23	0.0013900999911129475
2407	1e-23	0.0015340999816544354
2408	1e-23	0.0013612000038847327
2409	1e-23	0.0013009000103920698
2410	1e-23	0.0015116000431589782
2411	1e-23	0.0013983999961055815
2412	1e-23	0.0012724999687634408
2413	1e-23	0.0015561000327579677
2414	1e-23	0.0015168999671004713
2415	1e-23	0.0024002999998629093
2416	1e-23	0.0021403999999165535
2417	1e-23	0.001216700009535998
2418	1e-23	0.0013066999963484704
2419	1e-23	0.0012707000132650137
2420	1e-23	0.0011770999990403652
2421	1e-23	0.0013570000301115215
2422	1e-23	0.001540500030387193
2423	1e-23	0.0012679999927058816
2424	1e-23	0.0013088000123389065
2425	1e-23	0.0015150000108405948
2426	1e-23	0.0012883999734185636
2427	1e-23	0.0019629000453278422
2428	1e-23	0.001056100009009242
2429	1e-23	0.0021143999765627086
2430	1e-23	0.0018298000213690102
2431	1e-23	0.0017385000246576965
2432	1e-23	0.0011758999899029732
2433	1e-23	0.0023911999887786806
2434	1e-23	0.001202500017825514
2435	1e-23	0.001275799993891269
2436	1e-23	0.0022193000186234713
2437	1e-23	0.0016901000053621829
2438	1e-23	0.0015559999737888575
2439	1e-23	0.0011591999791562557
2440	1e-23	0.0022846999927423894
2441	1e-23	0.0024110000231303275
2442	1e-23	0.0016811999958008528
2443	1e-23	0.0023530000471509993
2444	1e-23	0.0013346000341698527
2445	1e-23	0.0010362999746575952
2446	1e-23	0.0013799999724142253
2447	1e-23	0.0014172999653965235
2448	1e-23	0.0013541000080294907
2449	1e-23	0.0014889000449329615
2450	1e-23	0.0011458999942988157
2451	1e-23	0.001347700017504394
2452	1e-23	0.0017176999826915562
2453	1e-23	0.0014452000032179058
2454	1e-23	0.0012491000234149396
2455	1e-23	0.0018906999612227082
2456	1e-23	0.001969299977645278
2457	1e-23	0.0020238999859429896
2458	1e-23	0.0021940000005997717
2459	1e-23	0.0011409000144340098
2460	1e-23	0.0018522999598644674
2461	1e-23	0.0015831999480724335
2462	1e-23	0.0019037000020034611
2463	1e-23	0.0026326000224798918
2464	1e-23	0.0010921999928541481
2465	1e-23	0.001297399983741343
2466	1e-23	0.001070900005288422
2467	1e-23	0.0014463999541476369
2468	1e-23	0.001045399985741824
2469	1e-23	0.0012332999613136053
2470	1e-23	0.0012946000206284225
2471	1e-23	0.0012116000289097428
2472	1e-23	0.0016450000111944973
2473	1e-23	0.001105500035919249
2474	1e-23	0.0014309999532997608
2475	1e-23	0.0009464999893680215
2476	1e-23	0.001323400007095188
2477	1e-23	0.0010603999835439026
2478	1e-23	0.0014806999824941158
2479	1e-23	0.0012279999791644514
2480	1e-23	0.0013328000204637647
2481	1e-23	0.001714399957563728
2482	1e-23	0.0012156000011600554
2483	1e-23	0.0013141000526957214
2484	1e-23	0.0019231000333093107
2485	1e-23	0.0023332000127993524
2486	1e-23	0.0015933000249788165
2487	1e-23	0.0021902999724261463
2488	1e-23	0.0010947000118903816
2489	1e-23	0.0013478000182658434
2490	1e-23	0.0010435999720357358
2491	1e-23	0.0013763000024482608
2492	1e-23	0.0018260000506415963
2493	1e-23	0.00178980000782758
2494	1e-23	0.0016601000097580254
2495	1e-23	0.0008926000446081161
2496	1e-23	0.0020309999817982316
2497	1e-23	0.0016542000230401754
2498	1e-23	0.0014752999995835125
2499	1e-23	0.0013155000051483512
2500	1e-23	0.0010975999757647514
2501	1e-23	0.001228799985256046
2502	1e-23	0.0017414999892935157
2503	1e-23	0.0012971999822184443
2504	1e-23	0.002597499988041818
2505	1e-23	0.0014352999860420823
2506	1e-23	0.0016755000106059015
2507	1e-23	0.001201300008688122
2508	1e-23	0.0015270999865606427
2509	1e-23	0.0012956000282429159
2510	1e-23	0.001429900003131479
2511	1e-23	0.0016750000067986548
2512	1e-23	0.0018177999882027507
2513	1e-23	0.0017012000316753983
2514	1e-23	0.0014974000514484942
2515	1e-23	0.001769700029399246
2516	1e-23	0.001484899956267327
2517	1e-23	0.0012614000006578863
2518	1e-23	0.0017740000039339066
2519	1e-23	0.0012449000496417284
2520	1e-23	0.0014706000220030546
2521	1e-23	0.0010363999754190445
2522	1e-23	0.0021726000122725964
2523	1e-23	0.0017858000355772674
2524	1e-23	0.0016731999930925667
2525	1e-23	0.0018156999722123146
2526	1e-23	0.0015286999987438321
2527	1e-23	0.0014477000222541392
2528	1e-23	0.0015302000101655722
2529	1e-23	0.0017748000100255013
2530	1e-23	0.0010011999984271824
2531	1e-23	0.0029121999978087842
2532	1e-23	0.002342499967198819
2533	1e-23	0.0020581999560818076
2534	1e-23	0.0018212000140920281
2535	1e-23	0.0018271000008098781
2536	1e-23	0.000963500002399087
2537	1e-23	0.0010476000024937093
2538	1e-23	0.0010694999946281314
2539	1e-23	0.0010474000009708107
2540	1e-23	0.0011042000260204077
2541	1e-23	0.002052399970125407
2542	1e-23	0.003256399999372661
2543	1e-23	0.002508699952159077
2544	1e-23	0.00119570002425462
2545	1e-23	0.0011331000132486224
2546	1e-23	0.0020906999707221985
2547	1e-23	0.0021240999922156334
2548	1e-23	0.0016731999930925667
2549	1e-23	0.0010751999798230827
2550	1e-23	0.0014303000061772764
2551	1e-23	0.0020400999928824604
2552	1e-23	0.0010528999846428633
2553	1e-23	0.001099300046917051
2554	1e-23	0.002035199955571443
2555	1e-23	0.001845399965532124
2556	1e-23	0.00109779997728765
2557	1e-23	0.001770899980328977
2558	1e-23	0.0016124999965541065
2559	1e-23	0.0015659000491723418
2560	1e-23	0.0011839999933727086
2561	1e-23	0.0013055999879725277
2562	1e-23	0.002415900002233684
2563	1e-23	0.0013556000194512308
2564	1e-23	0.0023659999715164304
2565	1e-23	0.0017788999830372632
2566	1e-23	0.0016118999919854105
2567	1e-23	0.0019351000082679093
2568	1e-23	0.0010617999942041934
2569	1e-23	0.0013046999811194837
2570	1e-23	0.0012759999954141676
2571	1e-23	0.0020584999583661556
2572	1e-23	0.0010379999876022339
2573	1e-23	0.00211569998646155
2574	1e-23	0.0013770000077784061
2575	1e-23	0.0013159000081941485
2576	1e-23	0.0014306000084616244
2577	1e-23	0.001858700008597225
2578	1e-23	0.0012133000418543816
2579	1e-23	0.0020093999919481575
2580	1e-23	0.001256599964108318
2581	1e-23	0.001546400017105043
2582	1e-23	0.0011698000016622245
2583	1e-23	0.0013111000298522413
2584	1e-23	0.001312199980020523
2585	1e-23	0.0012444999883882701
2586	1e-23	0.0019044000073336065
2587	1e-23	0.0016185999847948551
2588	1e-23	0.0017452999600209296
2589	1e-23	0.0012925000046379864
2590	1e-23	0.002235500025562942
2591	1e-23	0.0017237999709323049
2592	1e-23	0.002225100004579872
2593	1e-23	0.0019160000374540687
2594	1e-23	0.001542300044093281
2595	1e-23	0.0013118000351823866
2596	1e-23	0.0014250999665819108
2597	1e-23	0.001403300033416599
2598	1e-23	0.002562899957410991
2599	1e-23	0.0014182000304572284
2600	1e-23	0.0018354000058025122
2601	1e-23	0.0014397000195458531
2602	1e-23	0.0012913999962620437
2603	1e-23	0.0030140000162646174
2604	1e-23	0.0018506000051274896
2605	1e-23	0.0018449000199325383
2606	1e-23	0.003407499985769391
2607	1e-23	0.0018654000014066696
2608	1e-23	0.0018638999899849296
2609	1e-23	0.0012042999733239412
2610	1e-23	0.002767800004221499
2611	1e-23	0.002689999993890524
2612	1e-23	0.0013626000145450234
2613	1e-23	0.0011551000061444938
2614	1e-23	0.001496099983341992
2615	1e-23	0.00121640000725165
2616	1e-23	0.0015944000333547592
2617	1e-23	0.0011370000429451466
2618	1e-23	0.002305600035469979
2619	1e-23	0.0033658999600447714
2620	1e-23	0.0013020000187680125
2621	1e-23	0.002197299967519939
2622	1e-23	0.0023860999499447644
2623	1e-23	0.0014659999869763851
2624	1e-23	0.0010895999730564654
2625	1e-23	0.0014886999852024019
2626	1e-23	0.0014918000088073313
2627	1e-23	0.0012648000265471637
2628	1e-23	0.0018921000300906599
2629	1e-23	0.0017844000249169767
2630	1e-23	0.002053899981547147
2631	1e-23	0.0027259000344201922
2632	1e-23	0.001921699964441359
2633	1e-23	0.0013859000173397362
2634	1e-23	0.0013007999514229596
2635	1e-23	0.001552000001538545
2636	1e-23	0.0016938999760895967
2637	1e-23	0.0015934000257402658
2638	1e-23	0.0020161999855190516
2639	1e-23	0.0011674000415951014
2640	1e-23	0.0011104000150226057
2641	1e-23	0.00121779995970428
2642	1e-23	0.001455299963708967
2643	1e-23	0.0018280000076629221
2644	1e-23	0.0014463000115938485
2645	1e-23	0.001236799987964332
2646	1e-23	0.0013783000176772475
2647	1e-23	0.0020844999817200005
2648	1e-23	0.001742799999192357
2649	1e-23	0.001332600018940866
2650	1e-23	0.0013011000119149685
2651	1e-23	0.0011263999622315168
2652	1e-23	0.0011509000323712826
2653	1e-23	0.001464200031477958
2654	1e-23	0.0010998999932780862
2655	1e-23	0.0015887999907135963
2656	1e-23	0.0013014000141993165
2657	1e-23	0.001256900024600327
2658	1e-23	0.0016966999974101782
2659	1e-23	0.0012728000292554498
2660	1e-23	0.0013067999971099198
2661	1e-23	0.0016382000176236033
2662	1e-23	0.001580399984959513
2663	1e-23	0.0011558000114746392
2664	1e-23	0.0018999999738298357
2665	1e-23	0.001482799998484552
2666	1e-23	0.0018276000046171248
2667	1e-23	0.0011248000082559884
2668	1e-23	0.0015449000056833029
2669	1e-23	0.0015247000264935195
2670	1e-23	0.001994799997191876
2671	1e-23	0.002645400003530085
2672	1e-23	0.0011590999783948064
2673	1e-23	0.002667599997948855
2674	1e-23	0.001485799963120371
2675	1e-23	0.0019922999781556427
2676	1e-23	0.002286000002641231
2677	1e-23	0.0013821999891661108
2678	1e-23	0.0010039000189863145
2679	1e-23	0.0013946000253781676
2680	1e-23	0.0012252000160515308
2681	1e-23	0.0011421000235714018
2682	1e-23	0.0016553999739699066
2683	1e-23	0.0012746000429615378
2684	1e-23	0.001359799993224442
2685	1e-23	0.0016828000079840422
2686	1e-23	0.0015005000168457627
2687	1e-23	0.0010310999932698905
2688	1e-23	0.0013150000013411045
2689	1e-23	0.002236699976492673
2690	1e-23	0.0019478999893181026
2691	1e-23	0.0033725000103004277
2692	1e-23	0.003919599985238165
2693	1e-23	0.001843599951826036
2694	1e-23	0.0017681000172160566
2695	1e-23	0.001765000051818788
2696	1e-23	0.0012251000152900815
2697	1e-23	0.001665599993430078
2698	1e-23	0.0012607999960891902
2699	1e-23	0.0015022999723441899
2700	1e-23	0.001323099946603179
2701	1e-23	0.0012793000205419958
2702	1e-23	0.0011685999925248325
2703	1e-23	0.0015737000503577292
2704	1e-23	0.0015167000237852335
2705	1e-23	0.001498800003901124
2706	1e-23	0.00215709995245561
2707	1e-23	0.002541199966799468
2708	1e-23	0.0012841999996453524
2709	1e-23	0.0015679000061936677
2710	1e-23	0.0013211999903433025
2711	1e-23	0.0014760999474674463
2712	1e-23	0.0013120999792590737
2713	1e-23	0.0011440999805927277
2714	1e-23	0.0012466000043787062
2715	1e-23	0.001616200024727732
2716	1e-23	0.0023661000304855406
2717	1e-23	0.00133790000109002
2718	1e-23	0.001462700020056218
2719	1e-23	0.0024130999809131026
2720	1e-23	0.001234399969689548
2721	1e-23	0.001277000003028661
2722	1e-23	0.0014761999482288957
2723	1e-23	0.001337599998805672
2724	1e-23	0.0014966000453568995
2725	1e-23	0.0020064000273123384
2726	1e-23	0.0015685000107623637
2727	1e-23	0.0010579999652691185
2728	1e-23	0.0013328000204637647
2729	1e-23	0.00099870003759861
2730	1e-23	0.001145999995060265
2731	1e-23	0.0015089999651536345
2732	1e-23	0.0012802999699488282
2733	1e-23	0.0017913999618031085
2734	1e-23	0.0026631999644450843
2735	1e-23	0.0016351999947801232
2736	1e-23	0.0012687999987974763
2737	1e-23	0.001258400036022067
2738	1e-23	0.0012951000244356692
2739	1e-23	0.0012969000381417572
2740	1e-23	0.0010062999790534377
2741	1e-23	0.00118240003939718
2742	1e-23	0.00178089999826625
2743	1e-23	0.0036675999872386456
2744	1e-23	0.0020378000335767865
2745	1e-23	0.0025031999684870243
2746	1e-23	0.0010589000303298235
2747	1e-23	0.0016558999777771533
2748	1e-23	0.0012653000303544104
2749	1e-23	0.0010216999799013138
2750	1e-23	0.0010539000504650176
2751	1e-23	0.0010498999617993832
2752	1e-23	0.0010926999966613948
2753	1e-23	0.0012017000117339194
2754	1e-23	0.0011254999553784728
2755	1e-23	0.001117600011639297
2756	1e-23	0.0012105000205338001
2757	1e-23	0.0010489000123925507
2758	1e-23	0.0022840999881736934
2759	1e-23	0.0010847000521607697
2760	1e-23	0.0014967999886721373
2761	1e-23	0.001061699993442744
2762	1e-23	0.0012184999650344253
2763	1e-23	0.0010614999919198453
2764	1e-23	0.0010801000171341002
2765	1e-23	0.0010370000381954014
2766	1e-23	0.002324500004760921
2767	1e-23	0.0011769999982789159
2768	1e-23	0.0014480000245384872
2769	1e-23	0.00107409997144714
2770	1e-23	0.0015402999706566334
2771	1e-23	0.0011756999883800745
2772	1e-23	0.0011396000045351684
2773	1e-23	0.001081500027794391
2774	1e-23	0.001146599999628961
2775	1e-23	0.001449400035198778
2776	1e-23	0.001783899962902069
2777	1e-23	0.0015602000057697296
2778	1e-23	0.0012283000396564603
2779	1e-23	0.0010859000030905008
2780	1e-23	0.0012048999778926373
2781	1e-23	0.001303599972743541
2782	1e-23	0.0011582000297494233
2783	1e-23	0.001261299999896437
2784	1e-23	0.0011263999622315168
2785	1e-23	0.001361000002361834
2786	1e-23	0.0021320999949239194
2787	1e-23	0.001353300001937896
2788	1e-23	0.001211299968417734
2789	1e-23	0.00105189997702837
2790	1e-23	0.001053999993018806
2791	1e-23	0.0011791999568231404
2792	1e-23	0.0012746999855153263
2793	1e-23	0.001061399991158396
2794	1e-23	0.0012577999732457101
2795	1e-23	0.0013215999933890998
2796	1e-23	0.001393800019286573
2797	1e-23	0.001506200002040714
2798	1e-23	0.001236199983395636
2799	1e-23	0.0011127999750897288
2800	1e-23	0.001517999975476414
2801	1e-23	0.0025510999839752913
2802	1e-23	0.0027453999500721693
2803	1e-23	0.001353600004222244
2804	1e-23	0.001526299980469048
2805	1e-23	0.001508000015746802
2806	1e-23	0.0012886000331491232
2807	1e-23	0.0018047000048682094
2808	1e-23	0.0010902999783866107
2809	1e-23	0.0011537999962456524
2810	1e-23	0.0019045000080950558
2811	1e-23	0.0016457000165246427
2812	1e-23	0.0010909000411629677
2813	1e-23	0.0010423000203445554
2814	1e-23	0.000983599980827421
2815	1e-23	0.0010769999935291708
2816	1e-23	0.001196300028823316
2817	1e-23	0.001163999957498163
2818	1e-23	0.0011477000080049038
2819	1e-23	0.0012706000125035644
2820	1e-23	0.0019044000073336065
2821	1e-23	0.0010448000393807888
2822	1e-23	0.0017649000510573387
2823	1e-23	0.005201399966608733
2824	1e-23	0.0018474000389687717
2825	1e-23	0.001052199979312718
2826	1e-23	0.0011589000350795686
2827	1e-23	0.0023574000224471092
2828	1e-23	0.0015183000359684229
2829	1e-23	0.0017849000287242234
2830	1e-23	0.0015819999971427023
2831	1e-23	0.0017320000333711505
2832	1e-23	0.00167420000070706
2833	1e-23	0.0039363999967463315
2834	1e-23	0.0014300000038929284
2835	1e-23	0.0014236999559216201
2836	1e-23	0.0012813000357709825
2837	1e-23	0.0029445000109262764
2838	1e-23	0.0019093999871984124
2839	1e-23	0.0016586999990977347
2840	1e-23	0.0018931000377051532
2841	1e-23	0.0012111000251024961
2842	1e-23	0.0011550000053830445
2843	1e-23	0.0011023000115528703
2844	1e-23	0.0009648000122979283
2845	1e-23	0.0010855000000447035
2846	1e-23	0.0010460999910719693
2847	1e-23	0.0009170999983325601
2848	1e-23	0.002834099985193461
2849	1e-23	0.0016415999853052199
2850	1e-23	0.0012049999786540866
2851	1e-23	0.001081200025510043
2852	1e-23	0.003372000006493181
2853	1e-23	0.0009476999985054135
2854	1e-23	0.0009814000222831964
2855	1e-23	0.001151299977209419
2856	1e-23	0.0025936999591067433
2857	1e-23	0.0017198999994434416
2858	1e-23	0.0030307999695651233
2859	1e-23	0.0012451999937184155
2860	1e-23	0.001538700016681105
2861	1e-23	0.0019449999672360718
2862	1e-23	0.0014739999896846712
2863	1e-23	0.0017580999992787838
2864	1e-23	0.0012971999822184443
2865	1e-23	0.0025203000404872
2866	1e-23	0.0014864999684505165
2867	1e-23	0.001787699991837144
2868	1e-23	0.001658799999859184
2869	1e-23	0.005092700012028217
2870	1e-23	0.0012889999779872596
2871	1e-23	0.001839499978814274
2872	1e-23	0.001126500021200627
2873	1e-23	0.0018180999904870987
2874	1e-23	0.001742199994623661
2875	1e-23	0.0018008999759331346
2876	1e-23	0.0011915999930351973
2877	1e-23	0.0014780000201426446
2878	1e-23	0.0018254999886266887
2879	1e-23	0.002353499992750585
2880	1e-23	0.001556500035803765
2881	1e-23	0.0010306999902240932
2882	1e-23	0.001602899981662631
2883	1e-23	0.000922699982766062
2884	1e-23	0.0009130999678745866
2885	1e-23	0.001706399954855442
2886	1e-23	0.001126800023484975
2887	1e-23	0.0033371999743394554
2888	1e-23	0.0023980000405572355
2889	1e-23	0.0012676999904215336
2890	1e-23	0.0011538999970071018
2891	1e-23	0.0008914999780245125
2892	1e-23	0.0014891999890096486
2893	1e-23	0.0014822999946773052
2894	1e-23	0.0011638000141829252
2895	1e-23	0.0010887000244110823
2896	1e-23	0.0014207999920472503
2897	1e-23	0.0010136999771930277
2898	1e-23	0.0010328000062145293
2899	1e-23	0.0010489000123925507
2900	1e-23	0.002064200001768768
2901	1e-23	0.0018236999749206007
2902	1e-23	0.00194089999422431
2903	1e-23	0.0009845999884419143
2904	1e-23	0.0016596000059507787
2905	1e-23	0.0034678999800235033
2906	1e-23	0.002591199998278171
2907	1e-23	0.001504699990618974
2908	1e-23	0.006286000018008053
2909	1e-23	0.001927000004798174
2910	1e-23	0.0014784999657422304
2911	1e-23	0.0013409999664872885
2912	1e-23	0.0011340999626554549
2913	1e-23	0.0011694999993778765
2914	1e-23	0.0014128999901004136
2915	1e-23	0.0025523999938741326
2916	1e-23	0.001902199990581721
2917	1e-23	0.0023401000071316957
2918	1e-23	0.0014744999934919178
2919	1e-23	0.0013852000120095909
2920	1e-23	0.0015566000365652144
2921	1e-23	0.0012372999917715788
2922	1e-23	0.0011533000506460667
2923	1e-23	0.0009876000112853944
2924	1e-23	0.0013738999841734767
2925	1e-23	0.003395700012333691
2926	1e-23	0.0015295000048354268
2927	1e-23	0.0011535999947227538
2928	1e-23	0.0010150999878533185
2929	1e-23	0.0012179000186733902
2930	1e-23	0.0009734999621286988
2931	1e-23	0.001103399961721152
2932	1e-23	0.0010658000246621668
2933	1e-23	0.0011976000387221575
2934	1e-23	0.0011363000376150012
2935	1e-23	0.0011422000243328512
2936	1e-23	0.0011114999651908875
2937	1e-23	0.0012315000058151782
2938	1e-23	0.0012748000444844365
2939	1e-23	0.00521969998953864
2940	1e-23	0.0014594999956898391
2941	1e-23	0.001326400029938668
2942	1e-23	0.0012040999718010426
2943	1e-23	0.0016821000026538968
2944	1e-23	0.0016335999825969338
2945	1e-23	0.0011323000071570277
2946	1e-23	0.0011790000135079026
2947	1e-23	0.0009432000224478543
2948	1e-23	0.0009621999925002456
2949	1e-23	0.000979500007815659
2950	1e-23	0.0010495000169612467
2951	1e-23	0.0010595000348985195
2952	1e-23	0.0010525000398047268
2953	1e-23	0.0040509000536985695
2954	1e-23	0.002085299987811595
2955	1e-23	0.00368930003605783
2956	1e-23	0.002571399963926524
2957	1e-23	0.0015433999942615628
2958	1e-23	0.003049399994779378
2959	1e-23	0.0010640000109560788
2960	1e-23	0.0010728000197559595
2961	1e-23	0.0011849000002257526
2962	1e-23	0.003125299990642816
2963	1e-23	0.003501200000755489
2964	1e-23	0.002087300003040582
2965	1e-23	0.0016713000368326902
2966	1e-23	0.0011537999962456524
2967	1e-23	0.0012023000163026154
2968	1e-23	0.001481400046031922
2969	1e-23	0.001562700024805963
2970	1e-23	0.0010984999826177955
2971	1e-23	0.0010715000098571181
2972	1e-23	0.0011541999992914498
2973	1e-23	0.0013563999673351645
2974	1e-23	0.0012620000052265823
2975	1e-23	0.0038309000083245337
2976	1e-23	0.0034966000239364803
2977	1e-23	0.00192760000936687
2978	1e-23	0.0012667999835684896
2979	1e-23	0.001045099983457476
2980	1e-23	0.0010890999692492187
2981	1e-23	0.0009444999741390347
2982	1e-23	0.0009751999750733376
2983	1e-23	0.0010507999686524272
2984	1e-23	0.004358800011686981
2985	1e-23	0.0018146000220440328
2986	1e-23	0.0014266000362113118
2987	1e-23	0.0010888000251725316
2988	1e-23	0.00099870003759861
2989	1e-23	0.0009242999949492514
2990	1e-23	0.0011407000129111111
2991	1e-23	0.0009601999772712588
2992	1e-23	0.000916799996048212
2993	1e-23	0.001054599997587502
2994	1e-23	0.001052799983881414
2995	1e-23	0.0015965999918989837
2996	1e-23	0.0013164000120013952
2997	1e-23	0.0014220000011846423
2998	1e-23	0.0020644000032916665
2999	1e-23	0.0010494000161997974
3000	1e-23	0.001076200045645237
