epoch	total	seconds
1	1e-23	0.17353689996525645
2	1e-23	0.0022997999913059175
3	1e-23	0.0018198000034317374
4	1e-23	0.0014869000297039747
5	1e-23	0.0014230000087991357
6	1e-23	0.0012799000251106918
7	1e-23	0.0012337000225670636
8	1e-23	0.0012431000359356403
9	1e-23	0.0014063999988138676
10	1e-23	0.0012358000385574996
11	1e-23	0.0014759000041522086
12	1e-23	0.0012378999963402748
13	1e-23	0.0011909999884665012
14	1e-23	0.0011064999853260815
15	1e-23	0.0010786000057123601
16	1e-23	0.0011326000094413757
17	1e-23	0.0011899999808520079
18	1e-23	0.0012051999801769853
19	1e-23	0.001234399969689548
20	1e-23	0.001181500032544136
21	1e-23	0.0011682999902404845
22	1e-23	0.0012581999762915075
23	1e-23	0.0012444999883882701
24	1e-23	0.0013497000327333808
25	1e-23	0.0013197000371292233
26	1e-23	0.0011765999952331185
27	1e-23	0.0012042000307701528
28	1e-23	0.0011817999766208231
29	1e-23	0.001219599973410368
30	1e-23	0.0011651000240817666
31	1e-23	0.0012157999444752932
32	1e-23	0.0011779999476857483
33	1e-23	0.0012724000262096524
34	1e-23	0.0011875000200234354
35	1e-23	0.0012618000037036836
36	1e-23	0.0012592000421136618
37	1e-23	0.0013632999616675079
38	1e-23	0.0012042999733239412
39	1e-23	0.0011267999652773142
40	1e-23	0.0011916000512428582
41	1e-23	0.0011529999901540577
42	1e-23	0.0011918000527657568
43	1e-23	0.0012166999513283372
44	1e-23	0.0011155999964103103
45	1e-23	0.0010831999825313687
46	1e-23	0.0011523999855853617
47	1e-23	0.0012115000281482935
48	1e-23	0.0012300999951548874
49	1e-23	0.0013363999896682799
50	1e-23	0.0012607999960891902
51	1e-23	0.0012160000042058527
52	1e-23	0.0012137999874539673
53	1e-23	0.0013411999680101871
54	1e-23	0.001423700014129281
55	1e-23	0.0011766000534407794
56	1e-23	0.001266100036446005
57	1e-23	0.0012202999787405133
58	1e-23	0.0011473000049591064
59	1e-23	0.0011625000042840838
60	1e-23	0.00117200001841411
61	1e-23	0.0013049000408500433
62	1e-23	0.0011973000364378095
63	1e-23	0.0012173000141046941
64	1e-23	0.0012641000212170184
65	1e-23	0.001974599959794432
66	1e-23	0.0012535000569187105
67	1e-23	0.0011292999843135476
68	1e-23	0.0011464999988675117
69	1e-23	0.001122299989219755
70	1e-23	0.0011034999624826014
71	1e-23	0.001116700004786253
72	1e-23	0.0011343999649398029
73	1e-23	0.0014086999581195414
74	1e-23	0.0014704999630339444
75	1e-23	0.0011696000001393259
76	1e-23	0.0011811999720521271
77	1e-23	0.0011394000030122697
78	1e-23	0.001186200010124594
79	1e-23	0.0011264000204391778
80	1e-23	0.001110800018068403
81	1e-23	0.0011451999889686704
82	1e-23	0.001264600025024265
83	1e-23	0.0011884999694302678
84	1e-23	0.0012449999921955168
85	1e-23	0.0012089000083506107
86	1e-23	0.00152160000288859
87	1e-23	0.0011998999980278313
88	1e-23	0.0016811999958008528
89	1e-23	0.0013100000214762986
90	1e-23	0.001158400031272322
91	1e-23	0.0010917999898083508
92	1e-23	0.0013186000287532806
93	1e-23	0.0012675999896600842
94	1e-23	0.0012373999925330281
95	1e-23	0.0011396000045351684
96	1e-23	0.001101900008507073
97	1e-23	0.0010856000008061528
98	1e-23	0.0014963000430725515
99	1e-23	0.0013283000444062054
100	1e-23	0.0011037999647669494
101	1e-23	0.0011502000270411372
102	1e-23	0.001112300029490143
103	1e-23	0.0010310999932698905
104	1e-23	0.0009639000054448843
105	1e-23	0.0011588000343181193
106	1e-23	0.0011627000058069825
107	1e-23	0.001166999980341643
108	1e-23	0.0012244999525137246
109	1e-23	0.0012451999937184155
110	1e-23	0.0011970999767072499
111	1e-23	0.0013103000237606466
112	1e-23	0.0013018000172451138
113	1e-23	0.0012308000004850328
114	1e-23	0.0011359999771229923
115	1e-23	0.0011558000114746392
116	1e-23	0.0011717999586835504
117	1e-23	0.0011831000447273254
118	1e-23	0.0011095000081695616
119	1e-23	0.0013868000241927803
120	1e-23	0.001205099979415536
121	1e-23	0.0012945999624207616
122	1e-23	0.001206299988552928
123	1e-23	0.0012880999711342156
124	1e-23	0.0011877999641001225
125	1e-23	0.0012330000172369182
126	1e-23	0.0011560000129975379
127	1e-23	0.001121999986935407
128	1e-23	0.001097499975003302
129	1e-23	0.0011560000129975379
130	1e-23	0.0011259999591857195
131	1e-23	0.0011625999468378723
132	1e-23	0.001231999951414764
133	1e-23	0.0011606999905779958
134	1e-23	0.0010967000271193683
135	1e-23	0.0013251000200398266
136	1e-23	0.0016204999992623925
137	1e-23	0.0012710000155493617
138	1e-23	0.001109300006646663
139	1e-23	0.0011435000342316926
140	1e-23	0.001126800023484975
141	1e-23	0.001055500004440546
142	1e-23	0.0012126000365242362
143	1e-23	0.001170800009276718
144	1e-23	0.0012237000046297908
145	1e-23	0.0011815999750979245
146	1e-23	0.0011903999838978052
147	1e-23	0.0011065999860875309
148	1e-23	0.0013003000058233738
149	1e-23	0.001305699988733977
150	1e-23	0.0010930999997071922
151	1e-23	0.0010896000312641263
152	1e-23	0.0011278000310994685
153	1e-23	0.0010934000019915402
154	1e-23	0.001124400005210191
155	1e-23	0.0011515000369399786
156	1e-23	0.0011610999936237931
157	1e-23	0.001097500033210963
158	1e-23	0.0011062999838031828
159	1e-23	0.0011111999629065394
160	1e-23	0.0010932000004686415
161	1e-23	0.001368700002785772
162	1e-23	0.0014515999937430024
163	1e-23	0.001110800018068403
164	1e-23	0.0010823000338859856
165	1e-23	0.00102680001873523
166	1e-23	0.0010711999493651092
167	1e-23	0.0011178000131621957
168	1e-23	0.0010947000118903816
169	1e-23	0.0010636999504640698
170	1e-23	0.0011688999948091805
171	1e-23	0.001236200041603297
172	1e-23	0.0011898999800905585
173	1e-23	0.0013027000240981579
174	1e-23	0.0012372999917715788
175	1e-23	0.0011781000066548586
176	1e-23	0.0010992999887093902
177	1e-23	0.001141499960795045
178	1e-23	0.0011204999755136669
179	1e-23	0.0011901000398211181
180	1e-23	0.0011816999758593738
181	1e-23	0.0011233999975956976
182	1e-23	0.0011017000069841743
183	1e-23	0.0010945999529212713
184	1e-23	0.0010800000163726509
185	1e-23	0.0010751999798230827
186	1e-23	0.0011482000118121505
187	1e-23	0.0012989999959245324
188	1e-23	0.0011011000024154782
189	1e-23	0.0011470000026747584
190	1e-23	0.0011436999775469303
191	1e-23	0.001192099996842444
192	1e-23	0.0010840999893844128
193	1e-23	0.0011212999816052616
194	1e-23	0.001130899996496737
195	1e-23	0.0011239000014029443
196	1e-23	0.0010864000068977475
197	1e-23	0.0011140000424347818
198	1e-23	0.001109300006646663
199	1e-23	0.0012757000513374805
200	1e-23	0.001436399994418025
201	1e-23	0.0014254000270739198
202	1e-23	0.0012469000066630542
203	1e-23	0.0010998999932780862
204	1e-23	0.0011105999583378434
205	1e-23	0.0011487000156193972
206	1e-23	0.0010768999927677214
207	1e-23	0.0010611999896354973
208	1e-23	0.0011659999727271497
209	1e-23	0.0011838999926112592
210	1e-23	0.0011625000042840838
211	1e-23	0.0011223000474274158
212	1e-23	0.001164000015705824
213	1e-23	0.0016590000013820827
214	1e-23	0.0011269000242464244
215	1e-23	0.001112300029490143
216	1e-23	0.0012146999943070114
217	1e-23	0.0012108000228181481
218	1e-23	0.0012397000100463629
219	1e-23	0.001180299965199083
220	1e-23	0.001125000009778887
221	1e-23	0.0011894999770447612
222	1e-23	0.001234699971973896
223	1e-23	0.001207199995405972
224	1e-23	0.001204799977131188
225	1e-23	0.0013395000132732093
226	1e-23	0.0012276999768801033
227	1e-23	0.00119270000141114
228	1e-23	0.0011556000099517405
229	1e-23	0.001109600008931011
230	1e-23	0.001064100011717528
231	1e-23	0.0010580999660305679
232	1e-23	0.0012036999687552452
233	1e-23	0.0011898999800905585
234	1e-23	0.0011634000111371279
235	1e-23	0.0011297999881207943
236	1e-23	0.0011906000436283648
237	1e-23	0.0012168000102974474
238	1e-23	0.0013528999988920987
239	1e-23	0.0013708000187762082
240	1e-23	0.00123559997882694
241	1e-23	0.0013034000294283032
242	1e-23	0.001450599986128509
243	1e-23	0.0013284999877214432
244	1e-23	0.0014177999692037702
245	1e-23	0.00131130003137514
246	1e-23	0.0013220999971963465
247	1e-23	0.0011827999842353165
248	1e-23	0.0011543000000528991
249	1e-23	0.001306000049225986
250	1e-23	0.0013099000207148492
251	1e-23	0.0012355000362731516
252	1e-23	0.0012685999972745776
253	1e-23	0.0013972999877296388
254	1e-23	0.0011352000292390585
255	1e-23	0.0012662999797612429
256	1e-23	0.0013003000058233738
257	1e-23	0.0011603999882936478
258	1e-23	0.0012531000538729131
259	1e-23	0.0012761999969370663
260	1e-23	0.0013079000054858625
261	1e-23	0.001131500001065433
262	1e-23	0.001355400017928332
263	1e-23	0.0011391000007279217
264	1e-23	0.0012258999631740153
265	1e-23	0.001165499968919903
266	1e-23	0.001216100004967302
267	1e-23	0.0012234000023454428
268	1e-23	0.0011109999613836408
269	1e-23	0.0010733999661169946
270	1e-23	0.0010940999491140246
271	1e-23	0.001274599984753877
272	1e-23	0.0011135999811813235
273	1e-23	0.0011627000058069825
274	1e-23	0.0013809000374749303
275	1e-23	0.0011476000072434545
276	1e-23	0.00105489999987185
277	1e-23	0.0009045999613590539
278	1e-23	0.0010786000057123601
279	1e-23	0.001025299949105829
280	1e-23	0.0012957000290043652
281	1e-23	0.001776200020685792
282	1e-23	0.0010915999882854521
283	1e-23	0.0010311999940313399
284	1e-23	0.001074399973731488
285	1e-23	0.0009129000245593488
286	1e-23	0.0010223000426776707
287	1e-23	0.0008979999693110585
288	1e-23	0.0016058000037446618
289	1e-23	0.001296799979172647
290	1e-23	0.0011006999993696809
291	1e-23	0.0011951999622397125
292	1e-23	0.0011314000003039837
293	1e-23	0.0011633000103756785
294	1e-23	0.0010566000128164887
295	1e-23	0.0011751999845728278
296	1e-23	0.0010841000475920737
297	1e-23	0.0009481000015512109
298	1e-23	0.0010905000381171703
299	1e-23	0.0015673000016249716
300	1e-23	0.0012263000244274735
301	1e-23	0.0010647000162862241
302	1e-23	0.001496099983341992
303	1e-23	0.001108399999793619
304	1e-23	0.0010716000106185675
305	1e-23	0.001076199987437576
306	1e-23	0.0011418000212870538
307	1e-23	0.0011051000328734517
308	1e-23	0.0010884000221267343
309	1e-23	0.0010692000505514443
310	1e-23	0.0011470000026747584
311	1e-23	0.0011339999618940055
312	1e-23	0.001076499989721924
313	1e-23	0.0010026999516412616
314	1e-23	0.0013227000017650425
315	1e-23	0.001137399987783283
316	1e-23	0.0018508000066503882
317	1e-23	0.0010990999871864915
318	1e-23	0.0010956000187434256
319	1e-23	0.0012498999712988734
320	1e-23	0.001602300035301596
321	1e-23	0.0011998999980278313
322	1e-23	0.0011825999827124178
323	1e-23	0.0012441999861039221
324	1e-23	0.0011205999762751162
325	1e-23	0.0011675999849103391
326	1e-23	0.001280499971471727
327	1e-23	0.00146240001777187
328	1e-23	0.0016602000105194747
329	1e-23	0.0014534000074490905
330	1e-23	0.00117500004125759
331	1e-23	0.001367199991364032
332	1e-23	0.0011899999808520079
333	1e-23	0.001257200026884675
334	1e-23	0.0011030000168830156
335	1e-23	0.0011550000053830445
336	1e-23	0.0011174000101163983
337	1e-23	0.0017012000316753983
338	1e-23	0.0013295999960973859
339	1e-23	0.001115199993364513
340	1e-23	0.0011267000227235258
341	1e-23	0.0013203999842517078
342	1e-23	0.0013469000114127994
343	1e-23	0.0010927999974228442
344	1e-23	0.0010474000009708107
345	1e-23	0.0011122000287286937
346	1e-23	0.0011377999908290803
347	1e-23	0.0010658999672159553
348	1e-23	0.001136499980930239
349	1e-23	0.0012182000209577382
350	1e-23	0.0011851000017486513
351	1e-23	0.0011625000042840838
352	1e-23	0.0011747999815270305
353	1e-23	0.0010806000209413469
354	1e-23	0.0011470000026747584
355	1e-23	0.0011034999624826014
356	1e-23	0.0011442999821156263
357	1e-23	0.001061699993442744
358	1e-23	0.0010890000266954303
359	1e-23	0.0011591000366024673
360	1e-23	0.0011347000254318118
361	1e-23	0.0011345000239089131
362	1e-23	0.0013998999493196607
363	1e-23	0.001342100033070892
364	1e-23	0.0011498000239953399
365	1e-23	0.0011763999937102199
366	1e-23	0.0011632000096142292
367	1e-23	0.0011610999936237931
368	1e-23	0.0013205999857746065
369	1e-23	0.0012233000015839934
370	1e-23	0.0012094000121578574
371	1e-23	0.001083000039216131
372	1e-23	0.0011493000201880932
373	1e-23	0.0011644999613054097
374	1e-23	0.0010946999536827207
375	1e-23	0.0016542999655939639
376	1e-23	0.0013008000096306205
377	1e-23	0.0011471000034362078
378	1e-23	0.0011457999935373664
379	1e-23	0.0017738000024110079
380	1e-23	0.001381999987643212
381	1e-23	0.001388200034853071
382	1e-23	0.001173799973912537
383	1e-23	0.0012102000182494521
384	1e-23	0.0012172000133432448
385	1e-23	0.0015668999985791743
386	1e-23	0.0012741999817080796
387	1e-23	0.001240900019183755
388	1e-23	0.0011769999982789159
389	1e-23	0.0010868000099435449
390	1e-23	0.0011078999959863722
391	1e-23	0.0011543000000528991
392	1e-23	0.0012597999884746969
393	1e-23	0.0011254000128246844
394	1e-23	0.0010330999502912164
395	1e-23	0.0011978999827988446
396	1e-23	0.0010950000141747296
397	1e-23	0.0012233000015839934
398	1e-23	0.0011290000402368605
399	1e-23	0.0011473000049591064
400	1e-23	0.0012390000047162175
401	1e-23	0.001503199979197234
402	1e-23	0.0013826999929733574
403	1e-23	0.0010624999995343387
404	1e-23	0.0010998999932780862
405	1e-23	0.0011665000347420573
406	1e-23	0.0012484000180847943
407	1e-23	0.0011402000091038644
408	1e-23	0.0011903999838978052
409	1e-23	0.0013342999736778438
410	1e-23	0.0011393999448046088
411	1e-23	0.0019458999740891159
412	1e-23	0.0012385000009089708
413	1e-23	0.0011088000028394163
414	1e-23	0.0012953000259585679
415	1e-23	0.0011830999865196645
416	1e-23	0.001150699972640723
417	1e-23	0.0010494000161997974
418	1e-23	0.0011363000376150012
419	1e-23	0.0011918999953195453
420	1e-23	0.001143899979069829
421	1e-23	0.0011723999632522464
422	1e-23	0.0012351999757811427
423	1e-23	0.0011280999751761556
424	1e-23	0.0011851000017486513
425	1e-23	0.0013526999973692
426	1e-23	0.001117000007070601
427	1e-23	0.0010575000196695328
428	1e-23	0.0011203999747522175
429	1e-23	0.001105800038203597
430	1e-23	0.0010842999909073114
431	1e-23	0.0010958999628201127
432	1e-23	0.0011525999871082604
433	1e-23	0.0010917000472545624
434	1e-23	0.0010970999719575047
435	1e-23	0.0011107000173069537
436	1e-23	0.0010662999702617526
437	1e-23	0.0011337000178173184
438	1e-23	0.0011292999843135476
439	1e-23	0.001174400036688894
440	1e-23	0.0012709000147879124
441	1e-23	0.001131800003349781
442	1e-23	0.0010433999705128372
443	1e-23	0.0010982999810948968
444	1e-23	0.0010376999853178859
445	1e-23	0.0010473000002093613
446	1e-23	0.0010457999887876213
447	1e-23	0.0010822999756783247
448	1e-23	0.001134999969508499
449	1e-23	0.0011272999690845609
450	1e-23	0.001193899952340871
451	1e-23	0.0012310000020079315
452	1e-23	0.001197999983560294
453	1e-23	0.0011705999495461583
454	1e-23	0.0011470999452285469
455	1e-23	0.0011140999849885702
456	1e-23	0.0011026999563910067
457	1e-23	0.0011732999701052904
458	1e-23	0.0011121000279672444
459	1e-23	0.001038299989886582
460	1e-23	0.0010636000079102814
461	1e-23	0.0011249000090174377
462	1e-23	0.001185000000987202
463	1e-23	0.001103399961721152
464	1e-23	0.0011941000120714307
465	1e-23	0.0012567000230774283
466	1e-23	0.0010852999985218048
467	1e-23	0.0011266000219620764
468	1e-23	0.0011002999963238835
469	1e-23	0.001137699990067631
470	1e-23	0.0011752999853342772
471	1e-23	0.001193900010548532
472	1e-23	0.0010861000046133995
473	1e-23	0.0011827999842353165
474	1e-23	0.0011142999865114689
475	1e-23	0.0010930999997071922
476	1e-23	0.0010341000161133707
477	1e-23	0.001074699976015836
478	1e-23	0.0014751000562682748
479	1e-23	0.0011185999610461295
480	1e-23	0.001033900014590472
481	1e-23	0.001046599994879216
482	1e-23	0.0011103999568149447
483	1e-23	0.0010624999995343387
484	1e-23	0.0010438000317662954
485	1e-23	0.0010245000012218952
486	1e-23	0.0010707000037655234
487	1e-23	0.0010676999809220433
488	1e-23	0.0010289999772794545
489	1e-23	0.0010195999639108777
490	1e-23	0.0010510999709367752
491	1e-23	0.0012880999711342156
492	1e-23	0.0012452999944798648
493	1e-23	0.0011740999761968851
494	1e-23	0.0011072999914176762
495	1e-23	0.0010760999866761267
496	1e-23	0.001138299994636327
497	1e-23	0.0011738999746739864
498	1e-23	0.001255400013178587
499	1e-23	0.0011560000129975379
500	1e-23	0.0011684000492095947
501	1e-23	0.00121779995970428
502	1e-23	0.0011680000461637974
503	1e-23	0.0012211999855935574
504	1e-23	0.0011827999842353165
505	1e-23	0.0011603000457398593
506	1e-23	0.0012989999959245324
507	1e-23	0.0011961999698542058
508	1e-23	0.0011758999899029732
509	1e-23	0.0012009000056423247
510	1e-23	0.0011940000113099813
511	1e-23	0.0011184000177308917
512	1e-23	0.0010932000004686415
513	1e-23	0.0010795000125654042
514	1e-23	0.001101600006222725
515	1e-23	0.0010432000271975994
516	1e-23	0.001006399979814887
517	1e-23	0.0010997999925166368
518	1e-23	0.0014043999835848808
519	1e-23	0.0011955000227317214
520	1e-23	0.0011166000040248036
521	1e-23	0.001199499994982034
522	1e-23	0.0011146999895572662
523	1e-23	0.00110219995258376
524	1e-23	0.001129099982790649
525	1e-23	0.0011144000454805791
526	1e-23	0.0010630000033415854
527	1e-23	0.0011353000300005078
528	1e-23	0.0011681000469252467
529	1e-23	0.0012463000020943582
530	1e-23	0.0011905999854207039
531	1e-23	0.0012820000411011279
532	1e-23	0.0012037000269629061
533	1e-23	0.0011546000023372471
534	1e-23	0.0011855000047944486
535	1e-23	0.0011297999881207943
536	1e-23	0.00107559998286888
537	1e-23	0.0010716000106185675
538	1e-23	0.001188000023830682
539	1e-23	0.0012421999708749354
540	1e-23	0.0011837000492960215
541	1e-23	0.00109629996586591
542	1e-23	0.0011192000238224864
543	1e-23	0.0010759999859146774
544	1e-23	0.001212499977555126
545	1e-23	0.001144800044130534
546	1e-23	0.0011091000051237643
547	1e-23	0.0010896000312641263
548	1e-23	0.0011503000278025866
549	1e-23	0.0011653000256046653
550	1e-23	0.0012018999550491571
551	1e-23	0.0011409000144340098
552	1e-23	0.0010716000106185675
553	1e-23	0.0011012000031769276
554	1e-23	0.0010982999810948968
555	1e-23	0.0010517999762669206
556	1e-23	0.0012812999775633216
557	1e-23	0.002022499975282699
558	1e-23	0.0013452000566758215
559	1e-23	0.0012292999890632927
560	1e-23	0.0010827999794855714
561	1e-23	0.0012401999556459486
562	1e-23	0.0011662999750114977
563	1e-23	0.001137699990067631
564	1e-23	0.001049900020007044
565	1e-23	0.0010673000360839069
566	1e-23	0.0011001999955624342
567	1e-23	0.0010888000251725316
568	1e-23	0.0011523000430315733
569	1e-23	0.001240899960976094
570	1e-23	0.0011294999858364463
571	1e-23	0.0010154999908991158
572	1e-23	0.0009655999601818621
573	1e-23	0.0009224999812431633
574	1e-23	0.0009975999710150063
575	1e-23	0.0009667000267654657
576	1e-23	0.000887200003489852
577	1e-23	0.0011397000052966177
578	1e-23	0.0011608999921008945
579	1e-23	0.0011038000229746103
580	1e-23	0.0009686999837867916
581	1e-23	0.0013289999915286899
582	1e-23	0.0010935000027529895
583	1e-23	0.0013628000160679221
584	1e-23	0.001064100011717528
585	1e-23	0.001451799995265901
586	1e-23	0.0014950999757274985
587	1e-23	0.0017467000288888812
588	1e-23	0.0010367999784648418
589	1e-23	0.0008905000286176801
590	1e-23	0.0009682999807409942
591	1e-23	0.0008579000132158399
592	1e-23	0.0009037000127136707
593	1e-23	0.0009539999882690609
594	1e-23	0.0011201000306755304
595	1e-23	0.0013113999739289284
596	1e-23	0.0012336000218056142
597	1e-23	0.0011673999833874404
598	1e-23	0.0010815999703481793
599	1e-23	0.0010103999520651996
600	1e-23	0.001055800006724894
601	1e-23	0.0010561999515630305
602	1e-23	0.0011332000140100718
603	1e-23	0.0010888000251725316
604	1e-23	0.00102680001873523
605	1e-23	0.001123199996072799
606	1e-23	0.0012279999791644514
607	1e-23	0.001051599974744022
608	1e-23	0.0010595000348985195
609	1e-23	0.0010486000101082027
610	1e-23	0.001393200014717877
611	1e-23	0.0014537000097334385
612	1e-23	0.0012715000193566084
613	1e-23	0.0011245000059716403
614	1e-23	0.0012066999915987253
615	1e-23	0.0011021000100299716
616	1e-23	0.0011024000123143196
617	1e-23	0.001062600000295788
618	1e-23	0.0009890999644994736
619	1e-23	0.0009902999736368656
620	1e-23	0.001088600023649633
621	1e-23	0.0010384999914094806
622	1e-23	0.0009951000101864338
623	1e-23	0.0011584999738261104
624	1e-23	0.0011192999663762748
625	1e-23	0.0010614999919198453
626	1e-23	0.0011322000063955784
627	1e-23	0.0011543000000528991
628	1e-23	0.0011554000084288418
629	1e-23	0.0010753999813459814
630	1e-23	0.0010499999625608325
631	1e-23	0.0010712000075727701
632	1e-23	0.0010547000565566123
633	1e-23	0.0010350000229664147
634	1e-23	0.0010562000097706914
635	1e-23	0.0011008000001311302
636	1e-23	0.0015040000434964895
637	1e-23	0.0012397000100463629
638	1e-23	0.0015098999720066786
639	1e-23	0.001172599964775145
640	1e-23	0.0012039000284858048
641	1e-23	0.001033300010021776
642	1e-23	0.0010958999628201127
643	1e-23	0.0011429000296629965
644	1e-23	0.001311599975451827
645	1e-23	0.001160500047262758
646	1e-23	0.0010956000187434256
647	1e-23	0.0010444000363349915
648	1e-23	0.0013803999754600227
649	1e-23	0.0014956999802961946
650	1e-23	0.0012327000149525702
651	1e-23	0.0010978999780490994
652	1e-23	0.0012522999895736575
653	1e-23	0.001090999983716756
654	1e-23	0.0013300999999046326
655	1e-23	0.0012354999780654907
656	1e-23	0.0011125999735668302
657	1e-23	0.0010709999478422105
658	1e-23	0.0010915999882854521
659	1e-23	0.0010976000339724123
660	1e-23	0.0012153999996371567
661	1e-23	0.0013274000375531614
662	1e-23	0.001253599999472499
663	1e-23	0.0011697000009007752
664	1e-23	0.001137999992351979
665	1e-23	0.001130300050135702
666	1e-23	0.0011864000116474926
667	1e-23	0.001128799980506301
668	1e-23	0.0011587999761104584
669	1e-23	0.0012259000213816762
670	1e-23	0.001166999980341643
671	1e-23	0.0010871999547816813
672	1e-23	0.0011230999953113496
673	1e-23	0.0011717999586835504
674	1e-23	0.0015168999671004713
675	1e-23	0.0014090000186115503
676	1e-23	0.0012309000012464821
677	1e-23	0.0016367000062018633
678	1e-23	0.001112000027205795
679	1e-23	0.001110800018068403
680	1e-23	0.001105500035919249
681	1e-23	0.0010869000107049942
682	1e-23	0.0011567000183276832
683	1e-23	0.0010283999727107584
684	1e-23	0.0010203999700024724
685	1e-23	0.00120599998626858
686	1e-23	0.0013755999971181154
687	1e-23	0.0012952000251971185
688	1e-23	0.0015746999997645617
689	1e-23	0.0011297999881207943
690	1e-23	0.0010624999995343387
691	1e-23	0.001133000012487173
692	1e-23	0.0011986999888904393
693	1e-23	0.0010657000239007175
694	1e-23	0.001094500010367483
695	1e-23	0.0011774000013247132
696	1e-23	0.0011940000113099813
697	1e-23	0.0011294999858364463
698	1e-23	0.0011351000284776092
699	1e-23	0.001430800009984523
700	1e-23	0.0012783999554812908
701	1e-23	0.0012179000186733902
702	1e-23	0.0012106000212952495
703	1e-23	0.0010661999695003033
704	1e-23	0.0011642000172287226
705	1e-23	0.0013327999622561038
706	1e-23	0.001106700045056641
707	1e-23	0.0010981999803334475
708	1e-23	0.0011898999800905585
709	1e-23	0.001164300017990172
710	1e-23	0.0011756999883800745
711	1e-23	0.0012187000247649848
712	1e-23	0.0013676999951712787
713	1e-23	0.001214299991261214
714	1e-23	0.0012262999662198126
715	1e-23	0.0012444000458344817
716	1e-23	0.001130299991928041
717	1e-23	0.001074100029654801
718	1e-23	0.0011490000179037452
719	1e-23	0.0015432999935001135
720	1e-23	0.0011566000175662339
721	1e-23	0.0010913999867625535
722	1e-23	0.001139800006058067
723	1e-23	0.0012449999921955168
724	1e-23	0.0013339999713934958
725	1e-23	0.001348000019788742
726	1e-23	0.0013488000258803368
727	1e-23	0.0012286999844945967
728	1e-23	0.0012681999942287803
729	1e-23	0.0011718000168912113
730	1e-23	0.0011424999684095383
731	1e-23	0.0011814999743364751
732	1e-23	0.0012302999966777861
733	1e-23	0.0011688999948091805
734	1e-23	0.001262800011318177
735	1e-23	0.0012208999833092093
736	1e-23	0.0012349000317044556
737	1e-23	0.0011763999937102199
738	1e-23	0.001153399993199855
739	1e-23	0.001130599994212389
740	1e-23	0.0011354999733157456
741	1e-23	0.001081800030078739
742	1e-23	0.001111400022637099
743	1e-23	0.001342100033070892
744	1e-23	0.0011510999756865203
745	1e-23	0.0011705999495461583
746	1e-23	0.001178799953777343
747	1e-23	0.0011633000103756785
748	1e-23	0.0011817999766208231
749	1e-23	0.0015130999963730574
750	1e-23	0.0013340999721549451
751	1e-23	0.001277000003028661
752	1e-23	0.001362500013783574
753	1e-23	0.001250400033313781
754	1e-23	0.001252500049304217
755	1e-23	0.0013406999642029405
756	1e-23	0.0012195000308565795
757	1e-23	0.001185899949632585
758	1e-23	0.001249500026460737
759	1e-23	0.0011907999869436026
760	1e-23	0.0014777000178582966
761	1e-23	0.0012592999846674502
762	1e-23	0.0013295999960973859
763	1e-23	0.0011905000428669155
764	1e-23	0.0012244000099599361
765	1e-23	0.001153099990915507
766	1e-23	0.00109329994302243
767	1e-23	0.0011269999668002129
768	1e-23	0.0013151000021025538
769	1e-23	0.0012185999657958746
770	1e-23	0.0012200000346638262
771	1e-23	0.0017057000077329576
772	1e-23	0.0011913000489585102
773	1e-23	0.0012894999817945063
774	1e-23	0.001144799985922873
775	1e-23	0.001186200010124594
776	1e-23	0.0011829999857582152
777	1e-23	0.001227299973834306
778	1e-23	0.0011470000026747584
779	1e-23	0.0012400999548844993
780	1e-23	0.0011504999711178243
781	1e-23	0.0013194999773986638
782	1e-23	0.0011186999618075788
783	1e-23	0.0010363999754190445
784	1e-23	0.0011242000036872923
785	1e-23	0.0014836000045761466
786	1e-23	0.0011718000168912113
787	1e-23	0.001104000024497509
788	1e-23	0.0012963000335730612
789	1e-23	0.0010723000159487128
790	1e-23	0.0010097000049427152
791	1e-23	0.0013233000063337386
792	1e-23	0.0011298000463284552
793	1e-23	0.0010523999808356166
794	1e-23	0.0010238999966531992
795	1e-23	0.001081200025510043
796	1e-23	0.0010290000354871154
797	1e-23	0.001028600032441318
798	1e-23	0.0011558000114746392
799	1e-23	0.0012566999648697674
800	1e-23	0.001076199987437576
801	1e-23	0.0010572000173851848
802	1e-23	0.0011019999510608613
803	1e-23	0.0012025999603793025
804	1e-23	0.0011410000151954591
805	1e-23	0.0010684000444598496
806	1e-23	0.0010937000042758882
807	1e-23	0.00108889996772632
808	1e-23	0.0010981999803334475
809	1e-23	0.001094199949875474
810	1e-23	0.0011688999948091805
811	1e-23	0.0011215000413358212
812	1e-23	0.0012534999987110496
813	1e-23	0.001229099987540394
814	1e-23	0.0013974999892525375
815	1e-23	0.0012401000130921602
816	1e-23	0.0012778999516740441
817	1e-23	0.0010925999958999455
818	1e-23	0.0011359000345692039
819	1e-23	0.0011584999738261104
820	1e-23	0.0012410000199452043
821	1e-23	0.001164000015705824
822	1e-23	0.001127899973653257
823	1e-23	0.0011919999960809946
824	1e-23	0.001476900011766702
825	1e-23	0.0011068000458180904
826	1e-23	0.001165799971204251
827	1e-23	0.001175600045826286
828	1e-23	0.0011005999986082315
829	1e-23	0.001088000019080937
830	1e-23	0.0014597999979741871
831	1e-23	0.0011396000045351684
832	1e-23	0.0011282000341452658
833	1e-23	0.0011815999750979245
834	1e-23	0.0011143000447191298
835	1e-23	0.0011576999677345157
836	1e-23	0.001096599968150258
837	1e-23	0.001310399966314435
838	1e-23	0.0012292999890632927
839	1e-23	0.00116610003169626
840	1e-23	0.0011251000105403364
841	1e-23	0.0014393000165000558
842	1e-23	0.0013618000084534287
843	1e-23	0.0011124000302515924
844	1e-23	0.001410400029271841
845	1e-23	0.0013445999938994646
846	1e-23	0.0014284999924711883
847	1e-23	0.00120749999769032
848	1e-23	0.0011286999797448516
849	1e-23	0.001262200006749481
850	1e-23	0.001302699965890497
851	1e-23	0.0011233999975956976
852	1e-23	0.0011363999801687896
853	1e-23	0.0012581999762915075
854	1e-23	0.001201000006403774
855	1e-23	0.0010919999913312495
856	1e-23	0.0016866999794729054
857	1e-23	0.0015021999715827405
858	1e-23	0.0011934000067412853
859	1e-23	0.001227299973834306
860	1e-23	0.001211299968417734
861	1e-23	0.0013364999904297292
862	1e-23	0.0011765999952331185
863	1e-23	0.001236200041603297
864	1e-23	0.0011428999714553356
865	1e-23	0.0011300999904051423
866	1e-23	0.0011960999690927565
867	1e-23	0.0011656000278890133
868	1e-23	0.0011693999986164272
869	1e-23	0.00120449997484684
870	1e-23	0.001303000026382506
871	1e-23	0.0013038000324741006
872	1e-23	0.0011738999746739864
873	1e-23	0.001609700033441186
874	1e-23	0.0012618000037036836
875	1e-23	0.001392900012433529
876	1e-23	0.0014973999932408333
877	1e-23	0.0014458000077866018
878	1e-23	0.0011755999876186252
879	1e-23	0.001167300040833652
880	1e-23	0.0012042999733239412
881	1e-23	0.0012190000270493329
882	1e-23	0.0013735999818891287
883	1e-23	0.0018770000315271318
884	1e-23	0.0012712000170722604
885	1e-23	0.0014398000203073025
886	1e-23	0.0012463000020943582
887	1e-23	0.0015743999974802136
888	1e-23	0.0012484999606385827
889	1e-23	0.001206599990837276
890	1e-23	0.0012172000133432448
891	1e-23	0.0012057999847456813
892	1e-23	0.0012496999697759748
893	1e-23	0.0014106999733485281
894	1e-23	0.001214000047184527
895	1e-23	0.001139200001489371
896	1e-23	0.0013258999679237604
897	1e-23	0.0012544000055640936
898	1e-23	0.0012701000086963177
899	1e-23	0.0011866000131703913
900	1e-23	0.0012670999858528376
901	1e-23	0.0011555000091902912
902	1e-23	0.0011815999750979245
903	1e-23	0.001247400010470301
904	1e-23	0.0012156000011600554
905	1e-23	0.0012014000094495714
906	1e-23	0.001165800029411912
907	1e-23	0.0011653999681584537
908	1e-23	0.0012869999627582729
909	1e-23	0.0012419999693520367
910	1e-23	0.0013155000051483512
911	1e-23	0.0013360000448301435
912	1e-23	0.0011801000218838453
913	1e-23	0.001151299977209419
914	1e-23	0.0009815000230446458
915	1e-23	0.0014882999821566045
916	1e-23	0.0015329000307247043
917	1e-23	0.001076499989721924
918	1e-23	0.0008453000336885452
919	1e-23	0.0009459999855607748
920	1e-23	0.0013516999897547066
921	1e-23	0.0012889999779872596
922	1e-23	0.0012805000296793878
923	1e-23	0.001434299978427589
924	1e-23	0.0013620000099763274
925	1e-23	0.001218699966557324
926	1e-23	0.0012376999948173761
927	1e-23	0.0012138999882154167
928	1e-23	0.0011947000166401267
929	1e-23	0.0011275000288151205
930	1e-23	0.0011353999725542963
931	1e-23	0.0011156999971717596
932	1e-23	0.0011489000171422958
933	1e-23	0.0013423999771475792
934	1e-23	0.0011890999739989638
935	1e-23	0.0011270000250078738
936	1e-23	0.0017300000181421638
937	1e-23	0.0011595000396482646
938	1e-23	0.00120160001097247
939	1e-23	0.0012897999840788543
940	1e-23	0.0013306000037118793
941	1e-23	0.0012321999529376626
942	1e-23	0.001156599959358573
943	1e-23	0.0012811999768018723
944	1e-23	0.0015324000269174576
945	1e-23	0.0017080999678000808
946	1e-23	0.0014147000038065016
947	1e-23	0.0017717999871820211
948	1e-23	0.00152299995534122
949	1e-23	0.0014667000505141914
950	1e-23	0.002074000018183142
951	1e-23	0.0013697000104002655
952	1e-23	0.0013282999861985445
953	1e-23	0.0014868000289425254
954	1e-23	0.0013346999767236412
955	1e-23	0.0013659000396728516
956	1e-23	0.001554100017528981
957	1e-23	0.0013167000142857432
958	1e-23	0.0014420000370591879
959	1e-23	0.0014493000344373286
960	1e-23	0.0013407999649643898
961	1e-23	0.0013029000256210566
962	1e-23	0.001297999988310039
963	1e-23	0.0013003000058233738
964	1e-23	0.0012522999895736575
965	1e-23	0.0013279999839141965
966	1e-23	0.001386100018862635
967	1e-23	0.0016140000079758465
968	1e-23	0.0013288999907672405
969	1e-23	0.0013410999672487378
970	1e-23	0.0012055999832227826
971	1e-23	0.001636900007724762
972	1e-23	0.001233800023328513
973	1e-23	0.001282599987462163
974	1e-23	0.0012419999693520367
975	1e-23	0.0013044000370427966
976	1e-23	0.0012487000203691423
977	1e-23	0.0012159000034444034
978	1e-23	0.0012640999630093575
979	1e-23	0.0015989000094123185
980	1e-23	0.001128799980506301
981	1e-23	0.001150399970356375
982	1e-23	0.001249200024176389
983	1e-23	0.0012381999986246228
984	1e-23	0.0011727999662980437
985	1e-23	0.001135599974077195
986	1e-23	0.0011740000336430967
987	1e-23	0.0011970000341534615
988	1e-23	0.0011804000241681933
989	1e-23	0.0010683999862521887
990	1e-23	0.001151000033132732
991	1e-23	0.0012490000226534903
992	1e-23	0.0011163000017404556
993	1e-23	0.0012193000293336809
994	1e-23	0.001157499966211617
995	1e-23	0.0014459000085480511
996	1e-23	0.0014274000423029065
997	1e-23	0.0012704000109806657
998	1e-23	0.001098700042348355
999	1e-23	0.0012250999570824206
1000	1e-23	0.001430500007700175
1001	1e-23	0.001283199992030859
1002	1e-23	0.0014988999464549124
1003	1e-23	0.0012604000512510538
1004	1e-23	0.0014655000413767993
1005	1e-23	0.0011860999511554837
1006	1e-23	0.0011975999805144966
1007	1e-23	0.0011267000227235258
1008	1e-23	0.0011891000322066247
1009	1e-23	0.0012861000141128898
1010	1e-23	0.001219899975694716
1011	1e-23	0.0012305999989621341
1012	1e-23	0.001298599992878735
1013	1e-23	0.001208400004543364
1014	1e-23	0.0012067999923601747
1015	1e-23	0.0012289999867789447
1016	1e-23	0.0011897999793291092
1017	1e-23	0.0011829999857582152
1018	1e-23	0.0012113999691791832
1019	1e-23	0.0012285999837331474
1020	1e-23	0.0011416000197641551
1021	1e-23	0.0011217999854125082
1022	1e-23	0.0010539000504650176
1023	1e-23	0.0011391000007279217
1024	1e-23	0.001159899984486401
1025	1e-23	0.0012687000562436879
1026	1e-23	0.0011341999634169042
1027	1e-23	0.001076799992006272
1028	1e-23	0.0010791000095196068
1029	1e-23	0.0011383999953977764
1030	1e-23	0.0011276000295765698
1031	1e-23	0.001042800024151802
1032	1e-23	0.0011473000049591064
1033	1e-23	0.0011987999896518886
1034	1e-23	0.0010806000209413469
1035	1e-23	0.0013088000123389065
1036	1e-23	0.0016211000038310885
1037	1e-23	0.0013356999843381345
1038	1e-23	0.001581299991812557
1039	1e-23	0.0011973999789915979
1040	1e-23	0.0011267000227235258
1041	1e-23	0.001083299983292818
1042	1e-23	0.0011865999549627304
1043	1e-23	0.0011470000026747584
1044	1e-23	0.0011419999646022916
1045	1e-23	0.0011745000374503434
1046	1e-23	0.001142999972216785
1047	1e-23	0.0011447000433690846
1048	1e-23	0.001353300001937896
1049	1e-23	0.0016485999803990126
1050	1e-23	0.001337599998805672
1051	1e-23	0.0011833999888040125
1052	1e-23	0.001221699989400804
1053	1e-23	0.0011362999794073403
1054	1e-23	0.001112900034058839
1055	1e-23	0.001171700016129762
1056	1e-23	0.0011576000251807272
1057	1e-23	0.00120449997484684
1058	1e-23	0.0011728000245057046
1059	1e-23	0.0011432000319473445
1060	1e-23	0.0011065999860875309
1061	1e-23	0.0010945999529212713
1062	1e-23	0.0011730999685823917
1063	1e-23	0.0011240000021643937
1064	1e-23	0.0011454999912530184
1065	1e-23	0.001193299947772175
1066	1e-23	0.0012421999708749354
1067	1e-23	0.0011343000223860145
1068	1e-23	0.0010355000267736614
1069	1e-23	0.0010340000153519213
1070	1e-23	0.001180299965199083
1071	1e-23	0.0011043999693356454
1072	1e-23	0.001178200007416308
1073	1e-23	0.0015402999706566334
1074	1e-23	0.001751899952068925
1075	1e-23	0.0011428999714553356
1076	1e-23	0.0012695000041276217
1077	1e-23	0.0011208999785594642
1078	1e-23	0.0011113999644294381
1079	1e-23	0.0012072999961674213
1080	1e-23	0.0012179999612271786
1081	1e-23	0.0010578000219538808
1082	1e-23	0.0010161999962292612
1083	1e-23	0.0011744999792426825
1084	1e-23	0.0010164999985136092
1085	1e-23	0.0010461999918334186
1086	1e-23	0.001006399979814887
1087	1e-23	0.0012827999889850616
1088	1e-23	0.0015673000016249716
1089	1e-23	0.0015759000089019537
1090	1e-23	0.0012168999528512359
1091	1e-23	0.001242400030605495
1092	1e-23	0.0009879000135697424
1093	1e-23	0.001978199987206608
1094	1e-23	0.0012954999692738056
1095	1e-23	0.0011883999686688185
1096	1e-23	0.0010897000320255756
1097	1e-23	0.0011697000009007752
1098	1e-23	0.0013838000013493001
1099	1e-23	0.0012660999782383442
1100	1e-23	0.001089799974579364
1101	1e-23	0.001201300008688122
1102	1e-23	0.0011885000276379287
1103	1e-23	0.0012475000112317502
1104	1e-23	0.0012385000009089708
1105	1e-23	0.0016296000103466213
1106	1e-23	0.0011819999781437218
1107	1e-23	0.0012066999915987253
1108	1e-23	0.0011882000253535807
1109	1e-23	0.0013715000241063535
1110	1e-23	0.0013274999801069498
1111	1e-23	0.0013225000002421439
1112	1e-23	0.0011668000370264053
1113	1e-23	0.0014285999932326376
1114	1e-23	0.0012920000008307397
1115	1e-23	0.001288199971895665
1116	1e-23	0.0011804999667219818
1117	1e-23	0.0010861000046133995
1118	1e-23	0.0012178000179119408
1119	1e-23	0.0010688999900594354
1120	1e-23	0.0010875000152736902
1121	1e-23	0.0010866000084206462
1122	1e-23	0.0011075000511482358
1123	1e-23	0.0012426000321283937
1124	1e-23	0.0010489000123925507
1125	1e-23	0.0011905999854207039
1126	1e-23	0.0011794000165537
1127	1e-23	0.001205699983984232
1128	1e-23	0.0011713000130839646
1129	1e-23	0.001130299991928041
1130	1e-23	0.0010958000202663243
1131	1e-23	0.0010495000169612467
1132	1e-23	0.0010178000084124506
1133	1e-23	0.0010085999965667725
1134	1e-23	0.0009734999621286988
1135	1e-23	0.001014699984807521
1136	1e-23	0.0010840000468306243
1137	1e-23	0.0014018999645486474
1138	1e-23	0.0012716000201180577
1139	1e-23	0.001165199966635555
1140	1e-23	0.001153699995484203
1141	1e-23	0.0010927999974228442
1142	1e-23	0.0010386999929323792
1143	1e-23	0.0010775999980978668
1144	1e-23	0.0012141999904997647
1145	1e-23	0.001118200016207993
1146	1e-23	0.00107849994674325
1147	1e-23	0.001101600006222725
1148	1e-23	0.0011827999842353165
1149	1e-23	0.0011429000296629965
1150	1e-23	0.001192099996842444
1151	1e-23	0.0011284000356681645
1152	1e-23	0.0011399000068195164
1153	1e-23	0.0011637000134214759
1154	1e-23	0.0011335999588482082
1155	1e-23	0.00120749999769032
1156	1e-23	0.0011573000228963792
1157	1e-23	0.0011035000206902623
1158	1e-23	0.0011704000062309206
1159	1e-23	0.0010819999733939767
1160	1e-23	0.0010951999574899673
1161	1e-23	0.0011359999771229923
1162	1e-23	0.0011421999661251903
1163	1e-23	0.0014047999866306782
1164	1e-23	0.0012269000289961696
1165	1e-23	0.0012425999739207327
1166	1e-23	0.0011679999879561365
1167	1e-23	0.0012066999915987253
1168	1e-23	0.0011665000347420573
1169	1e-23	0.001165200024843216
1170	1e-23	0.0010952000156976283
1171	1e-23	0.0010982999810948968
1172	1e-23	0.0011408999562263489
1173	1e-23	0.0011075999937020242
1174	1e-23	0.001054599997587502
1175	1e-23	0.0011340000201016665
1176	1e-23	0.0011325000086799264
1177	1e-23	0.0012167999520897865
1178	1e-23	0.0012086000060662627
1179	1e-23	0.0011391000007279217
1180	1e-23	0.0011155999964103103
1181	1e-23	0.0011900999816134572
1182	1e-23	0.001138899999205023
1183	1e-23	0.0010667000315152109
1184	1e-23	0.0011577000259421766
1185	1e-23	0.0013852000120095909
1186	1e-23	0.0015330000314861536
1187	1e-23	0.0016051999991759658
1188	1e-23	0.001601999974809587
1189	1e-23	0.0017260999884456396
1190	1e-23	0.0014592999941669405
1191	1e-23	0.0013394999550655484
1192	1e-23	0.0011787000112235546
1193	1e-23	0.00120160001097247
1194	1e-23	0.0012446999899111688
1195	1e-23	0.00121489999582991
1196	1e-23	0.0011603999882936478
1197	1e-23	0.001227899978403002
1198	1e-23	0.0011869000154547393
1199	1e-23	0.0013368999934755266
1200	1e-23	0.0017497999942861497
1201	1e-23	0.001275499991606921
1202	1e-23	0.0013220999971963465
1203	1e-23	0.0012706000125035644
1204	1e-23	0.0012560999603010714
1205	1e-23	0.0012038000277243555
1206	1e-23	0.001303599972743541
1207	1e-23	0.0012179000186733902
1208	1e-23	0.0011264000204391778
1209	1e-23	0.001188000023830682
1210	1e-23	0.0011944000143557787
1211	1e-23	0.001112600031774491
1212	1e-23	0.001285900012589991
1213	1e-23	0.001271700020879507
1214	1e-23	0.0011548000038601458
1215	1e-23	0.0011236999998800457
1216	1e-23	0.0011790000135079026
1217	1e-23	0.0011295999865978956
1218	1e-23	0.0010981999803334475
1219	1e-23	0.0010748000349849463
1220	1e-23	0.0011610999936237931
1221	1e-23	0.0011641000164672732
1222	1e-23	0.0011860999511554837
1223	1e-23	0.0012386000016704202
1224	1e-23	0.0011895999778062105
1225	1e-23	0.001257500029169023
1226	1e-23	0.0018748000147752464
1227	1e-23	0.0013549000141210854
1228	1e-23	0.001214299991261214
1229	1e-23	0.0012254000175744295
1230	1e-23	0.0013845000066794455
1231	1e-23	0.0012772000045515597
1232	1e-23	0.0014760999474674463
1233	1e-23	0.0012591999839060009
1234	1e-23	0.0011517999810166657
1235	1e-23	0.001118200016207993
1236	1e-23	0.0011153999948874116
1237	1e-23	0.001147200004197657
1238	1e-23	0.0010405999491922557
1239	1e-23	0.0011073999921791255
1240	1e-23	0.0010981999803334475
1241	1e-23	0.0011450000456534326
1242	1e-23	0.00122519995784387
1243	1e-23	0.0011858000070787966
1244	1e-23	0.0010992000461556017
1245	1e-23	0.0011207999777980149
1246	1e-23	0.001102800015360117
1247	1e-23	0.001171700016129762
1248	1e-23	0.0011210999800823629
1249	1e-23	0.0010924999951384962
1250	1e-23	0.0013139999937266111
1251	1e-23	0.0012397000100463629
1252	1e-23	0.0011970999767072499
1253	1e-23	0.0012047000345773995
1254	1e-23	0.0012775000068359077
1255	1e-23	0.0011757999891415238
1256	1e-23	0.0011639000149443746
1257	1e-23	0.0011246000067330897
1258	1e-23	0.0012378999963402748
1259	1e-23	0.0011361000360921025
1260	1e-23	0.0011875000200234354
1261	1e-23	0.0011206999770365655
1262	1e-23	0.0011044999700970948
1263	1e-23	0.0012562000192701817
1264	1e-23	0.0012199000339023769
1265	1e-23	0.0010824999772012234
1266	1e-23	0.0010088999988511205
1267	1e-23	0.001275199989322573
1268	1e-23	0.0011506000300869346
1269	1e-23	0.0010559000074863434
1270	1e-23	0.001107799995224923
1271	1e-23	0.001095099956728518
1272	1e-23	0.001118200016207993
1273	1e-23	0.001150999974925071
1274	1e-23	0.0011573999654501677
1275	1e-23	0.0011774000013247132
1276	1e-23	0.0012424999731592834
1277	1e-23	0.0013027000240981579
1278	1e-23	0.0011932000052183867
1279	1e-23	0.0010417999583296478
1280	1e-23	0.001039499999023974
1281	1e-23	0.0011035000206902623
1282	1e-23	0.0010550000006332994
1283	1e-23	0.0010443999781273305
1284	1e-23	0.0010979999788105488
1285	1e-23	0.0011549000046215951
1286	1e-23	0.0010474000009708107
1287	1e-23	0.001025600009597838
1288	1e-23	0.001031499996315688
1289	1e-23	0.0013642999692820013
1290	1e-23	0.0011816000333055854
1291	1e-23	0.00105339998845011
1292	1e-23	0.0011265999637544155
1293	1e-23	0.0011328000109642744
1294	1e-23	0.0011058999807573855
1295	1e-23	0.0012179000186733902
1296	1e-23	0.001181800034828484
1297	1e-23	0.0012110000243410468
1298	1e-23	0.0011217000428587198
1299	1e-23	0.0011937999515794218
1300	1e-23	0.0010875000152736902
1301	1e-23	0.0011446999851614237
1302	1e-23	0.0016414000419899821
1303	1e-23	0.0012919000000692904
1304	1e-23	0.0010790000087581575
1305	1e-23	0.0012244000099599361
1306	1e-23	0.0015519000007770956
1307	1e-23	0.0012595999869517982
1308	1e-23	0.001508000015746802
1309	1e-23	0.0012015000102110207
1310	1e-23	0.0010994999902322888
1311	1e-23	0.0011529999901540577
1312	1e-23	0.0011057999799959362
1313	1e-23	0.0010323000024072826
1314	1e-23	0.0012100000167265534
1315	1e-23	0.0011918999953195453
1316	1e-23	0.0010940000065602362
1317	1e-23	0.001125900016631931
1318	1e-23	0.0011001999955624342
1319	1e-23	0.001063500007148832
1320	1e-23	0.0010651000193320215
1321	1e-23	0.001012300024740398
1322	1e-23	0.0010546999983489513
1323	1e-23	0.0010844999924302101
1324	1e-23	0.0010887999669648707
1325	1e-23	0.0009914999827742577
1326	1e-23	0.0013013000134378672
1327	1e-23	0.0017107999883592129
1328	1e-23	0.0013358000433072448
1329	1e-23	0.001576300011947751
1330	1e-23	0.0011211000382900238
1331	1e-23	0.0010276000248268247
1332	1e-23	0.0012197999749332666
1333	1e-23	0.001319599978160113
1334	1e-23	0.0011700000031851232
1335	1e-23	0.0010700999991968274
1336	1e-23	0.0011351000284776092
1337	1e-23	0.0010590999736450613
1338	1e-23	0.0010108000133186579
1339	1e-23	0.0011759999906644225
1340	1e-23	0.0012962999753654003
1341	1e-23	0.0013245000154711306
1342	1e-23	0.001271400018595159
1343	1e-23	0.0011955000227317214
1344	1e-23	0.0011414000182412565
1345	1e-23	0.001151599979493767
1346	1e-23	0.001178199949208647
1347	1e-23	0.0011300000478513539
1348	1e-23	0.0011263999622315168
1349	1e-23	0.001179399958346039
1350	1e-23	0.001167000038549304
1351	1e-23	0.001128799980506301
1352	1e-23	0.0011332999565638602
1353	1e-23	0.0016322999726980925
1354	1e-23	0.001102200010791421
1355	1e-23	0.001080299960449338
1356	1e-23	0.0010777999996207654
1357	1e-23	0.001070900005288422
1358	1e-23	0.0010810000239871442
1359	1e-23	0.0010862000053748488
1360	1e-23	0.0011581999715417624
1361	1e-23	0.0012394000077620149
1362	1e-23	0.0011236999998800457
1363	1e-23	0.001177300000563264
1364	1e-23	0.001191499992273748
1365	1e-23	0.001120000029914081
1366	1e-23	0.0012054999824613333
1367	1e-23	0.0012037999695166945
1368	1e-23	0.0011475000064820051
1369	1e-23	0.0011332999565638602
1370	1e-23	0.0012875000247731805
1371	1e-23	0.001159599982202053
1372	1e-23	0.0010978999780490994
1373	1e-23	0.0011054000351577997
1374	1e-23	0.001101000001654029
1375	1e-23	0.0011621000012382865
1376	1e-23	0.0010920999920926988
1377	1e-23	0.001138299994636327
1378	1e-23	0.0010751999798230827
1379	1e-23	0.0012953000259585679
1380	1e-23	0.0010845999931916595
1381	1e-23	0.0011273000272922218
1382	1e-23	0.0011838999926112592
1383	1e-23	0.0011255000135861337
1384	1e-23	0.0010643999557942152
1385	1e-23	0.0011119999689981341
1386	1e-23	0.0010457999887876213
1387	1e-23	0.0013978999922983348
1388	1e-23	0.0013753999955952168
1389	1e-23	0.0015263999812304974
1390	1e-23	0.0013984000543132424
1391	1e-23	0.0018723999965004623
1392	1e-23	0.0011998999980278313
1393	1e-23	0.0011867000139318407
1394	1e-23	0.001206899993121624
1395	1e-23	0.0012262999662198126
1396	1e-23	0.0011857000063173473
1397	1e-23	0.0013315000105649233
1398	1e-23	0.0013364999904297292
1399	1e-23	0.0014177999692037702
1400	1e-23	0.0016110999858938158
1401	1e-23	0.001272000023163855
1402	1e-23	0.0012719000224024057
1403	1e-23	0.001182100037112832
1404	1e-23	0.0015390999615192413
1405	1e-23	0.001227299973834306
1406	1e-23	0.0012229999992996454
1407	1e-23	0.0011333999573253095
1408	1e-23	0.0012442999868653715
1409	1e-23	0.0011380999931134284
1410	1e-23	0.0010789000079967082
1411	1e-23	0.0014713000273332
1412	1e-23	0.001248599961400032
1413	1e-23	0.0014861999661661685
1414	1e-23	0.001954499981366098
1415	1e-23	0.001974000013433397
1416	1e-23	0.0011650000233203173
1417	1e-23	0.0011537999962456524
1418	1e-23	0.0011907999869436026
1419	1e-23	0.001208100002259016
1420	1e-23	0.0011980000417679548
1421	1e-23	0.001213699986692518
1422	1e-23	0.001149799965787679
1423	1e-23	0.0010429000249132514
1424	1e-23	0.0013583999825641513
1425	1e-23	0.0013990000006742775
1426	1e-23	0.0012268000282347202
1427	1e-23	0.0012459999998100102
1428	1e-23	0.0011702000047080219
1429	1e-23	0.0013691000058315694
1430	1e-23	0.0012937000137753785
1431	1e-23	0.001171399955637753
1432	1e-23	0.0011969999759458005
1433	1e-23	0.0011943000135943294
1434	1e-23	0.0011965999729000032
1435	1e-23	0.0011192000238224864
1436	1e-23	0.001179999962914735
1437	1e-23	0.0010928999981842935
1438	1e-23	0.0013624000130221248
1439	1e-23	0.001293000008445233
1440	1e-23	0.001160199986770749
1441	1e-23	0.001240900019183755
1442	1e-23	0.0012123999767936766
1443	1e-23	0.0012253999593667686
1444	1e-23	0.0011984000448137522
1445	1e-23	0.0012108999653719366
1446	1e-23	0.0012659999774768949
1447	1e-23	0.001194800017401576
1448	1e-23	0.001162199943792075
1449	1e-23	0.001150999974925071
1450	1e-23	0.0012449999921955168
1451	1e-23	0.0011716000153683126
1452	1e-23	0.0010651000193320215
1453	1e-23	0.0011136000393889844
1454	1e-23	0.0011678999871946871
1455	1e-23	0.0011030000168830156
1456	1e-23	0.0010852999985218048
1457	1e-23	0.001083299983292818
1458	1e-23	0.0012123999767936766
1459	1e-23	0.0012005000025965273
1460	1e-23	0.0012428999762050807
1461	1e-23	0.0011730000260286033
1462	1e-23	0.001241200021468103
1463	1e-23	0.0015077999560162425
1464	1e-23	0.0011221000459045172
1465	1e-23	0.001171400013845414
1466	1e-23	0.0012806000304408371
1467	1e-23	0.0011709000100381672
1468	1e-23	0.0011517999810166657
1469	1e-23	0.0011840000515803695
1470	1e-23	0.0010963999666273594
1471	1e-23	0.0011523999855853617
1472	1e-23	0.0010997999925166368
1473	1e-23	0.0010351999662816525
1474	1e-23	0.0010691999923437834
1475	1e-23	0.001132100005634129
1476	1e-23	0.0012758999946527183
1477	1e-23	0.0011400000075809658
1478	1e-23	0.0011456000502221286
1479	1e-23	0.001110500015784055
1480	1e-23	0.0010790000087581575
1481	1e-23	0.0010704999440349638
1482	1e-23	0.001104000024497509
1483	1e-23	0.0011070999898947775
1484	1e-23	0.0010834000422619283
1485	1e-23	0.0010664000292308629
1486	1e-23	0.0011139999842271209
1487	1e-23	0.0010547999991104007
1488	1e-23	0.0010664000292308629
1489	1e-23	0.0012658999767154455
1490	1e-23	0.001109300006646663
1491	1e-23	0.0010925999958999455
1492	1e-23	0.0010399000020697713
1493	1e-23	0.0010582000249996781
1494	1e-23	0.0011559000122360885
1495	1e-23	0.0011169000063091516
1496	1e-23	0.001041599956806749
1497	1e-23	0.0012445999891497195
1498	1e-23	0.0011110000195913017
1499	1e-23	0.0010469999979250133
1500	1e-23	0.0010213000350631773
1501	1e-23	0.001069999998435378
1502	1e-23	0.0010497000184841454
1503	1e-23	0.0012298999936319888
1504	1e-23	0.0012014000094495714
1505	1e-23	0.0011875000200234354
1506	1e-23	0.0010698999976739287
1507	1e-23	0.001101600006222725
1508	1e-23	0.00117200001841411
1509	1e-23	0.0010759999859146774
1510	1e-23	0.0010905999806709588
1511	1e-23	0.0011427999706938863
1512	1e-23	0.0012104000197723508
1513	1e-23	0.0011505000293254852
1514	1e-23	0.0012106000212952495
1515	1e-23	0.0012478000135160983
1516	1e-23	0.0013256000238470733
1517	1e-23	0.0013933999580331147
1518	1e-23	0.0011745999800041318
1519	1e-23	0.001561800017952919
1520	1e-23	0.0016690000193193555
1521	1e-23	0.001331100007519126
1522	1e-23	0.0011532000498846173
1523	1e-23	0.0010572000173851848
1524	1e-23	0.001278200012166053
1525	1e-23	0.001012600027024746
1526	1e-23	0.0009279000223614275
1527	1e-23	0.0009809000184759498
1528	1e-23	0.0010518000344745815
1529	1e-23	0.0012261000229045749
1530	1e-23	0.0010282000293955207
1531	1e-23	0.0012379999971017241
1532	1e-23	0.0011798000195994973
1533	1e-23	0.0012593999854288995
1534	1e-23	0.0011504999711178243
1535	1e-23	0.0010624999995343387
1536	1e-23	0.0010074999881908298
1537	1e-23	0.0010905000381171703
1538	1e-23	0.000984199985396117
1539	1e-23	0.0010323000024072826
1540	1e-23	0.0009720000089146197
1541	1e-23	0.0010947000118903816
1542	1e-23	0.001669399964157492
1543	1e-23	0.0012106000212952495
1544	1e-23	0.0011425000266171992
1545	1e-23	0.0011541999992914498
1546	1e-23	0.0011130999773740768
1547	1e-23	0.001040400005877018
1548	1e-23	0.0010368000366725028
1549	1e-23	0.0010494000161997974
1550	1e-23	0.0012651000288315117
1551	1e-23	0.0011926000006496906
1552	1e-23	0.0010871000122278929
1553	1e-23	0.0011479000095278025
1554	1e-23	0.0010457999887876213
1555	1e-23	0.0014872999745421112
1556	1e-23	0.0016503999941051006
1557	1e-23	0.0011962000280618668
1558	1e-23	0.001145399990491569
1559	1e-23	0.0011279000318609178
1560	1e-23	0.001153699995484203
1561	1e-23	0.001102500013075769
1562	1e-23	0.0010661000269465148
1563	1e-23	0.0011537999962456524
1564	1e-23	0.0010798000148497522
1565	1e-23	0.0013558999635279179
1566	1e-23	0.0015120000462047756
1567	1e-23	0.0010380999883636832
1568	1e-23	0.0015784999704919755
1569	1e-23	0.0010721999569796026
1570	1e-23	0.0010847999947145581
1571	1e-23	0.0010302999871782959
1572	1e-23	0.001058399968314916
1573	1e-23	0.0011045999708585441
1574	1e-23	0.0010179999517276883
1575	1e-23	0.0011615999974310398
1576	1e-23	0.0013490000274032354
1577	1e-23	0.0012291999883018434
1578	1e-23	0.0010621999972499907
1579	1e-23	0.0010644000140018761
1580	1e-23	0.001287299965042621
1581	1e-23	0.0012817999813705683
1582	1e-23	0.0012160000042058527
1583	1e-23	0.0011926000006496906
1584	1e-23	0.0011721000191755593
1585	1e-23	0.001166399975772947
1586	1e-23	0.001125900016631931
1587	1e-23	0.001193300005979836
1588	1e-23	0.0011121000279672444
1589	1e-23	0.001125900016631931
1590	1e-23	0.0012208999833092093
1591	1e-23	0.0011977999820373952
1592	1e-23	0.00122969999210909
1593	1e-23	0.001402400026563555
1594	1e-23	0.001414199999999255
1595	1e-23	0.0017185999895446002
1596	1e-23	0.001236499985679984
1597	1e-23	0.0013015000149607658
1598	1e-23	0.0014597999979741871
1599	1e-23	0.0013555000186897814
1600	1e-23	0.00138079997850582
1601	1e-23	0.0012857000110670924
1602	1e-23	0.0012759999954141676
1603	1e-23	0.0012171000125817955
1604	1e-23	0.0013981999945826828
1605	1e-23	0.001213400042615831
1606	1e-23	0.0010828999802470207
1607	1e-23	0.0011330999550409615
1608	1e-23	0.001074699976015836
1609	1e-23	0.001228800043463707
1610	1e-23	0.0010135999764315784
1611	1e-23	0.0009228999842889607
1612	1e-23	0.0009119000169448555
1613	1e-23	0.0011314000003039837
1614	1e-23	0.0009575000149197876
1615	1e-23	0.0009269999573007226
1616	1e-23	0.0008744000224396586
1617	1e-23	0.0016964999958872795
1618	1e-23	0.001327900041360408
1619	1e-23	0.001194800017401576
1620	1e-23	0.0011947000166401267
1621	1e-23	0.0013626000145450234
1622	1e-23	0.0011950999614782631
1623	1e-23	0.0012756000505760312
1624	1e-23	0.0012351999757811427
1625	1e-23	0.0011372999870218337
1626	1e-23	0.0011903999838978052
1627	1e-23	0.001202200015541166
1628	1e-23	0.0010813999688252807
1629	1e-23	0.0010535000474192202
1630	1e-23	0.0013840000028721988
1631	1e-23	0.0012747000437229872
1632	1e-23	0.001248000015038997
1633	1e-23	0.001235000032465905
1634	1e-23	0.0010976999765262008
1635	1e-23	0.0011205000337213278
1636	1e-23	0.0010804999619722366
1637	1e-23	0.0011638999567367136
1638	1e-23	0.0010923999943770468
1639	1e-23	0.0010814000270329416
1640	1e-23	0.0011969000333920121
1641	1e-23	0.0011085000005550683
1642	1e-23	0.001054599997587502
1643	1e-23	0.001116700004786253
1644	1e-23	0.00125629996182397
1645	1e-23	0.0013634999631904066
1646	1e-23	0.0012263000244274735
1647	1e-23	0.001571000029798597
1648	1e-23	0.0011298999888822436
1649	1e-23	0.001126500021200627
1650	1e-23	0.0012615000014193356
1651	1e-23	0.0011825000401586294
1652	1e-23	0.0011356999748386443
1653	1e-23	0.001080599962733686
1654	1e-23	0.0011359000345692039
1655	1e-23	0.001196000026538968
1656	1e-23	0.0012605999945662916
1657	1e-23	0.001121999986935407
1658	1e-23	0.001229099987540394
1659	1e-23	0.0013307000044733286
1660	1e-23	0.0017728999955579638
1661	1e-23	0.001402399968355894
1662	1e-23	0.001261600002180785
1663	1e-23	0.0018345999997109175
1664	1e-23	0.0012926000053994358
1665	1e-23	0.0016147000133059919
1666	1e-23	0.002060699975118041
1667	1e-23	0.0013384000048972666
1668	1e-23	0.0011924999998882413
1669	1e-23	0.0013915999443270266
1670	1e-23	0.0014723999775014818
1671	1e-23	0.0012170000118203461
1672	1e-23	0.0013010000111535192
1673	1e-23	0.0012854000087827444
1674	1e-23	0.0012605999945662916
1675	1e-23	0.001126500021200627
1676	1e-23	0.0010794000118039548
1677	1e-23	0.0010751999798230827
1678	1e-23	0.0012787000159732997
1679	1e-23	0.0012250999570824206
1680	1e-23	0.0011769999982789159
1681	1e-23	0.0012012000079266727
1682	1e-23	0.001220500038471073
1683	1e-23	0.0012384000001475215
1684	1e-23	0.0011418999638408422
1685	1e-23	0.0011303999926894903
1686	1e-23	0.001179100014269352
1687	1e-23	0.0011671000393107533
1688	1e-23	0.0011468000011518598
1689	1e-23	0.00108889996772632
1690	1e-23	0.0012900999863632023
1691	1e-23	0.0012792000197805464
1692	1e-23	0.0011539999977685511
1693	1e-23	0.0011337999603711069
1694	1e-23	0.0011634999536909163
1695	1e-23	0.0011177999549545348
1696	1e-23	0.0011163000017404556
1697	1e-23	0.0011369999847374856
1698	1e-23	0.001083299983292818
1699	1e-23	0.0011484000133350492
1700	1e-23	0.0011475000064820051
1701	1e-23	0.0010996999917551875
1702	1e-23	0.0012049999786540866
1703	1e-23	0.0011262999614700675
1704	1e-23	0.0012641000212170184
1705	1e-23	0.001180600025691092
1706	1e-23	0.0011277000303380191
1707	1e-23	0.0010813000262714922
1708	1e-23	0.0010529999854043126
1709	1e-23	0.0011476999497972429
1710	1e-23	0.0012034999672323465
1711	1e-23	0.0011453000479377806
1712	1e-23	0.001202500017825514
1713	1e-23	0.00120009999955073
1714	1e-23	0.001113200036343187
1715	1e-23	0.0010774999973364174
1716	1e-23	0.0011200999724678695
1717	1e-23	0.001312199980020523
1718	1e-23	0.0012801000266335905
1719	1e-23	0.0011861000093631446
1720	1e-23	0.0011538999970071018
1721	1e-23	0.001125300012063235
1722	1e-23	0.0010448999819345772
1723	1e-23	0.00105339998845011
1724	1e-23	0.0011546000023372471
1725	1e-23	0.0010565000120550394
1726	1e-23	0.001005500031169504
1727	1e-23	0.0011640999582596123
1728	1e-23	0.0011873000185005367
1729	1e-23	0.0011214999831281602
1730	1e-23	0.0014153000083751976
1731	1e-23	0.0012491000234149396
1732	1e-23	0.0012960000312887132
1733	1e-23	0.0011937000090256333
1734	1e-23	0.001229999994393438
1735	1e-23	0.0010383999906480312
1736	1e-23	0.001004900026600808
1737	1e-23	0.001344999996945262
1738	1e-23	0.0012838999973610044
1739	1e-23	0.0011907999869436026
1740	1e-23	0.0010891000274568796
1741	1e-23	0.0011650999658741057
1742	1e-23	0.0012580000329762697
1743	1e-23	0.0013020000187680125
1744	1e-23	0.0011921999976038933
1745	1e-23	0.0012325000134296715
1746	1e-23	0.0011428000289015472
1747	1e-23	0.0011495999642647803
1748	1e-23	0.0011248000082559884
1749	1e-23	0.0011408000136725605
1750	1e-23	0.0012168000102974474
1751	1e-23	0.0011559000122360885
1752	1e-23	0.0011102999560534954
1753	1e-23	0.001132100005634129
1754	1e-23	0.0011015000054612756
1755	1e-23	0.0013682999997399747
1756	1e-23	0.0012166000087745488
1757	1e-23	0.0011587999761104584
1758	1e-23	0.0011582000297494233
1759	1e-23	0.0012168999528512359
1760	1e-23	0.001159000035841018
1761	1e-23	0.0011671999818645418
1762	1e-23	0.0011258999584242702
1763	1e-23	0.0011019999510608613
1764	1e-23	0.0011565000168047845
1765	1e-23	0.0012434000382199883
1766	1e-23	0.001237400050740689
1767	1e-23	0.0011651000240817666
1768	1e-23	0.0016024000360630453
1769	1e-23	0.0011879000230692327
1770	1e-23	0.0017451000167056918
1771	1e-23	0.0011609999928623438
1772	1e-23	0.001055200002156198
1773	1e-23	0.0011762999929487705
1774	1e-23	0.0011242000036872923
1775	1e-23	0.0010355999693274498
1776	1e-23	0.0010452999849803746
1777	1e-23	0.0011448999866843224
1778	1e-23	0.0011289999820291996
1779	1e-23	0.0010912999860011041
1780	1e-23	0.001053999993018806
1781	1e-23	0.0013861999614164233
1782	1e-23	0.0010876000160351396
1783	1e-23	0.0012396000092849135
1784	1e-23	0.0013467000098899007
1785	1e-23	0.0009778999956324697
1786	1e-23	0.001007300044875592
1787	1e-23	0.0009383999858982861
1788	1e-23	0.001090099976863712
1789	1e-23	0.0010572000173851848
1790	1e-23	0.0009607000392861664
1791	1e-23	0.0009379999828524888
1792	1e-23	0.0010156999924220145
1793	1e-23	0.0011358000338077545
1794	1e-23	0.0011984999873675406
1795	1e-23	0.0012417000252753496
1796	1e-23	0.0011535999947227538
1797	1e-23	0.0011434000334702432
1798	1e-23	0.0012191999703645706
1799	1e-23	0.0013387000071816146
1800	1e-23	0.001145999995060265
1801	1e-23	0.0011612999951466918
1802	1e-23	0.0011918999953195453
1803	1e-23	0.0011623000027611852
1804	1e-23	0.0011449999874457717
1805	1e-23	0.0011402999516576529
1806	1e-23	0.001194500015117228
1807	1e-23	0.0015555999707430601
1808	1e-23	0.0012186000240035355
1809	1e-23	0.0010785000049509108
1810	1e-23	0.0012024999596178532
1811	1e-23	0.0011724000214599073
1812	1e-23	0.0010789000079967082
1813	1e-23	0.0010774999973364174
1814	1e-23	0.0011053999769501388
1815	1e-23	0.0010579999652691185
1816	1e-23	0.0011543000000528991
1817	1e-23	0.0010543999960646033
1818	1e-23	0.001052199979312718
1819	1e-23	0.0012017999542877078
1820	1e-23	0.001563600031659007
1821	1e-23	0.0011992999934591353
1822	1e-23	0.0011795000173151493
1823	1e-23	0.0011750999838113785
1824	1e-23	0.0015939000295475125
1825	1e-23	0.0011276999721303582
1826	1e-23	0.001165799971204251
1827	1e-23	0.001186500012408942
1828	1e-23	0.0011689999955706298
1829	1e-23	0.0011425999691709876
1830	1e-23	0.0010726000182330608
1831	1e-23	0.00121929997112602
1832	1e-23	0.0012895999825559556
1833	1e-23	0.0012531999964267015
1834	1e-23	0.0012048999778926373
1835	1e-23	0.0011916000512428582
1836	1e-23	0.0011913999915122986
1837	1e-23	0.0011560999555513263
1838	1e-23	0.0012166999513283372
1839	1e-23	0.001241800026036799
1840	1e-23	0.0012443999876268208
1841	1e-23	0.0011810999712906778
1842	1e-23	0.0014921000110916793
1843	1e-23	0.0015325999702326953
1844	1e-23	0.001242399972397834
1845	1e-23	0.0011719000176526606
1846	1e-23	0.0011911999899894
1847	1e-23	0.0014102999703027308
1848	1e-23	0.001178500009700656
1849	1e-23	0.0012049999786540866
1850	1e-23	0.0012912999955005944
1851	1e-23	0.0012011000071652234
1852	1e-23	0.001181500032544136
1853	1e-23	0.0011458999942988157
1854	1e-23	0.001125900016631931
1855	1e-23	0.0011495000217109919
1856	1e-23	0.0012097999569959939
1857	1e-23	0.0011869000154547393
1858	1e-23	0.0011767999967560172
1859	1e-23	0.0012361000408418477
1860	1e-23	0.0011206999770365655
1861	1e-23	0.001096000021789223
1862	1e-23	0.001084199990145862
1863	1e-23	0.0011295999865978956
1864	1e-23	0.0010833999840542674
1865	1e-23	0.0010117999627254903
1866	1e-23	0.0010805000201798975
1867	1e-23	0.0010668999748304486
1868	1e-23	0.0010152999893762171
1869	1e-23	0.0010532999876886606
1870	1e-23	0.0010664999717846513
1871	1e-23	0.0011281000333838165
1872	1e-23	0.0012962000328116119
1873	1e-23	0.0011338000185787678
1874	1e-23	0.0011637999559752643
1875	1e-23	0.0012201000354252756
1876	1e-23	0.0011109000188298523
1877	1e-23	0.0012486999621614814
1878	1e-23	0.001177600002847612
1879	1e-23	0.0011088000028394163
1880	1e-23	0.0012960000312887132
1881	1e-23	0.0012599999899975955
1882	1e-23	0.001179099956061691
1883	1e-23	0.0013291999930515885
1884	1e-23	0.0015750000020489097
1885	1e-23	0.0013421999756246805
1886	1e-23	0.001166399975772947
1887	1e-23	0.0012651999713853002
1888	1e-23	0.0012089000083506107
1889	1e-23	0.0010337000130675733
1890	1e-23	0.0011615000548772514
1891	1e-23	0.0011210000375285745
1892	1e-23	0.0011047999723814428
1893	1e-23	0.0012335999635979533
1894	1e-23	0.0012027000193484128
1895	1e-23	0.0012781000114046037
1896	1e-23	0.0014232000103220344
1897	1e-23	0.0012373999925330281
1898	1e-23	0.0011904999846592546
1899	1e-23	0.0011998999980278313
1900	1e-23	0.001187400019261986
1901	1e-23	0.00131870002951473
1902	1e-23	0.0012414000229910016
1903	1e-23	0.001658199995290488
1904	1e-23	0.0012830999912694097
1905	1e-23	0.0011971999774686992
1906	1e-23	0.001283199992030859
1907	1e-23	0.0013583999825641513
1908	1e-23	0.0013894999865442514
1909	1e-23	0.001432000019121915
1910	1e-23	0.0014730999828316271
1911	1e-23	0.0011475000064820051
1912	1e-23	0.0016212000045925379
1913	1e-23	0.0012889999779872596
1914	1e-23	0.0012144999927841127
1915	1e-23	0.0013565999688580632
1916	1e-23	0.0012561000185087323
1917	1e-23	0.0012336000218056142
1918	1e-23	0.00133790000109002
1919	1e-23	0.0017095000366680324
1920	1e-23	0.001242700032889843
1921	1e-23	0.001323999953456223
1922	1e-23	0.0012753999908454716
1923	1e-23	0.0012496999697759748
1924	1e-23	0.00120900000911206
1925	1e-23	0.0015051999944262207
1926	1e-23	0.0013492999714799225
1927	1e-23	0.001272000023163855
1928	1e-23	0.001282299985177815
1929	1e-23	0.0015024999738670886
1930	1e-23	0.0013615000061690807
1931	1e-23	0.001276399998459965
1932	1e-23	0.0012360999826341867
1933	1e-23	0.0012419999693520367
1934	1e-23	0.0012233000015839934
1935	1e-23	0.0011674000415951014
1936	1e-23	0.0012468000059016049
1937	1e-23	0.0011617999989539385
1938	1e-23	0.0010853999992832541
1939	1e-23	0.0014665999915450811
1940	1e-23	0.001534900045953691
1941	1e-23	0.0011748999822884798
1942	1e-23	0.001248000015038997
1943	1e-23	0.0012041000300087035
1944	1e-23	0.0011730999685823917
1945	1e-23	0.0011369999847374856
1946	1e-23	0.0011790000135079026
1947	1e-23	0.0011844999971799552
1948	1e-23	0.0013062000507488847
1949	1e-23	0.0012856999528594315
1950	1e-23	0.0013778999564237893
1951	1e-23	0.001272300025448203
1952	1e-23	0.0011993999942205846
1953	1e-23	0.0012408000184223056
1954	1e-23	0.0012969000381417572
1955	1e-23	0.0012192000285722315
1956	1e-23	0.00120009999955073
1957	1e-23	0.0012076999992132187
1958	1e-23	0.001164900022558868
1959	1e-23	0.001164900022558868
1960	1e-23	0.0012069999938830733
1961	1e-23	0.001144199981354177
1962	1e-23	0.0011372000444680452
1963	1e-23	0.001158699975349009
1964	1e-23	0.0011447000433690846
1965	1e-23	0.001167299982625991
1966	1e-23	0.001769700029399246
1967	1e-23	0.0012302999966777861
1968	1e-23	0.0011852000025101006
1969	1e-23	0.0012219000491313636
1970	1e-23	0.00121189997298643
1971	1e-23	0.0011832000454887748
1972	1e-23	0.0013850000104866922
1973	1e-23	0.001422800007276237
1974	1e-23	0.0011770999990403652
1975	1e-23	0.0014669999945908785
1976	1e-23	0.001271700020879507
1977	1e-23	0.001270800014026463
1978	1e-23	0.001309499959461391
1979	1e-23	0.001263099955394864
1980	1e-23	0.0012484000180847943
1981	1e-23	0.0011699000024236739
1982	1e-23	0.0011165999458171427
1983	1e-23	0.0011074999929405749
1984	1e-23	0.0011631000088527799
1985	1e-23	0.0010996999917551875
1986	1e-23	0.0010973000316880643
1987	1e-23	0.0014805999817326665
1988	1e-23	0.00132760003907606
1989	1e-23	0.0011967999744229019
1990	1e-23	0.00140889995964244
1991	1e-23	0.0014282999909482896
1992	1e-23	0.0014150000060908496
1993	1e-23	0.0012894999817945063
1994	1e-23	0.0013009000103920698
1995	1e-23	0.0011501999688334763
1996	1e-23	0.0012866000179201365
1997	1e-23	0.001193900010548532
1998	1e-23	0.0012366000446490943
1999	1e-23	0.001282299985177815
2000	1e-23	0.0011367000406607985
2001	1e-23	0.00121339998440817
2002	1e-23	0.0017681000172160566
2003	1e-23	0.0015842000138945878
2004	1e-23	0.0012155999429523945
2005	1e-23	0.0011341999634169042
2006	1e-23	0.001088900025933981
2007	1e-23	0.001276700000744313
2008	1e-23	0.001146599999628961
2009	1e-23	0.0010825999779626727
2010	1e-23	0.0012704000109806657
2011	1e-23	0.0012130000395700336
2012	1e-23	0.0011421000235714018
2013	1e-23	0.0010921999928541481
2014	1e-23	0.0012048999778926373
2015	1e-23	0.0011671999818645418
2016	1e-23	0.001130299991928041
2017	1e-23	0.0011565000168047845
2018	1e-23	0.0012461000005714595
2019	1e-23	0.0012632000143639743
2020	1e-23	0.0012073999969288707
2021	1e-23	0.0011040999670512974
2022	1e-23	0.0010426999651826918
2023	1e-23	0.0010560000082477927
2024	1e-23	0.0011658999719657004
2025	1e-23	0.00108739995630458
2026	1e-23	0.0010107000125572085
2027	1e-23	0.00123559997882694
2028	1e-23	0.0011710000107996166
2029	1e-23	0.0013017000164836645
2030	1e-23	0.0012241000076755881
2031	1e-23	0.0011492999619804323
2032	1e-23	0.0012396000092849135
2033	1e-23	0.0011993000516667962
2034	1e-23	0.0012019999558106065
2035	1e-23	0.0011582000297494233
2036	1e-23	0.0010309999925084412
2037	1e-23	0.0010568000143393874
2038	1e-23	0.0011207999777980149
2039	1e-23	0.0013316000113263726
2040	1e-23	0.0013712000218220055
2041	1e-23	0.0013911000569351017
2042	1e-23	0.0012701000086963177
2043	1e-23	0.001153699995484203
2044	1e-23	0.0010916999890469015
2045	1e-23	0.001127899973653257
2046	1e-23	0.0011088000028394163
2047	1e-23	0.0011687999940477312
2048	1e-23	0.0012458999990485609
2049	1e-23	0.0013239000109024346
2050	1e-23	0.001272300025448203
2051	1e-23	0.0012669999850913882
2052	1e-23	0.0014084000140428543
2053	1e-23	0.0018002999713644385
2054	1e-23	0.0012694000033661723
2055	1e-23	0.0011657000286504626
2056	1e-23	0.0012860999559052289
2057	1e-23	0.001142699969932437
2058	1e-23	0.0012324000126682222
2059	1e-23	0.0011924999998882413
2060	1e-23	0.0011178000131621957
2061	1e-23	0.0011294999858364463
2062	1e-23	0.0010903000365942717
2063	1e-23	0.0011478000087663531
2064	1e-23	0.001337299996521324
2065	1e-23	0.0014112999779172242
2066	1e-23	0.0011481999536044896
2067	1e-23	0.0013203999842517078
2068	1e-23	0.0012351999757811427
2069	1e-23	0.0010978999780490994
2070	1e-23	0.0011363000376150012
2071	1e-23	0.0011745999800041318
2072	1e-23	0.0010915000457316637
2073	1e-23	0.001130599994212389
2074	1e-23	0.0011938000097870827
2075	1e-23	0.001359799993224442
2076	1e-23	0.0015652000438421965
2077	1e-23	0.0012808999745175242
2078	1e-23	0.0010995000484399498
2079	1e-23	0.0011656000278890133
2080	1e-23	0.0012218999909237027
2081	1e-23	0.0011881000245921314
2082	1e-23	0.0012302999966777861
2083	1e-23	0.0012035999679937959
2084	1e-23	0.001243599981535226
2085	1e-23	0.0013312000082805753
2086	1e-23	0.001240899960976094
2087	1e-23	0.0013348000356927514
2088	1e-23	0.001347100012935698
2089	1e-23	0.0014244999620132148
2090	1e-23	0.0015613000141456723
2091	1e-23	0.0016491000424139202
2092	1e-23	0.0013535000034607947
2093	1e-23	0.001427199982572347
2094	1e-23	0.0015112999826669693
2095	1e-23	0.0011817999766208231
2096	1e-23	0.0011934000067412853
2097	1e-23	0.0012467000051401556
2098	1e-23	0.0010982999810948968
2099	1e-23	0.0010765999904833734
2100	1e-23	0.0014193999813869596
2101	1e-23	0.0012197999749332666
2102	1e-23	0.0012610999983735383
2103	1e-23	0.0011399000068195164
2104	1e-23	0.0011319000041112304
2105	1e-23	0.001171100011561066
2106	1e-23	0.0012412999640218914
2107	1e-23	0.0012168999528512359
2108	1e-23	0.001128499978221953
2109	1e-23	0.0011560000129975379
2110	1e-23	0.0011688999948091805
2111	1e-23	0.0011647999635897577
2112	1e-23	0.0012213000445626676
2113	1e-23	0.0012675999896600842
2114	1e-23	0.0012088999501429498
2115	1e-23	0.0011426000273786485
2116	1e-23	0.0012463000020943582
2117	1e-23	0.001172599964775145
2118	1e-23	0.0011826999834738672
2119	1e-23	0.0012329999590292573
2120	1e-23	0.0012251000152900815
2121	1e-23	0.0011621000012382865
2122	1e-23	0.001116700004786253
2123	1e-23	0.0011397999478504062
2124	1e-23	0.0011180999572388828
2125	1e-23	0.00121640000725165
2126	1e-23	0.001170800009276718
2127	1e-23	0.00104750000173226
2128	1e-23	0.0010277999681420624
2129	1e-23	0.001149499963503331
2130	1e-23	0.0011018000077456236
2131	1e-23	0.0010418000165373087
2132	1e-23	0.0010073999874293804
2133	1e-23	0.0013419999741017818
2134	1e-23	0.0012942000175826252
2135	1e-23	0.001221399987116456
2136	1e-23	0.001125600014347583
2137	1e-23	0.0011585000320337713
2138	1e-23	0.001132700010202825
2139	1e-23	0.0011506000300869346
2140	1e-23	0.0012048999778926373
2141	1e-23	0.0011180000146850944
2142	1e-23	0.001036900037433952
2143	1e-23	0.00101940002059564
2144	1e-23	0.0011607999913394451
2145	1e-23	0.0015897999983280897
2146	1e-23	0.0010984999826177955
2147	1e-23	0.001375499996356666
2148	1e-23	0.0010976999765262008
2149	1e-23	0.0009740999666973948
2150	1e-23	0.0011184000177308917
2151	1e-23	0.0012617000029422343
2152	1e-23	0.0013065999955870211
2153	1e-23	0.0011205999762751162
2154	1e-23	0.001179999962914735
2155	1e-23	0.0010244000004604459
2156	1e-23	0.000999899988528341
2157	1e-23	0.0009404000011272728
2158	1e-23	0.001136799983214587
2159	1e-23	0.0010136000346392393
2160	1e-23	0.0012362999841570854
2161	1e-23	0.0012056000414304435
2162	1e-23	0.0011063000420108438
2163	1e-23	0.0010950000141747296
2164	1e-23	0.001333800028078258
2165	1e-23	0.001283499994315207
2166	1e-23	0.001152799988631159
2167	1e-23	0.001055800006724894
2168	1e-23	0.0011138999834656715
2169	1e-23	0.0011246000067330897
2170	1e-23	0.001109900011215359
2171	1e-23	0.0010482000070624053
2172	1e-23	0.001108099997509271
2173	1e-23	0.001087999960873276
2174	1e-23	0.0010286999749951065
2175	1e-23	0.0010793000110425055
2176	1e-23	0.0010860000038519502
2177	1e-23	0.0016744000022299588
2178	1e-23	0.0013773000100627542
2179	1e-23	0.0010973999742418528
2180	1e-23	0.0011934000067412853
2181	1e-23	0.0011689999955706298
2182	1e-23	0.001588999992236495
2183	1e-23	0.0011127999750897288
2184	1e-23	0.0010556999477557838
2185	1e-23	0.0010668999748304486
2186	1e-23	0.001248300017323345
2187	1e-23	0.0011190999648533762
2188	1e-23	0.0010074000456370413
2189	1e-23	0.0013274999801069498
2190	1e-23	0.001318099966738373
2191	1e-23	0.0012020000140182674
2192	1e-23	0.0011628000065684319
2193	1e-23	0.0013349999790079892
2194	1e-23	0.0011845999979414046
2195	1e-23	0.0012089000083506107
2196	1e-23	0.0012089999509043992
2197	1e-23	0.0011425999691709876
2198	1e-23	0.0012271000305190682
2199	1e-23	0.0012573999701999128
2200	1e-23	0.0011996999965049326
2201	1e-23	0.001181800034828484
2202	1e-23	0.0011446999851614237
2203	1e-23	0.0013003000058233738
2204	1e-23	0.001116700004786253
2205	1e-23	0.0010609999881125987
2206	1e-23	0.0011116000241599977
2207	1e-23	0.0010234000510536134
2208	1e-23	0.0010742000304162502
2209	1e-23	0.0011335000162944198
2210	1e-23	0.0011409000144340098
2211	1e-23	0.0010753999813459814
2212	1e-23	0.001049000013154
2213	1e-23	0.0010999999940395355
2214	1e-23	0.0010575000196695328
2215	1e-23	0.001233800023328513
2216	1e-23	0.0013176999636925757
2217	1e-23	0.0011736000305972993
2218	1e-23	0.001142399967648089
2219	1e-23	0.0010871999547816813
2220	1e-23	0.0012948999647051096
2221	1e-23	0.0011645000195130706
2222	1e-23	0.0011072999914176762
2223	1e-23	0.0010642000124789774
2224	1e-23	0.0011097000096924603
2225	1e-23	0.0010989999864250422
2226	1e-23	0.001068799989297986
2227	1e-23	0.0012127000372856855
2228	1e-23	0.0012564999633468688
2229	1e-23	0.0011999999987892807
2230	1e-23	0.0011381999938748777
2231	1e-23	0.001200400001835078
2232	1e-23	0.0011424000258557498
2233	1e-23	0.0011523999855853617
2234	1e-23	0.001226700027473271
2235	1e-23	0.0011254000128246844
2236	1e-23	0.001125000009778887
2237	1e-23	0.0011374999885447323
2238	1e-23	0.001164599962066859
2239	1e-23	0.0010953000164590776
2240	1e-23	0.0010823000338859856
2241	1e-23	0.001166400033980608
2242	1e-23	0.0011557999532669783
2243	1e-23	0.0010378999868407845
2244	1e-23	0.0010676999809220433
2245	1e-23	0.0012202999787405133
2246	1e-23	0.0012461000005714595
2247	1e-23	0.0010956000187434256
2248	1e-23	0.0011612999951466918
2249	1e-23	0.0011621000012382865
2250	1e-23	0.0011366999824531376
2251	1e-23	0.0011183000169694424
2252	1e-23	0.0010885000228881836
2253	1e-23	0.0010607000440359116
2254	1e-23	0.0010985000408254564
2255	1e-23	0.001158100028987974
2256	1e-23	0.0011630000080913305
2257	1e-23	0.001164900022558868
2258	1e-23	0.0011072999914176762
2259	1e-23	0.0012906999909318984
2260	1e-23	0.0018124000052921474
2261	1e-23	0.0012384000001475215
2262	1e-23	0.0011978999827988446
2263	1e-23	0.001334100030362606
2264	1e-23	0.0014992000069469213
2265	1e-23	0.0015422000433318317
2266	1e-23	0.0012792999623343349
2267	1e-23	0.001330800005234778
2268	1e-23	0.002078799996525049
2269	1e-23	0.0014240999589674175
2270	1e-23	0.0014605000033043325
2271	1e-23	0.001610299979802221
2272	1e-23	0.0014029000303708017
2273	1e-23	0.0013155000051483512
2274	1e-23	0.0012837000540457666
2275	1e-23	0.0012810000334866345
2276	1e-23	0.0012780000106431544
2277	1e-23	0.0011467000003904104
2278	1e-23	0.001109000004362315
2279	1e-23	0.0011227999930270016
2280	1e-23	0.0010821999749168754
2281	1e-23	0.0010534000466577709
2282	1e-23	0.0011314000003039837
2283	1e-23	0.0011744999792426825
2284	1e-23	0.001131800003349781
2285	1e-23	0.0011919999960809946
2286	1e-23	0.0013670999906025827
2287	1e-23	0.0011885000276379287
2288	1e-23	0.0011443999828770757
2289	1e-23	0.001119400025345385
2290	1e-23	0.0011209999793209136
2291	1e-23	0.0012380999978631735
2292	1e-23	0.0010512000299058855
2293	1e-23	0.0011224000481888652
2294	1e-23	0.0011171000078320503
2295	1e-23	0.0011239000014029443
2296	1e-23	0.001076199987437576
2297	1e-23	0.0015163000207394361
2298	1e-23	0.0011727000237442553
2299	1e-23	0.00106380000943318
2300	1e-23	0.001133000012487173
2301	1e-23	0.0012391000054776669
2302	1e-23	0.0012241000076755881
2303	1e-23	0.0012026000185869634
2304	1e-23	0.0012030000216327608
2305	1e-23	0.0012149999965913594
2306	1e-23	0.0011858000070787966
2307	1e-23	0.0011694999993778765
2308	1e-23	0.001084199990145862
2309	1e-23	0.0010377999860793352
2310	1e-23	0.001074999978300184
2311	1e-23	0.0010816000285558403
2312	1e-23	0.00115130003541708
2313	1e-23	0.0010936000035144389
2314	1e-23	0.0011481000110507011
2315	1e-23	0.0011678999871946871
2316	1e-23	0.0013716999674215913
2317	1e-23	0.0012220999924466014
2318	1e-23	0.0012468000059016049
2319	1e-23	0.0011896999785676599
2320	1e-23	0.00102240004343912
2321	1e-23	0.0011421999661251903
2322	1e-23	0.0010594999766908586
2323	1e-23	0.001029500039294362
2324	1e-23	0.001029500039294362
2325	1e-23	0.0013982999953441322
2326	1e-23	0.0011579999700188637
2327	1e-23	0.0010476000024937093
2328	1e-23	0.0013099999632686377
2329	1e-23	0.0013216999941505492
2330	1e-23	0.0011943000135943294
2331	1e-23	0.0011034999624826014
2332	1e-23	0.0011143999872729182
2333	1e-23	0.0010529000428505242
2334	1e-23	0.0010479000047780573
2335	1e-23	0.0011438000365160406
2336	1e-23	0.0011226000497117639
2337	1e-23	0.0010494000161997974
2338	1e-23	0.0011607999913394451
2339	1e-23	0.0011372999870218337
2340	1e-23	0.0011021000100299716
2341	1e-23	0.0010848999954760075
2342	1e-23	0.001132700010202825
2343	1e-23	0.0012069999938830733
2344	1e-23	0.0011378999915905297
2345	1e-23	0.0011049999739043415
2346	1e-23	0.0014810000429861248
2347	1e-23	0.0011344999657012522
2348	1e-23	0.001030100043863058
2349	1e-23	0.0010731000220403075
2350	1e-23	0.0010608999873511493
2351	1e-23	0.0010736999684013426
2352	1e-23	0.0011473000049591064
2353	1e-23	0.0012329999590292573
2354	1e-23	0.0012329000164754689
2355	1e-23	0.0011786000104621053
2356	1e-23	0.0019295000238344073
2357	1e-23	0.0012375999940559268
2358	1e-23	0.0011119000264443457
2359	1e-23	0.0012178000179119408
2360	1e-23	0.0011675999849103391
2361	1e-23	0.0011690999963320792
2362	1e-23	0.0013948999694548547
2363	1e-23	0.0012348999734967947
2364	1e-23	0.001038899994455278
2365	1e-23	0.0010374999837949872
2366	1e-23	0.0011345000239089131
2367	1e-23	0.0010978999780490994
2368	1e-23	0.0011659999727271497
2369	1e-23	0.0011911999899894
2370	1e-23	0.0011032000184059143
2371	1e-23	0.0012488000211305916
2372	1e-23	0.0011365999816916883
2373	1e-23	0.0011039000237360597
2374	1e-23	0.0008805000106804073
2375	1e-23	0.0008874000050127506
2376	1e-23	0.0008396999910473824
2377	1e-23	0.0011413000174798071
2378	1e-23	0.0012849000049754977
2379	1e-23	0.0011162000009790063
2380	1e-23	0.001160199986770749
2381	1e-23	0.0014768000110052526
2382	1e-23	0.0014683000044897199
2383	1e-23	0.0013851000112481415
2384	1e-23	0.0013389000087045133
2385	1e-23	0.0012202999787405133
2386	1e-23	0.0013036999735049903
2387	1e-23	0.0011416999623179436
2388	1e-23	0.0012148000532761216
2389	1e-23	0.0011200999724678695
2390	1e-23	0.001142099965363741
2391	1e-23	0.0010952999582514167
2392	1e-23	0.001115199993364513
2393	1e-23	0.0011284000356681645
2394	1e-23	0.0012598999892361462
2395	1e-23	0.0011561000137589872
2396	1e-23	0.0010726000182330608
2397	1e-23	0.0011285999789834023
2398	1e-23	0.0010972999734804034
2399	1e-23	0.0010825000354088843
2400	1e-23	0.0011532999924384058
2401	1e-23	0.0011178000131621957
2402	1e-23	0.001186500012408942
2403	1e-23	0.0011291999835520983
2404	1e-23	0.0011280999751761556
2405	1e-23	0.0011724000214599073
2406	1e-23	0.0012063999893143773
2407	1e-23	0.0013051999849267304
2408	1e-23	0.0012236000038683414
2409	1e-23	0.0012519999872893095
2410	1e-23	0.0011371999862603843
2411	1e-23	0.0011548000038601458
2412	1e-23	0.0010701999999582767
2413	1e-23	0.0010768999927677214
2414	1e-23	0.0012713999603874981
2415	1e-23	0.0012119999737478793
2416	1e-23	0.0011365999816916883
2417	1e-23	0.0010694999946281314
2418	1e-23	0.0011294999858364463
2419	1e-23	0.001081799971871078
2420	1e-23	0.0016769999638199806
2421	1e-23	0.0012600000482052565
2422	1e-23	0.0011801999644376338
2423	1e-23	0.001114899991080165
2424	1e-23	0.0012097999569959939
2425	1e-23	0.0012305999989621341
2426	1e-23	0.001155699952505529
2427	1e-23	0.0010929999989457428
2428	1e-23	0.0011501000262796879
2429	1e-23	0.0011452999897301197
2430	1e-23	0.001109300006646663
2431	1e-23	0.0011309999972581863
2432	1e-23	0.0011558999540284276
2433	1e-23	0.0017343999934382737
2434	1e-23	0.0015739999944344163
2435	1e-23	0.0012318000080995262
2436	1e-23	0.001492299954406917
2437	1e-23	0.001251600042451173
2438	1e-23	0.0012304999982006848
2439	1e-23	0.0011754999868571758
2440	1e-23	0.0012309000012464821
2441	1e-23	0.0012526000500656664
2442	1e-23	0.0011675999849103391
2443	1e-23	0.0011888000299222767
2444	1e-23	0.0017967000021599233
2445	1e-23	0.001172299962490797
2446	1e-23	0.0010358999716117978
2447	1e-23	0.001108700002077967
2448	1e-23	0.0010781000019051135
2449	1e-23	0.001140400010626763
2450	1e-23	0.0011556000099517405
2451	1e-23	0.001150400028564036
2452	1e-23	0.0011322000063955784
2453	1e-23	0.0011603999882936478
2454	1e-23	0.0011570999631658196
2455	1e-23	0.0011071999906562269
2456	1e-23	0.0012246000114828348
2457	1e-23	0.0012870000209659338
2458	1e-23	0.0012111000251024961
2459	1e-23	0.0012061999877914786
2460	1e-23	0.0011101000127382576
2461	1e-23	0.0013488000258803368
2462	1e-23	0.0011863000108860433
2463	1e-23	0.0012106999638490379
2464	1e-23	0.001249799970537424
2465	1e-23	0.0011461999965831637
2466	1e-23	0.0010700999991968274
2467	1e-23	0.0010914999875240028
2468	1e-23	0.0011334000155329704
2469	1e-23	0.0013974999892525375
2470	1e-23	0.0012479000142775476
2471	1e-23	0.001456199970562011
2472	1e-23	0.001332600018940866
2473	1e-23	0.001135599974077195
2474	1e-23	0.0011640999582596123
2475	1e-23	0.0011419000220485032
2476	1e-23	0.0009610000415705144
2477	1e-23	0.0011514999787323177
2478	1e-23	0.0010867000091820955
2479	1e-23	0.0009710000013001263
2480	1e-23	0.0010017000022344291
2481	1e-23	0.001006099977530539
2482	1e-23	0.001262200006749481
2483	1e-23	0.0010245999437756836
2484	1e-23	0.0009788000024855137
2485	1e-23	0.0011745999800041318
2486	1e-23	0.0010749000357463956
2487	1e-23	0.000894299999345094
2488	1e-23	0.0010211000335402787
2489	1e-23	0.0010588999721221626
2490	1e-23	0.0009021000005304813
2491	1e-23	0.0011320000048726797
2492	1e-23	0.0010717000113800168
2493	1e-23	0.0011479000095278025
2494	1e-23	0.0008970999624580145
2495	1e-23	0.0009207000257447362
2496	1e-23	0.0009396999957971275
2497	1e-23	0.0014420999796129763
2498	1e-23	0.0011549999471753836
2499	1e-23	0.001123800000641495
2500	1e-23	0.0011386999976821244
2501	1e-23	0.0010654000216163695
2502	1e-23	0.0010910999844782054
2503	1e-23	0.0011342000216245651
2504	1e-23	0.0012045999756082892
2505	1e-23	0.001090999983716756
2506	1e-23	0.0010892999707721174
2507	1e-23	0.0010653000208549201
2508	1e-23	0.0011113000218756497
2509	1e-23	0.0011399000068195164
2510	1e-23	0.0013897999888285995
2511	1e-23	0.0013507999829016626
2512	1e-23	0.0011066000442951918
2513	1e-23	0.001177600002847612
2514	1e-23	0.0011563000152818859
2515	1e-23	0.0011331000132486224
2516	1e-23	0.001054599997587502
2517	1e-23	0.0010907999821938574
2518	1e-23	0.0011621000012382865
2519	1e-23	0.0012534000561572611
2520	1e-23	0.0011771000572480261
2521	1e-23	0.0011211999808438122
2522	1e-23	0.001110500015784055
2523	1e-23	0.0011165999458171427
2524	1e-23	0.0011181000154465437
2525	1e-23	0.0011632000096142292
2526	1e-23	0.0011119000264443457
2527	1e-23	0.0010504000238142908
2528	1e-23	0.0010454000439494848
2529	1e-23	0.0010989999864250422
2530	1e-23	0.001033900014590472
2531	1e-23	0.0010152999893762171
2532	1e-23	0.0010540999937802553
2533	1e-23	0.0010733999661169946
2534	1e-23	0.0010520999785512686
2535	1e-23	0.0010363999754190445
2536	1e-23	0.001006400038022548
2537	1e-23	0.0012926000053994358
2538	1e-23	0.0012750999885611236
2539	1e-23	0.0011909999884665012
2540	1e-23	0.0012237999471835792
2541	1e-23	0.0011300000478513539
2542	1e-23	0.0010821999749168754
2543	1e-23	0.0011438000365160406
2544	1e-23	0.0011502999695949256
2545	1e-23	0.0011667999788187444
2546	1e-23	0.0011637000134214759
2547	1e-23	0.0011742000351659954
2548	1e-23	0.0011692999978549778
2549	1e-23	0.001129699987359345
2550	1e-23	0.0012015000102110207
2551	1e-23	0.0012549000093713403
2552	1e-23	0.001116100000217557
2553	1e-23	0.0010739000281319022
2554	1e-23	0.001129099982790649
2555	1e-23	0.0011399000068195164
2556	1e-23	0.0010932000004686415
2557	1e-23	0.0011021000100299716
2558	1e-23	0.001171099953353405
2559	1e-23	0.001163399952929467
2560	1e-23	0.0011617999989539385
2561	1e-23	0.0011645000195130706
2562	1e-23	0.0011659999727271497
2563	1e-23	0.0011834999895654619
2564	1e-23	0.001234399969689548
2565	1e-23	0.0011483999551273882
2566	1e-23	0.0012053000391460955
2567	1e-23	0.001152799988631159
2568	1e-23	0.0011710000107996166
2569	1e-23	0.0012527999933809042
2570	1e-23	0.0010921999928541481
2571	1e-23	0.0011891000322066247
2572	1e-23	0.0011130999773740768
2573	1e-23	0.0012615000014193356
2574	1e-23	0.0011845000553876162
2575	1e-23	0.0010892999707721174
2576	1e-23	0.0011060000397264957
2577	1e-23	0.0012141999904997647
2578	1e-23	0.0017817000043578446
2579	1e-23	0.0012083000037819147
2580	1e-23	0.001305099984165281
2581	1e-23	0.0011092000058852136
2582	1e-23	0.0011950000189244747
2583	1e-23	0.001291799999307841
2584	1e-23	0.001158100028987974
2585	1e-23	0.0012526999926194549
2586	1e-23	0.001117300009354949
2587	1e-23	0.0011097000096924603
2588	1e-23	0.0012113999691791832
2589	1e-23	0.001167299982625991
2590	1e-23	0.0009892999660223722
2591	1e-23	0.0012421999708749354
2592	1e-23	0.001491400005761534
2593	1e-23	0.001393500017002225
2594	1e-23	0.0013389000087045133
2595	1e-23	0.0012727999710477889
2596	1e-23	0.0012188999680802226
2597	1e-23	0.0013996000052429736
2598	1e-23	0.0012385000009089708
2599	1e-23	0.001216100004967302
2600	1e-23	0.0014029000303708017
2601	1e-23	0.0012437999830581248
2602	1e-23	0.0012264000251889229
2603	1e-23	0.001139200001489371
2604	1e-23	0.0011243000044487417
2605	1e-23	0.0011158999986946583
2606	1e-23	0.0010987999849021435
2607	1e-23	0.0012101000174880028
2608	1e-23	0.0011732999701052904
2609	1e-23	0.0012032999657094479
2610	1e-23	0.001200699945911765
2611	1e-23	0.0011560000129975379
2612	1e-23	0.0011685999925248325
2613	1e-23	0.0012289999867789447
2614	1e-23	0.0011953000212088227
2615	1e-23	0.0011589000350795686
2616	1e-23	0.0011616999981924891
2617	1e-23	0.0011615999974310398
2618	1e-23	0.0011962000280618668
2619	1e-23	0.0011210999800823629
2620	1e-23	0.0011066999868489802
2621	1e-23	0.0011427000281400979
2622	1e-23	0.001081500027794391
2623	1e-23	0.0010726000182330608
2624	1e-23	0.0010109000140801072
2625	1e-23	0.0012859999551437795
2626	1e-23	0.001359199988655746
2627	1e-23	0.0011941000120714307
2628	1e-23	0.0012772000045515597
2629	1e-23	0.0012319000088609755
2630	1e-23	0.0012468000059016049
2631	1e-23	0.0012829999905079603
2632	1e-23	0.0017457000212743878
2633	1e-23	0.0018968999502249062
2634	1e-23	0.0013405000208877027
2635	1e-23	0.001257500029169023
2636	1e-23	0.0010864000068977475
2637	1e-23	0.0013220999971963465
2638	1e-23	0.0013090999564155936
2639	1e-23	0.0012614000006578863
2640	1e-23	0.0012396000092849135
2641	1e-23	0.0011681000469252467
2642	1e-23	0.0012740999809466302
2643	1e-23	0.0011547000030986965
2644	1e-23	0.0011897999793291092
2645	1e-23	0.0011655999696813524
2646	1e-23	0.0011158999986946583
2647	1e-23	0.001192099996842444
2648	1e-23	0.0011156999971717596
2649	1e-23	0.0013210000470280647
2650	1e-23	0.0013499000342562795
2651	1e-23	0.0013493000296875834
2652	1e-23	0.0011323000071570277
2653	1e-23	0.0011033000191673636
2654	1e-23	0.0011807000264525414
2655	1e-23	0.001143599976785481
2656	1e-23	0.0011325000086799264
2657	1e-23	0.0012728999718092382
2658	1e-23	0.0011353999725542963
2659	1e-23	0.0015328999725170434
2660	1e-23	0.0012127000372856855
2661	1e-23	0.0014415999758057296
2662	1e-23	0.0012135999859310687
2663	1e-23	0.0015566999791190028
2664	1e-23	0.0013334000250324607
2665	1e-23	0.0010814000270329416
2666	1e-23	0.0011144999880343676
2667	1e-23	0.0011362999794073403
2668	1e-23	0.0010929999989457428
2669	1e-23	0.0010924999951384962
2670	1e-23	0.0010711000068113208
2671	1e-23	0.0011409000144340098
2672	1e-23	0.001102799957152456
2673	1e-23	0.001133000012487173
2674	1e-23	0.001345600001513958
2675	1e-23	0.0012633000151254237
2676	1e-23	0.0011474000057205558
2677	1e-23	0.0012373000499792397
2678	1e-23	0.001186200010124594
2679	1e-23	0.0012088000075891614
2680	1e-23	0.0012168000102974474
2681	1e-23	0.0011634000111371279
2682	1e-23	0.0011808000272139907
2683	1e-23	0.0013844000059179962
2684	1e-23	0.0012044000322930515
2685	1e-23	0.0011197999701835215
2686	1e-23	0.0014937999658286572
2687	1e-23	0.0012182000209577382
2688	1e-23	0.0011165000032633543
2689	1e-23	0.00101940002059564
2690	1e-23	0.0010383000480942428
2691	1e-23	0.001058999972883612
2692	1e-23	0.0010779000003822148
2693	1e-23	0.0010560000082477927
2694	1e-23	0.0010968000278808177
2695	1e-23	0.001069100049789995
2696	1e-23	0.001055200002156198
2697	1e-23	0.001082099974155426
2698	1e-23	0.0010611999896354973
2699	1e-23	0.0010424000211060047
2700	1e-23	0.0013821999891661108
2701	1e-23	0.001304199977312237
2702	1e-23	0.0016023999778553843
2703	1e-23	0.001112900034058839
2704	1e-23	0.0010939000057987869
2705	1e-23	0.0010668000322766602
2706	1e-23	0.0011387999984435737
2707	1e-23	0.0013521999935619533
2708	1e-23	0.0011322000063955784
2709	1e-23	0.0011572999646887183
2710	1e-23	0.0011787000112235546
2711	1e-23	0.0016618999652564526
2712	1e-23	0.0013306000037118793
2713	1e-23	0.0018221999634988606
2714	1e-23	0.000916799996048212
2715	1e-23	0.0014974999940022826
2716	1e-23	0.0018051000079140067
2717	1e-23	0.001415100006852299
2718	1e-23	0.001532200025394559
2719	1e-23	0.0015855000237934291
2720	1e-23	0.0011625000042840838
2721	1e-23	0.0011814999743364751
2722	1e-23	0.0013723000301979482
2723	1e-23	0.001754000026267022
2724	1e-23	0.001279100019019097
2725	1e-23	0.0013658999814651906
2726	1e-23	0.0012175000156275928
2727	1e-23	0.0011582000297494233
2728	1e-23	0.0012510999804362655
2729	1e-23	0.0011841999948956072
2730	1e-23	0.0011053000343963504
2731	1e-23	0.001061099988874048
2732	1e-23	0.0013479999615810812
2733	1e-23	0.0013549000141210854
2734	1e-23	0.0017511000041849911
2735	1e-23	0.0014736999874003232
2736	1e-23	0.0013353999820537865
2737	1e-23	0.0013428999809548259
2738	1e-23	0.0012712000170722604
2739	1e-23	0.001305099984165281
2740	1e-23	0.001180000021122396
2741	1e-23	0.001172300020698458
2742	1e-23	0.0012779999524354935
2743	1e-23	0.0012140999897383153
2744	1e-23	0.0012055999832227826
2745	1e-23	0.0012776999501511455
2746	1e-23	0.001099300046917051
2747	1e-23	0.0012595999869517982
2748	1e-23	0.001121399982366711
2749	1e-23	0.0011867000139318407
2750	1e-23	0.0011260000173933804
2751	1e-23	0.0011854000040329993
2752	1e-23	0.001138599996920675
2753	1e-23	0.0011406000121496618
2754	1e-23	0.0011934000067412853
2755	1e-23	0.0011863000108860433
2756	1e-23	0.001130300050135702
2757	1e-23	0.0012669999850913882
2758	1e-23	0.0012787000159732997
2759	1e-23	0.0012532999971881509
2760	1e-23	0.001265800034161657
2761	1e-23	0.0015801000408828259
2762	1e-23	0.0012036999687552452
2763	1e-23	0.0012592000421136618
2764	1e-23	0.0014375000027939677
2765	1e-23	0.001404500042553991
2766	1e-23	0.0012369000469334424
2767	1e-23	0.0011749000404961407
2768	1e-23	0.0012465000036172569
2769	1e-23	0.0013750999933108687
2770	1e-23	0.0012379999971017241
2771	1e-23	0.0012615000014193356
2772	1e-23	0.0011641000164672732
2773	1e-23	0.0011387999984435737
2774	1e-23	0.0011849000002257526
2775	1e-23	0.0011548000038601458
2776	1e-23	0.0010766999912448227
2777	1e-23	0.0011229999945499003
2778	1e-23	0.0010156999924220145
2779	1e-23	0.0010417999583296478
2780	1e-23	0.001052199979312718
2781	1e-23	0.0011072999914176762
2782	1e-23	0.001117900013923645
2783	1e-23	0.001970199984498322
2784	1e-23	0.001213999988976866
2785	1e-23	0.0011097000096924603
2786	1e-23	0.0012229999992996454
2787	1e-23	0.0011777000036090612
2788	1e-23	0.0012033999664708972
2789	1e-23	0.0012709000147879124
2790	1e-23	0.0011233999975956976
2791	1e-23	0.0012089000083506107
2792	1e-23	0.0012061999877914786
2793	1e-23	0.0011062000412493944
2794	1e-23	0.0013027999666519463
2795	1e-23	0.0011782999499700963
2796	1e-23	0.0011168999481014907
2797	1e-23	0.0011199999717064202
2798	1e-23	0.0010383999906480312
2799	1e-23	0.001013200031593442
2800	1e-23	0.001073799969162792
2801	1e-23	0.0011320000048726797
2802	1e-23	0.0011125999735668302
2803	1e-23	0.0011295999865978956
2804	1e-23	0.0010837000445462763
2805	1e-23	0.0012592999846674502
2806	1e-23	0.001128499978221953
2807	1e-23	0.0010826000361703336
2808	1e-23	0.00150090001989156
2809	1e-23	0.0012135999859310687
2810	1e-23	0.0011719000176526606
2811	1e-23	0.0011374999885447323
2812	1e-23	0.0011978999827988446
2813	1e-23	0.0011572999646887183
2814	1e-23	0.0010997999925166368
2815	1e-23	0.0013856999576091766
2816	1e-23	0.0014171999646350741
2817	1e-23	0.0011004999978467822
2818	1e-23	0.001123499998357147
2819	1e-23	0.0010956000187434256
2820	1e-23	0.0010537000489421189
2821	1e-23	0.0016840000171214342
2822	1e-23	0.0012093999539501965
2823	1e-23	0.0011424999684095383
2824	1e-23	0.001132400007918477
2825	1e-23	0.0011394000030122697
2826	1e-23	0.001074399973731488
2827	1e-23	0.0010894000297412276
2828	1e-23	0.0011291000409983099
2829	1e-23	0.0010904999799095094
2830	1e-23	0.001072299957741052
2831	1e-23	0.0011204999755136669
2832	1e-23	0.0011828000424429774
2833	1e-23	0.0012667999835684896
2834	1e-23	0.0011538999970071018
2835	1e-23	0.0013498999760486186
2836	1e-23	0.0010837999871000648
2837	1e-23	0.001139500003773719
2838	1e-23	0.0010775999980978668
2839	1e-23	0.0012132000410929322
2840	1e-23	0.001393499958794564
2841	1e-23	0.0011615999974310398
2842	1e-23	0.0016132999444380403
2843	1e-23	0.0013917000032961369
2844	1e-23	0.0010747999767772853
2845	1e-23	0.001636000000871718
2846	1e-23	0.0011338000185787678
2847	1e-23	0.001126800023484975
2848	1e-23	0.0012169000110588968
2849	1e-23	0.0011317000025883317
2850	1e-23	0.001076199987437576
2851	1e-23	0.0011059000389650464
2852	1e-23	0.0011104000150226057
2853	1e-23	0.0010933000012300909
2854	1e-23	0.0011000999948009849
2855	1e-23	0.00108889996772632
2856	1e-23	0.0012278000358492136
2857	1e-23	0.0011849000002257526
2858	1e-23	0.0013806999777443707
2859	1e-23	0.001179100014269352
2860	1e-23	0.0011035999632440507
2861	1e-23	0.0011592000373639166
2862	1e-23	0.0011405999539420009
2863	1e-23	0.0012056000414304435
2864	1e-23	0.001087999960873276
2865	1e-23	0.0011249999515712261
2866	1e-23	0.0011705999495461583
2867	1e-23	0.0011223999899812043
2868	1e-23	0.001088900025933981
2869	1e-23	0.0012040000292472541
2870	1e-23	0.001204799977131188
2871	1e-23	0.0012401000130921602
2872	1e-23	0.0012207000399939716
2873	1e-23	0.0011617999989539385
2874	1e-23	0.0011650999658741057
2875	1e-23	0.0011555000091902912
2876	1e-23	0.0014859000220894814
2877	1e-23	0.001708800031337887
2878	1e-23	0.001193900010548532
2879	1e-23	0.001243300037458539
2880	1e-23	0.00120599998626858
2881	1e-23	0.001209600013680756
2882	1e-23	0.0013628999586217105
2883	1e-23	0.0015331999748013914
2884	1e-23	0.0011793000157922506
2885	1e-23	0.0011990000493824482
2886	1e-23	0.0011227999930270016
2887	1e-23	0.001180299965199083
2888	1e-23	0.00116460002027452
2889	1e-23	0.0010612999903969467
2890	1e-23	0.0011762999929487705
2891	1e-23	0.0012813000357709825
2892	1e-23	0.001261299999896437
2893	1e-23	0.0012375999940559268
2894	1e-23	0.001174100034404546
2895	1e-23	0.0017127000028267503
2896	1e-23	0.0014448000001721084
2897	1e-23	0.001411000033840537
2898	1e-23	0.0014703000197187066
2899	1e-23	0.001131800003349781
2900	1e-23	0.0011886999709531665
2901	1e-23	0.0012423000298440456
2902	1e-23	0.0012428999762050807
2903	1e-23	0.001150400028564036
2904	1e-23	0.0010979000362567604
2905	1e-23	0.0011513999779708683
2906	1e-23	0.0011056000366806984
2907	1e-23	0.0011494000209495425
2908	1e-23	0.0012780000106431544
2909	1e-23	0.0012065000482834876
2910	1e-23	0.0014597999979741871
2911	1e-23	0.0014072000049054623
2912	1e-23	0.0013586999848484993
2913	1e-23	0.001290000043809414
2914	1e-23	0.0013143999967724085
2915	1e-23	0.001096600026357919
2916	1e-23	0.0010541999945417047
2917	1e-23	0.0011747999815270305
2918	1e-23	0.00119859998812899
2919	1e-23	0.0020685999770648777
2920	1e-23	0.0014384000096470118
2921	1e-23	0.0012749000452458858
2922	1e-23	0.0012853999505750835
2923	1e-23	0.0015576999867334962
2924	1e-23	0.0012430999777279794
2925	1e-23	0.001255100010894239
2926	1e-23	0.001212799979839474
2927	1e-23	0.0012615000014193356
2928	1e-23	0.0013047000393271446
2929	1e-23	0.0012635999592021108
2930	1e-23	0.001193000003695488
2931	1e-23	0.001130899996496737
2932	1e-23	0.0011285000364296138
2933	1e-23	0.0011974000371992588
2934	1e-23	0.0012111000251024961
2935	1e-23	0.001224599953275174
2936	1e-23	0.001234100025612861
2937	1e-23	0.0012314999476075172
2938	1e-23	0.0011990999919362366
2939	1e-23	0.0012485000188462436
2940	1e-23	0.0012036999687552452
2941	1e-23	0.0011470000026747584
2942	1e-23	0.001101000001654029
2943	1e-23	0.0013259000261314213
2944	1e-23	0.0012323000119067729
2945	1e-23	0.0011384999961592257
2946	1e-23	0.0010887000244110823
2947	1e-23	0.0012443999876268208
2948	1e-23	0.0010566000128164887
2949	1e-23	0.0010851999977603555
2950	1e-23	0.0011567000183276832
2951	1e-23	0.0012873999658040702
2952	1e-23	0.0011360000353306532
2953	1e-23	0.0011892999755218625
2954	1e-23	0.0011668999795801938
2955	1e-23	0.001174700038973242
2956	1e-23	0.0012174999574199319
2957	1e-23	0.001206299988552928
2958	1e-23	0.0012305999989621341
2959	1e-23	0.0011667999788187444
2960	1e-23	0.001250100031029433
2961	1e-23	0.0015275999903678894
2962	1e-23	0.001179999962914735
2963	1e-23	0.0014792000292800367
2964	1e-23	0.0012802999699488282
2965	1e-23	0.0013009000103920698
2966	1e-23	0.0012520000454969704
2967	1e-23	0.0012363999849185348
2968	1e-23	0.001368099998217076
2969	1e-23	0.0011567000183276832
2970	1e-23	0.0012697999482043087
2971	1e-23	0.0010914999875240028
2972	1e-23	0.0012430999777279794
2973	1e-23	0.0012354999780654907
2974	1e-23	0.0012806999729946256
2975	1e-23	0.0011460999958217144
2976	1e-23	0.0011623000027611852
2977	1e-23	0.0010999999940395355
2978	1e-23	0.0011288999812677503
2979	1e-23	0.0011894000344909728
2980	1e-23	0.0015415999805554748
2981	1e-23	0.0012977999867871404
2982	1e-23	0.0011956000234931707
2983	1e-23	0.0011490000179037452
2984	1e-23	0.001112000027205795
2985	1e-23	0.0013037999742664397
2986	1e-23	0.0011395999463275075
2987	1e-23	0.001142699969932437
2988	1e-23	0.0010726999607868493
2989	1e-23	0.0012601999915204942
2990	1e-23	0.0014119999832473695
2991	1e-23	0.0012258000206202269
2992	1e-23	0.001258400036022067
2993	1e-23	0.0013856000150553882
2994	1e-23	0.0012925000046379864
2995	1e-23	0.0012059000437147915
2996	1e-23	0.0011476000072434545
2997	1e-23	0.0010519999777898192
2998	1e-23	0.0010097000049427152
2999	1e-23	0.0010637000086717308
3000	1e-23	0.0011289999820291996
