epoch	total	seconds
1	1e-23	0.1819604000193067
2	1e-23	0.0019231000333093107
3	1e-23	0.0012181000201962888
4	1e-23	0.001626000041142106
5	1e-23	0.0011771999998018146
6	1e-23	0.001175600045826286
7	1e-23	0.001402100024279207
8	1e-23	0.0012836999958381057
9	1e-23	0.0012024000170640647
10	1e-23	0.0011992999934591353
11	1e-23	0.001118800020776689
12	1e-23	0.0014626000192947686
13	1e-23	0.0014026000280864537
14	1e-23	0.0012090999516658485
15	1e-23	0.0011957999668084085
16	1e-23	0.0012040999718010426
17	1e-23	0.0012821999844163656
18	1e-23	0.001263400015886873
19	1e-23	0.001234700030181557
20	1e-23	0.0013075000024400651
21	1e-23	0.001151000033132732
22	1e-23	0.0011434999760240316
23	1e-23	0.0014410000294446945
24	1e-23	0.0012117999722249806
25	1e-23	0.0011289999820291996
26	1e-23	0.0013812000397592783
27	1e-23	0.0013146999990567565
28	1e-23	0.0011819999781437218
29	1e-23	0.0012240000069141388
30	1e-23	0.0012839999981224537
31	1e-23	0.0011836999910883605
32	1e-23	0.0011024000123143196
33	1e-23	0.0012820999836549163
34	1e-23	0.001171700016129762
35	1e-23	0.0011135999811813235
36	1e-23	0.0015443000011146069
37	1e-23	0.0012942999601364136
38	1e-23	0.0012212999863550067
39	1e-23	0.0013849000097252429
40	1e-23	0.0012823000433854759
41	1e-23	0.0012314000050537288
42	1e-23	0.0011740999761968851
43	1e-23	0.0013258999679237604
44	1e-23	0.001258400036022067
45	1e-23	0.0012691000010818243
46	1e-23	0.001193600008264184
47	1e-23	0.001196000026538968
48	1e-23	0.001574800000526011
49	1e-23	0.0011217000428587198
50	1e-23	0.0012181000201962888
51	1e-23	0.0015131000545807183
52	1e-23	0.001350599981378764
53	1e-23	0.0011952000204473734
54	1e-23	0.001138299994636327
55	1e-23	0.001218999968841672
56	1e-23	0.0012110000243410468
57	1e-23	0.0010587999713607132
58	1e-23	0.0011943000135943294
59	1e-23	0.0011490000179037452
60	1e-23	0.0013027000240981579
61	1e-23	0.001150399970356375
62	1e-23	0.0015566999791190028
63	1e-23	0.001252500049304217
64	1e-23	0.001181500032544136
65	1e-23	0.0014591999934054911
66	1e-23	0.0011712000123225152
67	1e-23	0.0011740999761968851
68	1e-23	0.0011532999924384058
69	1e-23	0.0011532000498846173
70	1e-23	0.0010942000080831349
71	1e-23	0.0011484000133350492
72	1e-23	0.0014224000042304397
73	1e-23	0.0012365999864414334
74	1e-23	0.0011297999881207943
75	1e-23	0.001172899967059493
76	1e-23	0.0011085999431088567
77	1e-23	0.0010568000143393874
78	1e-23	0.0011411000159569085
79	1e-23	0.0012137999874539673
80	1e-23	0.0011212999816052616
81	1e-23	0.0011963999713771045
82	1e-23	0.0012523999903351068
83	1e-23	0.0011987999896518886
84	1e-23	0.0011353999725542963
85	1e-23	0.0012756999931298196
86	1e-23	0.0010887999669648707
87	1e-23	0.0011835999903269112
88	1e-23	0.0011753999860957265
89	1e-23	0.0011864000116474926
90	1e-23	0.0011866999557241797
91	1e-23	0.0011020000092685223
92	1e-23	0.0012758999946527183
93	1e-23	0.0012368999887257814
94	1e-23	0.0011132999788969755
95	1e-23	0.0011020000092685223
96	1e-23	0.0011305000516586006
97	1e-23	0.0011424000258557498
98	1e-23	0.0014691000105813146
99	1e-23	0.0011496000224724412
100	1e-23	0.0010683999862521887
101	1e-23	0.0010283999727107584
102	1e-23	0.0010451000416651368
103	1e-23	0.0010771999950520694
104	1e-23	0.0010289999772794545
105	1e-23	0.0009958000155165792
106	1e-23	0.0011442999821156263
107	1e-23	0.0010482000070624053
108	1e-23	0.0011791999568231404
109	1e-23	0.0010390999959781766
110	1e-23	0.0010621999972499907
111	1e-23	0.001150699972640723
112	1e-23	0.00120009999955073
113	1e-23	0.0011950000189244747
114	1e-23	0.0011879999656230211
115	1e-23	0.0011529999901540577
116	1e-23	0.0011643999605439603
117	1e-23	0.0014433999895118177
118	1e-23	0.0011563000152818859
119	1e-23	0.001144500041846186
120	1e-23	0.0011680000461637974
121	1e-23	0.001172599964775145
122	1e-23	0.0011971999774686992
123	1e-23	0.0011615999974310398
124	1e-23	0.0012227999977767467
125	1e-23	0.001257500029169023
126	1e-23	0.0011585999745875597
127	1e-23	0.0011684999917633832
128	1e-23	0.0011331000132486224
129	1e-23	0.0011999999987892807
130	1e-23	0.0012057999847456813
131	1e-23	0.0014703000197187066
132	1e-23	0.0015112999826669693
133	1e-23	0.0011242000036872923
134	1e-23	0.0013990000006742775
135	1e-23	0.0012390000047162175
136	1e-23	0.0020208999630995095
137	1e-23	0.0012100000167265534
138	1e-23	0.0011639000149443746
139	1e-23	0.0011928000021725893
140	1e-23	0.0012880000285804272
141	1e-23	0.0011792000150308013
142	1e-23	0.0013167000142857432
143	1e-23	0.0011616999981924891
144	1e-23	0.0010961999651044607
145	1e-23	0.0011790000135079026
146	1e-23	0.0011591999791562557
147	1e-23	0.0012413999647833407
148	1e-23	0.0013182999682612717
149	1e-23	0.0016775999683886766
150	1e-23	0.001406800001859665
151	1e-23	0.001222300052177161
152	1e-23	0.0013733000378124416
153	1e-23	0.00133790000109002
154	1e-23	0.0011761999921873212
155	1e-23	0.001110500015784055
156	1e-23	0.0011609999928623438
157	1e-23	0.0011463999981060624
158	1e-23	0.0010884000221267343
159	1e-23	0.0013117999769747257
160	1e-23	0.001500600017607212
161	1e-23	0.0011768999975174665
162	1e-23	0.0012561000185087323
163	1e-23	0.0011004999978467822
164	1e-23	0.0011704000062309206
165	1e-23	0.001199799997266382
166	1e-23	0.0012495999690145254
167	1e-23	0.0013362999889068305
168	1e-23	0.001146599999628961
169	1e-23	0.0011350000277161598
170	1e-23	0.0010504999663680792
171	1e-23	0.0012647999683395028
172	1e-23	0.001216100004967302
173	1e-23	0.001518900040537119
174	1e-23	0.0011220000451430678
175	1e-23	0.0010975999757647514
176	1e-23	0.0012337000225670636
177	1e-23	0.0012610999983735383
178	1e-23	0.0011855000047944486
179	1e-23	0.0012231000000610948
180	1e-23	0.0011654000263661146
181	1e-23	0.0011053999769501388
182	1e-23	0.0012561999610625207
183	1e-23	0.001229400048032403
184	1e-23	0.0012816000380553305
185	1e-23	0.0013399000163190067
186	1e-23	0.0012302999966777861
187	1e-23	0.001095400017220527
188	1e-23	0.0010941000073216856
189	1e-23	0.0015021000290289521
190	1e-23	0.0014276999863795936
191	1e-23	0.001158100028987974
192	1e-23	0.0012553000124171376
193	1e-23	0.0011566000175662339
194	1e-23	0.0011165000032633543
195	1e-23	0.0011153999948874116
196	1e-23	0.0015780000248923898
197	1e-23	0.001134699967224151
198	1e-23	0.001182700041681528
199	1e-23	0.001257200026884675
200	1e-23	0.0011399000068195164
201	1e-23	0.0012394000077620149
202	1e-23	0.00120160001097247
203	1e-23	0.0010828000376932323
204	1e-23	0.0013790000230073929
205	1e-23	0.001248000015038997
206	1e-23	0.0010991999879479408
207	1e-23	0.0010501999640837312
208	1e-23	0.0013760000001639128
209	1e-23	0.0013436999870464206
210	1e-23	0.001215500000398606
211	1e-23	0.001199199992697686
212	1e-23	0.0011956000234931707
213	1e-23	0.0012679999927058816
214	1e-23	0.0011124000302515924
215	1e-23	0.0013821999891661108
216	1e-23	0.0014495000359602273
217	1e-23	0.0011526999878697097
218	1e-23	0.0014460000093095005
219	1e-23	0.0011770999990403652
220	1e-23	0.001198899990413338
221	1e-23	0.0015708999708294868
222	1e-23	0.0012039999710395932
223	1e-23	0.0011693999986164272
224	1e-23	0.0012180000194348395
225	1e-23	0.001331700012087822
226	1e-23	0.001212499977555126
227	1e-23	0.0013125999830663204
228	1e-23	0.0011798000195994973
229	1e-23	0.0011115000233985484
230	1e-23	0.0011243000044487417
231	1e-23	0.0012645999668166041
232	1e-23	0.0011995999957434833
233	1e-23	0.0013770000077784061
234	1e-23	0.0014881000388413668
235	1e-23	0.0013176000211387873
236	1e-23	0.0011670999811030924
237	1e-23	0.001243599981535226
238	1e-23	0.0010544999968260527
239	1e-23	0.0010306999902240932
240	1e-23	0.0014248000225052238
241	1e-23	0.001365699979942292
242	1e-23	0.001223200000822544
243	1e-23	0.0012168000102974474
244	1e-23	0.0012242000084370375
245	1e-23	0.0013950999709777534
246	1e-23	0.0011421000235714018
247	1e-23	0.0011707000085152686
248	1e-23	0.0011777000036090612
249	1e-23	0.0012487999629229307
250	1e-23	0.0011698000016622245
251	1e-23	0.0012340000248514116
252	1e-23	0.0010987999849021435
253	1e-23	0.0011650000233203173
254	1e-23	0.0013014000141993165
255	1e-23	0.0012275000335648656
256	1e-23	0.001857800001744181
257	1e-23	0.0015178000321611762
258	1e-23	0.0011822999804280698
259	1e-23	0.001336699991952628
260	1e-23	0.0013773999526165426
261	1e-23	0.0012675999896600842
262	1e-23	0.001293000008445233
263	1e-23	0.001337599998805672
264	1e-23	0.0013215000508353114
265	1e-23	0.0013135999906808138
266	1e-23	0.0013355000410228968
267	1e-23	0.0012660999782383442
268	1e-23	0.001387300028000027
269	1e-23	0.0013065999955870211
270	1e-23	0.001330800005234778
271	1e-23	0.0012452999944798648
272	1e-23	0.001287299965042621
273	1e-23	0.0012456999975256622
274	1e-23	0.0011484000133350492
275	1e-23	0.001276399998459965
276	1e-23	0.0012018000124953687
277	1e-23	0.0011906999861821532
278	1e-23	0.001221699989400804
279	1e-23	0.0013082000077702105
280	1e-23	0.0013572999741882086
281	1e-23	0.0014510999899357557
282	1e-23	0.00136009999550879
283	1e-23	0.0011826999834738672
284	1e-23	0.0013030999689362943
285	1e-23	0.0012727000284940004
286	1e-23	0.0012367000454105437
287	1e-23	0.0011881999671459198
288	1e-23	0.0012574999709613621
289	1e-23	0.0011502999695949256
290	1e-23	0.0011479000095278025
291	1e-23	0.0017684000195004046
292	1e-23	0.0014087999588809907
293	1e-23	0.0012695000041276217
294	1e-23	0.00120599998626858
295	1e-23	0.0012394000077620149
296	1e-23	0.0011531999916769564
297	1e-23	0.0013300999999046326
298	1e-23	0.0013063999940641224
299	1e-23	0.0011987999896518886
300	1e-23	0.00122669996926561
301	1e-23	0.0010886999662034214
302	1e-23	0.0010889999684877694
303	1e-23	0.0010628000018186867
304	1e-23	0.0016650999896228313
305	1e-23	0.0012079000007361174
306	1e-23	0.0010851999977603555
307	1e-23	0.0010557000059634447
308	1e-23	0.0010648000170476735
309	1e-23	0.0010728000197559595
310	1e-23	0.0010585999698378146
311	1e-23	0.0010890999692492187
312	1e-23	0.001069100049789995
313	1e-23	0.0010569000151008368
314	1e-23	0.0011847999994643033
315	1e-23	0.001119100023061037
316	1e-23	0.001090699981432408
317	1e-23	0.0010927999974228442
318	1e-23	0.0012138999882154167
319	1e-23	0.0010600999812595546
320	1e-23	0.0012379999971017241
321	1e-23	0.001063500007148832
322	1e-23	0.0011062000412493944
323	1e-23	0.0010857000015676022
324	1e-23	0.001028900034725666
325	1e-23	0.0011980999843217432
326	1e-23	0.0011729999678209424
327	1e-23	0.001097499975003302
328	1e-23	0.001070300000719726
329	1e-23	0.0011211999808438122
330	1e-23	0.00118830002611503
331	1e-23	0.001323700009379536
332	1e-23	0.0012968999799340963
333	1e-23	0.0013068999978713691
334	1e-23	0.0012629000120796263
335	1e-23	0.001233500021044165
336	1e-23	0.0012261999654583633
337	1e-23	0.0011400999501347542
338	1e-23	0.0011240000021643937
339	1e-23	0.001173200027551502
340	1e-23	0.0011345999664627016
341	1e-23	0.0011752000427804887
342	1e-23	0.001179100014269352
343	1e-23	0.0013184999697841704
344	1e-23	0.0012529999949038029
345	1e-23	0.001249199965968728
346	1e-23	0.0009382000425830483
347	1e-23	0.001249799970537424
348	1e-23	0.0012801999691873789
349	1e-23	0.001197699981275946
350	1e-23	0.001236199983395636
351	1e-23	0.0011706000077538192
352	1e-23	0.0011109000188298523
353	1e-23	0.0012014000094495714
354	1e-23	0.0011449999874457717
355	1e-23	0.0011113000218756497
356	1e-23	0.001410700031556189
357	1e-23	0.0011434999760240316
358	1e-23	0.001157500024419278
359	1e-23	0.0011926000006496906
360	1e-23	0.001061099988874048
361	1e-23	0.0010690000490285456
362	1e-23	0.0011304999934509397
363	1e-23	0.0010977000347338617
364	1e-23	0.001110200013499707
365	1e-23	0.001059599977452308
366	1e-23	0.0012327000149525702
367	1e-23	0.001264600025024265
368	1e-23	0.0012626999523490667
369	1e-23	0.001402700028847903
370	1e-23	0.0013043999788351357
371	1e-23	0.0013378000003285706
372	1e-23	0.0013784999609924853
373	1e-23	0.00119570002425462
374	1e-23	0.0011978000402450562
375	1e-23	0.0013215999933890998
376	1e-23	0.001274599984753877
377	1e-23	0.0012435000389814377
378	1e-23	0.0011896999785676599
379	1e-23	0.0011638000141829252
380	1e-23	0.0011109000188298523
381	1e-23	0.0011929000029340386
382	1e-23	0.001213099982123822
383	1e-23	0.0012614000006578863
384	1e-23	0.0012462000013329089
385	1e-23	0.0011972999782301486
386	1e-23	0.001250099972821772
387	1e-23	0.0011701000039465725
388	1e-23	0.0011603999882936478
389	1e-23	0.001146599999628961
390	1e-23	0.0011190000222995877
391	1e-23	0.001234699971973896
392	1e-23	0.0013550999574363232
393	1e-23	0.0012242000084370375
394	1e-23	0.0014818999916315079
395	1e-23	0.0014084000140428543
396	1e-23	0.0012662000372074544
397	1e-23	0.0011054999777115881
398	1e-23	0.0012547000078484416
399	1e-23	0.0013424999779090285
400	1e-23	0.0011701000039465725
401	1e-23	0.0010480000055395067
402	1e-23	0.0015890999929979444
403	1e-23	0.0012288999860174954
404	1e-23	0.0010916999890469015
405	1e-23	0.0012315000058151782
406	1e-23	0.0013440000475384295
407	1e-23	0.0015236000181175768
408	1e-23	0.001304199977312237
409	1e-23	0.0012393000070005655
410	1e-23	0.0012201000354252756
411	1e-23	0.0013720999704673886
412	1e-23	0.001262500009033829
413	1e-23	0.001457699981983751
414	1e-23	0.0011675999849103391
415	1e-23	0.0012380999978631735
416	1e-23	0.001101000001654029
417	1e-23	0.0017988999607041478
418	1e-23	0.0012849000049754977
419	1e-23	0.0010598000371828675
420	1e-23	0.001227599976118654
421	1e-23	0.0012591999839060009
422	1e-23	0.0011597999837249517
423	1e-23	0.001084199990145862
424	1e-23	0.0015492999809794128
425	1e-23	0.001227299973834306
426	1e-23	0.0011479999520815909
427	1e-23	0.0016044999938458204
428	1e-23	0.0011560999555513263
429	1e-23	0.0013206999865360558
430	1e-23	0.001433099969290197
431	1e-23	0.0012471999507397413
432	1e-23	0.0011628000065684319
433	1e-23	0.0012931000092066824
434	1e-23	0.0014354000450111926
435	1e-23	0.0011543000000528991
436	1e-23	0.0012271000305190682
437	1e-23	0.0011552999494597316
438	1e-23	0.0010508999694138765
439	1e-23	0.0010940000065602362
440	1e-23	0.0013118000351823866
441	1e-23	0.001297999988310039
442	1e-23	0.0013028999674133956
443	1e-23	0.0013726000324822962
444	1e-23	0.0011938000097870827
445	1e-23	0.0012023999588564038
446	1e-23	0.0011885000276379287
447	1e-23	0.0013010000111535192
448	1e-23	0.001214599993545562
449	1e-23	0.0013407000224106014
450	1e-23	0.0013566000270657241
451	1e-23	0.0010920999920926988
452	1e-23	0.0011513999779708683
453	1e-23	0.0012538000009953976
454	1e-23	0.001618600043002516
455	1e-23	0.0013930000131949782
456	1e-23	0.0012036000262014568
457	1e-23	0.001131199998781085
458	1e-23	0.0011653000256046653
459	1e-23	0.0015023000305518508
460	1e-23	0.001116400002501905
461	1e-23	0.0011248000082559884
462	1e-23	0.0013487999676726758
463	1e-23	0.0012291999883018434
464	1e-23	0.0011354999733157456
465	1e-23	0.0016063000075519085
466	1e-23	0.0012095000129193068
467	1e-23	0.0011900999816134572
468	1e-23	0.0013175999629311264
469	1e-23	0.00120599998626858
470	1e-23	0.0011738999746739864
471	1e-23	0.0013322000158950686
472	1e-23	0.0012088000075891614
473	1e-23	0.0011659000301733613
474	1e-23	0.0011733999708667397
475	1e-23	0.0013790000230073929
476	1e-23	0.0011143000447191298
477	1e-23	0.0015088000218383968
478	1e-23	0.0012381999986246228
479	1e-23	0.001207799999974668
480	1e-23	0.0011642000172287226
481	1e-23	0.0011353999725542963
482	1e-23	0.0011697000009007752
483	1e-23	0.001070900005288422
484	1e-23	0.0010647000162862241
485	1e-23	0.001194500015117228
486	1e-23	0.001157800026703626
487	1e-23	0.0010771999950520694
488	1e-23	0.0012120000319555402
489	1e-23	0.0012105999630875885
490	1e-23	0.001387000025715679
491	1e-23	0.0017749000107869506
492	1e-23	0.0012018000124953687
493	1e-23	0.0010712000075727701
494	1e-23	0.0011508999741636217
495	1e-23	0.00136599998222664
496	1e-23	0.0011279999744147062
497	1e-23	0.0011455000494606793
498	1e-23	0.001211299968417734
499	1e-23	0.001206599990837276
500	1e-23	0.001178200007416308
501	1e-23	0.001213999988976866
502	1e-23	0.0012821999844163656
503	1e-23	0.0011745999800041318
504	1e-23	0.0011499999673105776
505	1e-23	0.0012803000281564891
506	1e-23	0.0013244000147096813
507	1e-23	0.0011535999947227538
508	1e-23	0.0012203999795019627
509	1e-23	0.0011922999983653426
510	1e-23	0.0010698999976739287
511	1e-23	0.0011556000099517405
512	1e-23	0.0012086000060662627
513	1e-23	0.0011282000341452658
514	1e-23	0.0012581999762915075
515	1e-23	0.001305699988733977
516	1e-23	0.0010942999506369233
517	1e-23	0.00109629996586591
518	1e-23	0.0011847999994643033
519	1e-23	0.0011406000121496618
520	1e-23	0.0010569000151008368
521	1e-23	0.0011283000349067152
522	1e-23	0.0012608999968506396
523	1e-23	0.0011880999663844705
524	1e-23	0.0010964000248350203
525	1e-23	0.0011320000048726797
526	1e-23	0.0011752999853342772
527	1e-23	0.0013986999983899295
528	1e-23	0.0013833999983035028
529	1e-23	0.0012531999964267015
530	1e-23	0.001145099988207221
531	1e-23	0.0011658999719657004
532	1e-23	0.001381699985358864
533	1e-23	0.00135570002021268
534	1e-23	0.0010707000037655234
535	1e-23	0.0014193999813869596
536	1e-23	0.0011229999945499003
537	1e-23	0.0011694999993778765
538	1e-23	0.0011475000064820051
539	1e-23	0.0013917000032961369
540	1e-23	0.0014539000112563372
541	1e-23	0.001701100030913949
542	1e-23	0.0012315999483689666
543	1e-23	0.0010599999804981053
544	1e-23	0.0011156000546179712
545	1e-23	0.001052199979312718
546	1e-23	0.0011590999783948064
547	1e-23	0.0010779000003822148
548	1e-23	0.0012733999756164849
549	1e-23	0.001145699992775917
550	1e-23	0.0010771999950520694
551	1e-23	0.0012328000157140195
552	1e-23	0.0012166999513283372
553	1e-23	0.00119270000141114
554	1e-23	0.0011205999762751162
555	1e-23	0.0011067999876104295
556	1e-23	0.001062600000295788
557	1e-23	0.0010383999906480312
558	1e-23	0.0010173000046052039
559	1e-23	0.0012476000119931996
560	1e-23	0.0011993999942205846
561	1e-23	0.0010533000458963215
562	1e-23	0.0010775999980978668
563	1e-23	0.0010398999438621104
564	1e-23	0.0010602999827824533
565	1e-23	0.0012226999970152974
566	1e-23	0.001153399993199855
567	1e-23	0.0010426999651826918
568	1e-23	0.001014399982523173
569	1e-23	0.0011070999898947775
570	1e-23	0.0010961000225506723
571	1e-23	0.0010337000130675733
572	1e-23	0.0010608999873511493
573	1e-23	0.001108099997509271
574	1e-23	0.0010556000052019954
575	1e-23	0.0010337000130675733
576	1e-23	0.0011115999659523368
577	1e-23	0.0012166000087745488
578	1e-23	0.0012100000167265534
579	1e-23	0.0011607999913394451
580	1e-23	0.001042800024151802
581	1e-23	0.0010686000459827483
582	1e-23	0.0009882000158540905
583	1e-23	0.0010292999795638025
584	1e-23	0.0010341000161133707
585	1e-23	0.0010403000051155686
586	1e-23	0.0008921999833546579
587	1e-23	0.0008777999901212752
588	1e-23	0.0009575000149197876
589	1e-23	0.0012717999634332955
590	1e-23	0.0013282999861985445
591	1e-23	0.0009058000287041068
592	1e-23	0.0010885000228881836
593	1e-23	0.0013206999865360558
594	1e-23	0.001172300020698458
595	1e-23	0.0012472000089474022
596	1e-23	0.0011251000105403364
597	1e-23	0.0011889999732375145
598	1e-23	0.0010781000019051135
599	1e-23	0.0012335999635979533
600	1e-23	0.001187100016977638
601	1e-23	0.0010989999864250422
602	1e-23	0.0011815999750979245
603	1e-23	0.001125300012063235
604	1e-23	0.0010849999962374568
605	1e-23	0.0010801000171341002
606	1e-23	0.001251000037882477
607	1e-23	0.0011455999920144677
608	1e-23	0.001098400040064007
609	1e-23	0.0011035999632440507
610	1e-23	0.0010863000061362982
611	1e-23	0.0010765999904833734
612	1e-23	0.001164000015705824
613	1e-23	0.0011144000454805791
614	1e-23	0.0010935000027529895
615	1e-23	0.0010054000304080546
616	1e-23	0.0010043000220321119
617	1e-23	0.0010790000087581575
618	1e-23	0.0012730999733321369
619	1e-23	0.0011386999976821244
620	1e-23	0.0010843999916687608
621	1e-23	0.0011270000250078738
622	1e-23	0.0011146999895572662
623	1e-23	0.0010335000115446746
624	1e-23	0.0011166000040248036
625	1e-23	0.0010495000169612467
626	1e-23	0.0011131000355817378
627	1e-23	0.0010508000268600881
628	1e-23	0.0011169000063091516
629	1e-23	0.0011471999459899962
630	1e-23	0.0010588999721221626
631	1e-23	0.0010602999827824533
632	1e-23	0.0011283999774605036
633	1e-23	0.0010323000024072826
634	1e-23	0.0012660999782383442
635	1e-23	0.0011309999972581863
636	1e-23	0.0010449999826960266
637	1e-23	0.0010371999815106392
638	1e-23	0.0011709000100381672
639	1e-23	0.0011771999998018146
640	1e-23	0.001027700025588274
641	1e-23	0.0010043000220321119
642	1e-23	0.0010038999607786536
643	1e-23	0.0011972999782301486
644	1e-23	0.0010605999850668013
645	1e-23	0.0010685999877750874
646	1e-23	0.0011417000205256045
647	1e-23	0.001541099976748228
648	1e-23	0.0013803000329062343
649	1e-23	0.0012430999777279794
650	1e-23	0.0011535999947227538
651	1e-23	0.001127899973653257
652	1e-23	0.0010715000098571181
653	1e-23	0.0012874000240117311
654	1e-23	0.0011990999919362366
655	1e-23	0.0011535999947227538
656	1e-23	0.001181500032544136
657	1e-23	0.001209900015965104
658	1e-23	0.0011329000117257237
659	1e-23	0.0011835000477731228
660	1e-23	0.0011353999725542963
661	1e-23	0.0011937000090256333
662	1e-23	0.0015165000222623348
663	1e-23	0.0011745999800041318
664	1e-23	0.0014004999538883567
665	1e-23	0.0012769000022672117
666	1e-23	0.001415100006852299
667	1e-23	0.0015882999869063497
668	1e-23	0.0015916000120341778
669	1e-23	0.0012669999850913882
670	1e-23	0.001310099964030087
671	1e-23	0.0011973999789915979
672	1e-23	0.0012104000197723508
673	1e-23	0.0012387000024318695
674	1e-23	0.0011547000030986965
675	1e-23	0.0012193999718874693
676	1e-23	0.0011532999924384058
677	1e-23	0.0013319000136107206
678	1e-23	0.0012922000023536384
679	1e-23	0.0012574999709613621
680	1e-23	0.0012507999781519175
681	1e-23	0.0011573000228963792
682	1e-23	0.0011473000049591064
683	1e-23	0.0016352999955415726
684	1e-23	0.001173200027551502
685	1e-23	0.0011411000159569085
686	1e-23	0.0011505000293254852
687	1e-23	0.001177600002847612
688	1e-23	0.0013000000035390258
689	1e-23	0.0011887999717146158
690	1e-23	0.001119400025345385
691	1e-23	0.001357399974949658
692	1e-23	0.0011851000017486513
693	1e-23	0.001095100014936179
694	1e-23	0.001108700002077967
695	1e-23	0.0019212999613955617
696	1e-23	0.0012054999824613333
697	1e-23	0.0011171000078320503
698	1e-23	0.0013571999734267592
699	1e-23	0.001187099958769977
700	1e-23	0.001110499957576394
701	1e-23	0.001167299982625991
702	1e-23	0.0011566000175662339
703	1e-23	0.001039499999023974
704	1e-23	0.001133000012487173
705	1e-23	0.0010848999954760075
706	1e-23	0.0010821999749168754
707	1e-23	0.0010584999690763652
708	1e-23	0.0016754000098444521
709	1e-23	0.001445000001695007
710	1e-23	0.001135899976361543
711	1e-23	0.0011427000281400979
712	1e-23	0.0010698999976739287
713	1e-23	0.0010531999869272113
714	1e-23	0.0010405000066384673
715	1e-23	0.0010855000000447035
716	1e-23	0.0010192000190727413
717	1e-23	0.0010257999529130757
718	1e-23	0.0010340000153519213
719	1e-23	0.0011730999685823917
720	1e-23	0.001090999983716756
721	1e-23	0.0011834999895654619
722	1e-23	0.0011780000058934093
723	1e-23	0.001122299989219755
724	1e-23	0.0011354999733157456
725	1e-23	0.0011320000048726797
726	1e-23	0.0012843000004068017
727	1e-23	0.001146599999628961
728	1e-23	0.0010661000269465148
729	1e-23	0.0011190000222995877
730	1e-23	0.0010817000293172896
731	1e-23	0.0010560000082477927
732	1e-23	0.0010189000167883933
733	1e-23	0.0011534999939613044
734	1e-23	0.0012640999630093575
735	1e-23	0.0012450999929569662
736	1e-23	0.0013971999869681895
737	1e-23	0.0012225000537000597
738	1e-23	0.0012177000171504915
739	1e-23	0.001088900025933981
740	1e-23	0.0013279999839141965
741	1e-23	0.001438500010408461
742	1e-23	0.0011988000478595495
743	1e-23	0.0012162000057287514
744	1e-23	0.0011341999634169042
745	1e-23	0.001129999989643693
746	1e-23	0.0013484000228345394
747	1e-23	0.0011703999480232596
748	1e-23	0.001179999962914735
749	1e-23	0.0012466000043787062
750	1e-23	0.0012002999428659678
751	1e-23	0.0011569999624043703
752	1e-23	0.0011097000096924603
753	1e-23	0.001171700016129762
754	1e-23	0.0012098000152036548
755	1e-23	0.0011607999913394451
756	1e-23	0.001124400005210191
757	1e-23	0.0011775000020861626
758	1e-23	0.0011036999640055
759	1e-23	0.001199799997266382
760	1e-23	0.0012144999927841127
761	1e-23	0.001083300041500479
762	1e-23	0.0011421000235714018
763	1e-23	0.0011539999977685511
764	1e-23	0.0011973999789915979
765	1e-23	0.001087700016796589
766	1e-23	0.001114599988795817
767	1e-23	0.0011378999915905297
768	1e-23	0.0011364000383764505
769	1e-23	0.0011766999959945679
770	1e-23	0.0011457999935373664
771	1e-23	0.0012098000152036548
772	1e-23	0.001177300000563264
773	1e-23	0.0011857999488711357
774	1e-23	0.0011434999760240316
775	1e-23	0.0011678000446408987
776	1e-23	0.0011854000040329993
777	1e-23	0.0012483999598771334
778	1e-23	0.0012277999776415527
779	1e-23	0.0012310000020079315
780	1e-23	0.0010949000134132802
781	1e-23	0.0011175000108778477
782	1e-23	0.001299199997447431
783	1e-23	0.0011847999994643033
784	1e-23	0.0017916999640874565
785	1e-23	0.0013140999944880605
786	1e-23	0.0014816999901086092
787	1e-23	0.0014505000435747206
788	1e-23	0.0012331000179983675
789	1e-23	0.0011451999889686704
790	1e-23	0.0011891000322066247
791	1e-23	0.0011383999953977764
792	1e-23	0.0010902000358328223
793	1e-23	0.0012755999923683703
794	1e-23	0.0012617000029422343
795	1e-23	0.0010860000038519502
796	1e-23	0.0018463999731466174
797	1e-23	0.0011822999804280698
798	1e-23	0.0011414000182412565
799	1e-23	0.0012281000381335616
800	1e-23	0.0012276999768801033
801	1e-23	0.0011291000409983099
802	1e-23	0.001114899991080165
803	1e-23	0.0011705000069923699
804	1e-23	0.0011212999816052616
805	1e-23	0.0011013999464921653
806	1e-23	0.001221999991685152
807	1e-23	0.0011546000023372471
808	1e-23	0.0013481999631039798
809	1e-23	0.0011502000270411372
810	1e-23	0.0014883999829180539
811	1e-23	0.0012203999795019627
812	1e-23	0.001182700041681528
813	1e-23	0.0012330000172369182
814	1e-23	0.0011470000026747584
815	1e-23	0.0011867000139318407
816	1e-23	0.0011932000052183867
817	1e-23	0.0012159999459981918
818	1e-23	0.0012465000036172569
819	1e-23	0.001333200023509562
820	1e-23	0.0012978999875485897
821	1e-23	0.001241200021468103
822	1e-23	0.001186500012408942
823	1e-23	0.0011261999607086182
824	1e-23	0.0013479000190272927
825	1e-23	0.0013911999994888902
826	1e-23	0.0011530000483617187
827	1e-23	0.0010441999766044319
828	1e-23	0.0010839999886229634
829	1e-23	0.0011377999908290803
830	1e-23	0.0010998999932780862
831	1e-23	0.0010572000173851848
832	1e-23	0.001285300008021295
833	1e-23	0.0014340999769046903
834	1e-23	0.0014171000220812857
835	1e-23	0.0010647000162862241
836	1e-23	0.0010589000303298235
837	1e-23	0.0011576999677345157
838	1e-23	0.0010815999703481793
839	1e-23	0.0010389999952167273
840	1e-23	0.0011081999982707202
841	1e-23	0.001122599991504103
842	1e-23	0.0010976000339724123
843	1e-23	0.0011559000122360885
844	1e-23	0.0013353999820537865
845	1e-23	0.0018433000077493489
846	1e-23	0.0011202000314369798
847	1e-23	0.0011837999918498099
848	1e-23	0.001191499992273748
849	1e-23	0.0011529999901540577
850	1e-23	0.0010976999765262008
851	1e-23	0.001110499957576394
852	1e-23	0.0011111999629065394
853	1e-23	0.0010016000014729798
854	1e-23	0.0011347999679856002
855	1e-23	0.0010504000238142908
856	1e-23	0.0010354999685660005
857	1e-23	0.00106969999615103
858	1e-23	0.001502899976912886
859	1e-23	0.0010772999958135188
860	1e-23	0.0010282000293955207
861	1e-23	0.001139200001489371
862	1e-23	0.0010959000210277736
863	1e-23	0.0011599999852478504
864	1e-23	0.0011611999943852425
865	1e-23	0.0009737000218592584
866	1e-23	0.0009104000055231154
867	1e-23	0.0009634000016376376
868	1e-23	0.0011175000108778477
869	1e-23	0.0011753999860957265
870	1e-23	0.001129699987359345
871	1e-23	0.001145999995060265
872	1e-23	0.0011432000319473445
873	1e-23	0.0010824999772012234
874	1e-23	0.001151299977209419
875	1e-23	0.0012392000062391162
876	1e-23	0.0014669999945908785
877	1e-23	0.0011150999926030636
878	1e-23	0.001013800036162138
879	1e-23	0.0011281000333838165
880	1e-23	0.0011372999870218337
881	1e-23	0.0011593999806791544
882	1e-23	0.0012083000037819147
883	1e-23	0.001058999972883612
884	1e-23	0.0010474000009708107
885	1e-23	0.0012310000020079315
886	1e-23	0.0012588999816216528
887	1e-23	0.0011348999687470496
888	1e-23	0.0012605999945662916
889	1e-23	0.001187100016977638
890	1e-23	0.0012412999640218914
891	1e-23	0.0011691999970935285
892	1e-23	0.0011981000425294042
893	1e-23	0.001206600049044937
894	1e-23	0.0011611999943852425
895	1e-23	0.0011044000275433064
896	1e-23	0.0011500000255182385
897	1e-23	0.0014187999768182635
898	1e-23	0.0014750999980606139
899	1e-23	0.0012042999733239412
900	1e-23	0.0011620000004768372
901	1e-23	0.0011283000349067152
902	1e-23	0.0012315000058151782
903	1e-23	0.001172299962490797
904	1e-23	0.0011248000082559884
905	1e-23	0.0011116000241599977
906	1e-23	0.0010759999859146774
907	1e-23	0.0011706000077538192
908	1e-23	0.0011341000208631158
909	1e-23	0.0011633000103756785
910	1e-23	0.0013648999738506973
911	1e-23	0.0013455000007525086
912	1e-23	0.0012519999872893095
913	1e-23	0.0013154999469406903
914	1e-23	0.0014172999653965235
915	1e-23	0.0013046999811194837
916	1e-23	0.0012245000107213855
917	1e-23	0.0012215999886393547
918	1e-23	0.0012205999810248613
919	1e-23	0.0013165000127628446
920	1e-23	0.0011952000204473734
921	1e-23	0.0015499999863095582
922	1e-23	0.001379599969368428
923	1e-23	0.0015106999780982733
924	1e-23	0.0012550000101327896
925	1e-23	0.0013527999981306493
926	1e-23	0.001208400004543364
927	1e-23	0.0011912999907508492
928	1e-23	0.0012527000508271158
929	1e-23	0.0011479000095278025
930	1e-23	0.001312199980020523
931	1e-23	0.001358299981802702
932	1e-23	0.0012039999710395932
933	1e-23	0.0012400000123307109
934	1e-23	0.001294999965466559
935	1e-23	0.0013500000350177288
936	1e-23	0.0012012000079266727
937	1e-23	0.0013942000223323703
938	1e-23	0.001415100006852299
939	1e-23	0.001229999994393438
940	1e-23	0.0012259999639354646
941	1e-23	0.0012910999939776957
942	1e-23	0.0011232999968342483
943	1e-23	0.0011626000050455332
944	1e-23	0.0012033000239171088
945	1e-23	0.0018410999909974635
946	1e-23	0.0016493999864906073
947	1e-23	0.0012365999864414334
948	1e-23	0.0011778000043705106
949	1e-23	0.0011907999869436026
950	1e-23	0.0011547000030986965
951	1e-23	0.0012348000309430063
952	1e-23	0.0011742999777197838
953	1e-23	0.00164610001957044
954	1e-23	0.0012487000203691423
955	1e-23	0.0011531999916769564
956	1e-23	0.0014589999918825924
957	1e-23	0.0021240999922156334
958	1e-23	0.0011741999769583344
959	1e-23	0.0011528999893926084
960	1e-23	0.0011787000112235546
961	1e-23	0.0011021000100299716
962	1e-23	0.001348900026641786
963	1e-23	0.0013048999826423824
964	1e-23	0.0012377999955788255
965	1e-23	0.0014144000015221536
966	1e-23	0.0012388000031933188
967	1e-23	0.0013228000025264919
968	1e-23	0.0014586999895982444
969	1e-23	0.0011818999773822725
970	1e-23	0.0010736999684013426
971	1e-23	0.0012040000292472541
972	1e-23	0.0010580000234767795
973	1e-23	0.0011594000388868153
974	1e-23	0.0010517999762669206
975	1e-23	0.0011377999908290803
976	1e-23	0.0012954000267200172
977	1e-23	0.0012378999963402748
978	1e-23	0.0014819999923929572
979	1e-23	0.0013560000224970281
980	1e-23	0.001332900021225214
981	1e-23	0.0013599999947473407
982	1e-23	0.001305699988733977
983	1e-23	0.0011891999747604132
984	1e-23	0.0011798999621532857
985	1e-23	0.0012057000421918929
986	1e-23	0.0013003000058233738
987	1e-23	0.0011498000239953399
988	1e-23	0.0013019000180065632
989	1e-23	0.0012642999645322561
990	1e-23	0.0012394000077620149
991	1e-23	0.0016229000175371766
992	1e-23	0.0013472000136971474
993	1e-23	0.0010251000057905912
994	1e-23	0.0012175999581813812
995	1e-23	0.0014717000303789973
996	1e-23	0.0012624000082723796
997	1e-23	0.001264000020455569
998	1e-23	0.0012993999989703298
999	1e-23	0.001194800017401576
1000	1e-23	0.0012247000122442842
1001	1e-23	0.0011977999820373952
1002	1e-23	0.0011236999998800457
1003	1e-23	0.0013579000369645655
1004	1e-23	0.00194540002848953
1005	1e-23	0.0015412999782711267
1006	1e-23	0.001318100024946034
1007	1e-23	0.0011864000116474926
1008	1e-23	0.0012017000117339194
1009	1e-23	0.0013272999785840511
1010	1e-23	0.0012224999954923987
1011	1e-23	0.0011586000327952206
1012	1e-23	0.0012882999726571143
1013	1e-23	0.001197699981275946
1014	1e-23	0.001200700004119426
1015	1e-23	0.0012555000139400363
1016	1e-23	0.0013094000169076025
1017	1e-23	0.0012029000208713114
1018	1e-23	0.0012868999619968235
1019	1e-23	0.001296499976888299
1020	1e-23	0.001178800011985004
1021	1e-23	0.0011532000498846173
1022	1e-23	0.0012759999954141676
1023	1e-23	0.0011932000052183867
1024	1e-23	0.0012814999790862203
1025	1e-23	0.001289999985601753
1026	1e-23	0.0012473000097088516
1027	1e-23	0.0013291000504978001
1028	1e-23	0.0011869999580085278
1029	1e-23	0.0012493999674916267
1030	1e-23	0.0011777000036090612
1031	1e-23	0.0011938000097870827
1032	1e-23	0.0011202999739907682
1033	1e-23	0.0011700000031851232
1034	1e-23	0.001118800020776689
1035	1e-23	0.0013535000034607947
1036	1e-23	0.0012483999598771334
1037	1e-23	0.0013765000039711595
1038	1e-23	0.0011605999898165464
1039	1e-23	0.0014260999741964042
1040	1e-23	0.001440499967429787
1041	1e-23	0.0017356000025756657
1042	1e-23	0.0012719999649561942
1043	1e-23	0.0013213999918662012
1044	1e-23	0.0012729000300168991
1045	1e-23	0.0011755999876186252
1046	1e-23	0.0012505999766290188
1047	1e-23	0.00123999995412305
1048	1e-23	0.0014028999721631408
1049	1e-23	0.0012938000145368278
1050	1e-23	0.00146390002919361
1051	1e-23	0.0014066000003367662
1052	1e-23	0.0011829000432044268
1053	1e-23	0.00118680001469329
1054	1e-23	0.0012206000392325222
1055	1e-23	0.0011977999820373952
1056	1e-23	0.0012169000110588968
1057	1e-23	0.0013460000045597553
1058	1e-23	0.0011744999792426825
1059	1e-23	0.0011383999953977764
1060	1e-23	0.0012692000018432736
1061	1e-23	0.001117000007070601
1062	1e-23	0.001236799987964332
1063	1e-23	0.001249500026460737
1064	1e-23	0.0012276999768801033
1065	1e-23	0.0011050999746657908
1066	1e-23	0.0011246000067330897
1067	1e-23	0.0013362999889068305
1068	1e-23	0.0012294999905861914
1069	1e-23	0.0011562000145204365
1070	1e-23	0.0012423000298440456
1071	1e-23	0.0011919999960809946
1072	1e-23	0.0010783000034280121
1073	1e-23	0.001413899997714907
1074	1e-23	0.0013916000025346875
1075	1e-23	0.001234400027897209
1076	1e-23	0.0012924999464303255
1077	1e-23	0.001192399999126792
1078	1e-23	0.0010794999543577433
1079	1e-23	0.0010642999550327659
1080	1e-23	0.001128499978221953
1081	1e-23	0.0012573000276461244
1082	1e-23	0.0011529999901540577
1083	1e-23	0.0011356999748386443
1084	1e-23	0.0011333999573253095
1085	1e-23	0.001137099985498935
1086	1e-23	0.0010714000090956688
1087	1e-23	0.001164599962066859
1088	1e-23	0.001145699992775917
1089	1e-23	0.0012698000064119697
1090	1e-23	0.0011467000003904104
1091	1e-23	0.0011588999768719077
1092	1e-23	0.0011138000409118831
1093	1e-23	0.0010486000101082027
1094	1e-23	0.0011209000367671251
1095	1e-23	0.0011684999917633832
1096	1e-23	0.0010743000311776996
1097	1e-23	0.0010223000426776707
1098	1e-23	0.0010783000034280121
1099	1e-23	0.00107709999429062
1100	1e-23	0.0010745000327005982
1101	1e-23	0.0010016000014729798
1102	1e-23	0.0011752000427804887
1103	1e-23	0.0011986999888904393
1104	1e-23	0.0010992999887093902
1105	1e-23	0.0010975999757647514
1106	1e-23	0.001018200011458248
1107	1e-23	0.001006099977530539
1108	1e-23	0.0010528999846428633
1109	1e-23	0.001262800011318177
1110	1e-23	0.001241200021468103
1111	1e-23	0.0010544999968260527
1112	1e-23	0.0010364999761804938
1113	1e-23	0.0010493999579921365
1114	1e-23	0.0010221999837085605
1115	1e-23	0.0009988999809138477
1116	1e-23	0.0016307999612763524
1117	1e-23	0.001112900034058839
1118	1e-23	0.0010395999997854233
1119	1e-23	0.0010978999780490994
1120	1e-23	0.0011024000123143196
1121	1e-23	0.001146900001913309
1122	1e-23	0.0011048999731428921
1123	1e-23	0.0011109999613836408
1124	1e-23	0.0011412000167183578
1125	1e-23	0.001103100017644465
1126	1e-23	0.0010941000073216856
1127	1e-23	0.0011534999939613044
1128	1e-23	0.0010618999949656427
1129	1e-23	0.0012547000078484416
1130	1e-23	0.0016066000098362565
1131	1e-23	0.0011990999919362366
1132	1e-23	0.0011922999983653426
1133	1e-23	0.0012513999827206135
1134	1e-23	0.0011969000333920121
1135	1e-23	0.0012416000245139003
1136	1e-23	0.0010712000075727701
1137	1e-23	0.0010577000211924314
1138	1e-23	0.001046899997163564
1139	1e-23	0.0009408000041730702
1140	1e-23	0.0009966000216081738
1141	1e-23	0.0011482000118121505
1142	1e-23	0.0011554999509826303
1143	1e-23	0.0011723999632522464
1144	1e-23	0.0011194999678991735
1145	1e-23	0.0010772999958135188
1146	1e-23	0.0011436999775469303
1147	1e-23	0.001065799966454506
1148	1e-23	0.0014378999476321042
1149	1e-23	0.001546999963466078
1150	1e-23	0.0013389000087045133
1151	1e-23	0.0011258999584242702
1152	1e-23	0.0011608999921008945
1153	1e-23	0.0011490000179037452
1154	1e-23	0.0011971999774686992
1155	1e-23	0.0013678999966941774
1156	1e-23	0.0009497000137344003
1157	1e-23	0.000865899957716465
1158	1e-23	0.0011849000002257526
1159	1e-23	0.0009920999873429537
1160	1e-23	0.0012411000207066536
1161	1e-23	0.0015385000151582062
1162	1e-23	0.0011743999784812331
1163	1e-23	0.0010599999804981053
1164	1e-23	0.001096300024073571
1165	1e-23	0.0011485000140964985
1166	1e-23	0.0011467000003904104
1167	1e-23	0.0010996999917551875
1168	1e-23	0.0013419999741017818
1169	1e-23	0.0012516999850049615
1170	1e-23	0.001151000033132732
1171	1e-23	0.0011665999772958457
1172	1e-23	0.001123199996072799
1173	1e-23	0.00109779997728765
1174	1e-23	0.0010967000271193683
1175	1e-23	0.001109600008931011
1176	1e-23	0.0011219000443816185
1177	1e-23	0.0010355999693274498
1178	1e-23	0.0011490999604575336
1179	1e-23	0.0011089000036008656
1180	1e-23	0.0011529999901540577
1181	1e-23	0.0010726999607868493
1182	1e-23	0.001301499956753105
1183	1e-23	0.0011155000538565218
1184	1e-23	0.001067599980160594
1185	1e-23	0.0011297999881207943
1186	1e-23	0.001096899970434606
1187	1e-23	0.0010912000434473157
1188	1e-23	0.0010540999937802553
1189	1e-23	0.0011189000215381384
1190	1e-23	0.0014739999896846712
1191	1e-23	0.0011457999935373664
1192	1e-23	0.0010989999864250422
1193	1e-23	0.0011625000042840838
1194	1e-23	0.001476900011766702
1195	1e-23	0.0012513999827206135
1196	1e-23	0.0011431999737396836
1197	1e-23	0.0011264999629929662
1198	1e-23	0.0013212999911047518
1199	1e-23	0.001276700000744313
1200	1e-23	0.0011070999898947775
1201	1e-23	0.0010967000271193683
1202	1e-23	0.001083899987861514
1203	1e-23	0.0010820000316016376
1204	1e-23	0.001040400005877018
1205	1e-23	0.001058699970599264
1206	1e-23	0.0010646000155247748
1207	1e-23	0.0011770999990403652
1208	1e-23	0.001233500021044165
1209	1e-23	0.0011166000040248036
1210	1e-23	0.0011186000192537904
1211	1e-23	0.00120449997484684
1212	1e-23	0.00108589994488284
1213	1e-23	0.0011468000011518598
1214	1e-23	0.0011245000059716403
1215	1e-23	0.0012017000117339194
1216	1e-23	0.0010970999719575047
1217	1e-23	0.0010776999988593161
1218	1e-23	0.00106819998472929
1219	1e-23	0.0010642999550327659
1220	1e-23	0.0010329000069759786
1221	1e-23	0.001268399995751679
1222	1e-23	0.0012224999954923987
1223	1e-23	0.001214599993545562
1224	1e-23	0.0016133000026457012
1225	1e-23	0.0011810999712906778
1226	1e-23	0.0012586999800987542
1227	1e-23	0.0011718000168912113
1228	1e-23	0.0010810999665409327
1229	1e-23	0.0010501000215299428
1230	1e-23	0.001070600003004074
1231	1e-23	0.0012771000037901103
1232	1e-23	0.0011537999962456524
1233	1e-23	0.0013895000447519124
1234	1e-23	0.001108700002077967
1235	1e-23	0.0011968000326305628
1236	1e-23	0.0012211999855935574
1237	1e-23	0.0011563000152818859
1238	1e-23	0.001129099982790649
1239	1e-23	0.001036900037433952
1240	1e-23	0.0011201000306755304
1241	1e-23	0.0010697999969124794
1242	1e-23	0.001190899987705052
1243	1e-23	0.001135599974077195
1244	1e-23	0.0010771999950520694
1245	1e-23	0.0011867000139318407
1246	1e-23	0.0012161999475210905
1247	1e-23	0.0013383999466896057
1248	1e-23	0.001336699991952628
1249	1e-23	0.001317500020377338
1250	1e-23	0.0011947000166401267
1251	1e-23	0.0011972999782301486
1252	1e-23	0.0012381999986246228
1253	1e-23	0.001172900025267154
1254	1e-23	0.0011360999778844416
1255	1e-23	0.0011210000375285745
1256	1e-23	0.0010263000149279833
1257	1e-23	0.0010967000271193683
1258	1e-23	0.001200400001835078
1259	1e-23	0.0019386999774724245
1260	1e-23	0.001215800002682954
1261	1e-23	0.0016548000276088715
1262	1e-23	0.0011591999791562557
1263	1e-23	0.0010611999896354973
1264	1e-23	0.0013927999534644186
1265	1e-23	0.0015286999987438321
1266	1e-23	0.0012175000156275928
1267	1e-23	0.0014511000481434166
1268	1e-23	0.001103400019928813
1269	1e-23	0.0010234999936074018
1270	1e-23	0.0015554000274278224
1271	1e-23	0.0014043999835848808
1272	1e-23	0.001172299962490797
1273	1e-23	0.0012934000114910305
1274	1e-23	0.0012023000163026154
1275	1e-23	0.001113200036343187
1276	1e-23	0.001101600006222725
1277	1e-23	0.0012741999817080796
1278	1e-23	0.0011902999831363559
1279	1e-23	0.0013349999790079892
1280	1e-23	0.001388499978929758
1281	1e-23	0.0011384999961592257
1282	1e-23	0.0015153000131249428
1283	1e-23	0.0014928000164218247
1284	1e-23	0.0013188999728299677
1285	1e-23	0.0012864000163972378
1286	1e-23	0.001414500002283603
1287	1e-23	0.0016611000173725188
1288	1e-23	0.0013945999671705067
1289	1e-23	0.001330200000666082
1290	1e-23	0.0013219999964348972
1291	1e-23	0.0012530999956652522
1292	1e-23	0.001305399986449629
1293	1e-23	0.0013749999925494194
1294	1e-23	0.0013387000071816146
1295	1e-23	0.0012223999947309494
1296	1e-23	0.001362200011499226
1297	1e-23	0.0012302999966777861
1298	1e-23	0.0015842000138945878
1299	1e-23	0.0012035000254400074
1300	1e-23	0.0012394000077620149
1301	1e-23	0.0016181000391952693
1302	1e-23	0.0014335999730974436
1303	1e-23	0.001290299987886101
1304	1e-23	0.0014643000322394073
1305	1e-23	0.0013410000246949494
1306	1e-23	0.0012942999601364136
1307	1e-23	0.0013453999999910593
1308	1e-23	0.0013014000141993165
1309	1e-23	0.0011745999800041318
1310	1e-23	0.0013183000264689326
1311	1e-23	0.0012704000109806657
1312	1e-23	0.0011004999978467822
1313	1e-23	0.001255699957255274
1314	1e-23	0.0012464000028558075
1315	1e-23	0.0016602000105194747
1316	1e-23	0.0014886999852024019
1317	1e-23	0.001178799953777343
1318	1e-23	0.0011958000250160694
1319	1e-23	0.0013507999829016626
1320	1e-23	0.0012964000343345106
1321	1e-23	0.0012558999587781727
1322	1e-23	0.0013323999592103064
1323	1e-23	0.0011864000116474926
1324	1e-23	0.0012102000182494521
1325	1e-23	0.0012778000091202557
1326	1e-23	0.0019370000227354467
1327	1e-23	0.0014962000423111022
1328	1e-23	0.001491100003477186
1329	1e-23	0.0012578999740071595
1330	1e-23	0.0011510999756865203
1331	1e-23	0.0012336000218056142
1332	1e-23	0.0012094000121578574
1333	1e-23	0.001111100020352751
1334	1e-23	0.001151000033132732
1335	1e-23	0.001204799977131188
1336	1e-23	0.0011522999848239124
1337	1e-23	0.001061999995727092
1338	1e-23	0.0015573000418953598
1339	1e-23	0.00109779997728765
1340	1e-23	0.0011107000173069537
1341	1e-23	0.001240600016899407
1342	1e-23	0.001319300034083426
1343	1e-23	0.0011935000075027347
1344	1e-23	0.001164899964351207
1345	1e-23	0.0012008999474346638
1346	1e-23	0.0011723999632522464
1347	1e-23	0.0011072999914176762
1348	1e-23	0.0011918999953195453
1349	1e-23	0.001204199972562492
1350	1e-23	0.0013059000484645367
1351	1e-23	0.0013078000047244132
1352	1e-23	0.0011554000084288418
1353	1e-23	0.0010500999633222818
1354	1e-23	0.0012901000445708632
1355	1e-23	0.001236199983395636
1356	1e-23	0.0012664000387303531
1357	1e-23	0.0010901999776251614
1358	1e-23	0.0012881000293418765
1359	1e-23	0.0012317000073380768
1360	1e-23	0.0012650999706238508
1361	1e-23	0.0013370000524446368
1362	1e-23	0.0012101999600417912
1363	1e-23	0.0014254000270739198
1364	1e-23	0.001297699986025691
1365	1e-23	0.001262500009033829
1366	1e-23	0.001221099984832108
1367	1e-23	0.0013207999872975051
1368	1e-23	0.0012310000020079315
1369	1e-23	0.0011230999953113496
1370	1e-23	0.0011212000390514731
1371	1e-23	0.001392900012433529
1372	1e-23	0.0012113999691791832
1373	1e-23	0.0011532999924384058
1374	1e-23	0.0015329999732784927
1375	1e-23	0.0013005000073462725
1376	1e-23	0.001165199966635555
1377	1e-23	0.0012169000110588968
1378	1e-23	0.001348600024357438
1379	1e-23	0.0011340000201016665
1380	1e-23	0.001212799979839474
1381	1e-23	0.001212499977555126
1382	1e-23	0.001298299990594387
1383	1e-23	0.0011661999742500484
1384	1e-23	0.0016041999915614724
1385	1e-23	0.0011900999816134572
1386	1e-23	0.0012470000074245036
1387	1e-23	0.0015317000215873122
1388	1e-23	0.0013328000204637647
1389	1e-23	0.0012298999936319888
1390	1e-23	0.0012668000417761505
1391	1e-23	0.0012045999756082892
1392	1e-23	0.0012567000230774283
1393	1e-23	0.001270800014026463
1394	1e-23	0.001354500011075288
1395	1e-23	0.0012269000289961696
1396	1e-23	0.001388200034853071
1397	1e-23	0.0012225000537000597
1398	1e-23	0.0018236999749206007
1399	1e-23	0.0017473999760113657
1400	1e-23	0.0014815999893471599
1401	1e-23	0.001400300010573119
1402	1e-23	0.0011638000141829252
1403	1e-23	0.0012103999615646899
1404	1e-23	0.001259000040590763
1405	1e-23	0.0013284999877214432
1406	1e-23	0.0012437999830581248
1407	1e-23	0.0011508999741636217
1408	1e-23	0.0012455999967642128
1409	1e-23	0.0012286000419408083
1410	1e-23	0.0013277000398375094
1411	1e-23	0.0013006000081077218
1412	1e-23	0.001242399972397834
1413	1e-23	0.0012309000012464821
1414	1e-23	0.0012384000001475215
1415	1e-23	0.0011482000118121505
1416	1e-23	0.00109779997728765
1417	1e-23	0.0012407000176608562
1418	1e-23	0.0012122999760322273
1419	1e-23	0.001167000038549304
1420	1e-23	0.0011806999682448804
1421	1e-23	0.0022275999654084444
1422	1e-23	0.002687299973331392
1423	1e-23	0.002222999988589436
1424	1e-23	0.001676499960012734
1425	1e-23	0.001309799961745739
1426	1e-23	0.0017917000222951174
1427	1e-23	0.0013235000078566372
1428	1e-23	0.0017439000075682998
1429	1e-23	0.0013960999785922468
1430	1e-23	0.0015159999602474272
1431	1e-23	0.0015568999806419015
1432	1e-23	0.0012846000026911497
1433	1e-23	0.0013108999701216817
1434	1e-23	0.001312499982304871
1435	1e-23	0.0012762999976985157
1436	1e-23	0.001814599963836372
1437	1e-23	0.001394700026139617
1438	1e-23	0.001786000037100166
1439	1e-23	0.0013367999927140772
1440	1e-23	0.0019042000058107078
1441	1e-23	0.0012923000031150877
1442	1e-23	0.0012361000408418477
1443	1e-23	0.0012509999796748161
1444	1e-23	0.0018420999986119568
1445	1e-23	0.001448800030630082
1446	1e-23	0.0038631000206805766
1447	1e-23	0.0011693999986164272
1448	1e-23	0.001651099999435246
1449	1e-23	0.001265500031877309
1450	1e-23	0.002321199979633093
1451	1e-23	0.0017995999660342932
1452	1e-23	0.0013327000197023153
1453	1e-23	0.0014032000326551497
1454	1e-23	0.0013354999828152359
1455	1e-23	0.0011680999887175858
1456	1e-23	0.0012738000368699431
1457	1e-23	0.001372199971228838
1458	1e-23	0.00145650003105402
1459	1e-23	0.0014122999855317175
1460	1e-23	0.0013106000260449946
1461	1e-23	0.001260399993043393
1462	1e-23	0.0013773000100627542
1463	1e-23	0.0012345000286586583
1464	1e-23	0.0016266999882645905
1465	1e-23	0.001311899977736175
1466	1e-23	0.0012871999642811716
1467	1e-23	0.0016293000080622733
1468	1e-23	0.0011743999784812331
1469	1e-23	0.0015175000298768282
1470	1e-23	0.0021735000191256404
1471	1e-23	0.0011896000360138714
1472	1e-23	0.0011458999942988157
1473	1e-23	0.0013915000017732382
1474	1e-23	0.0012724000262096524
1475	1e-23	0.0015033999807201326
1476	1e-23	0.0011366999824531376
1477	1e-23	0.0011120999697595835
1478	1e-23	0.0012556000147014856
1479	1e-23	0.0012212999863550067
1480	1e-23	0.0011900999816134572
1481	1e-23	0.001165200024843216
1482	1e-23	0.0019013999844901264
1483	1e-23	0.0012149999965913594
1484	1e-23	0.0010359999723732471
1485	1e-23	0.001499100006185472
1486	1e-23	0.0012025999603793025
1487	1e-23	0.0012213000445626676
1488	1e-23	0.001422500004991889
1489	1e-23	0.0011656000278890133
1490	1e-23	0.0010990999871864915
1491	1e-23	0.0010735999676398933
1492	1e-23	0.001229399989824742
1493	1e-23	0.0013063999940641224
1494	1e-23	0.001457099977415055
1495	1e-23	0.0011811000294983387
1496	1e-23	0.0011415000190027058
1497	1e-23	0.0012722999672405422
1498	1e-23	0.0011746999807655811
1499	1e-23	0.001164599962066859
1500	1e-23	0.0011658999719657004
1501	1e-23	0.001083300041500479
1502	1e-23	0.0012104000197723508
1503	1e-23	0.0012677000486291945
1504	1e-23	0.001164000015705824
1505	1e-23	0.0011191999656148255
1506	1e-23	0.00154819997260347
1507	1e-23	0.0011659000301733613
1508	1e-23	0.001122299989219755
1509	1e-23	0.001110200013499707
1510	1e-23	0.0010331000084988773
1511	1e-23	0.0010786999482661486
1512	1e-23	0.0013157000066712499
1513	1e-23	0.0013099000207148492
1514	1e-23	0.001185600005555898
1515	1e-23	0.0012571000261232257
1516	1e-23	0.0012571000261232257
1517	1e-23	0.001150699972640723
1518	1e-23	0.001418700034264475
1519	1e-23	0.0011957999668084085
1520	1e-23	0.0012932999525219202
1521	1e-23	0.0012618000037036836
1522	1e-23	0.0011768999975174665
1523	1e-23	0.0012366999872028828
1524	1e-23	0.001156599959358573
1525	1e-23	0.001151599979493767
1526	1e-23	0.0010861000046133995
1527	1e-23	0.00106380000943318
1528	1e-23	0.001022700045723468
1529	1e-23	0.0011705000069923699
1530	1e-23	0.0011202999739907682
1531	1e-23	0.0015370000037364662
1532	1e-23	0.0012750999885611236
1533	1e-23	0.001081799971871078
1534	1e-23	0.0010662999702617526
1535	1e-23	0.0010275000240653753
1536	1e-23	0.0011356000322848558
1537	1e-23	0.0010083999950438738
1538	1e-23	0.0010334000107832253
1539	1e-23	0.0012456999975256622
1540	1e-23	0.0012407000176608562
1541	1e-23	0.0010783000034280121
1542	1e-23	0.0010340999579057097
1543	1e-23	0.0010582999675534666
1544	1e-23	0.0012303999974392354
1545	1e-23	0.001291199994739145
1546	1e-23	0.0011475999490357935
1547	1e-23	0.0012181999627500772
1548	1e-23	0.001094800012651831
1549	1e-23	0.0011576000251807272
1550	1e-23	0.0011052999761886895
1551	1e-23	0.0011277000303380191
1552	1e-23	0.0010502999648451805
1553	1e-23	0.0010852999985218048
1554	1e-23	0.0011620000004768372
1555	1e-23	0.0011275999713689089
1556	1e-23	0.001052199979312718
1557	1e-23	0.0009949000086635351
1558	1e-23	0.001374599989503622
1559	1e-23	0.0011743999784812331
1560	1e-23	0.001048100006300956
1561	1e-23	0.0011038000229746103
1562	1e-23	0.0010687000467441976
1563	1e-23	0.0011425999691709876
1564	1e-23	0.0011421999661251903
1565	1e-23	0.0012322000111453235
1566	1e-23	0.0012042000307701528
1567	1e-23	0.0010528999846428633
1568	1e-23	0.001115799997933209
1569	1e-23	0.0011119999689981341
1570	1e-23	0.0011548000038601458
1571	1e-23	0.0012386000016704202
1572	1e-23	0.0011487000156193972
1573	1e-23	0.0010598000371828675
1574	1e-23	0.0010528999846428633
1575	1e-23	0.001229999994393438
1576	1e-23	0.0011607999913394451
1577	1e-23	0.0010741999722085893
1578	1e-23	0.0010550000006332994
1579	1e-23	0.0011142999865114689
1580	1e-23	0.0010512000299058855
1581	1e-23	0.0010365000343881547
1582	1e-23	0.0011616999981924891
1583	1e-23	0.0011737000313587487
1584	1e-23	0.0013101999647915363
1585	1e-23	0.0011539999977685511
1586	1e-23	0.0011435000342316926
1587	1e-23	0.0013667999883182347
1588	1e-23	0.001519199984613806
1589	1e-23	0.0012218999909237027
1590	1e-23	0.0010915999882854521
1591	1e-23	0.0011189000215381384
1592	1e-23	0.0012947999639436603
1593	1e-23	0.0012469000066630542
1594	1e-23	0.001142399967648089
1595	1e-23	0.001173800032120198
1596	1e-23	0.001583100005518645
1597	1e-23	0.001323400007095188
1598	1e-23	0.0012777000083588064
1599	1e-23	0.0012085000053048134
1600	1e-23	0.0012103999615646899
1601	1e-23	0.001212499977555126
1602	1e-23	0.0011461999965831637
1603	1e-23	0.0011215999838896096
1604	1e-23	0.0010382000473327935
1605	1e-23	0.0012020999565720558
1606	1e-23	0.0012070999946445227
1607	1e-23	0.0011792000150308013
1608	1e-23	0.0011721000191755593
1609	1e-23	0.0015633999719284475
1610	1e-23	0.001275499991606921
1611	1e-23	0.0011733000283129513
1612	1e-23	0.0013299999991431832
1613	1e-23	0.0011915999930351973
1614	1e-23	0.0011556000099517405
1615	1e-23	0.001103100017644465
1616	1e-23	0.0012205999810248613
1617	1e-23	0.0011013999464921653
1618	1e-23	0.0011591999791562557
1619	1e-23	0.0011351999710313976
1620	1e-23	0.001471899973694235
1621	1e-23	0.0012481999583542347
1622	1e-23	0.0012320000096224248
1623	1e-23	0.0014605000033043325
1624	1e-23	0.0012279999791644514
1625	1e-23	0.0011844999971799552
1626	1e-23	0.0011002999963238835
1627	1e-23	0.0010289999772794545
1628	1e-23	0.0011811000294983387
1629	1e-23	0.0011068999883718789
1630	1e-23	0.0010943000088445842
1631	1e-23	0.001032100000884384
1632	1e-23	0.0011879999656230211
1633	1e-23	0.0013482000213116407
1634	1e-23	0.0011254000128246844
1635	1e-23	0.001187099958769977
1636	1e-23	0.0011339999618940055
1637	1e-23	0.0011489000171422958
1638	1e-23	0.0010878000175580382
1639	1e-23	0.001311899977736175
1640	1e-23	0.0011628000065684319
1641	1e-23	0.0010915999882854521
1642	1e-23	0.0012977999867871404
1643	1e-23	0.0012407999602146447
1644	1e-23	0.0011528999893926084
1645	1e-23	0.0012712000170722604
1646	1e-23	0.0018837000243365765
1647	1e-23	0.0012414000229910016
1648	1e-23	0.0013299999991431832
1649	1e-23	0.001233499962836504
1650	1e-23	0.0012239000061526895
1651	1e-23	0.0013705000164918602
1652	1e-23	0.001166400033980608
1653	1e-23	0.001165499968919903
1654	1e-23	0.001172900025267154
1655	1e-23	0.001229099987540394
1656	1e-23	0.0012221999932080507
1657	1e-23	0.0014621000154875219
1658	1e-23	0.0012257000198587775
1659	1e-23	0.0011131999781355262
1660	1e-23	0.0010788000072352588
1661	1e-23	0.0013804000336676836
1662	1e-23	0.0011840000515803695
1663	1e-23	0.0012295999913476408
1664	1e-23	0.0010997999925166368
1665	1e-23	0.0012243000091984868
1666	1e-23	0.0011497000232338905
1667	1e-23	0.0011396000045351684
1668	1e-23	0.001279100019019097
1669	1e-23	0.0011320000048726797
1670	1e-23	0.0012261000229045749
1671	1e-23	0.0011386999976821244
1672	1e-23	0.0011585999745875597
1673	1e-23	0.0011876000207848847
1674	1e-23	0.001091300044208765
1675	1e-23	0.001068499987013638
1676	1e-23	0.00107709999429062
1677	1e-23	0.0010049999691545963
1678	1e-23	0.001199799997266382
1679	1e-23	0.0012018999550491571
1680	1e-23	0.0011359000345692039
1681	1e-23	0.0011104000150226057
1682	1e-23	0.0011433999752625823
1683	1e-23	0.0014010000159032643
1684	1e-23	0.0012132999836467206
1685	1e-23	0.001166699978057295
1686	1e-23	0.0011289000394754112
1687	1e-23	0.0011645000195130706
1688	1e-23	0.0011480999528430402
1689	1e-23	0.0011220999876968563
1690	1e-23	0.0010532000451348722
1691	1e-23	0.0009963000193238258
1692	1e-23	0.0010983000393025577
1693	1e-23	0.0013575999764725566
1694	1e-23	0.0011842999956570566
1695	1e-23	0.001753699965775013
1696	1e-23	0.001159599982202053
1697	1e-23	0.0011918000527657568
1698	1e-23	0.0010547999991104007
1699	1e-23	0.0011436000349931419
1700	1e-23	0.0011268999660387635
1701	1e-23	0.0010414000134915113
1702	1e-23	0.0010787000064738095
1703	1e-23	0.001206599990837276
1704	1e-23	0.001039499999023974
1705	1e-23	0.0010655999649316072
1706	1e-23	0.001159899984486401
1707	1e-23	0.0011211999808438122
1708	1e-23	0.001339100010227412
1709	1e-23	0.001081199967302382
1710	1e-23	0.0011270999675616622
1711	1e-23	0.001083599985577166
1712	1e-23	0.0011004999978467822
1713	1e-23	0.0011767999967560172
1714	1e-23	0.001115499995648861
1715	1e-23	0.0010269000194966793
1716	1e-23	0.0010136000346392393
1717	1e-23	0.0011957999668084085
1718	1e-23	0.0011075999937020242
1719	1e-23	0.0010642000124789774
1720	1e-23	0.0010556000052019954
1721	1e-23	0.00136900000507012
1722	1e-23	0.0011759999906644225
1723	1e-23	0.0010885000228881836
1724	1e-23	0.0010867000091820955
1725	1e-23	0.001123800000641495
1726	1e-23	0.0010265999590046704
1727	1e-23	0.0010352999670431018
1728	1e-23	0.00119859998812899
1729	1e-23	0.0011810000287368894
1730	1e-23	0.0010091000003740191
1731	1e-23	0.0011235999991185963
1732	1e-23	0.0010964000248350203
1733	1e-23	0.001067599980160594
1734	1e-23	0.0010509999701753259
1735	1e-23	0.001280799973756075
1736	1e-23	0.0011831999872811139
1737	1e-23	0.0010707000037655234
1738	1e-23	0.0010374000412411988
1739	1e-23	0.0013211999903433025
1740	1e-23	0.0010353999678045511
1741	1e-23	0.0010207999730482697
1742	1e-23	0.0010362999746575952
1743	1e-23	0.001104600029066205
1744	1e-23	0.0010189000167883933
1745	1e-23	0.001055200002156198
1746	1e-23	0.001192399999126792
1747	1e-23	0.0011539999977685511
1748	1e-23	0.001118500018492341
1749	1e-23	0.0016299000126309693
1750	1e-23	0.0012564000207930803
1751	1e-23	0.0011164999450556934
1752	1e-23	0.0010452999849803746
1753	1e-23	0.0010142000392079353
1754	1e-23	0.001149499963503331
1755	1e-23	0.0011132999788969755
1756	1e-23	0.0010859000030905008
1757	1e-23	0.001138599996920675
1758	1e-23	0.0010655999649316072
1759	1e-23	0.0010771999950520694
1760	1e-23	0.001049900020007044
1761	1e-23	0.0011001999955624342
1762	1e-23	0.0015913000097498298
1763	1e-23	0.001201300008688122
1764	1e-23	0.0012062000459991395
1765	1e-23	0.0012462000013329089
1766	1e-23	0.0011890999739989638
1767	1e-23	0.0012104000197723508
1768	1e-23	0.0011461999965831637
1769	1e-23	0.001084199990145862
1770	1e-23	0.0011670999811030924
1771	1e-23	0.0011380999931134284
1772	1e-23	0.001101600006222725
1773	1e-23	0.0011617999989539385
1774	1e-23	0.0012213000445626676
1775	1e-23	0.0012505999766290188
1776	1e-23	0.0013007000088691711
1777	1e-23	0.001256300020031631
1778	1e-23	0.0012091000098735094
1779	1e-23	0.0010730999638326466
1780	1e-23	0.001082099974155426
1781	1e-23	0.0011654000263661146
1782	1e-23	0.0011804999667219818
1783	1e-23	0.0011136000393889844
1784	1e-23	0.0011907999869436026
1785	1e-23	0.0011531999916769564
1786	1e-23	0.0011452000471763313
1787	1e-23	0.0010643000132404268
1788	1e-23	0.0013899999903514981
1789	1e-23	0.0013457000022754073
1790	1e-23	0.001116700004786253
1791	1e-23	0.0013371999957598746
1792	1e-23	0.001096300024073571
1793	1e-23	0.001088600023649633
1794	1e-23	0.0012906999909318984
1795	1e-23	0.0012502999743446708
1796	1e-23	0.0011901999823749065
1797	1e-23	0.0012354999780654907
1798	1e-23	0.0011701000039465725
1799	1e-23	0.0010869000107049942
1800	1e-23	0.0016175000346265733
1801	1e-23	0.0013025000225752592
1802	1e-23	0.001127899973653257
1803	1e-23	0.001111700024921447
1804	1e-23	0.001184699998702854
1805	1e-23	0.0012302999966777861
1806	1e-23	0.0011547000030986965
1807	1e-23	0.001253599999472499
1808	1e-23	0.0011722000199370086
1809	1e-23	0.0010918999905698001
1810	1e-23	0.001088600023649633
1811	1e-23	0.0012484000180847943
1812	1e-23	0.0011864000116474926
1813	1e-23	0.0015554000274278224
1814	1e-23	0.001604399993084371
1815	1e-23	0.0011343999649398029
1816	1e-23	0.0010024000075645745
1817	1e-23	0.0012573000276461244
1818	1e-23	0.0012324000126682222
1819	1e-23	0.0010793000110425055
1820	1e-23	0.001151600037701428
1821	1e-23	0.0011566000175662339
1822	1e-23	0.0011362999794073403
1823	1e-23	0.0010997000499628484
1824	1e-23	0.0011600999860092998
1825	1e-23	0.0013003000058233738
1826	1e-23	0.0011626000050455332
1827	1e-23	0.0010772999958135188
1828	1e-23	0.0011620000004768372
1829	1e-23	0.0011181000154465437
1830	1e-23	0.0010922999936155975
1831	1e-23	0.0011996999965049326
1832	1e-23	0.0011621000012382865
1833	1e-23	0.0012089000083506107
1834	1e-23	0.0010469999979250133
1835	1e-23	0.0012910999939776957
1836	1e-23	0.001076200045645237
1837	1e-23	0.0014646999770775437
1838	1e-23	0.001298599992878735
1839	1e-23	0.0011358000338077545
1840	1e-23	0.0011205999762751162
1841	1e-23	0.0012040000292472541
1842	1e-23	0.0011065999860875309
1843	1e-23	0.0010650999611243606
1844	1e-23	0.0011167999473400414
1845	1e-23	0.0013191999751143157
1846	1e-23	0.00115720002213493
1847	1e-23	0.0011326000094413757
1848	1e-23	0.001113200036343187
1849	1e-23	0.001124700007494539
1850	1e-23	0.0013843000051565468
1851	1e-23	0.0011520999833010137
1852	1e-23	0.0011385000543668866
1853	1e-23	0.0012147999950684607
1854	1e-23	0.0013625999563373625
1855	1e-23	0.001337599998805672
1856	1e-23	0.0016833000117912889
1857	1e-23	0.0010958000202663243
1858	1e-23	0.001137999992351979
1859	1e-23	0.001251300040166825
1860	1e-23	0.0011747999815270305
1861	1e-23	0.0012800000258721411
1862	1e-23	0.0011983999866060913
1863	1e-23	0.0012306999997235835
1864	1e-23	0.0012826999882236123
1865	1e-23	0.0012845000019297004
1866	1e-23	0.0011975999805144966
1867	1e-23	0.001158100028987974
1868	1e-23	0.0012582999770529568
1869	1e-23	0.0011349000269547105
1870	1e-23	0.0011215999838896096
1871	1e-23	0.001332599960733205
1872	1e-23	0.0012476000119931996
1873	1e-23	0.0014880000380799174
1874	1e-23	0.001760800019837916
1875	1e-23	0.0012390000047162175
1876	1e-23	0.0012446999899111688
1877	1e-23	0.00137489999178797
1878	1e-23	0.0012718000216409564
1879	1e-23	0.001148899958934635
1880	1e-23	0.001644900010433048
1881	1e-23	0.001189200032968074
1882	1e-23	0.0010828999802470207
1883	1e-23	0.0014276999863795936
1884	1e-23	0.001284400001168251
1885	1e-23	0.0013983999961055815
1886	1e-23	0.0016401000320911407
1887	1e-23	0.0013662000419571996
1888	1e-23	0.0010450000409036875
1889	1e-23	0.0012049000361002982
1890	1e-23	0.0012975000427104533
1891	1e-23	0.0011176999541930854
1892	1e-23	0.001074999978300184
1893	1e-23	0.0012944999616593122
1894	1e-23	0.0011633000103756785
1895	1e-23	0.0010674999793991446
1896	1e-23	0.00130540004465729
1897	1e-23	0.0013905000523664057
1898	1e-23	0.0010983999818563461
1899	1e-23	0.001164299959782511
1900	1e-23	0.0012576999724842608
1901	1e-23	0.0011855000047944486
1902	1e-23	0.0011537999962456524
1903	1e-23	0.0012414000229910016
1904	1e-23	0.0011162999435327947
1905	1e-23	0.0009999999892897904
1906	1e-23	0.001157499966211617
1907	1e-23	0.0011574000236578286
1908	1e-23	0.0010244000004604459
1909	1e-23	0.0010579000227153301
1910	1e-23	0.0016515000024810433
1911	1e-23	0.0010821999749168754
1912	1e-23	0.0012080000014975667
1913	1e-23	0.0017251999815925956
1914	1e-23	0.0011130000348202884
1915	1e-23	0.0010208000312559307
1916	1e-23	0.0010065999813377857
1917	1e-23	0.0013266000314615667
1918	1e-23	0.0018490999937057495
1919	1e-23	0.0016009000246413052
1920	1e-23	0.0011078999959863722
1921	1e-23	0.0012809999752789736
1922	1e-23	0.0014340999769046903
1923	1e-23	0.0012326000141911209
1924	1e-23	0.0012510999804362655
1925	1e-23	0.0012345999712124467
1926	1e-23	0.0013043999788351357
1927	1e-23	0.0012414000229910016
1928	1e-23	0.0010980999795719981
1929	1e-23	0.0011672000400722027
1930	1e-23	0.0011826999834738672
1931	1e-23	0.001172600022982806
1932	1e-23	0.0014008000143803656
1933	1e-23	0.001268099993467331
1934	1e-23	0.0015838000108487904
1935	1e-23	0.001305099984165281
1936	1e-23	0.001236499985679984
1937	1e-23	0.0011553000076673925
1938	1e-23	0.0013000000035390258
1939	1e-23	0.001348000019788742
1940	1e-23	0.0013142999960109591
1941	1e-23	0.0013706000172533095
1942	1e-23	0.0011829999857582152
1943	1e-23	0.0011221999884583056
1944	1e-23	0.0011426000273786485
1945	1e-23	0.0013593999901786447
1946	1e-23	0.0011676999856717885
1947	1e-23	0.0012408000184223056
1948	1e-23	0.0012468999484553933
1949	1e-23	0.0012136000441387296
1950	1e-23	0.0013118000351823866
1951	1e-23	0.0011316000018268824
1952	1e-23	0.0012107999646104872
1953	1e-23	0.0012041000300087035
1954	1e-23	0.001213700044900179
1955	1e-23	0.0012238000053912401
1956	1e-23	0.00121489999582991
1957	1e-23	0.0015462000155821443
1958	1e-23	0.00149639998562634
1959	1e-23	0.0013564999680966139
1960	1e-23	0.0011378999915905297
1961	1e-23	0.001291499997023493
1962	1e-23	0.0012224999954923987
1963	1e-23	0.0011894999770447612
1964	1e-23	0.001207199995405972
1965	1e-23	0.0011799000203609467
1966	1e-23	0.0010238999966531992
1967	1e-23	0.0010258000111207366
1968	1e-23	0.0011932000052183867
1969	1e-23	0.0011310999980196357
1970	1e-23	0.00151269999332726
1971	1e-23	0.0012444999883882701
1972	1e-23	0.0012172000133432448
1973	1e-23	0.0011150999926030636
1974	1e-23	0.0013260000268928707
1975	1e-23	0.0012437999830581248
1976	1e-23	0.0011389999999664724
1977	1e-23	0.0012482000165618956
1978	1e-23	0.001174700038973242
1979	1e-23	0.0011629000073298812
1980	1e-23	0.0011260000173933804
1981	1e-23	0.0012005000025965273
1982	1e-23	0.0013279999839141965
1983	1e-23	0.0013024000218138099
1984	1e-23	0.001255100010894239
1985	1e-23	0.0011892999755218625
1986	1e-23	0.0012060999870300293
1987	1e-23	0.0012839999981224537
1988	1e-23	0.001253599999472499
1989	1e-23	0.0011736000305972993
1990	1e-23	0.001264000020455569
1991	1e-23	0.0012109000235795975
1992	1e-23	0.0012138999882154167
1993	1e-23	0.00133200001437217
1994	1e-23	0.001319000031799078
1995	1e-23	0.0012185000232420862
1996	1e-23	0.0012781000114046037
1997	1e-23	0.0011972999782301486
1998	1e-23	0.0011820000363513827
1999	1e-23	0.0011641000164672732
2000	1e-23	0.0011674999841488898
2001	1e-23	0.001109900011215359
2002	1e-23	0.0011068000458180904
2003	1e-23	0.0012017999542877078
2004	1e-23	0.001366899989079684
2005	1e-23	0.0014533999492414296
2006	1e-23	0.0014210999943315983
2007	1e-23	0.0012833999935537577
2008	1e-23	0.0011902999831363559
2009	1e-23	0.001235000032465905
2010	1e-23	0.0012138999882154167
2011	1e-23	0.001298899995163083
2012	1e-23	0.0011598000419326127
2013	1e-23	0.001397700048983097
2014	1e-23	0.0013139999937266111
2015	1e-23	0.0011902999831363559
2016	1e-23	0.0012354999780654907
2017	1e-23	0.001310699968598783
2018	1e-23	0.0012342999689280987
2019	1e-23	0.0011668000370264053
2020	1e-23	0.0011841999948956072
2021	1e-23	0.0011517000384628773
2022	1e-23	0.0010867000091820955
2023	1e-23	0.0011861000093631446
2024	1e-23	0.0011039000237360597
2025	1e-23	0.0011339000193402171
2026	1e-23	0.0011309999972581863
2027	1e-23	0.0011811000294983387
2028	1e-23	0.0011816999758593738
2029	1e-23	0.0011342000216245651
2030	1e-23	0.0012504999758675694
2031	1e-23	0.0012245000107213855
2032	1e-23	0.001182100037112832
2033	1e-23	0.0011529999901540577
2034	1e-23	0.001081200025510043
2035	1e-23	0.0010908000404015183
2036	1e-23	0.0011448999866843224
2037	1e-23	0.0011489999596960843
2038	1e-23	0.0014345000381581485
2039	1e-23	0.0011413000174798071
2040	1e-23	0.0014934999635443091
2041	1e-23	0.0014352999860420823
2042	1e-23	0.001185600005555898
2043	1e-23	0.0011665999772958457
2044	1e-23	0.0010786000057123601
2045	1e-23	0.0010551000013947487
2046	1e-23	0.0011644000187516212
2047	1e-23	0.0011064999853260815
2048	1e-23	0.0012136000441387296
2049	1e-23	0.0011995999957434833
2050	1e-23	0.0011311000562272966
2051	1e-23	0.0010676999809220433
2052	1e-23	0.0011401999508962035
2053	1e-23	0.0011579000274650753
2054	1e-23	0.0011801000218838453
2055	1e-23	0.0013995999470353127
2056	1e-23	0.0013778000138700008
2057	1e-23	0.0012274000328034163
2058	1e-23	0.0011476000072434545
2059	1e-23	0.0011252000113017857
2060	1e-23	0.0013307000044733286
2061	1e-23	0.0011217999854125082
2062	1e-23	0.0011069000465795398
2063	1e-23	0.0010576000204309821
2064	1e-23	0.0013052000431343913
2065	1e-23	0.0011796000180765986
2066	1e-23	0.001199799997266382
2067	1e-23	0.001484899956267327
2068	1e-23	0.0010325000039301813
2069	1e-23	0.0010930999997071922
2070	1e-23	0.001122599991504103
2071	1e-23	0.001438500010408461
2072	1e-23	0.0013001999468542635
2073	1e-23	0.0014525000005960464
2074	1e-23	0.0012915999977849424
2075	1e-23	0.001481100043747574
2076	1e-23	0.0017697999719530344
2077	1e-23	0.0011825000401586294
2078	1e-23	0.0011879999656230211
2079	1e-23	0.00135119998594746
2080	1e-23	0.0012595000443980098
2081	1e-23	0.0011452000471763313
2082	1e-23	0.0011236999998800457
2083	1e-23	0.0011992999934591353
2084	1e-23	0.0011098000104539096
2085	1e-23	0.0011737000313587487
2086	1e-23	0.0011778000043705106
2087	1e-23	0.0011845999979414046
2088	1e-23	0.0011136999819427729
2089	1e-23	0.0014616000116802752
2090	1e-23	0.0013640999677591026
2091	1e-23	0.0012500000302679837
2092	1e-23	0.0012531999964267015
2093	1e-23	0.0011929000029340386
2094	1e-23	0.0011501000262796879
2095	1e-23	0.0012395000085234642
2096	1e-23	0.0011371999862603843
2097	1e-23	0.0011458000517450273
2098	1e-23	0.001090699981432408
2099	1e-23	0.0011847999994643033
2100	1e-23	0.001139800006058067
2101	1e-23	0.0012947000213898718
2102	1e-23	0.0015378000098280609
2103	1e-23	0.0013916000025346875
2104	1e-23	0.0012126000365242362
2105	1e-23	0.0013184999697841704
2106	1e-23	0.0012294999905861914
2107	1e-23	0.0010823000338859856
2108	1e-23	0.0012733999756164849
2109	1e-23	0.001099600049201399
2110	1e-23	0.0011200999724678695
2111	1e-23	0.000994300004094839
2112	1e-23	0.0012509999796748161
2113	1e-23	0.0013242000131867826
2114	1e-23	0.0013817999861203134
2115	1e-23	0.001393200014717877
2116	1e-23	0.001171999960206449
2117	1e-23	0.001145099988207221
2118	1e-23	0.0013030999689362943
2119	1e-23	0.001428399991709739
2120	1e-23	0.001139200001489371
2121	1e-23	0.0013579000369645655
2122	1e-23	0.0011837999918498099
2123	1e-23	0.0009754999773576856
2124	1e-23	0.0011370000429451466
2125	1e-23	0.0013433999847620726
2126	1e-23	0.0011417000205256045
2127	1e-23	0.0014525000005960464
2128	1e-23	0.0012135999859310687
2129	1e-23	0.0011006999993696809
2130	1e-23	0.001076500047929585
2131	1e-23	0.0011193999671377242
2132	1e-23	0.001215500000398606
2133	1e-23	0.0011996999965049326
2134	1e-23	0.0011048999731428921
2135	1e-23	0.0012016999535262585
2136	1e-23	0.0012118000304326415
2137	1e-23	0.0013374999980442226
2138	1e-23	0.0015673000016249716
2139	1e-23	0.0011029000161215663
2140	1e-23	0.0013700000126846135
2141	1e-23	0.0016463999636471272
2142	1e-23	0.0014319000183604658
2143	1e-23	0.0010863000061362982
2144	1e-23	0.001242099970113486
2145	1e-23	0.0010506000253371894
2146	1e-23	0.001174100034404546
2147	1e-23	0.0011125999735668302
2148	1e-23	0.0013675999944098294
2149	1e-23	0.0012125000357627869
2150	1e-23	0.0013981999945826828
2151	1e-23	0.0014596999972127378
2152	1e-23	0.0012684999965131283
2153	1e-23	0.0010577000211924314
2154	1e-23	0.001205099979415536
2155	1e-23	0.0011886999709531665
2156	1e-23	0.0014180000289343297
2157	1e-23	0.0011735999723896384
2158	1e-23	0.0011818999773822725
2159	1e-23	0.001152799988631159
2160	1e-23	0.0011207000352442265
2161	1e-23	0.0010865000076591969
2162	1e-23	0.0010528000420890749
2163	1e-23	0.001451799995265901
2164	1e-23	0.0017133000073954463
2165	1e-23	0.0013978999922983348
2166	1e-23	0.0011045999708585441
2167	1e-23	0.0010428999667055905
2168	1e-23	0.0010745999752543867
2169	1e-23	0.0010728000197559595
2170	1e-23	0.001066099968738854
2171	1e-23	0.0010781000019051135
2172	1e-23	0.001255699957255274
2173	1e-23	0.0009827000321820378
2174	1e-23	0.0008793000015430152
2175	1e-23	0.00104160001501441
2176	1e-23	0.0012990000541321933
2177	1e-23	0.0012104000197723508
2178	1e-23	0.0011236999998800457
2179	1e-23	0.001142399967648089
2180	1e-23	0.001151000033132732
2181	1e-23	0.0010991999879479408
2182	1e-23	0.0010941000073216856
2183	1e-23	0.001059899979736656
2184	1e-23	0.0010311999940313399
2185	1e-23	0.001048400008585304
2186	1e-23	0.00111109996214509
2187	1e-23	0.001019399962387979
2188	1e-23	0.0010603999835439026
2189	1e-23	0.0013510999851860106
2190	1e-23	0.0011971999774686992
2191	1e-23	0.0011049999739043415
2192	1e-23	0.0011492000194266438
2193	1e-23	0.0010372000397183
2194	1e-23	0.0010973999742418528
2195	1e-23	0.001095400017220527
2196	1e-23	0.0011276000295765698
2197	1e-23	0.0011446999851614237
2198	1e-23	0.0010748999775387347
2199	1e-23	0.0010096999467350543
2200	1e-23	0.0011291999835520983
2201	1e-23	0.001167300040833652
2202	1e-23	0.001208100002259016
2203	1e-23	0.0013002000050619245
2204	1e-23	0.0011562000145204365
2205	1e-23	0.0011149000492878258
2206	1e-23	0.0010762999881990254
2207	1e-23	0.0011106999590992928
2208	1e-23	0.0011655999696813524
2209	1e-23	0.0011240000021643937
2210	1e-23	0.0010509000276215374
2211	1e-23	0.001141499960795045
2212	1e-23	0.0011516999802552164
2213	1e-23	0.0010577999637462199
2214	1e-23	0.001146900001913309
2215	1e-23	0.0010283999727107584
2216	1e-23	0.001420699991285801
2217	1e-23	0.001165800029411912
2218	1e-23	0.0011381999938748777
2219	1e-23	0.001102200010791421
2220	1e-23	0.0010537999914959073
2221	1e-23	0.0011140999849885702
2222	1e-23	0.0011076999944634736
2223	1e-23	0.0010911000426858664
2224	1e-23	0.001180299965199083
2225	1e-23	0.0011373000452294946
2226	1e-23	0.0010850999969989061
2227	1e-23	0.001075900043360889
2228	1e-23	0.0010890999692492187
2229	1e-23	0.001251000037882477
2230	1e-23	0.0013407000224106014
2231	1e-23	0.0013217999949119985
2232	1e-23	0.0012385000009089708
2233	1e-23	0.001184099994134158
2234	1e-23	0.0010624999995343387
2235	1e-23	0.0011032000184059143
2236	1e-23	0.0011984999873675406
2237	1e-23	0.001061399991158396
2238	1e-23	0.001129399985074997
2239	1e-23	0.0012822000426240265
2240	1e-23	0.001062600000295788
2241	1e-23	0.001095100014936179
2242	1e-23	0.001362500013783574
2243	1e-23	0.0011199000291526318
2244	1e-23	0.0011152999941259623
2245	1e-23	0.0011485000140964985
2246	1e-23	0.0011764999944716692
2247	1e-23	0.0011682999902404845
2248	1e-23	0.0012131999828852713
2249	1e-23	0.001314000051934272
2250	1e-23	0.0012261999654583633
2251	1e-23	0.0012457999982871115
2252	1e-23	0.0015214000013656914
2253	1e-23	0.0013233000063337386
2254	1e-23	0.001082700036931783
2255	1e-23	0.0013318000128492713
2256	1e-23	0.001310400024522096
2257	1e-23	0.0014051999896764755
2258	1e-23	0.0018751000170595944
2259	1e-23	0.001010199950542301
2260	1e-23	0.0009546999935992062
2261	1e-23	0.0012441999861039221
2262	1e-23	0.0011425999691709876
2263	1e-23	0.0011276000295765698
2264	1e-23	0.0010148999863304198
2265	1e-23	0.0012514000409282744
2266	1e-23	0.0012806000304408371
2267	1e-23	0.001110500015784055
2268	1e-23	0.0012857000110670924
2269	1e-23	0.0011371999862603843
2270	1e-23	0.001110200013499707
2271	1e-23	0.001094800012651831
2272	1e-23	0.0011178000131621957
2273	1e-23	0.0010277999681420624
2274	1e-23	0.0010266000172123313
2275	1e-23	0.0011155999964103103
2276	1e-23	0.0010800000163726509
2277	1e-23	0.0010752000380307436
2278	1e-23	0.0011748999822884798
2279	1e-23	0.0013898999895900488
2280	1e-23	0.0012214999878779054
2281	1e-23	0.001220200036186725
2282	1e-23	0.0012638000189326704
2283	1e-23	0.0011823999811895192
2284	1e-23	0.0011429000296629965
2285	1e-23	0.0011138999834656715
2286	1e-23	0.001184399996418506
2287	1e-23	0.0011006999993696809
2288	1e-23	0.0010499999625608325
2289	1e-23	0.00109629996586591
2290	1e-23	0.001099600049201399
2291	1e-23	0.001060199982021004
2292	1e-23	0.001420699991285801
2293	1e-23	0.0013143999967724085
2294	1e-23	0.0011568000190891325
2295	1e-23	0.0010834999848157167
2296	1e-23	0.0011969000333920121
2297	1e-23	0.0012160000042058527
2298	1e-23	0.0011073999921791255
2299	1e-23	0.0011900999816134572
2300	1e-23	0.0011246000067330897
2301	1e-23	0.001067900040652603
2302	1e-23	0.0010730000212788582
2303	1e-23	0.0011169000063091516
2304	1e-23	0.0011228000512346625
2305	1e-23	0.001249800028745085
2306	1e-23	0.0011715000146068633
2307	1e-23	0.0012061999877914786
2308	1e-23	0.0011316000018268824
2309	1e-23	0.0011635000118985772
2310	1e-23	0.0011566000175662339
2311	1e-23	0.0011613999959081411
2312	1e-23	0.0011625000042840838
2313	1e-23	0.0010698999976739287
2314	1e-23	0.0011109000188298523
2315	1e-23	0.0010924999951384962
2316	1e-23	0.0011122999712824821
2317	1e-23	0.00106819998472929
2318	1e-23	0.0018649999983608723
2319	1e-23	0.0012533999979496002
2320	1e-23	0.0011888000299222767
2321	1e-23	0.0011266999645158648
2322	1e-23	0.0011777000036090612
2323	1e-23	0.0010451999842189252
2324	1e-23	0.001061999995727092
2325	1e-23	0.0011510999756865203
2326	1e-23	0.0010195999639108777
2327	1e-23	0.00100760004715994
2328	1e-23	0.0011823999811895192
2329	1e-23	0.0011584999738261104
2330	1e-23	0.0012079000007361174
2331	1e-23	0.0013151000021025538
2332	1e-23	0.0012446999899111688
2333	1e-23	0.0011625000042840838
2334	1e-23	0.0011562000145204365
2335	1e-23	0.0011177000124007463
2336	1e-23	0.0010713000083342195
2337	1e-23	0.001080899965018034
2338	1e-23	0.0012038000277243555
2339	1e-23	0.001212799979839474
2340	1e-23	0.0011344000231474638
2341	1e-23	0.0010652000200934708
2342	1e-23	0.0011336999596096575
2343	1e-23	0.0011820999789051712
2344	1e-23	0.0012319000088609755
2345	1e-23	0.0013117999769747257
2346	1e-23	0.0012963999761268497
2347	1e-23	0.0011976000387221575
2348	1e-23	0.0011331000132486224
2349	1e-23	0.0011422999668866396
2350	1e-23	0.00106969999615103
2351	1e-23	0.001119100023061037
2352	1e-23	0.0011692999978549778
2353	1e-23	0.0011789999553002417
2354	1e-23	0.0011370000429451466
2355	1e-23	0.0011778000043705106
2356	1e-23	0.0014473000192083418
2357	1e-23	0.0011876000207848847
2358	1e-23	0.001102500013075769
2359	1e-23	0.0011499000247567892
2360	1e-23	0.0010264000156894326
2361	1e-23	0.0010707000037655234
2362	1e-23	0.0010866000084206462
2363	1e-23	0.0011002999963238835
2364	1e-23	0.001027700025588274
2365	1e-23	0.0009972000261768699
2366	1e-23	0.001043400028720498
2367	1e-23	0.0011537999962456524
2368	1e-23	0.001153699995484203
2369	1e-23	0.0012286999844945967
2370	1e-23	0.0017332000425085425
2371	1e-23	0.001476900011766702
2372	1e-23	0.0013210999895818532
2373	1e-23	0.0011807000264525414
2374	1e-23	0.0011467000003904104
2375	1e-23	0.0010556000052019954
2376	1e-23	0.00120160001097247
2377	1e-23	0.0015017999685369432
2378	1e-23	0.001142999972216785
2379	1e-23	0.0013543000095523894
2380	1e-23	0.0011825000401586294
2381	1e-23	0.0012573000276461244
2382	1e-23	0.0016948999837040901
2383	1e-23	0.0013288999907672405
2384	1e-23	0.0011756999883800745
2385	1e-23	0.001136499980930239
2386	1e-23	0.0010912999860011041
2387	1e-23	0.0010483000078238547
2388	1e-23	0.0010751999798230827
2389	1e-23	0.0012132999836467206
2390	1e-23	0.0010772999958135188
2391	1e-23	0.0011555000091902912
2392	1e-23	0.0011129999766126275
2393	1e-23	0.0011538999970071018
2394	1e-23	0.0011118999682366848
2395	1e-23	0.0012292999890632927
2396	1e-23	0.001306299993302673
2397	1e-23	0.001158400031272322
2398	1e-23	0.00102680001873523
2399	1e-23	0.0011015000054612756
2400	1e-23	0.0010998999932780862
2401	1e-23	0.0010172000038437545
2402	1e-23	0.0010467999964021146
2403	1e-23	0.0010408000089228153
2404	1e-23	0.001041599956806749
2405	1e-23	0.0010245000012218952
2406	1e-23	0.0010796000133268535
2407	1e-23	0.0011182999587617815
2408	1e-23	0.0011174000101163983
2409	1e-23	0.001347100012935698
2410	1e-23	0.00118980003753677
2411	1e-23	0.0012540000025182962
2412	1e-23	0.0011566000175662339
2413	1e-23	0.0010921999928541481
2414	1e-23	0.001125900016631931
2415	1e-23	0.001075899985153228
2416	1e-23	0.0010976000339724123
2417	1e-23	0.0010605999850668013
2418	1e-23	0.0010813000262714922
2419	1e-23	0.0011505000293254852
2420	1e-23	0.0011418999638408422
2421	1e-23	0.0011584999738261104
2422	1e-23	0.0011515000369399786
2423	1e-23	0.0015232000150717795
2424	1e-23	0.0012997999438084662
2425	1e-23	0.0012444000458344817
2426	1e-23	0.0011665000347420573
2427	1e-23	0.0012141999904997647
2428	1e-23	0.0011365999816916883
2429	1e-23	0.001193900010548532
2430	1e-23	0.0011074999929405749
2431	1e-23	0.0011252000113017857
2432	1e-23	0.001045099983457476
2433	1e-23	0.0012055999832227826
2434	1e-23	0.0011598000419326127
2435	1e-23	0.0012871000217273831
2436	1e-23	0.0012715999619103968
2437	1e-23	0.0011464999988675117
2438	1e-23	0.001150700030848384
2439	1e-23	0.0012999000027775764
2440	1e-23	0.0012489999644458294
2441	1e-23	0.0012764999992214143
2442	1e-23	0.001221699989400804
2443	1e-23	0.0011425000266171992
2444	1e-23	0.0010867000091820955
2445	1e-23	0.0011470000026747584
2446	1e-23	0.001182700041681528
2447	1e-23	0.0015881999861449003
2448	1e-23	0.001242099970113486
2449	1e-23	0.0012240000069141388
2450	1e-23	0.0011903999838978052
2451	1e-23	0.001263100013602525
2452	1e-23	0.0012457999982871115
2453	1e-23	0.0010865000076591969
2454	1e-23	0.0012109000235795975
2455	1e-23	0.0011168000055477023
2456	1e-23	0.0010528999846428633
2457	1e-23	0.0010717999539338052
2458	1e-23	0.0011885999701917171
2459	1e-23	0.0013880000333301723
2460	1e-23	0.001539000018965453
2461	1e-23	0.0012835999950766563
2462	1e-23	0.0011340999626554549
2463	1e-23	0.0011363999801687896
2464	1e-23	0.0010789000079967082
2465	1e-23	0.0011139999842271209
2466	1e-23	0.0011407000129111111
2467	1e-23	0.0014679000014439225
2468	1e-23	0.0017940000398084521
2469	1e-23	0.0011498999665491283
2470	1e-23	0.0012686000554822385
2471	1e-23	0.001747499976772815
2472	1e-23	0.0023625000030733645
2473	1e-23	0.0013060999917797744
2474	1e-23	0.0014634999679401517
2475	1e-23	0.0011692999978549778
2476	1e-23	0.0011597999837249517
2477	1e-23	0.0010796000133268535
2478	1e-23	0.0011229999945499003
2479	1e-23	0.0011950000189244747
2480	1e-23	0.00117790000513196
2481	1e-23	0.0010458999895490706
2482	1e-23	0.0010077999904751778
2483	1e-23	0.0013079000054858625
2484	1e-23	0.0011546000023372471
2485	1e-23	0.0010783000034280121
2486	1e-23	0.0011654000263661146
2487	1e-23	0.0011062999838031828
2488	1e-23	0.0011876000207848847
2489	1e-23	0.001132400007918477
2490	1e-23	0.0011349000269547105
2491	1e-23	0.001159599982202053
2492	1e-23	0.0011616999981924891
2493	1e-23	0.0011623000027611852
2494	1e-23	0.0011787000112235546
2495	1e-23	0.0011204999755136669
2496	1e-23	0.0011928000021725893
2497	1e-23	0.0011351000284776092
2498	1e-23	0.001123800000641495
2499	1e-23	0.0010787000064738095
2500	1e-23	0.0011406999547034502
2501	1e-23	0.0011054999777115881
2502	1e-23	0.0010878000175580382
2503	1e-23	0.0011393000022508204
2504	1e-23	0.0013173999614082277
2505	1e-23	0.0011635999544523656
2506	1e-23	0.0011030000168830156
2507	1e-23	0.0010258000111207366
2508	1e-23	0.0011059999815188348
2509	1e-23	0.0010211000335402787
2510	1e-23	0.0012615000014193356
2511	1e-23	0.0011675999849103391
2512	1e-23	0.0011831999872811139
2513	1e-23	0.001143599976785481
2514	1e-23	0.0011091000051237643
2515	1e-23	0.0011323000071570277
2516	1e-23	0.0010889999684877694
2517	1e-23	0.001058999972883612
2518	1e-23	0.0011006999993696809
2519	1e-23	0.0010747999767772853
2520	1e-23	0.0010264000156894326
2521	1e-23	0.001047800004016608
2522	1e-23	0.001104600029066205
2523	1e-23	0.0010685999877750874
2524	1e-23	0.001255399954970926
2525	1e-23	0.0013710000202991068
2526	1e-23	0.0012188000255264342
2527	1e-23	0.001199199992697686
2528	1e-23	0.001061999995727092
2529	1e-23	0.0010032000136561692
2530	1e-23	0.0009951000101864338
2531	1e-23	0.001018800016026944
2532	1e-23	0.0009655000176280737
2533	1e-23	0.00100460002431646
2534	1e-23	0.001018500013742596
2535	1e-23	0.0010185999562963843
2536	1e-23	0.0009944000048562884
2537	1e-23	0.001126200018916279
2538	1e-23	0.0013751000515185297
2539	1e-23	0.0011760999914258718
2540	1e-23	0.001118200016207993
2541	1e-23	0.001206899993121624
2542	1e-23	0.0011580000282265246
2543	1e-23	0.0011884000268764794
2544	1e-23	0.0011113999644294381
2545	1e-23	0.001054299995303154
2546	1e-23	0.0010349000222049654
2547	1e-23	0.001093899947591126
2548	1e-23	0.0012913999962620437
2549	1e-23	0.0012348000309430063
2550	1e-23	0.0011596999829635024
2551	1e-23	0.0012111000251024961
2552	1e-23	0.0011780999484471977
2553	1e-23	0.0012145000509917736
2554	1e-23	0.001420399989001453
2555	1e-23	0.001185600005555898
2556	1e-23	0.001180599967483431
2557	1e-23	0.001271400018595159
2558	1e-23	0.0011211999808438122
2559	1e-23	0.0011364000383764505
2560	1e-23	0.0011113000218756497
2561	1e-23	0.0011677999864332378
2562	1e-23	0.0011632000096142292
2563	1e-23	0.0011426000273786485
2564	1e-23	0.0014213999966159463
2565	1e-23	0.0012583999778144062
2566	1e-23	0.0012481000158004463
2567	1e-23	0.0012186000240035355
2568	1e-23	0.001274899987038225
2569	1e-23	0.0010964999673888087
2570	1e-23	0.0010785000049509108
2571	1e-23	0.001140400010626763
2572	1e-23	0.0011255000135861337
2573	1e-23	0.0011661999742500484
2574	1e-23	0.0011823000386357307
2575	1e-23	0.0011498999665491283
2576	1e-23	0.0011416000197641551
2577	1e-23	0.0013972999877296388
2578	1e-23	0.001165200024843216
2579	1e-23	0.001153399993199855
2580	1e-23	0.0011275000288151205
2581	1e-23	0.0011591999791562557
2582	1e-23	0.0011065999860875309
2583	1e-23	0.0010402000043541193
2584	1e-23	0.00107559998286888
2585	1e-23	0.0011460999958217144
2586	1e-23	0.0011272000265307724
2587	1e-23	0.0010724000167101622
2588	1e-23	0.0010817000293172896
2589	1e-23	0.001110500015784055
2590	1e-23	0.0017145000165328383
2591	1e-23	0.0012799000251106918
2592	1e-23	0.0012345000286586583
2593	1e-23	0.0011812999728135765
2594	1e-23	0.001125600014347583
2595	1e-23	0.0014670999953523278
2596	1e-23	0.0011039000237360597
2597	1e-23	0.0010572000173851848
2598	1e-23	0.001109299948439002
2599	1e-23	0.0011979000410065055
2600	1e-23	0.0011286999797448516
2601	1e-23	0.001088900025933981
2602	1e-23	0.0011391000007279217
2603	1e-23	0.0012762999976985157
2604	1e-23	0.0013891999842599034
2605	1e-23	0.0010414000134915113
2606	1e-23	0.00105489999987185
2607	1e-23	0.0009739000233821571
2608	1e-23	0.0009280000231228769
2609	1e-23	0.0010683999862521887
2610	1e-23	0.0011228000512346625
2611	1e-23	0.0010420000180602074
2612	1e-23	0.0010742000304162502
2613	1e-23	0.0010707000037655234
2614	1e-23	0.0010843999916687608
2615	1e-23	0.001012600027024746
2616	1e-23	0.0014597999979741871
2617	1e-23	0.0014435999910347164
2618	1e-23	0.0011277999728918076
2619	1e-23	0.0012346000294201076
2620	1e-23	0.0011348999687470496
2621	1e-23	0.0010302999871782959
2622	1e-23	0.0010506000253371894
2623	1e-23	0.001073799969162792
2624	1e-23	0.0011181000154465437
2625	1e-23	0.0011131000355817378
2626	1e-23	0.0011001999955624342
2627	1e-23	0.0011210999800823629
2628	1e-23	0.0010418000165373087
2629	1e-23	0.00129650003509596
2630	1e-23	0.0013293999945744872
2631	1e-23	0.00117200001841411
2632	1e-23	0.0010642000124789774
2633	1e-23	0.000972400011960417
2634	1e-23	0.0010710000060498714
2635	1e-23	0.0010494999587535858
2636	1e-23	0.0009920000447891653
2637	1e-23	0.0009521999745629728
2638	1e-23	0.0009887000196613371
2639	1e-23	0.0009504000190645456
2640	1e-23	0.0009679000359028578
2641	1e-23	0.0009500000160187483
2642	1e-23	0.0010035000159405172
2643	1e-23	0.0010252000065520406
2644	1e-23	0.001034500019159168
2645	1e-23	0.0012362999841570854
2646	1e-23	0.001152499986346811
2647	1e-23	0.0011006999993696809
2648	1e-23	0.0010984999826177955
2649	1e-23	0.001061399991158396
2650	1e-23	0.0011166000040248036
2651	1e-23	0.0011009000008925796
2652	1e-23	0.001027399965096265
2653	1e-23	0.0012147999950684607
2654	1e-23	0.0011163000017404556
2655	1e-23	0.0010467999964021146
2656	1e-23	0.0012209999840706587
2657	1e-23	0.0012123999767936766
2658	1e-23	0.0016086000250652432
2659	1e-23	0.0013711999636143446
2660	1e-23	0.0011809999705292284
2661	1e-23	0.0012592999846674502
2662	1e-23	0.0013560999650508165
2663	1e-23	0.0011752999853342772
2664	1e-23	0.0012858999543823302
2665	1e-23	0.0011834999895654619
2666	1e-23	0.0012196000316180289
2667	1e-23	0.001268399995751679
2668	1e-23	0.0012451999937184155
2669	1e-23	0.001555000024382025
2670	1e-23	0.0014244000194594264
2671	1e-23	0.001463600026909262
2672	1e-23	0.001242099970113486
2673	1e-23	0.0012414000229910016
2674	1e-23	0.0011730999685823917
2675	1e-23	0.0012328000157140195
2676	1e-23	0.0012163000064902008
2677	1e-23	0.0012182999635115266
2678	1e-23	0.0012105000205338001
2679	1e-23	0.0013052999856881797
2680	1e-23	0.0014005000120960176
2681	1e-23	0.001279100019019097
2682	1e-23	0.0012181000201962888
2683	1e-23	0.0011432000319473445
2684	1e-23	0.0011624000035226345
2685	1e-23	0.0012404000153765082
2686	1e-23	0.0012730000307783484
2687	1e-23	0.0011724999640136957
2688	1e-23	0.0011807999690063298
2689	1e-23	0.0011356999748386443
2690	1e-23	0.0011003999970853329
2691	1e-23	0.0010992999887093902
2692	1e-23	0.0011066999868489802
2693	1e-23	0.001058399968314916
2694	1e-23	0.0012667999835684896
2695	1e-23	0.0017107999883592129
2696	1e-23	0.001435199985280633
2697	1e-23	0.001136499980930239
2698	1e-23	0.0013508000411093235
2699	1e-23	0.0012035000254400074
2700	1e-23	0.0011738999746739864
2701	1e-23	0.001247700012754649
2702	1e-23	0.0011970999767072499
2703	1e-23	0.0011141999857500196
2704	1e-23	0.001146299997344613
2705	1e-23	0.0012907999916933477
2706	1e-23	0.0011883999686688185
2707	1e-23	0.0011519999825395644
2708	1e-23	0.0011135999811813235
2709	1e-23	0.0010590000310912728
2710	1e-23	0.0010923999943770468
2711	1e-23	0.001101000001654029
2712	1e-23	0.001128799980506301
2713	1e-23	0.001056700013577938
2714	1e-23	0.0010500000207684934
2715	1e-23	0.0011457999935373664
2716	1e-23	0.0011476000072434545
2717	1e-23	0.0010049999691545963
2718	1e-23	0.0010340000153519213
2719	1e-23	0.0012140999897383153
2720	1e-23	0.0011696000001393259
2721	1e-23	0.0010916999890469015
2722	1e-23	0.0010395999997854233
2723	1e-23	0.0010929999989457428
2724	1e-23	0.0010759999859146774
2725	1e-23	0.001011699961964041
2726	1e-23	0.0010827999794855714
2727	1e-23	0.0010650000185705721
2728	1e-23	0.001011700020171702
2729	1e-23	0.0009997999877668917
2730	1e-23	0.0010298999841324985
2731	1e-23	0.0011303999926894903
2732	1e-23	0.0010328000062145293
2733	1e-23	0.0011909000459127128
2734	1e-23	0.0012258999631740153
2735	1e-23	0.0012080000014975667
2736	1e-23	0.0011755999876186252
2737	1e-23	0.0011667999788187444
2738	1e-23	0.0010985999833792448
2739	1e-23	0.0010082999942824244
2740	1e-23	0.0010454999865032732
2741	1e-23	0.001121399982366711
2742	1e-23	0.0011251000105403364
2743	1e-23	0.00104599999031052
2744	1e-23	0.001026500016450882
2745	1e-23	0.0011149999918416142
2746	1e-23	0.0011505000293254852
2747	1e-23	0.001731799973640591
2748	1e-23	0.0011394000030122697
2749	1e-23	0.0011398999486118555
2750	1e-23	0.00105339998845011
2751	1e-23	0.0010455999872647226
2752	1e-23	0.0011651000240817666
2753	1e-23	0.0011634000111371279
2754	1e-23	0.00106229999801144
2755	1e-23	0.0010928999981842935
2756	1e-23	0.0012098000152036548
2757	1e-23	0.0011066999868489802
2758	1e-23	0.0010652999626472592
2759	1e-23	0.0010984999826177955
2760	1e-23	0.00122819998068735
2761	1e-23	0.001159599982202053
2762	1e-23	0.0012245000107213855
2763	1e-23	0.001240900019183755
2764	1e-23	0.0012276999768801033
2765	1e-23	0.0011572999646887183
2766	1e-23	0.001151299977209419
2767	1e-23	0.0010837999871000648
2768	1e-23	0.0010918000480160117
2769	1e-23	0.0011405000113882124
2770	1e-23	0.0011554000084288418
2771	1e-23	0.0011309999972581863
2772	1e-23	0.0010457999887876213
2773	1e-23	0.0014611000078730285
2774	1e-23	0.001205399981699884
2775	1e-23	0.0011126999743282795
2776	1e-23	0.0012838999973610044
2777	1e-23	0.0011282999766990542
2778	1e-23	0.0011224000481888652
2779	1e-23	0.001108399999793619
2780	1e-23	0.0011209000367671251
2781	1e-23	0.0011183000169694424
2782	1e-23	0.0010686999885365367
2783	1e-23	0.0012577999732457101
2784	1e-23	0.0011485000140964985
2785	1e-23	0.0012621000059880316
2786	1e-23	0.0011739000328816473
2787	1e-23	0.00120599998626858
2788	1e-23	0.0011485000140964985
2789	1e-23	0.0011206999770365655
2790	1e-23	0.0011974999797530472
2791	1e-23	0.0011334000155329704
2792	1e-23	0.001061699993442744
2793	1e-23	0.0010307000484317541
2794	1e-23	0.0011397000052966177
2795	1e-23	0.001041000010445714
2796	1e-23	0.0011005999986082315
2797	1e-23	0.0010565000120550394
2798	1e-23	0.0011072000488638878
2799	1e-23	0.0013147999998182058
2800	1e-23	0.0012514000409282744
2801	1e-23	0.0011899999808520079
2802	1e-23	0.0011119000264443457
2803	1e-23	0.0010819999733939767
2804	1e-23	0.0011600999860092998
2805	1e-23	0.0011787000112235546
2806	1e-23	0.0011813999735750258
2807	1e-23	0.0010987999849021435
2808	1e-23	0.0011266000219620764
2809	1e-23	0.0011069999891333282
2810	1e-23	0.0010213999776169658
2811	1e-23	0.0010279000271111727
2812	1e-23	0.0013810000382363796
2813	1e-23	0.0010818999726325274
2814	1e-23	0.001096899970434606
2815	1e-23	0.0011070000473409891
2816	1e-23	0.001096900028642267
2817	1e-23	0.0010595000348985195
2818	1e-23	0.0010568000143393874
2819	1e-23	0.00114540004869923
2820	1e-23	0.0011633000103756785
2821	1e-23	0.0011890999739989638
2822	1e-23	0.0011648000217974186
2823	1e-23	0.0010921999928541481
2824	1e-23	0.0010569000151008368
2825	1e-23	0.0011612999951466918
2826	1e-23	0.0012175000156275928
2827	1e-23	0.0011291999835520983
2828	1e-23	0.0010482000070624053
2829	1e-23	0.0011531999916769564
2830	1e-23	0.0014412999735213816
2831	1e-23	0.0011345000239089131
2832	1e-23	0.0011024000123143196
2833	1e-23	0.0011485000140964985
2834	1e-23	0.001089499972295016
2835	1e-23	0.0010723000159487128
2836	1e-23	0.0010727000189945102
2837	1e-23	0.001061699993442744
2838	1e-23	0.0010101000079885125
2839	1e-23	0.00121189997298643
2840	1e-23	0.0012120999745093286
2841	1e-23	0.001042200019583106
2842	1e-23	0.001061399991158396
2843	1e-23	0.0009719000081531703
2844	1e-23	0.0011081999982707202
2845	1e-23	0.0010406000073999166
2846	1e-23	0.00109779997728765
2847	1e-23	0.0010378999868407845
2848	1e-23	0.0012292999890632927
2849	1e-23	0.001215800002682954
2850	1e-23	0.0011868999572470784
2851	1e-23	0.001213999988976866
2852	1e-23	0.0011251000105403364
2853	1e-23	0.001153699995484203
2854	1e-23	0.001229399989824742
2855	1e-23	0.0010994999902322888
2856	1e-23	0.001116400002501905
2857	1e-23	0.001043400028720498
2858	1e-23	0.0010989999864250422
2859	1e-23	0.0010661999695003033
2860	1e-23	0.0010928999981842935
2861	1e-23	0.0010650000185705721
2862	1e-23	0.0011319000041112304
2863	1e-23	0.0010868000099435449
2864	1e-23	0.0010436000302433968
2865	1e-23	0.0010846999939531088
2866	1e-23	0.001182700041681528
2867	1e-23	0.0011439999798312783
2868	1e-23	0.0010899000335484743
2869	1e-23	0.001081500027794391
2870	1e-23	0.001110800018068403
2871	1e-23	0.0011402000091038644
2872	1e-23	0.0010938000050373375
2873	1e-23	0.001087700016796589
2874	1e-23	0.0010036000167019665
2875	1e-23	0.0010654000216163695
2876	1e-23	0.0010910999844782054
2877	1e-23	0.0013780000153928995
2878	1e-23	0.0010999999940395355
2879	1e-23	0.0011202000314369798
2880	1e-23	0.0011634000111371279
2881	1e-23	0.0011689999955706298
2882	1e-23	0.0010827999794855714
2883	1e-23	0.0011307999957352877
2884	1e-23	0.0011502999695949256
2885	1e-23	0.0012177000171504915
2886	1e-23	0.0011289999820291996
2887	1e-23	0.0012667000410147011
2888	1e-23	0.0011276999721303582
2889	1e-23	0.001121699984651059
2890	1e-23	0.0011416999623179436
2891	1e-23	0.0011039000237360597
2892	1e-23	0.0010752000380307436
2893	1e-23	0.0015796000370755792
2894	1e-23	0.0013269999762997031
2895	1e-23	0.001007000042591244
2896	1e-23	0.0009781999979168177
2897	1e-23	0.001064100011717528
2898	1e-23	0.0010986999841406941
2899	1e-23	0.0011426000273786485
2900	1e-23	0.0011339999618940055
2901	1e-23	0.0011851000017486513
2902	1e-23	0.0010956000187434256
2903	1e-23	0.00107709999429062
2904	1e-23	0.0011049999739043415
2905	1e-23	0.0014529000036418438
2906	1e-23	0.0012623000075109303
2907	1e-23	0.0011953999637626112
2908	1e-23	0.0011232999968342483
2909	1e-23	0.0010983999818563461
2910	1e-23	0.0010926999966613948
2911	1e-23	0.0011050999746657908
2912	1e-23	0.0011458999942988157
2913	1e-23	0.0010489000123925507
2914	1e-23	0.0010603000409901142
2915	1e-23	0.0012325000134296715
2916	1e-23	0.0012284000404179096
2917	1e-23	0.0012348999734967947
2918	1e-23	0.0011864000116474926
2919	1e-23	0.0012040000292472541
2920	1e-23	0.0012447999906726182
2921	1e-23	0.001596099988091737
2922	1e-23	0.0011576999677345157
2923	1e-23	0.0010999999940395355
2924	1e-23	0.001081799971871078
2925	1e-23	0.0011502999695949256
2926	1e-23	0.0011905999854207039
2927	1e-23	0.0011795000173151493
2928	1e-23	0.0015623000217601657
2929	1e-23	0.0015444000018760562
2930	1e-23	0.001261600002180785
2931	1e-23	0.0013132999883964658
2932	1e-23	0.0015177000313997269
2933	1e-23	0.0014338000328280032
2934	1e-23	0.0013275999808683991
2935	1e-23	0.0011854000040329993
2936	1e-23	0.001240899960976094
2937	1e-23	0.001202500017825514
2938	1e-23	0.0011675999849103391
2939	1e-23	0.001165499968919903
2940	1e-23	0.0011995000531896949
2941	1e-23	0.0014329999685287476
2942	1e-23	0.0011694999993778765
2943	1e-23	0.001206599990837276
2944	1e-23	0.0011567000183276832
2945	1e-23	0.0012014000094495714
2946	1e-23	0.0011339000193402171
2947	1e-23	0.0012009000056423247
2948	1e-23	0.001177300000563264
2949	1e-23	0.0014979999978095293
2950	1e-23	0.0011492000194266438
2951	1e-23	0.0011124999728053808
2952	1e-23	0.0011213000398129225
2953	1e-23	0.0010927999974228442
2954	1e-23	0.0013262000284157693
2955	1e-23	0.0012102000182494521
2956	1e-23	0.001121999986935407
2957	1e-23	0.0012512000394053757
2958	1e-23	0.0013253000215627253
2959	1e-23	0.0012866999604739249
2960	1e-23	0.0012357999803498387
2961	1e-23	0.0012538000009953976
2962	1e-23	0.0012717999634332955
2963	1e-23	0.0013422999763861299
2964	1e-23	0.0012848000042140484
2965	1e-23	0.001324599958024919
2966	1e-23	0.00136900000507012
2967	1e-23	0.0012262999662198126
2968	1e-23	0.0012312000035308301
2969	1e-23	0.001138899999205023
2970	1e-23	0.0012350999750196934
2971	1e-23	0.0011929000029340386
2972	1e-23	0.0013899999903514981
2973	1e-23	0.0015679000061936677
2974	1e-23	0.0012398000108078122
2975	1e-23	0.0011517999810166657
2976	1e-23	0.0012326000141911209
2977	1e-23	0.0015110000385902822
2978	1e-23	0.0011666000355035067
2979	1e-23	0.001261299999896437
2980	1e-23	0.0012003000010736287
2981	1e-23	0.0011534999939613044
2982	1e-23	0.0010828999802470207
2983	1e-23	0.0013853000127710402
2984	1e-23	0.0011910999892279506
2985	1e-23	0.0011780999484471977
2986	1e-23	0.0013213999918662012
2987	1e-23	0.0011457999935373664
2988	1e-23	0.001079099951311946
2989	1e-23	0.0014954000362195075
2990	1e-23	0.0017738000024110079
2991	1e-23	0.0012593999854288995
2992	1e-23	0.0013285999884828925
2993	1e-23	0.0012233000015839934
2994	1e-23	0.0012458999990485609
2995	1e-23	0.001227600034326315
2996	1e-23	0.0011902999831363559
2997	1e-23	0.0011822000378742814
2998	1e-23	0.0011886999709531665
2999	1e-23	0.0012083000037819147
3000	1e-23	0.001298600051086396
