epoch	total	seconds
1	1e-23	0.16859869996551424
2	1e-23	0.0019005999783985317
3	1e-23	0.0014530000044032931
4	1e-23	0.001350299979094416
5	1e-23	0.0014284999924711883
6	1e-23	0.001157500024419278
7	1e-23	0.001375799998641014
8	1e-23	0.0011672000400722027
9	1e-23	0.0011039000237360597
10	1e-23	0.0011141999857500196
11	1e-23	0.0011060999822802842
12	1e-23	0.001061999995727092
13	1e-23	0.0010845999931916595
14	1e-23	0.0009306000429205596
15	1e-23	0.0012084999470971525
16	1e-23	0.0011479999520815909
17	1e-23	0.0010851999977603555
18	1e-23	0.0011128000332973897
19	1e-23	0.0010888000251725316
20	1e-23	0.001095999963581562
21	1e-23	0.0010464000515639782
22	1e-23	0.0012730999733321369
23	1e-23	0.001199499994982034
24	1e-23	0.0010735999676398933
25	1e-23	0.0011143999872729182
26	1e-23	0.0011970999767072499
27	1e-23	0.0011898999800905585
28	1e-23	0.0013090000138618052
29	1e-23	0.001191799994558096
30	1e-23	0.0011872000177390873
31	1e-23	0.0010968000278808177
32	1e-23	0.0013052999856881797
33	1e-23	0.0014800999779254198
34	1e-23	0.0011687999940477312
35	1e-23	0.0012168000102974474
36	1e-23	0.0011531999916769564
37	1e-23	0.0011556000099517405
38	1e-23	0.0013980999938212335
39	1e-23	0.001357999979518354
40	1e-23	0.0012321000103838742
41	1e-23	0.0009877999546006322
42	1e-23	0.0011249000090174377
43	1e-23	0.0010718000121414661
44	1e-23	0.0009707999997772276
45	1e-23	0.0009306000429205596
46	1e-23	0.0011036000214517117
47	1e-23	0.0012242000084370375
48	1e-23	0.0012108999653719366
49	1e-23	0.00120310002239421
50	1e-23	0.0011018000077456236
51	1e-23	0.0011346000246703625
52	1e-23	0.0010964000248350203
53	1e-23	0.0011359000345692039
54	1e-23	0.0012190999696031213
55	1e-23	0.0010605000425130129
56	1e-23	0.0009723999537527561
57	1e-23	0.001153399993199855
58	1e-23	0.0011137000401504338
59	1e-23	0.0011208999785594642
60	1e-23	0.0011768999975174665
61	1e-23	0.0011797999613918364
62	1e-23	0.0011637000134214759
63	1e-23	0.001089800032787025
64	1e-23	0.001103399961721152
65	1e-23	0.0010908999829553068
66	1e-23	0.0011564000160433352
67	1e-23	0.0011123999720439315
68	1e-23	0.0010837999871000648
69	1e-23	0.0011106999590992928
70	1e-23	0.0011307000531814992
71	1e-23	0.0010489000123925507
72	1e-23	0.0011611999943852425
73	1e-23	0.0010964000248350203
74	1e-23	0.0011236999998800457
75	1e-23	0.0011351000284776092
76	1e-23	0.0009405000018887222
77	1e-23	0.0012936000130139291
78	1e-23	0.0010381999891251326
79	1e-23	0.0010540999937802553
80	1e-23	0.0012167999520897865
81	1e-23	0.001138599996920675
82	1e-23	0.001149499963503331
83	1e-23	0.0010924999951384962
84	1e-23	0.001083000039216131
85	1e-23	0.001254200004041195
86	1e-23	0.0012662999797612429
87	1e-23	0.001193900010548532
88	1e-23	0.0011281000333838165
89	1e-23	0.0012295999913476408
90	1e-23	0.001247999956831336
91	1e-23	0.0011891000322066247
92	1e-23	0.001184399996418506
93	1e-23	0.0013268999755382538
94	1e-23	0.0010187000152654946
95	1e-23	0.0013463000068441033
96	1e-23	0.001387599972076714
97	1e-23	0.0011495000217109919
98	1e-23	0.001152199984062463
99	1e-23	0.0011272000265307724
100	1e-23	0.0010657000239007175
101	1e-23	0.001049000013154
102	1e-23	0.0011822999804280698
103	1e-23	0.0011509000323712826
104	1e-23	0.0010557000059634447
105	1e-23	0.0011622000019997358
106	1e-23	0.001262800011318177
107	1e-23	0.0011684999917633832
108	1e-23	0.0011793000157922506
109	1e-23	0.0011696000001393259
110	1e-23	0.0011663000332191586
111	1e-23	0.0011365999816916883
112	1e-23	0.0010704000014811754
113	1e-23	0.0010984999826177955
114	1e-23	0.0010395999997854233
115	1e-23	0.001021800038870424
116	1e-23	0.001032100000884384
117	1e-23	0.0012509000371210277
118	1e-23	0.001104300026781857
119	1e-23	0.0013560000224970281
120	1e-23	0.0012781000114046037
121	1e-23	0.0010873000137507915
122	1e-23	0.001035100023727864
123	1e-23	0.0011860000086016953
124	1e-23	0.0011457999935373664
125	1e-23	0.0011046999716199934
126	1e-23	0.0010369999799877405
127	1e-23	0.0011740999761968851
128	1e-23	0.0011070999898947775
129	1e-23	0.0010681000421755016
130	1e-23	0.001011400017887354
131	1e-23	0.001073499966878444
132	1e-23	0.0010674000368453562
133	1e-23	0.0011929000029340386
134	1e-23	0.0011109999613836408
135	1e-23	0.0010804999619722366
136	1e-23	0.0010483000078238547
137	1e-23	0.0010597999789752066
138	1e-23	0.0010845999931916595
139	1e-23	0.0011852000025101006
140	1e-23	0.0011326000094413757
141	1e-23	0.0010907999821938574
142	1e-23	0.0011611999943852425
143	1e-23	0.0011103999568149447
144	1e-23	0.0010642000124789774
145	1e-23	0.0011855000047944486
146	1e-23	0.0012868999619968235
147	1e-23	0.0011874999618157744
148	1e-23	0.0011343999649398029
149	1e-23	0.0011354999733157456
150	1e-23	0.0011101000127382576
151	1e-23	0.001033300010021776
152	1e-23	0.0010908000404015183
153	1e-23	0.0011414000182412565
154	1e-23	0.0011180999572388828
155	1e-23	0.0010750999790616333
156	1e-23	0.001095399959012866
157	1e-23	0.0011068999883718789
158	1e-23	0.0011529999901540577
159	1e-23	0.0012866999604739249
160	1e-23	0.0012391000054776669
161	1e-23	0.0010458999895490706
162	1e-23	0.0008823000243864954
163	1e-23	0.0011285000364296138
164	1e-23	0.0011422999668866396
165	1e-23	0.0010986999841406941
166	1e-23	0.0010737000266090035
167	1e-23	0.0010899000335484743
168	1e-23	0.0010914999875240028
169	1e-23	0.0010959000210277736
170	1e-23	0.0010701999999582767
171	1e-23	0.0011895999778062105
172	1e-23	0.001060199982021004
173	1e-23	0.001218999968841672
174	1e-23	0.001242699974682182
175	1e-23	0.001164300017990172
176	1e-23	0.001067900040652603
177	1e-23	0.001184099994134158
178	1e-23	0.0011795000173151493
179	1e-23	0.0012099999585188925
180	1e-23	0.0011359999771229923
181	1e-23	0.0015051999944262207
182	1e-23	0.0011217999854125082
183	1e-23	0.0010303999879397452
184	1e-23	0.0010070999851450324
185	1e-23	0.0010651000193320215
186	1e-23	0.0012005000025965273
187	1e-23	0.0010469999979250133
188	1e-23	0.0010861000046133995
189	1e-23	0.0010772999958135188
190	1e-23	0.0010334999533370137
191	1e-23	0.0010447999811731279
192	1e-23	0.001088300021365285
193	1e-23	0.0011953000212088227
194	1e-23	0.0011720999609678984
195	1e-23	0.0011968999751843512
196	1e-23	0.0011157000553794205
197	1e-23	0.0011634000111371279
198	1e-23	0.0011623000027611852
199	1e-23	0.0015995000139810145
200	1e-23	0.0011633000103756785
201	1e-23	0.001150400028564036
202	1e-23	0.00105339998845011
203	1e-23	0.0011475000064820051
204	1e-23	0.0010455999872647226
205	1e-23	0.0010668999748304486
206	1e-23	0.0010878000175580382
207	1e-23	0.0010301999864168465
208	1e-23	0.0010543999960646033
209	1e-23	0.001041599956806749
210	1e-23	0.0011260999599471688
211	1e-23	0.0010376999853178859
212	1e-23	0.0010582999675534666
213	1e-23	0.0012864000163972378
214	1e-23	0.0011540999985300004
215	1e-23	0.0010882000206038356
216	1e-23	0.0011053000343963504
217	1e-23	0.0010788999497890472
218	1e-23	0.0010986999841406941
219	1e-23	0.0010239999974146485
220	1e-23	0.0010389999952167273
221	1e-23	0.001099600049201399
222	1e-23	0.0010534999892115593
223	1e-23	0.001090700039640069
224	1e-23	0.0010722000151872635
225	1e-23	0.001091000041924417
226	1e-23	0.0009629999985918403
227	1e-23	0.0011125999735668302
228	1e-23	0.001046899997163564
229	1e-23	0.0010399000020697713
230	1e-23	0.001031799998600036
231	1e-23	0.0010202000266872346
232	1e-23	0.0010759999859146774
233	1e-23	0.001292100001592189
234	1e-23	0.0011273999698460102
235	1e-23	0.0010942000080831349
236	1e-23	0.0010654000216163695
237	1e-23	0.0010737000266090035
238	1e-23	0.0010349999647587538
239	1e-23	0.0011595000396482646
240	1e-23	0.001153399993199855
241	1e-23	0.0011581999715417624
242	1e-23	0.001055200002156198
243	1e-23	0.0011832999880425632
244	1e-23	0.0010523999808356166
245	1e-23	0.0012102000182494521
246	1e-23	0.0010538999922573566
247	1e-23	0.0011286999797448516
248	1e-23	0.0010489000123925507
249	1e-23	0.0011048000305891037
250	1e-23	0.0011147999903187156
251	1e-23	0.001109000004362315
252	1e-23	0.0011101000127382576
253	1e-23	0.0010576000204309821
254	1e-23	0.001367799995932728
255	1e-23	0.0014870999730192125
256	1e-23	0.0011418000212870538
257	1e-23	0.0011606999905779958
258	1e-23	0.0011115000233985484
259	1e-23	0.0011517000384628773
260	1e-23	0.0010805000201798975
261	1e-23	0.0011380999931134284
262	1e-23	0.0011380999931134284
263	1e-23	0.0010598000371828675
264	1e-23	0.0012352000339888036
265	1e-23	0.0010911999852396548
266	1e-23	0.0010024000075645745
267	1e-23	0.0009591999696567655
268	1e-23	0.0013285999884828925
269	1e-23	0.0012987999944016337
270	1e-23	0.0011998999980278313
271	1e-23	0.0012567999656312168
272	1e-23	0.0012532999971881509
273	1e-23	0.0012313000042922795
274	1e-23	0.001226700027473271
275	1e-23	0.001178800011985004
276	1e-23	0.0011323000071570277
277	1e-23	0.001131500001065433
278	1e-23	0.0011422000243328512
279	1e-23	0.0011278000310994685
280	1e-23	0.001227299973834306
281	1e-23	0.0012298999936319888
282	1e-23	0.0012311000027693808
283	1e-23	0.0011158999986946583
284	1e-23	0.0012114000273868442
285	1e-23	0.0011975999805144966
286	1e-23	0.0011460999958217144
287	1e-23	0.0011088999453932047
288	1e-23	0.0013995000044815242
289	1e-23	0.001526599982753396
290	1e-23	0.0011625000042840838
291	1e-23	0.0013011000119149685
292	1e-23	0.0012857000110670924
293	1e-23	0.0011355000315234065
294	1e-23	0.0011690999963320792
295	1e-23	0.00102090003201738
296	1e-23	0.0009527999791316688
297	1e-23	0.0010315999970771372
298	1e-23	0.000979500007815659
299	1e-23	0.0011214999831281602
300	1e-23	0.0010557999485172331
301	1e-23	0.0010171000030823052
302	1e-23	0.0013070999993942678
303	1e-23	0.0010214000358246267
304	1e-23	0.000984499987680465
305	1e-23	0.000993699999526143
306	1e-23	0.0009884000173769891
307	1e-23	0.0011861000093631446
308	1e-23	0.0011163000017404556
309	1e-23	0.0013772000093013048
310	1e-23	0.0012789999600499868
311	1e-23	0.0009862999431788921
312	1e-23	0.0011532999924384058
313	1e-23	0.0011471000034362078
314	1e-23	0.0011059999815188348
315	1e-23	0.0010653999634087086
316	1e-23	0.0010599000379443169
317	1e-23	0.0012002000003121793
318	1e-23	0.001159000035841018
319	1e-23	0.0011829999857582152
320	1e-23	0.0013570000301115215
321	1e-23	0.001247999956831336
322	1e-23	0.0013937000185251236
323	1e-23	0.0012241000076755881
324	1e-23	0.0013314999523572624
325	1e-23	0.0011802000226452947
326	1e-23	0.0012206000392325222
327	1e-23	0.001449999981559813
328	1e-23	0.0011421000235714018
329	1e-23	0.0016323999734595418
330	1e-23	0.0013601999962702394
331	1e-23	0.0012431000359356403
332	1e-23	0.0012818999821320176
333	1e-23	0.0011926000006496906
334	1e-23	0.0012025999603793025
335	1e-23	0.0011357999756000936
336	1e-23	0.0011867000139318407
337	1e-23	0.0011832999880425632
338	1e-23	0.0011087999446317554
339	1e-23	0.0011467000003904104
340	1e-23	0.0011730000260286033
341	1e-23	0.0010995999909937382
342	1e-23	0.001153399993199855
343	1e-23	0.0011902000405825675
344	1e-23	0.0012270999723114073
345	1e-23	0.0011282999766990542
346	1e-23	0.00114390003727749
347	1e-23	0.001137999992351979
348	1e-23	0.0010592000326141715
349	1e-23	0.0010183000122196972
350	1e-23	0.0011032999609597027
351	1e-23	0.0010806999634951353
352	1e-23	0.001102500013075769
353	1e-23	0.0010844000498764217
354	1e-23	0.0011445999843999743
355	1e-23	0.001117899955715984
356	1e-23	0.0010876000160351396
357	1e-23	0.0013889999827370048
358	1e-23	0.001414199999999255
359	1e-23	0.0010993999894708395
360	1e-23	0.0013126999838277698
361	1e-23	0.0012048999778926373
362	1e-23	0.001145999995060265
363	1e-23	0.0011283999774605036
364	1e-23	0.0011740000336430967
365	1e-23	0.0011064999853260815
366	1e-23	0.0010565999546088278
367	1e-23	0.001098100037779659
368	1e-23	0.0010986999841406941
369	1e-23	0.0010451999842189252
370	1e-23	0.0017166000325232744
371	1e-23	0.0012949000229127705
372	1e-23	0.0013187999720685184
373	1e-23	0.0012203999795019627
374	1e-23	0.0012470000074245036
375	1e-23	0.0012165000080130994
376	1e-23	0.00120160001097247
377	1e-23	0.0012156000011600554
378	1e-23	0.0012298000510782003
379	1e-23	0.00119420001283288
380	1e-23	0.001223200000822544
381	1e-23	0.001255400013178587
382	1e-23	0.00133050000295043
383	1e-23	0.00121779995970428
384	1e-23	0.0012691000010818243
385	1e-23	0.001138299994636327
386	1e-23	0.0011113000218756497
387	1e-23	0.0011639000149443746
388	1e-23	0.0011097000096924603
389	1e-23	0.0010882000206038356
390	1e-23	0.001178500009700656
391	1e-23	0.0011784000089392066
392	1e-23	0.0011135999811813235
393	1e-23	0.0010174000053666532
394	1e-23	0.0010924999951384962
395	1e-23	0.001198299985844642
396	1e-23	0.001159600040409714
397	1e-23	0.0011464999988675117
398	1e-23	0.0012354999780654907
399	1e-23	0.0014468000154010952
400	1e-23	0.0012473000097088516
401	1e-23	0.0012845000019297004
402	1e-23	0.001199199992697686
403	1e-23	0.001101000001654029
404	1e-23	0.00120160001097247
405	1e-23	0.0011512000346556306
406	1e-23	0.0012246000114828348
407	1e-23	0.0014992000069469213
408	1e-23	0.0013966999831609428
409	1e-23	0.0012910999939776957
410	1e-23	0.0014233000110834837
411	1e-23	0.001206899993121624
412	1e-23	0.001142399967648089
413	1e-23	0.0011209000367671251
414	1e-23	0.0011677999864332378
415	1e-23	0.0011745999800041318
416	1e-23	0.0012051999801769853
417	1e-23	0.0012060999870300293
418	1e-23	0.0012135999859310687
419	1e-23	0.001115799997933209
420	1e-23	0.001928200013935566
421	1e-23	0.0014032999752089381
422	1e-23	0.0011811999720521271
423	1e-23	0.0016851999680511653
424	1e-23	0.0013230000040493906
425	1e-23	0.0012028999626636505
426	1e-23	0.0012654999736696482
427	1e-23	0.0011613999959081411
428	1e-23	0.0011142999865114689
429	1e-23	0.0013095000176690519
430	1e-23	0.0012601999915204942
431	1e-23	0.0012878000270575285
432	1e-23	0.0012265000259503722
433	1e-23	0.0012131999828852713
434	1e-23	0.001222899998538196
435	1e-23	0.0011005999986082315
436	1e-23	0.0012094999547116458
437	1e-23	0.0011015000054612756
438	1e-23	0.001197999983560294
439	1e-23	0.0012544000055640936
440	1e-23	0.0014614000101573765
441	1e-23	0.0014187999768182635
442	1e-23	0.0016140000079758465
443	1e-23	0.0013209999888204038
444	1e-23	0.001304799981880933
445	1e-23	0.0014884999836795032
446	1e-23	0.001157499966211617
447	1e-23	0.0011359999771229923
448	1e-23	0.0012191000278107822
449	1e-23	0.0012587999808602035
450	1e-23	0.0013434000429697335
451	1e-23	0.0011897999793291092
452	1e-23	0.0012809000327251852
453	1e-23	0.001294699963182211
454	1e-23	0.0012159000034444034
455	1e-23	0.0015721000381745398
456	1e-23	0.0012509000371210277
457	1e-23	0.001781800005119294
458	1e-23	0.0011289999820291996
459	1e-23	0.0016177999787032604
460	1e-23	0.0017890000017359853
461	1e-23	0.0012051999801769853
462	1e-23	0.0011207000352442265
463	1e-23	0.0016032999847084284
464	1e-23	0.0012655999744310975
465	1e-23	0.0013983999961055815
466	1e-23	0.0013794999686069787
467	1e-23	0.001227899978403002
468	1e-23	0.0011584999738261104
469	1e-23	0.0011271000257693231
470	1e-23	0.0011989999911747873
471	1e-23	0.0010896999738179147
472	1e-23	0.0010927999974228442
473	1e-23	0.0013927000109106302
474	1e-23	0.001199199992697686
475	1e-23	0.0011340000201016665
476	1e-23	0.0012310000020079315
477	1e-23	0.0013579000369645655
478	1e-23	0.0012298000510782003
479	1e-23	0.0012429000344127417
480	1e-23	0.0013332999660633504
481	1e-23	0.0017189999925903976
482	1e-23	0.0017968000029213727
483	1e-23	0.0013633000198751688
484	1e-23	0.0016166999703273177
485	1e-23	0.0013498999760486186
486	1e-23	0.0013342999736778438
487	1e-23	0.001287899969611317
488	1e-23	0.0013268999755382538
489	1e-23	0.001312499982304871
490	1e-23	0.0013562000240199268
491	1e-23	0.0013906999956816435
492	1e-23	0.0012611999991349876
493	1e-23	0.0012891999795101583
494	1e-23	0.0015259000356309116
495	1e-23	0.0013321000151336193
496	1e-23	0.001257500029169023
497	1e-23	0.0017326000379398465
498	1e-23	0.0012951000244356692
499	1e-23	0.0012641000212170184
500	1e-23	0.0012315000058151782
501	1e-23	0.0011534999939613044
502	1e-23	0.0015555999707430601
503	1e-23	0.0012389000039547682
504	1e-23	0.001123199996072799
505	1e-23	0.0011478000087663531
506	1e-23	0.0014189999783411622
507	1e-23	0.0011710000107996166
508	1e-23	0.0012129000388085842
509	1e-23	0.0011981999850831926
510	1e-23	0.0011564000160433352
511	1e-23	0.0012938999570906162
512	1e-23	0.0011809999705292284
513	1e-23	0.0012846000026911497
514	1e-23	0.0010947000118903816
515	1e-23	0.0010863000061362982
516	1e-23	0.001361000002361834
517	1e-23	0.0013260000268928707
518	1e-23	0.001441399974282831
519	1e-23	0.0014016000204719603
520	1e-23	0.0012602999922819436
521	1e-23	0.0011977000394836068
522	1e-23	0.00138669996522367
523	1e-23	0.0015501999878324568
524	1e-23	0.0012590999831445515
525	1e-23	0.0013660999829880893
526	1e-23	0.0012508999789133668
527	1e-23	0.0011426000273786485
528	1e-23	0.0012452999944798648
529	1e-23	0.001144799985922873
530	1e-23	0.0011394000030122697
531	1e-23	0.0012645000242628157
532	1e-23	0.0012528999941423535
533	1e-23	0.0010508000268600881
534	1e-23	0.0011491000186651945
535	1e-23	0.0016221999539993703
536	1e-23	0.001235299976542592
537	1e-23	0.0013592999894171953
538	1e-23	0.0012570000253617764
539	1e-23	0.0011815999750979245
540	1e-23	0.0012440999853424728
541	1e-23	0.001152199984062463
542	1e-23	0.0010289999772794545
543	1e-23	0.0010580999660305679
544	1e-23	0.0011121999705210328
545	1e-23	0.0011567000183276832
546	1e-23	0.0012895999825559556
547	1e-23	0.0011935000075027347
548	1e-23	0.0014872999745421112
549	1e-23	0.0013631999609060585
550	1e-23	0.001172300020698458
551	1e-23	0.001185900007840246
552	1e-23	0.0011399999493733048
553	1e-23	0.001079699955880642
554	1e-23	0.0012147999950684607
555	1e-23	0.0011396000045351684
556	1e-23	0.001213999988976866
557	1e-23	0.0011896999785676599
558	1e-23	0.0011292999843135476
559	1e-23	0.0011509000323712826
560	1e-23	0.001514200004749
561	1e-23	0.0011383999953977764
562	1e-23	0.0011344000231474638
563	1e-23	0.0010577000211924314
564	1e-23	0.0010156999924220145
565	1e-23	0.0010248000035062432
566	1e-23	0.0009805000154301524
567	1e-23	0.0010094000026583672
568	1e-23	0.000929499976336956
569	1e-23	0.0010604000417515635
570	1e-23	0.001104900031350553
571	1e-23	0.0010651000193320215
572	1e-23	0.000989799969829619
573	1e-23	0.0010469999979250133
574	1e-23	0.00144910003291443
575	1e-23	0.001221999991685152
576	1e-23	0.0012500000302679837
577	1e-23	0.0011571000213734806
578	1e-23	0.001144199981354177
579	1e-23	0.0010589000303298235
580	1e-23	0.0011325000086799264
581	1e-23	0.0010938000050373375
582	1e-23	0.0010244000004604459
583	1e-23	0.0012938000145368278
584	1e-23	0.001090699981432408
585	1e-23	0.0011064999853260815
586	1e-23	0.0010556000052019954
587	1e-23	0.0012063000467605889
588	1e-23	0.001188900030683726
589	1e-23	0.0010893999715335667
590	1e-23	0.0012594999861903489
591	1e-23	0.0011008000001311302
592	1e-23	0.0010483000078238547
593	1e-23	0.00101940002059564
594	1e-23	0.0010936000035144389
595	1e-23	0.0011107000173069537
596	1e-23	0.0011089000036008656
597	1e-23	0.001131800003349781
598	1e-23	0.0011872000177390873
599	1e-23	0.0010630000033415854
600	1e-23	0.001054299995303154
601	1e-23	0.0012300999951548874
602	1e-23	0.0011410000151954591
603	1e-23	0.001081500027794391
604	1e-23	0.0010447999811731279
605	1e-23	0.0011863000108860433
606	1e-23	0.0011844999971799552
607	1e-23	0.0011834999895654619
608	1e-23	0.0011292000417597592
609	1e-23	0.0011529999901540577
610	1e-23	0.0010499999625608325
611	1e-23	0.0010244000004604459
612	1e-23	0.0010715000098571181
613	1e-23	0.0009956000139936805
614	1e-23	0.0011915999930351973
615	1e-23	0.0012322000111453235
616	1e-23	0.001153399993199855
617	1e-23	0.0011180000146850944
618	1e-23	0.0011082999990321696
619	1e-23	0.0011440999805927277
620	1e-23	0.0011349000269547105
621	1e-23	0.0011059999815188348
622	1e-23	0.001081199967302382
623	1e-23	0.0011331999558024108
624	1e-23	0.001302999968174845
625	1e-23	0.001255999959539622
626	1e-23	0.0012199000339023769
627	1e-23	0.00120599998626858
628	1e-23	0.001318099966738373
629	1e-23	0.0014699000166729093
630	1e-23	0.0011014000046998262
631	1e-23	0.0011135999811813235
632	1e-23	0.001469200011342764
633	1e-23	0.0011912999907508492
634	1e-23	0.0011304999934509397
635	1e-23	0.0010617999942041934
636	1e-23	0.0011035000206902623
637	1e-23	0.0010941000073216856
638	1e-23	0.001103700022213161
639	1e-23	0.0010806000209413469
640	1e-23	0.0012996000004932284
641	1e-23	0.0011882999679073691
642	1e-23	0.0011251000105403364
643	1e-23	0.001121999986935407
644	1e-23	0.0010930999997071922
645	1e-23	0.0010122000239789486
646	1e-23	0.0010309999925084412
647	1e-23	0.0010930999997071922
648	1e-23	0.0010368000366725028
649	1e-23	0.0010406000073999166
650	1e-23	0.001137400045990944
651	1e-23	0.0011200999724678695
652	1e-23	0.001069399993866682
653	1e-23	0.001090100035071373
654	1e-23	0.0011548000038601458
655	1e-23	0.0010790000087581575
656	1e-23	0.001000499993097037
657	1e-23	0.0010450000409036875
658	1e-23	0.0011656000278890133
659	1e-23	0.001115499995648861
660	1e-23	0.0011142999865114689
661	1e-23	0.0011620000004768372
662	1e-23	0.0010791000095196068
663	1e-23	0.0010843999916687608
664	1e-23	0.00100460002431646
665	1e-23	0.0011616999981924891
666	1e-23	0.0011124000302515924
667	1e-23	0.0010825000354088843
668	1e-23	0.001664400042500347
669	1e-23	0.0015477000270038843
670	1e-23	0.0011810999712906778
671	1e-23	0.001178800011985004
672	1e-23	0.0011635000118985772
673	1e-23	0.0011733000283129513
674	1e-23	0.0011299000470899045
675	1e-23	0.0011577000259421766
676	1e-23	0.0011263999622315168
677	1e-23	0.001132700010202825
678	1e-23	0.0011492000194266438
679	1e-23	0.0012679999927058816
680	1e-23	0.0012094000121578574
681	1e-23	0.0010919999913312495
682	1e-23	0.0011051000328734517
683	1e-23	0.0010766999912448227
684	1e-23	0.0010587999713607132
685	1e-23	0.0013016000157222152
686	1e-23	0.001174100034404546
687	1e-23	0.0010303000453859568
688	1e-23	0.001050200022291392
689	1e-23	0.0010540999937802553
690	1e-23	0.0011269000242464244
691	1e-23	0.0010788000072352588
692	1e-23	0.0010169000015594065
693	1e-23	0.0011503000278025866
694	1e-23	0.001240300014615059
695	1e-23	0.0011137999827042222
696	1e-23	0.0011261999607086182
697	1e-23	0.0010477000032551587
698	1e-23	0.0010005999938584864
699	1e-23	0.0010941000073216856
700	1e-23	0.001124400005210191
701	1e-23	0.001196600031107664
702	1e-23	0.0010932000004686415
703	1e-23	0.0010771999950520694
704	1e-23	0.001159300038125366
705	1e-23	0.0011383999953977764
706	1e-23	0.001341500028502196
707	1e-23	0.0013564000255428255
708	1e-23	0.0010813999688252807
709	1e-23	0.0011835999903269112
710	1e-23	0.001150400028564036
711	1e-23	0.0011383999953977764
712	1e-23	0.0011451999889686704
713	1e-23	0.001104000024497509
714	1e-23	0.001160199986770749
715	1e-23	0.0011981999850831926
716	1e-23	0.001109600008931011
717	1e-23	0.0011135999811813235
718	1e-23	0.0011537999962456524
719	1e-23	0.00118830002611503
720	1e-23	0.0013368999934755266
721	1e-23	0.0012915999977849424
722	1e-23	0.0011104000150226057
723	1e-23	0.0011291999835520983
724	1e-23	0.0011088000028394163
725	1e-23	0.0011450000456534326
726	1e-23	0.001150699972640723
727	1e-23	0.0011758999899029732
728	1e-23	0.0011766999959945679
729	1e-23	0.0011563000152818859
730	1e-23	0.001066399971023202
731	1e-23	0.0010701999999582767
732	1e-23	0.0011882999679073691
733	1e-23	0.0012076999992132187
734	1e-23	0.0011594999814406037
735	1e-23	0.001117900013923645
736	1e-23	0.0010845999931916595
737	1e-23	0.0011189000215381384
738	1e-23	0.0011291999835520983
739	1e-23	0.0011386999976821244
740	1e-23	0.0010650999611243606
741	1e-23	0.001074399973731488
742	1e-23	0.001119100023061037
743	1e-23	0.0010694999946281314
744	1e-23	0.001060499984305352
745	1e-23	0.0010704000014811754
746	1e-23	0.0013859000173397362
747	1e-23	0.0016285000019706786
748	1e-23	0.0011363000376150012
749	1e-23	0.0011323000071570277
750	1e-23	0.001061699993442744
751	1e-23	0.0011223999899812043
752	1e-23	0.0010902999783866107
753	1e-23	0.0010068000410683453
754	1e-23	0.001075899985153228
755	1e-23	0.00116020004497841
756	1e-23	0.001132100005634129
757	1e-23	0.0011221000459045172
758	1e-23	0.00120900000911206
759	1e-23	0.001231699949130416
760	1e-23	0.0012277000350877643
761	1e-23	0.0011212999816052616
762	1e-23	0.0011178000131621957
763	1e-23	0.0011292999843135476
764	1e-23	0.0011122000287286937
765	1e-23	0.0011075999937020242
766	1e-23	0.0011416999623179436
767	1e-23	0.0012356999795883894
768	1e-23	0.0011883999686688185
769	1e-23	0.0014818999916315079
770	1e-23	0.0011166000040248036
771	1e-23	0.0012886000331491232
772	1e-23	0.0014313000137917697
773	1e-23	0.001258100033737719
774	1e-23	0.0011138999834656715
775	1e-23	0.0011505000293254852
776	1e-23	0.0014022999675944448
777	1e-23	0.0012382999993860722
778	1e-23	0.0014482999686151743
779	1e-23	0.0016971000004559755
780	1e-23	0.001173799973912537
781	1e-23	0.0011289999820291996
782	1e-23	0.0013765000039711595
783	1e-23	0.001347700017504394
784	1e-23	0.0011864000116474926
785	1e-23	0.0011762999929487705
786	1e-23	0.0010582000249996781
787	1e-23	0.0011610999936237931
788	1e-23	0.0011400000075809658
789	1e-23	0.001221699989400804
790	1e-23	0.0011603000457398593
791	1e-23	0.0011599999852478504
792	1e-23	0.0011558000114746392
793	1e-23	0.0011612999951466918
794	1e-23	0.0011115000233985484
795	1e-23	0.0011606999905779958
796	1e-23	0.00135709997266531
797	1e-23	0.0011942999553866684
798	1e-23	0.0011288999812677503
799	1e-23	0.0011546000023372471
800	1e-23	0.0012398000108078122
801	1e-23	0.001285300008021295
802	1e-23	0.0011597999837249517
803	1e-23	0.001220499980263412
804	1e-23	0.0011429000296629965
805	1e-23	0.001135299971792847
806	1e-23	0.001130599994212389
807	1e-23	0.00115720002213493
808	1e-23	0.0010929999989457428
809	1e-23	0.0013103000237606466
810	1e-23	0.001123499998357147
811	1e-23	0.0010183000122196972
812	1e-23	0.0009655999601818621
813	1e-23	0.0010661999695003033
814	1e-23	0.001118200016207993
815	1e-23	0.0010482999496161938
816	1e-23	0.0011158999986946583
817	1e-23	0.0013928000116720796
818	1e-23	0.0010920999920926988
819	1e-23	0.0010557999485172331
820	1e-23	0.0015175999724306166
821	1e-23	0.0013212000485509634
822	1e-23	0.0018666000105440617
823	1e-23	0.0011468000011518598
824	1e-23	0.0010479999473318458
825	1e-23	0.0011276999721303582
826	1e-23	0.0013297999976202846
827	1e-23	0.0014389000134542584
828	1e-23	0.0011582000297494233
829	1e-23	0.001109300006646663
830	1e-23	0.0011875000200234354
831	1e-23	0.0010943000088445842
832	1e-23	0.0011628000065684319
833	1e-23	0.0012094000121578574
834	1e-23	0.0012184000224806368
835	1e-23	0.0012642000219784677
836	1e-23	0.0012909999932162464
837	1e-23	0.0014733999851159751
838	1e-23	0.0011571000213734806
839	1e-23	0.0014105999725870788
840	1e-23	0.0011628000065684319
841	1e-23	0.001089199970010668
842	1e-23	0.0010654000216163695
843	1e-23	0.0010725000174716115
844	1e-23	0.0011578999692574143
845	1e-23	0.0011180999572388828
846	1e-23	0.0010877999593503773
847	1e-23	0.0012876000255346298
848	1e-23	0.0012709999573417008
849	1e-23	0.001148899958934635
850	1e-23	0.0012740000383928418
851	1e-23	0.0012701000086963177
852	1e-23	0.0011356999748386443
853	1e-23	0.0011638000141829252
854	1e-23	0.0012010999489575624
855	1e-23	0.001122599991504103
856	1e-23	0.0011497000232338905
857	1e-23	0.0011631000088527799
858	1e-23	0.0010591999744065106
859	1e-23	0.001079699955880642
860	1e-23	0.0016149000148288906
861	1e-23	0.001096599968150258
862	1e-23	0.0010300000431016088
863	1e-23	0.0010964000248350203
864	1e-23	0.001158999977633357
865	1e-23	0.0011070000473409891
866	1e-23	0.0011177000124007463
867	1e-23	0.0011918999953195453
868	1e-23	0.0011095000081695616
869	1e-23	0.0011727000237442553
870	1e-23	0.001247699954546988
871	1e-23	0.0011852000025101006
872	1e-23	0.0012679999927058816
873	1e-23	0.0011821999796666205
874	1e-23	0.0014943999703973532
875	1e-23	0.001567100000102073
876	1e-23	0.0017915000207722187
877	1e-23	0.001260399993043393
878	1e-23	0.0011830999865196645
879	1e-23	0.001261900004465133
880	1e-23	0.000943700026255101
881	1e-23	0.001052199979312718
882	1e-23	0.0011911000474356115
883	1e-23	0.0010763999889604747
884	1e-23	0.0011750999838113785
885	1e-23	0.0012414000229910016
886	1e-23	0.001235000032465905
887	1e-23	0.001137099985498935
888	1e-23	0.0010596000356599689
889	1e-23	0.0011824999819509685
890	1e-23	0.001200400001835078
891	1e-23	0.0011251000105403364
892	1e-23	0.001139800006058067
893	1e-23	0.001336699991952628
894	1e-23	0.0012461000005714595
895	1e-23	0.001220200036186725
896	1e-23	0.0010689999908208847
897	1e-23	0.0010437999735586345
898	1e-23	0.0014245000202208757
899	1e-23	0.0012080000014975667
900	1e-23	0.001220199977979064
901	1e-23	0.0011151000508107245
902	1e-23	0.001077399996574968
903	1e-23	0.0010925999958999455
904	1e-23	0.0011791999568231404
905	1e-23	0.0010992999887093902
906	1e-23	0.0010980000370182097
907	1e-23	0.0010777999996207654
908	1e-23	0.0011414000182412565
909	1e-23	0.0011147999903187156
910	1e-23	0.0010643000132404268
911	1e-23	0.001221699989400804
912	1e-23	0.0012192000285722315
913	1e-23	0.0011035000206902623
914	1e-23	0.0011126999743282795
915	1e-23	0.0011949000181630254
916	1e-23	0.0011713000130839646
917	1e-23	0.00120900000911206
918	1e-23	0.0012153999996371567
919	1e-23	0.0012548999511636794
920	1e-23	0.0011653000256046653
921	1e-23	0.0011796000180765986
922	1e-23	0.001133300014771521
923	1e-23	0.0011564000160433352
924	1e-23	0.0012108999653719366
925	1e-23	0.0011945999576710165
926	1e-23	0.001118800020776689
927	1e-23	0.0010430999682284892
928	1e-23	0.0011273999698460102
929	1e-23	0.001109300006646663
930	1e-23	0.0011369999847374856
931	1e-23	0.001106400042772293
932	1e-23	0.0010962000233121216
933	1e-23	0.0011038999655283988
934	1e-23	0.0010129999718628824
935	1e-23	0.0010444999788887799
936	1e-23	0.0011189000215381384
937	1e-23	0.0012264999677427113
938	1e-23	0.001291499997023493
939	1e-23	0.0012236000038683414
940	1e-23	0.0012293000472709537
941	1e-23	0.0011579000274650753
942	1e-23	0.0015193999861367047
943	1e-23	0.0010705000022426248
944	1e-23	0.0011166000040248036
945	1e-23	0.0010796000133268535
946	1e-23	0.0011198000283911824
947	1e-23	0.0011183000169694424
948	1e-23	0.0009920999873429537
949	1e-23	0.0009975000284612179
950	1e-23	0.0014367999974638224
951	1e-23	0.0011792000150308013
952	1e-23	0.0010977000347338617
953	1e-23	0.0011153999948874116
954	1e-23	0.0010414999560452998
955	1e-23	0.001048400008585304
956	1e-23	0.0010337000130675733
957	1e-23	0.001070600003004074
958	1e-23	0.0010300999856553972
959	1e-23	0.0010523999808356166
960	1e-23	0.0010337000130675733
961	1e-23	0.0010495000169612467
962	1e-23	0.0010346000199206173
963	1e-23	0.001035400026012212
964	1e-23	0.0011371999862603843
965	1e-23	0.0012027999619022012
966	1e-23	0.001111100020352751
967	1e-23	0.0010697999969124794
968	1e-23	0.0011267999652773142
969	1e-23	0.0010683999862521887
970	1e-23	0.0010269000194966793
971	1e-23	0.001088000019080937
972	1e-23	0.001089199970010668
973	1e-23	0.00104160001501441
974	1e-23	0.0010568000143393874
975	1e-23	0.0010361000313423574
976	1e-23	0.0011264999629929662
977	1e-23	0.0010867000091820955
978	1e-23	0.00122819998068735
979	1e-23	0.0012190999696031213
980	1e-23	0.0011369999847374856
981	1e-23	0.0011476000072434545
982	1e-23	0.0011408000136725605
983	1e-23	0.0012005000025965273
984	1e-23	0.0011251000105403364
985	1e-23	0.0011013999464921653
986	1e-23	0.0011142999865114689
987	1e-23	0.0012064999900758266
988	1e-23	0.001196300028823316
989	1e-23	0.0012673999881371856
990	1e-23	0.0012057999847456813
991	1e-23	0.0015147000085562468
992	1e-23	0.0012413999647833407
993	1e-23	0.0012992999982088804
994	1e-23	0.0013152000028640032
995	1e-23	0.0013244000147096813
996	1e-23	0.0012188000255264342
997	1e-23	0.0011171000078320503
998	1e-23	0.0011310999980196357
999	1e-23	0.0013540000072680414
1000	1e-23	0.0011608999921008945
1001	1e-23	0.0011246000067330897
1002	1e-23	0.0012110000243410468
1003	1e-23	0.001379599969368428
1004	1e-23	0.0011376000475138426
1005	1e-23	0.001178799953777343
1006	1e-23	0.001108099997509271
1007	1e-23	0.0010762999881990254
1008	1e-23	0.0009955999557860196
1009	1e-23	0.0011192000238224864
1010	1e-23	0.0013657999807037413
1011	1e-23	0.0015184999792836607
1012	1e-23	0.001721800013910979
1013	1e-23	0.0012546000070869923
1014	1e-23	0.001163699955213815
1015	1e-23	0.0015716999769210815
1016	1e-23	0.001210999966133386
1017	1e-23	0.0012412999640218914
1018	1e-23	0.0011439999798312783
1019	1e-23	0.0011110000195913017
1020	1e-23	0.0013342999736778438
1021	1e-23	0.0011700000031851232
1022	1e-23	0.0011918999953195453
1023	1e-23	0.0011712000123225152
1024	1e-23	0.00114390003727749
1025	1e-23	0.0012832999927923083
1026	1e-23	0.0012657000334002078
1027	1e-23	0.0012990999966859818
1028	1e-23	0.0013089000131003559
1029	1e-23	0.0011227999930270016
1030	1e-23	0.0010725000174716115
1031	1e-23	0.0010323000024072826
1032	1e-23	0.0011207000352442265
1033	1e-23	0.0010843999916687608
1034	1e-23	0.0010887000244110823
1035	1e-23	0.001272000023163855
1036	1e-23	0.0012630000128410757
1037	1e-23	0.001125600014347583
1038	1e-23	0.0010830999817699194
1039	1e-23	0.0012305999989621341
1040	1e-23	0.0012304999982006848
1041	1e-23	0.0011396000045351684
1042	1e-23	0.0010896000312641263
1043	1e-23	0.0011098000104539096
1044	1e-23	0.0010784000041894615
1045	1e-23	0.001193300005979836
1046	1e-23	0.0011878000223077834
1047	1e-23	0.0012630000128410757
1048	1e-23	0.001115499995648861
1049	1e-23	0.00109629996586591
1050	1e-23	0.0011133999796584249
1051	1e-23	0.0010657000239007175
1052	1e-23	0.0010933000012300909
1053	1e-23	0.0012136000441387296
1054	1e-23	0.0011331999558024108
1055	1e-23	0.00106519996188581
1056	1e-23	0.001079699955880642
1057	1e-23	0.0011135999811813235
1058	1e-23	0.001101300003938377
1059	1e-23	0.0010839999886229634
1060	1e-23	0.0011607999913394451
1061	1e-23	0.0011008000001311302
1062	1e-23	0.0011008000001311302
1063	1e-23	0.0010578000219538808
1064	1e-23	0.0011076000519096851
1065	1e-23	0.001046899997163564
1066	1e-23	0.0013937000185251236
1067	1e-23	0.0012459999998100102
1068	1e-23	0.0011484000133350492
1069	1e-23	0.001165200024843216
1070	1e-23	0.0010998999932780862
1071	1e-23	0.0011545000015757978
1072	1e-23	0.0010819000308401883
1073	1e-23	0.0011174000101163983
1074	1e-23	0.0011221999884583056
1075	1e-23	0.0011887999717146158
1076	1e-23	0.001205099979415536
1077	1e-23	0.0011128000332973897
1078	1e-23	0.0011394000030122697
1079	1e-23	0.00121489999582991
1080	1e-23	0.0011790000135079026
1081	1e-23	0.0012247000122442842
1082	1e-23	0.001132100005634129
1083	1e-23	0.0010754999821074307
1084	1e-23	0.0010091000003740191
1085	1e-23	0.0011075000511482358
1086	1e-23	0.0010526999831199646
1087	1e-23	0.0010642999550327659
1088	1e-23	0.0010793000110425055
1089	1e-23	0.0010743000311776996
1090	1e-23	0.0011682999902404845
1091	1e-23	0.0010380999883636832
1092	1e-23	0.001104300026781857
1093	1e-23	0.001318100024946034
1094	1e-23	0.0014441999956034124
1095	1e-23	0.0011897999793291092
1096	1e-23	0.0013466000091284513
1097	1e-23	0.001137399987783283
1098	1e-23	0.0011323999497108161
1099	1e-23	0.001131800003349781
1100	1e-23	0.0012251000152900815
1101	1e-23	0.001015300047583878
1102	1e-23	0.0010266000172123313
1103	1e-23	0.0010499999625608325
1104	1e-23	0.0011956000234931707
1105	1e-23	0.0013209999888204038
1106	1e-23	0.0018213000148534775
1107	1e-23	0.001135899976361543
1108	1e-23	0.0011074999929405749
1109	1e-23	0.0011041000252589583
1110	1e-23	0.0010395999997854233
1111	1e-23	0.00107709999429062
1112	1e-23	0.001121699984651059
1113	1e-23	0.0010045000235550106
1114	1e-23	0.0009674999746493995
1115	1e-23	0.0009469999931752682
1116	1e-23	0.0009934999980032444
1117	1e-23	0.001235299976542592
1118	1e-23	0.0010045000235550106
1119	1e-23	0.0011758999899029732
1120	1e-23	0.001192099996842444
1121	1e-23	0.001083599985577166
1122	1e-23	0.0014180000289343297
1123	1e-23	0.0012416000245139003
1124	1e-23	0.001276700000744313
1125	1e-23	0.0012993999989703298
1126	1e-23	0.0012183000217191875
1127	1e-23	0.001228499982971698
1128	1e-23	0.0011752999853342772
1129	1e-23	0.0011636000126600266
1130	1e-23	0.0011770999990403652
1131	1e-23	0.001673000049777329
1132	1e-23	0.00129060004837811
1133	1e-23	0.0014339000335894525
1134	1e-23	0.0011867000139318407
1135	1e-23	0.0011194999678991735
1136	1e-23	0.0012288999860174954
1137	1e-23	0.0013227000017650425
1138	1e-23	0.0011474000057205558
1139	1e-23	0.0010783000034280121
1140	1e-23	0.0010559000074863434
1141	1e-23	0.0011548000038601458
1142	1e-23	0.0011058999807573855
1143	1e-23	0.001123800000641495
1144	1e-23	0.0013436999870464206
1145	1e-23	0.0012190999696031213
1146	1e-23	0.0011790000135079026
1147	1e-23	0.0011852000025101006
1148	1e-23	0.0011792000150308013
1149	1e-23	0.0011534999939613044
1150	1e-23	0.0011651000240817666
1151	1e-23	0.0010920999920926988
1152	1e-23	0.0010667999740689993
1153	1e-23	0.0011498999665491283
1154	1e-23	0.0011184000177308917
1155	1e-23	0.0010898999753408134
1156	1e-23	0.0010783000034280121
1157	1e-23	0.0012639999622479081
1158	1e-23	0.0012503999751061201
1159	1e-23	0.0011276000295765698
1160	1e-23	0.0011647000210359693
1161	1e-23	0.001158399973064661
1162	1e-23	0.0011072999914176762
1163	1e-23	0.0011248000082559884
1164	1e-23	0.0012106000212952495
1165	1e-23	0.0011722000199370086
1166	1e-23	0.0009493000106886029
1167	1e-23	0.0011056999792344868
1168	1e-23	0.0010466999956406653
1169	1e-23	0.0009634000016376376
1170	1e-23	0.0012252000160515308
1171	1e-23	0.0012447999906726182
1172	1e-23	0.0011514999787323177
1173	1e-23	0.0010707000037655234
1174	1e-23	0.0010710000060498714
1175	1e-23	0.0011218999861739576
1176	1e-23	0.0011356999748386443
1177	1e-23	0.0009504000190645456
1178	1e-23	0.0009397999965585768
1179	1e-23	0.0011674999841488898
1180	1e-23	0.0010893999715335667
1181	1e-23	0.0011380999931134284
1182	1e-23	0.0011368000414222479
1183	1e-23	0.0011879000230692327
1184	1e-23	0.0013657999807037413
1185	1e-23	0.0012266000267118216
1186	1e-23	0.0011690999963320792
1187	1e-23	0.0011422000243328512
1188	1e-23	0.0010566000128164887
1189	1e-23	0.001109300006646663
1190	1e-23	0.0011480000102892518
1191	1e-23	0.0011538999970071018
1192	1e-23	0.00104750000173226
1193	1e-23	0.0010345999617129564
1194	1e-23	0.0010707000037655234
1195	1e-23	0.0011650000233203173
1196	1e-23	0.0011593999806791544
1197	1e-23	0.0013186000287532806
1198	1e-23	0.0012240000069141388
1199	1e-23	0.0011621000012382865
1200	1e-23	0.0011181000154465437
1201	1e-23	0.0010799000156112015
1202	1e-23	0.0011045000283047557
1203	1e-23	0.0011907000443898141
1204	1e-23	0.0011032000184059143
1205	1e-23	0.0010488000116311014
1206	1e-23	0.001074400031939149
1207	1e-23	0.0011410000151954591
1208	1e-23	0.0010926999966613948
1209	1e-23	0.0010857000015676022
1210	1e-23	0.0014793999725952744
1211	1e-23	0.001188900030683726
1212	1e-23	0.0010513000306673348
1213	1e-23	0.0010246000019833446
1214	1e-23	0.0011475000064820051
1215	1e-23	0.0011412000167183578
1216	1e-23	0.0010768999927677214
1217	1e-23	0.0011257000151090324
1218	1e-23	0.0011637000134214759
1219	1e-23	0.0011070000473409891
1220	1e-23	0.0010643000132404268
1221	1e-23	0.0010865000076591969
1222	1e-23	0.0011258000158704817
1223	1e-23	0.0011113000218756497
1224	1e-23	0.0012889999779872596
1225	1e-23	0.0011488000163808465
1226	1e-23	0.0011078000534325838
1227	1e-23	0.001081799971871078
1228	1e-23	0.0012646999675780535
1229	1e-23	0.0011878000223077834
1230	1e-23	0.0012326000141911209
1231	1e-23	0.00102090003201738
1232	1e-23	0.0010514999739825726
1233	1e-23	0.0010117999627254903
1234	1e-23	0.0010413999552838504
1235	1e-23	0.0011700000031851232
1236	1e-23	0.0010745999752543867
1237	1e-23	0.0014033999759703875
1238	1e-23	0.00120900000911206
1239	1e-23	0.0012178999604657292
1240	1e-23	0.001117899955715984
1241	1e-23	0.0010677999816834927
1242	1e-23	0.001031499996315688
1243	1e-23	0.001226399966981262
1244	1e-23	0.0011339000193402171
1245	1e-23	0.001103700022213161
1246	1e-23	0.0011197999701835215
1247	1e-23	0.0010862000053748488
1248	1e-23	0.0010662999702617526
1249	1e-23	0.0010273000225424767
1250	1e-23	0.0011531999916769564
1251	1e-23	0.0011529999901540577
1252	1e-23	0.0010618999949656427
1253	1e-23	0.0011246000067330897
1254	1e-23	0.0010933000012300909
1255	1e-23	0.0010821999749168754
1256	1e-23	0.0011712000123225152
1257	1e-23	0.0011329999542795122
1258	1e-23	0.001055800006724894
1259	1e-23	0.0010894000297412276
1260	1e-23	0.0011623000027611852
1261	1e-23	0.0011538999970071018
1262	1e-23	0.0011479000095278025
1263	1e-23	0.00167269998928532
1264	1e-23	0.001269300002604723
1265	1e-23	0.001221700047608465
1266	1e-23	0.0011059000389650464
1267	1e-23	0.0012836000532843173
1268	1e-23	0.0011993000516667962
1269	1e-23	0.0011954999645240605
1270	1e-23	0.0012095000129193068
1271	1e-23	0.0011592000373639166
1272	1e-23	0.0012244000099599361
1273	1e-23	0.0011784000089392066
1274	1e-23	0.0011722000199370086
1275	1e-23	0.0011761999921873212
1276	1e-23	0.0012838999973610044
1277	1e-23	0.0010954999597743154
1278	1e-23	0.0010855000000447035
1279	1e-23	0.0010585000272840261
1280	1e-23	0.0010528999846428633
1281	1e-23	0.001083899987861514
1282	1e-23	0.001103100017644465
1283	1e-23	0.0011104000150226057
1284	1e-23	0.001067900040652603
1285	1e-23	0.0011556000099517405
1286	1e-23	0.001131500001065433
1287	1e-23	0.001137099985498935
1288	1e-23	0.0011551999486982822
1289	1e-23	0.0015317000215873122
1290	1e-23	0.0011008000001311302
1291	1e-23	0.0010908999829553068
1292	1e-23	0.0010927999974228442
1293	1e-23	0.0010145999840460718
1294	1e-23	0.0010062000364996493
1295	1e-23	0.0010993999894708395
1296	1e-23	0.0010384999914094806
1297	1e-23	0.001128199975937605
1298	1e-23	0.0010464999941177666
1299	1e-23	0.0011746000382117927
1300	1e-23	0.0011983000440523028
1301	1e-23	0.001090999983716756
1302	1e-23	0.0016515000024810433
1303	1e-23	0.0012793999630957842
1304	1e-23	0.0010603999835439026
1305	1e-23	0.0010520000359974802
1306	1e-23	0.0011283999774605036
1307	1e-23	0.000986900005955249
1308	1e-23	0.0010068999836221337
1309	1e-23	0.0010833999840542674
1310	1e-23	0.0010983000393025577
1311	1e-23	0.0009877000120468438
1312	1e-23	0.0009785000002011657
1313	1e-23	0.0010923999943770468
1314	1e-23	0.001033600012306124
1315	1e-23	0.0010517000337131321
1316	1e-23	0.001651099999435246
1317	1e-23	0.0011926000006496906
1318	1e-23	0.0010646000155247748
1319	1e-23	0.0010722000151872635
1320	1e-23	0.0011207000352442265
1321	1e-23	0.0010543999960646033
1322	1e-23	0.0010395999997854233
1323	1e-23	0.0010867000091820955
1324	1e-23	0.0011107000173069537
1325	1e-23	0.0010968000278808177
1326	1e-23	0.0010457000462338328
1327	1e-23	0.0010522999800741673
1328	1e-23	0.0011017000069841743
1329	1e-23	0.0012387000024318695
1330	1e-23	0.0011974000371992588
1331	1e-23	0.001281699980609119
1332	1e-23	0.0011226999922655523
1333	1e-23	0.0011049999739043415
1334	1e-23	0.0010046999668702483
1335	1e-23	0.0011021000100299716
1336	1e-23	0.0011484000133350492
1337	1e-23	0.00108739995630458
1338	1e-23	0.0011310999980196357
1339	1e-23	0.0011291999835520983
1340	1e-23	0.0011288999812677503
1341	1e-23	0.001107799995224923
1342	1e-23	0.001505899999756366
1343	1e-23	0.0011178000131621957
1344	1e-23	0.0011386999976821244
1345	1e-23	0.001110500015784055
1346	1e-23	0.0010908999829553068
1347	1e-23	0.0010618999949656427
1348	1e-23	0.000991599983535707
1349	1e-23	0.0010901999776251614
1350	1e-23	0.001018500013742596
1351	1e-23	0.0010460999910719693
1352	1e-23	0.001000500051304698
1353	1e-23	0.0010944000096060336
1354	1e-23	0.0011075999937020242
1355	1e-23	0.0010460999910719693
1356	1e-23	0.001339999958872795
1357	1e-23	0.0015994000132195652
1358	1e-23	0.001133000012487173
1359	1e-23	0.0011473000049591064
1360	1e-23	0.0010972999734804034
1361	1e-23	0.0010721999569796026
1362	1e-23	0.0010234999936074018
1363	1e-23	0.0010696000535972416
1364	1e-23	0.0010955999605357647
1365	1e-23	0.0010217999806627631
1366	1e-23	0.00106669997330755
1367	1e-23	0.0014182000304572284
1368	1e-23	0.0014207999920472503
1369	1e-23	0.0012156000011600554
1370	1e-23	0.0016077999607659876
1371	1e-23	0.0011938000097870827
1372	1e-23	0.001126500021200627
1373	1e-23	0.0011435000342316926
1374	1e-23	0.001124100002925843
1375	1e-23	0.001045399985741824
1376	1e-23	0.0011763999937102199
1377	1e-23	0.0011268999660387635
1378	1e-23	0.0010230999905616045
1379	1e-23	0.0010045000235550106
1380	1e-23	0.0010171999456360936
1381	1e-23	0.0010929999989457428
1382	1e-23	0.0014269999810494483
1383	1e-23	0.001440199965145439
1384	1e-23	0.001300899952184409
1385	1e-23	0.0014768000110052526
1386	1e-23	0.0012180000194348395
1387	1e-23	0.001145099988207221
1388	1e-23	0.0010447999811731279
1389	1e-23	0.0010905999806709588
1390	1e-23	0.0011141999857500196
1391	1e-23	0.0010535000474192202
1392	1e-23	0.0010827999794855714
1393	1e-23	0.00107409997144714
1394	1e-23	0.0011097000096924603
1395	1e-23	0.0011864000116474926
1396	1e-23	0.001221999991685152
1397	1e-23	0.001235899981111288
1398	1e-23	0.0010783000034280121
1399	1e-23	0.001055800006724894
1400	1e-23	0.0009860999998636544
1401	1e-23	0.0010843999916687608
1402	1e-23	0.0011402999516576529
1403	1e-23	0.0010651000193320215
1404	1e-23	0.0010578000219538808
1405	1e-23	0.0012952000251971185
1406	1e-23	0.0011041000252589583
1407	1e-23	0.001316299953032285
1408	1e-23	0.0018432000069878995
1409	1e-23	0.0012162000057287514
1410	1e-23	0.001136199978645891
1411	1e-23	0.0011438000365160406
1412	1e-23	0.0010729000205174088
1413	1e-23	0.001134999969508499
1414	1e-23	0.0012246000114828348
1415	1e-23	0.001258700038306415
1416	1e-23	0.0011326000094413757
1417	1e-23	0.001081500027794391
1418	1e-23	0.0010757999843917787
1419	1e-23	0.0010759999859146774
1420	1e-23	0.001097800035495311
1421	1e-23	0.0012638000189326704
1422	1e-23	0.0015119999879971147
1423	1e-23	0.001235300034750253
1424	1e-23	0.0011623000027611852
1425	1e-23	0.0011357000330463052
1426	1e-23	0.0010378999868407845
1427	1e-23	0.0010359999723732471
1428	1e-23	0.00103270000545308
1429	1e-23	0.0010754999821074307
1430	1e-23	0.0010184000129811466
1431	1e-23	0.0010510000283829868
1432	1e-23	0.0011722000199370086
1433	1e-23	0.0012127000372856855
1434	1e-23	0.001175300043541938
1435	1e-23	0.0010685999877750874
1436	1e-23	0.0011464999988675117
1437	1e-23	0.0010880999616347253
1438	1e-23	0.001083600043784827
1439	1e-23	0.001109600008931011
1440	1e-23	0.0010878000175580382
1441	1e-23	0.0010551000013947487
1442	1e-23	0.0010771999950520694
1443	1e-23	0.0010305999894626439
1444	1e-23	0.0013473000144585967
1445	1e-23	0.0011131999781355262
1446	1e-23	0.0010325999464839697
1447	1e-23	0.0011142000439576805
1448	1e-23	0.0012319000088609755
1449	1e-23	0.001036300032865256
1450	1e-23	0.001063200004864484
1451	1e-23	0.0011581999715417624
1452	1e-23	0.0010095000034198165
1453	1e-23	0.0010460999910719693
1454	1e-23	0.001160499989055097
1455	1e-23	0.0011038000229746103
1456	1e-23	0.0010513000306673348
1457	1e-23	0.001063200004864484
1458	1e-23	0.0011002999963238835
1459	1e-23	0.0010939999483525753
1460	1e-23	0.0010449999826960266
1461	1e-23	0.0011769999982789159
1462	1e-23	0.001229999994393438
1463	1e-23	0.001151299977209419
1464	1e-23	0.0011230999953113496
1465	1e-23	0.0012182000209577382
1466	1e-23	0.0012552000116556883
1467	1e-23	0.0012020000140182674
1468	1e-23	0.001228500041179359
1469	1e-23	0.0011210999800823629
1470	1e-23	0.0010212999768555164
1471	1e-23	0.0012043000315316021
1472	1e-23	0.001209300011396408
1473	1e-23	0.001227899978403002
1474	1e-23	0.0014108000323176384
1475	1e-23	0.0013969000428915024
1476	1e-23	0.0015456000110134482
1477	1e-23	0.001116100000217557
1478	1e-23	0.001113500038627535
1479	1e-23	0.0011012000031769276
1480	1e-23	0.0010177000076510012
1481	1e-23	0.0010591999744065106
1482	1e-23	0.0010615999926812947
1483	1e-23	0.001010199950542301
1484	1e-23	0.0009884000173769891
1485	1e-23	0.0010177000076510012
1486	1e-23	0.0010665000299923122
1487	1e-23	0.001214299991261214
1488	1e-23	0.0011063999845646322
1489	1e-23	0.0011338999611325562
1490	1e-23	0.0010667999740689993
1491	1e-23	0.0010807999642565846
1492	1e-23	0.0010519999777898192
1493	1e-23	0.0010501000215299428
1494	1e-23	0.001020600029733032
1495	1e-23	0.0009974000276997685
1496	1e-23	0.0010566000128164887
1497	1e-23	0.0010818999726325274
1498	1e-23	0.0010875999578274786
1499	1e-23	0.00103420001687482
1500	1e-23	0.0010474000009708107
1501	1e-23	0.0011804000241681933
1502	1e-23	0.0012120000319555402
1503	1e-23	0.001125600014347583
1504	1e-23	0.0010887000244110823
1505	1e-23	0.0011212000390514731
1506	1e-23	0.0010260000126436353
1507	1e-23	0.0009985000360757113
1508	1e-23	0.0010890000266954303
1509	1e-23	0.001036900037433952
1510	1e-23	0.0009832000359892845
1511	1e-23	0.0009762999834492803
1512	1e-23	0.0011317000025883317
1513	1e-23	0.0011204000329598784
1514	1e-23	0.0011138999834656715
1515	1e-23	0.0012150999973528087
1516	1e-23	0.0012134999851696193
1517	1e-23	0.0011044000275433064
1518	1e-23	0.0010563000105321407
1519	1e-23	0.0011316000018268824
1520	1e-23	0.0010950000141747296
1521	1e-23	0.0010288999765180051
1522	1e-23	0.000989199965260923
1523	1e-23	0.0011703000054694712
1524	1e-23	0.0010908000404015183
1525	1e-23	0.0009986000368371606
1526	1e-23	0.0010294000385329127
1527	1e-23	0.0010529999854043126
1528	1e-23	0.0009714000043459237
1529	1e-23	0.001171400013845414
1530	1e-23	0.001153399993199855
1531	1e-23	0.0010270000202581286
1532	1e-23	0.0011903999838978052
1533	1e-23	0.0010846999939531088
1534	1e-23	0.0011585999745875597
1535	1e-23	0.001132400007918477
1536	1e-23	0.001070600003004074
1537	1e-23	0.0010534999892115593
1538	1e-23	0.0010930999997071922
1539	1e-23	0.0011002999963238835
1540	1e-23	0.001109300006646663
1541	1e-23	0.0012592999846674502
1542	1e-23	0.0011751999845728278
1543	1e-23	0.0012925000046379864
1544	1e-23	0.0011100000119768083
1545	1e-23	0.0010653000208549201
1546	1e-23	0.0010282999719493091
1547	1e-23	0.0009966999641619623
1548	1e-23	0.00102980004157871
1549	1e-23	0.0010190000175498426
1550	1e-23	0.0011877999641001225
1551	1e-23	0.001248600019607693
1552	1e-23	0.0012199000339023769
1553	1e-23	0.0012285999837331474
1554	1e-23	0.0011635000118985772
1555	1e-23	0.001211299968417734
1556	1e-23	0.0013115000328980386
1557	1e-23	0.0012610999983735383
1558	1e-23	0.0011546000023372471
1559	1e-23	0.0014127999893389642
1560	1e-23	0.0012870000209659338
1561	1e-23	0.001167299982625991
1562	1e-23	0.0012295999913476408
1563	1e-23	0.0011563000152818859
1564	1e-23	0.0011887999717146158
1565	1e-23	0.0011547000030986965
1566	1e-23	0.0011434999760240316
1567	1e-23	0.0011301999911665916
1568	1e-23	0.0016637000371702015
1569	1e-23	0.0013347999774850905
1570	1e-23	0.001185000000987202
1571	1e-23	0.0010868999524973333
1572	1e-23	0.0011246000067330897
1573	1e-23	0.0012850999482907355
1574	1e-23	0.0011384999961592257
1575	1e-23	0.001013799977954477
1576	1e-23	0.0009950000094249845
1577	1e-23	0.001018800016026944
1578	1e-23	0.0010535999899730086
1579	1e-23	0.0011249000090174377
1580	1e-23	0.0010695999953895807
1581	1e-23	0.001255100010894239
1582	1e-23	0.0011696000001393259
1583	1e-23	0.0012605999945662916
1584	1e-23	0.0013712000218220055
1585	1e-23	0.0012128000380471349
1586	1e-23	0.0014397000195458531
1587	1e-23	0.0012711999588645995
1588	1e-23	0.0011549000046215951
1589	1e-23	0.0011312999995425344
1590	1e-23	0.0010357999708503485
1591	1e-23	0.0010631000041030347
1592	1e-23	0.001053999993018806
1593	1e-23	0.0011150999926030636
1594	1e-23	0.001400300010573119
1595	1e-23	0.0012464000028558075
1596	1e-23	0.0014756000018678606
1597	1e-23	0.0011116000241599977
1598	1e-23	0.0011576000251807272
1599	1e-23	0.0012835999950766563
1600	1e-23	0.0012173000141046941
1601	1e-23	0.0011879000230692327
1602	1e-23	0.0011307999957352877
1603	1e-23	0.0011833999888040125
1604	1e-23	0.0011283999774605036
1605	1e-23	0.0010688999900594354
1606	1e-23	0.001139500003773719
1607	1e-23	0.001333800028078258
1608	1e-23	0.001160199986770749
1609	1e-23	0.0011770999990403652
1610	1e-23	0.001151899981778115
1611	1e-23	0.0011159999994561076
1612	1e-23	0.0011769999982789159
1613	1e-23	0.0013390000094659626
1614	1e-23	0.00119420001283288
1615	1e-23	0.0011885000276379287
1616	1e-23	0.001207199995405972
1617	1e-23	0.0011987999896518886
1618	1e-23	0.001171399955637753
1619	1e-23	0.0014042999828234315
1620	1e-23	0.0012242000084370375
1621	1e-23	0.001142699969932437
1622	1e-23	0.0017560000414960086
1623	1e-23	0.0019051000126637518
1624	1e-23	0.0011419000220485032
1625	1e-23	0.0013264999724924564
1626	1e-23	0.0010710000060498714
1627	1e-23	0.0010170000023208559
1628	1e-23	0.0011198999709449708
1629	1e-23	0.001126800023484975
1630	1e-23	0.0010849000536836684
1631	1e-23	0.0012231000000610948
1632	1e-23	0.00176910002483055
1633	1e-23	0.001577500021085143
1634	1e-23	0.0011924999998882413
1635	1e-23	0.001433399971574545
1636	1e-23	0.0013115000328980386
1637	1e-23	0.0011451999889686704
1638	1e-23	0.0011736999731510878
1639	1e-23	0.0013422999763861299
1640	1e-23	0.0011177999549545348
1641	1e-23	0.0011051999754272401
1642	1e-23	0.0013648000312969089
1643	1e-23	0.0012442999868653715
1644	1e-23	0.0011594999814406037
1645	1e-23	0.0011355000315234065
1646	1e-23	0.0010976999765262008
1647	1e-23	0.0011635000118985772
1648	1e-23	0.0011282999766990542
1649	1e-23	0.001187400019261986
1650	1e-23	0.0011461999965831637
1651	1e-23	0.00120749999769032
1652	1e-23	0.0013425999786704779
1653	1e-23	0.0011670999811030924
1654	1e-23	0.001104000024497509
1655	1e-23	0.0012499999720603228
1656	1e-23	0.001324000011663884
1657	1e-23	0.0011279000318609178
1658	1e-23	0.0011095000081695616
1659	1e-23	0.0013215999933890998
1660	1e-23	0.0010586000280454755
1661	1e-23	0.001107799995224923
1662	1e-23	0.0011775000020861626
1663	1e-23	0.0011576000251807272
1664	1e-23	0.001062900002580136
1665	1e-23	0.0011137999827042222
1666	1e-23	0.0012894000392407179
1667	1e-23	0.0011288999812677503
1668	1e-23	0.0022515999735333025
1669	1e-23	0.001303000026382506
1670	1e-23	0.0012734000338241458
1671	1e-23	0.0014177999692037702
1672	1e-23	0.0011995999957434833
1673	1e-23	0.0012633000151254237
1674	1e-23	0.001215500000398606
1675	1e-23	0.0012661999789997935
1676	1e-23	0.0011854000040329993
1677	1e-23	0.001087700016796589
1678	1e-23	0.00116460002027452
1679	1e-23	0.0015369000029750168
1680	1e-23	0.001274599984753877
1681	1e-23	0.0013244000147096813
1682	1e-23	0.0014358999906107783
1683	1e-23	0.0012107999646104872
1684	1e-23	0.0011286999797448516
1685	1e-23	0.0011736999731510878
1686	1e-23	0.001116100000217557
1687	1e-23	0.001139800006058067
1688	1e-23	0.0012543000048026443
1689	1e-23	0.001081800030078739
1690	1e-23	0.0011446000426076353
1691	1e-23	0.0011858000070787966
1692	1e-23	0.0013079000054858625
1693	1e-23	0.0011648000217974186
1694	1e-23	0.001249799970537424
1695	1e-23	0.0012644000235013664
1696	1e-23	0.001094500010367483
1697	1e-23	0.0009825999732129276
1698	1e-23	0.0011443000403232872
1699	1e-23	0.001199799997266382
1700	1e-23	0.001254200004041195
1701	1e-23	0.0012015000102110207
1702	1e-23	0.0011600999860092998
1703	1e-23	0.0014857000205665827
1704	1e-23	0.0013639000244438648
1705	1e-23	0.0012252999586053193
1706	1e-23	0.001109000004362315
1707	1e-23	0.0011171000078320503
1708	1e-23	0.001087700016796589
1709	1e-23	0.0011350999702699482
1710	1e-23	0.0011273000272922218
1711	1e-23	0.001075299980584532
1712	1e-23	0.001140400010626763
1713	1e-23	0.0011331000132486224
1714	1e-23	0.001121699984651059
1715	1e-23	0.001152799988631159
1716	1e-23	0.0011816999758593738
1717	1e-23	0.0014460000093095005
1718	1e-23	0.0012062000459991395
1719	1e-23	0.0015719999792054296
1720	1e-23	0.0013823999906890094
1721	1e-23	0.0011852000025101006
1722	1e-23	0.0011668999795801938
1723	1e-23	0.0011493000201880932
1724	1e-23	0.0012067999923601747
1725	1e-23	0.0012285999837331474
1726	1e-23	0.0011131999781355262
1727	1e-23	0.0011433000327087939
1728	1e-23	0.0011599999852478504
1729	1e-23	0.0013381000026129186
1730	1e-23	0.0010770000517368317
1731	1e-23	0.001032400003168732
1732	1e-23	0.001325199962593615
1733	1e-23	0.0010062999790534377
1734	1e-23	0.0012166000087745488
1735	1e-23	0.0012391000054776669
1736	1e-23	0.001234100025612861
1737	1e-23	0.0011668999795801938
1738	1e-23	0.0011325000086799264
1739	1e-23	0.0011588000343181193
1740	1e-23	0.0011552999494597316
1741	1e-23	0.0017891000024974346
1742	1e-23	0.0015371000044979155
1743	1e-23	0.0014479000237770379
1744	1e-23	0.0012114000273868442
1745	1e-23	0.0012194000300951302
1746	1e-23	0.0011021000100299716
1747	1e-23	0.0012393000070005655
1748	1e-23	0.0011617999989539385
1749	1e-23	0.0012320000096224248
1750	1e-23	0.0011230999953113496
1751	1e-23	0.0011147999903187156
1752	1e-23	0.0015851000207476318
1753	1e-23	0.0012316000065766275
1754	1e-23	0.0013268999755382538
1755	1e-23	0.0016371000092476606
1756	1e-23	0.0011528999893926084
1757	1e-23	0.0011725000222213566
1758	1e-23	0.001253599999472499
1759	1e-23	0.0011829000432044268
1760	1e-23	0.0015198999899439514
1761	1e-23	0.001284700003452599
1762	1e-23	0.0011858000070787966
1763	1e-23	0.0012401999556459486
1764	1e-23	0.0012392000062391162
1765	1e-23	0.0012608999968506396
1766	1e-23	0.001146299997344613
1767	1e-23	0.001159599982202053
1768	1e-23	0.0012393000070005655
1769	1e-23	0.0011133999796584249
1770	1e-23	0.0015392000204883516
1771	1e-23	0.0012518999865278602
1772	1e-23	0.0011027000145986676
1773	1e-23	0.0011098000104539096
1774	1e-23	0.0012922000023536384
1775	1e-23	0.001171400013845414
1776	1e-23	0.0012675000471062958
1777	1e-23	0.0014517000527121127
1778	1e-23	0.001212499977555126
1779	1e-23	0.0012851000064983964
1780	1e-23	0.0015739000518806279
1781	1e-23	0.0011912999907508492
1782	1e-23	0.001132700010202825
1783	1e-23	0.001139800006058067
1784	1e-23	0.0011938000097870827
1785	1e-23	0.0010936000035144389
1786	1e-23	0.0011413000174798071
1787	1e-23	0.0012328000157140195
1788	1e-23	0.0011079999967478216
1789	1e-23	0.0011814000317826867
1790	1e-23	0.0015385000151582062
1791	1e-23	0.0012514999834820628
1792	1e-23	0.0012577000306919217
1793	1e-23	0.0014347999822348356
1794	1e-23	0.0012054999824613333
1795	1e-23	0.0012366999872028828
1796	1e-23	0.001158999977633357
1797	1e-23	0.0012419000267982483
1798	1e-23	0.001144799985922873
1799	1e-23	0.0012315000058151782
1800	1e-23	0.0011670999811030924
1801	1e-23	0.001222899998538196
1802	1e-23	0.0011835999903269112
1803	1e-23	0.0012931000092066824
1804	1e-23	0.0012277000350877643
1805	1e-23	0.0016347999917343259
1806	1e-23	0.0012802999699488282
1807	1e-23	0.0014888999867253006
1808	1e-23	0.0013291999930515885
1809	1e-23	0.001304199977312237
1810	1e-23	0.0010976000339724123
1811	1e-23	0.0011962999706156552
1812	1e-23	0.0010862000053748488
1813	1e-23	0.0017532000201754272
1814	1e-23	0.0011477000080049038
1815	1e-23	0.0011615999974310398
1816	1e-23	0.0011837999918498099
1817	1e-23	0.0011139999842271209
1818	1e-23	0.001220499980263412
1819	1e-23	0.0011288999812677503
1820	1e-23	0.0011995999957434833
1821	1e-23	0.001236499985679984
1822	1e-23	0.0013753999955952168
1823	1e-23	0.001164900022558868
1824	1e-23	0.0011386999976821244
1825	1e-23	0.001194500015117228
1826	1e-23	0.001453799952287227
1827	1e-23	0.0012044000322930515
1828	1e-23	0.0012180000194348395
1829	1e-23	0.0012891999795101583
1830	1e-23	0.0011680000461637974
1831	1e-23	0.0012350999750196934
1832	1e-23	0.0011419000220485032
1833	1e-23	0.00106669997330755
1834	1e-23	0.001087099954020232
1835	1e-23	0.0015746999997645617
1836	1e-23	0.001103400019928813
1837	1e-23	0.0011906999861821532
1838	1e-23	0.001306299993302673
1839	1e-23	0.001148299954365939
1840	1e-23	0.0012034999672323465
1841	1e-23	0.0016203999985009432
1842	1e-23	0.0012700000079348683
1843	1e-23	0.001196300028823316
1844	1e-23	0.001484300009906292
1845	1e-23	0.00120900000911206
1846	1e-23	0.0011754999868571758
1847	1e-23	0.001112900034058839
1848	1e-23	0.0012897999840788543
1849	1e-23	0.0012040999718010426
1850	1e-23	0.0011557999532669783
1851	1e-23	0.0011391999432817101
1852	1e-23	0.0011961999698542058
1853	1e-23	0.0010621999972499907
1854	1e-23	0.0011294999858364463
1855	1e-23	0.0011833000462502241
1856	1e-23	0.0010728000197559595
1857	1e-23	0.001046899997163564
1858	1e-23	0.001109600008931011
1859	1e-23	0.00109039997914806
1860	1e-23	0.0011564999585971236
1861	1e-23	0.0012088000075891614
1862	1e-23	0.0015025000320747495
1863	1e-23	0.0013463999493978918
1864	1e-23	0.001138299994636327
1865	1e-23	0.001167000038549304
1866	1e-23	0.0014353000442497432
1867	1e-23	0.0012561000185087323
1868	1e-23	0.0012941000168211758
1869	1e-23	0.001184099994134158
1870	1e-23	0.0012391000054776669
1871	1e-23	0.0011620000004768372
1872	1e-23	0.0011658999719657004
1873	1e-23	0.001091000041924417
1874	1e-23	0.001291799999307841
1875	1e-23	0.0012776999501511455
1876	1e-23	0.0011587999761104584
1877	1e-23	0.0011312999995425344
1878	1e-23	0.0016900000046007335
1879	1e-23	0.0010839999886229634
1880	1e-23	0.0010719000129029155
1881	1e-23	0.0010701999999582767
1882	1e-23	0.001387899974361062
1883	1e-23	0.0012691000010818243
1884	1e-23	0.0015577999874949455
1885	1e-23	0.0011070999898947775
1886	1e-23	0.0015112999826669693
1887	1e-23	0.001280499971471727
1888	1e-23	0.0012048999778926373
1889	1e-23	0.0011438000365160406
1890	1e-23	0.0011870000162161887
1891	1e-23	0.0012275000335648656
1892	1e-23	0.0011440999805927277
1893	1e-23	0.0010733999661169946
1894	1e-23	0.0011082999990321696
1895	1e-23	0.0011045000283047557
1896	1e-23	0.0011425000266171992
1897	1e-23	0.0011227999930270016
1898	1e-23	0.0011724999640136957
1899	1e-23	0.001187100016977638
1900	1e-23	0.001067899982444942
1901	1e-23	0.00117790000513196
1902	1e-23	0.001409500022418797
1903	1e-23	0.001381399983074516
1904	1e-23	0.0012035000254400074
1905	1e-23	0.0011658999719657004
1906	1e-23	0.0011641000164672732
1907	1e-23	0.0012094000121578574
1908	1e-23	0.0011452999897301197
1909	1e-23	0.0011594000388868153
1910	1e-23	0.001110499957576394
1911	1e-23	0.001172599964775145
1912	1e-23	0.0012654000311158597
1913	1e-23	0.001243599981535226
1914	1e-23	0.0013003000058233738
1915	1e-23	0.0012649999698624015
1916	1e-23	0.0012245000107213855
1917	1e-23	0.0012915999977849424
1918	1e-23	0.0012829999905079603
1919	1e-23	0.0011319000041112304
1920	1e-23	0.001145999995060265
1921	1e-23	0.0011070999898947775
1922	1e-23	0.0010220999829471111
1923	1e-23	0.0010426000226289034
1924	1e-23	0.0009842999861575663
1925	1e-23	0.0012518999865278602
1926	1e-23	0.0012128000380471349
1927	1e-23	0.0012091999524272978
1928	1e-23	0.0012012000079266727
1929	1e-23	0.001131199998781085
1930	1e-23	0.0011050999746657908
1931	1e-23	0.0013565000263042748
1932	1e-23	0.0012264000251889229
1933	1e-23	0.0011400999501347542
1934	1e-23	0.0011535999947227538
1935	1e-23	0.001149499963503331
1936	1e-23	0.0012384000001475215
1937	1e-23	0.0010999999940395355
1938	1e-23	0.0012805000296793878
1939	1e-23	0.0012716999626718462
1940	1e-23	0.0013193999766372144
1941	1e-23	0.0011323999497108161
1942	1e-23	0.0012333999620750546
1943	1e-23	0.0011681999894790351
1944	1e-23	0.0012140999897383153
1945	1e-23	0.0011969999759458005
1946	1e-23	0.001326700032223016
1947	1e-23	0.0013345000334084034
1948	1e-23	0.0011064999853260815
1949	1e-23	0.0010111999581567943
1950	1e-23	0.0014532000059261918
1951	1e-23	0.0011783000081777573
1952	1e-23	0.0012392000062391162
1953	1e-23	0.0011481000110507011
1954	1e-23	0.0011299000470899045
1955	1e-23	0.0012017000117339194
1956	1e-23	0.0014144000015221536
1957	1e-23	0.0013020000187680125
1958	1e-23	0.001569200016092509
1959	1e-23	0.0012731999740935862
1960	1e-23	0.0012171000125817955
1961	1e-23	0.001426299975719303
1962	1e-23	0.001311899977736175
1963	1e-23	0.001253599999472499
1964	1e-23	0.0012591000413522124
1965	1e-23	0.001164000015705824
1966	1e-23	0.0011739000328816473
1967	1e-23	0.0013482000213116407
1968	1e-23	0.0012011000071652234
1969	1e-23	0.0011749000404961407
1970	1e-23	0.0011186000192537904
1971	1e-23	0.0011659999727271497
1972	1e-23	0.001082400034647435
1973	1e-23	0.0010648000170476735
1974	1e-23	0.0012601999915204942
1975	1e-23	0.0011784000089392066
1976	1e-23	0.00122969999210909
1977	1e-23	0.0015286999987438321
1978	1e-23	0.0015097000286914408
1979	1e-23	0.0011001999955624342
1980	1e-23	0.001165800029411912
1981	1e-23	0.0012058999855071306
1982	1e-23	0.001159899984486401
1983	1e-23	0.0011736000305972993
1984	1e-23	0.0011696000001393259
1985	1e-23	0.0011942999553866684
1986	1e-23	0.001166700036264956
1987	1e-23	0.0012315000058151782
1988	1e-23	0.0013951999717392027
1989	1e-23	0.0010863000061362982
1990	1e-23	0.0011653999681584537
1991	1e-23	0.0012211999855935574
1992	1e-23	0.0012759999954141676
1993	1e-23	0.0012180000194348395
1994	1e-23	0.0011338000185787678
1995	1e-23	0.0011606999905779958
1996	1e-23	0.0012105000205338001
1997	1e-23	0.001226999971549958
1998	1e-23	0.0011687999940477312
1999	1e-23	0.0012863999581895769
2000	1e-23	0.0011502000270411372
2001	1e-23	0.0012034000246785581
2002	1e-23	0.0016544000245630741
2003	1e-23	0.0012937999563291669
2004	1e-23	0.0012793000205419958
2005	1e-23	0.0012682999949902296
2006	1e-23	0.0011481000110507011
2007	1e-23	0.0011263000196777284
2008	1e-23	0.0013488999684341252
2009	1e-23	0.0010456000454723835
2010	1e-23	0.0010615999926812947
2011	1e-23	0.0011618999997153878
2012	1e-23	0.0017265000496990979
2013	1e-23	0.0012284000404179096
2014	1e-23	0.0012300999951548874
2015	1e-23	0.0012233000015839934
2016	1e-23	0.0013874999713152647
2017	1e-23	0.001215800002682954
2018	1e-23	0.001109300006646663
2019	1e-23	0.0011036000214517117
2020	1e-23	0.0013420000323094428
2021	1e-23	0.0010925999958999455
2022	1e-23	0.001070300000719726
2023	1e-23	0.0012657000334002078
2024	1e-23	0.0013129999861121178
2025	1e-23	0.0013179999659769237
2026	1e-23	0.0011168999481014907
2027	1e-23	0.0011944000143557787
2028	1e-23	0.001069999998435378
2029	1e-23	0.0010705000022426248
2030	1e-23	0.0012217999901622534
2031	1e-23	0.001105500035919249
2032	1e-23	0.0010776999988593161
2033	1e-23	0.001258700038306415
2034	1e-23	0.0013180000241845846
2035	1e-23	0.0012965999776497483
2036	1e-23	0.0013554999604821205
2037	1e-23	0.0013026000233367085
2038	1e-23	0.0016975000035017729
2039	1e-23	0.0014949999749660492
2040	1e-23	0.0013110999716445804
2041	1e-23	0.0010999999940395355
2042	1e-23	0.0011365999816916883
2043	1e-23	0.0012266000267118216
2044	1e-23	0.0011379000497981906
2045	1e-23	0.0011298999888822436
2046	1e-23	0.001101600006222725
2047	1e-23	0.0011346000246703625
2048	1e-23	0.00229639996541664
2049	1e-23	0.0014931999612599611
2050	1e-23	0.0013152000028640032
2051	1e-23	0.0012857000110670924
2052	1e-23	0.0013614000054076314
2053	1e-23	0.0011795999598689377
2054	1e-23	0.0011766999959945679
2055	1e-23	0.0011746999807655811
2056	1e-23	0.0013374999980442226
2057	1e-23	0.0012042999733239412
2058	1e-23	0.001227599976118654
2059	1e-23	0.0011934999492950737
2060	1e-23	0.0013881000340916216
2061	1e-23	0.0014696000143885612
2062	1e-23	0.0012432000366970897
2063	1e-23	0.001292700006160885
2064	1e-23	0.0012100999592803419
2065	1e-23	0.001331400009803474
2066	1e-23	0.0012409999617375433
2067	1e-23	0.001235299976542592
2068	1e-23	0.0012567999656312168
2069	1e-23	0.0011168000055477023
2070	1e-23	0.0011875999625772238
2071	1e-23	0.0012469000066630542
2072	1e-23	0.0012264000251889229
2073	1e-23	0.0011677999864332378
2074	1e-23	0.001187400019261986
2075	1e-23	0.0012740999809466302
2076	1e-23	0.0011345000239089131
2077	1e-23	0.0012051000376231968
2078	1e-23	0.0012088000075891614
2079	1e-23	0.0011456000502221286
2080	1e-23	0.00114390003727749
2081	1e-23	0.0012082000030204654
2082	1e-23	0.0012153999996371567
2083	1e-23	0.0012483999598771334
2084	1e-23	0.001389100041706115
2085	1e-23	0.001526899985037744
2086	1e-23	0.0012394000077620149
2087	1e-23	0.0012885000323876739
2088	1e-23	0.0012127000372856855
2089	1e-23	0.001242099970113486
2090	1e-23	0.0012524999910965562
2091	1e-23	0.001195100019685924
2092	1e-23	0.001205699983984232
2093	1e-23	0.001142399967648089
2094	1e-23	0.001180000021122396
2095	1e-23	0.0011696000001393259
2096	1e-23	0.0013139999937266111
2097	1e-23	0.001400899956934154
2098	1e-23	0.0012246000114828348
2099	1e-23	0.0010653999634087086
2100	1e-23	0.001117900013923645
2101	1e-23	0.0013300999999046326
2102	1e-23	0.0011137000401504338
2103	1e-23	0.001046899997163564
2104	1e-23	0.0012062000459991395
2105	1e-23	0.0012017000117339194
2106	1e-23	0.001105800038203597
2107	1e-23	0.00108739995630458
2108	1e-23	0.0011335999588482082
2109	1e-23	0.0011965000303462148
2110	1e-23	0.0013007999514229596
2111	1e-23	0.0014956000377424061
2112	1e-23	0.0012454999960027635
2113	1e-23	0.0012420000275596976
2114	1e-23	0.0011805000249296427
2115	1e-23	0.001263100013602525
2116	1e-23	0.0011704000062309206
2117	1e-23	0.0012808000319637358
2118	1e-23	0.0011700000031851232
2119	1e-23	0.0011104000150226057
2120	1e-23	0.001146900001913309
2121	1e-23	0.001298899995163083
2122	1e-23	0.0012285999837331474
2123	1e-23	0.0012484999606385827
2124	1e-23	0.0011317000025883317
2125	1e-23	0.001160199986770749
2126	1e-23	0.0010551000013947487
2127	1e-23	0.001199199992697686
2128	1e-23	0.0012129000388085842
2129	1e-23	0.001110200013499707
2130	1e-23	0.0011557000107131898
2131	1e-23	0.0012297999928705394
2132	1e-23	0.0011232999968342483
2133	1e-23	0.0010965000255964696
2134	1e-23	0.001484900014474988
2135	1e-23	0.0014841000083833933
2136	1e-23	0.001136799983214587
2137	1e-23	0.0012169000110588968
2138	1e-23	0.0016035999869927764
2139	1e-23	0.0015819999971427023
2140	1e-23	0.0016098999767564237
2141	1e-23	0.001209600013680756
2142	1e-23	0.0012214999878779054
2143	1e-23	0.0011516999802552164
2144	1e-23	0.001215500000398606
2145	1e-23	0.0017624999745748937
2146	1e-23	0.0017036000499501824
2147	1e-23	0.001249499968253076
2148	1e-23	0.001108099997509271
2149	1e-23	0.0013003000058233738
2150	1e-23	0.0011918999953195453
2151	1e-23	0.0011572999646887183
2152	1e-23	0.0014424000401049852
2153	1e-23	0.0012412999640218914
2154	1e-23	0.0011594000388868153
2155	1e-23	0.0017470999737270176
2156	1e-23	0.001464199973270297
2157	1e-23	0.0012249000137671828
2158	1e-23	0.001287899969611317
2159	1e-23	0.0013089000131003559
2160	1e-23	0.0012045999756082892
2161	1e-23	0.0015108000370673835
2162	1e-23	0.0011955999652855098
2163	1e-23	0.0012447999906726182
2164	1e-23	0.0016534000169485807
2165	1e-23	0.0013692000065930188
2166	1e-23	0.0012288999860174954
2167	1e-23	0.0012797999661415815
2168	1e-23	0.0014044999843463302
2169	1e-23	0.0012266000267118216
2170	1e-23	0.0012765999999828637
2171	1e-23	0.0012726999702863395
2172	1e-23	0.001407700008712709
2173	1e-23	0.0013221999979577959
2174	1e-23	0.0012343000271357596
2175	1e-23	0.001255700015462935
2176	1e-23	0.0011353999725542963
2177	1e-23	0.001358899986371398
2178	1e-23	0.0011449999874457717
2179	1e-23	0.0011653999681584537
2180	1e-23	0.001902199990581721
2181	1e-23	0.0016569000435993075
2182	1e-23	0.001236199983395636
2183	1e-23	0.001290599990170449
2184	1e-23	0.0012248000130057335
2185	1e-23	0.0014846999547444284
2186	1e-23	0.0016272999928332865
2187	1e-23	0.001350599981378764
2188	1e-23	0.001260399993043393
2189	1e-23	0.0013037000317126513
2190	1e-23	0.001172299962490797
2191	1e-23	0.001609999977517873
2192	1e-23	0.0012681999942287803
2193	1e-23	0.00121929997112602
2194	1e-23	0.0012838999973610044
2195	1e-23	0.0013688000035472214
2196	1e-23	0.0011114999651908875
2197	1e-23	0.0011141999857500196
2198	1e-23	0.0011701000039465725
2199	1e-23	0.0011461999965831637
2200	1e-23	0.0011665999772958457
2201	1e-23	0.0010814000270329416
2202	1e-23	0.001130899996496737
2203	1e-23	0.0012880000285804272
2204	1e-23	0.001255700015462935
2205	1e-23	0.0012175999581813812
2206	1e-23	0.0013030999689362943
2207	1e-23	0.0013374999980442226
2208	1e-23	0.0011770999990403652
2209	1e-23	0.001108099997509271
2210	1e-23	0.0012872000224888325
2211	1e-23	0.0014860999654047191
2212	1e-23	0.0016472000279463828
2213	1e-23	0.0012187000247649848
2214	1e-23	0.0015334999770857394
2215	1e-23	0.0012657000334002078
2216	1e-23	0.001249800028745085
2217	1e-23	0.0013849000097252429
2218	1e-23	0.0013129999861121178
2219	1e-23	0.0011648000217974186
2220	1e-23	0.0015435999957844615
2221	1e-23	0.0012206000392325222
2222	1e-23	0.0012576999724842608
2223	1e-23	0.0013342999736778438
2224	1e-23	0.0010970000294037163
2225	1e-23	0.001101000001654029
2226	1e-23	0.0013381000026129186
2227	1e-23	0.0012451999937184155
2228	1e-23	0.001272300025448203
2229	1e-23	0.0014523999998345971
2230	1e-23	0.0012082000030204654
2231	1e-23	0.0011591999791562557
2232	1e-23	0.0011981999850831926
2233	1e-23	0.0011971999774686992
2234	1e-23	0.001068500045221299
2235	1e-23	0.0013052999856881797
2236	1e-23	0.0013100000214762986
2237	1e-23	0.0012638000189326704
2238	1e-23	0.0014643999747931957
2239	1e-23	0.0012173000141046941
2240	1e-23	0.0013381000026129186
2241	1e-23	0.0012009000056423247
2242	1e-23	0.0012648000265471637
2243	1e-23	0.001248600019607693
2244	1e-23	0.0012389000039547682
2245	1e-23	0.0011182999587617815
2246	1e-23	0.0011121000279672444
2247	1e-23	0.001119400025345385
2248	1e-23	0.001109300006646663
2249	1e-23	0.0011557000107131898
2250	1e-23	0.0011992999934591353
2251	1e-23	0.0011810000287368894
2252	1e-23	0.0011566000175662339
2253	1e-23	0.001175600045826286
2254	1e-23	0.0011789000127464533
2255	1e-23	0.0010918999905698001
2256	1e-23	0.001435199985280633
2257	1e-23	0.0011605999898165464
2258	1e-23	0.0010224999859929085
2259	1e-23	0.0012884000316262245
2260	1e-23	0.0012203999795019627
2261	1e-23	0.0010284999734722078
2262	1e-23	0.0010292999795638025
2263	1e-23	0.001406199997290969
2264	1e-23	0.0013438999885693192
2265	1e-23	0.0012578999740071595
2266	1e-23	0.0011959999683313072
2267	1e-23	0.0011546999448910356
2268	1e-23	0.0011458999942988157
2269	1e-23	0.0017538000247441232
2270	1e-23	0.0013722999719902873
2271	1e-23	0.0012267999700270593
2272	1e-23	0.0012045000330545008
2273	1e-23	0.0012020999565720558
2274	1e-23	0.0012024000170640647
2275	1e-23	0.0014085000148043036
2276	1e-23	0.0013440000475384295
2277	1e-23	0.0012108999653719366
2278	1e-23	0.0011839000508189201
2279	1e-23	0.0011613999959081411
2280	1e-23	0.001165799971204251
2281	1e-23	0.0010947000118903816
2282	1e-23	0.001253900001756847
2283	1e-23	0.001202800020109862
2284	1e-23	0.0011548000038601458
2285	1e-23	0.0011606999905779958
2286	1e-23	0.0012086000060662627
2287	1e-23	0.0011682999902404845
2288	1e-23	0.0013356999843381345
2289	1e-23	0.001412999990861863
2290	1e-23	0.0012275000335648656
2291	1e-23	0.0014887999859638512
2292	1e-23	0.0012626999523490667
2293	1e-23	0.0011074999929405749
2294	1e-23	0.0010618999949656427
2295	1e-23	0.001110800018068403
2296	1e-23	0.0016348999924957752
2297	1e-23	0.0013134999899193645
2298	1e-23	0.0012021000147797167
2299	1e-23	0.0010892999707721174
2300	1e-23	0.001552300003822893
2301	1e-23	0.0013528999988920987
2302	1e-23	0.0013849000097252429
2303	1e-23	0.0011821999796666205
2304	1e-23	0.0014365999959409237
2305	1e-23	0.0012285999837331474
2306	1e-23	0.001127899973653257
2307	1e-23	0.0011795999598689377
2308	1e-23	0.001176200050394982
2309	1e-23	0.0011389999999664724
2310	1e-23	0.0012111000251024961
2311	1e-23	0.0014528000028803945
2312	1e-23	0.0011843000538647175
2313	1e-23	0.001138599996920675
2314	1e-23	0.0014179999707266688
2315	1e-23	0.0013359999866224825
2316	1e-23	0.0012942000175826252
2317	1e-23	0.0011364000383764505
2318	1e-23	0.001139200001489371
2319	1e-23	0.001124100002925843
2320	1e-23	0.0011312999995425344
2321	1e-23	0.0012807000312022865
2322	1e-23	0.0011491000186651945
2323	1e-23	0.0012538000009953976
2324	1e-23	0.0012912999955005944
2325	1e-23	0.0014629000215791166
2326	1e-23	0.001312799984589219
2327	1e-23	0.0011088000028394163
2328	1e-23	0.001316899957600981
2329	1e-23	0.0011333999573253095
2330	1e-23	0.0012583000352606177
2331	1e-23	0.001204799977131188
2332	1e-23	0.00118530000327155
2333	1e-23	0.0011872999602928758
2334	1e-23	0.0012055999832227826
2335	1e-23	0.0011006999993696809
2336	1e-23	0.00133940001251176
2337	1e-23	0.0018246000399813056
2338	1e-23	0.0013105000252835453
2339	1e-23	0.0011829000432044268
2340	1e-23	0.001652600010856986
2341	1e-23	0.0012200999772176147
2342	1e-23	0.0016052999999374151
2343	1e-23	0.0012876999680884182
2344	1e-23	0.0011709000100381672
2345	1e-23	0.0013144999975338578
2346	1e-23	0.001242400030605495
2347	1e-23	0.0012906999909318984
2348	1e-23	0.0016822000034153461
2349	1e-23	0.0013176000211387873
2350	1e-23	0.001284700003452599
2351	1e-23	0.001568300009239465
2352	1e-23	0.0012404000153765082
2353	1e-23	0.00110219995258376
2354	1e-23	0.0012758999946527183
2355	1e-23	0.0013936999603174627
2356	1e-23	0.0012321000103838742
2357	1e-23	0.001070600003004074
2358	1e-23	0.0012517999857664108
2359	1e-23	0.0013469999539665878
2360	1e-23	0.0013724000309593976
2361	1e-23	0.0012134999851696193
2362	1e-23	0.0011634999536909163
2363	1e-23	0.0011086000013165176
2364	1e-23	0.001060800044797361
2365	1e-23	0.0011497000232338905
2366	1e-23	0.0012915999977849424
2367	1e-23	0.001069100049789995
2368	1e-23	0.0012111000251024961
2369	1e-23	0.00137039995752275
2370	1e-23	0.0011213000398129225
2371	1e-23	0.0016385000199079514
2372	1e-23	0.0011687999940477312
2373	1e-23	0.0011210999800823629
2374	1e-23	0.0011903999838978052
2375	1e-23	0.0011888000299222767
2376	1e-23	0.0011015000054612756
2377	1e-23	0.0010441000340506434
2378	1e-23	0.001135599974077195
2379	1e-23	0.0011632000096142292
2380	1e-23	0.0010661999695003033
2381	1e-23	0.0010935000027529895
2382	1e-23	0.0011289000394754112
2383	1e-23	0.0011212000390514731
2384	1e-23	0.0012722999672405422
2385	1e-23	0.0012359999818727374
2386	1e-23	0.0011866000131703913
2387	1e-23	0.0011366999824531376
2388	1e-23	0.0011624000035226345
2389	1e-23	0.0011727000237442553
2390	1e-23	0.0011059999815188348
2391	1e-23	0.0011723999632522464
2392	1e-23	0.0012961000320501626
2393	1e-23	0.0012304999982006848
2394	1e-23	0.0012114999699406326
2395	1e-23	0.0013348000356927514
2396	1e-23	0.0011686999932862818
2397	1e-23	0.0013808999792672694
2398	1e-23	0.0012379999971017241
2399	1e-23	0.00119270000141114
2400	1e-23	0.001129999989643693
2401	1e-23	0.0011549000046215951
2402	1e-23	0.0013442999916151166
2403	1e-23	0.0011494000209495425
2404	1e-23	0.0011534999939613044
2405	1e-23	0.0011901000398211181
2406	1e-23	0.0011611999943852425
2407	1e-23	0.001137999992351979
2408	1e-23	0.001119700027629733
2409	1e-23	0.0012558000162243843
2410	1e-23	0.0012933000107295811
2411	1e-23	0.0011839999933727086
2412	1e-23	0.0011753999860957265
2413	1e-23	0.0012092000106349587
2414	1e-23	0.0010804000194184482
2415	1e-23	0.0013380000018514693
2416	1e-23	0.0012494000256992877
2417	1e-23	0.001358899986371398
2418	1e-23	0.0011408000136725605
2419	1e-23	0.0012874999665655196
2420	1e-23	0.0012886000331491232
2421	1e-23	0.0016057000029832125
2422	1e-23	0.0011728000245057046
2423	1e-23	0.0013496999745257199
2424	1e-23	0.001749599992763251
2425	1e-23	0.0011953999637626112
2426	1e-23	0.0011115999659523368
2427	1e-23	0.0009916999842971563
2428	1e-23	0.001101000001654029
2429	1e-23	0.0010769999935291708
2430	1e-23	0.0014325999654829502
2431	1e-23	0.0011592000373639166
2432	1e-23	0.0011758999899029732
2433	1e-23	0.0017622000304982066
2434	1e-23	0.001354800013359636
2435	1e-23	0.0012026000185869634
2436	1e-23	0.0011264999629929662
2437	1e-23	0.0014152000076137483
2438	1e-23	0.0012175999581813812
2439	1e-23	0.001173200027551502
2440	1e-23	0.0011032000184059143
2441	1e-23	0.0011464999988675117
2442	1e-23	0.0012340000248514116
2443	1e-23	0.0010646000155247748
2444	1e-23	0.0013977999915368855
2445	1e-23	0.0013969000428915024
2446	1e-23	0.0010970999719575047
2447	1e-23	0.001103399961721152
2448	1e-23	0.001123199996072799
2449	1e-23	0.0010649000178091228
2450	1e-23	0.0010255000088363886
2451	1e-23	0.0011270999675616622
2452	1e-23	0.0010942000080831349
2453	1e-23	0.0010379999876022339
2454	1e-23	0.0010852999985218048
2455	1e-23	0.0011068000458180904
2456	1e-23	0.0010108000133186579
2457	1e-23	0.001133300014771521
2458	1e-23	0.001395000028423965
2459	1e-23	0.0012363999849185348
2460	1e-23	0.0010870000114664435
2461	1e-23	0.0010194999631494284
2462	1e-23	0.0011163000017404556
2463	1e-23	0.0011098000104539096
2464	1e-23	0.001070300000719726
2465	1e-23	0.001039499999023974
2466	1e-23	0.0011615999974310398
2467	1e-23	0.0012121000327169895
2468	1e-23	0.001102800015360117
2469	1e-23	0.001122899993788451
2470	1e-23	0.0011152000515721738
2471	1e-23	0.0011298999888822436
2472	1e-23	0.0010634000063873827
2473	1e-23	0.0011187000200152397
2474	1e-23	0.0010856000008061528
2475	1e-23	0.0010590999736450613
2476	1e-23	0.0010316999978385866
2477	1e-23	0.0010649000178091228
2478	1e-23	0.001088900025933981
2479	1e-23	0.001043400028720498
2480	1e-23	0.0011243000044487417
2481	1e-23	0.0010284999734722078
2482	1e-23	0.0010400000028312206
2483	1e-23	0.0009741000249050558
2484	1e-23	0.00138669996522367
2485	1e-23	0.001254200004041195
2486	1e-23	0.0012241000076755881
2487	1e-23	0.0012365999864414334
2488	1e-23	0.0011627000058069825
2489	1e-23	0.0011611999943852425
2490	1e-23	0.0011363999801687896
2491	1e-23	0.0011427999706938863
2492	1e-23	0.0011437999783083797
2493	1e-23	0.0012323000119067729
2494	1e-23	0.0011620000004768372
2495	1e-23	0.0011792000150308013
2496	1e-23	0.0012104000197723508
2497	1e-23	0.001692800025921315
2498	1e-23	0.0012318000080995262
2499	1e-23	0.0011236999998800457
2500	1e-23	0.001114599988795817
2501	1e-23	0.0011625000042840838
2502	1e-23	0.0011696000001393259
2503	1e-23	0.0010934999445453286
2504	1e-23	0.0011193999671377242
2505	1e-23	0.001101000001654029
2506	1e-23	0.0011172000085934997
2507	1e-23	0.0010292999795638025
2508	1e-23	0.00107559998286888
2509	1e-23	0.0010751000372692943
2510	1e-23	0.0010660000261850655
2511	1e-23	0.001041300012730062
2512	1e-23	0.0011325999512337148
2513	1e-23	0.0010711000068113208
2514	1e-23	0.0011273999698460102
2515	1e-23	0.0011975000379607081
2516	1e-23	0.0011764999944716692
2517	1e-23	0.001096600026357919
2518	1e-23	0.0011579000274650753
2519	1e-23	0.0011696000001393259
2520	1e-23	0.001082699978724122
2521	1e-23	0.0011599999852478504
2522	1e-23	0.0012251000152900815
2523	1e-23	0.001289699983317405
2524	1e-23	0.0011448999866843224
2525	1e-23	0.001045699988026172
2526	1e-23	0.0011382000520825386
2527	1e-23	0.0011369999847374856
2528	1e-23	0.001291499997023493
2529	1e-23	0.0011045000283047557
2530	1e-23	0.000978600000962615
2531	1e-23	0.0011747999815270305
2532	1e-23	0.0011002999963238835
2533	1e-23	0.0013367999927140772
2534	1e-23	0.0010151999886147678
2535	1e-23	0.0009477999992668629
2536	1e-23	0.001749899995047599
2537	1e-23	0.0011885000276379287
2538	1e-23	0.001091600046493113
2539	1e-23	0.0010833999840542674
2540	1e-23	0.0011016999487765133
2541	1e-23	0.0010928999981842935
2542	1e-23	0.0010566999553702772
2543	1e-23	0.0011245000059716403
2544	1e-23	0.0011704000062309206
2545	1e-23	0.0010122000239789486
2546	1e-23	0.001054599997587502
2547	1e-23	0.001132700010202825
2548	1e-23	0.0011526999878697097
2549	1e-23	0.0013416999718174338
2550	1e-23	0.0012731999740935862
2551	1e-23	0.001271700020879507
2552	1e-23	0.0012059000437147915
2553	1e-23	0.001241799967829138
2554	1e-23	0.001241800026036799
2555	1e-23	0.0013075000024400651
2556	1e-23	0.001528399996459484
2557	1e-23	0.0011524000437930226
2558	1e-23	0.0011568000190891325
2559	1e-23	0.0010547999991104007
2560	1e-23	0.0011193999671377242
2561	1e-23	0.0010776999988593161
2562	1e-23	0.0012410999624989927
2563	1e-23	0.0012515999842435122
2564	1e-23	0.0011953000212088227
2565	1e-23	0.0011036999640055
2566	1e-23	0.0010082999942824244
2567	1e-23	0.0010656999656930566
2568	1e-23	0.0011158999986946583
2569	1e-23	0.0010274999658577144
2570	1e-23	0.0010222999844700098
2571	1e-23	0.0011204999755136669
2572	1e-23	0.0010474000009708107
2573	1e-23	0.0010563999530859292
2574	1e-23	0.0010283999727107584
2575	1e-23	0.0012081999448128045
2576	1e-23	0.0011838000500574708
2577	1e-23	0.0011196999694220722
2578	1e-23	0.0011215999838896096
2579	1e-23	0.0010843999916687608
2580	1e-23	0.0010577999637462199
2581	1e-23	0.0011206999770365655
2582	1e-23	0.0012877000262960792
2583	1e-23	0.0011585999745875597
2584	1e-23	0.0010579999652691185
2585	1e-23	0.001099900051485747
2586	1e-23	0.0011343999649398029
2587	1e-23	0.001109900011215359
2588	1e-23	0.00103859999217093
2589	1e-23	0.0015724999830126762
2590	1e-23	0.0013802999746985734
2591	1e-23	0.0011516999802552164
2592	1e-23	0.00118830002611503
2593	1e-23	0.0011801999644376338
2594	1e-23	0.0011817000340670347
2595	1e-23	0.0011337999603711069
2596	1e-23	0.0010924999951384962
2597	1e-23	0.0010976999765262008
2598	1e-23	0.0010882000206038356
2599	1e-23	0.0012003000010736287
2600	1e-23	0.0011356000322848558
2601	1e-23	0.0014622999588027596
2602	1e-23	0.0011452000471763313
2603	1e-23	0.0010861000046133995
2604	1e-23	0.0011078999959863722
2605	1e-23	0.0010889999684877694
2606	1e-23	0.001051599974744022
2607	1e-23	0.0011017000069841743
2608	1e-23	0.0011759999906644225
2609	1e-23	0.0011967999744229019
2610	1e-23	0.0011085000005550683
2611	1e-23	0.001097499975003302
2612	1e-23	0.001184399996418506
2613	1e-23	0.001166399975772947
2614	1e-23	0.001288499974180013
2615	1e-23	0.0012019999558106065
2616	1e-23	0.0011597999837249517
2617	1e-23	0.0011888999724760652
2618	1e-23	0.0010582000249996781
2619	1e-23	0.0010868000099435449
2620	1e-23	0.0012736000353470445
2621	1e-23	0.001150699972640723
2622	1e-23	0.0010653999634087086
2623	1e-23	0.001060499984305352
2624	1e-23	0.0010811000247485936
2625	1e-23	0.0010669000330381095
2626	1e-23	0.001094500010367483
2627	1e-23	0.0011582000297494233
2628	1e-23	0.001379900029860437
2629	1e-23	0.0011951999622397125
2630	1e-23	0.0012075999984517694
2631	1e-23	0.001218699966557324
2632	1e-23	0.0012431000359356403
2633	1e-23	0.0012038999702781439
2634	1e-23	0.0011918999953195453
2635	1e-23	0.0011068000458180904
2636	1e-23	0.001102200010791421
2637	1e-23	0.0011285999789834023
2638	1e-23	0.0011893000337295234
2639	1e-23	0.001136799983214587
2640	1e-23	0.001117599953431636
2641	1e-23	0.0013292999938130379
2642	1e-23	0.00124889996368438
2643	1e-23	0.0013245000154711306
2644	1e-23	0.0017784000374376774
2645	1e-23	0.0011820999789051712
2646	1e-23	0.0010917999898083508
2647	1e-23	0.0011791999568231404
2648	1e-23	0.0014402000233530998
2649	1e-23	0.001757000049110502
2650	1e-23	0.0015400999691337347
2651	1e-23	0.001346200006082654
2652	1e-23	0.001158099970780313
2653	1e-23	0.0010878000175580382
2654	1e-23	0.0011374999885447323
2655	1e-23	0.0010993999894708395
2656	1e-23	0.0014028999721631408
2657	1e-23	0.0014144000015221536
2658	1e-23	0.001185600005555898
2659	1e-23	0.0012082000030204654
2660	1e-23	0.0013602999970316887
2661	1e-23	0.0013357999850995839
2662	1e-23	0.0012620000052265823
2663	1e-23	0.001313099986873567
2664	1e-23	0.0013043999788351357
2665	1e-23	0.0018749000155366957
2666	1e-23	0.0015657999902032316
2667	1e-23	0.001694599981419742
2668	1e-23	0.0013035000301897526
2669	1e-23	0.0014117999817244709
2670	1e-23	0.0013504000380635262
2671	1e-23	0.0011232999968342483
2672	1e-23	0.0012490000226534903
2673	1e-23	0.0012229999992996454
2674	1e-23	0.0013179000234231353
2675	1e-23	0.0013830999960191548
2676	1e-23	0.001236199983395636
2677	1e-23	0.0011858000070787966
2678	1e-23	0.0010997999925166368
2679	1e-23	0.0010457999887876213
2680	1e-23	0.001053999993018806
2681	1e-23	0.001169899944216013
2682	1e-23	0.0010368999792262912
2683	1e-23	0.0011224999907426536
2684	1e-23	0.0011089000036008656
2685	1e-23	0.0011476999497972429
2686	1e-23	0.0014434000477194786
2687	1e-23	0.0014326000236906111
2688	1e-23	0.0014412999735213816
2689	1e-23	0.001280499971471727
2690	1e-23	0.001125300012063235
2691	1e-23	0.001215800002682954
2692	1e-23	0.001259000040590763
2693	1e-23	0.0012762999976985157
2694	1e-23	0.0011984999873675406
2695	1e-23	0.0013590999878942966
2696	1e-23	0.0012293000472709537
2697	1e-23	0.0012330000172369182
2698	1e-23	0.0013206000439822674
2699	1e-23	0.0012012999504804611
2700	1e-23	0.001366899989079684
2701	1e-23	0.0013152000028640032
2702	1e-23	0.0013040999765507877
2703	1e-23	0.001171400013845414
2704	1e-23	0.0011692999978549778
2705	1e-23	0.001195400021970272
2706	1e-23	0.001153699995484203
2707	1e-23	0.001794799987692386
2708	1e-23	0.0016479999758303165
2709	1e-23	0.0012067999923601747
2710	1e-23	0.0014155000098980963
2711	1e-23	0.001181500032544136
2712	1e-23	0.0012883999734185636
2713	1e-23	0.001200700004119426
2714	1e-23	0.0011372999870218337
2715	1e-23	0.0010801000171341002
2716	1e-23	0.0010892999707721174
2717	1e-23	0.0010992000461556017
2718	1e-23	0.001143599976785481
2719	1e-23	0.0011616999981924891
2720	1e-23	0.0012589000398293138
2721	1e-23	0.0011380999931134284
2722	1e-23	0.0011804000241681933
2723	1e-23	0.0014232000103220344
2724	1e-23	0.00120900000911206
2725	1e-23	0.0011335999588482082
2726	1e-23	0.0012731000315397978
2727	1e-23	0.001095100014936179
2728	1e-23	0.0011544000008143485
2729	1e-23	0.0010858000023290515
2730	1e-23	0.0011348999687470496
2731	1e-23	0.0011597000411711633
2732	1e-23	0.0010489000123925507
2733	1e-23	0.0012206999817863107
2734	1e-23	0.0011918999953195453
2735	1e-23	0.0012978999875485897
2736	1e-23	0.001201000006403774
2737	1e-23	0.0011745000374503434
2738	1e-23	0.001157799968495965
2739	1e-23	0.0011115999659523368
2740	1e-23	0.001116700004786253
2741	1e-23	0.0011486000148579478
2742	1e-23	0.001204799977131188
2743	1e-23	0.00120160001097247
2744	1e-23	0.0012061000452376902
2745	1e-23	0.0011286999797448516
2746	1e-23	0.001199199992697686
2747	1e-23	0.0015572999836876988
2748	1e-23	0.0013215999933890998
2749	1e-23	0.0009729000157676637
2750	1e-23	0.0012012000079266727
2751	1e-23	0.0012122999760322273
2752	1e-23	0.0012331000179983675
2753	1e-23	0.001532499969471246
2754	1e-23	0.0013018000172451138
2755	1e-23	0.0011870000162161887
2756	1e-23	0.001290299987886101
2757	1e-23	0.0012023999588564038
2758	1e-23	0.0011425000266171992
2759	1e-23	0.0016559999785386026
2760	1e-23	0.001275499991606921
2761	1e-23	0.0011406999547034502
2762	1e-23	0.0011102999560534954
2763	1e-23	0.0012193000293336809
2764	1e-23	0.0013100000214762986
2765	1e-23	0.0012495999690145254
2766	1e-23	0.0011878000223077834
2767	1e-23	0.0011519999825395644
2768	1e-23	0.0010864000068977475
2769	1e-23	0.0010992999887093902
2770	1e-23	0.001101900008507073
2771	1e-23	0.0010983000393025577
2772	1e-23	0.0011617999989539385
2773	1e-23	0.001209900015965104
2774	1e-23	0.0012288999860174954
2775	1e-23	0.0011770999990403652
2776	1e-23	0.0012190000270493329
2777	1e-23	0.0011405000113882124
2778	1e-23	0.0010983999818563461
2779	1e-23	0.0011680999887175858
2780	1e-23	0.0011062999838031828
2781	1e-23	0.0012150999973528087
2782	1e-23	0.0011558000114746392
2783	1e-23	0.0016420999891124666
2784	1e-23	0.0013001000043004751
2785	1e-23	0.0016385000199079514
2786	1e-23	0.0012499000295065343
2787	1e-23	0.0011821999796666205
2788	1e-23	0.0011599999852478504
2789	1e-23	0.0013185000279918313
2790	1e-23	0.0016217000083997846
2791	1e-23	0.0011902000405825675
2792	1e-23	0.0011252000113017857
2793	1e-23	0.0010383999906480312
2794	1e-23	0.0013004000065848231
2795	1e-23	0.0011905999854207039
2796	1e-23	0.0015051999944262207
2797	1e-23	0.0011608999921008945
2798	1e-23	0.0012643999652937055
2799	1e-23	0.0015801000408828259
2800	1e-23	0.001227299973834306
2801	1e-23	0.0012854999513365328
2802	1e-23	0.0011795000173151493
2803	1e-23	0.0012971999822184443
2804	1e-23	0.0011967999744229019
2805	1e-23	0.001421299995854497
2806	1e-23	0.0013574999757111073
2807	1e-23	0.001281999982893467
2808	1e-23	0.001611199986655265
2809	1e-23	0.0015021000290289521
2810	1e-23	0.0013820999884046614
2811	1e-23	0.0014323000214062631
2812	1e-23	0.0013028000248596072
2813	1e-23	0.001214599993545562
2814	1e-23	0.001152199984062463
2815	1e-23	0.001174700038973242
2816	1e-23	0.0011822999804280698
2817	1e-23	0.0013781999587081373
2818	1e-23	0.0011857000063173473
2819	1e-23	0.0013144999975338578
2820	1e-23	0.0014743999927304685
2821	1e-23	0.0012197000323794782
2822	1e-23	0.0011849000002257526
2823	1e-23	0.001200400001835078
2824	1e-23	0.0011854000040329993
2825	1e-23	0.0012627000105567276
2826	1e-23	0.0011268999660387635
2827	1e-23	0.0011715000146068633
2828	1e-23	0.0011429000296629965
2829	1e-23	0.0011761999921873212
2830	1e-23	0.001151600037701428
2831	1e-23	0.0011404999531805515
2832	1e-23	0.0011662999750114977
2833	1e-23	0.0011972000356763601
2834	1e-23	0.00111109996214509
2835	1e-23	0.001074999978300184
2836	1e-23	0.0010974000324495137
2837	1e-23	0.0011115000233985484
2838	1e-23	0.0012419000267982483
2839	1e-23	0.001199499994982034
2840	1e-23	0.0011372999870218337
2841	1e-23	0.001190899987705052
2842	1e-23	0.001171100011561066
2843	1e-23	0.0012146999943070114
2844	1e-23	0.00119570002425462
2845	1e-23	0.0012632000143639743
2846	1e-23	0.0012259999639354646
2847	1e-23	0.0011864000116474926
2848	1e-23	0.001202500017825514
2849	1e-23	0.0011346000246703625
2850	1e-23	0.0012222999939695
2851	1e-23	0.0013027000240981579
2852	1e-23	0.0012281000381335616
2853	1e-23	0.0011883999686688185
2854	1e-23	0.0010896000312641263
2855	1e-23	0.0011436999775469303
2856	1e-23	0.0011413000174798071
2857	1e-23	0.000994000001810491
2858	1e-23	0.0011637000134214759
2859	1e-23	0.0012380999978631735
2860	1e-23	0.0011193999671377242
2861	1e-23	0.0011424999684095383
2862	1e-23	0.001122299989219755
2863	1e-23	0.001107799995224923
2864	1e-23	0.0010833999840542674
2865	1e-23	0.0010655999649316072
2866	1e-23	0.0011449000448919833
2867	1e-23	0.0010600999812595546
2868	1e-23	0.001054300053510815
2869	1e-23	0.0009783999994397163
2870	1e-23	0.0009618999902158976
2871	1e-23	0.00139259995194152
2872	1e-23	0.0017769000260159373
2873	1e-23	0.0011132999788969755
2874	1e-23	0.0011205000337213278
2875	1e-23	0.0011882999679073691
2876	1e-23	0.0012091000098735094
2877	1e-23	0.0011353000300005078
2878	1e-23	0.0011892999755218625
2879	1e-23	0.0013843000051565468
2880	1e-23	0.0011214999831281602
2881	1e-23	0.0010958999628201127
2882	1e-23	0.0021927999914623797
2883	1e-23	0.0016109999851323664
2884	1e-23	0.0017333999858237803
2885	1e-23	0.002085599990095943
2886	1e-23	0.0025459000025875866
2887	1e-23	0.001950400008354336
2888	1e-23	0.001552899950183928
2889	1e-23	0.0016446000081487
2890	1e-23	0.0014346999814733863
2891	1e-23	0.001608199963811785
2892	1e-23	0.0017310999683104455
2893	1e-23	0.002127500018104911
2894	1e-23	0.00170079997042194
2895	1e-23	0.0018061000155285
2896	1e-23	0.0017443999531678855
2897	1e-23	0.002911199990194291
2898	1e-23	0.002299699990544468
2899	1e-23	0.001527199987322092
2900	1e-23	0.0020585000165738165
2901	1e-23	0.001325499964877963
2902	1e-23	0.0014097000239416957
2903	1e-23	0.0014405999681912363
2904	1e-23	0.0013866000226698816
2905	1e-23	0.00164020003285259
2906	1e-23	0.0029429999995045364
2907	1e-23	0.0016170000308193266
2908	1e-23	0.0018371999613009393
2909	1e-23	0.0014165000175125897
2910	1e-23	0.0017361000063829124
2911	1e-23	0.0013834999990649521
2912	1e-23	0.0025113000301644206
2913	1e-23	0.0016880999901331961
2914	1e-23	0.002924300031736493
2915	1e-23	0.0018597000162117183
2916	1e-23	0.0019362999591976404
2917	1e-23	0.0015687000122852623
2918	1e-23	0.0019730000058189034
2919	1e-23	0.00326399999903515
2920	1e-23	0.001886199985165149
2921	1e-23	0.0027187999803572893
2922	1e-23	0.0029475000337697566
2923	1e-23	0.0014961000415496528
2924	1e-23	0.0019242000416852534
2925	1e-23	0.0017846999689936638
2926	1e-23	0.002280800021253526
2927	1e-23	0.001947999990079552
2928	1e-23	0.0028055000002495944
2929	1e-23	0.0017374000162817538
2930	1e-23	0.0017476000357419252
2931	1e-23	0.0016153999604284763
2932	1e-23	0.0017503999988548458
2933	1e-23	0.0022638000082224607
2934	1e-23	0.0018589000101201236
2935	1e-23	0.002345799992326647
2936	1e-23	0.0014989000046625733
2937	1e-23	0.0021970999659970403
2938	1e-23	0.001889800012577325
2939	1e-23	0.0018500000005587935
2940	1e-23	0.001512999995611608
2941	1e-23	0.0024532999959774315
2942	1e-23	0.00165940000442788
2943	1e-23	0.0015601000050082803
2944	1e-23	0.0021956999553367496
2945	1e-23	0.0017584000015631318
2946	1e-23	0.0018074000254273415
2947	1e-23	0.0014615000109188259
2948	1e-23	0.0017396999755874276
2949	1e-23	0.0019345000036992133
2950	1e-23	0.0018389999750070274
2951	1e-23	0.0016345999902114272
2952	1e-23	0.0015371000044979155
2953	1e-23	0.0016904999502003193
2954	1e-23	0.0016048999968916178
2955	1e-23	0.0015917000127956271
2956	1e-23	0.001352999999653548
2957	1e-23	0.0013145999982953072
2958	1e-23	0.0013085000100545585
2959	1e-23	0.0014769999543204904
2960	1e-23	0.0014084000140428543
2961	1e-23	0.001483700005337596
2962	1e-23	0.0012254000175744295
2963	1e-23	0.001270200009457767
2964	1e-23	0.0015119000454433262
2965	1e-23	0.0012707999558188021
2966	1e-23	0.0012556000147014856
2967	1e-23	0.0013160000089555979
2968	1e-23	0.0012469000066630542
2969	1e-23	0.0012623000075109303
2970	1e-23	0.0011985000455752015
2971	1e-23	0.0012057999847456813
2972	1e-23	0.001291799999307841
2973	1e-23	0.0012085000053048134
2974	1e-23	0.0011750999838113785
2975	1e-23	0.0011663000332191586
2976	1e-23	0.0013361000455915928
2977	1e-23	0.0012660999782383442
2978	1e-23	0.0017377999611198902
2979	1e-23	0.0012502000317908823
2980	1e-23	0.0012301999959163368
2981	1e-23	0.0014023000258021057
2982	1e-23	0.0012356999795883894
2983	1e-23	0.001260999997612089
2984	1e-23	0.001416600018274039
2985	1e-23	0.001269900007173419
2986	1e-23	0.0012546000070869923
2987	1e-23	0.0011854000040329993
2988	1e-23	0.0011716000153683126
2989	1e-23	0.0011893999762833118
2990	1e-23	0.001156599959358573
2991	1e-23	0.001173200027551502
2992	1e-23	0.0010531999869272113
2993	1e-23	0.001104000024497509
2994	1e-23	0.0012355000362731516
2995	1e-23	0.0012915999977849424
2996	1e-23	0.0011781000066548586
2997	1e-23	0.0011898999800905585
2998	1e-23	0.0011790000135079026
2999	1e-23	0.0011322000063955784
3000	1e-23	0.0011970000341534615
