epoch	total	seconds
1	1e-23	0.1705221000011079
2	1e-23	0.0019878000020980835
3	1e-23	0.001385499956086278
4	1e-23	0.0012237000046297908
5	1e-23	0.001164300017990172
6	1e-23	0.0012707999558188021
7	1e-23	0.0016914000152610242
8	1e-23	0.0012869000202044845
9	1e-23	0.0014724999782629311
10	1e-23	0.0011570999631658196
11	1e-23	0.0010587000288069248
12	1e-23	0.0010189000167883933
13	1e-23	0.0012316000065766275
14	1e-23	0.0011181999580003321
15	1e-23	0.0012506999773904681
16	1e-23	0.0013216999941505492
17	1e-23	0.0012633000151254237
18	1e-23	0.0011852000025101006
19	1e-23	0.001305999991018325
20	1e-23	0.001129999989643693
21	1e-23	0.0010718000121414661
22	1e-23	0.0011419000220485032
23	1e-23	0.0012271999730728567
24	1e-23	0.0011545000015757978
25	1e-23	0.0012044000322930515
26	1e-23	0.001277900009881705
27	1e-23	0.001197699981275946
28	1e-23	0.0010356999700888991
29	1e-23	0.001123499998357147
30	1e-23	0.0012675000471062958
31	1e-23	0.001129399985074997
32	1e-23	0.0012107999646104872
33	1e-23	0.001255099952686578
34	1e-23	0.0012308000004850328
35	1e-23	0.0012005000025965273
36	1e-23	0.0011944999569095671
37	1e-23	0.0011995999957434833
38	1e-23	0.0012531999964267015
39	1e-23	0.001485199958551675
40	1e-23	0.001267799991182983
41	1e-23	0.0011722000199370086
42	1e-23	0.001110800018068403
43	1e-23	0.0020924999844282866
44	1e-23	0.0012021999573335052
45	1e-23	0.001143599976785481
46	1e-23	0.0011869000154547393
47	1e-23	0.0011486000148579478
48	1e-23	0.0010295999818481505
49	1e-23	0.001227000029757619
50	1e-23	0.0011799000203609467
51	1e-23	0.0011813000310212374
52	1e-23	0.001166400033980608
53	1e-23	0.0011389999999664724
54	1e-23	0.001145999995060265
55	1e-23	0.0011130999773740768
56	1e-23	0.0016690000193193555
57	1e-23	0.0011323000071570277
58	1e-23	0.0010990999871864915
59	1e-23	0.001165499968919903
60	1e-23	0.0012200000346638262
61	1e-23	0.001133000012487173
62	1e-23	0.0011106999590992928
63	1e-23	0.0011089000036008656
64	1e-23	0.0010914999875240028
65	1e-23	0.0010851999977603555
66	1e-23	0.0012056000414304435
67	1e-23	0.0012111000251024961
68	1e-23	0.0011217000428587198
69	1e-23	0.0011550000053830445
70	1e-23	0.0011658999719657004
71	1e-23	0.0011440000380389392
72	1e-23	0.0011088000028394163
73	1e-23	0.0011251000105403364
74	1e-23	0.0011789999553002417
75	1e-23	0.0010771999950520694
76	1e-23	0.001033600012306124
77	1e-23	0.001140100008342415
78	1e-23	0.0010870000114664435
79	1e-23	0.001109000004362315
80	1e-23	0.00101350003387779
81	1e-23	0.001105800038203597
82	1e-23	0.0011857000063173473
83	1e-23	0.001283799996599555
84	1e-23	0.0013501000357791781
85	1e-23	0.0012042999733239412
86	1e-23	0.0010038000182248652
87	1e-23	0.0011737000313587487
88	1e-23	0.001256000017747283
89	1e-23	0.0012583000352606177
90	1e-23	0.0011861000093631446
91	1e-23	0.0013615000061690807
92	1e-23	0.001240900019183755
93	1e-23	0.0011612999951466918
94	1e-23	0.0011442999821156263
95	1e-23	0.0014168000197969377
96	1e-23	0.0011342000216245651
97	1e-23	0.0013646000297740102
98	1e-23	0.0013102000229991972
99	1e-23	0.0013000000035390258
100	1e-23	0.001387300028000027
101	1e-23	0.001294999965466559
102	1e-23	0.0011838999926112592
103	1e-23	0.00120900000911206
104	1e-23	0.0011202999739907682
105	1e-23	0.0012725999695248902
106	1e-23	0.0011413000174798071
107	1e-23	0.0013990000006742775
108	1e-23	0.0013065000530332327
109	1e-23	0.0011958999675698578
110	1e-23	0.0013543000095523894
111	1e-23	0.0012135999859310687
112	1e-23	0.0011540999985300004
113	1e-23	0.0012697000056505203
114	1e-23	0.0012481000158004463
115	1e-23	0.0012386999442242086
116	1e-23	0.0011918999953195453
117	1e-23	0.001209600013680756
118	1e-23	0.00109779997728765
119	1e-23	0.0011548000038601458
120	1e-23	0.0014256000285968184
121	1e-23	0.001269300002604723
122	1e-23	0.0014498999807983637
123	1e-23	0.0014467000146396458
124	1e-23	0.0012935000122524798
125	1e-23	0.0011872000177390873
126	1e-23	0.001170800009276718
127	1e-23	0.0010979999788105488
128	1e-23	0.0011703000054694712
129	1e-23	0.0011810999712906778
130	1e-23	0.0011804000241681933
131	1e-23	0.0014255999703891575
132	1e-23	0.0012135000433772802
133	1e-23	0.0011662999750114977
134	1e-23	0.0011095000081695616
135	1e-23	0.0010866000084206462
136	1e-23	0.0011414000182412565
137	1e-23	0.0011137000401504338
138	1e-23	0.0010141999810002744
139	1e-23	0.001014399982523173
140	1e-23	0.0011743999784812331
141	1e-23	0.001167299982625991
142	1e-23	0.0011609999928623438
143	1e-23	0.0014303999487310648
144	1e-23	0.0014033999759703875
145	1e-23	0.0011242999462410808
146	1e-23	0.0011421999661251903
147	1e-23	0.00116910005453974
148	1e-23	0.0011824999819509685
149	1e-23	0.0012063999893143773
150	1e-23	0.0011540999985300004
151	1e-23	0.0011029000161215663
152	1e-23	0.001068499987013638
153	1e-23	0.001067900040652603
154	1e-23	0.001317499962169677
155	1e-23	0.0011666000355035067
156	1e-23	0.0011623000027611852
157	1e-23	0.0011369000421836972
158	1e-23	0.0011528999893926084
159	1e-23	0.0011005999986082315
160	1e-23	0.0011150999926030636
161	1e-23	0.0011202999739907682
162	1e-23	0.0011204999755136669
163	1e-23	0.0011143999872729182
164	1e-23	0.0011598000419326127
165	1e-23	0.0010870000114664435
166	1e-23	0.0010538999922573566
167	1e-23	0.0012009000056423247
168	1e-23	0.0013569999719038606
169	1e-23	0.0011292999843135476
170	1e-23	0.0012387000024318695
171	1e-23	0.001108399999793619
172	1e-23	0.0011405000113882124
173	1e-23	0.001076499989721924
174	1e-23	0.001101900008507073
175	1e-23	0.0011150999926030636
176	1e-23	0.001076199987437576
177	1e-23	0.001066399971023202
178	1e-23	0.0011072000488638878
179	1e-23	0.0010961000225506723
180	1e-23	0.0011206000344827771
181	1e-23	0.0010470999986864626
182	1e-23	0.0010518000344745815
183	1e-23	0.0012037000269629061
184	1e-23	0.001242400030605495
185	1e-23	0.001337599998805672
186	1e-23	0.0011300999904051423
187	1e-23	0.0010806000209413469
188	1e-23	0.0010361000313423574
189	1e-23	0.0012457999982871115
190	1e-23	0.0011372999870218337
191	1e-23	0.001151899981778115
192	1e-23	0.0011329000117257237
193	1e-23	0.001171400013845414
194	1e-23	0.001075300038792193
195	1e-23	0.0010415000142529607
196	1e-23	0.001455599965993315
197	1e-23	0.0013587999856099486
198	1e-23	0.0012055999832227826
199	1e-23	0.0011205999762751162
200	1e-23	0.0011240000021643937
201	1e-23	0.001083899987861514
202	1e-23	0.0011416000197641551
203	1e-23	0.001188000023830682
204	1e-23	0.0010683000436984003
205	1e-23	0.0010149999870918691
206	1e-23	0.001109600008931011
207	1e-23	0.0011066000442951918
208	1e-23	0.0010797000140883029
209	1e-23	0.0015463000163435936
210	1e-23	0.0011193000245839357
211	1e-23	0.001023000048007816
212	1e-23	0.0010016000014729798
213	1e-23	0.000987200008239597
214	1e-23	0.0010550000006332994
215	1e-23	0.0009976000292226672
216	1e-23	0.0010172000038437545
217	1e-23	0.0010284999734722078
218	1e-23	0.0010654000216163695
219	1e-23	0.000984199985396117
220	1e-23	0.0009959000162780285
221	1e-23	0.001054599997587502
222	1e-23	0.0010695999953895807
223	1e-23	0.001110199955292046
224	1e-23	0.001241200021468103
225	1e-23	0.0011603999882936478
226	1e-23	0.0011671999818645418
227	1e-23	0.0011557999532669783
228	1e-23	0.0012064000475220382
229	1e-23	0.00117350002983585
230	1e-23	0.0010861000046133995
231	1e-23	0.0011005999986082315
232	1e-23	0.00121339998440817
233	1e-23	0.001337599998805672
234	1e-23	0.0010600000387057662
235	1e-23	0.0011855000047944486
236	1e-23	0.001783300016541034
237	1e-23	0.0013501000357791781
238	1e-23	0.0013021000195294619
239	1e-23	0.0011567000183276832
240	1e-23	0.0012400999548844993
241	1e-23	0.0012357999803498387
242	1e-23	0.001097499975003302
243	1e-23	0.0009966999641619623
244	1e-23	0.0009849999914877117
245	1e-23	0.0011045999708585441
246	1e-23	0.0011964000295847654
247	1e-23	0.001144499983638525
248	1e-23	0.0011136999819427729
249	1e-23	0.0012705999542959034
250	1e-23	0.001171100011561066
251	1e-23	0.0011946000158786774
252	1e-23	0.0012871000217273831
253	1e-23	0.0013688000035472214
254	1e-23	0.0011104000150226057
255	1e-23	0.0012656999751925468
256	1e-23	0.0011206000344827771
257	1e-23	0.0010435999720357358
258	1e-23	0.0011207000352442265
259	1e-23	0.0011342999641783535
260	1e-23	0.0010796000133268535
261	1e-23	0.001069099991582334
262	1e-23	0.0012149999965913594
263	1e-23	0.0011747999815270305
264	1e-23	0.0009963000193238258
265	1e-23	0.0011125000310130417
266	1e-23	0.0011248000082559884
267	1e-23	0.0011487000156193972
268	1e-23	0.0010653000208549201
269	1e-23	0.0010832000407390296
270	1e-23	0.001375499996356666
271	1e-23	0.001151000033132732
272	1e-23	0.0010876000160351396
273	1e-23	0.0012704000109806657
274	1e-23	0.00174100004369393
275	1e-23	0.0013624000130221248
276	1e-23	0.0017600999563001096
277	1e-23	0.001045399985741824
278	1e-23	0.0010006999946199358
279	1e-23	0.0012098000152036548
280	1e-23	0.0011678999871946871
281	1e-23	0.0011223999899812043
282	1e-23	0.0010508999694138765
283	1e-23	0.0010941000073216856
284	1e-23	0.001144799985922873
285	1e-23	0.0011551000061444938
286	1e-23	0.0014859999646432698
287	1e-23	0.0012015000102110207
288	1e-23	0.0011434000334702432
289	1e-23	0.0011139999842271209
290	1e-23	0.0010674000368453562
291	1e-23	0.0010340000153519213
292	1e-23	0.0010928999981842935
293	1e-23	0.001173800032120198
294	1e-23	0.0011175000108778477
295	1e-23	0.0010148000437766314
296	1e-23	0.000992499990388751
297	1e-23	0.0010994999902322888
298	1e-23	0.0010717999539338052
299	1e-23	0.0010529999854043126
300	1e-23	0.0013303000014275312
301	1e-23	0.001153399993199855
302	1e-23	0.0011326000094413757
303	1e-23	0.0010769999935291708
304	1e-23	0.001105800038203597
305	1e-23	0.0010732000228017569
306	1e-23	0.0011008000001311302
307	1e-23	0.0010587999713607132
308	1e-23	0.0010791999520733953
309	1e-23	0.001117300009354949
310	1e-23	0.0010459000477567315
311	1e-23	0.0010421000188216567
312	1e-23	0.0011893999762833118
313	1e-23	0.0011399000068195164
314	1e-23	0.001240900019183755
315	1e-23	0.0011309999972581863
316	1e-23	0.0010372999822720885
317	1e-23	0.001081199967302382
318	1e-23	0.0010040999623015523
319	1e-23	0.0010882000206038356
320	1e-23	0.0010631000041030347
321	1e-23	0.0010574999614618719
322	1e-23	0.0011543000000528991
323	1e-23	0.0010546999983489513
324	1e-23	0.0010131000308319926
325	1e-23	0.0010901999776251614
326	1e-23	0.001034499960951507
327	1e-23	0.0010352999670431018
328	1e-23	0.0015995000139810145
329	1e-23	0.001155099947936833
330	1e-23	0.0010602000402286649
331	1e-23	0.001006700040306896
332	1e-23	0.0009879000135697424
333	1e-23	0.001075299980584532
334	1e-23	0.0010576000204309821
335	1e-23	0.0010376000427640975
336	1e-23	0.0009846000466495752
337	1e-23	0.0010126999695785344
338	1e-23	0.001142999972216785
339	1e-23	0.0010237999958917499
340	1e-23	0.00106819998472929
341	1e-23	0.001094800012651831
342	1e-23	0.0014147000038065016
343	1e-23	0.0011768999975174665
344	1e-23	0.0011518000392243266
345	1e-23	0.0012061999877914786
346	1e-23	0.0011131999781355262
347	1e-23	0.0011185999610461295
348	1e-23	0.0011410999577492476
349	1e-23	0.001095400017220527
350	1e-23	0.001129399985074997
351	1e-23	0.0011481000110507011
352	1e-23	0.0010932000004686415
353	1e-23	0.0010144999832846224
354	1e-23	0.0012430999777279794
355	1e-23	0.0013409000239335
356	1e-23	0.0011674000415951014
357	1e-23	0.0011259999591857195
358	1e-23	0.0012410999624989927
359	1e-23	0.0011829999857582152
360	1e-23	0.00107999995816499
361	1e-23	0.0010331000084988773
362	1e-23	0.0011304999934509397
363	1e-23	0.0011105999583378434
364	1e-23	0.001119700027629733
365	1e-23	0.0010061000357382
366	1e-23	0.0014324999647215009
367	1e-23	0.0011357999756000936
368	1e-23	0.0012011000071652234
369	1e-23	0.00212599994847551
370	1e-23	0.0011876999633386731
371	1e-23	0.0011359000345692039
372	1e-23	0.0013005000073462725
373	1e-23	0.0012094000121578574
374	1e-23	0.001110199955292046
375	1e-23	0.0012746999855153263
376	1e-23	0.0011768999975174665
377	1e-23	0.0011023000115528703
378	1e-23	0.001097499975003302
379	1e-23	0.0011193999671377242
380	1e-23	0.001132100005634129
381	1e-23	0.0012321000103838742
382	1e-23	0.0011573000228963792
383	1e-23	0.0011070999898947775
384	1e-23	0.0010952000156976283
385	1e-23	0.0011329000117257237
386	1e-23	0.001144199981354177
387	1e-23	0.0011788999545387924
388	1e-23	0.0012123000342398882
389	1e-23	0.0011409000144340098
390	1e-23	0.001057000015862286
391	1e-23	0.0010640000109560788
392	1e-23	0.0010628000018186867
393	1e-23	0.0014125000452622771
394	1e-23	0.0013614000054076314
395	1e-23	0.001156299957074225
396	1e-23	0.0011000999948009849
397	1e-23	0.0011134999804198742
398	1e-23	0.0010777999996207654
399	1e-23	0.001061399991158396
400	1e-23	0.0011626999475993216
401	1e-23	0.0010939000057987869
402	1e-23	0.0010254000080749393
403	1e-23	0.0011406000121496618
404	1e-23	0.001125000009778887
405	1e-23	0.0010079999919980764
406	1e-23	0.0009969000238925219
407	1e-23	0.0011866999557241797
408	1e-23	0.001278800016734749
409	1e-23	0.0011624000035226345
410	1e-23	0.001193600008264184
411	1e-23	0.001178800011985004
412	1e-23	0.0010971000301651657
413	1e-23	0.001074700034223497
414	1e-23	0.0012172000133432448
415	1e-23	0.0010772999958135188
416	1e-23	0.0010534999892115593
417	1e-23	0.001277600007597357
418	1e-23	0.001159899984486401
419	1e-23	0.0011127000325359404
420	1e-23	0.0011678999871946871
421	1e-23	0.0012431999784894288
422	1e-23	0.0011899999808520079
423	1e-23	0.0011736000305972993
424	1e-23	0.0013461000053212047
425	1e-23	0.0011558000114746392
426	1e-23	0.0010207000304944813
427	1e-23	0.0009967000223696232
428	1e-23	0.0014011000166647136
429	1e-23	0.001070900005288422
430	1e-23	0.0010308999917469919
431	1e-23	0.0010630000033415854
432	1e-23	0.0011012000031769276
433	1e-23	0.0016288000042550266
434	1e-23	0.0011563000152818859
435	1e-23	0.0011738999746739864
436	1e-23	0.0010608999873511493
437	1e-23	0.0010623999987728894
438	1e-23	0.0012255000183358788
439	1e-23	0.0011820999789051712
440	1e-23	0.001195100019685924
441	1e-23	0.0011752000427804887
442	1e-23	0.0011652999673970044
443	1e-23	0.0010616000508889556
444	1e-23	0.0010295999818481505
445	1e-23	0.0012035999679937959
446	1e-23	0.0012721000239253044
447	1e-23	0.001179700018838048
448	1e-23	0.0011881999671459198
449	1e-23	0.0011455999920144677
450	1e-23	0.0010786000057123601
451	1e-23	0.0010378999868407845
452	1e-23	0.0011591000366024673
453	1e-23	0.0012187999673187733
454	1e-23	0.001158400031272322
455	1e-23	0.0011596999829635024
456	1e-23	0.0012029999634250998
457	1e-23	0.0011245999485254288
458	1e-23	0.0010510000283829868
459	1e-23	0.0013598999939858913
460	1e-23	0.0011413999600335956
461	1e-23	0.0011140999849885702
462	1e-23	0.0011374999885447323
463	1e-23	0.0012322000111453235
464	1e-23	0.0011033000191673636
465	1e-23	0.0010450000409036875
466	1e-23	0.0012854000087827444
467	1e-23	0.0012323999544605613
468	1e-23	0.0012125000357627869
469	1e-23	0.00133200001437217
470	1e-23	0.0011946999584324658
471	1e-23	0.0014173000236041844
472	1e-23	0.0012691000010818243
473	1e-23	0.0010799000156112015
474	1e-23	0.0009697000496089458
475	1e-23	0.0009521000320091844
476	1e-23	0.0009670000290498137
477	1e-23	0.0011303999926894903
478	1e-23	0.001174100034404546
479	1e-23	0.001240300014615059
480	1e-23	0.0012821000418625772
481	1e-23	0.0013196999789215624
482	1e-23	0.001181800034828484
483	1e-23	0.0012244000099599361
484	1e-23	0.0016548999701626599
485	1e-23	0.0014404000248759985
486	1e-23	0.001476600009482354
487	1e-23	0.0012172000133432448
488	1e-23	0.0011458999942988157
489	1e-23	0.0014037999790161848
490	1e-23	0.0010998999932780862
491	1e-23	0.0010710000060498714
492	1e-23	0.0011544000008143485
493	1e-23	0.0011650000233203173
494	1e-23	0.0011064999853260815
495	1e-23	0.001121999986935407
496	1e-23	0.0014683000044897199
497	1e-23	0.0012428999762050807
498	1e-23	0.0011357000330463052
499	1e-23	0.0013998000067658722
500	1e-23	0.001061999995727092
501	1e-23	0.001064100011717528
502	1e-23	0.0011198000283911824
503	1e-23	0.0011640999582596123
504	1e-23	0.001125300012063235
505	1e-23	0.0011194999678991735
506	1e-23	0.0014847999555058777
507	1e-23	0.0012861000141128898
508	1e-23	0.001310100022237748
509	1e-23	0.0012706000125035644
510	1e-23	0.0011899999808520079
511	1e-23	0.0010602999827824533
512	1e-23	0.0010020000045187771
513	1e-23	0.0012299000518396497
514	1e-23	0.0010612999903969467
515	1e-23	0.0009839999838732183
516	1e-23	0.001103099959436804
517	1e-23	0.00106969999615103
518	1e-23	0.0012253000168129802
519	1e-23	0.0010320000001229346
520	1e-23	0.001213699986692518
521	1e-23	0.0010786000057123601
522	1e-23	0.000982099969405681
523	1e-23	0.0009880999568849802
524	1e-23	0.0012309000012464821
525	1e-23	0.0010579999652691185
526	1e-23	0.0010061999782919884
527	1e-23	0.0009717000066302717
528	1e-23	0.0010436000302433968
529	1e-23	0.0010229999898001552
530	1e-23	0.0009733999613672495
531	1e-23	0.0009864000021480024
532	1e-23	0.0010480000055395067
533	1e-23	0.00103270000545308
534	1e-23	0.0009679000359028578
535	1e-23	0.0011520999833010137
536	1e-23	0.0013661999837495387
537	1e-23	0.0011418000212870538
538	1e-23	0.001123199996072799
539	1e-23	0.0011561000137589872
540	1e-23	0.0010386999929323792
541	1e-23	0.0010118000209331512
542	1e-23	0.0011825999827124178
543	1e-23	0.0011877999641001225
544	1e-23	0.0010608999873511493
545	1e-23	0.0010224999859929085
546	1e-23	0.0011358000338077545
547	1e-23	0.00104160001501441
548	1e-23	0.0010580000234767795
549	1e-23	0.0011611999943852425
550	1e-23	0.0011553000076673925
551	1e-23	0.0010881000198423862
552	1e-23	0.0010754999821074307
553	1e-23	0.0011637000134214759
554	1e-23	0.0011783000081777573
555	1e-23	0.0010851999977603555
556	1e-23	0.0010728000197559595
557	1e-23	0.0012027999619022012
558	1e-23	0.0012447999906726182
559	1e-23	0.0010544999968260527
560	1e-23	0.0011178000131621957
561	1e-23	0.0011230999953113496
562	1e-23	0.0012108000228181481
563	1e-23	0.0012231000000610948
564	1e-23	0.0012229999992996454
565	1e-23	0.0011523999855853617
566	1e-23	0.0010435999720357358
567	1e-23	0.001066099968738854
568	1e-23	0.0011580000282265246
569	1e-23	0.0010609999881125987
570	1e-23	0.0010429000249132514
571	1e-23	0.0012298999936319888
572	1e-23	0.0010997999925166368
573	1e-23	0.0010241999989375472
574	1e-23	0.0010073999874293804
575	1e-23	0.0012080000014975667
576	1e-23	0.0010676999809220433
577	1e-23	0.001117600011639297
578	1e-23	0.0010503999656066298
579	1e-23	0.0010511999716982245
580	1e-23	0.0009895999683067203
581	1e-23	0.0009738000226207078
582	1e-23	0.001107799995224923
583	1e-23	0.0010961999651044607
584	1e-23	0.0011054999777115881
585	1e-23	0.0010654000216163695
586	1e-23	0.0010231999913230538
587	1e-23	0.0010175000061281025
588	1e-23	0.0009890999644994736
589	1e-23	0.0013154000043869019
590	1e-23	0.0011807999690063298
591	1e-23	0.001040400005877018
592	1e-23	0.0009802999556995928
593	1e-23	0.000982699973974377
594	1e-23	0.0012448999914340675
595	1e-23	0.001117600011639297
596	1e-23	0.0011926000006496906
597	1e-23	0.0012410999624989927
598	1e-23	0.0012082000030204654
599	1e-23	0.0011424999684095383
600	1e-23	0.0011092000058852136
601	1e-23	0.0011445999843999743
602	1e-23	0.0010712000075727701
603	1e-23	0.0010998999932780862
604	1e-23	0.0012072999961674213
605	1e-23	0.0011348999687470496
606	1e-23	0.00104599999031052
607	1e-23	0.001101599948015064
608	1e-23	0.0010828000376932323
609	1e-23	0.0011592000373639166
610	1e-23	0.0011896999785676599
611	1e-23	0.0010741999722085893
612	1e-23	0.001046899997163564
613	1e-23	0.0010374000412411988
614	1e-23	0.0010384999914094806
615	1e-23	0.0010446999804116786
616	1e-23	0.001250099972821772
617	1e-23	0.0010983999818563461
618	1e-23	0.0010299000423401594
619	1e-23	0.0012328000157140195
620	1e-23	0.0011202999739907682
621	1e-23	0.0010350000229664147
622	1e-23	0.0010869000107049942
623	1e-23	0.0013892999850213528
624	1e-23	0.0011836999910883605
625	1e-23	0.0010743000311776996
626	1e-23	0.0010906000388786197
627	1e-23	0.0010156999924220145
628	1e-23	0.0010245000012218952
629	1e-23	0.001039800001308322
630	1e-23	0.0010912999860011041
631	1e-23	0.0010775999980978668
632	1e-23	0.0010630000033415854
633	1e-23	0.001054599997587502
634	1e-23	0.00106380000943318
635	1e-23	0.0010650000185705721
636	1e-23	0.0010055999737232924
637	1e-23	0.0011543000000528991
638	1e-23	0.0010884000221267343
639	1e-23	0.0009910000371746719
640	1e-23	0.0010240999981760979
641	1e-23	0.001088599965441972
642	1e-23	0.001065499964170158
643	1e-23	0.0013426999794319272
644	1e-23	0.0010124000255018473
645	1e-23	0.0011363999801687896
646	1e-23	0.0010620999964885414
647	1e-23	0.0010350000229664147
648	1e-23	0.001083599985577166
649	1e-23	0.0011405000113882124
650	1e-23	0.00122079998254776
651	1e-23	0.0010760000441223383
652	1e-23	0.0013321000151336193
653	1e-23	0.0011282000341452658
654	1e-23	0.0010514999739825726
655	1e-23	0.0010175000061281025
656	1e-23	0.0012237000046297908
657	1e-23	0.0012045999756082892
658	1e-23	0.0010577999637462199
659	1e-23	0.001185000000987202
660	1e-23	0.0012114999699406326
661	1e-23	0.001140400010626763
662	1e-23	0.0011103000142611563
663	1e-23	0.0010828999802470207
664	1e-23	0.0009911999804899096
665	1e-23	0.0009834999800659716
666	1e-23	0.001088900025933981
667	1e-23	0.0011562000145204365
668	1e-23	0.0010994999902322888
669	1e-23	0.00102680001873523
670	1e-23	0.0012864000163972378
671	1e-23	0.0011511999764479697
672	1e-23	0.001157799968495965
673	1e-23	0.0011021000100299716
674	1e-23	0.0010878000175580382
675	1e-23	0.0010350000229664147
676	1e-23	0.0010565000120550394
677	1e-23	0.0011209999793209136
678	1e-23	0.0011648000217974186
679	1e-23	0.0011060999822802842
680	1e-23	0.0010210999753326178
681	1e-23	0.0011756999883800745
682	1e-23	0.001159299979917705
683	1e-23	0.0012452999944798648
684	1e-23	0.001137999992351979
685	1e-23	0.001222599996253848
686	1e-23	0.0014190999791026115
687	1e-23	0.0010507000260986388
688	1e-23	0.0010694999946281314
689	1e-23	0.0010040000197477639
690	1e-23	0.001003699959255755
691	1e-23	0.001041300012730062
692	1e-23	0.0010668000322766602
693	1e-23	0.0010647000162862241
694	1e-23	0.0011879000230692327
695	1e-23	0.0011703000054694712
696	1e-23	0.0013390000094659626
697	1e-23	0.0012404000153765082
698	1e-23	0.0013828999944962561
699	1e-23	0.0011895999778062105
700	1e-23	0.0011078999959863722
701	1e-23	0.0011001999955624342
702	1e-23	0.0010576999629847705
703	1e-23	0.0010300999856553972
704	1e-23	0.001034499960951507
705	1e-23	0.001158699975349009
706	1e-23	0.001159900042694062
707	1e-23	0.0011572999646887183
708	1e-23	0.0009976999717764556
709	1e-23	0.0011329000117257237
710	1e-23	0.00120749999769032
711	1e-23	0.0011553000076673925
712	1e-23	0.0010563000105321407
713	1e-23	0.0012199000339023769
714	1e-23	0.0011572999646887183
715	1e-23	0.0011047999723814428
716	1e-23	0.001192099996842444
717	1e-23	0.001148299954365939
718	1e-23	0.0011100999545305967
719	1e-23	0.0010376999853178859
720	1e-23	0.0011354000307619572
721	1e-23	0.001073499966878444
722	1e-23	0.0010348999639973044
723	1e-23	0.0013034000294283032
724	1e-23	0.0012094000121578574
725	1e-23	0.0011436000349931419
726	1e-23	0.001067899982444942
727	1e-23	0.0012092000106349587
728	1e-23	0.0010798000148497522
729	1e-23	0.001112000027205795
730	1e-23	0.0011209000367671251
731	1e-23	0.0011649999651126564
732	1e-23	0.0010167000000365078
733	1e-23	0.0010958000202663243
734	1e-23	0.0011051999754272401
735	1e-23	0.0011722000199370086
736	1e-23	0.0011647000210359693
737	1e-23	0.0012223999947309494
738	1e-23	0.0011132999788969755
739	1e-23	0.0011965999729000032
740	1e-23	0.0011940000113099813
741	1e-23	0.0013296999968588352
742	1e-23	0.0011365000391378999
743	1e-23	0.001135599974077195
744	1e-23	0.0013884000363759696
745	1e-23	0.0012302999966777861
746	1e-23	0.001400300010573119
747	1e-23	0.0015573999844491482
748	1e-23	0.0012193999718874693
749	1e-23	0.0013387000071816146
750	1e-23	0.0016280999989248812
751	1e-23	0.0013973999884910882
752	1e-23	0.0014977999962866306
753	1e-23	0.001439899962861091
754	1e-23	0.0015836000093258917
755	1e-23	0.0012574999709613621
756	1e-23	0.0011963999713771045
757	1e-23	0.0011260999599471688
758	1e-23	0.0010973000316880643
759	1e-23	0.0016143000102601945
760	1e-23	0.0011910999892279506
761	1e-23	0.0011134999804198742
762	1e-23	0.0012590999831445515
763	1e-23	0.0011878999648615718
764	1e-23	0.0011830999865196645
765	1e-23	0.0011851000017486513
766	1e-23	0.001151000033132732
767	1e-23	0.0011768999975174665
768	1e-23	0.0010683999862521887
769	1e-23	0.0012805999722331762
770	1e-23	0.0011423000250943005
771	1e-23	0.0016269999905489385
772	1e-23	0.001215199998114258
773	1e-23	0.0011248999508097768
774	1e-23	0.0010077999904751778
775	1e-23	0.0011006999993696809
776	1e-23	0.0014417999773286283
777	1e-23	0.001259000040590763
778	1e-23	0.0010710000060498714
779	1e-23	0.0013157000066712499
780	1e-23	0.001130299991928041
781	1e-23	0.0010756999836303294
782	1e-23	0.0011001999955624342
783	1e-23	0.0010695999953895807
784	1e-23	0.0014606000040657818
785	1e-23	0.0011240000021643937
786	1e-23	0.0011514000361785293
787	1e-23	0.0010733000235632062
788	1e-23	0.0010130000300705433
789	1e-23	0.001042200019583106
790	1e-23	0.0011764999944716692
791	1e-23	0.0011386999976821244
792	1e-23	0.0011595000396482646
793	1e-23	0.0012441999861039221
794	1e-23	0.0011618999997153878
795	1e-23	0.0010961000225506723
796	1e-23	0.0010994999902322888
797	1e-23	0.0016098000342026353
798	1e-23	0.0011475000064820051
799	1e-23	0.0010421999613754451
800	1e-23	0.0013773000100627542
801	1e-23	0.0010612999903969467
802	1e-23	0.0010458999895490706
803	1e-23	0.001069399993866682
804	1e-23	0.0010880999616347253
805	1e-23	0.0011061999830417335
806	1e-23	0.0010513000306673348
807	1e-23	0.001117599953431636
808	1e-23	0.001101000001654029
809	1e-23	0.001462999964132905
810	1e-23	0.0012274000328034163
811	1e-23	0.0010602999827824533
812	1e-23	0.0010563000105321407
813	1e-23	0.001004599966108799
814	1e-23	0.0010863000061362982
815	1e-23	0.0010720000136643648
816	1e-23	0.0010618999949656427
817	1e-23	0.0010620999964885414
818	1e-23	0.0011798999621532857
819	1e-23	0.0011040999670512974
820	1e-23	0.001079699955880642
821	1e-23	0.0010390999959781766
822	1e-23	0.0011172000085934997
823	1e-23	0.001920800015795976
824	1e-23	0.0016583999968133867
825	1e-23	0.0012780000106431544
826	1e-23	0.001282299985177815
827	1e-23	0.0012965999776497483
828	1e-23	0.0011741999769583344
829	1e-23	0.0011189999640919268
830	1e-23	0.0011913999915122986
831	1e-23	0.0011878000223077834
832	1e-23	0.0011780999484471977
833	1e-23	0.0011778000043705106
834	1e-23	0.001130599994212389
835	1e-23	0.0012594999861903489
836	1e-23	0.0011245999485254288
837	1e-23	0.001153699995484203
838	1e-23	0.0011560999555513263
839	1e-23	0.001039800001308322
840	1e-23	0.0010325000039301813
841	1e-23	0.0010576000204309821
842	1e-23	0.0010947000118903816
843	1e-23	0.001081200025510043
844	1e-23	0.0012020000140182674
845	1e-23	0.0012445999891497195
846	1e-23	0.0010985999833792448
847	1e-23	0.001076499989721924
848	1e-23	0.001182700041681528
849	1e-23	0.0012121000327169895
850	1e-23	0.001110500015784055
851	1e-23	0.001165799971204251
852	1e-23	0.001285900012589991
853	1e-23	0.0011696000001393259
854	1e-23	0.0011747999815270305
855	1e-23	0.00120749999769032
856	1e-23	0.0012034999672323465
857	1e-23	0.001039499999023974
858	1e-23	0.001070600003004074
859	1e-23	0.0012682999949902296
860	1e-23	0.0011045999708585441
861	1e-23	0.0010929999989457428
862	1e-23	0.0013007000088691711
863	1e-23	0.0010335000115446746
864	1e-23	0.0011282999766990542
865	1e-23	0.0010742999729700387
866	1e-23	0.0010953000164590776
867	1e-23	0.0011618999997153878
868	1e-23	0.0010595000348985195
869	1e-23	0.000990399974398315
870	1e-23	0.0010908999829553068
871	1e-23	0.0010209999745711684
872	1e-23	0.0010849999962374568
873	1e-23	0.0012036000262014568
874	1e-23	0.0013770000077784061
875	1e-23	0.0012324000126682222
876	1e-23	0.0012425000313669443
877	1e-23	0.001145099988207221
878	1e-23	0.001075600041076541
879	1e-23	0.0011288999812677503
880	1e-23	0.001264000020455569
881	1e-23	0.0013359999866224825
882	1e-23	0.0011812999728135765
883	1e-23	0.0011692999978549778
884	1e-23	0.001268399995751679
885	1e-23	0.0012035000254400074
886	1e-23	0.0010257000103592873
887	1e-23	0.001233500021044165
888	1e-23	0.0013072999427095056
889	1e-23	0.0011352000292390585
890	1e-23	0.0016127999988384545
891	1e-23	0.0011342000216245651
892	1e-23	0.0010798000148497522
893	1e-23	0.0011746999807655811
894	1e-23	0.001193000003695488
895	1e-23	0.0012431000359356403
896	1e-23	0.0017243000329472125
897	1e-23	0.001241800026036799
898	1e-23	0.0011128999758511782
899	1e-23	0.0013444000505842268
900	1e-23	0.0011969999759458005
901	1e-23	0.001333800028078258
902	1e-23	0.0015254999743774533
903	1e-23	0.0011839000508189201
904	1e-23	0.0010723000159487128
905	1e-23	0.0010708000045269728
906	1e-23	0.0011018000077456236
907	1e-23	0.0010469000553712249
908	1e-23	0.001049900020007044
909	1e-23	0.0009895000257529318
910	1e-23	0.0010915000457316637
911	1e-23	0.0011185999610461295
912	1e-23	0.0013732999796047807
913	1e-23	0.0012234000023454428
914	1e-23	0.0011483000125735998
915	1e-23	0.0011246000067330897
916	1e-23	0.00105339998845011
917	1e-23	0.0011336999596096575
918	1e-23	0.0011647999635897577
919	1e-23	0.001041599956806749
920	1e-23	0.0012064999900758266
921	1e-23	0.0012234000023454428
922	1e-23	0.0010563000105321407
923	1e-23	0.000965300016105175
924	1e-23	0.0017672000103630126
925	1e-23	0.0012376999948173761
926	1e-23	0.0012727999710477889
927	1e-23	0.001382000045850873
928	1e-23	0.0014037999790161848
929	1e-23	0.0011399000068195164
930	1e-23	0.0011249000090174377
931	1e-23	0.0010668000322766602
932	1e-23	0.0010252000065520406
933	1e-23	0.0010172000038437545
934	1e-23	0.001087700016796589
935	1e-23	0.001027100021019578
936	1e-23	0.0009990999824367464
937	1e-23	0.0014942999696359038
938	1e-23	0.0011897000367753208
939	1e-23	0.001123499998357147
940	1e-23	0.0011314000003039837
941	1e-23	0.001367199991364032
942	1e-23	0.0011866000131703913
943	1e-23	0.001117599953431636
944	1e-23	0.0012099999585188925
945	1e-23	0.0011060000397264957
946	1e-23	0.0010742999729700387
947	1e-23	0.0010656999656930566
948	1e-23	0.001132100005634129
949	1e-23	0.0010928999981842935
950	1e-23	0.001190899987705052
951	1e-23	0.0012276999768801033
952	1e-23	0.00116610003169626
953	1e-23	0.0011196000268682837
954	1e-23	0.0010421000188216567
955	1e-23	0.0011285999789834023
956	1e-23	0.001093899947591126
957	1e-23	0.0010442999773658812
958	1e-23	0.0012461000005714595
959	1e-23	0.001367799995932728
960	1e-23	0.0011639000149443746
961	1e-23	0.0010579000227153301
962	1e-23	0.001076799992006272
963	1e-23	0.0010164999985136092
964	1e-23	0.0011014000046998262
965	1e-23	0.0010817000293172896
966	1e-23	0.0011192999663762748
967	1e-23	0.0010729000205174088
968	1e-23	0.0010432999697513878
969	1e-23	0.0010617999942041934
970	1e-23	0.0010787000064738095
971	1e-23	0.001076799992006272
972	1e-23	0.0010094000026583672
973	1e-23	0.0010785000049509108
974	1e-23	0.0010777999996207654
975	1e-23	0.0010271999635733664
976	1e-23	0.0010084999958053231
977	1e-23	0.0010934000019915402
978	1e-23	0.001416300015989691
979	1e-23	0.001170800009276718
980	1e-23	0.0012467000051401556
981	1e-23	0.001090699981432408
982	1e-23	0.001048100006300956
983	1e-23	0.0010575000196695328
984	1e-23	0.0013227000017650425
985	1e-23	0.0010893000289797783
986	1e-23	0.0010220000403933227
987	1e-23	0.001157499966211617
988	1e-23	0.0010925999958999455
989	1e-23	0.0010402000043541193
990	1e-23	0.001025900011882186
991	1e-23	0.0015381000121124089
992	1e-23	0.0012688999995589256
993	1e-23	0.0011212999816052616
994	1e-23	0.0011614999966695905
995	1e-23	0.0011109000188298523
996	1e-23	0.0010355999693274498
997	1e-23	0.0011149999918416142
998	1e-23	0.0013805999769829214
999	1e-23	0.0012100999592803419
1000	1e-23	0.0011110000195913017
1001	1e-23	0.001116700004786253
1002	1e-23	0.0011190000222995877
1003	1e-23	0.0010872999555431306
1004	1e-23	0.001248600019607693
1005	1e-23	0.00109629996586591
1006	1e-23	0.000982999976258725
1007	1e-23	0.0010225999867543578
1008	1e-23	0.001000499993097037
1009	1e-23	0.0011443999828770757
1010	1e-23	0.0010375000420026481
1011	1e-23	0.000985699996817857
1012	1e-23	0.0010003999923355877
1013	1e-23	0.0010661999695003033
1014	1e-23	0.0010097000049427152
1015	1e-23	0.0009918000432662666
1016	1e-23	0.0009983000345528126
1017	1e-23	0.0010258000111207366
1018	1e-23	0.0016246999730356038
1019	1e-23	0.0011602999875321984
1020	1e-23	0.0010700999991968274
1021	1e-23	0.0010138999787159264
1022	1e-23	0.001002199947834015
1023	1e-23	0.001027400023303926
1024	1e-23	0.0010500000207684934
1025	1e-23	0.0010143000399693847
1026	1e-23	0.0009839999838732183
1027	1e-23	0.0009876000112853944
1028	1e-23	0.0014037999790161848
1029	1e-23	0.0010489000123925507
1030	1e-23	0.0010348999639973044
1031	1e-23	0.001018499955534935
1032	1e-23	0.0012371999910101295
1033	1e-23	0.0010887000244110823
1034	1e-23	0.0010488999541848898
1035	1e-23	0.0012652999721467495
1036	1e-23	0.001090099976863712
1037	1e-23	0.000997499970253557
1038	1e-23	0.001065799966454506
1039	1e-23	0.001117000007070601
1040	1e-23	0.001025600009597838
1041	1e-23	0.0010389999952167273
1042	1e-23	0.0011729999678209424
1043	1e-23	0.00108299998100847
1044	1e-23	0.0010837999871000648
1045	1e-23	0.001095399959012866
1046	1e-23	0.0014804999809712172
1047	1e-23	0.001124400005210191
1048	1e-23	0.0010792000102810562
1049	1e-23	0.001241200021468103
1050	1e-23	0.0010375000420026481
1051	1e-23	0.001063200004864484
1052	1e-23	0.0010409000096842647
1053	1e-23	0.0011414000182412565
1054	1e-23	0.00100760004715994
1055	1e-23	0.0009794000070542097
1056	1e-23	0.0009953000117093325
1057	1e-23	0.0013886999804526567
1058	1e-23	0.001146299997344613
1059	1e-23	0.0011866999557241797
1060	1e-23	0.0013924999511800706
1061	1e-23	0.0010786999482661486
1062	1e-23	0.001090700039640069
1063	1e-23	0.0009960000170394778
1064	1e-23	0.0010692999931052327
1065	1e-23	0.001006399979814887
1066	1e-23	0.0009751999750733376
1067	1e-23	0.0010714000090956688
1068	1e-23	0.0011585999745875597
1069	1e-23	0.001011999964248389
1070	1e-23	0.001011700020171702
1071	1e-23	0.0011755999876186252
1072	1e-23	0.001110200013499707
1073	1e-23	0.0013384000048972666
1074	1e-23	0.0012843000004068017
1075	1e-23	0.0011415000190027058
1076	1e-23	0.0010903000365942717
1077	1e-23	0.0010152999893762171
1078	1e-23	0.001200400001835078
1079	1e-23	0.0011074999929405749
1080	1e-23	0.0010088999988511205
1081	1e-23	0.0009879000135697424
1082	1e-23	0.0010741999722085893
1083	1e-23	0.001023000048007816
1084	1e-23	0.0010705000022426248
1085	1e-23	0.0010431999689899385
1086	1e-23	0.001365699979942292
1087	1e-23	0.0013614000054076314
1088	1e-23	0.0012046999763697386
1089	1e-23	0.0013238000101409853
1090	1e-23	0.0011246000067330897
1091	1e-23	0.0012366999872028828
1092	1e-23	0.0013538000057451427
1093	1e-23	0.0012178000179119408
1094	1e-23	0.0011277000303380191
1095	1e-23	0.0011701000039465725
1096	1e-23	0.0012329999590292573
1097	1e-23	0.000987500010523945
1098	1e-23	0.0009807999595068395
1099	1e-23	0.0013082000077702105
1100	1e-23	0.0012106999638490379
1101	1e-23	0.0011011000024154782
1102	1e-23	0.001152199984062463
1103	1e-23	0.0010720999562181532
1104	1e-23	0.0010289999772794545
1105	1e-23	0.0010190000175498426
1106	1e-23	0.0010424000211060047
1107	1e-23	0.001062900002580136
1108	1e-23	0.0012123000342398882
1109	1e-23	0.0011886999709531665
1110	1e-23	0.0011345999664627016
1111	1e-23	0.0010849999962374568
1112	1e-23	0.0015427999896928668
1113	1e-23	0.0012777000083588064
1114	1e-23	0.0011694999993778765
1115	1e-23	0.0010441000340506434
1116	1e-23	0.0010443000355735421
1117	1e-23	0.0011697000009007752
1118	1e-23	0.0010226999875158072
1119	1e-23	0.001061999995727092
1120	1e-23	0.0010183000122196972
1121	1e-23	0.00103859999217093
1122	1e-23	0.00099870003759861
1123	1e-23	0.001020600029733032
1124	1e-23	0.0010559000074863434
1125	1e-23	0.0011286000371910632
1126	1e-23	0.0013768000062555075
1127	1e-23	0.0011126999743282795
1128	1e-23	0.0012717999634332955
1129	1e-23	0.0010919999913312495
1130	1e-23	0.0010116000194102526
1131	1e-23	0.0010376999853178859
1132	1e-23	0.0011103000142611563
1133	1e-23	0.0009994999854825437
1134	1e-23	0.0009668000275269151
1135	1e-23	0.0010690000490285456
1136	1e-23	0.0010278999689035118
1137	1e-23	0.0009714000043459237
1138	1e-23	0.0010197999654337764
1139	1e-23	0.0011421000235714018
1140	1e-23	0.001134699967224151
1141	1e-23	0.0010452999849803746
1142	1e-23	0.0009857999975793064
1143	1e-23	0.0011142999865114689
1144	1e-23	0.0012755999923683703
1145	1e-23	0.0010887999669648707
1146	1e-23	0.0011567000183276832
1147	1e-23	0.0011993999942205846
1148	1e-23	0.0010261000134050846
1149	1e-23	0.00106519996188581
1150	1e-23	0.0010756999836303294
1151	1e-23	0.0010852999985218048
1152	1e-23	0.0010189000167883933
1153	1e-23	0.0010863000061362982
1154	1e-23	0.001268399995751679
1155	1e-23	0.0011362999794073403
1156	1e-23	0.0010700999991968274
1157	1e-23	0.000977099989540875
1158	1e-23	0.0010477000032551587
1159	1e-23	0.0010102000087499619
1160	1e-23	0.0010436000302433968
1161	1e-23	0.001111700024921447
1162	1e-23	0.0011769999982789159
1163	1e-23	0.0010816000285558403
1164	1e-23	0.0010664999717846513
1165	1e-23	0.0011065999860875309
1166	1e-23	0.0012242000084370375
1167	1e-23	0.0012610999983735383
1168	1e-23	0.0011998999980278313
1169	1e-23	0.001122599991504103
1170	1e-23	0.0010717000113800168
1171	1e-23	0.0010135999764315784
1172	1e-23	0.0011916999937966466
1173	1e-23	0.0012160000042058527
1174	1e-23	0.0011122000287286937
1175	1e-23	0.0011566000175662339
1176	1e-23	0.0011021000100299716
1177	1e-23	0.00105189997702837
1178	1e-23	0.0010315999970771372
1179	1e-23	0.001142399967648089
1180	1e-23	0.001241800026036799
1181	1e-23	0.00106969999615103
1182	1e-23	0.0011488000163808465
1183	1e-23	0.0012722999672405422
1184	1e-23	0.0010754000395536423
1185	1e-23	0.0010173999471589923
1186	1e-23	0.0010697999969124794
1187	1e-23	0.0012037000269629061
1188	1e-23	0.0011702999472618103
1189	1e-23	0.0011193999671377242
1190	1e-23	0.0012094000121578574
1191	1e-23	0.0011184000177308917
1192	1e-23	0.0011811000294983387
1193	1e-23	0.0012083000037819147
1194	1e-23	0.0012132999836467206
1195	1e-23	0.0011989999911747873
1196	1e-23	0.001111400022637099
1197	1e-23	0.001240899960976094
1198	1e-23	0.001190899987705052
1199	1e-23	0.0012244000099599361
1200	1e-23	0.0011579999700188637
1201	1e-23	0.001214599993545562
1202	1e-23	0.001045699988026172
1203	1e-23	0.0010671000345610082
1204	1e-23	0.0010930999997071922
1205	1e-23	0.0010885000228881836
1206	1e-23	0.0010757999843917787
1207	1e-23	0.0012292999890632927
1208	1e-23	0.001152799988631159
1209	1e-23	0.0010591999744065106
1210	1e-23	0.0010071000433526933
1211	1e-23	0.0010150999878533185
1212	1e-23	0.000994300004094839
1213	1e-23	0.0010284999734722078
1214	1e-23	0.000980400014668703
1215	1e-23	0.0011630000080913305
1216	1e-23	0.0010379000450484455
1217	1e-23	0.0009733000188134611
1218	1e-23	0.001006400038022548
1219	1e-23	0.0010485000093467534
1220	1e-23	0.0013247000169940293
1221	1e-23	0.0011594999814406037
1222	1e-23	0.001260999997612089
1223	1e-23	0.0010463999933563173
1224	1e-23	0.0010352000244893134
1225	1e-23	0.0010091000003740191
1226	1e-23	0.0012328000157140195
1227	1e-23	0.0011283000349067152
1228	1e-23	0.0011432000319473445
1229	1e-23	0.0011780000058934093
1230	1e-23	0.0012046999763697386
1231	1e-23	0.0011523999855853617
1232	1e-23	0.001367799995932728
1233	1e-23	0.001171700016129762
1234	1e-23	0.0010788999497890472
1235	1e-23	0.0010129999718628824
1236	1e-23	0.0009833999793045223
1237	1e-23	0.001099000044632703
1238	1e-23	0.0010479000047780573
1239	1e-23	0.0010647000162862241
1240	1e-23	0.0010281999711878598
1241	1e-23	0.0010486999526619911
1242	1e-23	0.0009953000117093325
1243	1e-23	0.000977399991825223
1244	1e-23	0.0010744999744929373
1245	1e-23	0.0010474000009708107
1246	1e-23	0.0010194999631494284
1247	1e-23	0.0011841999948956072
1248	1e-23	0.0011470000026747584
1249	1e-23	0.0010864000068977475
1250	1e-23	0.0010718000121414661
1251	1e-23	0.000987800012808293
1252	1e-23	0.0011948999599553645
1253	1e-23	0.0010713000083342195
1254	1e-23	0.0010305000469088554
1255	1e-23	0.0011271000257693231
1256	1e-23	0.0011421999661251903
1257	1e-23	0.0010259999544359744
1258	1e-23	0.001052499981597066
1259	1e-23	0.0010634000063873827
1260	1e-23	0.00117350002983585
1261	1e-23	0.0011580000282265246
1262	1e-23	0.0010940000065602362
1263	1e-23	0.0013134999899193645
1264	1e-23	0.0010955000179819763
1265	1e-23	0.0010585000272840261
1266	1e-23	0.001256000017747283
1267	1e-23	0.0011303999926894903
1268	1e-23	0.0010893000289797783
1269	1e-23	0.0010285000316798687
1270	1e-23	0.001305399986449629
1271	1e-23	0.0014004999538883567
1272	1e-23	0.0013296999968588352
1273	1e-23	0.001430800009984523
1274	1e-23	0.0013367999927140772
1275	1e-23	0.0012886000331491232
1276	1e-23	0.0012953999685123563
1277	1e-23	0.0010947000118903816
1278	1e-23	0.00106969999615103
1279	1e-23	0.0011529999901540577
1280	1e-23	0.0011628000065684319
1281	1e-23	0.001095400017220527
1282	1e-23	0.0010021000052802265
1283	1e-23	0.0011475000064820051
1284	1e-23	0.0011184000177308917
1285	1e-23	0.0010369999799877405
1286	1e-23	0.0010187000152654946
1287	1e-23	0.0013585000415332615
1288	1e-23	0.0012184000224806368
1289	1e-23	0.0010587999713607132
1290	1e-23	0.0011094000074081123
1291	1e-23	0.0011356000322848558
1292	1e-23	0.0010383999906480312
1293	1e-23	0.0009763999842107296
1294	1e-23	0.0012464000028558075
1295	1e-23	0.0011491000186651945
1296	1e-23	0.0010436999727971852
1297	1e-23	0.0010600000387057662
1298	1e-23	0.0011208999785594642
1299	1e-23	0.001049300015438348
1300	1e-23	0.000985099992249161
1301	1e-23	0.0013497999752871692
1302	1e-23	0.0011085000005550683
1303	1e-23	0.0010201000259257853
1304	1e-23	0.0011021000100299716
1305	1e-23	0.0012212999863550067
1306	1e-23	0.0010389999952167273
1307	1e-23	0.0010023000068031251
1308	1e-23	0.0009998000459745526
1309	1e-23	0.0012288999860174954
1310	1e-23	0.0011038999655283988
1311	1e-23	0.0012938000145368278
1312	1e-23	0.0012676999904215336
1313	1e-23	0.0011053000343963504
1314	1e-23	0.0011121999705210328
1315	1e-23	0.001242700032889843
1316	1e-23	0.00121779995970428
1317	1e-23	0.001125300012063235
1318	1e-23	0.0010170000023208559
1319	1e-23	0.001206899993121624
1320	1e-23	0.0011632000096142292
1321	1e-23	0.001781500002834946
1322	1e-23	0.0011204999755136669
1323	1e-23	0.0010606999858282506
1324	1e-23	0.0010270000202581286
1325	1e-23	0.0010165999992750585
1326	1e-23	0.0011047000298276544
1327	1e-23	0.0010287000332027674
1328	1e-23	0.0014411000302061439
1329	1e-23	0.0013061999925412238
1330	1e-23	0.0011924999998882413
1331	1e-23	0.0011021000100299716
1332	1e-23	0.0010542000527493656
1333	1e-23	0.0011616999981924891
1334	1e-23	0.0010267000179737806
1335	1e-23	0.001006700040306896
1336	1e-23	0.0011562000145204365
1337	1e-23	0.0011814000317826867
1338	1e-23	0.0010862000053748488
1339	1e-23	0.001021500036586076
1340	1e-23	0.0011223999899812043
1341	1e-23	0.0011677999864332378
1342	1e-23	0.001223200000822544
1343	1e-23	0.0010915999882854521
1344	1e-23	0.0012106000212952495
1345	1e-23	0.0011342000216245651
1346	1e-23	0.0010964999673888087
1347	1e-23	0.0011176999541930854
1348	1e-23	0.001082099974155426
1349	1e-23	0.00105640001129359
1350	1e-23	0.0010469999979250133
1351	1e-23	0.001075899985153228
1352	1e-23	0.0010717000113800168
1353	1e-23	0.0010073999874293804
1354	1e-23	0.0011142999865114689
1355	1e-23	0.0012111999676562846
1356	1e-23	0.001091900048777461
1357	1e-23	0.00105640001129359
1358	1e-23	0.0011011000024154782
1359	1e-23	0.0011233999975956976
1360	1e-23	0.001014699984807521
1361	1e-23	0.0010059000342153013
1362	1e-23	0.0011838999926112592
1363	1e-23	0.0013572000316344202
1364	1e-23	0.0011540999985300004
1365	1e-23	0.0011672000400722027
1366	1e-23	0.0011913000489585102
1367	1e-23	0.0013996000052429736
1368	1e-23	0.0012639000196941197
1369	1e-23	0.0011411000159569085
1370	1e-23	0.0011120999697595835
1371	1e-23	0.0010374999837949872
1372	1e-23	0.0011460999958217144
1373	1e-23	0.0012076999992132187
1374	1e-23	0.0011140999849885702
1375	1e-23	0.0010665999725461006
1376	1e-23	0.0011490000179037452
1377	1e-23	0.001105800038203597
1378	1e-23	0.0010503000230528414
1379	1e-23	0.0010340000153519213
1380	1e-23	0.0010519000352360308
1381	1e-23	0.0011144000454805791
1382	1e-23	0.0012116999714635313
1383	1e-23	0.0011605999898165464
1384	1e-23	0.0010630000033415854
1385	1e-23	0.0010453000431880355
1386	1e-23	0.0010411000112071633
1387	1e-23	0.0011792000150308013
1388	1e-23	0.0011221999884583056
1389	1e-23	0.0010834999848157167
1390	1e-23	0.0011611999943852425
1391	1e-23	0.0010967000271193683
1392	1e-23	0.0010535999899730086
1393	1e-23	0.0011075999937020242
1394	1e-23	0.0012076999992132187
1395	1e-23	0.0012206000392325222
1396	1e-23	0.001038299989886582
1397	1e-23	0.0011050999746657908
1398	1e-23	0.0010871999547816813
1399	1e-23	0.0011131999781355262
1400	1e-23	0.0010807000217027962
1401	1e-23	0.0011996999965049326
1402	1e-23	0.0011529000476002693
1403	1e-23	0.0012310000020079315
1404	1e-23	0.001318100024946034
1405	1e-23	0.0016136000049300492
1406	1e-23	0.0011975000379607081
1407	1e-23	0.001180300023406744
1408	1e-23	0.001403300033416599
1409	1e-23	0.001178200007416308
1410	1e-23	0.0010349000222049654
1411	1e-23	0.001285000005736947
1412	1e-23	0.0011130999773740768
1413	1e-23	0.0010786000057123601
1414	1e-23	0.0012059000437147915
1415	1e-23	0.0011499999673105776
1416	1e-23	0.0010581000242382288
1417	1e-23	0.0010782000026665628
1418	1e-23	0.0012295999913476408
1419	1e-23	0.001046899997163564
1420	1e-23	0.000987200008239597
1421	1e-23	0.0011304000508971512
1422	1e-23	0.0012892000377178192
1423	1e-23	0.0011625000042840838
1424	1e-23	0.0011479999520815909
1425	1e-23	0.0011626999475993216
1426	1e-23	0.0011908000451512635
1427	1e-23	0.0011340999626554549
1428	1e-23	0.001562400022521615
1429	1e-23	0.001158099970780313
1430	1e-23	0.0011836999910883605
1431	1e-23	0.0011769999982789159
1432	1e-23	0.001121699984651059
1433	1e-23	0.001284099998883903
1434	1e-23	0.0013472000136971474
1435	1e-23	0.0012877999688498676
1436	1e-23	0.0010779000003822148
1437	1e-23	0.0010590000310912728
1438	1e-23	0.0011631000088527799
1439	1e-23	0.001084199990145862
1440	1e-23	0.0010039000189863145
1441	1e-23	0.0010241999989375472
1442	1e-23	0.0013174000196158886
1443	1e-23	0.0012741000391542912
1444	1e-23	0.0011326000094413757
1445	1e-23	0.0012710000155493617
1446	1e-23	0.0011458999942988157
1447	1e-23	0.0014291999978013337
1448	1e-23	0.0013878000318072736
1449	1e-23	0.001129099982790649
1450	1e-23	0.001125000009778887
1451	1e-23	0.001074399973731488
1452	1e-23	0.0012394000077620149
1453	1e-23	0.001124100002925843
1454	1e-23	0.0010177000076510012
1455	1e-23	0.00117790000513196
1456	1e-23	0.0017174999811686575
1457	1e-23	0.0011958000250160694
1458	1e-23	0.0011541999992914498
1459	1e-23	0.0011981999850831926
1460	1e-23	0.001359499990940094
1461	1e-23	0.0012366999872028828
1462	1e-23	0.0011710000107996166
1463	1e-23	0.001103099959436804
1464	1e-23	0.001046899997163564
1465	1e-23	0.001090100035071373
1466	1e-23	0.001083599985577166
1467	1e-23	0.0010615999926812947
1468	1e-23	0.0010579000227153301
1469	1e-23	0.0013243999565020204
1470	1e-23	0.001054599997587502
1471	1e-23	0.001111100020352751
1472	1e-23	0.0011037999647669494
1473	1e-23	0.0011883999686688185
1474	1e-23	0.0010996999917551875
1475	1e-23	0.0010470999986864626
1476	1e-23	0.0011574000236578286
1477	1e-23	0.0010399000020697713
1478	1e-23	0.0010443000355735421
1479	1e-23	0.0010159999947063625
1480	1e-23	0.001151000033132732
1481	1e-23	0.001136199978645891
1482	1e-23	0.001096600026357919
1483	1e-23	0.0011243000044487417
1484	1e-23	0.0012706999550573528
1485	1e-23	0.0011630000080913305
1486	1e-23	0.0012186000240035355
1487	1e-23	0.0012336000218056142
1488	1e-23	0.0011764999944716692
1489	1e-23	0.0011341000208631158
1490	1e-23	0.0011289000394754112
1491	1e-23	0.001108099997509271
1492	1e-23	0.0011322000063955784
1493	1e-23	0.0012159000034444034
1494	1e-23	0.0014368999982252717
1495	1e-23	0.001101300003938377
1496	1e-23	0.0010837000445462763
1497	1e-23	0.0011081999982707202
1498	1e-23	0.0010782000026665628
1499	1e-23	0.0011809999705292284
1500	1e-23	0.0011312999995425344
1501	1e-23	0.0011403000098653138
1502	1e-23	0.0012088000075891614
1503	1e-23	0.001040700008161366
1504	1e-23	0.0013602999970316887
1505	1e-23	0.001164000015705824
1506	1e-23	0.0010478999465703964
1507	1e-23	0.0010847999947145581
1508	1e-23	0.001062600000295788
1509	1e-23	0.0010202000266872346
1510	1e-23	0.000996299961116165
1511	1e-23	0.0010656999656930566
1512	1e-23	0.0011304999934509397
1513	1e-23	0.001521300000604242
1514	1e-23	0.0011893999762833118
1515	1e-23	0.0014031999744474888
1516	1e-23	0.0010591000318527222
1517	1e-23	0.0010590000310912728
1518	1e-23	0.0013522999943234026
1519	1e-23	0.0012735000345855951
1520	1e-23	0.0010594999766908586
1521	1e-23	0.0012106999638490379
1522	1e-23	0.0011934000067412853
1523	1e-23	0.0011177000124007463
1524	1e-23	0.0010769999935291708
1525	1e-23	0.0015787000302225351
1526	1e-23	0.0010799000156112015
1527	1e-23	0.0010510000283829868
1528	1e-23	0.0011257000151090324
1529	1e-23	0.0011823999811895192
1530	1e-23	0.0011453000479377806
1531	1e-23	0.0010315999970771372
1532	1e-23	0.0012252999586053193
1533	1e-23	0.0011486000148579478
1534	1e-23	0.0010257000103592873
1535	1e-23	0.0011326000094413757
1536	1e-23	0.0010774999973364174
1537	1e-23	0.0010251000057905912
1538	1e-23	0.0013784999609924853
1539	1e-23	0.0012727999710477889
1540	1e-23	0.0014835000038146973
1541	1e-23	0.0010949999559670687
1542	1e-23	0.0012761999969370663
1543	1e-23	0.0011209000367671251
1544	1e-23	0.0010025000083260238
1545	1e-23	0.0009825999732129276
1546	1e-23	0.0011044999700970948
1547	1e-23	0.0010634000063873827
1548	1e-23	0.0010448999819345772
1549	1e-23	0.0010028000106103718
1550	1e-23	0.0013116999762132764
1551	1e-23	0.001338800007943064
1552	1e-23	0.0012463000020943582
1553	1e-23	0.0012745000422000885
1554	1e-23	0.0013288999907672405
1555	1e-23	0.001263400015886873
1556	1e-23	0.001566799997817725
1557	1e-23	0.001160499989055097
1558	1e-23	0.0010651000193320215
1559	1e-23	0.0011413000174798071
1560	1e-23	0.0011837999918498099
1561	1e-23	0.001039199996739626
1562	1e-23	0.001574499998241663
1563	1e-23	0.0013936999603174627
1564	1e-23	0.001164900022558868
1565	1e-23	0.001208400004543364
1566	1e-23	0.0014496000367216766
1567	1e-23	0.0011869000154547393
1568	1e-23	0.0010685999877750874
1569	1e-23	0.0011260999599471688
1570	1e-23	0.0010505999671295285
1571	1e-23	0.0010346999624744058
1572	1e-23	0.001027699967380613
1573	1e-23	0.0011687999940477312
1574	1e-23	0.0011766999959945679
1575	1e-23	0.0015469000209122896
1576	1e-23	0.0012749999877996743
1577	1e-23	0.00107709999429062
1578	1e-23	0.0011163000017404556
1579	1e-23	0.00122969999210909
1580	1e-23	0.0011832999880425632
1581	1e-23	0.0011719000176526606
1582	1e-23	0.0011155999964103103
1583	1e-23	0.0010664999717846513
1584	1e-23	0.0011068999883718789
1585	1e-23	0.001110800018068403
1586	1e-23	0.00105489999987185
1587	1e-23	0.0014557999675162137
1588	1e-23	0.001137099985498935
1589	1e-23	0.0010636000079102814
1590	1e-23	0.0012947999639436603
1591	1e-23	0.0011810000287368894
1592	1e-23	0.0011967999744229019
1593	1e-23	0.001332900021225214
1594	1e-23	0.001171700016129762
1595	1e-23	0.001136499980930239
1596	1e-23	0.0012375999940559268
1597	1e-23	0.0012585000367835164
1598	1e-23	0.0011937000090256333
1599	1e-23	0.00181489996612072
1600	1e-23	0.0013699000119231641
1601	1e-23	0.0011759999906644225
1602	1e-23	0.0011461999965831637
1603	1e-23	0.001308299950323999
1604	1e-23	0.0011879000230692327
1605	1e-23	0.0011266999645158648
1606	1e-23	0.0012817000388167799
1607	1e-23	0.0012291999883018434
1608	1e-23	0.001075000036507845
1609	1e-23	0.0011632000096142292
1610	1e-23	0.001351499988231808
1611	1e-23	0.0012066999915987253
1612	1e-23	0.0010417000157758594
1613	1e-23	0.0011326000094413757
1614	1e-23	0.0010538999922573566
1615	1e-23	0.0011374999885447323
1616	1e-23	0.0010891000274568796
1617	1e-23	0.0011406000121496618
1618	1e-23	0.0010377000435255468
1619	1e-23	0.001088000019080937
1620	1e-23	0.0012147999950684607
1621	1e-23	0.0014365999959409237
1622	1e-23	0.0010701999999582767
1623	1e-23	0.0011365000391378999
1624	1e-23	0.001386999967508018
1625	1e-23	0.0011387999984435737
1626	1e-23	0.001067599980160594
1627	1e-23	0.0010999999940395355
1628	1e-23	0.0010315999970771372
1629	1e-23	0.0010085999965667725
1630	1e-23	0.0011100000119768083
1631	1e-23	0.0010600999812595546
1632	1e-23	0.0010343000176362693
1633	1e-23	0.0010448000393807888
1634	1e-23	0.0010947000118903816
1635	1e-23	0.0010867000091820955
1636	1e-23	0.0010667999740689993
1637	1e-23	0.0010139999794773757
1638	1e-23	0.0014776000170968473
1639	1e-23	0.0011758000473491848
1640	1e-23	0.001110800018068403
1641	1e-23	0.0011335000162944198
1642	1e-23	0.0011858000070787966
1643	1e-23	0.0010786999482661486
1644	1e-23	0.001007599988952279
1645	1e-23	0.0010970999719575047
1646	1e-23	0.0010781000019051135
1647	1e-23	0.0010025000083260238
1648	1e-23	0.0010368999792262912
1649	1e-23	0.0011650999658741057
1650	1e-23	0.0012911000521853566
1651	1e-23	0.0011727000237442553
1652	1e-23	0.0011987999896518886
1653	1e-23	0.00120749999769032
1654	1e-23	0.0011778000043705106
1655	1e-23	0.0011709000100381672
1656	1e-23	0.0011717999586835504
1657	1e-23	0.0010485999519005418
1658	1e-23	0.0010640000109560788
1659	1e-23	0.0010860000038519502
1660	1e-23	0.001040700008161366
1661	1e-23	0.001046599994879216
1662	1e-23	0.0010213000350631773
1663	1e-23	0.0011566000175662339
1664	1e-23	0.0015984000056050718
1665	1e-23	0.0011201000306755304
1666	1e-23	0.0011618999997153878
1667	1e-23	0.001144199981354177
1668	1e-23	0.0010378000442869961
1669	1e-23	0.0010270000202581286
1670	1e-23	0.0010691999923437834
1671	1e-23	0.0010390999959781766
1672	1e-23	0.0010406000073999166
1673	1e-23	0.0009957000147551298
1674	1e-23	0.0010386999929323792
1675	1e-23	0.0011023000115528703
1676	1e-23	0.0009944000048562884
1677	1e-23	0.0010698999976739287
1678	1e-23	0.001770599978044629
1679	1e-23	0.0011322000063955784
1680	1e-23	0.00106969999615103
1681	1e-23	0.0011415000190027058
1682	1e-23	0.0010532000451348722
1683	1e-23	0.0010309999925084412
1684	1e-23	0.0012262999662198126
1685	1e-23	0.0011677999864332378
1686	1e-23	0.00106819998472929
1687	1e-23	0.0010772999958135188
1688	1e-23	0.001076199987437576
1689	1e-23	0.0010226999875158072
1690	1e-23	0.001057000015862286
1691	1e-23	0.0017585000023245811
1692	1e-23	0.001101600006222725
1693	1e-23	0.0010585000272840261
1694	1e-23	0.0010065000387839973
1695	1e-23	0.001096900028642267
1696	1e-23	0.0010395999997854233
1697	1e-23	0.0010551000013947487
1698	1e-23	0.0019506000098772347
1699	1e-23	0.0011371999862603843
1700	1e-23	0.0010777999996207654
1701	1e-23	0.0012104999623261392
1702	1e-23	0.0012349000317044556
1703	1e-23	0.0015487000346183777
1704	1e-23	0.0012113000266253948
1705	1e-23	0.0011106000165455043
1706	1e-23	0.0011870000162161887
1707	1e-23	0.001194199954625219
1708	1e-23	0.001176200050394982
1709	1e-23	0.001357399974949658
1710	1e-23	0.0011368000414222479
1711	1e-23	0.001186499954201281
1712	1e-23	0.0010881000198423862
1713	1e-23	0.0011382000520825386
1714	1e-23	0.0011847999994643033
1715	1e-23	0.0015040000434964895
1716	1e-23	0.0011276999721303582
1717	1e-23	0.0011102999560534954
1718	1e-23	0.0010356999700888991
1719	1e-23	0.001033000007737428
1720	1e-23	0.0010400000028312206
1721	1e-23	0.001041000010445714
1722	1e-23	0.0012465000036172569
1723	1e-23	0.0011399000068195164
1724	1e-23	0.0010812999680638313
1725	1e-23	0.0010789000079967082
1726	1e-23	0.001121699984651059
1727	1e-23	0.001109600008931011
1728	1e-23	0.0013433999847620726
1729	1e-23	0.0013235000078566372
1730	1e-23	0.001112600031774491
1731	1e-23	0.0010331000084988773
1732	1e-23	0.001027399965096265
1733	1e-23	0.0011461999965831637
1734	1e-23	0.0011192000238224864
1735	1e-23	0.0010121000232174993
1736	1e-23	0.0011059999815188348
1737	1e-23	0.0010521000367589295
1738	1e-23	0.0009880000143311918
1739	1e-23	0.000983599980827421
1740	1e-23	0.0010921999928541481
1741	1e-23	0.0009892000234685838
1742	1e-23	0.00104010000359267
1743	1e-23	0.0015296000055968761
1744	1e-23	0.0011578999692574143
1745	1e-23	0.0010433999705128372
1746	1e-23	0.0009887999622151256
1747	1e-23	0.0010426000226289034
1748	1e-23	0.00103859999217093
1749	1e-23	0.0009976999717764556
1750	1e-23	0.0009942000033333898
1751	1e-23	0.0011094000074081123
1752	1e-23	0.0010316999978385866
1753	1e-23	0.0010161999962292612
1754	1e-23	0.0010252000065520406
1755	1e-23	0.0010149999870918691
1756	1e-23	0.0010108000133186579
1757	1e-23	0.0010861000046133995
1758	1e-23	0.001062900002580136
1759	1e-23	0.0011243000044487417
1760	1e-23	0.0010643999557942152
1761	1e-23	0.0010125000262632966
1762	1e-23	0.001082400034647435
1763	1e-23	0.0013525999966077507
1764	1e-23	0.0012373999925330281
1765	1e-23	0.001159899984486401
1766	1e-23	0.001166699978057295
1767	1e-23	0.0012143999920226634
1768	1e-23	0.0011207999777980149
1769	1e-23	0.0012268000282347202
1770	1e-23	0.0012194999726489186
1771	1e-23	0.001125900016631931
1772	1e-23	0.0010978999780490994
1773	1e-23	0.0011533000506460667
1774	1e-23	0.0011430000304244459
1775	1e-23	0.001111400022637099
1776	1e-23	0.0010525999823585153
1777	1e-23	0.001235600037034601
1778	1e-23	0.001048700010869652
1779	1e-23	0.0010103999520651996
1780	1e-23	0.0010119000216946006
1781	1e-23	0.0010304999887011945
1782	1e-23	0.0011126999743282795
1783	1e-23	0.0015643999795429409
1784	1e-23	0.0011043999693356454
1785	1e-23	0.0010152999893762171
1786	1e-23	0.0009962000185623765
1787	1e-23	0.0010435999720357358
1788	1e-23	0.001046299992594868
1789	1e-23	0.0010389999952167273
1790	1e-23	0.0010334000107832253
1791	1e-23	0.0009852999937720597
1792	1e-23	0.0011637000134214759
1793	1e-23	0.001107799995224923
1794	1e-23	0.0010405000066384673
1795	1e-23	0.0011071999906562269
1796	1e-23	0.0010127000277861953
1797	1e-23	0.0015134999994188547
1798	1e-23	0.001178500009700656
1799	1e-23	0.0012956000282429159
1800	1e-23	0.0010223999852314591
1801	1e-23	0.0009753999765962362
1802	1e-23	0.001123800000641495
1803	1e-23	0.0011298999888822436
1804	1e-23	0.0009947000071406364
1805	1e-23	0.0009717999491840601
1806	1e-23	0.0010671999771147966
1807	1e-23	0.0010295999818481505
1808	1e-23	0.0010367999784648418
1809	1e-23	0.0010715000098571181
1810	1e-23	0.0010343000176362693
1811	1e-23	0.0014177999692037702
1812	1e-23	0.0010896999738179147
1813	1e-23	0.0011002999963238835
1814	1e-23	0.0010688999900594354
1815	1e-23	0.0009891000227071345
1816	1e-23	0.000972400011960417
1817	1e-23	0.001056700013577938
1818	1e-23	0.0010655000223778188
1819	1e-23	0.0010701999999582767
1820	1e-23	0.0010214000358246267
1821	1e-23	0.001181800034828484
1822	1e-23	0.0012441999861039221
1823	1e-23	0.0010658000246621668
1824	1e-23	0.001197699981275946
1825	1e-23	0.0014608000055886805
1826	1e-23	0.001070300000719726
1827	1e-23	0.0009793000062927604
1828	1e-23	0.0010653000208549201
1829	1e-23	0.0010371000389568508
1830	1e-23	0.0009803000139072537
1831	1e-23	0.0009580999612808228
1832	1e-23	0.0010538000497035682
1833	1e-23	0.0010326000046916306
1834	1e-23	0.0012416000245139003
1835	1e-23	0.0014049999881535769
1836	1e-23	0.0011342999641783535
1837	1e-23	0.0010501000215299428
1838	1e-23	0.0010162999969907105
1839	1e-23	0.0012205999810248613
1840	1e-23	0.0011757000465877354
1841	1e-23	0.0010254000080749393
1842	1e-23	0.0009921000455506146
1843	1e-23	0.0010800000163726509
1844	1e-23	0.0009763999842107296
1845	1e-23	0.0010039000189863145
1846	1e-23	0.0009803000139072537
1847	1e-23	0.0010918999905698001
1848	1e-23	0.0010231999913230538
1849	1e-23	0.0009858999983407557
1850	1e-23	0.0009613999864086509
1851	1e-23	0.0012057999847456813
1852	1e-23	0.0011864000116474926
1853	1e-23	0.0011702000047080219
1854	1e-23	0.0011283999774605036
1855	1e-23	0.0010497000184841454
1856	1e-23	0.0010019000037573278
1857	1e-23	0.0009584999643266201
1858	1e-23	0.0010725000174716115
1859	1e-23	0.0009960000170394778
1860	1e-23	0.000994600006379187
1861	1e-23	0.001020899973809719
1862	1e-23	0.001077399996574968
1863	1e-23	0.0009857999975793064
1864	1e-23	0.001020300027448684
1865	1e-23	0.0009790000040084124
1866	1e-23	0.0013262999709695578
1867	1e-23	0.0019328000489622355
1868	1e-23	0.0011201999732293189
1869	1e-23	0.0010987999849021435
1870	1e-23	0.0010556000052019954
1871	1e-23	0.0010822999756783247
1872	1e-23	0.0011407999554648995
1873	1e-23	0.0011641000164672732
1874	1e-23	0.0010485000093467534
1875	1e-23	0.0010361999738961458
1876	1e-23	0.0011460999958217144
1877	1e-23	0.001096300024073571
1878	1e-23	0.0009979000315070152
1879	1e-23	0.000991900044027716
1880	1e-23	0.0017743000062182546
1881	1e-23	0.0011493000201880932
1882	1e-23	0.0010582000249996781
1883	1e-23	0.001108700002077967
1884	1e-23	0.0010514999739825726
1885	1e-23	0.0010645000147633255
1886	1e-23	0.0010673000360839069
1887	1e-23	0.0010891000274568796
1888	1e-23	0.0010345999617129564
1889	1e-23	0.001011400017887354
1890	1e-23	0.0010581999667920172
1891	1e-23	0.001045099983457476
1892	1e-23	0.0010631000041030347
1893	1e-23	0.0016582999960519373
1894	1e-23	0.0013824999914504588
1895	1e-23	0.001045099983457476
1896	1e-23	0.0009811999625526369
1897	1e-23	0.0011765999952331185
1898	1e-23	0.0010414000134915113
1899	1e-23	0.0010210000327788293
1900	1e-23	0.0010426000226289034
1901	1e-23	0.001069400052074343
1902	1e-23	0.0011264999629929662
1903	1e-23	0.0010142999817617238
1904	1e-23	0.0010187000152654946
1905	1e-23	0.0010621999972499907
1906	1e-23	0.0009959000162780285
1907	1e-23	0.0016215999494306743
1908	1e-23	0.0012018000124953687
1909	1e-23	0.0012960999738425016
1910	1e-23	0.0012746999855153263
1911	1e-23	0.0011227000504732132
1912	1e-23	0.0011631000088527799
1913	1e-23	0.001075299980584532
1914	1e-23	0.0011833999888040125
1915	1e-23	0.0017965000006370246
1916	1e-23	0.0011035000206902623
1917	1e-23	0.001108399999793619
1918	1e-23	0.0014943999703973532
1919	1e-23	0.001601099967956543
1920	1e-23	0.0011803999659605324
1921	1e-23	0.0012631999561563134
1922	1e-23	0.001264300022739917
1923	1e-23	0.0011904999846592546
1924	1e-23	0.0011628000065684319
1925	1e-23	0.0011416000197641551
1926	1e-23	0.0011122000287286937
1927	1e-23	0.0010257000103592873
1928	1e-23	0.001242099970113486
1929	1e-23	0.0010887999669648707
1930	1e-23	0.0010216999799013138
1931	1e-23	0.001413899997714907
1932	1e-23	0.001324000011663884
1933	1e-23	0.0011974999797530472
1934	1e-23	0.001166399975772947
1935	1e-23	0.0015293000033125281
1936	1e-23	0.001171700016129762
1937	1e-23	0.0010866000084206462
1938	1e-23	0.001276399998459965
1939	1e-23	0.0011152999941259623
1940	1e-23	0.0011334000155329704
1941	1e-23	0.00138669996522367
1942	1e-23	0.0012249000137671828
1943	1e-23	0.0014948000316508114
1944	1e-23	0.0014171000220812857
1945	1e-23	0.0011041999678127468
1946	1e-23	0.0012011999497190118
1947	1e-23	0.0012143999920226634
1948	1e-23	0.0011689999955706298
1949	1e-23	0.0010872999555431306
1950	1e-23	0.0010676999809220433
1951	1e-23	0.0011805000249296427
1952	1e-23	0.0011032000184059143
1953	1e-23	0.0011631999514065683
1954	1e-23	0.0012264999677427113
1955	1e-23	0.0014813000452704728
1956	1e-23	0.0012350999750196934
1957	1e-23	0.0013275000383146107
1958	1e-23	0.0012091000098735094
1959	1e-23	0.0011045999708585441
1960	1e-23	0.0010951999574899673
1961	1e-23	0.001356799970380962
1962	1e-23	0.0012094000121578574
1963	1e-23	0.001102800015360117
1964	1e-23	0.001101000001654029
1965	1e-23	0.0011489000171422958
1966	1e-23	0.0009704999974928796
1967	1e-23	0.001143899979069829
1968	1e-23	0.0012829999905079603
1969	1e-23	0.001139500003773719
1970	1e-23	0.001098100037779659
1971	1e-23	0.001260399993043393
1972	1e-23	0.0011498000239953399
1973	1e-23	0.001145999995060265
1974	1e-23	0.0010308999917469919
1975	1e-23	0.0011704000062309206
1976	1e-23	0.0013253000215627253
1977	1e-23	0.0010724000167101622
1978	1e-23	0.0016148000140674412
1979	1e-23	0.0011255000135861337
1980	1e-23	0.0010390999959781766
1981	1e-23	0.001343499985523522
1982	1e-23	0.0013908999972045422
1983	1e-23	0.0011246000067330897
1984	1e-23	0.0011559000122360885
1985	1e-23	0.0013185000279918313
1986	1e-23	0.0010751000372692943
1987	1e-23	0.001005500031169504
1988	1e-23	0.0012639000196941197
1989	1e-23	0.0011651000240817666
1990	1e-23	0.0010921999928541481
1991	1e-23	0.0011674999841488898
1992	1e-23	0.0011699999449774623
1993	1e-23	0.0011279000318609178
1994	1e-23	0.001264900027308613
1995	1e-23	0.0013079000054858625
1996	1e-23	0.0010716000106185675
1997	1e-23	0.0011921999976038933
1998	1e-23	0.0013860000181011856
1999	1e-23	0.0011959000257775187
2000	1e-23	0.0011131999781355262
2001	1e-23	0.00104599999031052
2002	1e-23	0.0014461000100709498
2003	1e-23	0.0012581999762915075
2004	1e-23	0.001199499994982034
2005	1e-23	0.0014823999954387546
2006	1e-23	0.0013955000322312117
2007	1e-23	0.0010691999923437834
2008	1e-23	0.0012823000433854759
2009	1e-23	0.0011935000075027347
2010	1e-23	0.001004900026600808
2011	1e-23	0.0011242000036872923
2012	1e-23	0.001324900018516928
2013	1e-23	0.0011416999623179436
2014	1e-23	0.0011180999572388828
2015	1e-23	0.0016178999794647098
2016	1e-23	0.0011645000195130706
2017	1e-23	0.0010658000246621668
2018	1e-23	0.0015084999613463879
2019	1e-23	0.0012014000094495714
2020	1e-23	0.0011988000478595495
2021	1e-23	0.0013544999528676271
2022	1e-23	0.0012751000467687845
2023	1e-23	0.00106819998472929
2024	1e-23	0.0011998999980278313
2025	1e-23	0.001227300032041967
2026	1e-23	0.0011378999915905297
2027	1e-23	0.00109039997914806
2028	1e-23	0.0013845000066794455
2029	1e-23	0.0010798000148497522
2030	1e-23	0.000995699956547469
2031	1e-23	0.0017300000181421638
2032	1e-23	0.0011691999970935285
2033	1e-23	0.0010103000095114112
2034	1e-23	0.0011208000360056758
2035	1e-23	0.0013894999865442514
2036	1e-23	0.0013244000147096813
2037	1e-23	0.0012713999603874981
2038	1e-23	0.0013361999881453812
2039	1e-23	0.0011751999845728278
2040	1e-23	0.0010997999925166368
2041	1e-23	0.0016209000023081899
2042	1e-23	0.0012592000421136618
2043	1e-23	0.001172900025267154
2044	1e-23	0.0014236000133678317
2045	1e-23	0.0012266000267118216
2046	1e-23	0.0010798999574035406
2047	1e-23	0.0014539000112563372
2048	1e-23	0.0012147999950684607
2049	1e-23	0.0010397000005468726
2050	1e-23	0.001151299977209419
2051	1e-23	0.001443799992557615
2052	1e-23	0.001122299989219755
2053	1e-23	0.0011314000003039837
2054	1e-23	0.001352099992800504
2055	1e-23	0.001283799996599555
2056	1e-23	0.001179399958346039
2057	1e-23	0.0016263999859802425
2058	1e-23	0.0011067999876104295
2059	1e-23	0.0010681000421755016
2060	1e-23	0.0012124000350013375
2061	1e-23	0.0012157000019215047
2062	1e-23	0.001099000044632703
2063	1e-23	0.0010582999675534666
2064	1e-23	0.0012695000041276217
2065	1e-23	0.0011745000374503434
2066	1e-23	0.0010748000349849463
2067	1e-23	0.0014131999923847616
2068	1e-23	0.001296799979172647
2069	1e-23	0.001039199996739626
2070	1e-23	0.0011496000224724412
2071	1e-23	0.0012256000190973282
2072	1e-23	0.0010816000285558403
2073	1e-23	0.0011081999982707202
2074	1e-23	0.001422200002707541
2075	1e-23	0.0010705999447964132
2076	1e-23	0.0010384999914094806
2077	1e-23	0.0011452999897301197
2078	1e-23	0.0013495999737642705
2079	1e-23	0.0011682999902404845
2080	1e-23	0.0016127999988384545
2081	1e-23	0.0012196000316180289
2082	1e-23	0.0011075999937020242
2083	1e-23	0.0010996999917551875
2084	1e-23	0.0013785000192001462
2085	1e-23	0.0012063999893143773
2086	1e-23	0.0010519999777898192
2087	1e-23	0.0011229999945499003
2088	1e-23	0.0011368999839760363
2089	1e-23	0.001075600041076541
2090	1e-23	0.001087999960873276
2091	1e-23	0.0013154000043869019
2092	1e-23	0.0013010000111535192
2093	1e-23	0.0013386999489739537
2094	1e-23	0.001121399982366711
2095	1e-23	0.0012781000114046037
2096	1e-23	0.0011312999995425344
2097	1e-23	0.0011905000428669155
2098	1e-23	0.001135899976361543
2099	1e-23	0.001098700042348355
2100	1e-23	0.0010810999665409327
2101	1e-23	0.0013797999708913267
2102	1e-23	0.0011004999978467822
2103	1e-23	0.001089799974579364
2104	1e-23	0.0011699999449774623
2105	1e-23	0.0012340000248514116
2106	1e-23	0.0011748000397346914
2107	1e-23	0.0011040999670512974
2108	1e-23	0.0012099999585188925
2109	1e-23	0.001066999975591898
2110	1e-23	0.0011119000264443457
2111	1e-23	0.0010987999849021435
2112	1e-23	0.001058999972883612
2113	1e-23	0.0010354999685660005
2114	1e-23	0.0010424000211060047
2115	1e-23	0.0011162000009790063
2116	1e-23	0.0010735000250861049
2117	1e-23	0.0010375999845564365
2118	1e-23	0.0010753999813459814
2119	1e-23	0.001206600049044937
2120	1e-23	0.00133050000295043
2121	1e-23	0.0011155999964103103
2122	1e-23	0.0013194999773986638
2123	1e-23	0.0011890000314451754
2124	1e-23	0.00111699994886294
2125	1e-23	0.0010525999823585153
2126	1e-23	0.0011822999804280698
2127	1e-23	0.0010523999808356166
2128	1e-23	0.0009781999979168177
2129	1e-23	0.0010615999926812947
2130	1e-23	0.0012083000037819147
2131	1e-23	0.0010819999733939767
2132	1e-23	0.001139200001489371
2133	1e-23	0.001247700012754649
2134	1e-23	0.0011334000155329704
2135	1e-23	0.0011759999906644225
2136	1e-23	0.0010929999989457428
2137	1e-23	0.0011089000036008656
2138	1e-23	0.0010607999865897
2139	1e-23	0.001040699949953705
2140	1e-23	0.0011585999745875597
2141	1e-23	0.001123499998357147
2142	1e-23	0.0010680999839678407
2143	1e-23	0.0010763000464066863
2144	1e-23	0.0012064999900758266
2145	1e-23	0.0010868000099435449
2146	1e-23	0.0012340999674052
2147	1e-23	0.0014550000196322799
2148	1e-23	0.0012188999680802226
2149	1e-23	0.0011221000459045172
2150	1e-23	0.0011626000050455332
2151	1e-23	0.0013898999895900488
2152	1e-23	0.001178500009700656
2153	1e-23	0.0010845999931916595
2154	1e-23	0.0012620999477803707
2155	1e-23	0.0010925999958999455
2156	1e-23	0.0010924999951384962
2157	1e-23	0.0011610999936237931
2158	1e-23	0.0011186000192537904
2159	1e-23	0.0017988999607041478
2160	1e-23	0.0015548999654129148
2161	1e-23	0.0012388000031933188
2162	1e-23	0.0010927999974228442
2163	1e-23	0.0011344000231474638
2164	1e-23	0.001577800023369491
2165	1e-23	0.0011206999770365655
2166	1e-23	0.0011130999773740768
2167	1e-23	0.0012268999707885087
2168	1e-23	0.0011038999655283988
2169	1e-23	0.0010859000030905008
2170	1e-23	0.0013580999802798033
2171	1e-23	0.0012888000346720219
2172	1e-23	0.0010994999902322888
2173	1e-23	0.0011973999789915979
2174	1e-23	0.0012644000235013664
2175	1e-23	0.001142699969932437
2176	1e-23	0.0010729000205174088
2177	1e-23	0.0012466000043787062
2178	1e-23	0.0011687999940477312
2179	1e-23	0.0011211999808438122
2180	1e-23	0.0012305999989621341
2181	1e-23	0.0011215000413358212
2182	1e-23	0.001146900001913309
2183	1e-23	0.0016770000220276415
2184	1e-23	0.0012375999940559268
2185	1e-23	0.0011700000031851232
2186	1e-23	0.0011337999603711069
2187	1e-23	0.0012380999978631735
2188	1e-23	0.0011549000046215951
2189	1e-23	0.0011809999705292284
2190	1e-23	0.001165199966635555
2191	1e-23	0.0011655999696813524
2192	1e-23	0.0011307999957352877
2193	1e-23	0.001045099983457476
2194	1e-23	0.0012189000262878835
2195	1e-23	0.001355400017928332
2196	1e-23	0.0012113999691791832
2197	1e-23	0.0011413000174798071
2198	1e-23	0.0011088000028394163
2199	1e-23	0.0010810000239871442
2200	1e-23	0.0010453000431880355
2201	1e-23	0.0011649999651126564
2202	1e-23	0.0011217999854125082
2203	1e-23	0.0011245000059716403
2204	1e-23	0.001186799956485629
2205	1e-23	0.0012305999989621341
2206	1e-23	0.0010959000210277736
2207	1e-23	0.0010469999979250133
2208	1e-23	0.0012356999795883894
2209	1e-23	0.001136799983214587
2210	1e-23	0.0011050000321120024
2211	1e-23	0.0013070999993942678
2212	1e-23	0.0011874999618157744
2213	1e-23	0.0010853999992832541
2214	1e-23	0.0010730000212788582
2215	1e-23	0.0012336000218056142
2216	1e-23	0.0010779000003822148
2217	1e-23	0.0010366999777033925
2218	1e-23	0.0012206999817863107
2219	1e-23	0.001178500009700656
2220	1e-23	0.0010991999879479408
2221	1e-23	0.001080900023225695
2222	1e-23	0.001201900013256818
2223	1e-23	0.0010700999991968274
2224	1e-23	0.0010235999943688512
2225	1e-23	0.001039199996739626
2226	1e-23	0.0011269000242464244
2227	1e-23	0.001122599991504103
2228	1e-23	0.001138300052843988
2229	1e-23	0.0011274999706074595
2230	1e-23	0.001070300000719726
2231	1e-23	0.0009856000542640686
2232	1e-23	0.000984199985396117
2233	1e-23	0.0011637000134214759
2234	1e-23	0.0016191999893635511
2235	1e-23	0.0013425000361166894
2236	1e-23	0.0012534999987110496
2237	1e-23	0.0011445999843999743
2238	1e-23	0.001116400002501905
2239	1e-23	0.0011274000280536711
2240	1e-23	0.0011534999939613044
2241	1e-23	0.0010456000454723835
2242	1e-23	0.0012670999858528376
2243	1e-23	0.0014459000085480511
2244	1e-23	0.0011443999828770757
2245	1e-23	0.0009939000010490417
2246	1e-23	0.0010147999855689704
2247	1e-23	0.0010594999766908586
2248	1e-23	0.0013464000076055527
2249	1e-23	0.001194500015117228
2250	1e-23	0.0013659000396728516
2251	1e-23	0.001102500013075769
2252	1e-23	0.0010876000160351396
2253	1e-23	0.0011504999711178243
2254	1e-23	0.00107999995816499
2255	1e-23	0.0010223999852314591
2256	1e-23	0.0010140000376850367
2257	1e-23	0.0011412000167183578
2258	1e-23	0.0010654000216163695
2259	1e-23	0.0010945999529212713
2260	1e-23	0.0011569999624043703
2261	1e-23	0.0014732999843545258
2262	1e-23	0.001140400010626763
2263	1e-23	0.0010515000321902335
2264	1e-23	0.0010955000179819763
2265	1e-23	0.0010956000187434256
2266	1e-23	0.0010160999954678118
2267	1e-23	0.0010379999876022339
2268	1e-23	0.0014260999741964042
2269	1e-23	0.0010772999958135188
2270	1e-23	0.0010942999506369233
2271	1e-23	0.0010863000061362982
2272	1e-23	0.0010477000032551587
2273	1e-23	0.000996599963400513
2274	1e-23	0.0011228000512346625
2275	1e-23	0.001644300005864352
2276	1e-23	0.0012063000467605889
2277	1e-23	0.001109600008931011
2278	1e-23	0.0010952000156976283
2279	1e-23	0.0011483000125735998
2280	1e-23	0.0011540999985300004
2281	1e-23	0.001074999978300184
2282	1e-23	0.0011613999959081411
2283	1e-23	0.0010723000159487128
2284	1e-23	0.0010572000173851848
2285	1e-23	0.0011585999745875597
2286	1e-23	0.0013493000296875834
2287	1e-23	0.0012564999633468688
2288	1e-23	0.0015370000037364662
2289	1e-23	0.0012292999890632927
2290	1e-23	0.0010411999537609518
2291	1e-23	0.0010642000124789774
2292	1e-23	0.0012075999984517694
2293	1e-23	0.00106819998472929
2294	1e-23	0.0010857000015676022
2295	1e-23	0.0010937000042758882
2296	1e-23	0.0011374999885447323
2297	1e-23	0.0010076999897137284
2298	1e-23	0.0010180999524891376
2299	1e-23	0.001041300012730062
2300	1e-23	0.0011662999750114977
2301	1e-23	0.0010080999927595258
2302	1e-23	0.0010278000263497233
2303	1e-23	0.0011383999953977764
2304	1e-23	0.001053999993018806
2305	1e-23	0.0010729999630711973
2306	1e-23	0.0011082999990321696
2307	1e-23	0.00120310002239421
2308	1e-23	0.0011594999814406037
2309	1e-23	0.0011369999847374856
2310	1e-23	0.0012326000141911209
2311	1e-23	0.0010449000401422381
2312	1e-23	0.0010423000203445554
2313	1e-23	0.0010056999744847417
2314	1e-23	0.0012998000020161271
2315	1e-23	0.0011076999944634736
2316	1e-23	0.0010853999992832541
2317	1e-23	0.001109900011215359
2318	1e-23	0.0014056999934837222
2319	1e-23	0.0012670999858528376
2320	1e-23	0.0012363999849185348
2321	1e-23	0.001205699983984232
2322	1e-23	0.001124700007494539
2323	1e-23	0.0011944000143557787
2324	1e-23	0.001193300005979836
2325	1e-23	0.0011212999816052616
2326	1e-23	0.0010569000151008368
2327	1e-23	0.0014504999853670597
2328	1e-23	0.0011579000274650753
2329	1e-23	0.0012394000077620149
2330	1e-23	0.0011189000215381384
2331	1e-23	0.001152199984062463
2332	1e-23	0.0011119000264443457
2333	1e-23	0.0010393999982625246
2334	1e-23	0.0010948999552056193
2335	1e-23	0.0011081999982707202
2336	1e-23	0.0010887000244110823
2337	1e-23	0.0010723000159487128
2338	1e-23	0.0013121000374667346
2339	1e-23	0.0012098999577574432
2340	1e-23	0.001233499962836504
2341	1e-23	0.001541399979032576
2342	1e-23	0.0012801999691873789
2343	1e-23	0.0012314000050537288
2344	1e-23	0.001312499982304871
2345	1e-23	0.001221699989400804
2346	1e-23	0.0011196999694220722
2347	1e-23	0.0010650999611243606
2348	1e-23	0.0012458999990485609
2349	1e-23	0.0011659999727271497
2350	1e-23	0.0011295000440441072
2351	1e-23	0.0011343999649398029
2352	1e-23	0.0013196999789215624
2353	1e-23	0.0012540000025182962
2354	1e-23	0.001113500038627535
2355	1e-23	0.001215800002682954
2356	1e-23	0.0010297999833710492
2357	1e-23	0.0010735999676398933
2358	1e-23	0.0012906999909318984
2359	1e-23	0.0010335000115446746
2360	1e-23	0.0009994999854825437
2361	1e-23	0.0010730000212788582
2362	1e-23	0.0013078000047244132
2363	1e-23	0.0011460999958217144
2364	1e-23	0.00109779997728765
2365	1e-23	0.0015243000234477222
2366	1e-23	0.001415400009136647
2367	1e-23	0.0011339000193402171
2368	1e-23	0.0012314000050537288
2369	1e-23	0.0011786000104621053
2370	1e-23	0.0011586000327952206
2371	1e-23	0.0011968999751843512
2372	1e-23	0.0012229999992996454
2373	1e-23	0.0011322000063955784
2374	1e-23	0.001139800006058067
2375	1e-23	0.001152200042270124
2376	1e-23	0.0011735999723896384
2377	1e-23	0.0011735999723896384
2378	1e-23	0.0011953000212088227
2379	1e-23	0.0011262999614700675
2380	1e-23	0.001096599968150258
2381	1e-23	0.0010896999738179147
2382	1e-23	0.0011277999728918076
2383	1e-23	0.0014098999672569335
2384	1e-23	0.0011778000043705106
2385	1e-23	0.0010912999860011041
2386	1e-23	0.0011121000279672444
2387	1e-23	0.0013064999948255718
2388	1e-23	0.0011291000409983099
2389	1e-23	0.0011273000272922218
2390	1e-23	0.0018315999768674374
2391	1e-23	0.0012305999989621341
2392	1e-23	0.0012254000175744295
2393	1e-23	0.0011493000201880932
2394	1e-23	0.001155999954789877
2395	1e-23	0.0016676999512128532
2396	1e-23	0.0010883999639190733
2397	1e-23	0.0011025999556295574
2398	1e-23	0.0015457000117748976
2399	1e-23	0.001186799956485629
2400	1e-23	0.001138299994636327
2401	1e-23	0.0011824999819509685
2402	1e-23	0.001324299955740571
2403	1e-23	0.001486700028181076
2404	1e-23	0.0015673000016249716
2405	1e-23	0.001284400001168251
2406	1e-23	0.001156899961642921
2407	1e-23	0.001193599950056523
2408	1e-23	0.0011291999835520983
2409	1e-23	0.0012115000281482935
2410	1e-23	0.0012392999487929046
2411	1e-23	0.0013393000117503107
2412	1e-23	0.0011400999501347542
2413	1e-23	0.0013447999954223633
2414	1e-23	0.0014356999890878797
2415	1e-23	0.0012173000141046941
2416	1e-23	0.0011491000186651945
2417	1e-23	0.0013029000256210566
2418	1e-23	0.0012578999740071595
2419	1e-23	0.0012440000427886844
2420	1e-23	0.0012880999711342156
2421	1e-23	0.0012400000123307109
2422	1e-23	0.001264900027308613
2423	1e-23	0.0012048999778926373
2424	1e-23	0.0011900999816134572
2425	1e-23	0.0012594999861903489
2426	1e-23	0.001297999988310039
2427	1e-23	0.0014945999719202518
2428	1e-23	0.0016030999831855297
2429	1e-23	0.0015638000331819057
2430	1e-23	0.0013045999803580344
2431	1e-23	0.0013917999458499253
2432	1e-23	0.0012255000183358788
2433	1e-23	0.001171700016129762
2434	1e-23	0.0013070999993942678
2435	1e-23	0.0012468000059016049
2436	1e-23	0.0015234000165946782
2437	1e-23	0.0014533000066876411
2438	1e-23	0.0011403000098653138
2439	1e-23	0.001157499966211617
2440	1e-23	0.0012143999920226634
2441	1e-23	0.0012193999718874693
2442	1e-23	0.001704599999357015
2443	1e-23	0.0011005999986082315
2444	1e-23	0.0010749000357463956
2445	1e-23	0.0012214999878779054
2446	1e-23	0.0011033000191673636
2447	1e-23	0.0010605999850668013
2448	1e-23	0.0012214999878779054
2449	1e-23	0.0012670000432990491
2450	1e-23	0.0011801000218838453
2451	1e-23	0.0011689999955706298
2452	1e-23	0.0012382999993860722
2453	1e-23	0.0011375999893061817
2454	1e-23	0.001174700038973242
2455	1e-23	0.0012378999963402748
2456	1e-23	0.0011686999932862818
2457	1e-23	0.0011362999794073403
2458	1e-23	0.0010788000072352588
2459	1e-23	0.0012097000144422054
2460	1e-23	0.001158099970780313
2461	1e-23	0.001277600007597357
2462	1e-23	0.0014253000263124704
2463	1e-23	0.0012035999679937959
2464	1e-23	0.0012929000076837838
2465	1e-23	0.0011922999983653426
2466	1e-23	0.0010795000125654042
2467	1e-23	0.0010745999752543867
2468	1e-23	0.001041599956806749
2469	1e-23	0.0010675000376068056
2470	1e-23	0.001042500021867454
2471	1e-23	0.0009873000090010464
2472	1e-23	0.0010799000156112015
2473	1e-23	0.0012775999493896961
2474	1e-23	0.0015576999867334962
2475	1e-23	0.001234100025612861
2476	1e-23	0.0011599999852478504
2477	1e-23	0.0011171000078320503
2478	1e-23	0.001090099976863712
2479	1e-23	0.0016992999590002
2480	1e-23	0.0011350000277161598
2481	1e-23	0.0011206999770365655
2482	1e-23	0.0012057999847456813
2483	1e-23	0.0011081999982707202
2484	1e-23	0.0010644999565556645
2485	1e-23	0.0010993999894708395
2486	1e-23	0.0011820000363513827
2487	1e-23	0.0011418000212870538
2488	1e-23	0.0012048000353388488
2489	1e-23	0.0012245000107213855
2490	1e-23	0.0011441000388003886
2491	1e-23	0.0010704000014811754
2492	1e-23	0.0010677000391297042
2493	1e-23	0.0011934000067412853
2494	1e-23	0.0010970000294037163
2495	1e-23	0.001041300012730062
2496	1e-23	0.001024700002744794
2497	1e-23	0.0011949000181630254
2498	1e-23	0.0011730000260286033
2499	1e-23	0.0011220999876968563
2500	1e-23	0.0012832999927923083
2501	1e-23	0.001166700036264956
2502	1e-23	0.0010993999894708395
2503	1e-23	0.0011120999697595835
2504	1e-23	0.001112900034058839
2505	1e-23	0.0011588999768719077
2506	1e-23	0.0012330000172369182
2507	1e-23	0.00119859998812899
2508	1e-23	0.00120749999769032
2509	1e-23	0.0011438000365160406
2510	1e-23	0.0011676999856717885
2511	1e-23	0.0011047999723814428
2512	1e-23	0.0011301999911665916
2513	1e-23	0.0011970999767072499
2514	1e-23	0.001169899944216013
2515	1e-23	0.0013061999925412238
2516	1e-23	0.0011411000159569085
2517	1e-23	0.0011678999871946871
2518	1e-23	0.0012308000004850328
2519	1e-23	0.0010806999634951353
2520	1e-23	0.001027700025588274
2521	1e-23	0.001088600023649633
2522	1e-23	0.0011060000397264957
2523	1e-23	0.0011165000032633543
2524	1e-23	0.0015270999865606427
2525	1e-23	0.0015072000096552074
2526	1e-23	0.001229399989824742
2527	1e-23	0.0014721000334247947
2528	1e-23	0.001207799999974668
2529	1e-23	0.001083899987861514
2530	1e-23	0.0010849999962374568
2531	1e-23	0.001185899949632585
2532	1e-23	0.001148599956650287
2533	1e-23	0.0011032999609597027
2534	1e-23	0.0011436999775469303
2535	1e-23	0.001196300028823316
2536	1e-23	0.001136199978645891
2537	1e-23	0.001064100011717528
2538	1e-23	0.0012260000221431255
2539	1e-23	0.001113200036343187
2540	1e-23	0.0011172000085934997
2541	1e-23	0.0012524999910965562
2542	1e-23	0.00120749999769032
2543	1e-23	0.001192099996842444
2544	1e-23	0.0011498999665491283
2545	1e-23	0.0012282999814487994
2546	1e-23	0.0011184000177308917
2547	1e-23	0.0010943000088445842
2548	1e-23	0.0011353000300005078
2549	1e-23	0.0011484999558888376
2550	1e-23	0.0011282000341452658
2551	1e-23	0.0012327000149525702
2552	1e-23	0.001153699995484203
2553	1e-23	0.0010816999711096287
2554	1e-23	0.0010403000051155686
2555	1e-23	0.001205399981699884
2556	1e-23	0.0010676999809220433
2557	1e-23	0.0011123999720439315
2558	1e-23	0.00107409997144714
2559	1e-23	0.0011965999729000032
2560	1e-23	0.0012241000076755881
2561	1e-23	0.00102980004157871
2562	1e-23	0.0012731999740935862
2563	1e-23	0.0012326000141911209
2564	1e-23	0.0013042999780736864
2565	1e-23	0.0013086000108160079
2566	1e-23	0.0011981000425294042
2567	1e-23	0.0012179000186733902
2568	1e-23	0.0010749000357463956
2569	1e-23	0.001122599991504103
2570	1e-23	0.0011050999746657908
2571	1e-23	0.0010991999879479408
2572	1e-23	0.0012676999904215336
2573	1e-23	0.001091300044208765
2574	1e-23	0.0010777999996207654
2575	1e-23	0.0010603999835439026
2576	1e-23	0.0011018000077456236
2577	1e-23	0.0011837999918498099
2578	1e-23	0.0011267999652773142
2579	1e-23	0.0011190999648533762
2580	1e-23	0.0010873000137507915
2581	1e-23	0.0010505999671295285
2582	1e-23	0.0010685999877750874
2583	1e-23	0.0011297999881207943
2584	1e-23	0.001211299968417734
2585	1e-23	0.0012038000277243555
2586	1e-23	0.0010882000206038356
2587	1e-23	0.0010724000167101622
2588	1e-23	0.001082700036931783
2589	1e-23	0.0010608999873511493
2590	1e-23	0.0010989999864250422
2591	1e-23	0.001345600001513958
2592	1e-23	0.0012254000175744295
2593	1e-23	0.0011092000058852136
2594	1e-23	0.0014368999982252717
2595	1e-23	0.001097499975003302
2596	1e-23	0.0010210999753326178
2597	1e-23	0.0011189999640919268
2598	1e-23	0.0010705000022426248
2599	1e-23	0.0010189000167883933
2600	1e-23	0.0009797000093385577
2601	1e-23	0.0010806999634951353
2602	1e-23	0.0011100000119768083
2603	1e-23	0.0009816000238060951
2604	1e-23	0.0011980999843217432
2605	1e-23	0.0012085000053048134
2606	1e-23	0.001116400002501905
2607	1e-23	0.0010591000318527222
2608	1e-23	0.001110500015784055
2609	1e-23	0.0010925999958999455
2610	1e-23	0.0010704000014811754
2611	1e-23	0.001082099974155426
2612	1e-23	0.0011981999850831926
2613	1e-23	0.0011481000110507011
2614	1e-23	0.0010901999776251614
2615	1e-23	0.0010637000086717308
2616	1e-23	0.0010726000182330608
2617	1e-23	0.0011338000185787678
2618	1e-23	0.0012260000221431255
2619	1e-23	0.0011545000015757978
2620	1e-23	0.0011974000371992588
2621	1e-23	0.0011270999675616622
2622	1e-23	0.0010299999848939478
2623	1e-23	0.0012304999982006848
2624	1e-23	0.0010821999749168754
2625	1e-23	0.0010448999819345772
2626	1e-23	0.0010704000014811754
2627	1e-23	0.00104750000173226
2628	1e-23	0.001045399985741824
2629	1e-23	0.001029200037010014
2630	1e-23	0.0011709000100381672
2631	1e-23	0.0012284000404179096
2632	1e-23	0.0011033000191673636
2633	1e-23	0.001025600009597838
2634	1e-23	0.0011963999713771045
2635	1e-23	0.0011015000054612756
2636	1e-23	0.0011289999820291996
2637	1e-23	0.0010577000211924314
2638	1e-23	0.0010533000458963215
2639	1e-23	0.001007599988952279
2640	1e-23	0.0012177000171504915
2641	1e-23	0.001032100000884384
2642	1e-23	0.0010059999767690897
2643	1e-23	0.0009662999655120075
2644	1e-23	0.0009440999710932374
2645	1e-23	0.0009063999750651419
2646	1e-23	0.0011967999744229019
2647	1e-23	0.001079399953596294
2648	1e-23	0.0010201999684795737
2649	1e-23	0.0010865000076591969
2650	1e-23	0.0013996000052429736
2651	1e-23	0.001109900011215359
2652	1e-23	0.0010809999657794833
2653	1e-23	0.001070600003004074
2654	1e-23	0.0010040000197477639
2655	1e-23	0.000990099972113967
2656	1e-23	0.0011079999967478216
2657	1e-23	0.001120300032198429
2658	1e-23	0.0010637000086717308
2659	1e-23	0.0009876999538391829
2660	1e-23	0.0014644000330008566
2661	1e-23	0.0011242000036872923
2662	1e-23	0.0011128000332973897
2663	1e-23	0.001110800018068403
2664	1e-23	0.0011973999789915979
2665	1e-23	0.001014399982523173
2666	1e-23	0.0010301999864168465
2667	1e-23	0.0010733999661169946
2668	1e-23	0.0010493999579921365
2669	1e-23	0.0010031000128947198
2670	1e-23	0.0010363999754190445
2671	1e-23	0.001059599977452308
2672	1e-23	0.0011289000394754112
2673	1e-23	0.001079699955880642
2674	1e-23	0.0015727999852970243
2675	1e-23	0.0013164000120013952
2676	1e-23	0.001055500004440546
2677	1e-23	0.0011902999831363559
2678	1e-23	0.0012678999919444323
2679	1e-23	0.0011172000085934997
2680	1e-23	0.0010429000249132514
2681	1e-23	0.0010443000355735421
2682	1e-23	0.0011483000125735998
2683	1e-23	0.0010746000334620476
2684	1e-23	0.0010383000480942428
2685	1e-23	0.001014699984807521
2686	1e-23	0.001073799969162792
2687	1e-23	0.001123800000641495
2688	1e-23	0.0010415000142529607
2689	1e-23	0.001060499984305352
2690	1e-23	0.0010326000046916306
2691	1e-23	0.0009800000116229057
2692	1e-23	0.0009657000191509724
2693	1e-23	0.001063200004864484
2694	1e-23	0.0010271999635733664
2695	1e-23	0.000977999996393919
2696	1e-23	0.000977699994109571
2697	1e-23	0.0010599000379443169
2698	1e-23	0.0010682999854907393
2699	1e-23	0.0010667999740689993
2700	1e-23	0.0010871000122278929
2701	1e-23	0.0011339000193402171
2702	1e-23	0.0012682999949902296
2703	1e-23	0.001131199998781085
2704	1e-23	0.0011285000364296138
2705	1e-23	0.0011070999898947775
2706	1e-23	0.001061999995727092
2707	1e-23	0.00150529999518767
2708	1e-23	0.001470100018195808
2709	1e-23	0.0012510999804362655
2710	1e-23	0.0010316999978385866
2711	1e-23	0.0010772999958135188
2712	1e-23	0.0010323000024072826
2713	1e-23	0.000997199967969209
2714	1e-23	0.0010922999936155975
2715	1e-23	0.0012507999781519175
2716	1e-23	0.001131199998781085
2717	1e-23	0.0011171000078320503
2718	1e-23	0.0012892999802716076
2719	1e-23	0.0011389999999664724
2720	1e-23	0.0010514000314287841
2721	1e-23	0.001063200004864484
2722	1e-23	0.0011026999563910067
2723	1e-23	0.0010235999943688512
2724	1e-23	0.0010153999901376665
2725	1e-23	0.001193000003695488
2726	1e-23	0.0010853999992832541
2727	1e-23	0.0010023000068031251
2728	1e-23	0.0010798000148497522
2729	1e-23	0.001117000007070601
2730	1e-23	0.001138899999205023
2731	1e-23	0.0010752000380307436
2732	1e-23	0.0010258000111207366
2733	1e-23	0.001164899964351207
2734	1e-23	0.0010269000194966793
2735	1e-23	0.001021500036586076
2736	1e-23	0.0010322000016458333
2737	1e-23	0.00120310002239421
2738	1e-23	0.0011141999857500196
2739	1e-23	0.0010864000068977475
2740	1e-23	0.0011494000209495425
2741	1e-23	0.0010409000096842647
2742	1e-23	0.0013251000200398266
2743	1e-23	0.0012031999649479985
2744	1e-23	0.0011130999773740768
2745	1e-23	0.0010480000055395067
2746	1e-23	0.0009894000249914825
2747	1e-23	0.0011296000448055565
2748	1e-23	0.0010658000246621668
2749	1e-23	0.0010116000194102526
2750	1e-23	0.0010392999975010753
2751	1e-23	0.001034799963235855
2752	1e-23	0.0009904999751597643
2753	1e-23	0.0010316999978385866
2754	1e-23	0.000979200005531311
2755	1e-23	0.0010745999752543867
2756	1e-23	0.0010936000035144389
2757	1e-23	0.001036300032865256
2758	1e-23	0.0010112999589182436
2759	1e-23	0.0011143999872729182
2760	1e-23	0.0010267000179737806
2761	1e-23	0.0010136000346392393
2762	1e-23	0.0009735000203363597
2763	1e-23	0.0010575999622233212
2764	1e-23	0.0010264000156894326
2765	1e-23	0.0009664999670349061
2766	1e-23	0.0009691999875940382
2767	1e-23	0.0011428000289015472
2768	1e-23	0.0011431999737396836
2769	1e-23	0.0011615999974310398
2770	1e-23	0.0016936000320129097
2771	1e-23	0.0012365999864414334
2772	1e-23	0.001125600014347583
2773	1e-23	0.0010919999913312495
2774	1e-23	0.0010575999622233212
2775	1e-23	0.000990399974398315
2776	1e-23	0.0010282999719493091
2777	1e-23	0.0011400000075809658
2778	1e-23	0.0012138999882154167
2779	1e-23	0.0010361000313423574
2780	1e-23	0.0009889000211842358
2781	1e-23	0.0010328000062145293
2782	1e-23	0.0010329000069759786
2783	1e-23	0.0010116000194102526
2784	1e-23	0.0009973000269383192
2785	1e-23	0.0011420000228099525
2786	1e-23	0.0010621999972499907
2787	1e-23	0.0010016000014729798
2788	1e-23	0.000986300001386553
2789	1e-23	0.001048400008585304
2790	1e-23	0.0010476000024937093
2791	1e-23	0.0010032000136561692
2792	1e-23	0.0010105000110343099
2793	1e-23	0.0010426000226289034
2794	1e-23	0.0009758000378496945
2795	1e-23	0.000985999999102205
2796	1e-23	0.0012567000230774283
2797	1e-23	0.001246499945409596
2798	1e-23	0.0010960999643430114
2799	1e-23	0.0010055999737232924
2800	1e-23	0.0010013999999500811
2801	1e-23	0.0010602000402286649
2802	1e-23	0.0010568000143393874
2803	1e-23	0.000984199985396117
2804	1e-23	0.0010704000014811754
2805	1e-23	0.001013799977954477
2806	1e-23	0.0010349000222049654
2807	1e-23	0.0010146000422537327
2808	1e-23	0.0011817999766208231
2809	1e-23	0.00103859999217093
2810	1e-23	0.0010449999826960266
2811	1e-23	0.0013762000016868114
2812	1e-23	0.0010453000431880355
2813	1e-23	0.0011183999595232308
2814	1e-23	0.0010534999892115593
2815	1e-23	0.0010792000102810562
2816	1e-23	0.0011147999903187156
2817	1e-23	0.0010787000064738095
2818	1e-23	0.001070900005288422
2819	1e-23	0.0011892999755218625
2820	1e-23	0.0011743999784812331
2821	1e-23	0.0011651000240817666
2822	1e-23	0.0013556999620050192
2823	1e-23	0.001131500001065433
2824	1e-23	0.0016570999869145453
2825	1e-23	0.001242400030605495
2826	1e-23	0.0012550000101327896
2827	1e-23	0.0011807000264525414
2828	1e-23	0.0010282000293955207
2829	1e-23	0.0010933000012300909
2830	1e-23	0.0010579000227153301
2831	1e-23	0.0009881000150926411
2832	1e-23	0.0010034000151790679
2833	1e-23	0.0010910999844782054
2834	1e-23	0.0010061999782919884
2835	1e-23	0.0009959000162780285
2836	1e-23	0.0011562000145204365
2837	1e-23	0.0015771000180393457
2838	1e-23	0.001074100029654801
2839	1e-23	0.0010018000029958785
2840	1e-23	0.0010650999611243606
2841	1e-23	0.0010578999645076692
2842	1e-23	0.0010155999916605651
2843	1e-23	0.0011243000044487417
2844	1e-23	0.0010599000379443169
2845	1e-23	0.0010053000296466053
2846	1e-23	0.001026500016450882
2847	1e-23	0.001027399965096265
2848	1e-23	0.0010753999813459814
2849	1e-23	0.0010037999600172043
2850	1e-23	0.001130599994212389
2851	1e-23	0.0013327000197023153
2852	1e-23	0.0011289999820291996
2853	1e-23	0.0010803999612107873
2854	1e-23	0.0011290000402368605
2855	1e-23	0.0012020000140182674
2856	1e-23	0.001087700016796589
2857	1e-23	0.0009929999941959977
2858	1e-23	0.0010109000140801072
2859	1e-23	0.0013131999876350164
2860	1e-23	0.0011384999961592257
2861	1e-23	0.0010531999869272113
2862	1e-23	0.001095999963581562
2863	1e-23	0.0010734000243246555
2864	1e-23	0.0011297000455670059
2865	1e-23	0.0011347999679856002
2866	1e-23	0.0011675000423565507
2867	1e-23	0.0010341000161133707
2868	1e-23	0.0009731000172905624
2869	1e-23	0.001145099988207221
2870	1e-23	0.001114599988795817
2871	1e-23	0.0009954999550245702
2872	1e-23	0.0010367999784648418
2873	1e-23	0.0011162000009790063
2874	1e-23	0.0010550000006332994
2875	1e-23	0.001081799971871078
2876	1e-23	0.0011416000197641551
2877	1e-23	0.001166999980341643
2878	1e-23	0.00108299998100847
2879	1e-23	0.0011035999632440507
2880	1e-23	0.0012338999658823013
2881	1e-23	0.0010938000050373375
2882	1e-23	0.0010170000023208559
2883	1e-23	0.0010169000015594065
2884	1e-23	0.001167900045402348
2885	1e-23	0.0011036999640055
2886	1e-23	0.001059899979736656
2887	1e-23	0.0010068999836221337
2888	1e-23	0.0012046999763697386
2889	1e-23	0.0011654000263661146
2890	1e-23	0.001034500019159168
2891	1e-23	0.0010906000388786197
2892	1e-23	0.0011915999930351973
2893	1e-23	0.001109000004362315
2894	1e-23	0.0011202000314369798
2895	1e-23	0.001177300000563264
2896	1e-23	0.0010311999940313399
2897	1e-23	0.0010630000033415854
2898	1e-23	0.001047199999447912
2899	1e-23	0.0012021000147797167
2900	1e-23	0.0010646000155247748
2901	1e-23	0.0010668000322766602
2902	1e-23	0.0011060000397264957
2903	1e-23	0.001053999993018806
2904	1e-23	0.0010342999594286084
2905	1e-23	0.001048100006300956
2906	1e-23	0.001255099952686578
2907	1e-23	0.001139200001489371
2908	1e-23	0.001095400017220527
2909	1e-23	0.001014399982523173
2910	1e-23	0.001129099982790649
2911	1e-23	0.0010263000149279833
2912	1e-23	0.00101940002059564
2913	1e-23	0.0010532000451348722
2914	1e-23	0.0010517999762669206
2915	1e-23	0.0010501000215299428
2916	1e-23	0.0010650999611243606
2917	1e-23	0.0010210000327788293
2918	1e-23	0.0011789000127464533
2919	1e-23	0.0015354000497609377
2920	1e-23	0.0012239000061526895
2921	1e-23	0.0011576999677345157
2922	1e-23	0.0010700999991968274
2923	1e-23	0.0010211000335402787
2924	1e-23	0.0012308000004850328
2925	1e-23	0.0012354000355117023
2926	1e-23	0.0010627000010572374
2927	1e-23	0.0010446999804116786
2928	1e-23	0.0012662999797612429
2929	1e-23	0.0010463000508025289
2930	1e-23	0.0009960000170394778
2931	1e-23	0.0011273999698460102
2932	1e-23	0.0010919999913312495
2933	1e-23	0.0012227999977767467
2934	1e-23	0.001116700004786253
2935	1e-23	0.0011902999831363559
2936	1e-23	0.0010720000136643648
2937	1e-23	0.00099870003759861
2938	1e-23	0.000985699996817857
2939	1e-23	0.0011484999558888376
2940	1e-23	0.0010161999962292612
2941	1e-23	0.0010532000451348722
2942	1e-23	0.0011928000021725893
2943	1e-23	0.0012259999639354646
2944	1e-23	0.0011032000184059143
2945	1e-23	0.0010331999510526657
2946	1e-23	0.00121339998440817
2947	1e-23	0.001262499950826168
2948	1e-23	0.001109900011215359
2949	1e-23	0.001120000029914081
2950	1e-23	0.0011177999549545348
2951	1e-23	0.0010541999945417047
2952	1e-23	0.001029500039294362
2953	1e-23	0.0011539999977685511
2954	1e-23	0.0010627000010572374
2955	1e-23	0.0010871999547816813
2956	1e-23	0.0011025999556295574
2957	1e-23	0.0010766999912448227
2958	1e-23	0.0010148999863304198
2959	1e-23	0.0010684000444598496
2960	1e-23	0.001042500021867454
2961	1e-23	0.0013016000157222152
2962	1e-23	0.0010707000037655234
2963	1e-23	0.001127899973653257
2964	1e-23	0.0012792000197805464
2965	1e-23	0.0011558999540284276
2966	1e-23	0.0012402000138536096
2967	1e-23	0.0011432000319473445
2968	1e-23	0.0012552999542094767
2969	1e-23	0.0012749999877996743
2970	1e-23	0.0011721000191755593
2971	1e-23	0.001263400015886873
2972	1e-23	0.0015656999894417822
2973	1e-23	0.0012916999985463917
2974	1e-23	0.0016598000074736774
2975	1e-23	0.0012684000539593399
2976	1e-23	0.0013840000028721988
2977	1e-23	0.0011598000419326127
2978	1e-23	0.0011122999712824821
2979	1e-23	0.00108739995630458
2980	1e-23	0.0011255999561399221
2981	1e-23	0.0011749999830499291
2982	1e-23	0.001061099988874048
2983	1e-23	0.0010658999672159553
2984	1e-23	0.0011705999495461583
2985	1e-23	0.001172600022982806
2986	1e-23	0.0010747999767772853
2987	1e-23	0.0011887999717146158
2988	1e-23	0.0010878000175580382
2989	1e-23	0.0011366000398993492
2990	1e-23	0.0011362999794073403
2991	1e-23	0.0012879999703727663
2992	1e-23	0.001129699987359345
2993	1e-23	0.0010808000224642456
2994	1e-23	0.0011823999811895192
2995	1e-23	0.001088600023649633
2996	1e-23	0.0010467999964021146
2997	1e-23	0.0011452999897301197
2998	1e-23	0.001257500029169023
2999	1e-23	0.0010896000312641263
3000	1e-23	0.0010600999812595546
