boundary_micro	boundary_traction	epoch	initial_u	initial_v	interface_residual	interface_state	pde_kinematic	pde_momentum	seconds	total
0.0003776793574632237	0.01169111242819019	1	0.17120695919449008	0.21961285764759952	0.20726856760859264	0.3348331525681213	0.05324015544743223	0.028136235484728267	0.7389154999982566	1.1198119024544315
0.0003601399145026469	0.011390919050127811	2	0.16832305662475094	0.18141450761197564	0.16330762180773672	0.3071855447083993	0.04110090586827582	0.01930832565640805	0.3977240999811329	0.9645513117314912
0.00034747094980620976	0.008237757207108497	3	0.16125032661715583	0.1643669484551766	0.15271592866648623	0.2700108234950751	0.04688035322408854	0.024139701848363282	0.40708719997201115	0.9075545936926268
0.0003202107633925606	0.010306183566422341	4	0.1543297033150455	0.1665722637316721	0.10623269633038762	0.2385682012960838	0.04574940720561587	0.016164771809064084	0.3978383999783546	0.8107840113621787
0.00030669533973706796	0.010913917672093133	5	0.1473852140059409	0.13214068762420053	0.11393472086366255	0.19996599426251818	0.04761798889593273	0.023124195483728405	0.39717760001076385	0.7573522115393048
0.0002939944331813094	0.008631477386913356	6	0.14232490249569818	0.15393188887519943	0.08051851393885096	0.1751801285523324	0.03034402026987302	0.02283621781798889	0.39783780003199354	0.6761668536779941
0.0002862592229863354	0.008609540339579797	7	0.1357481521078435	0.1265438103066424	0.06582772185078398	0.14176785971991973	0.03954314484779849	0.02281802142363197	0.4013091999804601	0.6124014756531828
0.0002699717730880997	0.007165709144599807	8	0.1293877539153218	0.1327308642664339	0.05498635590204462	0.12680444032037905	0.023411753214300623	0.018687529059872747	0.39733819995308295	0.542979340787902
0.000233800247964088	0.006187073520759938	9	0.12444466651434177	0.1236808078220556	0.03879834487109784	0.10309783415343865	0.02225597638845142	0.02367566905586522	0.39440600003581494	0.49472669178701517
0.00024221390710656946	0.010626009570694057	10	0.11719406619734235	0.12868827205760008	0.034572748002545436	0.08267014886064653	0.03779784056449689	0.020773426450051445	0.3985796999768354	0.5020042161028323
0.0002185087868882266	0.008828025495152885	11	0.1071397361466582	0.09569836106627323	0.023049619746481204	0.08406715003116388	0.024028203820770873	0.01843108657692555	0.4039886000100523	0.41296651635005155
0.00020512834045939858	0.009865790400892803	12	0.10582471480713411	0.10830840684772473	0.018390421776425917	0.06671179828670788	0.02626757530996622	0.013682599656555949	0.3935345999780111	0.39927752913374137
0.0001882168396385224	0.00727718530477717	13	0.10156919944418961	0.10247868371508492	0.01602709178616099	0.0560887663705025	0.03537823721494914	0.022876825048490507	0.398631599964574	0.4076046701316487
0.0001988838293644818	0.005429383719744598	14	0.09229665670235687	0.08952708560016166	0.012427627361276295	0.04407388342359343	0.023810301449817245	0.02098541265480093	0.39855609997175634	0.33917321639484277
0.00018519739216288952	0.006028523422304328	15	0.08385502532358592	0.07135188817568698	0.011477331269853012	0.033999711446684115	0.02090913527328211	0.014142204507237594	0.4019412000197917	0.28321407740578386
0.00014581310932028281	0.008704594233182638	16	0.08047295080748987	0.07524507761290723	0.010833451858059596	0.029212214780729658	0.023749496304032097	0.015174581649477284	0.4011981000076048	0.29131266565121094
0.00014064401117155106	0.007632309237564715	17	0.07413657104978623	0.06547153221713242	0.009541896670951703	0.02373950668771603	0.027431252656331218	0.014348761286944517	0.4099517000140622	0.2719954410096104
0.0001359201273051345	0.008187977351233434	18	0.06496451887484342	0.04657311701803063	0.010288815842560639	0.02686773423204021	0.024293154869107894	0.01274795988237068	0.40057950001209974	0.23942421042750917
0.000151334954647629	0.0055738625432646665	19	0.06596995556925989	0.06216394339905308	0.009562807557905343	0.020093116109855265	0.027418429866526442	0.016851854334915047	0.3994809999712743	0.2577807860347811
0.00013158059552687658	0.005988136723546122	20	0.06003552819621378	0.05548948640592734	0.007669998952875691	0.012285992275607234	0.023847192166808383	0.014567962230300848	0.4053975000279024	0.2245507492629885
0.00010982480954219353	0.005947717249989291	21	0.05612437146880818	0.05305938124540323	0.009627923299681259	0.015139871825700655	0.022338294887394243	0.011984561498598566	0.3978634999948554	0.2147123447306419
0.00012471014855714683	0.005869165044971694	22	0.047195347126668875	0.037553449102570864	0.007628139291694614	0.009740457367461562	0.0159042334371507	0.013317936943602313	0.39800109999487177	0.17254948403695963
0.00011481886238336718	0.005729144079341091	23	0.0444584045639757	0.04017118675600878	0.006762010696709806	0.007031526353332979	0.016701652353959005	0.009212961978913123	0.39817760000005364	0.1619402829192204
9.848638912416025e-05	0.006697679330403	24	0.038800945756976374	0.03158145194799866	0.005073212005569278	0.004600920490513435	0.01446055768608798	0.009607442530028616	0.4021610000054352	0.14178486207234525
7.658204076986485e-05	0.006218341525087433	25	0.03791105758335087	0.033866015109921904	0.005100892669514322	0.004372466582055731	0.015324697122504075	0.009544955712737065	0.39986960001988336	0.1435795847470397
7.785855715029119e-05	0.0064498701423941025	26	0.034907445173370646	0.0322091695786554	0.005125251089330807	0.0040999705526188895	0.0183590855209903	0.0070867521283793445	0.39902889996301383	0.1402889690918038
7.079446545238365e-05	0.005847245066756632	27	0.030383990666668803	0.027683861459265095	0.00394330192607287	0.003785496729427717	0.014327732201270382	0.008039178948882078	0.4009329999680631	0.12236655214615745
5.721902735753423e-05	0.0068956888322168385	28	0.027889506374737298	0.025460737781873136	0.0036387424016361613	0.003238682851651527	0.009745720172052573	0.006190076830788309	0.3989556999877095	0.10600507913472863
6.488043783207401e-05	0.0049174936391229215	29	0.026984707985333818	0.02597590401118765	0.002766399316966657	0.0033137866136652904	0.009277067531703233	0.0075967384925572715	0.39765820000320673	0.10275315812958441
5.149891158707667e-05	0.0057034832827128415	30	0.024737940108949277	0.023786942666871022	0.0021135129422289152	0.0037199274841259724	0.009197395840287888	0.00765407552178232	0.40043350000632927	0.09957123031491544
5.889030288806145e-05	0.0043383357261726286	31	0.022329069441343826	0.021518520075449955	0.001817893251077963	0.0040819760026552625	0.00977317060554521	0.0046313472471347815	0.3992640000069514	0.08735094653400838
5.2090817712396646e-05	0.005845635636114098	32	0.01976544882661014	0.01898490526764913	0.0013621223086772737	0.004482628054927061	0.009989668475055275	0.004471030119636052	0.4086672999546863	0.08531195455489925
4.779636301654188e-05	0.005405207581175443	33	0.01869934773260546	0.01788996663348521	0.0011264712357934774	0.00481448068782207	0.0078048637779119115	0.004550804158295615	0.41946800000732765	0.07814761005050523
3.507121268064889e-05	0.005660011137850918	34	0.017481890847369994	0.01661396168996918	0.000970077315087337	0.005380830910018072	0.009129934403628127	0.003238966173984236	0.40780200000153854	0.07657472661873244
4.0739833070525064e-05	0.004964474768339645	35	0.016172264771680277	0.015058669429231675	0.0008654050041703489	0.00561295791905094	0.005240356045704197	0.0030166058397952207	0.406359100015834	0.06423365009795243
4.702533262809188e-05	0.003220285956002297	36	0.012193586868772878	0.011645267568513817	0.0009247451215851581	0.005865026903940686	0.00857101897083371	0.003020310011859744	0.4142232000012882	0.06034590700546022
3.283999523254397e-05	0.006265997780087642	37	0.012029875440519961	0.011075558028773635	0.0009508032263576239	0.006362148860202856	0.0073134605051035605	0.0027347873745770662	0.4107949999743141	0.0631125568658557
3.1032926473186706e-05	0.005281316349941325	38	0.01168701044053026	0.010197790084509035	0.0008141230971495492	0.006206112613379363	0.006039706875661974	0.0020858639746362665	0.4068169000092894	0.055780876488993714
2.380699704560902e-05	0.0040966741446077475	39	0.009130217124526907	0.00815333910831171	0.0008433362727450074	0.006064846782520513	0.005934225666661967	0.0018744785826064307	0.39721750002354383	0.048050110069947645
3.6398174982895645e-05	0.0045323879528285545	40	0.009221795263813181	0.007534330591832203	0.0009075663273170567	0.005812240152443176	0.0053467374199245065	0.0027919966299678046	0.4118639000225812	0.04889097269081314
2.9461054315939954e-05	0.0032050423839931723	41	0.006603528837926843	0.005659288702153349	0.0008306222934717005	0.0054368195345712075	0.005519242560729864	0.0016062669682783916	0.41105310001876205	0.039250285302757836
2.960924972839222e-05	0.0034659365201742632	42	0.008846434034800855	0.005896739497933803	0.0010618076512167957	0.0050749464460376845	0.005731359464177379	0.001261912991495493	0.39723160001449287	0.04185756408114019
2.3389324784196888e-05	0.002839925690263154	43	0.007399551238911008	0.004879434104967856	0.0009383967652129192	0.004425373530973134	0.004308526648676203	0.0015094694067744375	0.3966160000418313	0.0350053777810609
2.4356270927983832e-05	0.003208817652999514	44	0.007573108562630107	0.004203387115663048	0.0009813881965692547	0.004115471689927874	0.004780777640438317	0.0011171651107664423	0.4047732999897562	0.0351355889150548
2.7286179699536314e-05	0.003556475738125134	45	0.007219147574962898	0.003499029289231238	0.0008769208214798938	0.00328502266068163	0.003209924508442873	0.0014224417915863184	0.3983952999697067	0.03131237678206338
1.4964996863250424e-05	0.004736590720575111	46	0.006200832728683428	0.002742621788475464	0.001087762488314318	0.0028812551243833744	0.0033603188154793656	0.0011705517741378568	0.39817160001257434	0.03147732474396775
1.7521930462381077e-05	0.004288787497403034	47	0.006835060346431131	0.002368547971156294	0.0010500743832433596	0.002160381092736266	0.002987089817152998	0.0012453682540160573	0.38879900000756606	0.029491598791635994
1.9542461758865086e-05	0.004406521178721078	48	0.004997995110076276	0.0016841861898459977	0.0009092717602323968	0.0018235080437760632	0.0029928797725058635	0.0011703155471456867	0.39942420000443235	0.02659347902419372
1.7183727931802958e-05	0.004306095610731699	49	0.005371970952248685	0.00137188249285828	0.0008640606600877304	0.0011419320476904248	0.0023025438764154213	0.0009545042136772992	0.4004244999960065	0.023910501010397565
1.5078580335000858e-05	0.004153693063728708	50	0.005107657704408168	0.0010588634333498906	0.0009499666372562124	0.0011657553546202887	0.0025882066496231617	0.0012809522903852052	0.42156980000436306	0.024358104297778713
1.7381122508647495e-05	0.00310541241131856	51	0.00483280518834959	0.0008088698687134504	0.0010057082546278023	0.0008304240938778143	0.0023623265720552765	0.0008850783089880595	0.422519400017336	0.020218204235309747
1.6466157150467757e-05	0.0027992645942278346	52	0.004619377170915958	0.0006359175253438975	0.0010118226189152935	0.0006742698251494039	0.0022556494999019802	0.0007805734573843858	0.4006904999841936	0.01864529455765389
1.3599818873647394e-05	0.003716532798432189	53	0.004144794812391781	0.000412784095474184	0.001124700861376852	0.0005708018408026511	0.0020589766394439385	0.00100388937473329	0.39270330005092546	0.019839078873011597
1.4377726710447239e-05	0.003897797405616958	54	0.0033917057065834862	0.00026106179908211746	0.0015751410288756076	0.0008166937299741918	0.0017437586716889165	0.001149950366709983	0.41598550003254786	0.01965637060596801
1.26901264015006e-05	0.0037379417263599824	55	0.00346791170535762	0.0001975180526250706	0.0012288746230513221	0.00047538360319246214	0.0018978899493295827	0.0011422669036698504	0.4056517999852076	0.018951265395748308
1.4640804127976788e-05	0.004315632564520338	56	0.0032900810810295757	0.00013395121671686664	0.0011880272263629704	0.0003833824712977974	0.001567909207072636	0.001221064039556729	0.41794220003066584	0.019233935225962572
1.193058967660854e-05	0.002537266770057999	57	0.0027710114251519474	0.00010277422463878959	0.0010720066468722683	0.0003478640316333855	0.0013277130443470468	0.0010387903680307527	0.40169010002864525	0.014125057872521204
1.3711697633171302e-05	0.004769217625479782	58	0.0022169754030263145	5.9301964509030606e-05	0.001362952580056144	0.00038128655471090877	0.0012269122891627742	0.0009932421347384952	0.3983637999626808	0.018026683996330842
1.2663876688984074e-05	0.004494981759840454	59	0.002456024884437323	3.591000918589451e-05	0.0011456171147148347	0.000296042639799858	0.0016958672351646512	0.001026271994470733	0.4014180999947712	0.018393164380467553
1.2225302487075251e-05	0.003430299353465408	60	0.0022719757310052497	2.5775331596408348e-05	0.000992995996303235	0.0002084928338834819	0.0014994444243732255	0.0010679990448598637	0.4049245999776758	0.01551917614315952
1.3851184580896466e-05	0.003756166894324223	61	0.0017183428675034036	2.333813350121542e-05	0.0009814298427999956	0.00021689173919203655	0.0010000744724767826	0.0006711043773786388	0.40100800001528114	0.013822396440517734
1.1738172105744327e-05	0.004173799730283378	62	0.0016625229331638691	2.2836951610914596e-05	0.0010145891638550508	0.00022776840135744906	0.0010936663886921846	0.001060697673409048	0.39948100002948195	0.015607521378967993
1.1456271026289864e-05	0.0042314670306182085	63	0.001216408614714447	1.827922145641819e-05	0.0009441466673290207	0.00020296621856886915	0.001030216291638002	0.000840424082401207	0.4018668999779038	0.01460892807343617
1.4349015284704716e-05	0.0038497442863705657	64	0.0012821204675903483	1.75660432981152e-05	0.0011500291996810253	0.00024321829484183003	0.0012659334165567777	0.0010387249767066708	0.4353125999914482	0.015030437395248755
1.1974793742421878e-05	0.00414027784981999	65	0.001223696633553491	2.713256821702232e-05	0.0009971537597140833	0.00020442499954356286	0.0010929139505736533	0.0010987823836845186	0.4453541000257246	0.015140305916669327
1.2348132340564567e-05	0.003295281737041669	66	0.001007863090665242	2.3776089232185277e-05	0.0009191550813671793	0.0001809738912454074	0.0006777987974477241	0.0009541200267717874	0.4391509999986738	0.012010865539713506
1.3433574890049277e-05	0.003133670065163076	67	0.000915725704194414	2.8824305739684614e-05	0.0009282385356962547	0.00017850413179977502	0.001018564859996042	0.0010373084961332532	0.40813060000073165	0.012457246669794971
1.0909685154695322e-05	0.003481547121176231	68	0.0007426125557974193	4.94705391140961e-05	0.0010601164820112797	0.00020445663952144876	0.000802244734136601	0.0009069836052609684	0.4512919000117108	0.012460026507901236
1.5974765692446987e-05	0.0029879113666335514	69	0.0005981731986637396	3.650824100339586e-05	0.0009251133970263463	0.0001727711796977899	0.0007624978622068211	0.0007953449490922583	0.45977850002236664	0.010856023903641428
1.1322781973997346e-05	0.0033873258622734532	70	0.0005748717404520646	2.559398751341371e-05	0.001144560272865785	0.00020333988162881897	0.0008512560350788503	0.0010811813518257936	0.44803070003399625	0.01261053794476427
1.277807293487717e-05	0.003877167781096186	71	0.00045890958774272577	3.900293159837097e-05	0.0011462061545171136	0.00019349926145893949	0.0007425020164267625	0.001169560054712634	0.44003599998541176	0.013441633785658068
1.1717433044964301e-05	0.004188867665317447	72	0.0004171574518016661	4.700451641916995e-05	0.0009572840786772857	0.00016449572189786008	0.0007253455546478543	0.000922884052325318	0.4365704000229016	0.01328357117946715
1.2517830733275981e-05	0.003521477372924971	73	0.00026870459595080735	3.787511275691653e-05	0.0010496580960505295	0.00014824292735455237	0.0005997104486635322	0.0009694185813313656	0.4394706000457518	0.011710729199419094
1.3361335380274513e-05	0.0037922620787421302	74	0.00025459992281589916	4.296693981503163e-05	0.0009175362669409656	0.00012155430836192127	0.0007859074496797936	0.0011007649422181394	0.44457280001370236	0.012721249049974492
1.3468827595184254e-05	0.003390043791124245	75	0.00020447649556291664	4.0569798541782284e-05	0.0009952223063679267	0.00011905924475849215	0.0004984834462157576	0.000917994831491403	0.43489480001153424	0.010999309638084298
1.2487452624013554e-05	0.0030977158601536944	76	0.00019312572796963582	6.067102660346587e-05	0.0008302056204098817	9.610796454325151e-05	0.0004887234704530661	0.0009574567414231594	0.4401104999706149	0.010292877388834103
1.2651359880892554e-05	0.004800642380921686	77	0.00017148591515520786	6.059287428300786e-05	0.0010593104839137322	0.0001080846652401861	0.0005247381582132234	0.0008605804450787847	0.45751139998901635	0.013796698626781309
1.4600161303130648e-05	0.0030775385872131985	78	0.00014577412940933074	5.320972321472963e-05	0.0008733955013904516	9.488072654402895e-05	0.0004558743782598466	0.0009365460896109942	0.4505988000310026	0.01013637851333288
1.551970338759273e-05	0.003601047218590979	79	0.0001236968287942893	5.2221165775601756e-05	0.000952136853677073	8.367373046704107e-05	0.0004582752486152295	0.0009077020674567926	0.447372600028757	0.011176817054815193
1.1220375804252063e-05	0.002485319891700203	80	0.0001286506660319501	5.936010725875844e-05	0.0008618006237556426	8.661221557020745e-05	0.0004241347359984311	0.0008301197337569882	0.4463977999985218	0.008638013087136307
1.470521217608233e-05	0.003206835506655718	81	0.00010960673719205639	5.503820518113743e-05	0.0009356400046289699	7.490632922195224e-05	0.00038804734978499343	0.000824934280165203	0.44219929998507723	0.010044235973788111
1.3005417033372226e-05	0.00459837453543965	82	0.00011938464623493395	6.348296169535817e-05	0.0009860494318841993	0.00010102837626618398	0.00031794351509149035	0.0006839581390218697	0.42858770000748336	0.01249650862925344
1.5741381135362376e-05	0.0034378520034500527	83	0.0001032646281553197	5.509732537322763e-05	0.0009395241295265203	8.48783516824958e-05	0.0003559693901139377	0.0008074579382498276	0.4443868999951519	0.010416805860635923
1.2781143481588032e-05	0.004518070428318704	84	0.00010189766034757453	5.804829897213009e-05	0.0009189257382945686	7.706806911635188e-05	0.00042540362541336994	0.0009004382151759381	0.43917580001289025	0.012869326591509828
1.3063594926119758e-05	0.0032126671017423903	85	0.00011199312037286758	5.8084083884998985e-05	0.0008568708060994932	7.067206903714748e-05	0.00030364145635483977	0.000752274482369612	0.410707300005015	0.00966091335018043
1.2236850532471848e-05	0.0036556674189925004	86	0.00013938517375585474	7.010111063861501e-05	0.000958669298671003	7.521990040716056e-05	0.0003043520519474726	0.00086806788101159	0.4489781999727711	0.010924023888440703
1.1936117708263528e-05	0.004316510003289248	87	0.0001049672747311072	5.2054246091133325e-05	0.0009051139934123978	0.00011053748967558612	0.00030536837920554775	0.0009359234034528219	0.4408257000031881	0.012312148811221987
1.3741499302254547e-05	0.0035783915430560825	88	0.0001894021177455734	8.951514361207201e-05	0.0008700878846026634	8.210857294357532e-05	0.0002459300112066334	0.0007480340935020388	0.44882950000464916	0.010403308013037902
1.1990551425277756e-05	0.004347378207666015	89	0.00017189680301818997	7.884020802955368e-05	0.0008162894959564619	0.00010202589100032056	0.0002125779299327834	0.0007962745447623052	0.46652320004068315	0.01190549486557729
1.2386402675426226e-05	0.0030882822723778736	90	0.0001435123581599101	6.247933904533598e-05	0.0008545148500411551	7.142402200397395e-05	0.0002830828293949103	0.0009055552565788469	0.45491949998540804	0.00971054409130449
1.3685737090151581e-05	0.0041644168582576965	91	0.0001681530919458048	7.076152995772183e-05	0.0008641154845992118	9.085946178411593e-05	0.0002136107574765588	0.0006483149060806343	0.4302934999577701	0.011273946086096937
1.2486291697518623e-05	0.0034830324067290494	92	0.00020340330834853836	8.278783609267397e-05	0.0008952547023457611	8.959079192250361e-05	0.00020570587104253412	0.0008276286832744176	0.4476839000126347	0.010328743144196517
1.258866934044932e-05	0.0031146818890177277	93	0.0001877712087318432	7.361162627009908e-05	0.0008642407224653579	9.102747168311521e-05	0.0001855485224547982	0.0006907927655874021	0.4448682999936864	0.00922387472195117
1.1367608929714318e-05	0.003239124248561901	94	0.00019791831355268295	7.809260300901562e-05	0.0008543029618086714	7.613644134194716e-05	0.00018863519132786678	0.0007927839663417441	0.45035190001362935	0.009670272350034769
1.4590581355950221e-05	0.0032367725061816476	95	0.00017150736092576887	6.284499640926667e-05	0.0007760066831944331	8.146368065365956e-05	0.00020185255124802211	0.0007844339423180291	0.4468207000172697	0.009567121883390426
1.0917095278042899e-05	0.0041346792631570435	96	0.00018596159040380343	6.585945502169935e-05	0.0007553043095089462	7.600004879180213e-05	0.0001836154345491667	0.0006894302320452437	0.4420276000164449	0.011120409453785245
1.4032057564295467e-05	0.002927167885877619	97	0.00022088741951349037	7.92879211302951e-05	0.0007766321446539797	7.414401647085437e-05	0.00014482766725540348	0.0007874150101332954	0.443098200019449	0.008897836743429845
1.4116274676080809e-05	0.003840530143049707	98	0.000343402845475016	0.00013081696926917042	0.0008076244858731473	9.750303845678023e-05	0.00017545887934898395	0.0006609155465620374	0.4507298999815248	0.010761389026347731
1.343904761401207e-05	0.0038858442838304186	99	0.00022894476910448135	8.08196786100494e-05	0.0007171163396756991	0.00010176630872906628	0.0001508740410142668	0.0008597130428019902	0.4439863000297919	0.01094838792664067
1.40503630677176e-05	0.0036244009310036213	100	0.0001897013956280565	6.403207848530181e-05	0.0006908430294057097	6.408320368467353e-05	0.0001216860487379805	0.0007310126597572619	0.4475244000204839	0.009990959712336905
1.2350151683282442e-05	0.0026145462755272774	101	0.00012393193138780066	3.8600211135135135e-05	0.0008268532524952054	7.722639405770476e-05	9.120039995320888e-05	0.0006338551780126968	0.4368831000174396	0.007770515799428777
1.1542823905630123e-05	0.0036474839078361617	102	0.00021082586499940857	7.349892574288218e-05	0.0007732588615341535	9.180421891638712e-05	0.00011642567822367755	0.0007098463141492961	0.4166675999877043	0.010119985319422363
1.324999004571343e-05	0.0036225083167426273	103	0.00013976340254859412	4.334551603448218e-05	0.0007709888236116079	8.851692941039736e-05	9.416469765222699e-05	0.0006447328726725578	0.4346332999994047	0.009791926425831331
1.529321404091952e-05	0.003330108602730803	104	0.00019437469518461715	7.208993185397244e-05	0.0007847687566610458	0.00010868884603322078	7.973152021988538e-05	0.0006575842957451505	0.4408046000171453	0.009325357495206372
1.2066584380033409e-05	0.003449661195093725	105	0.00016331091944427845	5.63214056897868e-05	0.0006490012646036596	6.646066844474045e-05	7.00430664815352e-05	0.000651548620294296	0.43929700000444427	0.009301733190681645
1.1365419314522217e-05	0.003481942421737027	106	0.00016013277796910044	5.5302836234694575e-05	0.000663987840731681	7.124704094613188e-05	6.761359976934333e-05	0.0006607756042478733	0.4445200999616645	0.00939406458601914
1.1980526784570362e-05	0.004391952686975368	107	0.00016438287722341958	5.8048156822813894e-05	0.0007503216427981873	9.040810212534666e-05	8.275067094240323e-05	0.0006321482151972	0.44670400000177324	0.011300824978768852
1.35147057843112e-05	0.003238582759740856	108	0.00010222039707963695	3.168236474508051e-05	0.0007472844848656284	8.174413659998354e-05	8.136247235842128e-05	0.0007166516982728354	0.43899510003393516	0.009063154655603178
1.1999332279472513e-05	0.003928566983510014	109	0.00017411990915584051	6.1155028225132e-05	0.0007884366986396684	9.466857817288497e-05	8.007709939954572e-05	0.0006284016844062254	0.43916989996796474	0.010416470413384041
1.2149157113658636e-05	0.0036857009241386953	110	0.0001086950282660184	3.794005478090458e-05	0.0007790531919415582	8.48215490297275e-05	8.104057331996138e-05	0.0006739387485076243	0.4478786999825388	0.009916168630178086
1.3910839807622328e-05	0.0035361187912141432	111	0.00014489214502173977	5.132884732036667e-05	0.0007808088550892702	9.447773961345022e-05	5.410244730933556e-05	0.0004274984220039612	0.4301335999625735	0.009134768587714953
1.2349894532011381e-05	0.0037800217511954727	112	0.0001920123539751433	7.322898368731124e-05	0.0007106944340030986	5.9392374870597444e-05	4.5506506419266515e-05	0.0006139926387297937	0.43705469998531044	0.009939069728289241
1.3387338454534958e-05	0.0023897562336611397	113	0.00014542987177214252	5.163986403066278e-05	0.000605916737283501	5.924374400843227e-05	5.996362698905162e-05	0.0006766370608750117	0.4436406000168063	0.0071417187370542146
1.3238906349631066e-05	0.0033135012321536977	114	0.00012700752880605	4.4523311913489165e-05	0.0006542400732761472	6.607451616562842e-05	5.288577504203761e-05	0.0007240085963387286	0.43609279999509454	0.009099114449929505
1.2568996882058424e-05	0.00357030074294887	115	0.00017888143761904293	6.710890816902384e-05	0.000786824609700329	8.166410538338139e-05	5.052481660420641e-05	0.0007407491029063212	0.4411104999599047	0.00986276637955469
1.2793233461319042e-05	0.0038231751362450724	116	0.00016043756518899699	5.6495939290065405e-05	0.0007008269163381352	6.885223251150221e-05	5.035114977019659e-05	0.0007078337717420783	0.44088460004422814	0.010174919235766033
1.040468253677795e-05	0.0037309098179363616	117	0.00015673225146239442	5.7761973692113806e-05	0.0006722698564673424	7.161354624065459e-05	4.323407110126158e-05	0.0006020736493524554	0.4446454999851994	0.009731622069716218
1.220546643083744e-05	0.003044646618437381	118	0.00013910215008682467	5.098706124797188e-05	0.0006354086210744657	6.612662297873163e-05	4.558875414097159e-05	0.0004964634800213564	0.44553090003319085	0.008089433093449085
1.1538535718104487e-05	0.0032786432707597826	119	0.00012900858055632508	4.606206381718855e-05	0.0007423245367257363	7.021489130247733e-05	4.262370016905294e-05	0.0006182467661700532	0.4500307999551296	0.008889714618035713
9.780480933718663e-06	0.0035875151984538396	120	0.00013464689120875332	4.87373757486827e-05	0.0007498396467824451	9.061315266561314e-05	6.085116020134793e-05	0.000655642757378709	0.4085691999644041	0.009651416260340724
1.1426336017008379e-05	0.002903317385569611	121	0.00011655398399924911	4.185281604562476e-05	0.0007252233484303903	6.495651603550165e-05	3.7016919595817544e-05	0.0005713456307871701	0.4155744999879971	0.00799479920844998
1.547755163708018e-05	0.0027933572131618543	122	0.0001709120714244384	6.569607825355608e-05	0.0006160791380785714	7.525194701325886e-05	4.035568691613101e-05	0.0005338418487025835	0.4384447999764234	0.007694003835605122
1.2438488268713566e-05	0.003663616753499624	123	0.0001191352831303321	4.251125579215222e-05	0.0006698359710240569	7.498399528769629e-05	3.123570020222499e-05	0.0005773933066958211	0.43067239999072626	0.009475835002567004
1.2634749519090235e-05	0.003535271571828707	124	0.00012138322486757901	4.597143114659328e-05	0.0006243741116618599	6.761237071472408e-05	3.0462510342205826e-05	0.0006398477888538768	0.4636901999474503	0.009295774379478516
1.1810049197659683e-05	0.003516525535301236	125	0.00013327082383389813	4.470200501152903e-05	0.0006989285083559771	7.28268354910046e-05	4.269591519563469e-05	0.0005880375739803988	0.4437276999815367	0.009267866320042267
1.2838388902258997e-05	0.003469977135572057	126	0.00012296129426234153	4.378947688393407e-05	0.0005877585524090404	6.238281618756292e-05	2.5670690652968128e-05	0.0006138097084892548	0.4254158000112511	0.009061483986975956
1.170773166252683e-05	0.003154625376341421	127	0.00012149006912638602	4.156658013491925e-05	0.000661171200244852	5.621366360820396e-05	3.690337223454769e-05	0.0006296118356041822	0.45779489999404177	0.008546138144799717
9.793554620040594e-06	0.0039502471657754295	128	0.0001206563479863945	4.235006430498021e-05	0.0007188302882188657	6.872394019658798e-05	2.591102922721968e-05	0.0005744384880895443	0.4470083000487648	0.010071341116131298
1.241170659361551e-05	0.002840579987903908	129	0.0001353715820950813	4.662437298124366e-05	0.0006124993870165235	5.4063894972070954e-05	2.3829652388686847e-05	0.0006009854908909137	0.4195777999702841	0.007804172912619168
1.0504471302338071e-05	0.0036644191379885506	130	0.00010173872309735235	3.4536353505587104e-05	0.0006028537703766877	6.389572467232583e-05	2.6892515455056648e-05	0.0006338799123612172	0.4648319000261836	0.009474416645866278
1.2936933564661387e-05	0.00414533966363595	131	0.00013114080924464262	4.600279499259653e-05	0.00060527186402799	5.692990546559967e-05	2.8023883491406518e-05	0.0005720510023840357	0.4363502999767661	0.010356048339882937
1.1679602225818467e-05	0.003419178644303367	132	0.0001046096369412652	3.362151779490874e-05	0.00064718705939661	6.342644535836542e-05	3.329247296619639e-05	0.0005176336673756643	0.42695009999442846	0.008812413433233243
1.4535520162690783e-05	0.0036027864023256057	133	7.61707271498109e-05	2.5222945862518887e-05	0.0006373582650491267	5.795928421811868e-05	1.825242592617491e-05	0.0005749777038888016	0.4351641000248492	0.009217815326886121
1.361071500332048e-05	0.003914729939734642	134	7.438651580713733e-05	2.2733049686650445e-05	0.0006625216427299965	4.5825846456905696e-05	2.6059228971118835e-05	0.0007909505964462536	0.4145330999745056	0.01029616801499136
1.1355552902684691e-05	0.00384909782554326	135	6.9674817268325e-05	1.7311160960195795e-05	0.0006383687175581358	5.608169900899376e-05	2.0605505709480887e-05	0.0005815689287133046	0.41194149997318164	0.009706692020533111
1.453963228165479e-05	0.0027276427888802144	136	0.00010667403923728069	3.516140261356674e-05	0.0006587566161578421	6.477514327071082e-05	2.355292564065488e-05	0.0006349878367279684	0.3992585999658331	0.007666813568340385
1.2890131155938337e-05	0.0027196535378425472	137	0.0001188317420138109	4.171120701158929e-05	0.0006673786618716343	6.237225887167284e-05	2.6948160264839333e-05	0.0005481217838925726	0.41101540002273396	0.007505521096080502
1.3050715085224982e-05	0.003598335503277494	138	0.0001223127453655494	4.5832815238323135e-05	0.0006137145728501884	5.2037723880790715e-05	2.8020850769528658e-05	0.0005280017991784094	0.40013869997346774	0.009168715593956165
1.1721070903630811e-05	0.0038553290840179573	139	7.948259193420874e-05	2.8086865084356673e-05	0.0005704230378974226	5.687169910589007e-05	2.420729412720773e-05	0.0005458814976815845	0.40077030000975356	0.009609142087482639
1.2931764187959937e-05	0.0038442928322868276	140	8.580070565186054e-05	2.7657509865584726e-05	0.000639777032966241	4.337865255845789e-05	2.5815965168020046e-05	0.0005370789161761654	0.4007088000071235	0.009636852856680091
1.231441215640511e-05	0.003623045444875961	141	9.620656049923223e-05	3.280127717773764e-05	0.0006635625334221387	7.54392909611997e-05	2.6545533087479247e-05	0.0006514855792756785	0.3979739000205882	0.009494791600851355
1.2414263925408133e-05	0.0031420695106363014	142	8.844491649928716e-05	2.9428811018475698e-05	0.000575093841551456	4.906294190144455e-05	1.8944732059505334e-05	0.0006655321828297824	0.4048387000220828	0.008419951889872657
1.3177422074666106e-05	0.003306250365139864	143	9.109514681881334e-05	3.4875617281128746e-05	0.0004964530822400119	4.4591423434941414e-05	2.246565932719047e-05	0.0005585777159244818	0.43784149998100474	0.008467957594707299
1.3091142262968472e-05	0.0024366879868816574	144	9.777083274330184e-05	3.577350081049963e-05	0.0005348352868755117	7.035270927733202e-05	2.8061048097935422e-05	0.00047079107316016746	0.45110369997564703	0.006635994830512103
1.2554352890925698e-05	0.0029328595171285677	145	8.9396148293985e-05	2.9163863903121415e-05	0.0004555254651413058	5.6960318964007106e-05	2.2312516529649672e-05	0.000771893559313974	0.4323827000334859	0.008110285688028653
1.2222029289870003e-05	0.004172496977425694	146	9.694501680288602e-05	3.0100363517988345e-05	0.0006531559282185882	6.356259926821266e-05	2.7061742226935726e-05	0.0007561837372708824	0.4331619000295177	0.01077969288023444
1.0728332095928952e-05	0.0032809747016541665	147	6.150793993700105e-05	1.875910594453161e-05	0.0005915999245019743	4.796582818896945e-05	2.1824346112290005e-05	0.0006745538689562326	0.40181230002781376	0.008695995296209713
1.1828737857528199e-05	0.002933922775022616	148	6.96037538159799e-05	2.1654193167627144e-05	0.0004989294462411004	4.544664202665497e-05	2.491662846063308e-05	0.0006473338697280929	0.3985596999991685	0.007871638057389102
1.0353220210581968e-05	0.0034487241419924883	149	8.550017995003108e-05	2.741102591215555e-05	0.0005554216160273767	5.315406463016608e-05	2.0240376550595283e-05	0.0008184037852391016	0.43888390000211075	0.009316929934505263
1.2100562419114948e-05	0.0036071406636068648	150	9.514770100277181e-05	3.7640972764760824e-05	0.0005229137858120718	7.014796566540569e-05	1.5596234336469335e-05	0.0006010522310449695	0.4445795000065118	0.009197629808059849
1.3192488529093835e-05	0.0032805644865548907	151	6.834232886141368e-05	1.9078289470555682e-05	0.0005294604432153266	5.9029764266559497e-05	2.405877444281693e-05	0.0007140730380831015	0.4423125999746844	0.008739688401033662
1.05956881790316e-05	0.00279136830997672	152	0.00011410392952732504	4.370858484884378e-05	0.0005780051720287973	4.38011233229529e-05	2.5960641759294224e-05	0.0006165560929148948	0.42639739997684956	0.0076685802753878
1.1856203746960143e-05	0.0024979754983770726	153	8.400717650174989e-05	2.6553844304186662e-05	0.0005064637956211271	5.3117352414844824e-05	2.652391574204253e-05	0.0006595764583869036	0.4202186999609694	0.007062006321347866
1.1310151103512666e-05	0.0040998562735892145	154	0.00011338109623736524	4.119969044036617e-05	0.0004552361990289034	5.1702827354390416e-05	2.0384978385044927e-05	0.00047583036242313263	0.43122450000373647	0.009876283344062835
1.2454823192599396e-05	0.003933991869285527	155	9.802718927738144e-05	3.02468171199378e-05	0.0006181970340526926	6.98063621498515e-05	2.965742021309309e-05	0.0007176322848553354	0.40964319999329746	0.010203750197692972
1.1848187605802869e-05	0.0030513287808065026	156	0.00011024030521539923	3.827036784194384e-05	0.0005365651097999286	5.924577763918153e-05	2.0181255017979866e-05	0.00052135506031173	0.40846000000601634	0.007953748127980486
9.714926453301684e-06	0.002846787930084754	157	7.993026015112065e-05	2.4682226138986272e-05	0.0005179214836192569	6.655146850110532e-05	1.8840118727996624e-05	0.0006389067245359426	0.40285519999451935	0.007717584838014459
1.3984180379812509e-05	0.0030704770339132774	158	8.81486704544222e-05	2.9573412234460173e-05	0.0005428485340492098	6.497853575708216e-05	1.9838044107340815e-05	0.0005615381100430019	0.3986321999691427	0.00805722388938204
9.753278648800983e-06	0.0024279457593750415	159	0.00015496215070683492	6.080451147601164e-05	0.0005006184056832329	6.46364272700392e-05	2.4332441965096218e-05	0.0005225805507471613	0.4059648999827914	0.0067502455566083195
9.880690354461499e-06	0.002386112519206631	160	8.29768081566408e-05	2.6727985341797138e-05	0.0005045219880246012	4.1863061312109045e-05	2.335426849736284e-05	0.0005783140179773999	0.40765860001556575	0.006651412834906858
1.2082325825469041e-05	0.004579400699835189	161	7.80276806959108e-05	2.3742432427587367e-05	0.0005492822523182154	6.080251006472328e-05	2.8283316345775442e-05	0.0005839821762343976	0.4033095000195317	0.0111193519119881
1.1136522572002187e-05	0.0032189286643391057	162	0.00011134375702942487	3.486309640809985e-05	0.0005790551914047628	6.904349707904426e-05	1.9697324185481138e-05	0.0004381927882687328	0.39980329998070374	0.008170216140651977
1.2213980739018481e-05	0.0023051382208805773	163	0.00012511070884883943	4.689801685469461e-05	0.0004997302910367472	7.505180350968817e-05	2.675335852770139e-05	0.0005886736697162267	0.4045312000089325	0.006612349279977017
1.176297361810261e-05	0.0031111613231104766	164	0.00014393394665913385	4.8662309841500495e-05	0.0004818116047822185	6.692834787734484e-05	3.1040434876212305e-05	0.0004800659764211322	0.39744400000199676	0.008009397625212045
1.0447466915232725e-05	0.003200477434477389	165	9.486454953328447e-05	3.499098544529909e-05	0.0004823881721665477	4.1633250907514254e-05	3.140438571787603e-05	0.0005607067254277105	0.3967564000049606	0.008259948983129062
9.808748156718837e-06	0.0030436295372298014	166	9.415362813102986e-05	2.662518249279276e-05	0.0004982816263935019	4.9362094949921385e-05	2.9670677269096286e-05	0.0006511527090317674	0.40014600002905354	0.008136945875342014
1.019893922874413e-05	0.0036632439288710283	167	0.00013418103687339408	4.3693150245270045e-05	0.0005567086808385533	7.475894576782364e-05	3.7021559105629893e-05	0.0005092397810929363	0.39724500000011176	0.009248750230321718
1.2517528522413837e-05	0.0032620859861956556	168	0.00012598726947844847	3.634116397521278e-05	0.00045443275253081994	4.892219904235609e-05	3.0098131598171043e-05	0.00048363768889788826	0.4253840000019409	0.008242362055455095
1.0728678892420128e-05	0.0031504255559945274	169	0.00012815880508055196	3.944921624544288e-05	0.0005036295073297428	8.273919945840126e-05	3.1463953345561504e-05	0.00043694348169905604	0.3984782000188716	0.008013100067977268
1.1544631009049411e-05	0.0037307396343523964	170	0.00012207831933176168	3.336045757747609e-05	0.00044407045698820083	5.006053765925614e-05	2.2553804778838072e-05	0.00039995193471693076	0.4092172000091523	0.008979149781271125
9.231159440006794e-06	0.004186578896139753	171	0.00011993549969782809	3.535123055430839e-05	0.0004943323743003871	5.6041383967313817e-05	3.299044251483811e-05	0.0005394460007832839	0.40783740003826097	0.0102421534862756
1.0053698406041013e-05	0.003389448338513745	172	0.00010617694690360978	3.103095813078073e-05	0.0004458698181795975	4.9231508834451655e-05	3.289768683909878e-05	0.0005276678920633621	0.4025109999929555	0.008552444463692932
1.0964267551498425e-05	0.003841544478974935	173	0.00013694527204334428	3.6125118526089595e-05	0.00041959508099043553	4.277472033971914e-05	3.7540107805050155e-05	0.0007287681294621237	0.39931399998022243	0.009873074159486801
9.732733070296566e-06	0.0023385307816276204	174	9.07751594087039e-05	2.7220482984684792e-05	0.00042281426188252585	5.090413700270587e-05	2.736776116089392e-05	0.0005701465677041004	0.40246160002425313	0.006483269728404443
1.0775390264125621e-05	0.003245654846600831	175	0.00013383728767517376	4.229731130118228e-05	0.0004550903343918904	4.832888484548135e-05	2.7597653483889014e-05	0.00042189493763056604	0.4010226000100374	0.008091399474172551
9.708917784084892e-06	0.0026862509562127694	176	0.00011233902468813945	3.400031335849056e-05	0.0004239674432154507	4.9214091359595765e-05	2.4937428660733627e-05	0.00040003887435101	0.4157800999819301	0.006861393226638873
9.631928566508061e-06	0.002935721907388355	177	7.719991777256543e-05	2.2165427728529643e-05	0.00042626072203496635	6.006462359774087e-05	3.1238185274542244e-05	0.0005588329656525799	0.42134830000577495	0.007656540664897774
1.0233046237638999e-05	0.003791133646825538	178	9.696222150471374e-05	2.7299606224661085e-05	0.00039834107953621293	4.20183854344893e-05	4.01117636156431e-05	0.0005519739705137777	0.4025277000037022	0.009351526147085272
1.0540531778796849e-05	0.003259474809925547	179	0.00011253400273675854	3.253666232229216e-05	0.00044177551133698517	4.842134602785745e-05	3.1144984153796853e-05	0.0005592023306044885	0.39950140001019463	0.008355992835349152
9.787067880294743e-06	0.003206867038512978	180	9.038483970387645e-05	2.2989715632584658e-05	0.0004370828951697235	4.414687835953624e-05	2.3344770834980317e-05	0.0005253136197504101	0.4016539999865927	0.008125229322823047
1.1110533097760482e-05	0.003952512031935347	181	9.291050955137248e-05	2.55938298253047e-05	0.00043155534209689055	4.142123659619906e-05	2.32580563521126e-05	0.0006064850042899583	0.4192007000092417	0.009778212169420125
1.0069841928479917e-05	0.002618489406993974	182	0.00010445441737632258	3.438758437464818e-05	0.0004296812000344085	4.7684489471342174e-05	3.740109116535089e-05	0.0005481137770855258	0.4002163000404835	0.007044355925603383
1.0977714591740783e-05	0.0032990913328192067	183	0.0001175395835656965	3.726712668235205e-05	0.00042593458642730065	3.431336058320181e-05	3.322555572481928e-05	0.00060674846512335	0.4026865999912843	0.008515140793776785
1.1674735055438997e-05	0.0030754413458248956	184	4.967145229144763e-05	1.3160316751912408e-05	0.0004595288138163195	4.662419479024403e-05	2.891358679822028e-05	0.0005615859193574067	0.4024236999684945	0.007924215951721847
1.1358588022264195e-05	0.0027938898642798134	185	0.00010562715864312874	3.624548841357689e-05	0.00045829770247743606	4.2465942755655966e-05	2.182803414425436e-05	0.000509261239621545	0.40970740001648664	0.007315311744425552
1.2533790240382414e-05	0.0035612189080642545	186	6.591338800040044e-05	2.078469796825498e-05	0.0004498221024417049	3.810165956988531e-05	3.62045217156854e-05	0.0004706748763819235	0.4030445000389591	0.008735886040784738
1.0510376143274183e-05	0.004172912611592798	187	7.153605218331828e-05	2.447841023189367e-05	0.000452038782199951	4.2537041186298095e-05	3.1016156042600895e-05	0.0005023193752609911	0.4235692999791354	0.010024107323880791
9.548998522766245e-06	0.003137131284305803	188	8.732924026435945e-05	2.8474029861500803e-05	0.00043258110380584117	4.086665606735166e-05	3.1124832714675773e-05	0.00039800165921770553	0.43474589998368174	0.007740864579520955
1.0632378026939874e-05	0.003066548631694343	189	8.651127671972173e-05	2.831505610898681e-05	0.00037782008882339597	3.199498205052912e-05	3.4198221590882105e-05	0.0005787078043233573	0.4147775999736041	0.00790481547497368
8.05078157291156e-06	0.0030511235722328143	190	7.174710149558078e-05	2.4844982401983776e-05	0.0003809986265735378	3.128151528926222e-05	1.9432108528002807e-05	0.0003623091444861875	0.4114846999873407	0.007390703439400198
1.0516279999372157e-05	0.002594700330656475	191	9.574441695372679e-05	3.4114160073034925e-05	0.00040509457989349666	3.419926737002867e-05	2.945587996426617e-05	0.0005848128733880289	0.43859739997424185	0.007008123152306572
1.0712577459543099e-05	0.004070344255475078	192	0.00011199598585413269	3.309943208858952e-05	0.00037312948921199056	4.2540854771080186e-05	2.8676728064567457e-05	0.00043260272952112485	0.4301488999626599	0.009645438342966418
9.969090790608808e-06	0.0038140154560025816	193	0.00011667219927020881	4.104802039989849e-05	0.00039045441740074823	4.38148079198021e-05	3.213771814766099e-05	0.00045747350691089533	0.42632939998293296	0.00921918098869415
9.521670466944814e-06	0.003384777827359734	194	7.699443354084164e-05	2.5434073106240612e-05	0.00044383197240752847	3.5271266111122485e-05	2.589181946751397e-05	0.0005028997060586506	0.41749279998475686	0.008427713791871419
9.748111320690354e-06	0.004130514761904093	195	7.716945364172407e-05	2.3065493815104683e-05	0.0003524657912872282	3.96834458566889e-05	2.665807095815125e-05	0.0005669457816637374	0.42706479999469593	0.00996011763629409
1.1174861065234866e-05	0.003614449301564476	196	9.471677243402364e-05	3.0422753010850998e-05	0.0003722465094090288	3.939317888492011e-05	2.570929268073229e-05	0.00045138666060642884	0.4143466000095941	0.00874221944557257
1.1161885067469198e-05	0.004202331961298173	197	9.336221421586075e-05	3.073783505588667e-05	0.00039699986703484495	5.45915378842429e-05	2.33589698515834e-05	0.00046827139329268437	0.4008682999992743	0.009985939873210656
9.819331984773238e-06	0.003507997969841636	198	0.00011001182500628901	3.194993821388729e-05	0.0004103382278580334	4.7848922301164023e-05	2.071514788884163e-05	0.0005289477196223416	0.41093349998118356	0.008735109252054559
1.0224425817909591e-05	0.002896913149666793	199	7.234028433307309e-05	2.3278788856636253e-05	0.0003852370231838833	4.025016362385801e-05	2.518773029673237e-05	0.0005885890308495481	0.40263369999593124	0.007562934933259417
9.132557206661872e-06	0.0038329875162214076	200	8.885559702261199e-05	2.8234419425862918e-05	0.00034703736929644853	4.0148518085371705e-05	2.4578663655453828e-05	0.0004961856306319344	0.4044899000436999	0.009230044639261211
8.799088363390493e-06	0.00323033041395576	201	9.051186846117231e-05	2.793630091358263e-05	0.0003550268810193506	4.598447192255462e-05	1.911011507186975e-05	0.00033217586312199535	0.40721230005146936	0.007700290483342691
1.0188856603907738e-05	0.002976638487604277	202	9.74182065696664e-05	3.089370012189406e-05	0.0004035865887229165	4.3540866581020274e-05	1.802695589463896e-05	0.0003804513210861104	0.4200645000091754	0.007346050604373365
1.1077817815441313e-05	0.003130950824368434	203	8.914725770205629e-05	2.5931853346665082e-05	0.0003844366925388881	4.2877241116840466e-05	2.5920624405111006e-05	0.00046631771299673305	0.4079020999488421	0.007810927003875889
9.998692982641126e-06	0.0031793533514650565	204	9.485123963134701e-05	2.8714659851288586e-05	0.00039105930503576295	4.562887231862898e-05	2.080697303528445e-05	0.0005460706963276677	0.4148381999693811	0.008072713504458328
1.061528142955267e-05	0.0035326176764327406	205	7.303046690164774e-05	1.967205895959436e-05	0.00033299711304795904	2.8881854672785324e-05	2.4077534679003285e-05	0.0004606609704976963	0.4100305000320077	0.008510524419659972
8.711439489459411e-06	0.002815093164614685	206	7.518325213716132e-05	2.066299103684948e-05	0.00037232695223097883	3.935940971288589e-05	1.8120205639815512e-05	0.00045518578472933174	0.41185490001225844	0.007101753794064459
9.379350096749277e-06	0.003351826484440514	207	0.00011028760160742185	3.11214076921675e-05	0.0003327421418615258	4.401297464265835e-05	2.5647532882770987e-05	0.00048043191732638333	0.4381476999842562	0.00825273469529661
1.068203896616128e-05	0.0028571181820668005	208	0.00012367577144248697	3.6775838433021835e-05	0.00037278109401740213	5.055320002409642e-05	2.779402030695264e-05	0.0005463683522002165	0.43214470002567396	0.007467711090997268
9.006870306553312e-06	0.0033198158052244217	209	0.00011278543770680709	3.341697562498492e-05	0.0003345858169919916	4.787361920419929e-05	2.5935996866171947e-05	0.0004937398615720841	0.4261883999570273	0.008225658917466443
8.648622156459576e-06	0.0034772916173742975	210	0.00011038742021473304	3.588123585076496e-05	0.0003309954368574975	4.4319103239151474e-05	2.5994121784588208e-05	0.00044944575198120704	0.40754490002291277	0.008444343422755253
7.465924529966192e-06	0.0031153447396970475	211	0.00010751980326618982	2.9151259618390296e-05	0.0003529803578170516	4.4863792848534574e-05	2.1920340861945366e-05	0.0003843091917764809	0.4012527000159025	0.007592595607281046
1.08309634889289e-05	0.0034288699686846466	212	0.0001400977613833591	4.686436829489857e-05	0.0003390895955590635	3.673600303922696e-05	2.431791114427295e-05	0.0004812406225752126	0.40214819996617734	0.00845330666006267
1.0208731089807597e-05	0.0026797747277744286	213	0.0001293874985350697	3.6372953356700425e-05	0.00035679277256107754	4.765921620915389e-05	2.4864817094457495e-05	0.000527633563382264	0.40273239999078214	0.007055176119343917
7.905873525028183e-06	0.0038303569037437153	214	0.00011854163516258861	3.71843511637319e-05	0.0002939959263704901	3.2521704920218364e-05	2.3817750014515025e-05	0.00040947286168080795	0.40950240002712235	0.009025350395545162
8.213107736053994e-06	0.002984770727763528	215	6.489570529745483e-05	1.5413443323273883e-05	0.0003415180193753469	4.6267424661117065e-05	2.6227647941326835e-05	0.00046736917724633125	0.4155250999610871	0.007441255914031672
8.802089335073903e-06	0.0038378035589355743	216	0.0001123941307132494	3.273572067401686e-05	0.0003319511850806948	3.636563536374086e-05	2.3523692744827907e-05	0.0004503781129179694	0.410720499989111	0.009154461579698594
1.0250309205973417e-05	0.003996353093124894	217	6.79610232673472e-05	1.937214718634258e-05	0.0003309360914289964	3.92221554038489e-05	2.0588618159727006e-05	0.00042826645416914485	0.4169287999975495	0.009368408366606013
1.0738828373435455e-05	0.004749710330419829	218	8.681370989388387e-05	2.4205193191854485e-05	0.00026999124231308336	3.911368921613923e-05	2.590616409152588e-05	0.0004216351629727638	0.4218471000203863	0.010836104806330071
1.0332622592552581e-05	0.0037426674629222655	219	8.027794816606293e-05	2.005177848351338e-05	0.00032996169307413674	4.281737417599622e-05	2.572881257304092e-05	0.00042733546947562037	0.41071979998378083	0.008885237529026669
8.877065018423977e-06	0.003548747272986279	220	0.00010450563016395035	2.7494366876216972e-05	0.0003117810054832031	4.045747815553658e-05	2.4919880792771268e-05	0.0004448698058564115	0.4101479999953881	0.00853906652998668
8.3419998756608e-06	0.002612245364231938	221	0.00011593476811824638	3.3275454261036504e-05	0.00031180805092595975	4.714145604147937e-05	1.95910843778279e-05	0.00033246265116959833	0.4094784000189975	0.006453441928656773
9.645219383122042e-06	0.0033878761100016343	222	8.932972406315596e-05	2.0612436945038452e-05	0.00027996608490802574	4.1316742189949915e-05	1.8213538721312694e-05	0.00026503841068118285	0.4051917999750003	0.007792771545680675
6.832121056369792e-06	0.003584043310724954	223	7.831842686485434e-05	2.3331659544157072e-05	0.000302706172815687	4.426105818529698e-05	2.5532213210592497e-05	0.00037289787452132414	0.40701540000736713	0.008427228356436478
8.29128237895439e-06	0.003433794892555809	224	8.523191765101939e-05	1.656696805611591e-05	0.000317304427544289	3.6357229754526796e-05	2.631380948779478e-05	0.000426614709894558	0.4131121999816969	0.008245489931640183
9.064363302173572e-06	0.0032300876798999146	225	8.972478019039734e-05	3.0470274744342716e-05	0.0003079862934717764	5.002899476408397e-05	1.9967927138154228e-05	0.00044282911320203314	0.4165208999766037	0.007882108510255153
1.0331967596286428e-05	0.004208398119822345	226	0.0001112473712346126	3.542215640446454e-05	0.00030734229593546954	4.4053791681090225e-05	2.1501585682709596e-05	0.00047841419950159984	0.430224800016731	0.009935357360461517
1.0867111559697067e-05	0.003292075956129563	227	8.766274929199346e-05	2.5820392359942882e-05	0.00030004186866556474	3.808062630793378e-05	2.446874242032953e-05	0.0004367712251321032	0.41759969998383895	0.00797997170710882
1.0138000702661027e-05	0.0035577096205898088	228	9.627527912260372e-05	2.618091962100351e-05	0.00027499433474944055	4.231043271621231e-05	2.0245814816673643e-05	0.00047917970982371563	0.41872140002669767	0.008574307258074978
9.82198583175654e-06	0.002912382663869946	229	9.610979867104335e-05	3.1766747974098776e-05	0.0003263977555249887	5.2482790017273215e-05	1.700744469868816e-05	0.0002907319086823361	0.4106960999779403	0.006966645098352858
9.537423794167142e-06	0.003230779613674985	230	7.931218337668981e-05	2.5261388039968326e-05	0.0003072772073635798	5.084484952699501e-05	2.452808364599892e-05	0.00041689523340358804	0.41743690002476797	0.007826176337344712
9.490280754422436e-06	0.0032857279491418814	231	9.069203353380759e-05	2.840303863315663e-05	0.0002765641135173339	3.460688783070667e-05	2.0111019439012125e-05	0.00038707306340778194	0.4197755999630317	0.0078350706990012
8.641254437814113e-06	0.0035336439176178918	232	8.29620765318286e-05	2.7648481674900876e-05	0.0002965189989370249	4.258009032851557e-05	1.798563776455598e-05	0.0004328092307176735	0.41788279998581856	0.00843586972854814
7.617370059553129e-06	0.003530138629054472	233	8.370683156557237e-05	2.8911511672328403e-05	0.0003043405576586284	4.000858237605872e-05	1.8495689550519685e-05	0.0003453177030634429	0.4081257000216283	0.008260106266728564
8.403982383688199e-06	0.003545888816754339	234	6.53609081923043e-05	1.885395293828132e-05	0.00026747096481929446	3.4369735095848215e-05	2.4966792806243616e-05	0.0003603892870602394	0.41825829999288544	0.00826535331905475
7.71141568508889e-06	0.002665891906904718	235	7.667085974183833e-05	2.445586769573946e-05	0.00029440651568573564	3.836802707131542e-05	2.4474406979469703e-05	0.000395398035176498	0.4130691000027582	0.006620852799686178
8.380297974083766e-06	0.003418737735686622	236	6.422500402980183e-05	2.0633339741635527e-05	0.00025536557352981546	2.794061694467608e-05	2.6709514851539085e-05	0.0004477043668126131	0.41621029999805614	0.008171228364895644
1.0339374694708185e-05	0.00338172611166672	237	6.345993433066753e-05	2.016106824305112e-05	0.0002696178609015384	2.2311247663084902e-05	2.0179431087954746e-05	0.00032825622675395336	0.41944760002661496	0.007856552399545014
1.1250177894897481e-05	0.003548733604439339	238	9.241184433556328e-05	3.2707273800813474e-05	0.00026340841073608563	3.0026093883207117e-05	2.5495116613559824e-05	0.0005101912376138015	0.41629900003317744	0.008609893895878866
1.0076097421329325e-05	0.0030506841861947754	239	4.52934436335389e-05	1.1778700072279759e-05	0.00028127025857471044	3.135596463750029e-05	2.6569909577352533e-05	0.00046113088891168447	0.4308321999851614	0.0074666205311283125
9.088506123031955e-06	0.0029570902547121436	240	6.282637801036835e-05	1.9013993538071837e-05	0.00025296749614988414	2.2434345090542465e-05	2.9075228110132666e-05	0.0005444627653642124	0.41663320001680404	0.007436675721407909
1.0707253269434585e-05	0.003487462410151385	241	7.43056958623242e-05	2.671119751467872e-05	0.00028805099332931885	3.5892272418477846e-05	1.701817807326889e-05	0.00035935864467825343	0.40848290000576526	0.008174053131469483
7.77667713683119e-06	0.004250513356560163	242	5.986416671347422e-05	1.8144391566763613e-05	0.00029339382642808387	3.052841725824936e-05	1.73417754775475e-05	0.00046498990983613223	0.4386240000021644	0.00988317423998792
9.53540344990061e-06	0.0035036084753277035	243	7.061467716104009e-05	2.3764676048346514e-05	0.0002700694646895789	2.8814618668492377e-05	2.461228035106671e-05	0.00045122318604030117	0.42084549996070564	0.008371222126905404
9.504317151969015e-06	0.003663510944897682	244	4.7230997568678006e-05	1.3440478809215333e-05	0.00026254781303502534	3.070210908362553e-05	2.1559001741515635e-05	0.0004638565595178804	0.41947459999937564	0.008670783045114639
8.35720089681029e-06	0.003814896191162449	245	4.7434495320695355e-05	1.3573642304310755e-05	0.0002498760200673213	2.9601515581068273e-05	2.53671706082119e-05	0.00048608095721110515	0.4120095000253059	0.009009888713030548
9.187059205427089e-06	0.002661686257360238	246	5.6807567723740937e-05	1.8796915752607402e-05	0.0002567859542176381	3.714733759349648e-05	1.9934863578911634e-05	0.0003743823287482404	0.40267430001404136	0.006499918793073118
9.13398504277851e-06	0.002892801869430188	247	5.3983253597410366e-05	1.7702029223882995e-05	0.0002636342802636439	3.852168071122611e-05	2.232430504876019e-05	0.00035348023199842935	0.42178070003865287	0.006929322026836476
9.049595028642694e-06	0.0032578364685462618	248	5.585047521220394e-05	1.693760480151096e-05	0.00024256161193296832	3.921723866091302e-05	1.7805996306416884e-05	0.0004274395325200444	0.43701009999495	0.007778830115410328
8.72506328361355e-06	0.0033894033618843394	249	5.518083097238422e-05	1.82992774519452e-05	0.00023300184390206567	3.5695585291372554e-05	2.5611683856066693e-05	0.0004848122821461508	0.41703559999587014	0.008159282319958107
9.471869599296293e-06	0.0034832053675393953	250	4.970110659226166e-05	1.6641835854431722e-05	0.0002524503152824256	4.16643421196301e-05	2.4201764994784723e-05	0.00036056891638024276	0.4215445999871008	0.008115353436876189
9.56422040105082e-06	0.0028093756027981398	251	6.389879310017848e-05	2.1303173024866613e-05	0.00023694805620443987	4.4091678442432816e-05	2.1920322632260785e-05	0.00033660788821352546	0.4155683000572026	0.006721177768861872
9.009716657135987e-06	0.003591056129046921	252	7.585453266373213e-05	2.545162293386875e-05	0.00026022348786762734	5.907633311582297e-05	2.9278864768493023e-05	0.0003723183004248451	0.4268852000241168	0.008423931998375843
8.893102017449431e-06	0.0034032610669457405	253	5.417355142518996e-05	1.5432837887449308e-05	0.00023231717488765867	4.176112689671186e-05	1.635614917756977e-05	0.00039720437043924423	0.4159322999767028	0.007995114068257017
8.445668567147873e-06	0.0022732426748156478	254	6.706344657163478e-05	1.8766648476888947e-05	0.00023923583373839624	5.324086033135212e-05	1.9931501961689556e-05	0.00039818545324436707	0.41403569997055456	0.0057779173862959774
7.087003261287789e-06	0.003220555006971971	255	6.932708779824843e-05	2.129348147349439e-05	0.00022358064767756455	4.6245927055305245e-05	2.1131704568559425e-05	0.0004160267513384185	0.41805849998490885	0.007690048076285086
9.549965375754404e-06	0.0027526621909201862	256	7.635920798483795e-05	1.9582684825450874e-05	0.00021725121630038343	3.788727346695112e-05	2.6033385330557626e-05	0.0004168569596224586	0.4579198000137694	0.006761285385075537
8.922429336563351e-06	0.003961586550267911	257	8.811296370711693e-05	2.785499255848593e-05	0.00024250908137699042	4.624345632974466e-05	2.5149840227983587e-05	0.0003589477159954378	0.4212712000007741	0.009113933565628129
7.464587867332421e-06	0.003525011972146163	258	7.715101393575238e-05	2.1761818668026047e-05	0.00023895997052844232	3.983439172244889e-05	2.294931227098638e-05	0.0004415073426043868	0.4140282000298612	0.008371573624632407
8.229126227252953e-06	0.002398657273081472	259	4.879124083460379e-05	1.4050746994675918e-05	0.0001984371660737644	2.8174926619133276e-05	2.8125154267955695e-05	0.0003787934731280539	0.4208278000005521	0.005917064133931647
7.87460121430735e-06	0.004094704230447567	260	5.374091714619883e-05	1.465086719161877e-05	0.00019562402952343901	3.0211212692866672e-05	2.0128669747150955e-05	0.0003692425779302232	0.4311075999867171	0.00927812718523262
1.1038626557960044e-05	0.004119601177547012	261	6.987931323543774e-05	2.3873454604142392e-05	0.00021270336702796223	2.7050918689366958e-05	2.925751167882058e-05	0.00038277297884002724	0.41701420000754297	0.009418847642804552
8.997309583198228e-06	0.0026776090092610564	262	7.386871898900912e-05	2.3386218841679373e-05	0.000212307741516261	2.6769868254529574e-05	2.9294839650897064e-05	0.00038949040735034653	0.41882370004896075	0.006547115679292477
9.329099244992177e-06	0.0031201382216131247	263	6.657544066656696e-05	2.095455448926086e-05	0.00023517755608980754	2.698478790742632e-05	2.8406489577389034e-05	0.0004188569314843487	0.42012430005706847	0.007503153822992771
8.56589703708977e-06	0.0031978615389261222	264	5.1782921041075785e-05	1.7891595332502278e-05	0.00018404695184586338	1.9969535073610458e-05	1.9209398731080646e-05	0.0003867989854136306	0.4321363000199199	0.007498562643508898
8.223308741986576e-06	0.002347559390278056	265	5.966603737673587e-05	1.9753258910318856e-05	0.00023140349342480355	2.531653493210317e-05	2.3306413216902823e-05	0.0003827698115826438	0.42130919999908656	0.00585985717228314
8.785553865967394e-06	0.0024998096479233642	266	3.7584299911935745e-05	1.2565829177520068e-05	0.00023291352722326582	2.2759683450400458e-05	2.186820999831297e-05	0.00029739209260387276	0.4234151000273414	0.0059615343485461565
8.061576189769104e-06	0.00369348380520813	267	5.45563204851669e-05	2.1736814120320125e-05	0.00021159134652811885	2.322715628995138e-05	2.328736928655274e-05	0.0003614412728069943	0.41898860002402216	0.00848365968440645
7.582381399054287e-06	0.0034467076587623375	268	5.888164192517211e-05	2.3350043227144278e-05	0.00021875776905851813	2.8090195107658285e-05	2.250295302791583e-05	0.00039773572141135565	0.4167400000151247	0.008078137078519822
8.906906079569697e-06	0.003138056564155743	269	6.876374449154532e-05	2.9351254450857503e-05	0.0002132236418006984	2.5096974403102935e-05	2.582572316169662e-05	0.00034234760406701874	0.4204718000255525	0.007366709210074259
1.0398411560482953e-05	0.0024855802338396623	270	5.520687303144827e-05	2.639475081498851e-05	0.00021922307198443333	2.907740684240073e-05	2.3197292682137527e-05	0.0004001354950625895	0.41932500002440065	0.006168524968963016
8.60163676247037e-06	0.003984993531981643	271	4.916252760373677e-05	1.8701919879952168e-05	0.00022205834012766333	2.936552564641246e-05	1.8546935901719582e-05	0.00033164636403794107	0.41631000000052154	0.009006865250625313
9.033646990593651e-06	0.003837767118672813	272	5.161944327139391e-05	2.1034214959933814e-05	0.00019686073022155893	2.561602431495791e-05	2.0283850434233792e-05	0.0003257506590835761	0.4277361999847926	0.00868080096313028
8.533511285208007e-06	0.0031166513065153632	273	5.469993823912707e-05	2.136932375399504e-05	0.00019559270817654062	2.5184611061213468e-05	2.928789786246462e-05	0.00035140450947637367	0.41903649998130277	0.007308601031509696
9.003507407924544e-06	0.0030951786705468052	274	6.674077867607983e-05	3.063057764546603e-05	0.0001805470932791349	2.43174838206652e-05	2.1835764516972234e-05	0.00040798608490414214	0.4155529999989085	0.007370243988173034
8.611124959377441e-06	0.002546123650164868	275	5.558395793631506e-05	2.3389043251027582e-05	0.00020313434110954084	3.329182610995188e-05	2.6503728185310377e-05	0.00033605881709386764	0.41799170000012964	0.0061499938092136825
8.384789353032014e-06	0.003025309235822725	276	5.547319102693653e-05	2.4095981785575556e-05	0.00020773108652010234	2.8788102447950903e-05	1.9104875122023708e-05	0.00039200272835527005	0.41653570003109053	0.007205691619086667
7.494659775822261e-06	0.0038382842588640066	277	6.245530222841517e-05	2.3398630086293743e-05	0.00019354219310167817	3.6015921637870215e-05	2.6045565373142067e-05	0.0002886776348791822	0.4114374999771826	0.008636416284838563
7.515555961810711e-06	0.0034551118495660133	278	6.040630965955087e-05	2.1012772188636236e-05	0.00018861808462797847	3.711031140882795e-05	2.4129848185493018e-05	0.00048294336217795657	0.4131646000314504	0.008246548709667541
9.003351283931216e-06	0.003213250113083233	279	5.7554067196774605e-05	2.075194896289349e-05	0.00017561054936707376	3.28433363531016e-05	1.6208039547288148e-05	0.00030601818659710124	0.4340028000297025	0.0073757192829029495
7.907593302769003e-06	0.004090730631526363	280	7.023229557102725e-05	2.5215983956879748e-05	0.00019381543399411749	4.204381971394026e-05	2.0389408005721274e-05	0.00035774320781809324	0.42793689999962226	0.00928484921454186
7.903148149450065e-06	0.0036609242267104684	281	8.708608397086116e-05	3.0493478412840865e-05	0.00016591381614953587	2.9306882501544986e-05	2.3469514550992033e-05	0.0002522595205109041	0.40516460000071675	0.008201913080878412
8.493815663155106e-06	0.0026787929115400667	282	5.995983793485905e-05	1.977892213408909e-05	0.00015825048443601121	3.2171253200176565e-05	2.151308440918368e-05	0.0003435352983554565	0.418224899971392	0.00637483071764086
7.939028172869761e-06	0.002872716684535854	283	6.56449666143305e-05	1.7197504280220234e-05	0.00015926451310862856	2.8614335970457178e-05	1.9520482034460026e-05	0.0003063827063308869	0.40678050002316013	0.006683839122121778
8.327638878633182e-06	0.003089063335729049	284	7.873645514555087e-05	2.4703267718854827e-05	0.0001784076173804902	3.489329631399474e-05	2.2047905832562558e-05	0.00031951255010041215	0.41626410000026226	0.007194643497640206
7.118695850389473e-06	0.0031643540073809867	285	5.894894227149348e-05	2.0362739557086916e-05	0.00017146134623846818	2.645383272176978e-05	1.693356586944854e-05	0.00032360812263293725	0.42804770002840087	0.007301255644256341
8.285096041232817e-06	0.0035515095733227122	286	5.7084606332280666e-05	1.5835166824174212e-05	0.000171685617993948	2.6822118946188445e-05	2.1401703672772222e-05	0.0003970826917748658	0.43255889997817576	0.008227985639719756
9.076049732213803e-06	0.0036505345265805036	287	7.359739878991435e-05	2.1758057141063227e-05	0.00017802580644937847	2.4231530089191748e-05	1.905516309562507e-05	0.00035544162637004943	0.4231545999646187	0.00836582752402633
8.473899042323393e-06	0.0030243708549383104	288	5.2835624877553853e-05	1.5839584382863273e-05	0.0001629502873622013	2.221620333427701e-05	2.5768709193479873e-05	0.00030900474195984023	0.4112652000039816	0.006989078110224803
8.589157310828045e-06	0.002946103754824767	289	7.368376873516428e-05	2.2720047091624494e-05	0.0001699042454409899	2.018374391521159e-05	2.416598021974896e-05	0.00030412635413745097	0.42437989998143166	0.006852462298168581
8.939136021917864e-06	0.0036763707322390827	290	4.571135594324307e-05	1.312082527393062e-05	0.00016339072413015123	2.1291108817924726e-05	2.2145052208392573e-05	0.00030760734038576655	0.4200535999843851	0.00827363853587557
8.116457779133422e-06	0.0032237213907743804	291	4.796665537318606e-05	1.4879475447526937e-05	0.0001557790801148922	1.363922113731385e-05	2.3193441714284344e-05	0.0003879957846981139	0.42731699999421835	0.0075183185820047425
8.092654441206833e-06	0.003070291410221581	292	6.297719096281136e-05	2.1697275235066417e-05	0.00017906199329283728	2.1886232319959664e-05	2.13477830263433e-05	0.0003783637227253699	0.42184439999982715	0.0072418138326396765
8.368788992731173e-06	0.002798807810861106	293	3.8825185929745025e-05	1.1447070884735167e-05	0.00018120748818141656	2.174853355681522e-05	2.5535127099741957e-05	0.0003424613442680168	0.4156993000069633	0.006603574420995902
9.149594033462006e-06	0.0022520424754724462	294	4.430652816943958e-05	1.4879349628659159e-05	0.00014234764692998725	1.5844618379148607e-05	2.21365696272097e-05	0.00037941772974792	0.424155900022015	0.005542870880869311
7.981601631419898e-06	0.0031974844346080392	295	5.3680966938885895e-05	1.970509991087907e-05	0.00015520335267952818	1.4638995310201547e-05	2.7250759324436534e-05	0.00027178480643456665	0.4318749000085518	0.00725223161883642
7.243188241517202e-06	0.0029719135300609757	296	4.072930301998517e-05	1.3915870484038704e-05	0.00016249626559012691	2.3518422415082995e-05	2.7436871963088867e-05	0.0003067262918156677	0.42256259999703616	0.006867299625671733
7.1500842611515045e-06	0.0036749788094278253	297	4.88476580858443e-05	1.659206850140178e-05	0.00014835059319141922	2.008207490674608e-05	2.008627081300639e-05	0.0003144401808718791	0.43555220001144335	0.008267183085433135
6.147763904551627e-06	0.0033000277053934044	298	5.529556418325132e-05	2.194129878179119e-05	0.00016812260242304804	2.7668699028819255e-05	1.9569271975418422e-05	0.00030520238881966616	0.4201771999942139	0.007534922424602991
8.370046249947341e-06	0.002525870700277023	299	5.474724233153178e-05	2.251490983702245e-05	0.0001741062133497409	3.535922921333842e-05	1.6139859860848247e-05	0.00035144112091649077	0.4083239000174217	0.006090371049340253
6.858744532011849e-06	0.0026333580224078166	300	3.46831918676126e-05	9.104310203400008e-06	0.00015558207192883946	2.98802665746253e-05	1.8795243486534756e-05	0.0002742887186595894	0.4324963000253774	0.006095851298746381
7.787114817494036e-06	0.002785987501971982	301	6.1013887905316e-05	2.3402534434246123e-05	0.0001302388410155843	2.6138056507820788e-05	1.801299835811164e-05	0.00030288420241365215	0.43061699997633696	0.006470136954985446
7.035592098929197e-06	0.003124839600994949	302	4.6623271497754485e-05	1.4517967121391385e-05	0.00014821685241241532	3.020919623397061e-05	1.8046547166517353e-05	0.00028476964601729135	0.4253253000206314	0.007108950059820906
8.799707180606312e-06	0.003015377277403546	303	5.4635961036011345e-05	1.8315370743696953e-05	0.00014858174317856795	2.7717605360055523e-05	1.4119164113156853e-05	0.00024832543270485657	0.41728129994589835	0.006822493843122664
7.85766628443661e-06	0.0029947630726488753	304	5.4084601025105016e-05	1.658502299429487e-05	0.00015658017499156854	2.9079083535592432e-05	1.3443335678859654e-05	0.0003104138848424553	0.42252530000405386	0.006909284801455815
6.823178449206028e-06	0.00244167481428574	305	6.462377027914752e-05	2.126540702812003e-05	0.00015130200969399986	2.703554911228873e-05	2.4121452990604508e-05	0.0002689177876240125	0.40825779997976497	0.005747301202812682
8.06271865410408e-06	0.003209465404757011	306	5.3571577038992414e-05	1.7017801859214644e-05	0.00013996127746041562	2.821285644877153e-05	1.6680072411864166e-05	0.00025590263420913374	0.4114486000034958	0.0072189851728716205
7.023777234383726e-06	0.003086412681108315	307	7.007982483603279e-05	2.2186709046060297e-05	0.00014533682044908644	2.7622576520214314e-05	2.063563954537088e-05	0.00043243888902117964	0.4207131000002846	0.007358247904669891
7.917834012705435e-06	0.0040513724338033935	308	5.498605000569973e-05	1.6576291340124306e-05	0.0001438899811221291	2.4365600396656763e-05	1.8847337317801672e-05	0.0003062992337112949	0.4159489999874495	0.009008691600555
8.357496155195784e-06	0.0024971906478681617	309	5.633295488327026e-05	1.5276838087391577e-05	0.0001395523796801646	2.3151217583564436e-05	1.787840395147624e-05	0.0003046119103195644	0.4193783000227995	0.005890390306823187
7.497534188486431e-06	0.003109438118915341	310	5.1782813351398615e-05	1.2585755795363681e-05	0.00012514036176292066	2.3427814387072503e-05	2.1282941856877423e-05	0.00027824838343322715	0.4291752999997698	0.007045870702084619
7.5544420870212935e-06	0.0036273853519967897	311	7.157593596688065e-05	2.2855399678170575e-05	0.00012897796384307437	1.5961831585644355e-05	1.9620747218401613e-05	0.00024930310142706725	0.41599990002578124	0.008047098416532329
8.619019673144427e-06	0.003131977408539077	312	4.574368236964851e-05	1.531156282722792e-05	0.0001289538052070874	1.3651018644804242e-05	1.882680597781792e-05	0.0002855054405070187	0.4137425000080839	0.007093517418442884
6.7681079308956325e-06	0.0036090811325332015	313	5.5982437836317603e-05	1.7220048950951807e-05	0.00014156722300353008	2.588342459317851e-05	2.5784123454161718e-05	0.000337637219861141	0.42112359998282045	0.008199194301942778
6.731595572667447e-06	0.0033283084332794543	314	5.457425272839623e-05	1.538955035682744e-05	0.0001234685903317702	1.774592716401696e-05	1.9514500201811506e-05	0.0003735890001027123	0.41375050001079217	0.007667465378894301
7.5035009798396295e-06	0.002421586398086804	315	6.301843298865521e-05	2.074565702687129e-05	0.0001386074204263988	2.4398245558997106e-05	1.996606169668552e-05	0.00026158365516258187	0.4191385000012815	0.005668048987852744
7.203230935105737e-06	0.0028778214308822193	316	7.161259506750943e-05	2.6105239227987878e-05	0.00012450392567822722	1.7214708572947307e-05	1.9672848753772665e-05	0.0002935000782252052	0.4156739999889396	0.006635831646139278
8.876343052104672e-06	0.003783552362283547	317	5.860982897736948e-05	2.308831695636631e-05	0.00012109187588532888	2.2745894955481007e-05	2.316957156429483e-05	0.0003185166494377903	0.40724390000104904	0.00849376576945002
6.042346104165173e-06	0.003930073598702866	318	4.66583341685565e-05	1.5078387689906803e-05	0.00011126432779174906	1.8175545527406168e-05	2.725223046653514e-05	0.0002879740852137169	0.40625709999585524	0.008693861116152184
8.30203528707691e-06	0.002425049307438548	319	6.168740948288848e-05	2.071764485838885e-05	0.00012217639920548238	2.2646172972130393e-05	2.3434862206214932e-05	0.000244769282945434	0.4311710000038147	0.005630338602273437
6.551411253606914e-06	0.0028190120826416445	320	5.910814338086797e-05	2.143661285299707e-05	0.0001266836493220846	2.5197409916910318e-05	2.0741849330883344e-05	0.00036313137545252724	0.41255060001276433	0.006651299252830184
6.188806771365627e-06	0.003514847432517304	321	7.412118621207101e-05	2.314644813254239e-05	0.00012120259513097698	2.28617732964812e-05	2.8682561930733164e-05	0.00033410775797378773	0.4251953999628313	0.008008985121158451
6.7023222909379115e-06	0.0031826073041390287	322	7.19771331954522e-05	2.611877536892365e-05	0.00012176078989502847	2.4641569390174414e-05	1.850691067178929e-05	0.00022413020449620042	0.4078160999924876	0.007108391751045491
5.6334260450133175e-06	0.0034101116186006026	323	7.420163441380491e-05	2.3562975438217465e-05	0.0001079271202038517	2.3453468212828833e-05	1.9542484416982347e-05	0.00029271877084711674	0.41924209997523576	0.007685157798088133
7.726565213397555e-06	0.002589482991958286	324	8.646560849198987e-05	2.987670675438669e-05	0.00010931910747061414	2.173412762669747e-05	2.2658777975605865e-05	0.00024542569266989216	0.4252466000034474	0.005977983605978052
6.60299836001757e-06	0.002857638268994036	325	5.861437496910884e-05	1.9751374243336276e-05	0.00011110153332854998	2.2868167306268623e-05	2.1792019635856947e-05	0.00030914803782148073	0.4175336000043899	0.0066026980994700465
6.263893917983344e-06	0.0032955433862228373	326	6.60869628286307e-05	1.9354924924354606e-05	0.0001254622575762703	2.6271323785171044e-05	2.2488231848724903e-05	0.00029024116892141115	0.4108432999928482	0.00746624883093634
6.670715182435199e-06	0.0028206867295051796	327	5.7671716520274425e-05	1.6769529473519473e-05	0.00011499351660218661	2.231596459542605e-05	2.402284584799981e-05	0.0003082608596168937	0.4241939999628812	0.006531033027496422
6.197778794952746e-06	0.0034618993529339907	328	7.063150026125311e-05	2.1147806671820026e-05	0.00011850586121387206	2.0453882649680188e-05	1.9443660115314363e-05	0.00022955649589830455	0.42146410001441836	0.00766493362628175
5.658463159653946e-06	0.0036390925582573115	329	7.641383368405986e-05	2.5800843869474976e-05	0.00011279045090264112	1.9036543085336222e-05	2.6217223436090705e-05	0.00026644700539042975	0.417956699966453	0.008108872172028485
6.849381795694677e-06	0.003273120017469631	330	6.374478134978863e-05	1.7987761298070722e-05	0.00011713111182870449	2.3467021979390795e-05	3.2238755964094355e-05	0.0002778792246683676	0.4125590000185184	0.00740250543625153
6.784677332216919e-06	0.0031663604643918275	331	5.691689527740339e-05	1.8430450071122252e-05	0.00010562311612055659	1.6353160176993838e-05	2.6594851076754993e-05	0.00021729561616689008	0.4199386999825947	0.0070313948395814545
7.276021976318307e-06	0.0026286657273319105	332	5.185489313045853e-05	1.5778442981984303e-05	0.00010166016255970471	1.7232466332677887e-05	1.849664193653837e-05	0.00021303349231552608	0.42093830002704635	0.005921469732125412
6.788029950525984e-06	0.0030136472788929707	333	5.347839299020975e-05	1.5361526084025427e-05	0.00011148337895757289	1.761124343147608e-05	2.7655888530826754e-05	0.00025950215498775597	0.41949609998846427	0.006813121246187443
7.736566381142499e-06	0.0025165336652139343	334	5.35745755093778e-05	1.3441806709528926e-05	0.0001021202969575165	1.5248832956158265e-05	2.2223486269884436e-05	0.0003137787809456922	0.413015500002075	0.005904930509753889
6.664095837656924e-06	0.0032810980336334394	335	4.2519914067886476e-05	9.002921447971694e-06	0.00010871005153212494	1.696179408846085e-05	1.8915930432965595e-05	0.00027468654103861534	0.4258744000107981	0.007339923883021799
5.6788110629845295e-06	0.004059644174851892	336	5.69193564135921e-05	1.746808438605247e-05	0.00011415075030527789	1.9621453361687476e-05	1.7216924885336973e-05	0.0003032753253913069	0.41440779995173216	0.008979790116849651
6.708687442016106e-06	0.0031839470149327117	337	3.653935267149204e-05	9.150269839277413e-06	0.0001068299532867495	1.8491883288606797e-05	2.0113883714076694e-05	0.0002561347469653961	0.41037160000996664	0.007104820125194526
7.864548946988556e-06	0.002251271090785741	338	6.354584620362955e-05	1.883560797000594e-05	9.478891019475857e-05	1.3551487178957138e-05	1.7812801908445204e-05	0.00025536976999839195	0.41171590000158176	0.005255358274826485
6.210175219549442e-06	0.002981171075756957	339	5.093782280053363e-05	1.5303968069523428e-05	9.654291451282972e-05	1.811919492959704e-05	1.888575200185926e-05	0.0002322007570004214	0.4202515000361018	0.006657839420270059
7.4483184612341405e-06	0.003281679627094046	340	5.270081166927477e-05	1.272914371289722e-05	9.028649764475632e-05	1.5312785144297788e-05	1.4561145319178862e-05	0.0002589972106971552	0.41892569995252416	0.007296401841314455
7.472382567670814e-06	0.0031869015519228787	341	5.430825451877493e-05	1.5678304133080558e-05	0.00010339763074148869	1.8033744584002278e-05	1.424443774933946e-05	0.0002528903504381967	0.4114157999865711	0.007114435379333519
6.214655219292378e-06	0.003076851888672123	342	6.708314175663888e-05	2.2843342125037357e-05	9.452250689776098e-05	1.6413527390979206e-05	1.6333941079379637e-05	0.00023126947144990698	0.4133309000171721	0.00686220243101182
6.0364209675932355e-06	0.0029963109412440595	343	3.840974843216801e-05	9.71950765878801e-06	9.010463093942687e-05	1.5248722687211256e-05	1.2189932018499143e-05	0.00025609737508902884	0.41441810003016144	0.006694751948355956
6.481420080011786e-06	0.0032470012387980605	344	5.523265961928234e-05	1.3399488986101368e-05	0.0001043335365339247	1.9115964661999453e-05	2.0579510788915932e-05	0.0002505691897856284	0.4215747000416741	0.007241344368706543
7.477464027197474e-06	0.0035284224256422435	345	4.390235509304892e-05	1.0779246839498676e-05	9.744422715687531e-05	1.8999713051627552e-05	1.7431419379707078e-05	0.0002167244974888915	0.41500570002244785	0.00771123715521713
6.777790838081249e-06	0.003444824865921626	346	6.464216784995053e-05	1.9636961997418126e-05	8.889259027537265e-05	1.7933690979970703e-05	1.4405449724847647e-05	0.00026339214133779736	0.41765869996743277	0.007649905906747417
6.182044380772926e-06	0.003692413252185252	347	6.520467844123103e-05	1.7537470409272365e-05	8.520374572245173e-05	1.7266089744656453e-05	1.3742471928604646e-05	0.0002788515698034245	0.41490099998191	0.008167590660913718
6.326645630761285e-06	0.0024196353059595535	348	3.960268721521764e-05	9.371840137725186e-06	7.807349714548326e-05	1.5359536843303213e-05	1.6899275681938725e-05	0.0003077161962634531	0.4226277999696322	0.005643562408413142
6.135294734525657e-06	0.003053728017334462	349	5.556260623634542e-05	1.4147887136099663e-05	8.355799112504521e-05	2.100499423911514e-05	1.243937719986678e-05	0.0002235311747173367	0.41487759997835383	0.006765941206708987
6.542301854841118e-06	0.002771232338317419	350	6.181987381857011e-05	1.818565043257617e-05	8.539143911278224e-05	2.15732590048358e-05	1.3182214880648934e-05	0.00021545960246554865	0.410680599976331	0.00619980313740568
6.3810252642758885e-06	0.003376096559881132	351	2.8753243516095442e-05	7.031101255671802e-06	8.985283341678249e-05	2.0619035454608122e-05	1.9109644356651636e-05	0.00019702222412780126	0.4203507999773137	0.00734347512090288
6.624380839589902e-06	0.0034469593159479664	352	5.398833569898476e-05	1.2029856953164581e-05	8.904535416404469e-05	2.1755439448599354e-05	1.4821597059972342e-05	0.00025685817561902215	0.42256999999517575	0.0076273459251978955
5.473232826327264e-06	0.0033127013580909566	353	5.299862193196824e-05	1.3254145154648005e-05	9.067859537674151e-05	2.2990960133956053e-05	1.5251832119775215e-05	0.0002643885678027431	0.4084973999997601	0.007375552304276918
6.995042014241069e-06	0.0026792478121541634	354	4.9334045363911906e-05	1.3342266710806366e-05	8.139279632792672e-05	2.0475604382180577e-05	1.5647393993771745e-05	0.00018155013907661816	0.4185105999931693	0.005931425487262413
5.7757804826473915e-06	0.0031762042556826996	355	3.867447201343925e-05	8.615981349980915e-06	8.554359569815209e-05	2.1404869424397528e-05	1.8532909047400544e-05	0.00027001598718820235	0.4188059000298381	0.0070952967832878695
5.680888106322955e-06	0.0028549139024211852	356	6.314415238328866e-05	1.649495158226639e-05	7.679560232163616e-05	1.6459085521757122e-05	1.6800673419534046e-05	0.00024360993514129276	0.4143729999777861	0.0064149045899856184
5.776085520102818e-06	0.002972734795422125	357	4.327886299238114e-05	9.327752257508988e-06	8.671335359218217e-05	1.7616599117160195e-05	2.106550440464205e-05	0.00025530269771306506	0.4218877999810502	0.006666694734079103
6.434371535597075e-06	0.002684092652020548	358	4.8154640096052836e-05	1.3765924018427848e-05	8.686160761330293e-05	1.8563836044165103e-05	2.160368217055905e-05	0.00022858261314565086	0.4148836000240408	0.006048772645516658
6.6112795254325245e-06	0.002743208984940665	359	3.6647554899778264e-05	7.931845927372983e-06	8.284543115477186e-05	1.719466131143152e-05	1.4739063979305214e-05	0.00024933907396134226	0.4264431000337936	0.006172416298106845
7.074334494139416e-06	0.0035211846683757993	360	3.921258997735953e-05	1.1404414432495096e-05	7.695337500214829e-05	1.3857897596847746e-05	1.8157305329950277e-05	0.00021995261534884277	0.4172256999881938	0.007674166124106313
4.7528423059247085e-06	0.004433508394077672	361	3.71853022245597e-05	1.0882462906106752e-05	8.026020749724926e-05	1.2167421445657128e-05	2.1561032346452007e-05	0.0002128008062377289	0.430999799980782	0.009485741544009125
6.787894833601868e-06	0.003509639975709407	362	4.399461373625522e-05	1.4498842568069669e-05	7.993294513090336e-05	1.1554200271555262e-05	1.8307382165980007e-05	0.00020217109195568922	0.41938300000038	0.00762379329103614
6.1536347532984e-06	0.0034338027238913285	363	3.155056356590975e-05	9.435976747740457e-06	8.526932255519731e-05	1.454770335187129e-05	2.105696651111405e-05	0.0002475622924048715	0.4305136000039056	0.007557954801341944
6.711176663645239e-06	0.0032432997720075645	364	3.572296611730927e-05	1.1892782136207963e-05	8.102169429280446e-05	1.4438697212202007e-05	1.830879904504608e-05	0.0002135052003645534	0.4370471999864094	0.007106726035920142
5.07905803150536e-06	0.003495355976959319	365	3.9297026737207256e-05	1.1300245203648324e-05	7.598267285711949e-05	1.0033260961898657e-05	1.912432804451811e-05	0.00021699664038820474	0.41824949998408556	0.007609725212606967
6.823416135823817e-06	0.0029974925154209403	366	3.426020074717043e-05	9.740884799498291e-06	7.452369235545348e-05	9.0831026507504e-06	2.6382575218228815e-05	0.00026551598536321184	0.418868399981875	0.006720036864829282
6.750843596489804e-06	0.0035104676775657875	367	4.068840916736495e-05	1.5177884979358977e-05	7.605661355247387e-05	1.1797322820409997e-05	1.7304151234084205e-05	0.00021205705421607264	0.4260427000117488	0.007636879683744476
6.4484510950915985e-06	0.0036690438315344492	368	3.2057721838789474e-05	1.0817110143826668e-05	8.57223486508262e-05	1.0293103234875272e-05	1.994924879310469e-05	0.00025477490383864914	0.42513220000546426	0.008039323154390907
6.262550503680317e-06	0.0031107412473165047	369	4.346298432621136e-05	1.675236512264943e-05	8.645867121842671e-05	1.4720635942798033e-05	1.834826733897849e-05	0.00022769391540731796	0.42189840000355616	0.006887486617743049
6.476996336902693e-06	0.002632134019811273	370	5.143746087111337e-05	2.3286043923308706e-05	6.613349228770368e-05	9.587300188742589e-06	2.4064002771589163e-05	0.00020080609340892005	0.4287553000031039	0.0058774065219282376
6.42831929620387e-06	0.00390641047509091	371	3.395884155014799e-05	1.3759690956981436e-05	7.630011717001449e-05	1.6884411942737994e-05	1.657023286549378e-05	0.00018105666049208395	0.4329831000068225	0.008361834437109264
5.619450164043092e-06	0.003793445759986863	372	4.193493795723284e-05	1.90117604509547e-05	7.62728871472491e-05	1.4799620066641467e-05	2.1940188511421422e-05	0.00018196110810178963	0.4389314000145532	0.008157952219150312
6.558667465089886e-06	0.0032318279861753216	373	3.564442897442046e-05	1.334673941828298e-05	6.377771736230131e-05	1.4618113934044588e-05	1.5801109920190253e-05	0.00022527407590680398	0.42896360001759604	0.00708631067862386
5.784129891769789e-06	0.003908940930127097	374	4.129413267254967e-05	1.403181444633876e-05	6.874969144048888e-05	1.8883728930544358e-05	1.9380228104981542e-05	0.00018775155252434485	0.4068748999852687	0.008386673048786309
5.1160515287546805e-06	0.00325690861563722	375	3.732735891344625e-05	1.4713823429837432e-05	7.096265324258196e-05	2.367002883760655e-05	1.3944147124823367e-05	0.0001632077875432482	0.4117139999871142	0.007025027068091564
5.6500468533193955e-06	0.0030671992427324453	376	3.563212409319021e-05	1.4283520028061596e-05	6.849440754001126e-05	2.274844324581136e-05	1.673746261788525e-05	0.000203670827040904	0.4117277000332251	0.0067276736533961835
5.941172650243224e-06	0.0035424125078288623	377	3.861401977564887e-05	1.1704909913325557e-05	6.398040249103953e-05	2.5003239353444787e-05	1.5038954022250993e-05	0.00022475635688029208	0.4271335999947041	0.007715600554296757
5.273726868791899e-06	0.002969794526634954	378	4.301129047511052e-05	1.5214642905084604e-05	6.148075219882115e-05	2.6074587136422155e-05	1.105311968172662e-05	0.00019027338557718156	0.4226753999828361	0.006498570790240747
5.683483290527077e-06	0.0034201632327361714	379	6.023200401062026e-05	2.1023449049364518e-05	4.713830290463449e-05	2.1372397022637254e-05	1.5302641332054612e-05	0.00019290975314012018	0.42063309997320175	0.007417884373985003
5.581251854910666e-06	0.0025731439787133733	380	5.188836654513432e-05	2.1088262540353056e-05	7.561795896303857e-05	3.0888687722587143e-05	1.590998150574155e-05	0.000198457416114974	0.4157948000356555	0.005765668532149112
6.29459975217083e-06	0.0019789406673047143	381	4.505292893171875e-05	1.3658252117395734e-05	7.337042125270666e-05	2.691106426894211e-05	1.8610930365293892e-05	0.00019256620100661156	0.4038861999870278	0.004551817463428345
5.386918480535328e-06	0.003664660753915509	382	5.090478488012718e-05	1.9674874556971033e-05	4.88831902629782e-05	1.945567528864074e-05	1.6160202386405372e-05	0.0001536892251169676	0.41508190002059564	0.007818712724787551
5.55745808022602e-06	0.003437568538321733	383	4.694281480385647e-05	1.3077738816273446e-05	5.764004490764863e-05	1.850117076623048e-05	1.7705545759945168e-05	0.0002199870930796771	0.42037909995997325	0.0074977990397771714
6.311379873595314e-06	0.002719835593638837	384	5.275453058500972e-05	1.6299409859048712e-05	6.173849360598257e-05	1.786779607448938e-05	1.6907592804051973e-05	0.00022443908691045238	0.42072499997448176	0.0060836475365784026
6.637642136399451e-06	0.0036481639276093178	385	3.9118094970689096e-05	9.603313084747737e-06	5.91704001337693e-05	1.4848599397086971e-05	2.0214339673067566e-05	0.00020673339595313938	0.41427150001982227	0.007886239018330141
5.349855675731101e-06	0.003378896624155516	386	4.5393981772730425e-05	1.2258816187140528e-05	3.979674152689345e-05	8.406719930254547e-06	2.1740406327755156e-05	0.0001997976554182597	0.43004919996019453	0.007317425342571543
5.902865192023909e-06	0.003607099486746602	387	3.976570880727803e-05	1.1596411122493293e-05	5.876630259523571e-05	1.3343205696340668e-05	1.623489959906662e-05	0.00017197927253628092	0.41277669998817146	0.007725904676369294
6.1431038763623935e-06	0.003597382373747386	388	3.595565010812577e-05	8.67849625270207e-06	5.9528590811501186e-05	1.268365988311291e-05	1.9989215552733145e-05	0.00020235018855204077	0.4132026999723166	0.007768576160512487
5.60717807772483e-06	0.0033058871696904626	389	4.4464640952870795e-05	1.3576014961408133e-05	5.2443327422185955e-05	9.04538439972739e-06	1.4932345199005565e-05	0.00016822185292035771	0.4343545999727212	0.007108826459511294
6.347394753311942e-06	0.0029182207350345038	390	4.3470747247558e-05	1.0520501685152747e-05	5.239103349896679e-05	6.09991942285897e-06	1.7087983074875537e-05	0.00018412913455047525	0.4220272999955341	0.0063640526966808695
5.367023872492568e-06	0.002918813920419685	391	2.8258584527499113e-05	7.393276844008425e-06	5.6048965160471804e-05	6.789575452311481e-06	1.3086390448617827e-05	0.00019217041759112574	0.42157129995757714	0.0063573659066481335
5.314747433552642e-06	0.0028271443122175393	392	3.41031914014955e-05	9.198420984912225e-06	5.597768346704686e-05	8.08620763980344e-06	1.6250175725316976e-05	0.00017468185437897319	0.413098200049717	0.006154147683004023
6.037487008543366e-06	0.0027549968590898704	393	2.583400173757163e-05	9.019259531631347e-06	5.753807067146654e-05	6.955969158620266e-06	1.83360146932777e-05	0.00018587017125399287	0.4136611999711022	0.006029828365190659
5.940933353470377e-06	0.0031676116082182356	394	2.0694496294505318e-05	6.5384159490923445e-06	5.729031618678667e-05	7.529340035630901e-06	1.4919893290601426e-05	0.00022279075024693592	0.41610299999592826	0.006914578938684502
5.406999873276166e-06	0.003361832736044189	395	2.6194001107562135e-05	8.608423759495125e-06	5.690950832818981e-05	7.309327236768496e-06	2.4486202961462587e-05	0.0001976423246323908	0.41373380000004545	0.007277757787454652
5.359408610324354e-06	0.0029251268049290567	396	2.3759328850917242e-05	7.789945434145859e-06	5.503955627492049e-05	6.891673724455408e-06	1.8166285671728693e-05	0.00019959832787760435	0.42825299996184185	0.0063899821584618675
6.761889434789356e-06	0.002997216893354031	397	2.626840886547949e-05	9.57508927286982e-06	5.58941071518036e-05	9.497583778224787e-06	2.0503731582256838e-05	0.00017892079832507028	0.4047005000174977	0.006508041814460672
5.50344632515464e-06	0.0035245695709993433	398	2.9698123144803463e-05	1.1912953854187009e-05	5.1856172487755564e-05	8.316967909643076e-06	1.526746769382502e-05	0.0001827361322585613	0.4162415999453515	0.007557937451950158
5.8639154304743284e-06	0.002836461623366547	399	2.1823746513787423e-05	6.91185675376204e-06	5.843749307881821e-05	1.1484097030552767e-05	1.6277896719571014e-05	0.0001777934872609956	0.408354299957864	0.006171451038932097
5.227792449191434e-06	0.003672941186493559	400	2.443970581609496e-05	9.15500429694338e-06	6.287144049807447e-05	1.3863231857769196e-05	1.61394960176721e-05	0.00021288266717351325	0.4118653999757953	0.007924711666736755
5.373399569908069e-06	0.0036423370058751214	401	2.646768114145791e-05	1.2878083940879859e-05	5.091433646172364e-05	1.3336410386015363e-05	1.1588459297919425e-05	0.0002152671956502336	0.4066313999937847	0.00785272863271644
5.8747261229671265e-06	0.004013492527367379	402	1.7953674678077274e-05	6.141961228957022e-06	4.839961296271926e-05	1.5318946645489798e-05	1.3194784602142323e-05	0.00018210843395176195	0.40348880004603416	0.008517155139603745
5.117705250607883e-06	0.002871572540790423	403	3.1281651241113324e-05	1.436787305160181e-05	4.76327657493199e-05	1.6987950281206143e-05	1.1247696311238743e-05	0.00015736228820245875	0.4101924999849871	0.006200870701432698
4.97166177148322e-06	0.0030534354038506796	404	1.649861176100677e-05	7.081393169960887e-06	6.353659322011165e-05	2.4011819764304003e-05	1.0482470155372788e-05	0.0002357039874414264	0.4059640999766998	0.0067203154643533086
5.780431847451151e-06	0.002615802411472942	405	2.4376454068694542e-05	1.2068172014197259e-05	4.9842333055348486e-05	2.243456440071764e-05	1.2926208486868626e-05	0.00020608374810935376	0.39644189999671653	0.00578990712337219
5.07533918590424e-06	0.004343116396249087	406	2.0189544297165278e-05	1.0371162571399759e-05	6.584313372727171e-05	2.258987875276629e-05	1.1432710972270218e-05	0.00017518503992521625	0.4121034999843687	0.009188612692013558
5.826556796763413e-06	0.0026449804116247524	407	2.2277748285312846e-05	9.332026740880462e-06	4.525284531720776e-05	1.729099716187596e-05	1.7781171273780458e-05	0.0002305628002074429	0.3940901000169106	0.005892455497310756
5.680506627054683e-06	0.0035934362563733455	408	2.3019415916670083e-05	8.686892376671568e-06	4.7822738653765266e-05	1.7619926019471683e-05	1.4945071541141609e-05	0.00019970072034810278	0.40361880004638806	0.007724674082745868
6.294173768730531e-06	0.002821219228549351	409	1.7932250070346948e-05	7.167020674163618e-06	4.309783121041878e-05	1.3109963396345087e-05	1.54250514637014e-05	0.00023795309034067426	0.4052625999902375	0.006243090153596189
6.7656717277953435e-06	0.002981630344786014	410	2.1581509125200138e-05	7.750974677059679e-06	4.7517321827006294e-05	1.0892770590775982e-05	1.5796509678290928e-05	0.00019888927340805127	0.4235465999809094	0.006493906175420345
5.758611869718668e-06	0.00334261712887415	411	2.4679079725514004e-05	9.170207230345372e-06	4.0286164221992064e-05	9.984134546044324e-06	1.579450023723237e-05	0.00023008172004084686	0.4099807000020519	0.007272623507767791
7.012347443445481e-06	0.003013784657460489	412	2.059222175069421e-05	6.715749370374119e-06	3.9177061714635e-05	8.62961738435051e-06	1.7421061807101363e-05	0.0001738970610791621	0.40549540001666173	0.00649934490580045
6.6587632024586995e-06	0.003238439686599413	413	2.338709981861382e-05	7.949348306972763e-06	4.630533989943731e-05	9.199313080879006e-06	1.9760564000402974e-05	0.00022796616959085158	0.41514890000689775	0.007072491467892155
5.296281127922182e-06	0.0030569626398427355	414	2.7590406976744543e-05	8.516013449979579e-06	4.530203232949826e-05	7.494104137979919e-06	2.0720467976018486e-05	0.00014669116051511136	0.4109020999749191	0.006548243655817776
5.441508642933712e-06	0.0036042096000785456	415	1.5591252066309273e-05	4.846198457410819e-06	4.0062979936863625e-05	7.762729641092084e-06	1.8395247012766113e-05	0.0002299339424066771	0.41595940000843257	0.00778422375638352
5.417254657228773e-06	0.0028167145553969243	416	1.933654877899885e-05	6.555477024714789e-06	4.458032615023892e-05	7.904435288195507e-06	1.6644468017268456e-05	0.00018962831181778368	0.4224781999946572	0.006135185967020559
5.206788184540449e-06	0.0036942880502767676	417	2.2785906024478254e-05	7.67099549070643e-06	3.8499500092010044e-05	6.48647964612571e-06	1.4308461205103164e-05	0.00016315755422667265	0.4133608000120148	0.007829364589039487
5.475370832259002e-06	0.0025440473185029877	418	2.5186783607481785e-05	8.730574055756926e-06	3.770204600689786e-05	7.4322016676279665e-06	2.16111851912465e-05	0.0001695868325322911	0.4267855000216514	0.005560493019455333
5.938840476537096e-06	0.003658023321727348	419	2.4266413586617273e-05	9.618437942696171e-06	4.317233519241738e-05	8.197364981795774e-06	1.1475911312919944e-05	0.00017194440185498773	0.4087428000057116	0.0077800195024471126
4.836337821787973e-06	0.004074003757967596	420	2.0417511296690995e-05	8.084741306457306e-06	3.914345338010677e-05	9.096807302738305e-06	1.7101874787764536e-05	0.00013640743498440484	0.4131538000074215	0.0085414413244091
5.9462372519851565e-06	0.0041515908681663445	421	2.7890627357395307e-05	1.1206688351596974e-05	3.8847160413217854e-05	1.0063126810939945e-05	2.025341204960563e-05	0.00020790049750908293	0.4167858000146225	0.008859389632887188
4.969307339023247e-06	0.0029450007248281087	422	1.7487610331211555e-05	7.277679414081714e-06	3.606947112446633e-05	1.175936098601003e-05	1.714583409229235e-05	0.00014136941310614954	0.4114137000287883	0.006289564680586917
6.044745737611528e-06	0.003002538028577537	423	2.198276225072657e-05	9.67678568455646e-06	4.2978987675370635e-05	1.440026451229372e-05	1.752312906791121e-05	0.00020693581983658596	0.41477740003028885	0.0065551222465622385
4.562786511875306e-06	0.0033693056152944646	424	2.468687515817999e-05	1.1435477652191852e-05	4.829169293428068e-05	1.741838384672233e-05	1.757748457154716e-05	0.0001485849003853101	0.4229543000110425	0.007181894003117769
5.001429654907156e-06	0.0033698991794085358	425	3.211231401859485e-05	1.336313294549341e-05	5.014036336938321e-05	1.869210630851039e-05	1.529589878246144e-05	0.0001358844090697057	0.4261703999945894	0.007166469750473203
5.094807088674505e-06	0.0037691944801527067	426	1.831699825363857e-05	1.0285461554209695e-05	3.617427815009263e-05	1.469632852130793e-05	1.1548193769015619e-05	0.00013936342368822962	0.42875760002061725	0.007929874875876503
5.055990998024504e-06	0.0032440986908333245	427	2.71485498849508e-05	1.2960372098965997e-05	4.3662591227984914e-05	1.56999767600516e-05	1.6415878085006146e-05	0.0001289838676451244	0.41269279998959973	0.006888580345094913
5.307843076854955e-06	0.0029399958004812975	428	2.1082329184585693e-05	8.36908445188786e-06	4.215435965791055e-05	1.648824347025412e-05	1.4725932523209682e-05	0.00016741732166842166	0.4105882999720052	0.006342987812264207
4.840702904363538e-06	0.00331282264743485	429	2.3701690980827273e-05	1.0345236148746032e-05	3.1844700660308305e-05	1.6768812062313535e-05	1.5159181188512795e-05	0.00016646200737909157	0.4208726999931969	0.00708122951766583
5.51501550809248e-06	0.0034311197000443027	430	2.2517486328528214e-05	9.03819355148004e-06	4.026778059644107e-05	1.7603344528136943e-05	1.7472642257017227e-05	0.00016740357329535351	0.4422591999755241	0.007332448667214118
5.118490999500335e-06	0.003466538788793299	431	2.3707849670140712e-05	1.0068354317129533e-05	3.678627285337605e-05	1.3416109943907323e-05	1.672072737380328e-05	0.00013822353430142231	0.40442040003836155	0.007337181669720603
5.318095634508517e-06	0.0029976288644503147	432	2.7984840586020303e-05	9.595061280363942e-06	3.7314490644328025e-05	1.35523792940632e-05	1.3882761981986169e-05	0.00016760049173748055	0.4380238999729045	0.0064573071994133546
5.061252624559087e-06	0.003086615223479462	433	2.7422628243904005e-05	1.2535469579734978e-05	3.315373756509142e-05	1.208022727046958e-05	1.8555855383301263e-05	0.00015985706029996046	0.4180678999982774	0.006625370846233765
5.800710908741333e-06	0.0036157487674284084	434	2.666403986431676e-05	1.0291254748737544e-05	3.4285961767890075e-05	9.878141936388757e-06	1.654518157432935e-05	0.00019982524571528917	0.4041191000142135	0.00775695920957087
5.0121810159772155e-06	0.002416002785408542	435	2.4658649795243417e-05	8.589925589001045e-06	3.380447702964934e-05	1.0486873628422115e-05	1.9734110809268717e-05	0.0001832167051979522	0.40366670000366867	0.005325471490905795
4.902497695337809e-06	0.003039902705142516	436	3.385424555891218e-05	1.1972789913611358e-05	3.105249162860021e-05	9.224361249309573e-06	2.1696045509643793e-05	0.0001464652664902314	0.40812899998854846	0.006512036918025891
4.853913850870438e-06	0.003157701886880853	437	2.3511480518366192e-05	8.785407859626023e-06	3.1265898112535675e-05	1.0796463155201138e-05	1.7621884360329968e-05	0.00017254796641611345	0.4986229999922216	0.006779810552662063
4.782450291255032e-06	0.002938293696992789	438	2.113158799763762e-05	6.635239765111689e-06	2.995664704668989e-05	9.805426799716623e-06	1.736929042577413e-05	0.00012009424674205431	0.42563750001136214	0.0062286082705129
4.8386644864278525e-06	0.003078613525186566	439	2.692918942102328e-05	1.1150132678448841e-05	3.6008600933920746e-05	1.1332973564659775e-05	2.019869143965118e-05	0.00019290758397754173	0.4374196999706328	0.006678537826778426
5.47370928258394e-06	0.003718393734826178	440	2.6720491433372774e-05	9.609914262366933e-06	2.6107797281704066e-05	8.321188678066337e-06	1.5162371059098698e-05	0.00012433755024262205	0.44489109999267384	0.0077974941224764754
5.34039389315317e-06	0.0029136218573352856	441	1.8529015129097145e-05	6.774098384962362e-06	2.9225605792727646e-05	9.084811354864499e-06	1.6128977216795343e-05	0.00015841463532485724	0.4162255000555888	0.006250625258201834
5.071868188006695e-06	0.0032348828165565608	442	2.467435656012406e-05	8.45088784365399e-06	3.274468203027723e-05	7.471003227349469e-06	1.8861890405357716e-05	0.00015245501630511984	0.4354438000009395	0.006895884112571494
3.991464043551275e-06	0.0032450821314742055	443	2.559136845734827e-05	1.1170814724278318e-05	2.8903543412003012e-05	6.17194440190033e-06	1.4353531733052608e-05	0.0001442307744536657	0.4653587000211701	0.006887153474404481
5.318565673273474e-06	0.002421976905189488	444	1.9155741832280123e-05	7.453301173689797e-06	3.530016305895874e-05	7.910799484478436e-06	1.906340808485879e-05	0.00010526978758814762	0.4490824999520555	0.005173077338620944
4.341558639564605e-06	0.00366149962193189	445	2.342349228770331e-05	9.180266024768618e-06	3.398549727332158e-05	6.633058669488669e-06	2.0355215888464736e-05	0.00011805903554157096	0.4246100999880582	0.007681733178258262
4.375171825252766e-06	0.004188745118561111	446	2.468260875554501e-05	1.0632861325185533e-05	2.9967591268214517e-05	5.825414316150099e-06	1.7634873181301042e-05	0.00013594226688344417	0.3926544000278227	0.008764503336567314
4.641043114354443e-06	0.0029165651508935046	447	2.4144049232156273e-05	7.307130814675116e-06	3.511456325345777e-05	7.029299974896198e-06	2.5445504736192157e-05	0.00017859837640483644	0.4065442999708466	0.006324095193572961
4.9506444657813755e-06	0.0036881992343513062	448	3.363842866854662e-05	1.3324417709222332e-05	2.5150643946649352e-05	6.841800423037616e-06	1.5950661834811508e-05	0.00010493168440224007	0.40417460002936423	0.007707019740855733
4.648384203702622e-06	0.003148240727458438	449	2.509690759801884e-05	1.2243236027658553e-05	2.3339554409736796e-05	7.849206064023094e-06	2.0798623438641752e-05	0.0001390999980714966	0.4599925999646075	0.006694104370443996
4.599495261604527e-06	0.003577219294587152	450	2.339563013467441e-05	8.673391064419064e-06	2.7170377647201548e-05	7.078576551432089e-06	2.031111624596798e-05	0.0001257024005308786	0.42857899999944493	0.007521982588648933
5.115560245444947e-06	0.0019003806129306634	451	3.189363786638367e-05	1.2859007317450428e-05	2.5425460307799887e-05	7.772516874376154e-06	2.029217385373012e-05	0.0001714084814226638	0.41970800003036857	0.004272344279271014
4.036635511742716e-06	0.003165771380334941	452	2.63820834826217e-05	1.067838962055353e-05	2.5533013240966027e-05	8.797252479367966e-06	1.9191370478675163e-05	0.00015527701429706575	0.406853599997703	0.006759943540068358
4.709716009953788e-06	0.002468954854257163	453	2.702396784425995e-05	1.1207636975380813e-05	2.955448961366286e-05	9.341572134122106e-06	1.6058377979184906e-05	0.00011865937139137923	0.4204685000004247	0.005293892305842787
4.4356618743416365e-06	0.0033762377773188385	454	1.7948295447191314e-05	8.09202214957775e-06	2.6200902360953638e-05	7.467000162355359e-06	1.596466368205009e-05	0.00014449474860134067	0.43874610000057146	0.0071419739230732205
4.584667875345889e-06	0.0032546540341937494	455	1.994734134453949e-05	8.99159178675548e-06	2.4977386016994785e-05	8.670506796014353e-06	1.56025579670579e-05	0.00015563450017470066	0.4366996000171639	0.006923538346366011
4.569363575661346e-06	0.002882841354063967	456	2.373177685112866e-05	8.477895445030398e-06	2.4611899372980124e-05	8.523696735751538e-06	1.8457607349543037e-05	0.00015047440172403457	0.4375404000165872	0.006178030721831302
4.298784187367025e-06	0.0031661887697583295	457	2.0040674407794805e-05	8.794152679078088e-06	2.8772316455788415e-05	8.88809261617246e-06	1.2304589281224541e-05	0.0001268952049443792	0.4156618000124581	0.006685869932501434
4.264859698657449e-06	0.0028922716721067887	458	2.790731812308419e-05	9.95404789920534e-06	2.796127208053478e-05	9.752166197496411e-06	1.3295429973836003e-05	0.0001614069986490383	0.41595389996655285	0.006218052725156962
4.449134292179053e-06	0.002565195713902871	459	1.4757778470822984e-05	4.04176870427156e-06	2.3104519216037035e-05	9.054498359283069e-06	1.310506945545487e-05	0.00014584918228595164	0.43739340000320226	0.005508156764623328
4.385281415333519e-06	0.0032864108810021684	460	3.72452014735339e-05	1.1905964775455921e-05	2.6014288883019636e-05	9.228995285237514e-06	1.8990283268140565e-05	0.00013302218536437462	0.44303929997840896	0.006970011712517282
5.041207874784405e-06	0.0037628646853391135	461	2.541710326979336e-05	8.613635309412686e-06	2.672281134091316e-05	9.829482326142439e-06	1.371988318350919e-05	0.00011826562441118417	0.44317909999517724	0.007870365833863444
4.2598729767002225e-06	0.0020316990709609442	462	2.1098597714299388e-05	7.373568866827096e-06	2.4732695885341687e-05	1.0597059904480038e-05	1.2498046653878865e-05	0.00012390359458938166	0.4422432000283152	0.004408523092732758
4.287446872299955e-06	0.003064892964123832	463	2.4470390259543436e-05	6.183165287648726e-06	2.628511574667679e-05	9.78660390492688e-06	1.6332831616946475e-05	0.00014062971290491153	0.43757489998824894	0.006519011186234775
4.7193693085101765e-06	0.003434018832445181	464	2.7850283606804436e-05	7.538151408084725e-06	2.530185175294568e-05	1.038202468452127e-05	1.5067618625861475e-05	0.00014550857016184965	0.4417253999854438	0.007269701092535161
4.638937718389002e-06	0.0031208068862214697	465	3.0457129398905043e-05	8.125778685391955e-06	2.3901445700373507e-05	9.492415753213701e-06	1.0802566242022203e-05	0.00013061916727909783	0.4444461000384763	0.0066057118844598415
5.09548152691134e-06	0.002523508673350663	466	2.169680208326888e-05	5.5972316075833215e-06	1.856442362912092e-05	8.13436052920963e-06	9.614325078282648e-06	0.0001145994667781521	0.4502480999799445	0.0053596287113172
4.236968278115157e-06	0.003096874421672312	467	2.0729657342690115e-05	5.666001413779378e-06	2.2217385388143362e-05	7.813976415533101e-06	1.6095549693287454e-05	0.00015603579295541022	0.4426234000129625	0.006602912485758395
4.7637137087220735e-06	0.0029798848626471156	468	1.9534782269290845e-05	4.5345460324591855e-06	2.2901247429829345e-05	7.5079781607743375e-06	1.701978958627772e-05	0.00012040482245052626	0.4190286999801174	0.0062986249306776374
4.801576499003514e-06	0.002803937905735503	469	2.4069918210792254e-05	5.673441067289708e-06	2.6080465033193696e-05	8.500706253879518e-06	1.341553696308082e-05	0.00011631582100781733	0.4251372999860905	0.005941266210975965
4.241386807146854e-06	0.003326060940329769	470	2.8439300795875634e-05	7.2690232028012105e-06	2.016484628775889e-05	8.32691886375039e-06	1.3876343183769579e-05	0.00012566851299484227	0.40400209999643266	0.007003894455781241
3.740153351081374e-06	0.002897594709816767	471	3.179102186845276e-05	9.291498166313224e-06	1.9719888374063e-05	6.477215247739601e-06	9.778555259632422e-06	0.00010211120210971567	0.4006863000104204	0.006093728864730962
4.442865373796822e-06	0.0028718037263563445	472	2.6302966180196992e-05	6.69946427209317e-06	2.1938618096031916e-05	7.677116583046837e-06	1.4956603517212124e-05	0.0001314998962279655	0.3999172000330873	0.006108024348082007
4.1582960618265225e-06	0.0026511551806356276	473	2.4553951386405644e-05	6.417212668482654e-06	1.994786284264425e-05	7.155588584371778e-06	1.0466962916184867e-05	0.00012251580110614766	0.3952764999703504	0.005634667096921478
4.159284757568316e-06	0.0026338547314180183	474	2.9628715396685713e-05	8.238547480037037e-06	1.9564220840761996e-05	8.51895814040538e-06	1.482499152664423e-05	0.00012449321373152568	0.4046616000123322	0.005620614884725403
4.531248715243902e-06	0.0028989285572259753	475	2.6863944292744994e-05	8.53101911823203e-06	1.9518516441370864e-05	7.55285885594093e-06	1.2017830466533154e-05	0.00011681426763731171	0.4503205999499187	0.0061270501467984165
4.772136701846523e-06	0.0032588566407310412	476	2.8505980039363376e-05	7.751232175273863e-06	2.495341905042889e-05	1.0776712877042987e-05	1.639197929597115e-05	8.891952960589032e-05	0.40547920000972226	0.006809867916811607
3.7789924072929915e-06	0.0026111029661593094	477	3.549438263786602e-05	1.1857348694281862e-05	2.535761174726376e-05	9.987312027964894e-06	1.2924639294771497e-05	0.00011299482707553642	0.43558930000290275	0.0055642995049811975
3.857000096992791e-06	0.003915818085075441	478	3.227430015321135e-05	9.960766000334835e-06	2.3065496596656924e-05	1.0258770761866693e-05	1.4059655386007893e-05	0.0001377212483315142	0.4332550000399351	0.008218471311291982
3.745661366252833e-06	0.003389506623794741	479	3.740297160833248e-05	1.1076033655541533e-05	2.0344419555130093e-05	9.140007991095657e-06	1.3656193923303857e-05	0.0001220370701001498	0.42647519998718053	0.007135854531178995
4.150527539096859e-06	0.0028846505364707852	480	3.156993310394739e-05	1.134196005824144e-05	1.7058586234049225e-05	9.31725240718851e-06	1.3240038072240795e-05	9.113789769885788e-05	0.4421355999656953	0.0060556457313653885
3.947412932146047e-06	0.002669621662862918	481	2.5265755102877337e-05	1.0090791496165897e-05	1.565813939383949e-05	8.901023969497016e-06	1.1427511850405472e-05	0.00010659357204263978	0.425513599999249	0.005643096029338598
4.15144933363687e-06	0.003434865137404012	482	2.7543549651593124e-05	7.394030427939655e-06	1.7177105021951966e-05	1.0070508274044359e-05	1.0778771533837763e-05	8.938366315236319e-05	0.4135564000462182	0.0071405432362232285
4.721817611194111e-06	0.0034073049627445706	483	2.6887295660441295e-05	7.486578933030987e-06	1.6728303716037122e-05	7.612575018332209e-06	1.5410612261785724e-05	0.0001151886134408224	0.4253827000502497	0.007143966765444587
3.957670092942196e-06	0.0032584080197599966	484	2.1562318893375425e-05	6.9529732506146185e-06	1.68597936842408e-05	7.326957804548168e-06	1.1120108478624397e-05	0.000111786111072567	0.43530979997012764	0.00682324586244104
4.456512454163493e-06	0.003279420727546833	485	2.683977070595086e-05	7.848475872453129e-06	1.724257503608343e-05	7.873406585863848e-06	2.028285689621072e-05	0.00013283652717885715	0.4416653999942355	0.00693379747635248
3.981237704851748e-06	0.0028777968855124006	486	2.9827204661978124e-05	6.540824524207498e-06	1.538510669894815e-05	6.28438341932192e-06	1.5529755965386288e-05	0.00013382596152907884	0.4383523999713361	0.006120305200727891
4.614930258632099e-06	0.00251810280216584	487	2.669308547025429e-05	8.96421406880206e-06	1.6356051615903043e-05	5.612021320746609e-06	1.3029321547372048e-05	0.00010223797140431693	0.44579199998406693	0.005333595423228029
3.7958695054473894e-06	0.002956481947964298	488	2.1076658820404013e-05	5.454073942301436e-06	1.582316930232959e-05	5.423045784503383e-06	1.847991452807299e-05	0.00010528116423154736	0.44004259997745976	0.00621585474030827
3.861899666594426e-06	0.0032152088151287265	489	2.5454402025208172e-05	8.736020810069197e-06	1.44140915478755e-05	4.965460223317289e-06	1.457742417340224e-05	8.988371008388645e-05	0.44579230004455894	0.00670063367271169
4.305983021174549e-06	0.003326512685376856	490	2.7696366575914548e-05	9.140654390487382e-06	1.898428648579101e-05	7.30717915160526e-06	1.4446223865307094e-05	0.00012328531334154045	0.4414165000198409	0.007000228897813555
3.7403399729075015e-06	0.002526500981254053	491	1.9239600623908512e-05	5.026423847071787e-06	1.3834289747036629e-05	6.929857013636807e-06	1.3539744619870299e-05	0.0001063559772907871	0.44044799997936934	0.005345304257506889
3.81182018464895e-06	0.00356037790659561	492	1.6545601559210876e-05	5.116004567338452e-06	2.0620362255964676e-05	7.533863671604416e-06	1.749098252244224e-05	0.0001278084019402634	0.4483660000259988	0.007468794054540049
4.094555302560893e-06	0.003530180840662195	493	2.6771113453140263e-05	1.0365725596831574e-05	1.864764306796284e-05	8.054520203701109e-06	1.561845657096941e-05	0.00013284927327735757	0.45034490001853555	0.0074293252539478025
4.0571523972430865e-06	0.0031400992950971767	494	2.2830864114778806e-05	9.769271204985374e-06	2.072020283269816e-05	9.940149889914018e-06	1.0892888859758548e-05	0.00010864204487274068	0.44248179998248816	0.006590643250496214
4.12703996812445e-06	0.00337307044152483	495	2.4718496055262286e-05	9.38985066532342e-06	2.646057482432791e-05	1.2584386831575429e-05	1.0739598461956993e-05	0.00011198061986197846	0.44342119997600093	0.00707298870801027
3.8220479265909414e-06	0.0031539980196988154	496	2.6113553568618613e-05	9.778046989719838e-06	1.924228126047862e-05	1.4202576816691608e-05	1.0557884907680797e-05	8.953431862846564e-05	0.45121860003564507	0.006585161000958614
3.414664768559234e-06	0.002746276581318075	497	2.484796099664965e-05	8.25775205350279e-06	1.4223500370043352e-05	1.3320751880727268e-05	1.7257647316808406e-05	0.00011401242815822115	0.43851189996348694	0.005822572608424251
4.095429037202076e-06	0.0035703582077981884	498	2.7693556850123572e-05	8.805855820070184e-06	2.0216021943926383e-05	1.3392345941591776e-05	1.1230926364393292e-05	9.489677686686632e-05	0.4423482999554835	0.007431270460689012
3.785684622628986e-06	0.0025797774254774173	499	2.5574932453717236e-05	1.0185248230894937e-05	1.674491441274075e-05	9.257761034712452e-06	1.4757627835142315e-05	9.223096341430894e-05	0.43666619999567047	0.00544286625883106
3.897032812595332e-06	0.002057598255692252	500	2.2515930912662088e-05	6.941344088985722e-06	1.8514180539513375e-05	1.0805357316160576e-05	1.288619334795387e-05	0.00010006370513989153	0.4341524000046775	0.004407667186842707
4.016946400071011e-06	0.003573043247384995	501	2.5500280708989978e-05	9.772298954715164e-06	1.824298040911028e-05	1.10631901692755e-05	1.3643083372481866e-05	0.00010036845447686288	0.4381180999916978	0.0074467222135109114
3.761735976925488e-06	0.0036082124050865554	502	2.222085716932505e-05	6.917103461610223e-06	1.5961984081477658e-05	8.989429630184727e-06	1.7167434745153295e-05	8.998760707749383e-05	0.439338999975007	0.007492347740114854
3.5063128329608735e-06	0.003372659069484036	503	2.7851756698266975e-05	1.0392947966528283e-05	1.1031275037541715e-05	6.713911764001408e-06	1.2750986866266398e-05	7.362137664222439e-05	0.43799319997197017	0.006981065383117313
4.385558642388484e-06	0.002379603405837592	504	2.33110396192615e-05	8.028721330101093e-06	1.24891351555482e-05	3.92952729888804e-06	1.2135772718214374e-05	0.00011048819495003461	0.43773990002227947	0.005060984287700258
3.8373222901398365e-06	0.0022859045744850603	505	2.829711267084459e-05	8.601781856776161e-06	1.4626234773583097e-05	3.4166622421774507e-06	2.1419108415781214e-05	0.00011309307232680542	0.4417297999607399	0.004903449946578956
3.931177965103676e-06	0.0029766048429588207	506	2.4566325813671515e-05	8.968940463585781e-06	1.3655540299723067e-05	3.196274629505081e-06	2.1585642671930522e-05	8.985458874593839e-05	0.43598850001581013	0.006234339585890072
3.5308975017618503e-06	0.00338623500006072	507	2.0978864443931467e-05	5.8794319278037575e-06	1.3420765740438125e-05	3.1189241536514392e-06	1.7621858391937777e-05	8.487315222726283e-05	0.44254760001786053	0.00702791980262919
3.9438174726828865e-06	0.0033776507839082892	508	1.917740685564771e-05	5.019538890561756e-06	1.2737612253227473e-05	2.6357163167397096e-06	1.7055924621174796e-05	0.00011333507751805117	0.4361170000047423	0.007063541481356574
3.6122093363252013e-06	0.002596494873599281	509	2.0390360222322036e-05	7.09601485294462e-06	1.3900894951109084e-05	2.7064283990102163e-06	1.5595844482884414e-05	9.651245319425545e-05	0.4407329999958165	0.005468524459650879
3.829725791310936e-06	0.0037758734809773585	510	1.818447122921404e-05	7.12811098563537e-06	1.4709248253561826e-05	3.0340244605494117e-06	1.806975818617311e-05	9.783732799798075e-05	0.4407082999823615	0.007834276440834606
3.1466676234570664e-06	0.0033233207784702703	511	2.411780976917739e-05	6.890511873673053e-06	1.4391594000309358e-05	4.155701046610254e-06	1.69400664064798e-05	0.0001149806931876615	0.43803109996952116	0.006966332028065507
4.37316584992319e-06	0.003722180504251803	512	1.832419698689351e-05	4.1392031132137774e-06	1.4718990518319967e-05	4.5600864253963775e-06	1.575240065906503e-05	0.00010727846127661474	0.43920790002448484	0.007740911541118635
3.621717927592649e-06	0.0029726380625555294	513	2.2844416450190386e-05	7.25251194964742e-06	1.3367089853680343e-05	5.997253962892176e-06	1.1594954353122089e-05	0.00012461109187694125	0.4389361999928951	0.006274392925642782
3.8188895742285156e-06	0.003443726344208202	514	1.8994883783917873e-05	6.624939845371307e-06	1.3299458243107877e-05	7.781932973489955e-06	1.226930573035151e-05	9.616012220323907e-05	0.4371697000460699	0.00715865053827793
3.9694065584294685e-06	0.002659077715646444	515	1.8056808188144325e-05	6.258094403276652e-06	1.3252922704544275e-05	1.0151577862386302e-05	1.0893748724733184e-05	0.0001081636918401975	0.4383131999638863	0.00561192852869796
4.306157572056895e-06	0.003133416227721151	516	2.0823181393077324e-05	8.249365576770101e-06	1.75395771810227e-05	1.192000476126588e-05	9.749593377194857e-06	8.63900676559304e-05	0.4396301999804564	0.006526256221564802
3.957150364893843e-06	0.003241171244724155	517	1.529061655671516e-05	5.528451094723253e-06	1.9610944656672212e-05	1.3609178350710536e-05	8.094472238675352e-06	7.133317034928226e-05	0.4344732000026852	0.006703151266012834
3.735393148616238e-06	0.004280050045543562	518	1.7543948785532634e-05	6.6267970831396845e-06	1.654798808925775e-05	1.5776064378658162e-05	9.813812720451709e-06	8.197103375763134e-05	0.44444799999473616	0.008807635368677109
3.393340935933743e-06	0.0032364540736692614	519	2.1731334792322953e-05	5.587351466704106e-06	1.8124130536582108e-05	1.342720477635807e-05	8.158777633471783e-06	9.26852798703063e-05	0.4544707000022754	0.006740252965789914
3.634021094401568e-06	0.002551084974685874	520	1.7409181183718265e-05	4.928669109395974e-06	1.648940894688761e-05	1.2553179477855585e-05	9.349532831586234e-06	9.904621299019226e-05	0.43796110001858324	0.005377609921921965
3.899736026314441e-06	0.0036401615748331527	521	1.9031321144485287e-05	4.9515839363054286e-06	1.9242017763864235e-05	1.0577884375630623e-05	9.31472422969034e-06	0.0001049864263583491	0.4403395999688655	0.007570527730115298
3.639170014064337e-06	0.0033090461109173317	522	1.331159106905617e-05	4.245101374997236e-06	1.1678415300568744e-05	8.90306636623603e-06	1.1635168185522758e-05	0.0001124825497355859	0.44362410000758246	0.006911744171815869
3.881173611845839e-06	0.0032637457676036427	523	1.752824040051764e-05	4.996054154633571e-06	1.142754783593537e-05	6.8682607195063405e-06	1.3088506322952136e-05	0.00010162195617571029	0.4356344999978319	0.006805494910538895
3.624262586866508e-06	0.0029765955355352015	524	1.932090805113229e-05	5.273253344280768e-06	1.110465602157886e-05	5.3474729384565016e-06	1.1303205455877356e-05	0.0001075784913498221	0.4390893999952823	0.006239249280210983
4.47513670843384e-06	0.0030168443479839276	525	1.5953201617222213e-05	4.592553482395584e-06	1.0853872352492678e-05	4.173281912446362e-06	1.1864601347768636e-05	9.585723774806352e-05	0.4369682000251487	0.0062936555569409434
3.967865327739936e-06	0.002987755652798212	526	1.4915800954722396e-05	4.172343266500559e-06	1.1261476269485245e-05	3.0589207734824542e-06	1.4056912146021914e-05	0.00010595804641287644	0.4387655000318773	0.006256885494633892
3.902907157699675e-06	0.0033291717827403857	527	1.833455766763638e-05	5.232341796230533e-06	1.0302416243319222e-05	1.932148978254421e-06	1.6269634691554436e-05	0.00010236673624505168	0.4368268999969587	0.006939223586354824
4.241736059728613e-06	0.0034296783770316874	528	1.59885359224655e-05	4.9268088933501185e-06	1.2139732298712257e-05	1.5430736195924714e-06	1.3416498153009708e-05	9.581799701034429e-05	0.43131720001110807	0.007120907367243659
3.9119585172565715e-06	0.0029866346018602155	529	1.5048085891150897e-05	4.397026862756812e-06	1.4309727197811894e-05	1.746725592514686e-06	1.6340955364617287e-05	0.00010140912213719424	0.44260040001245216	0.0062520948413028014
4.011811237998368e-06	0.002549952763863629	530	1.6949544832068482e-05	5.075547121048665e-06	1.2319986304806292e-05	1.7521566984715098e-06	1.4257147285025055e-05	9.495767428685639e-05	0.43560069997329265	0.005362456028303413
3.4368887638790704e-06	0.003204726665662988	531	1.2669045832579324e-05	3.6598141391656333e-06	1.4311246686022811e-05	1.5186586402311977e-06	1.5001055434587275e-05	7.983521257185978e-05	0.4409078000462614	0.006638158410164628
3.7584575738751593e-06	0.002411655813892019	532	9.089847259181522e-06	3.6815192962929107e-06	1.3905073887872732e-05	1.8739686222750918e-06	1.2774578126877744e-05	7.610324685875829e-05	0.4404426999972202	0.005037134601968682
3.7642589373429134e-06	0.0028425175780528796	533	1.1820038917934747e-05	4.681346552979763e-06	1.1077693422105295e-05	3.271201195562318e-06	1.5946600507682357e-05	7.078348951492155e-05	0.44420010002795607	0.005896874134114234
2.5839437650037623e-06	0.003021754908915429	534	2.0626081664491486e-05	8.483162916055304e-06	1.1217765916900174e-05	3.7000827205212975e-06	1.6107522879833554e-05	8.68370830760181e-05	0.43949429999338463	0.006298594010490537
3.3702222162236587e-06	0.002873636614942569	535	1.9225593010718276e-05	7.936904439684487e-06	1.1833596646912769e-05	4.0411771508235336e-06	1.914828345278467e-05	6.242997550363804e-05	0.4396044000168331	0.005960207463478568
2.967441355082193e-06	0.004006882572269067	536	1.4284612738447359e-05	8.61486274087195e-06	1.0200013910692431e-05	5.4421007828920956e-06	1.8927883685751866e-05	8.652404628629839e-05	0.44278330000815913	0.008269145477365302
3.1544688060373467e-06	0.0032785232282716483	537	2.008480364775192e-05	1.2060545802037453e-05	1.0166404927890806e-05	6.827712217650796e-06	8.538517738592524e-06	7.197127645055027e-05	0.4395318999886513	0.006773514449128988
3.701555446110856e-06	0.003136620584638427	538	1.9408041477870747e-05	1.0648198524873e-05	8.391776783403733e-06	6.843158164739156e-06	1.582011146717918e-05	8.825821836813122e-05	0.4304483000305481	0.006534092114790583
3.4897763640973066e-06	0.0035849229727156267	539	1.17362185227214e-05	4.815452817370633e-06	1.0241859033315656e-05	6.4478662520934545e-06	1.2161141165037133e-05	8.632298328511086e-05	0.43537090002791956	0.007407035143685245
3.199102041867095e-06	0.002198052455347394	540	1.8458014700345055e-05	7.844104364754782e-06	9.494709215420472e-06	6.434184819399327e-06	1.399929341901096e-05	6.758205060469675e-05	0.42464490002021194	0.004607896815925857
3.577907217734796e-06	0.003371721313606228	541	1.8112690421007548e-05	8.888525851376376e-06	1.307708213586454e-05	6.40764442825006e-06	1.3025349416804167e-05	9.235079619005472e-05	0.4083888999884948	0.007007836675698142
3.018919220932418e-06	0.0029892899119411684	542	1.4825010323485178e-05	5.616439921823786e-06	9.047497439476071e-06	7.781728396292833e-06	1.306672381308752e-05	7.880115367485572e-05	0.4006997999968007	0.006205624093381166
3.3903289839003056e-06	0.002791107079989838	543	1.6288856964518628e-05	6.9373590239438395e-06	1.2576707675255269e-05	8.895590661241262e-06	1.2577034959047208e-05	8.365730568123868e-05	0.401931100001093	0.005826162013553008
3.3405213812730317e-06	0.0031949190279460206	544	1.7890801722729393e-05	6.70687473635816e-06	9.98914180780863e-06	9.054767196380125e-06	1.1583041114033125e-05	8.153334925881355e-05	0.40431850001914427	0.006626393464863558
4.085327961036977e-06	0.003603380802504907	545	2.009100829244662e-05	5.7170721160465275e-06	1.3010694617476432e-05	8.636203874852206e-06	1.0130246838381267e-05	6.382409934068396e-05	0.4030096000060439	0.007410295932190838
3.2154297320307444e-06	0.002811368000941783	546	1.7074668192078985e-05	6.347840360871489e-06	1.1823687005944624e-05	8.844063306825335e-06	1.325678789041713e-05	7.8956697913847e-05	0.4101731000118889	0.005857684091821876
3.955154634473096e-06	0.002449033628026779	547	1.350165392930703e-05	5.48832642614247e-06	1.000572259444478e-05	7.78698481166534e-06	1.585231764224764e-05	8.513491717881841e-05	0.4064234999823384	0.005144734722726195
3.1520291648972954e-06	0.003356968207715986	548	2.0493310620021307e-05	5.828792439068114e-06	1.0832133982666657e-05	7.572270926567218e-06	7.392971225211743e-06	7.860148311322903e-05	0.4001718999934383	0.006936955890406973
3.0498691678467414e-06	0.002821317862114403	549	1.936249480741862e-05	6.0912722487841735e-06	9.076605636813953e-06	5.5752709534074624e-06	1.400945285267731e-05	6.880640279559188e-05	0.43540389998815954	0.005854472817507462
3.074782465831274e-06	0.002984571858039432	550	1.573846045430153e-05	7.235181163299823e-06	8.872018633931663e-06	6.734815086564143e-06	1.0334708324012908e-05	8.580218551306704e-05	0.4410779000027105	0.006206147544022784
3.5058263400703162e-06	0.002785520008660823	551	1.4224194295441208e-05	4.030542416387212e-06	7.728777567671005e-06	5.531109138551508e-06	1.1290785924123367e-05	7.126449116400309e-05	0.4385007999953814	0.005774676847596091
3.897876571382126e-06	0.003392086755866209	552	1.5911013395611034e-05	3.923000236264873e-06	6.878771384495895e-06	4.293531977461976e-06	1.149777241476024e-05	6.854470596351349e-05	0.4430282000103034	0.0069830605386255636
3.1456274051203225e-06	0.0030463450336648255	553	2.0414230540608005e-05	5.046428639679939e-06	6.893608690466967e-06	3.3296764430453203e-06	1.2467280371842316e-05	6.32726687294406e-05	0.4410863000084646	0.006286145164656257
3.4377817618497144e-06	0.002538767276153011	554	1.9668678022742526e-05	3.7041498517305785e-06	7.011318774807858e-06	2.6713823113932264e-06	1.2513269805970612e-05	6.73321506029486e-05	0.4154063999885693	0.005277156485608234
3.288367755969667e-06	0.0019090705355794973	555	2.04678661174406e-05	5.261490449026715e-06	7.593420201615267e-06	2.513695029058397e-06	1.5119535429142972e-05	6.720199366694706e-05	0.43090269999811426	0.0040251973366602556
3.661465409834048e-06	0.0029807516450446186	556	1.2992078306742738e-05	3.641910160176319e-06	7.896389740701059e-06	1.985739746454192e-06	1.7182590850812286e-05	8.05086249578077e-05	0.4132120000431314	0.0061907247704802194
2.7626436962445407e-06	0.003022040865177703	557	1.7511934292041094e-05	5.567189697086339e-06	8.070282870952165e-06	2.181671532708049e-06	1.4406641849456904e-05	6.100686134996533e-05	0.3962092000292614	0.006233765102539528
3.372940822680482e-06	0.0031821545950861396	558	1.4446161602612438e-05	3.3506978519773556e-06	8.7548107807421e-06	2.5030570468247967e-06	1.777116447188717e-05	5.29625843859348e-05	0.4078053000266664	0.006541577296815441
3.4284560867467494e-06	0.003220403134620194	559	8.895842933015675e-06	3.0891982844364804e-06	1.1193492576812471e-05	3.3206781572947307e-06	1.3726362767584998e-05	6.893037331946534e-05	0.4007821000413969	0.006639475865539542
3.5039470388547937e-06	0.002459357338935174	560	1.3897324706739486e-05	4.247519175041408e-06	1.1751531564117442e-05	3.821810517075415e-06	1.5148134351574924e-05	7.808628796927546e-05	0.40612030000193045	0.005145909602552731
2.9433299584496583e-06	0.002750893173281175	561	1.32042643360243e-05	4.8533195292757674e-06	1.223005560636271e-05	4.119023826066575e-06	1.7433326924794545e-05	7.179933517393607e-05	0.425520199991297	0.005720544993974439
3.114877662751179e-06	0.0028481073877591745	562	1.1764065156583551e-05	4.980062427384092e-06	1.1412475273904747e-05	3.3972197345136993e-06	1.7535646236289857e-05	7.439222255591547e-05	0.4039649000042118	0.005917854091020647
3.645329519778517e-06	0.0033171465772570408	563	1.6476793758605258e-05	7.103908311649377e-06	1.0608716112144902e-05	3.5934775321184006e-06	1.6243241741343516e-05	6.214052150712798e-05	0.3969591000350192	0.006836134235765099
2.520582942715803e-06	0.0031026263198190105	564	1.5874679419557135e-05	5.097449789372273e-06	8.368803420577047e-06	5.140593643923683e-06	1.2801328961746965e-05	5.775612426304264e-05	0.39518130000215024	0.0063858902382464625
3.1785988787681648e-06	0.0026046753576487412	565	1.0687817933061651e-05	5.090982876026556e-06	8.921082259453773e-06	5.003248605350867e-06	1.2799630662833678e-05	7.001636061312828e-05	0.4293483999790624	0.0054110430272808355
2.9818090396988228e-06	0.0034977476991129002	566	1.2641982394702584e-05	5.506769936363723e-06	9.190660310630911e-06	6.134233138696024e-06	1.4789819386404635e-05	7.546568362229851e-05	0.4397673000348732	0.0072154436681029985
3.341715110712535e-06	0.0019898936420797726	567	1.4799148621179967e-05	8.552839789963524e-06	9.17137095108964e-06	6.657593544632841e-06	9.82164205321958e-06	7.004490760076444e-05	0.43727610004134476	0.0041853847665958045
3.259435130340762e-06	0.0035185232177879057	568	1.367660837633226e-05	5.479312937488585e-06	9.444026632586683e-06	7.893586268636977e-06	7.92616179544664e-06	7.010136355349833e-05	0.4370886000106111	0.007236113890749427
3.4526329431556173e-06	0.0033601940910789876	569	1.4865044419086188e-05	8.079742404802476e-06	1.006281251481321e-05	9.984172051928146e-06	1.0247172923074897e-05	4.944597180316704e-05	0.43769009999232367	0.0068896715088874
3.3323277862700435e-06	0.0033167980850312088	570	1.733043486657077e-05	6.745355176075668e-06	1.1557357226553542e-05	1.3157787485594276e-05	1.0023242459382336e-05	5.6974138421838574e-05	0.44245740002952516	0.006823046522152193
3.0556413927245243e-06	0.0030148807416301654	571	1.7287695399017638e-05	7.317716599435948e-06	1.3588628214100497e-05	1.3483393563065751e-05	1.1574349325697503e-05	6.876178468660058e-05	0.44248730002436787	0.006248222467845995
3.174504555306251e-06	0.00284883795320214	572	1.812430190644356e-05	6.687795230803799e-06	1.239251494482971e-05	1.2929042161310053e-05	1.2594801053797249e-05	7.823709990125322e-05	0.4472282999777235	0.0059358223716683796
2.85966901940728e-06	0.0031358462482649115	573	1.8750073262330164e-05	7.073840233702751e-06	8.267841826690929e-06	1.1537038750693392e-05	9.58970747052155e-06	8.058958338004856e-05	0.44695040001533926	0.006503399210343196
3.402919636734202e-06	0.0033756327307241543	574	2.030556551118184e-05	4.954072898101874e-06	1.3502137285199997e-05	8.771026493308203e-06	1.0008812564656041e-05	6.976289816261155e-05	0.45001219998812303	0.006965147524364104
3.3327502665210137e-06	0.0018471079295908925	575	2.2468860852203848e-05	6.048107302016939e-06	9.615844847842835e-06	8.276841166040339e-06	8.851655592194468e-06	6.10280764249583e-05	0.4517941999947652	0.0038870504779172366
2.8375727376534747e-06	0.003011870992294794	576	2.0910356441653826e-05	4.271473403489152e-06	9.489679982825355e-06	8.415144359310372e-06	1.015333491519936e-05	6.620291399044576e-05	0.45694529998581856	0.006225216282063463
2.7909345364356648e-06	0.0036181746548980356	577	2.1591818964197192e-05	5.959028995670444e-06	9.774363747080396e-06	6.068312802971198e-06	1.477311389168366e-05	5.8223667415974356e-05	0.4515537000261247	0.007431318265994177
3.3867126805586288e-06	0.00277421202086416	578	1.86560258718093e-05	3.6996978507896693e-06	7.307030437308354e-06	5.775335264884634e-06	1.0493620798743794e-05	4.4204803761252405e-05	0.45362440001918003	0.005700032405634222
2.661462733977327e-06	0.00304006919656101	579	2.1236267462902504e-05	4.379106180551105e-06	5.124043981752213e-06	4.152917488072463e-06	8.725214403177763e-06	6.06199428013068e-05	0.45662630000151694	0.006259043968112221
2.7943948582115038e-06	0.0034516674100922053	580	1.9304227451535013e-05	3.254718997222035e-06	5.5037601616787406e-06	3.3873334570014326e-06	1.0974120336061188e-05	6.49193135021539e-05	0.4602337999967858	0.007092160517644701
2.5118061271138625e-06	0.003025388984084074	581	1.737613164278763e-05	3.056348100111636e-06	5.215853972839159e-06	3.2808074696153913e-06	1.6454663614248387e-05	7.321649280889663e-05	0.44183379999594763	0.006264073034454021
3.388971271256772e-06	0.002921673943315851	582	1.695127713591861e-05	3.7927915230493975e-06	3.840776394491697e-06	2.7952572033691514e-06	1.2873904017357751e-05	6.72757800008088e-05	0.43833670002641156	0.0060378052994673765
2.938621157244664e-06	0.003950254855513792	583	1.3340368374683728e-05	2.8514402134132246e-06	4.471826511891403e-06	2.82282071306217e-06	1.5946575038307593e-05	6.055782726964729e-05	0.4446746000321582	0.008082882213771032
3.1381040978070238e-06	0.0023029673871982088	584	1.2739018969172261e-05	2.8962880391788934e-06	5.3824443805287425e-06	2.655665624501494e-06	1.3192784700250431e-05	5.792626200146203e-05	0.4453597000101581	0.004778122493008838
2.8570611834605196e-06	0.0029306786793499616	585	2.176118804131935e-05	5.7633583054205845e-06	5.556540852208173e-06	2.3617879536798983e-06	1.2358495480240003e-05	7.233044496874781e-05	0.43927670002449304	0.006071892237117448
3.2561016472904978e-06	0.003439939615474481	586	1.6961419462111308e-05	5.1475332971480125e-06	5.623553452022771e-06	2.5274013868643115e-06	1.4851193626020603e-05	6.93026962018552e-05	0.44101829995634034	0.0070849591214974415
3.417077453984038e-06	0.003015966170852687	587	1.6050247148058767e-05	4.7665651324884e-06	5.425827307583976e-06	2.2149294812933574e-06	1.6256522346524075e-05	7.755525517976494e-05	0.44513459998415783	0.006254847620735346
2.9260672290038814e-06	0.0030856349157391454	588	1.6133030451470307e-05	4.78814360310401e-06	6.37569319220615e-06	2.571727002456497e-06	1.2880220323202457e-05	6.47132063536588e-05	0.44021829997655004	0.0063621774135392585
3.0905102412032376e-06	0.003133962150994713	589	1.0694928459829963e-05	2.896931698680881e-06	4.560851132123213e-06	3.499853297216297e-06	1.3590182566101787e-05	5.66627358552047e-05	0.4381087000365369	0.006436263723902295
2.922915397177303e-06	0.0034262241602497166	590	1.2506893700199076e-05	4.889319867256842e-06	5.728322793422754e-06	3.573374890837637e-06	1.2286972535388732e-05	6.597235533082437e-05	0.4417409999878146	0.00704151071827793
2.9606998249342812e-06	0.0027986055210751986	591	1.0081186674297062e-05	3.7708959570468505e-06	6.319577545301401e-06	3.623935650254747e-06	1.0837965717736649e-05	5.940273883343467e-05	0.4320473000407219	0.005767409446729509
2.88415975484842e-06	0.0030090895001337447	592	1.4005509983776935e-05	6.0890469266812456e-06	5.994370796087282e-06	4.818388410224281e-06	1.3338953765347784e-05	4.6576681766534255e-05	0.43871940003009513	0.006174685906957721
2.788033000966596e-06	0.00272431916133908	593	1.1135710362152121e-05	5.765558924048195e-06	6.246029426740137e-06	4.725858641338224e-06	1.4680132061170908e-05	5.695900371512113e-05	0.42814350000116974	0.005625365817586956
2.619436835025699e-06	0.003921249389982287	594	1.3715968019406908e-05	4.655744765888316e-06	7.306652330532519e-06	5.235239730341739e-06	1.4262810050036866e-05	6.657609187066955e-05	0.4061484999838285	0.008040329062322209
3.0131333531089866e-06	0.0032129843910550975	595	1.1169963500882515e-05	5.120173411376999e-06	8.23549780129292e-06	4.629795779568783e-06	1.1453318074764363e-05	5.719867141742703e-05	0.444478599994909	0.006598454458293917
3.1157719388576174e-06	0.002610443011805209	596	7.760638925776922e-06	4.398491614497263e-06	7.134617219882478e-06	4.689270954362095e-06	1.2869203838935328e-05	5.637142045609788e-05	0.4367225000169128	0.0053895818347927185
2.7164334181271124e-06	0.003201632414102047	597	1.030399841988242e-05	6.4787708501924455e-06	6.511180411088559e-06	5.103130983633549e-06	1.4368605584965494e-05	6.005409316769101e-05	0.4400669999886304	0.0065859401732104575
2.8509393163461273e-06	0.0033090027284504745	598	1.033068115026705e-05	6.684208356536514e-06	6.675525981331128e-06	4.7599597217721816e-06	1.3215321638274504e-05	6.268310526896844e-05	0.4249246999970637	0.006803954564558033
2.4479197292631035e-06	0.0030565664467093437	599	6.5081433033060885e-06	3.3150744427070744e-06	5.7598394889120796e-06	5.326081605327244e-06	1.0713762015714833e-05	5.6421998386364325e-05	0.4358776999870315	0.006273209392521625
2.6130971293912196e-06	0.0030155144755624665	600	8.671906854054099e-06	4.881132419982813e-06	6.621252125475318e-06	4.6799963473318045e-06	1.2551390893643665e-05	4.612805814699082e-05	0.43184540001675487	0.006178468331211829
2.967691924092052e-06	0.002798823286774918	601	9.308671800617705e-06	5.271541972830383e-06	5.995197378501427e-06	4.7232927909728636e-06	1.3197871182022652e-05	5.944528063023482e-05	0.4289076999993995	0.005774166964965456
3.3441264376690535e-06	0.002931198357835474	602	1.3941578099419918e-05	5.493669325702383e-06	5.601581092218672e-06	4.2634277854450235e-06	1.4151317190966125e-05	5.850253130100072e-05	0.43776729999808595	0.006043692921833005
2.665544114951704e-06	0.00271104828625678	603	1.4112038785774522e-05	4.9321011070899715e-06	5.277128075258495e-06	4.592513498896825e-06	1.248487278794115e-05	6.91846799628037e-05	0.4306798999896273	0.005619680547711973
3.1331783686863193e-06	0.0019767903457795027	604	1.2424210056710495e-05	5.476282580413611e-06	5.5492836346604215e-06	4.6010412140162735e-06	1.3591819235011635e-05	4.931983794792483e-05	0.4229479000205174	0.004113721180148052
2.6533864303926565e-06	0.00292659267139216	605	8.480029627678876e-06	2.900823529402807e-06	4.462408507210786e-06	5.032110606647699e-06	1.2442623032576817e-05	5.09561561992699e-05	0.42328719998477027	0.006006165046379739
2.7583651202754253e-06	0.002762786298368588	606	1.1313516860547952e-05	4.033792259609078e-06	4.869535300814931e-06	4.276825733649963e-06	1.0105886103216466e-05	5.4038499335204966e-05	0.42613059998257086	0.005683871768009192
2.475762225032979e-06	0.0034337222545503775	607	1.4900051041077414e-05	4.560453092569242e-06	5.59434290110604e-06	4.024164833472835e-06	1.0621234598389636e-05	5.853581265291315e-05	0.42583940003532916	0.007039789139921653
2.7539608848034923e-06	0.002956675141123288	608	1.420424413126344e-05	4.776266132740306e-06	5.620645052884353e-06	4.968758424297113e-06	9.416089540460596e-06	4.9418518229770207e-05	0.4102666999679059	0.00606609733329783
2.9118017426885272e-06	0.0035709798192468407	609	1.6165786343881535e-05	4.416695749442319e-06	6.201707512886929e-06	4.4283621634914586e-06	1.0607150789692053e-05	5.7583626585084525e-05	0.39966409996850416	0.007315377348498313
2.6424106850136144e-06	0.003833222054577613	610	1.723203816570573e-05	4.001970883871298e-06	7.785290386131323e-06	5.403919157518244e-06	1.1487308878025322e-05	4.797984395156064e-05	0.420239600003697	0.007825086454777651
2.672122571945565e-06	0.002899385974457047	611	1.3556844757828415e-05	4.958396126019618e-06	6.891733768617247e-06	6.304768366143166e-06	1.0368105792877354e-05	4.383608854570253e-05	0.42401080002309754	0.005944236325753753
2.9456119938530422e-06	0.003632673481550169	612	1.7282291251949683e-05	4.7111955979770134e-06	9.494454537177099e-06	6.4240046122055995e-06	1.1899466152209712e-05	5.412097541939116e-05	0.40476880001369864	0.007441191016230555
3.092958939938879e-06	0.003122350502354639	613	1.730410828256805e-05	5.888257863546493e-06	1.0730358968175608e-05	8.354307878648587e-06	9.762634618540877e-06	4.699148189271281e-05	0.4084656999912113	0.006406672188604603
2.7641115907921455e-06	0.0023179888654670856	614	1.7493879836448926e-05	3.512941371429117e-06	9.006210723062976e-06	8.013222946220715e-06	1.0182039325026564e-05	5.36100796014121e-05	0.40064449998317286	0.004807116446845794
2.832286939301464e-06	0.0028648876526033012	615	1.6250430134078612e-05	4.501502677203297e-06	9.064820165662461e-06	8.760035134401272e-06	1.021709336666107e-05	4.835675169538222e-05	0.4015990999760106	0.0058911643573206374
2.509826719394288e-06	0.00268612179037314	616	1.4803274663494e-05	2.6574850765420486e-06	6.650359169195196e-06	8.491885797588356e-06	9.209201679803276e-06	4.596806167425055e-05	0.4105483000166714	0.005520220765599997
2.77763159860906e-06	0.0035738369636949853	617	1.519119878360141e-05	4.2324894825229085e-06	5.810784717752424e-06	7.908516232694714e-06	1.0373847967710984e-05	4.660854450529359e-05	0.399851199996192	0.00730033696474977
2.6991011501319748e-06	0.003298891260437855	618	1.2535103369072568e-05	2.8334755280943974e-06	4.135980219272331e-06	3.759164200284417e-06	1.0067866311081873e-05	4.465176072399451e-05	0.4069008999504149	0.0067358837005628515
2.468194110629254e-06	0.0027973282575402807	619	1.5633201150651756e-05	3.929167419990566e-06	3.4166457156555048e-06	2.6652753869201065e-06	1.5134638934890753e-05	5.1183936457676785e-05	0.4024333000415936	0.005757874343760174
3.0634204596357863e-06	0.0031995003361528686	620	1.3337767985599563e-05	2.7858775910199756e-06	2.961147626990003e-06	1.8878149533566592e-06	1.374807924130469e-05	4.225602700395099e-05	0.4039830999681726	0.006538108333872486
2.741204750068077e-06	0.003031612420290258	621	1.579268567905972e-05	3.966463220439997e-06	3.68484736282583e-06	1.3349783747557461e-06	1.3205178727247034e-05	4.468617972887017e-05	0.4048938999767415	0.006209268941629968
2.4476777648335275e-06	0.0033515545776707043	622	9.390523611592859e-06	1.975704794988539e-06	4.984631804142529e-06	8.709856461472384e-07	1.6791761796687956e-05	5.530654163029624e-05	0.4031266000238247	0.006869422963581915
2.845911499804142e-06	0.002815560455366182	623	1.0569245891574454e-05	3.1182149817736275e-06	4.211372160958536e-06	1.4229918983310717e-06	1.988470181322061e-05	5.326013769687839e-05	0.40327609999803826	0.005802424237684809
2.7045056997308596e-06	0.0030770224540559417	624	1.3781913901816267e-05	5.025778653966909e-06	5.127169228698689e-06	1.2739110100598623e-06	2.193725415273452e-05	5.0965129195903654e-05	0.4006930000032298	0.006330467459003165
2.7102799788526646e-06	0.0029485873859531903	625	1.4571546755182499e-05	5.626207066754109e-06	5.662225155685706e-06	1.7664429136243023e-06	1.7950232381692887e-05	3.7438497434162196e-05	0.4053463999880478	0.006040999213387042
2.336004554268763e-06	0.0028162470416688064	626	1.3327535395385694e-05	5.576062948791379e-06	6.070305105020554e-06	2.04856362420487e-06	1.3390373788195444e-05	4.3460936818863255e-05	0.40042870002798736	0.00577789118073367
2.4938563284492658e-06	0.0025594039202969975	627	1.0664072841928048e-05	5.202507613422272e-06	5.69191567009975e-06	2.9264445196110202e-06	1.7764646674671553e-05	4.0360357162397e-05	0.3995692999451421	0.005264530501570092
2.5517302898326733e-06	0.003450946153251173	628	1.6080991085810722e-05	6.427133758247333e-06	4.824168705237902e-06	4.467915865715285e-06	1.3138055482847033e-05	3.970789135182653e-05	0.40300099999876693	0.007044487870166369
2.3040234891693857e-06	0.003479639541607854	629	1.6724810201808476e-05	6.4410595437670065e-06	4.317529074514129e-06	4.919706316619468e-06	1.1514651588919233e-05	4.805871464323586e-05	0.4010246000252664	0.007115436967795066
2.351918214417782e-06	0.002055779867462113	630	1.50141689528153e-05	6.095369402388473e-06	5.143327287702983e-06	6.670131116555977e-06	1.0725331152689002e-05	4.3412873531524604e-05	0.39532920002238825	0.004257462977480951
2.333290211890226e-06	0.0029478333001867144	631	1.2074197779584573e-05	6.307124370787495e-06	6.810851834606197e-06	7.733511589579097e-06	9.51239046955248e-06	3.562678643951045e-05	0.4051391000393778	0.006023537220189893
2.429596706281665e-06	0.00251365745363825	632	1.778590553364455e-05	7.556847515044272e-06	1.0076158418616116e-05	8.794268559532718e-06	9.833756687701578e-06	3.592318880916499e-05	0.4032353000366129	0.005167901171709634
2.0769240002570184e-06	0.002319556953292128	633	1.656864615197528e-05	5.4924843932970265e-06	9.20869916623174e-06	1.0468327716444817e-05	1.1831515483372675e-05	3.636867268988879e-05	0.4007787999580614	0.004781406288359241
2.561582159379349e-06	0.002664630653158338	634	1.667478453745724e-05	6.137137224839541e-06	9.514629719270422e-06	1.0880602473417855e-05	7.2999211912393636e-06	4.1741668839837104e-05	0.4047493999823928	0.005475674804652573
2.5724935562158734e-06	0.0031900643930016185	635	1.5013033584807905e-05	4.974196602280002e-06	1.0403287560685962e-05	1.1222743490587203e-05	9.743538492466466e-06	5.1466857005627974e-05	0.4028971999650821	0.006549307825350219
2.4988268074780286e-06	0.0025914383439466235	636	1.4540714467630244e-05	3.201768059400971e-06	7.9803803081646e-06	1.078582913373955e-05	6.250537277587953e-06	3.934164264851427e-05	0.41671750001842156	0.005315567393329343
2.731503690584957e-06	0.0028800677116525343	637	1.0656286351000092e-05	3.307589398177644e-06	6.904329347485744e-06	8.521735960648001e-06	8.12692383122494e-06	4.6814562193073666e-05	0.4198032999993302	0.005904871343792147
2.8079118667295896e-06	0.003277341789625579	638	1.5559249214364783e-05	3.761575247694579e-06	5.864881243003829e-06	9.170481277352586e-06	8.965818331629657e-06	4.393015777392972e-05	0.409419399977196	0.006700447542178152
2.5203324293221504e-06	0.002714943502298968	639	1.6635258105894587e-05	3.897103992156044e-06	5.084122103498713e-06	5.198257354841692e-06	1.2484111623442739e-05	4.531189995094458e-05	0.41168040002230555	0.005581334434161746
2.6492272827973583e-06	0.0020244800145045733	640	1.5630078357341114e-05	3.274692246108647e-06	3.97920061028626e-06	3.201081354523222e-06	1.061647229797606e-05	3.240012514081835e-05	0.39682689995970577	0.00416637673102059
2.7494276607665575e-06	0.0028569353744799303	641	1.290554543775155e-05	3.0029411655859137e-06	4.1885812685149e-06	1.8237210563523817e-06	1.1980737232990405e-05	4.777177271663734e-05	0.40660779998870566	0.005860795413108855
2.427329599150404e-06	0.0026920245115904596	642	1.106593800061603e-05	2.167894337366395e-06	4.901786822955535e-06	1.2972046437170503e-06	1.308713293378628e-05	4.0223177163921714e-05	0.39939209999283776	0.00551495712637929
2.3459582871146604e-06	0.0035534208470566603	643	1.1745277104726057e-05	2.737716275458508e-06	6.320999194966738e-06	1.5891491484875534e-06	2.0690808410796228e-05	5.54027012720395e-05	0.4035332999774255	0.00728611377177686
2.2697402047374567e-06	0.002681464065822826	644	1.342797146626001e-05	2.704649440751871e-06	6.518084745439506e-06	1.7157833199562596e-06	1.8204076779451297e-05	5.257391479870822e-05	0.4040758000337519	0.005533390084183853
2.088849288822896e-06	0.0027958005813407197	645	1.4210767530375029e-05	3.0202817331980408e-06	6.251062798702907e-06	1.6279246460334762e-06	1.835705489156638e-05	4.639420657002677e-05	0.4294487999868579	0.00575039142089058
2.27031089630276e-06	0.0036928352212262624	646	1.181560842262382e-05	2.6871594669124366e-06	5.656051144344556e-06	2.1688411424270353e-06	1.966800800329131e-05	4.080598387354741e-05	0.40779600001405925	0.007533486708175116
2.519246766947712e-06	0.003201399696377528	647	9.802720360283866e-06	2.441242895565661e-06	4.521545599407451e-06	2.195611306811102e-06	1.6362854934983102e-05	4.3094972808301204e-05	0.41298109997296706	0.006545714661937587
2.565329407091031e-06	0.0027939594332264993	648	1.3253589311862155e-05	3.739084051215911e-06	3.572205873682722e-06	3.2391073892040024e-06	1.2878048384085742e-05	4.6005456975809756e-05	0.40073100000154227	0.0057346205226129375
2.3576402717752267e-06	0.002932360654024916	649	9.818013894722805e-06	2.569807526014219e-06	4.230790115980972e-06	4.109397077914933e-06	1.1301727560822221e-05	3.945878008846032e-05	0.4189104000106454	0.005991685612506579
2.3128288332694344e-06	0.0032344695837928164	650	1.3940497709748447e-05	4.795209823312963e-06	6.094098648376629e-06	6.618317116554717e-06	1.2391918931884129e-05	3.856322020985103e-05	0.4011659999960102	0.006606923226833635
2.511331661067856e-06	0.002677727539379077	651	1.5832606770996102e-05	4.90873956827562e-06	1.0337434093799968e-05	6.821070817672945e-06	9.142995491992477e-06	4.5264047771943945e-05	0.40797649999149144	0.005507191679858907
2.006391883242136e-06	0.0029349604314608943	652	1.5236715672292392e-05	5.002406868984924e-06	1.3564063311558362e-05	1.0077632171011486e-05	5.884066103583291e-06	3.560052573024166e-05	0.41789839998818934	0.00600078364837977
2.5182076081610624e-06	0.003306263680450809	653	1.6449804112284636e-05	5.233411627623739e-06	1.9541849350018555e-05	1.2709278349209365e-05	6.110611703030027e-06	3.437495662921332e-05	0.4248850999865681	0.006752469256221562
2.521491769061835e-06	0.0030088956824836748	654	1.4252670621756511e-05	4.708391164967064e-06	1.7443375491979366e-05	1.4424871813275657e-05	7.5798606978249645e-06	3.565031816133381e-05	0.4031801999663003	0.00616012401531577
2.7007594347670032e-06	0.0034534747741557037	655	1.4318974735299173e-05	5.167168363443885e-06	1.4387198440360059e-05	1.023857840169157e-05	8.344466934431543e-06	3.834014324198094e-05	0.4016395999933593	0.0070498322074745625
2.354864858059213e-06	0.0032590693218211104	656	1.154787056009066e-05	4.898952924826604e-06	1.724088334489262e-05	1.2992105503567412e-05	9.658995393331306e-06	5.8948841824887135e-05	0.406898999994155	0.006706743860128153
2.5231042162719603e-06	0.0030450705163078146	657	1.2283956760421859e-05	3.364223562604935e-06	8.001612568346711e-06	1.1200923542551704e-05	7.819768919795019e-06	4.5617383882042054e-05	0.4353164999629371	0.006236912263085772
2.628585081331592e-06	0.0030865879186646396	658	8.202487179912506e-06	2.216264424023611e-06	4.89446665591536e-06	9.538041450872832e-06	9.201454780771526e-06	4.7987703871716906e-05	0.43736109999008477	0.006317662584507644
2.455718396063748e-06	0.0031677831281613743	659	9.38367064572057e-06	2.2443788601083593e-06	2.9757224536310474e-06	7.700929811831155e-06	1.0022824138285961e-05	5.096774996598015e-05	0.44682999997166917	0.0064847635430947
2.685877559328457e-06	0.0036502167412169545	660	8.798575057078134e-06	2.3569453476773203e-06	2.4086119405851014e-06	4.935693008260094e-06	1.2340260848553668e-05	5.029252356616335e-05	0.42716189997736365	0.007449570631735601
2.368052421598618e-06	0.0031801046164135027	661	7.725972588972319e-06	2.7069536544444097e-06	2.9595861126943553e-06	3.8545950317731155e-06	1.3038887098205931e-05	4.769153205181336e-05	0.3997747999965213	0.006503653283358125
2.746478471310871e-06	0.0032642015164106412	662	6.860321705921615e-06	2.6938955057100417e-06	5.5295023205773615e-06	3.560681178305896e-06	1.5307016930889322e-05	5.206323273372782e-05	0.4093146999948658	0.006687280889803653
2.3537394748229754e-06	0.002823127701759767	663	5.577381415010938e-06	2.2133644951864873e-06	5.856693699475021e-06	2.650563978212421e-06	2.1072883265857492e-05	4.360767704641135e-05	0.41791790002025664	0.005796622006681603
2.6252002946377983e-06	0.002254800033651651	664	4.815083269271858e-06	2.03946825170975e-06	5.985275838975787e-06	2.3926012233015887e-06	1.400512597685976e-05	4.2078291010907374e-05	0.4075817000120878	0.00464224973045137
2.056007552350889e-06	0.0033385969943239254	665	4.585467233442473e-06	2.077402807936747e-06	5.247945485338897e-06	1.7020739050281728e-06	1.046060649159229e-05	4.007592555278973e-05	0.40008440002566203	0.006795991957273064
2.36889216400904e-06	0.003700054882970349	666	6.459404081178717e-06	3.356181943778205e-06	5.286924668856383e-06	1.848820592349889e-06	1.547370329570422e-05	4.3864726086467805e-05	0.41424029995687306	0.007540475740319223
2.5907482803517095e-06	0.0027605332067253486	667	6.9393531094938076e-06	3.505813008662589e-06	5.176387939281498e-06	2.2931308889348727e-06	1.2346747216868739e-05	5.2186150225495575e-05	0.4004558000015095	0.005673228389842502
2.7136840805626008e-06	0.0025780090782725282	668	6.796464513161073e-06	3.679149421547259e-06	6.1373319710534975e-06	3.1526589025730374e-06	1.26454437830398e-05	4.695625830015911e-05	0.40472210000734776	0.005300414533680914
2.3472010812541634e-06	0.0028010824590733972	669	7.76446898561119e-06	3.698117394471757e-06	6.2370950868622e-06	3.49651287678765e-06	1.0135364681035899e-05	4.773234496061569e-05	0.404959500010591	0.005743790933936338
2.5912850358467163e-06	0.002968092031327383	670	7.136924699985966e-06	3.885292793356044e-06	5.492395167679169e-06	4.416557753518272e-06	1.098891520177657e-05	4.658262157068103e-05	0.40385100001003593	0.006077440876685914
2.715005706949752e-06	0.0027370778179840504	671	5.895265128849004e-06	3.2026023303684545e-06	5.69008847783974e-06	5.8020123753594835e-06	8.012945305319435e-06	3.168932828422267e-05	0.4000829000142403	0.005579580162873501
2.2505149552342936e-06	0.0037442324215182345	672	5.660439291355369e-06	2.736379958277776e-06	6.106396099260309e-06	7.6106035322694625e-06	8.545040594792238e-06	4.4671918056567575e-05	0.4017061000340618	0.00762151360913082
2.401797162441359e-06	0.0032658745263684013	673	6.621091659065198e-06	3.086456868139743e-06	4.853064800275777e-06	7.011477480609636e-06	6.140916187680085e-06	3.437738894493377e-05	0.4021356999874115	0.006639161348135004
2.687508347159718e-06	0.004024284668991587	674	8.796414783598881e-06	4.316229343944154e-06	5.26201383865557e-06	7.071472272537568e-06	1.0307240490297701e-05	3.151935313555614e-05	0.39484610001090914	0.00816304367216794
2.842815296426616e-06	0.00283785205260465	675	7.890650801146911e-06	3.0329780078165423e-06	5.0940033999729825e-06	4.7842210722886215e-06	8.727682120865725e-06	3.691893384063544e-05	0.3956483999500051	0.00579348482100638
2.242483627401992e-06	0.003425490474780023	676	8.730145857886542e-06	4.132257258095516e-06	4.2895037921728036e-06	5.004168376619796e-06	1.185223182896366e-05	3.266802930630031e-05	0.3936321000219323	0.006966662514370152
2.40109933168156e-06	0.003663363044200212	677	8.538797415763614e-06	5.016251387244023e-06	4.392145448929251e-06	4.519323492108598e-06	1.0233830413642511e-05	3.157873608912678e-05	0.3981387000530958	0.007437619937813372
2.6392065094473434e-06	0.0029597045060266816	678	1.1333338329833125e-05	5.330483834539829e-06	3.702055071490818e-06	2.497561415504182e-06	8.494732747810127e-06	2.4522619498216536e-05	0.39495659997919574	0.0060135855682156795
2.596902318257939e-06	0.0028714978258552433	679	1.0912574007154603e-05	3.596488945155135e-06	3.66373453630022e-06	1.8466466469527304e-06	1.2987254732338226e-05	2.679740871304104e-05	0.39942739997059107	0.005847778227373323
2.210578539701027e-06	0.0034723397271569333	680	1.0923715387618499e-05	6.544187721292504e-06	3.55533179957415e-06	1.1063603565000373e-06	1.71422784077067e-05	2.3753600289677268e-05	0.3979876000084914	0.007053021964053023
2.3588768098174398e-06	0.0024591388835239754	681	9.01422065891222e-06	4.4831096418974365e-06	2.9441548298336656e-06	1.307685346029185e-06	1.1855004202938354e-05	3.085091608329782e-05	0.40282610000576824	0.005026156531716731
2.014408299693337e-06	0.0034354742890280276	682	1.228346240441354e-05	5.149326711185679e-06	2.124169777392882e-06	1.416149381193269e-06	1.2553877243364366e-05	2.10641804419873e-05	0.4032005000044592	0.006963186618300332
2.4835963493713884e-06	0.002511488735101072	683	1.2574870781680886e-05	3.768535910715599e-06	2.6214098835159934e-06	1.7303808879574272e-06	1.407789863773061e-05	2.8173029857129196e-05	0.4212720000068657	0.005133141717354475
2.242900508624202e-06	0.0038849636397064726	684	1.617044824668015e-05	4.67333414377887e-06	2.282656942488843e-06	1.944907208974069e-06	1.6482027911570213e-05	2.741528654107149e-05	0.3995647000265308	0.007887279055877399
2.281193821852468e-06	0.0021806280913313123	685	1.130791540795014e-05	3.035808499868093e-06	2.0665451628134262e-06	2.364972624868528e-06	1.6822306310002864e-05	2.7025520012869055e-05	0.4024574999930337	0.004472289464647574
2.1566964973908307e-06	0.0031837035945331887	686	6.8681880708096024e-06	3.213062252068688e-06	1.7787596477986035e-06	2.8003482294892924e-06	1.4583957476318167e-05	3.165333847200643e-05	0.43416400003479794	0.006478855532157975
2.404260306027203e-06	0.0031887560696744646	687	1.154385381762295e-05	3.6249451556918262e-06	2.186515849401611e-06	3.0791106398701824e-06	1.5468271275077612e-05	2.725978506452815e-05	0.4110964999999851	0.006488211198102783
2.174708049284876e-06	0.003439876342519161	688	8.053546410872487e-06	3.047307310179648e-06	2.3227462068802594e-06	3.2004569016868755e-06	1.4051228557142223e-05	3.348031475802155e-05	0.40238009998574853	0.006995789244596838
2.243736747279557e-06	0.003571971659803934	689	8.15162639606388e-06	3.1189742889923063e-06	2.3027487755055224e-06	3.5711746702861053e-06	1.0569425433666553e-05	2.9532362711875483e-05	0.4016208000248298	0.007245778893524359
2.2693730861921145e-06	0.0029666547191985627	690	9.295074763230039e-06	2.557217246509359e-06	2.784879609015811e-06	3.7397099798886293e-06	8.307323608946816e-06	2.9603377313554232e-05	0.4061337999883108	0.006032046468013154
2.1528603222620026e-06	0.0028015590885323727	691	7.71825379696999e-06	3.2803740603298095e-06	2.900510801251768e-06	3.7669009733443294e-06	1.4017116366849457e-05	3.5734073701845795e-05	0.40873690001899377	0.005724592317478556
2.3550677987950437e-06	0.0040096824941284965	692	5.289841909586649e-06	2.565026358435713e-06	3.475849546336403e-06	4.372932075813504e-06	9.764636565361563e-06	2.7613928563681937e-05	0.4025559999863617	0.008114535904002842
2.3828024243992847e-06	0.003082142889616937	693	8.94255921913839e-06	2.843830480186984e-06	3.954478852397782e-06	4.477640243739012e-06	1.082069628156009e-05	2.843365898349815e-05	0.40651619998971	0.006267778603408251
2.2413608747903618e-06	0.0028574584290306346	694	6.479555768338013e-06	1.8537004119789527e-06	3.5521293226364725e-06	4.155008842306199e-06	1.200328220215487e-05	3.1694531347311214e-05	0.4062139000161551	0.0058228356012550424
2.1340243891493244e-06	0.0030340654283576417	695	9.062013344639705e-06	2.8813237703514275e-06	4.240336591235868e-06	4.187244983606827e-06	1.107785222444825e-05	3.21661041314022e-05	0.44012099999235943	0.0061792577368951175
2.2211155308065007e-06	0.0032957421552911904	696	4.997888110297129e-06	1.9977730205635667e-06	4.921498321791364e-06	4.318808360467835e-06	9.542219910762893e-06	3.271362902598914e-05	0.4015921999816783	0.0066966742073306185
2.226710926884209e-06	0.002998083376099774	697	5.618593611295313e-06	2.779636646461342e-06	4.507693590354749e-06	4.471728134161101e-06	1.1167190276839229e-05	3.2973431853031516e-05	0.4063907000236213	0.006106279070295331
2.4224027135212313e-06	0.0030566774230104407	698	6.369159947694464e-06	2.390179374148682e-06	4.10784780617679e-06	3.7783691189450974e-06	8.375356673729235e-06	2.972601813296876e-05	0.425359999993816	0.006211047957308285
2.203105398446652e-06	0.0029643664015440397	699	7.896878774680503e-06	3.0254807450335095e-06	3.7436289850483097e-06	4.3998683866220384e-06	9.364835897218553e-06	2.8660142750067375e-05	0.4082860000198707	0.006028254828070929
2.198205893538588e-06	0.0038725190962079627	700	7.451951709425157e-06	2.69702217982166e-06	3.1464930219129773e-06	3.8307776967772885e-06	1.0940322219078564e-05	2.9555937528322863e-05	0.40750260005006567	0.007847553368305742
2.4616400278237183e-06	0.0026662677835794174	701	9.770995930700153e-06	3.3323091965751398e-06	3.4838893845014107e-06	2.7633762000987756e-06	8.87222417000251e-06	2.6132653349648705e-05	0.4058216999983415	0.005426819172965661
2.280556751477403e-06	0.0039453980709517516	702	9.01767705785357e-06	4.194401005326498e-06	3.780189627240568e-06	2.0288976359222945e-06	1.1989954770073514e-05	2.629488456128108e-05	0.4077586999628693	0.007990948099395509
2.0324208654576197e-06	0.0032782520263983	703	7.074873847515707e-06	2.732919790733249e-06	3.432031090713705e-06	2.5812892154021388e-06	1.327577627830268e-05	3.113559114299251e-05	0.4132342000375502	0.00666521274331447
2.387250125290149e-06	0.0027430397500831016	704	1.0874841258912561e-05	2.4513815702677134e-06	3.164117943755067e-06	3.009801705163874e-06	1.0893578874586851e-05	2.5106849509393453e-05	0.40314390003914014	0.005582354999662843
2.3180842300521375e-06	0.003864913977798933	705	1.1185129273526619e-05	4.299838064623824e-06	2.9531916189675185e-06	2.798481333316385e-06	9.89179605125195e-06	2.228428017933384e-05	0.406983399996534	0.007820052916809577
2.237670014805119e-06	0.0027829208229539788	706	5.58514949406511e-06	1.785655374465599e-06	3.5932279005349934e-06	2.650917355444388e-06	1.108127929231344e-05	2.6755730323290135e-05	0.40017379994969815	0.005659605955293284
2.115180307101302e-06	0.0025081503205141987	707	9.26032682588415e-06	2.5616533981897702e-06	2.4811835933581875e-06	2.0493244694847444e-06	1.3490015471528858e-05	2.8606996381919744e-05	0.4029127999674529	0.005121077513636414
1.9945022795139826e-06	0.003132892264292036	708	1.1416483436001102e-05	2.7612028769135e-06	2.6873520272621123e-06	2.1830092415753705e-06	9.517011720847602e-06	2.346755309672773e-05	0.4002621999825351	0.0063547907103600025
1.9639470233293264e-06	0.0026167355882564833	709	7.68513357960025e-06	2.724140068814307e-06	2.6411996890356942e-06	2.0578543684049706e-06	1.2229663212846259e-05	2.493255177079937e-05	0.4051381999743171	0.005326831828232771
2.340474340948745e-06	0.002948148540217954	710	9.970569371233352e-06	2.3586137647250603e-06	2.349636270838105e-06	2.3309612547289655e-06	1.1732924376115988e-05	2.998491939894584e-05	0.40585129999089986	0.006001423497329454
2.196929234736994e-06	0.0033458057082538465	711	9.632837968306972e-06	2.7107187049588077e-06	2.3286555364726354e-06	2.3296410425460823e-06	1.029010081647385e-05	2.196435117545279e-05	0.4034611000097357	0.006777516032213304
2.0860814894554347e-06	0.0025935886345158027	712	8.890142017707833e-06	2.3731336408086584e-06	2.377306381929983e-06	2.784479642468177e-06	1.3929426748210403e-05	2.2889683579349508e-05	0.4012887999997474	0.005281412714348552
2.43800682831678e-06	0.0028262460177835872	713	6.436474641080007e-06	2.556522288057889e-06	2.4592869665451977e-06	2.7656108012674802e-06	1.223591069946788e-05	2.770856215054747e-05	0.4016076999832876	0.005751474889620789
2.1477369867312913e-06	0.003003977460976923	714	9.176365685007511e-06	2.9687628858375193e-06	2.5942405291247506e-06	2.6520046292452223e-06	1.313107683072544e-05	3.137598664388159e-05	0.4019257000181824	0.006118655896605737
2.0147928099922155e-06	0.004017523967361231	715	7.88237912291221e-06	2.703963757834487e-06	2.0745463855496014e-06	2.6449710849928855e-06	9.121719577621465e-06	2.8355105815196566e-05	0.39443739998387173	0.008129337031479373
2.147555995109724e-06	0.0028142337038528096	716	5.280650761183626e-06	1.8711724294451931e-06	2.2446653584249867e-06	3.065521080999673e-06	1.3305101481364201e-05	3.3103981492973495e-05	0.39712440001312643	0.005738042695274568
1.9528259250880085e-06	0.002995470293167422	717	5.1707700370133824e-06	2.1618978947523886e-06	2.491901648471013e-06	3.228076854976284e-06	1.0131324191543788e-05	2.993373954875648e-05	0.403622500016354	0.006088029012100833
2.194527607661684e-06	0.0034645232177134538	718	4.069325177510481e-06	2.1166569701246803e-06	3.4367693756706708e-06	3.375869421884622e-06	1.2764719172548108e-05	2.3689545014125152e-05	0.40325939998729154	0.007019342639960768
2.0624791173821187e-06	0.003681191759867889	719	4.636135824762356e-06	2.3715652208159802e-06	3.3911692244992895e-06	3.7035122164361343e-06	1.590145100805578e-05	2.8650210227676906e-05	0.40744729997823015	0.007469714182928523
2.2197202623194e-06	0.003048898763872676	720	6.335021365253838e-06	3.359867959742855e-06	3.2538726139340765e-06	3.7950588077462666e-06	9.792347666799138e-06	2.875151860001276e-05	0.4009283999912441	0.0061960685215502916
2.236372265843909e-06	0.003788994732644439	721	4.66704178847077e-06	2.2058624475201724e-06	3.415161645692233e-06	4.410444734311357e-06	1.0380561761809822e-05	2.6063332515797446e-05	0.40301810001255944	0.0076700485089917746
2.3215252378414583e-06	0.0029778095260376194	722	7.81735044011691e-06	3.8569530105440045e-06	3.3299601307323297e-06	4.092592792909001e-06	9.83188691989513e-06	2.7959412552648647e-05	0.4008599999942817	0.006054941557870312
2.0807625027241486e-06	0.003222599923185869	723	6.078675803814406e-06	3.4442941325817965e-06	4.27312678430065e-06	4.189033465177704e-06	9.86313990761451e-06	2.9497893691991896e-05	0.4036622999701649	0.006546068568762273
2.190487705188437e-06	0.0033900899558090497	724	4.523935935050821e-06	3.26398897489474e-06	5.75946114975892e-06	4.822664838764368e-06	1.0356755963362435e-05	3.478888748630166e-05	0.4047754999483004	0.006893222224826274
2.1904907597097493e-06	0.00300676118856979	725	4.0960781600064265e-06	3.7196997241540994e-06	5.274085245859604e-06	5.703968581667629e-06	8.075873485790327e-06	2.314571350289198e-05	0.4059088000212796	0.006099140364348052
2.524800594131224e-06	0.0031979155207323465	726	5.361177747839461e-06	3.125807703123608e-06	5.315316851143849e-06	5.301417351946207e-06	9.645690395197827e-06	3.266718493719896e-05	0.39865439996356145	0.006504610112971803
2.341992593881288e-06	0.0027450611299077595	727	7.540920229914803e-06	3.535780109682384e-06	6.6439063549161305e-06	5.123842276887768e-06	7.178496976711982e-06	2.4486115536708915e-05	0.4122025000397116	0.005580979919001525
2.1758464282673116e-06	0.003546156870137705	728	8.356777409278405e-06	2.162584456698337e-06	6.400978159490917e-06	5.297899063825378e-06	1.1135262630783536e-05	3.1815746124980396e-05	0.4007499000290409	0.007204785689732766
1.986697259599599e-06	0.0023294023553393187	729	8.234034348474473e-06	3.3231869838135723e-06	5.545973303610496e-06	5.2651108914577896e-06	8.357225301302572e-06	2.138149178895696e-05	0.4266009000129998	0.004744623844905712
2.0234626461807225e-06	0.0032706302652009593	730	8.134629026312092e-06	3.484891483225628e-06	4.408604151369934e-06	4.064652924587303e-06	1.0989897077326473e-05	1.9550750459617247e-05	0.4006011000019498	0.006626481528353662
2.093226302004749e-06	0.0026233991503652014	731	7.762105473655776e-06	3.473579292109163e-06	3.370830898371287e-06	3.5486105945157028e-06	1.2294298751600633e-05	2.6864962161552064e-05	0.40890109998872504	0.005347458401419369
2.085036095301881e-06	0.0032491323369226947	732	9.180391833456622e-06	2.9021312138287597e-06	2.7959912436144636e-06	2.963990397617982e-06	1.0032487405870586e-05	1.5085953004341265e-05	0.42160919995512813	0.006570514131544935
1.96224320885063e-06	0.0027968469363081378	733	1.1991202582178459e-05	4.526081301651606e-06	2.541255003090967e-06	2.757362590426925e-06	1.4333849947128408e-05	2.4489603203491685e-05	0.4038472000393085	0.005697081166812566
1.844139781361507e-06	0.002940595414133753	734	8.318991826467631e-06	2.790975408347041e-06	1.760510992270744e-06	1.8899516241558625e-06	1.4365010915703153e-05	1.6847291550552834e-05	0.43955549999373034	0.0059620641426139835
1.7405372287923528e-06	0.0027203037646716458	735	1.1900973865664881e-05	4.638948746050479e-06	2.044210526823968e-06	1.073123897921273e-06	1.4079033072161463e-05	1.4178789996939031e-05	0.4084854999673553	0.005520261506975538
1.7964108100375468e-06	0.00353366610653886	736	6.944570055828299e-06	3.860006870211521e-06	2.0224959338053044e-06	9.215338478545226e-07	1.331632353669766e-05	1.2242239002349242e-05	0.401922499993816	0.007135790766483589
1.8511769825220022e-06	0.0033995598252696633	737	1.0823444135870006e-05	4.2902193348293885e-06	2.234314710888968e-06	8.112119268320188e-07	1.4193090911299044e-05	1.760918091232777e-05	0.40878160001011565	0.006884585738260044
1.755639290781816e-06	0.003195007096975947	738	1.189688876322609e-05	3.2767032454653317e-06	2.874494312673978e-06	1.1157835485366157e-06	1.664132579488687e-05	1.5953597385485556e-05	0.4131877000327222	0.006477879188764105
1.930675300016349e-06	0.003110777467364152	739	1.04202820294848e-05	3.5036005435825594e-06	2.906091580723638e-06	1.5836400551259884e-06	1.8601996663403846e-05	1.4858145627716353e-05	0.4094670999911614	0.006310750184119494
1.7404878193616389e-06	0.0029967989012566988	740	9.765034608625965e-06	4.685113570528324e-06	3.1555915561904395e-06	1.944792081566488e-06	1.8960446240746633e-05	1.455456380118406e-05	0.4166532000526786	0.006083659330052893
1.7276345083925642e-06	0.003051536351824538	741	7.434664143648942e-06	3.56224367781057e-06	2.499364440051092e-06	2.6798848743589416e-06	2.171108576169625e-05	1.8997727457414874e-05	0.4301293999888003	0.006204121756239953
1.8337278531703701e-06	0.0033620773151387656	742	8.206125816936297e-06	3.950577692965887e-06	2.921303740001854e-06	3.7407081093113025e-06	1.5263308672266755e-05	1.4885916611720899e-05	0.3989774999790825	0.006806939251911063
1.719503580304368e-06	0.0024655982020786917	743	1.0220197741961525e-05	3.5731722432187862e-06	2.667446739077657e-06	4.287567647878802e-06	1.4090629929961426e-05	1.9824716424200104e-05	0.3999323000316508	0.0050232144883984526
1.8257458181087733e-06	0.002709670089058517	744	8.03965665657596e-06	3.24395621949735e-06	2.3215790236993415e-06	4.65322830738647e-06	1.3800760648563416e-05	1.8618201671503333e-05	0.4133263999829069	0.005506088014600544
1.7747836523534572e-06	0.003036378205429293	745	8.32458424476076e-06	3.501252193005514e-06	2.9674090860198408e-06	5.544675182277221e-06	1.3350934639009002e-05	1.918579335409428e-05	0.4017667999723926	0.006161717354855563
1.7968528944407349e-06	0.0027541608884751015	746	1.1377985376481282e-05	4.7182800417994425e-06	3.8082048768755116e-06	6.6380754058493535e-06	1.3267144437713716e-05	1.8309224938382472e-05	0.4008599999942817	0.005601610767192283
1.7180674644411464e-06	0.0021858120264837333	747	1.2585909634755578e-05	3.560263356800469e-06	4.8152995383076476e-06	6.388074778706395e-06	1.0613466965593202e-05	1.6000594106724634e-05	0.41162119997898117	0.004455637857349554
1.7150989499025792e-06	0.0031636692248193836	748	1.2783523228816882e-05	3.924935117913657e-06	6.80729825813344e-06	8.705212196949916e-06	8.083230894434798e-06	2.205063275021139e-05	0.4017345000174828	0.006423257343629678
1.8804651298168863e-06	0.003603677640758693	749	8.965928268045482e-06	3.4440017982820937e-06	8.4597257731276e-06	8.667707165886794e-06	5.765619037077625e-06	2.5404471338532185e-05	0.4046251999679953	0.007302993755533582
1.9035873327225556e-06	0.0030888609979205566	750	1.258647720683123e-05	4.388608821519164e-06	1.2334214065395483e-05	1.2571126649529511e-05	6.879095694760139e-06	1.732806579275176e-05	0.40347630000906065	0.0062718239202248565
2.0010452431233397e-06	0.0034170424978588387	751	1.1480680035963512e-05	4.20654672632932e-06	1.7622460578171666e-05	1.2785362303747401e-05	5.721516952582551e-06	1.9279869849250513e-05	0.40413949999492615	0.0069341849094518015
1.9512904613724877e-06	0.0028858216670269755	752	1.5350463791722272e-05	2.556279188551426e-06	2.0384584880362607e-05	1.7149622921338353e-05	6.216532346826149e-06	1.865187264565979e-05	0.4037333999876864	0.0058807236757436425
1.8925442089209179e-06	0.0033615539042461716	753	1.0120116459535534e-05	2.3189539272106334e-06	2.125203072959908e-05	1.5171317935997744e-05	4.975663373588615e-06	2.626343543876039e-05	0.429952000034973	0.0068382335135872266
1.9005424522353325e-06	0.0035173653166888415	754	1.117962603838492e-05	2.3494897636010033e-06	1.4426432519022996e-05	1.2283650419267042e-05	7.917629840433127e-06	2.6884960151274323e-05	0.4357404999900609	0.007148376097005845
2.106276952102867e-06	0.003315286768990627	755	1.0403705824384706e-05	1.990260588855805e-06	1.1289133164026941e-05	9.11328626009881e-06	7.11326838789488e-06	1.950566676229663e-05	0.4361311999964528	0.00672082034802321
2.141709591187585e-06	0.0029104941787589963	756	9.714335925411147e-06	2.2966608095313404e-06	6.710908176338968e-06	5.78866914281075e-06	1.0593638495037317e-05	2.8696189688043123e-05	0.4456404999946244	0.005928362007120621
2.1416333562344556e-06	0.003561870226118022	757	6.863194681044522e-06	1.6316061596283322e-06	2.3459276443934787e-06	2.8721082792084066e-06	9.327707602572899e-06	2.131939037128721e-05	0.43429500004276633	0.007203030751660507
1.966879867705734e-06	0.00324275798917098	758	8.047616348415498e-06	2.5338588393642605e-06	1.1408208009639843e-06	1.5469476153082067e-06	1.2939803830111776e-05	2.775660696814575e-05	0.43501409998862073	0.006584111803277938
1.7702068294516135e-06	0.003133180813485774	759	6.7185650893618044e-06	2.9234499006099006e-06	1.6245941828510455e-06	1.2409817725573557e-06	1.1031022686389095e-05	1.8710385207245627e-05	0.43944559997180477	0.006341892447363101
1.7421406370615477e-06	0.003156834603086794	760	6.3745182369202016e-06	2.905137480731544e-06	3.0059428085934586e-06	1.1003248103421764e-06	1.5311596718940156e-05	1.9363243053548327e-05	0.4373765999916941	0.006399889090329275
2.3035943754585954e-06	0.003667229346659806	761	4.7677471722384835e-06	2.21543065377684e-06	3.935390111837001e-06	1.6718160659525698e-06	1.5798652961059385e-05	2.200861615161284e-05	0.44429469999158755	0.007427270804299679
2.0147671366608026e-06	0.0033934171572035272	762	5.698309806144518e-06	2.6359186202975024e-06	4.738265351458162e-06	1.4232423771822312e-06	1.418281373372067e-05	2.625132398832889e-05	0.4568728000158444	0.0068862278602795585
2.287515337642124e-06	0.0024754003901017963	763	5.238115590565543e-06	2.5578324893587184e-06	4.039793479529464e-06	1.337834190599744e-06	9.978656752546757e-06	2.1348567107155892e-05	0.44956969999475405	0.005031203834348336
1.7280424925896762e-06	0.00301324990096106	764	4.822614749799789e-06	2.36247586062091e-06	2.905892190648617e-06	1.3684383752627035e-06	1.2137950973319456e-05	1.96232221632504e-05	0.44272300001466647	0.006104937654356772
2.108413451853288e-06	0.0032706044907876517	765	5.789792741392941e-06	3.5296040722467166e-06	2.9514192101925275e-06	1.5310104855598406e-06	8.917046447118612e-06	1.6610992203877997e-05	0.42746070004068315	0.006610283712290396
1.7088682972607402e-06	0.0024823360583925485	766	4.90819293973203e-06	3.1636024065171925e-06	2.926873028854343e-06	2.2696377197360987e-06	1.207188327871022e-05	1.805571136350751e-05	0.4138626999920234	0.0050416133487588945
1.8840297248456096e-06	0.0030346870939155293	767	4.5982015287208664e-06	3.121205831305099e-06	3.4931723800843467e-06	2.7194305602671657e-06	1.3820718416100247e-05	2.087326589362186e-05	0.425135700032115	0.006156462226200572
1.7797116946243988e-06	0.003275100040494514	768	4.555442878598749e-06	3.4752803614211403e-06	3.981431417699442e-06	4.2482961772992445e-06	1.0482175279717616e-05	1.9848410072984105e-05	0.4265430000377819	0.006630681125918699
1.8145449685412335e-06	0.003035439686811017	769	7.374849403637335e-06	5.363784771494678e-06	4.552561621426741e-06	5.319880137051567e-06	8.760851909660348e-06	1.9706373310602568e-05	0.4349025000119582	0.006154053989933252
1.7746246078458102e-06	0.002316030599842492	770	7.383502228458683e-06	6.531039808388723e-06	5.058912704551654e-06	6.925961469961051e-06	9.126144841645454e-06	1.4557084303404535e-05	0.44076819997280836	0.004708876323402135
1.9367363566593425e-06	0.00370914619470136	771	6.489838538157837e-06	6.824761868725694e-06	5.248861005357341e-06	5.625927239820047e-06	7.558103818217403e-06	1.1105070569268815e-05	0.4395206999615766	0.007483681599543072
1.7365588663954165e-06	0.0030524094452240485	772	7.37929927088068e-06	5.892616962322411e-06	5.460800140048162e-06	5.942691065471583e-06	1.1579058431452841e-05	1.577501224238898e-05	0.4238484000088647	0.006187675556967295
1.925666013346936e-06	0.0031349874653551317	773	7.093907855184125e-06	5.3817483790909365e-06	5.463040990111352e-06	5.518722902294045e-06	9.914479362338893e-06	1.2429927404573383e-05	0.4544789000065066	0.006341972496397463
1.9193188986805932e-06	0.0036849011906693076	774	8.667706438483559e-06	5.977754123456483e-06	7.2358183915736985e-06	6.557635601873566e-06	9.587442745459217e-06	1.3041489871668415e-05	0.4545417000190355	0.007447337798925619
1.7628696727113308e-06	0.003977445904036727	775	9.683779706426013e-06	6.903796863564292e-06	9.495509969891985e-06	7.5568241041701515e-06	9.958067975843418e-06	1.4478563890226433e-05	0.4460221999906935	0.008040930721795068
1.8828002919926433e-06	0.0030322711251882795	776	8.690641152015605e-06	5.030040048146542e-06	8.894020158363104e-06	8.328797267277432e-06	9.954704328260726e-06	1.12885816249638e-05	0.4243891999940388	0.0061417379214927965
1.8171039226232206e-06	0.0036647152279058537	777	1.056301845405274e-05	5.991367973874618e-06	7.2497790058114385e-06	6.602430014163344e-06	1.1377322387749642e-05	1.4833505041597192e-05	0.4310924999881536	0.007415892913963549
1.866926469876471e-06	0.0027144595433383776	778	1.0318146596730225e-05	3.731017299756695e-06	7.401300086701174e-06	9.46476916276476e-06	1.0826936740925372e-05	1.6202022574411245e-05	0.4281788999796845	0.0055176260913931355
1.7976504896265181e-06	0.003180134871453147	779	1.0383306390695743e-05	3.1966392744474477e-06	4.203733637498689e-06	5.344379104446641e-06	7.116346230145412e-06	1.3500707575413896e-05	0.4284885000088252	0.006428227209903753
1.8334573730092663e-06	0.0026997016708008017	780	1.0538160901647156e-05	2.438674158099614e-06	2.993027176807779e-06	4.690391876777306e-06	9.639386394047297e-06	1.5302577635594145e-05	0.4218713999725878	0.0054736144385202365
1.8853928934747924e-06	0.003796637311544535	781	7.246193737201761e-06	2.0083487027503913e-06	1.836622783312189e-06	3.2524208066413393e-06	1.3425526415156878e-05	1.615245066506684e-05	0.43799840001156554	0.007670544949066372
1.8945527472051127e-06	0.003178579540024807	782	7.834580853232776e-06	2.0089226238247458e-06	1.798774637341714e-06	2.2970442709826383e-06	1.1722688612489717e-05	1.8622646749492847e-05	0.4032700000097975	0.006435578178653371
1.9077345632544873e-06	0.0028465021642985876	783	6.569029712568778e-06	1.7719396148843916e-06	2.965571102058605e-06	1.833929362657765e-06	1.4340896792167468e-05	1.273609748821922e-05	0.42467079998459667	0.005764114256076627
1.6779663973733745e-06	0.002791529589650758	784	6.88523373085011e-06	2.004143006168743e-06	3.0304305544315314e-06	1.739733266922092e-06	1.4955852585378182e-05	1.77648569557482e-05	0.4093418000265956	0.005665516071736888
1.6771948842209063e-06	0.00275365391403062	785	6.036530126503722e-06	1.9912548642848865e-06	4.190006590276409e-06	2.6504716785540585e-06	1.3187001498086478e-05	1.4059272283358231e-05	0.42131920001702383	0.00558002302865219
1.7133399380960616e-06	0.003212009242650439	786	4.013107329141039e-06	1.434863602958138e-06	4.6204205188905865e-06	2.786560456099665e-06	1.6542994247549503e-05	1.8914455599448863e-05	0.4305863000336103	0.006511215016778156
1.9134916493804796e-06	0.003702320868780277	787	4.637335346449507e-06	1.8087211000412867e-06	4.135706214067388e-06	3.198132235219804e-06	2.1317303140543513e-05	1.5426013322208955e-05	0.4254950999747962	0.0074957352486805994
2.0116914163181557e-06	0.003138576438603578	788	4.1063870786759155e-06	1.7362313397704458e-06	2.9115274481302428e-06	3.526082297111116e-06	1.3077403170728235e-05	1.565603653037437e-05	0.40837760001886636	0.006350923367605685
1.8707831577932793e-06	0.002444760684716896	789	4.157724316251091e-06	1.898539129324069e-06	2.934820633625324e-06	3.491011897305981e-06	8.910772976639293e-06	1.847014737280163e-05	0.41179310000734404	0.004960506872424767
1.9668697031547873e-06	0.003665320979019968	790	3.168796557725767e-06	2.095331160784397e-06	4.136615756314574e-06	4.406051169639918e-06	9.442655872231355e-06	1.737597381213016e-05	0.42037909995997325	0.007402019751459432
1.7282910077543872e-06	0.0031435567550991755	791	3.7256117182263445e-06	2.4245573038415694e-06	4.577115305903775e-06	5.103844277784389e-06	9.440532466953988e-06	1.8433850465266033e-05	0.41497669997625053	0.006362149986684055
1.6381785528586258e-06	0.0029013307060539234	792	4.568576681896115e-06	2.202196856870415e-06	5.8697116092452685e-06	6.530881071741613e-06	1.1273551316332368e-05	1.654901338843849e-05	0.406129700015299	0.00588075426484286
1.7188458142985303e-06	0.002510867796317367	793	6.289136099556635e-06	2.956739571751474e-06	6.9336795564681485e-06	7.161368178603193e-06	8.419662964711104e-06	1.7208862093253767e-05	0.4173451000242494	0.00509977125778564
1.8670397182631517e-06	0.002370510843660175	794	2.969629046409621e-06	2.406800998663236e-06	9.342849536756546e-06	9.78266676114352e-06	8.692275471998345e-06	2.3716699169752938e-05	0.40822920005302876	0.004834075662383352
2.0041460765908587e-06	0.0027099744098116577	795	6.608013823039191e-06	2.1946335771848703e-06	8.332574494656492e-06	6.2633210290115025e-06	8.720162047132394e-06	1.5372858075075784e-05	0.42304430005606264	0.005495541694944806
1.8683956918337952e-06	0.0026255611856613043	796	5.061008348397768e-06	2.285793270082733e-06	6.773490869572453e-06	6.2230355797076765e-06	9.250069095992003e-06	1.3021019796770297e-05	0.450796699966304	0.005319744668559562
1.8270589022847494e-06	0.0025474481117810518	797	4.56247947807671e-06	2.5863036480302092e-06	5.185975945649835e-06	4.69156558588145e-06	5.571603537498695e-06	1.0739970577836332e-05	0.4509385999990627	0.005148199814254981
1.8474216353341533e-06	0.0032310195765414005	798	6.245093430233426e-06	2.943383507725444e-06	4.9044958780303855e-06	3.594421478174598e-06	9.673649109920806e-06	1.5096866594355092e-05	0.45257670001592487	0.006532962422056185
1.887418490582369e-06	0.0029245227063845053	799	6.417383527642568e-06	2.322598911976111e-06	3.991698705746875e-06	3.2119371061802234e-06	5.728666097267545e-06	1.358956352217804e-05	0.4505339000024833	0.005907400327240613
1.9548227661381774e-06	0.002112728581426732	800	5.825137031841228e-06	2.741090570423835e-06	3.89830336992067e-06	3.0103436475311844e-06	8.589812355587003e-06	1.4344730148158352e-05	0.4500809999881312	0.004290710768012948
2.0402071195499896e-06	0.0024813652941545086	801	3.6640023151914434e-06	1.5333171094198009e-06	3.103285924755677e-06	2.038186151592826e-06	9.33191161595551e-06	1.376934021476765e-05	0.44912220002152026	0.005023352297710524
1.7940820948939882e-06	0.003415014659700593	802	7.443888960374698e-06	2.8188085767847085e-06	2.282629720916904e-06	1.6539069746319557e-06	1.2279683918883592e-05	2.166001140769829e-05	0.45497369999065995	0.006915696108476845
1.6587598810895366e-06	0.002702418356565992	803	7.27960016008853e-06	2.9028336815213772e-06	2.3919400062705885e-06	1.6305176658674292e-06	1.2176420318689071e-05	1.8773934450312604e-05	0.4393644999945536	0.005484259833945914
1.6740927795017319e-06	0.0031555858399181643	804	4.512505598700121e-06	1.6233992245763931e-06	1.9194176267992526e-06	1.2426535155658485e-06	1.2147572441635378e-05	1.3835028280113749e-05	0.4601527000195347	0.006375783042804472
1.879071948356087e-06	0.0036604892194466204	805	5.6416037352483e-06	2.044757938362967e-06	1.664261695828096e-06	1.0921724715733685e-06	7.644769163986551e-06	1.0784870471797748e-05	0.46041659999173135	0.007372038657902534
1.7779809993304404e-06	0.003097051842513963	806	8.569561189739768e-06	2.928843443959916e-06	2.094287777714083e-06	1.1250110687748225e-06	1.053239135304513e-05	1.320022624106042e-05	0.44801759999245405	0.006259842585694986
1.5133472839566154e-06	0.003962592384403258	807	4.130644434787306e-06	1.5983335323464372e-06	1.6872957233724139e-06	1.199154515463389e-06	1.0350536436060717e-05	1.0114656391322335e-05	0.4503291000146419	0.007977757277235167
1.799153948337789e-06	0.002804084361986879	808	7.771318149198727e-06	2.4136657351213233e-06	1.398403481369773e-06	1.4240441735805855e-06	1.3332455632130241e-05	1.0728235774067455e-05	0.44139769999310374	0.0056728958462221
1.8563770603934575e-06	0.004134332465876369	809	8.481769324376554e-06	2.786913267694177e-06	1.8672007904885387e-06	1.6361124376114278e-06	1.4161887461309707e-05	8.078814286018252e-06	0.4368829000159167	0.008331631085188352
1.8510431786831751e-06	0.0031467599203944775	810	6.891591605077375e-06	2.5180976292803834e-06	1.6080568784238171e-06	2.1018197591199095e-06	1.2268695427353422e-05	1.3935239639499472e-05	0.43730640003923327	0.0063627493631519295
1.920855138482704e-06	0.003209819580927687	811	6.461930679034008e-06	2.411079911646763e-06	2.183906877135905e-06	3.1428600089427373e-06	1.1596496129045269e-05	1.39232773057608e-05	0.4450778000173159	0.006488720196478711
1.7112696419236457e-06	0.002719983672980715	812	5.086368178276048e-06	2.4116763286749936e-06	2.528057370533814e-06	2.9079416173818977e-06	8.871530183200511e-06	1.5849223505299558e-05	0.43391099997097626	0.005505765436117143
1.611766632570786e-06	0.0029830072100233487	813	4.28696076394919e-06	2.2197125899587235e-06	2.7695130009798274e-06	3.833578802222432e-06	1.0001023310663685e-05	1.049536093958474e-05	0.4404330999823287	0.006023340486969446
1.6146705849390567e-06	0.0029114491671969576	814	3.496229186464159e-06	2.2016526429048925e-06	4.134116509517437e-06	4.3773579448036315e-06	8.363520664231743e-06	1.5893596477781967e-05	0.3890998999704607	0.005888851266131511
1.81897555374225e-06	0.0036099161171077154	815	6.302234282300288e-06	2.7009590384768875e-06	6.1460283048011385e-06	5.630157474508359e-06	6.450349373542068e-06	1.2019637900535904e-05	0.4006855000043288	0.007281189538971158
1.666744365199145e-06	0.003433601344415491	816	5.4598900101710015e-06	2.1094904361967894e-06	7.820597152495048e-06	6.228747836506851e-06	7.517473702348993e-06	1.3652924761436253e-05	0.4035157000180334	0.006934495699924321
1.9628418910320023e-06	0.0034896447327718537	817	6.3702827468898595e-06	2.8896455798075007e-06	9.689847704659287e-06	6.797755776933692e-06	6.060386311411382e-06	1.7207394350986334e-05	0.4105079000000842	0.007055498242458857
1.834331521402982e-06	0.0038448155461632207	818	6.213515085955174e-06	2.556470090897232e-06	1.0104642499997172e-05	6.675709843939596e-06	7.158034320293035e-06	1.5245098803361074e-05	0.40553629997884855	0.007763656359137346
1.700520079538979e-06	0.0039060418204012134	819	6.2292292467936885e-06	2.385627957960705e-06	9.621303525221785e-06	6.769848872955686e-06	5.988961084180641e-06	8.925223553561588e-06	0.4000127999461256	0.007870319059839918
1.8096773938684979e-06	0.002975520854677791	820	7.149630931710095e-06	2.3608518609310057e-06	7.539388487390639e-06	5.04881450105703e-06	6.725040966329475e-06	1.358397418280347e-05	0.40197209996404126	0.006017377780222674
1.7846963910331918e-06	0.002669225094486809	821	5.588940953410537e-06	1.775750129622706e-06	4.9295817814519845e-06	3.93627263694685e-06	1.0187886523318682e-05	1.4527157164824122e-05	0.4058262000326067	0.005407680214633402
1.6725332106939238e-06	0.0030314487493570768	822	6.324370119479177e-06	1.8834288490345335e-06	3.030476648514137e-06	2.26192947467785e-06	9.126814306817043e-06	1.3509012346938093e-05	0.39364570000907406	0.006125014423534757
1.9674740855777317e-06	0.003534459837460956	823	4.449067307881822e-06	1.759296663351324e-06	1.4995960990586493e-06	1.1732108844000995e-06	1.065238452489762e-05	1.2879672624867606e-05	0.3968786000041291	0.00712879990834729
1.9063985708583444e-06	0.002099189214554843	824	2.2778626505927643e-06	7.928604706605603e-07	1.8283903146939008e-06	9.9242107512536e-07	1.3653745682586709e-05	1.4786183336453004e-05	0.40070050000213087	0.004264962618800556
1.6843775187375276e-06	0.0025162743448890875	825	3.3684610753390135e-06	1.377138784319777e-06	2.2391861526457197e-06	8.591298469065817e-07	1.594637040405616e-05	1.2870069754839654e-05	0.40112609998323023	0.0051013942409926525
1.8311343224809044e-06	0.003758147255435694	826	4.407700055346652e-06	1.788846612253371e-06	2.026994057802528e-06	8.763448471590244e-07	1.1092020715633844e-05	1.4692502484224022e-05	0.4001379999681376	0.007580625711488627
1.814394055785126e-06	0.0035213468901359865	827	3.9266568451376565e-06	1.6595178089235282e-06	1.9005354896319606e-06	7.114852488346099e-07	1.2746842959979125e-05	1.9754996021622497e-05	0.40235049999319017	0.007119524441739274
2.01585562778375e-06	0.002824018704406588	828	3.2815043443045735e-06	1.7335598289576116e-06	2.247570125396486e-06	9.866910497925974e-07	1.3777018916214126e-05	1.3163395414906638e-05	0.40216769999824464	0.005714199274079438
2.0220926369773655e-06	0.003596233285552689	829	4.0857427236539405e-06	2.286264619770596e-06	2.690026528207957e-06	1.2201092236484265e-06	1.1380934541252503e-05	1.4144723750362368e-05	0.4055553000071086	0.007257844216057844
2.0643330614099024e-06	0.0030675023946296447	830	2.8621231082716194e-06	1.835953030838547e-06	3.0028254988221753e-06	1.659701303283466e-06	7.614466147455499e-06	1.4382233827781e-05	0.40201590000651777	0.006192487458273798
1.8337797523873288e-06	0.0034452866314105424	831	2.6088656966984886e-06	2.4658682589576176e-06	3.399032681184949e-06	2.171372344021479e-06	1.0804705043729118e-05	1.8188740268170516e-05	0.4014310000347905	0.00696287285193052
1.915091384400588e-06	0.0031603757228581505	832	2.5476517939729763e-06	1.7837745883664962e-06	4.628839222868137e-06	3.140745618733378e-06	1.0127937355360978e-05	1.7690864928827414e-05	0.39762840000912547	0.006392320244277421
1.7746952253669712e-06	0.0034302176584368542	833	3.467891373320595e-06	2.726313271572182e-06	5.165413688046014e-06	3.3156374542075017e-06	1.0643507858482713e-05	1.4903300802399766e-05	0.39024600002449006	0.0069297535804333545
1.800788766184609e-06	0.002858586569473748	834	3.818124369671227e-06	2.4615304516802196e-06	5.08639694950458e-06	3.492001919930583e-06	8.569526581536177e-06	1.3872500355312584e-05	0.40402169997105375	0.005780516824044349
1.676786697613285e-06	0.003265306277600111	835	3.645574956664681e-06	3.15710539470785e-06	5.384074806833281e-06	3.232697199339525e-06	8.27618279248126e-06	1.2466281810752525e-05	0.402149899979122	0.006590870510159461
1.7724564479154714e-06	0.0024343420719570457	836	3.360049354171026e-06	3.63763424577301e-06	4.751145940369513e-06	2.749122666746701e-06	8.516788656866038e-06	1.4201033399964528e-05	0.3960333000286482	0.004932162653130644
1.6350754648648403e-06	0.0028667616886751584	837	5.344506313948783e-06	3.5626535047699874e-06	4.362781803541862e-06	2.661763956157356e-06	1.0221950179877554e-05	1.2055787589294948e-05	0.3986715999781154	0.00579728070939681
1.7827699552983767e-06	0.003002688699419415	838	6.048102602898971e-06	3.909021619613935e-06	4.108492297419827e-06	2.0048949353674476e-06	9.832927478604914e-06	1.0452856811412168e-05	0.3965719999978319	0.006065585018784762
1.7349474897395825e-06	0.0037911846248645433	839	4.628776646876175e-06	3.888866928302277e-06	3.906515187747806e-06	2.3589874262570488e-06	1.046432168218854e-05	9.204559281804937e-06	0.3037130999728106	0.007639960052825737
1.500238749544938e-06	0.001792730182135805	840	5.353744855642355e-06	4.42100780246515e-06	3.5888118970831415e-06	2.35373229515934e-06	1.2943784486739198e-05	1.0848410312417952e-05	0.2782913999981247	0.003651762528219364
1.4942115446604282e-06	0.0020655745344515643	841	6.257681311645548e-06	3.2165513336609337e-06	3.0979829151306156e-06	2.614298452647916e-06	9.395228885467002e-06	6.346578604280863e-06	0.2788203999516554	0.004180807620985031
1.7336546793719777e-06	0.003181206167495527	842	3.853641951308893e-06	3.37546133791368e-06	2.9535934406686977e-06	2.5591372552997513e-06	1.1180600881393262e-05	9.725531119777582e-06	0.2863975000218488	0.00642043374233733
1.529795267411387e-06	0.003243294350054382	843	6.74141415534264e-06	2.3678154997789806e-06	2.128321479220918e-06	2.241838264548716e-06	1.3684845674366809e-05	7.009342363161486e-06	0.2729327999986708	0.006544516056117535
1.3462089348154627e-06	0.003326559926774672	844	8.611733520053021e-06	2.2869026248534783e-06	1.716879161943294e-06	2.1035324673188643e-06	1.3488814540071413e-05	1.1560636177480085e-05	0.2763785000424832	0.006720630220628246
1.696713287940913e-06	0.0028906505588530812	845	5.949531754615823e-06	2.738652811688146e-06	2.0446686225410063e-06	2.5104539501864175e-06	1.2839305931463722e-05	1.1633698046904419e-05	0.28526189998956397	0.005846883859377812
1.6880424865073748e-06	0.0028580067884750237	846	5.35704905252169e-06	1.9371247583775944e-06	1.8827278301959714e-06	2.646622037864684e-06	7.289824826707155e-06	9.033675906906186e-06	0.28072450001491234	0.005763860187069249
1.6176978212482662e-06	0.00317402426827743	847	6.062561978150019e-06	2.0308003121836566e-06	2.369077501488777e-06	2.8022921558169966e-06	8.032403610472423e-06	1.1593297503949663e-05	0.27222709998022765	0.006403800066373841
1.7505202915791349e-06	0.0029231581618951383	848	3.1809666323635467e-06	1.4024339958438575e-06	3.350925928944759e-06	3.7142687890214413e-06	7.63202712410252e-06	1.3248992371837722e-05	0.29055089998291805	0.005903227998711489
1.830848805772461e-06	0.0031104352201997386	849	5.239296805868585e-06	1.950210937970611e-06	3.6611357006166085e-06	3.996024922831215e-06	8.176147871078993e-06	1.5640355501837897e-05	0.3008154000272043	0.006287011813124143
1.7683329422555864e-06	0.0038402702445918782	850	4.090281912478618e-06	1.7468916533586874e-06	3.5681864175714577e-06	3.6731223784114616e-06	8.786288297690086e-06	1.581971651492166e-05	0.2884591000038199	0.007746367647055311
1.9718629229905276e-06	0.0037724920001181925	851	3.033352527982769e-06	1.521220754083861e-06	3.716013328650631e-06	3.560634484321283e-06	6.927707223722424e-06	1.3740682147130839e-05	0.2847701000282541	0.007602095725919111
1.7706743601746078e-06	0.003105145876045847	852	1.9965203759314078e-06	1.1229544167102171e-06	4.2731435702155674e-06	3.4778889642371146e-06	9.252855869452216e-06	2.019810028461351e-05	0.269802599970717	0.006283605520447269
1.8584572503254673e-06	0.0033175540905190054	853	3.7851190150088697e-06	1.831353973237979e-06	4.654863477822824e-06	3.2238541612722023e-06	1.2326983422788289e-05	1.6730190431924574e-05	0.29646499996306375	0.00671043463387543
1.8165300481381261e-06	0.0031870820532159316	854	2.516942093203974e-06	1.3335333368831024e-06	4.52253540426377e-06	2.925406578049287e-06	7.626277553316202e-06	2.1270834361581932e-05	0.29812490002950653	0.006446889807770337
1.7982123053497165e-06	0.002381843233924927	855	4.560508917669283e-06	2.4187369428231803e-06	5.03364056554092e-06	3.461226503319361e-06	7.644272100103445e-06	1.7700432712510043e-05	0.2953315999475308	0.004833446415015133
1.7741828761159872e-06	0.0025333537068908916	856	2.0973374038030936e-06	1.1511368091658087e-06	5.6458953588489785e-06	3.1013908195735077e-06	8.293947650341689e-06	1.1454118398886775e-05	0.3303859999869019	0.005121747672023864
1.6865205437129906e-06	0.0027094463623343196	857	3.99613679900595e-06	1.8381093409904422e-06	4.501208434635823e-06	2.259745361521196e-06	5.608524737086407e-06	1.3511024960750433e-05	0.35448530002031475	0.005473100065087893
1.7171589789448556e-06	0.002672645998443096	858	3.3595813963354545e-06	1.6094071741508106e-06	3.917795130722416e-06	2.075621070090401e-06	9.222316653782311e-06	1.587209018818497e-05	0.31338880001567304	0.005409877533299315
1.7891703830277731e-06	0.0029644865893822077	859	3.898301687819609e-06	1.9271628672492e-06	3.170152714432197e-06	1.7714162197342793e-06	9.522938051154877e-06	1.1093562600050667e-05	0.30785219999961555	0.005984551554322117
1.8219429841458402e-06	0.0040610171098459935	860	3.9417266117018515e-06	1.9350576438194206e-06	3.5074364428803767e-06	1.887568562683896e-06	1.0456311893417453e-05	1.4277797948574433e-05	0.3269495000131428	0.008186418114605349
1.8794241785060107e-06	0.003422661476950611	861	2.5356639397250135e-06	1.2106884188670767e-06	2.8004655413909844e-06	1.6632326052922177e-06	7.238481464766906e-06	1.0543624293931184e-05	0.3204572999966331	0.006892856064280905
1.7159921114308976e-06	0.0032797130356726828	862	3.1630457483120346e-06	1.9334261600051635e-06	2.3722794883496326e-06	1.6357015507213216e-06	9.593060508551834e-06	8.403008298544298e-06	0.3120362000190653	0.006607954646129809
1.8951974078907834e-06	0.003571900498031658	863	2.505324446102886e-06	1.8639846010649355e-06	2.449720446498923e-06	1.6655407060362943e-06	1.0675348195899965e-05	1.117762590900894e-05	0.3130028999876231	0.007199781909288618
1.7797946495886285e-06	0.0029842592352754315	864	3.5134631910520937e-06	2.8757820205500785e-06	3.1835752102763453e-06	1.7723414387521065e-06	1.1526273222839564e-05	1.5693574429550554e-05	0.3234583999728784	0.00603786291701545
1.7135589275740615e-06	0.002660334779453398	865	4.041754258568372e-06	3.0047739669151427e-06	4.028975750488136e-06	2.7406264420374317e-06	9.867821439661895e-06	1.4623113710397723e-05	0.3175045999814756	0.005386894677480071
1.8727189223933302e-06	0.003182246730929552	866	4.237292099560424e-06	2.4136352868344714e-06	5.575297622209677e-06	4.525014800871439e-06	7.78657562236654e-06	1.1405987590233008e-05	0.32614369998918846	0.006423375265938566
1.9488292536150145e-06	0.002713808161278328	867	3.7518956953201503e-06	2.292993402634772e-06	5.880946643513079e-06	4.576876453134449e-06	9.0087410403911e-06	1.4903942046560908e-05	0.2959970000083558	0.005495842059432393
1.7122786391740968e-06	0.0032111877580224516	868	1.532485814050984e-06	1.476877441833929e-06	5.360626355672077e-06	4.138181065289273e-06	1.0278095725578696e-05	1.708592276401459e-05	0.29678670002613217	0.006493036280979284
2.1412610712465934e-06	0.0029119895535494504	869	1.7318353795227114e-06	1.990119634685623e-06	4.583052579242285e-06	4.5620584507541835e-06	8.956714335514228e-06	2.1235670833185573e-05	0.2995202000020072	0.005901513465622999
2.17382935053234e-06	0.0028132976128758484	870	1.8694656559374017e-06	2.0943918916239195e-06	3.493438316020943e-06	3.895126538467503e-06	7.954885587204164e-06	1.692817422129583e-05	0.3075506999739446	0.005692061426471813
2.1291379509814303e-06	0.002625739921312006	871	9.450108195647782e-07	7.548295770558676e-07	2.1096510493683493e-06	2.9175018217357114e-06	1.2879301653089438e-05	2.3220048318424543e-05	0.3010177999967709	0.005334663811736727
2.059578416522927e-06	0.0030923517431482752	872	1.639927246004254e-06	1.7957815198657708e-06	2.212895028733529e-06	2.8908355350381815e-06	1.2473686458571912e-05	2.6685277388144222e-05	0.2948605000274256	0.006275680010152671
1.9147564306803762e-06	0.003142897972018339	873	1.3474188638160133e-06	2.1877055281315285e-06	2.2682100685567457e-06	3.0490643406701593e-06	1.0927400545088963e-05	2.290656518139285e-05	0.27858659997582436	0.006366145787152177
2.166358458224103e-06	0.0028567715097253567	874	1.8515789660734563e-06	3.4761713868077506e-06	2.193515828423993e-06	2.411148822865394e-06	1.1581025806074621e-05	2.923267752376538e-05	0.3005446999450214	0.005809435558031012
2.0710174096943736e-06	0.002786969167607268	875	1.4640563144768298e-06	1.5316034526881021e-06	3.322511312824704e-06	2.8593383254699346e-06	7.34040819891675e-06	2.355496805149444e-05	0.2903412000159733	0.005649048631940207
2.0976329529914408e-06	0.002676597703402748	876	1.290141034309373e-06	2.2935960837312103e-06	4.799545987017988e-06	3.3263178380030933e-06	1.171797645854751e-05	2.8641135017404235e-05	0.2824150000233203	0.005449818496606445
2.013088633723246e-06	0.0034061866113316045	877	1.6779367387351159e-06	1.1790744345771023e-06	6.421694308815759e-06	3.9229611713093934e-06	6.08647649111955e-06	2.0390485062237934e-05	0.2861439999542199	0.0068825549896908075
1.8819364409267978e-06	0.003237831200468844	878	1.375392951971623e-06	1.7719647935414883e-06	6.3465778009630285e-06	3.816275181938685e-06	6.234776806698594e-06	2.4181095669432064e-05	0.2835460000205785	0.0065535682295002175
2.1723583790063477e-06	0.0029241399160359347	879	1.4935539356662493e-06	2.183882964134263e-06	6.382201398364242e-06	3.099322229433492e-06	8.863784717967904e-06	2.128238370798649e-05	0.2806933000101708	0.005926075846209389
2.16350626045579e-06	0.0034004143116389603	880	1.3887006716582735e-06	1.392866276751776e-06	5.698631073530462e-06	2.3125780193358076e-06	8.109895832699047e-06	1.548726663163108e-05	0.2821657999884337	0.006863142736768768
2.0975829031982044e-06	0.0031069146763313773	881	1.6706448301636253e-06	1.906359879509292e-06	4.600689796601234e-06	1.7841772503477863e-06	7.111987027211989e-06	1.3795883613247407e-05	0.28539249999448657	0.0062698021315066915
1.893793498346653e-06	0.0031491699319298235	882	2.2984669058418675e-06	2.149636575185931e-06	3.7830089942773184e-06	1.4513182785151938e-06	1.105123915802037e-05	1.3540430421061357e-05	0.2834098999737762	0.006360993220768325
1.8220218848072729e-06	0.0035384190021708326	883	1.6600986796714836e-06	2.190173881933499e-06	3.4293259685777973e-06	1.2596184954823188e-06	1.0475543149585149e-05	9.868196309081774e-06	0.29167629999574274	0.007129708744054278
1.6861166840232028e-06	0.002632457232532861	884	2.032867071434258e-06	2.074596059185312e-06	2.396469224762393e-06	1.2489547927648946e-06	1.1644638443101257e-05	1.0733683886829308e-05	0.28262710000853986	0.005320796230241776
1.7571716331446078e-06	0.0024757018448341387	885	1.8557676744701271e-06	2.319751184120854e-06	3.270481604603341e-06	1.4492394887679128e-06	1.6703791931534763e-05	8.61951486843519e-06	0.28314499999396503	0.005014459886486469
1.5612639866776215e-06	0.003272127867818487	886	2.326642347463894e-06	1.6686116339260835e-06	3.2783170001320464e-06	2.1812451814796157e-06	1.3418248740933988e-05	7.639719622549712e-06	0.2913743000244722	0.0065989490165002974
1.7229318459358599e-06	0.00296646247521957	887	2.165669007401952e-06	2.0944065951848917e-06	4.244884861200346e-06	2.4578542853901543e-06	1.5937086172061803e-05	6.0235442026882414e-06	0.28654380002990365	0.005991254889629688
1.5849867321957627e-06	0.002921346472969661	888	2.8943844179596543e-06	2.644790949388946e-06	3.8032542839626817e-06	2.5768819911428803e-06	1.442770410477339e-05	4.564136623689201e-06	0.28353539999807253	0.005895765912503092
1.478847668098934e-06	0.00408440517000018	889	2.0379254855305624e-06	2.975132019104707e-06	3.9203919359052206e-06	2.790262870077527e-06	1.4763655343355887e-05	5.730612624342054e-06	0.28171629999997094	0.008224480283582572
1.5566139183726898e-06	0.0037030206207727076	890	2.3420571806205305e-06	2.1513554380279815e-06	3.2723288325810997e-06	2.7220380208592804e-06	1.6428237203589194e-05	6.391319954826905e-06	0.2750664000050165	0.0074652813631710824
1.6097731266622353e-06	0.0032086253304212885	891	3.491251203524247e-06	2.7735666730454735e-06	3.1898802125476283e-06	2.9111158365292662e-06	1.8338067871371856e-05	6.738289177582704e-06	0.28217750001931563	0.006482988735119458
1.6386718639501698e-06	0.0035227971040910832	892	3.923941211958464e-06	3.181524781938198e-06	2.912335312186158e-06	3.001746149469253e-06	1.4645833209563512e-05	8.117239319897023e-06	0.27099739998811856	0.00710741724442454
1.5193481503742407e-06	0.00281378453355999	893	4.6750885150737565e-06	3.4956290565941224e-06	5.220099365250217e-06	4.534102245022758e-06	9.471864160653507e-06	7.534150141207561e-06	0.28879520000191405	0.005682544711206392
1.6727335736959314e-06	0.0023902984586398435	894	4.361324479371182e-06	5.258015645055458e-06	9.84134628546921e-06	8.52226766666627e-06	8.34676697168589e-06	1.0414265119744325e-05	0.27933749998919666	0.004849447402686501
1.5777847125547502e-06	0.002938258256750801	895	4.663558799741735e-06	3.740454046327913e-06	1.3640815960878157e-05	9.607742028231997e-06	6.9253733554737555e-06	9.136824639823992e-06	0.277275100001134	0.005943449049752487
1.594846286490201e-06	0.002803790442577614	896	4.73478256355762e-06	3.713601041058149e-06	1.6556912210545445e-05	1.2005514020718816e-05	6.624827645075753e-06	1.025217389207398e-05	0.2852887000190094	0.005681535390638388
1.6000667565844826e-06	0.0033255316911853052	897	5.364636317369377e-06	3.120607324995014e-06	1.7721437138592944e-05	1.2762822972916659e-05	6.725547498692095e-06	1.1333749481582924e-05	0.27171380002982914	0.006729351613598203
1.5260745288286064e-06	0.002718174821007829	898	4.982370171802919e-06	2.8657781516579106e-06	1.826997806984068e-05	1.4447655936167465e-05	6.7249001251899566e-06	7.8254142371053e-06	0.2878976999782026	0.005509068202127374
1.6586419376201082e-06	0.0032726033096043125	899	7.060417447279361e-06	2.5280172826729084e-06	1.6569672957217814e-05	1.139826396522691e-05	5.802107384320546e-06	1.211183157073554e-05	0.29375850001815706	0.006621908152646375
1.7501041025584542e-06	0.0025300255193614475	900	7.356381350692468e-06	1.5535396897746454e-06	1.0390327639689023e-05	6.926695804937638e-06	5.820346116999831e-06	6.939416451662425e-06	0.32510570000158623	0.0051152977165504305
1.5377619056287355e-06	0.004023628740881005	901	3.2491922765396503e-06	1.2467491775453963e-06	6.470466139419336e-06	5.2357046518680476e-06	8.772175064271546e-06	8.080067376901066e-06	0.31811689998721704	0.008100239602700987
1.3514537571009062e-06	0.002520321240367135	902	4.211731227382765e-06	1.1898968173815998e-06	3.409227850427187e-06	2.1360803295473204e-06	9.813284401557188e-06	8.500142112677817e-06	0.3118609000230208	0.00509091917750168
1.5050931878187162e-06	0.002819550454084221	903	4.178420913705631e-06	1.3461746344416104e-06	2.6116671588238217e-06	7.82990293425776e-07	1.0012350182531249e-05	8.354169700583974e-06	0.31340370001271367	0.005687763387310706
1.4814319094756314e-06	0.004039583937588442	904	4.617327078600938e-06	2.1149432238073144e-06	3.3812555563939477e-06	9.87814474341197e-07	1.0699279600468507e-05	8.294077585012818e-06	0.3121821999666281	0.008131218793699942
1.6416085043178644e-06	0.003180567352634104	905	2.8637021996913045e-06	1.4905242217800333e-06	4.329839134442294e-06	1.3780691677186059e-06	1.6935509010532775e-05	7.321249600565975e-06	0.2895484999753535	0.006422993574222673
1.4772606442561328e-06	0.0029176189010930885	906	3.0178719102589705e-06	1.8292701299119101e-06	4.045158637901665e-06	1.3670589684246884e-06	1.590687086470676e-05	9.327172243171065e-06	0.2960437999572605	0.005898919769336942
1.4813410300555172e-06	0.0027072176253351847	907	2.736533171051599e-06	1.725012871993695e-06	3.919578374506079e-06	1.3941906940494e-06	1.306290851496175e-05	9.020080288869918e-06	0.3051106000202708	0.005471339225449744
1.467567017098254e-06	0.003043553660497477	908	4.121681577426976e-06	2.806915731922597e-06	3.834334837739442e-06	1.6670530949096888e-06	1.1256835476461779e-05	1.0436681279351946e-05	0.3031537999631837	0.006145859473782778
1.7155431321262635e-06	0.003295935276273594	909	1.8916775002601477e-06	1.1906436021886665e-06	2.9441210288269425e-06	1.8239868500576181e-06	9.454677328073994e-06	7.224872167846202e-06	0.27713840000797063	0.006636511166784615
1.5704786914161294e-06	0.0026779875294692425	910	1.8443728410814538e-06	1.4274470209749868e-06	3.522996656740693e-06	3.041260796244387e-06	8.938723301273105e-06	8.644547829684676e-06	0.28565350000280887	0.0054041186358982736
1.4975478911160976e-06	0.0038056232049437267	911	2.3556469729589265e-06	1.987625979907616e-06	3.116621084845923e-06	2.904950243681047e-06	1.0772901695989501e-05	6.659554953900549e-06	0.2761307000182569	0.00765947126325086
1.4189233241056068e-06	0.002812420808340464	912	2.9255836902933355e-06	2.775649600084643e-06	3.79342979363077e-06	4.2187533173805525e-06	9.202553885291149e-06	8.11092291887124e-06	0.28496660001110286	0.005676019833338854
1.4003184807436738e-06	0.0034749671791182947	913	2.6018908055351864e-06	2.7864183865011565e-06	3.843498704955813e-06	4.848370315826383e-06	1.001347593174534e-05	7.082771808800889e-06	0.28563999995822087	0.007001007668891988
1.4741204330917128e-06	0.0032395763286541847	914	1.9311390923813664e-06	2.397457651914628e-06	5.44372515568852e-06	6.488487552966371e-06	7.1548301429360925e-06	8.411053587747915e-06	0.27529659995343536	0.006529493475088871
1.5218723313272248e-06	0.002970643891416233	915	2.577711495023657e-06	2.5314846257238196e-06	5.3891258976101805e-06	6.616003714466178e-06	7.503318267469969e-06	9.082736771739178e-06	0.2359932999825105	0.005994617963306363
1.5291101433446217e-06	0.0032806671377488073	916	2.0413537286575554e-06	2.193270419583765e-06	5.610424903639663e-06	7.670878277442665e-06	7.996433405439248e-06	8.93827869711078e-06	0.24859610002022237	0.006615777847318727
1.6128920720442002e-06	0.0025499253855968047	917	2.0761791057590788e-06	2.200631337394061e-06	4.760220403633822e-06	6.791936215511e-06	6.641988133968378e-06	1.3265458167593914e-05	0.24861830001464114	0.00515872041500312
1.6055873341625498e-06	0.0031388641162095896	918	1.1690864232256726e-06	1.5945311658355616e-06	4.472535154272481e-06	6.304129938047486e-06	7.895111563374012e-06	9.25524042088446e-06	0.24805280001601204	0.006328780393737403
1.7529595281679018e-06	0.0032605491655945413	919	1.0539275564956826e-06	1.399005476558258e-06	4.639494305388636e-06	6.216751820756844e-06	8.885555478885969e-06	1.1996992131710007e-05	0.23589170002378523	0.006579678524625809
1.7143794545430954e-06	0.0033133692674002513	920	2.5657158246012922e-06	2.6368716556375095e-06	4.406342328858084e-06	5.420707835979787e-06	9.897831108935644e-06	1.5672570089584574e-05	0.25148879998596385	0.006696337733751705
1.8194819450189811e-06	0.0030085693447043163	921	1.0335066727049446e-06	1.3996384575597627e-06	4.1895096988203545e-06	4.594803719429397e-06	7.838346743039261e-06	1.2654518340555607e-05	0.2566831999574788	0.006072980842014376
1.6210843733660372e-06	0.003271358183506224	922	2.6230710454799283e-06	2.7030984111350296e-06	3.556520970830012e-06	3.708943656059296e-06	7.803614099630727e-06	1.129671584062063e-05	0.24814910005079582	0.006596750829723187
1.580594836990218e-06	0.002595349980866284	923	1.8895595083413964e-06	1.8870749434613631e-06	2.9381588481686382e-06	2.2244503150728896e-06	9.398370375206398e-06	1.0557471154399857e-05	0.2473508999682963	0.005242712078080806
1.6044438475574825e-06	0.003436596320172981	924	1.6044073726589725e-06	1.6435486275693166e-06	2.7990947507138885e-06	1.2825214945699484e-06	1.0061914124453244e-05	8.347235146967504e-06	0.2535282999742776	0.006920549398829431
1.467961374496299e-06	0.002754107676038443	925	2.1094113504658478e-06	1.6066586219189358e-06	2.913192513847443e-06	1.0644064599140847e-06	9.220060147891443e-06	4.968017363803919e-06	0.24754999997094274	0.005547221098795416
1.4266525270309405e-06	0.0028213586058711757	926	1.8492045684892095e-06	1.3639471787754671e-06	2.424287210146649e-06	8.344525252450998e-07	1.1265357320959518e-05	6.170428547047883e-06	0.2543902999605052	0.005686913980015086
1.6401603552594052e-06	0.00414954670174498	927	2.225438132962341e-06	1.31310433189338e-06	2.55679071731617e-06	6.81437301588845e-07	1.1275479570097199e-05	6.928605821525407e-06	0.24839000002248213	0.008345558665467486
1.570298658602674e-06	0.0024773535781856845	928	3.6950636311369037e-06	1.7758033656558267e-06	2.2922643142554537e-06	6.409129305704412e-07	1.3171113762819226e-05	8.306928776835271e-06	0.24581349996151403	0.005009207883009501
1.3511223594229201e-06	0.002467333843235534	929	3.552858827094354e-06	1.8004681233437807e-06	2.928682882919359e-06	1.314069120794962e-06	1.3086065590029252e-05	7.059584704527196e-06	0.23729620000813156	0.00498725731073318
1.5580295849234246e-06	0.003432861439404793	930	5.169357314192105e-06	2.4799445742658793e-06	3.7000995678397397e-06	1.558940196559567e-06	8.206671943396824e-06	6.6198087135597646e-06	0.24438129999907687	0.006911400240946203
1.5357025369044362e-06	0.0030511897723505006	931	3.269160948418558e-06	1.8217977753870049e-06	6.136123623402461e-06	2.9935596728051064e-06	6.538884967252412e-06	4.333724075126189e-06	0.23139299999456853	0.006141416809879581
1.4475566747138003e-06	0.0024495433747810866	932	4.706860130954664e-06	2.251977961167792e-06	8.621326429190476e-06	4.52282759860533e-06	6.502780614672997e-06	8.288973603136289e-06	0.24785389995668083	0.004951668363467137
1.5702734613156422e-06	0.003607990529810383	933	3.0417143395994885e-06	2.3206407773993107e-06	9.135142131227787e-06	5.04044914899254e-06	9.53885296221342e-06	7.326673185948673e-06	0.2476680999970995	0.00727239060523694
1.6100107007519705e-06	0.0027717243197044744	934	4.165111344774851e-06	2.0197213897642807e-06	8.211154157752391e-06	4.381389943632282e-06	1.0012300931853802e-05	8.463226065781678e-06	0.24742989998776466	0.005602397091641647
1.5500112163596409e-06	0.002969227144132414	935	3.0002736107794745e-06	1.9080276639952996e-06	6.155504014434012e-06	4.377747471655011e-06	7.4198386585583e-06	4.905410910814205e-06	0.26251630001934245	0.0059816463625971565
1.4723198009860994e-06	0.0041723529663225505	936	2.6900859343222315e-06	1.4931628586940394e-06	3.5218098656301887e-06	2.865830177625175e-06	8.291667055958798e-06	5.762214016201996e-06	0.24979610001901165	0.008386329223227665
1.4075788751875543e-06	0.00328682995451978	937	2.2558641937740906e-06	1.4949294214568228e-06	2.0714077523001147e-06	2.1079494161043014e-06	1.1206313979658576e-05	7.90086497693114e-06	0.24994870001683012	0.00662261957548675
1.532986558415128e-06	0.002335049834610862	938	1.2638747713992108e-06	1.1054258895730117e-06	2.3204656906482944e-06	2.7215291736210543e-06	1.07785804445842e-05	1.0141758784496649e-05	0.2510352999670431	0.004722417616321957
1.6928591617830137e-06	0.002295820529540622	939	2.066552506740141e-06	2.2365135446535474e-06	2.219509783152082e-06	2.486077105582469e-06	9.976555155789693e-06	1.0740167873704923e-05	0.24076690000947565	0.0046454688764039275
1.741595768971274e-06	0.002629605283866563	940	1.2720517806047075e-06	1.4111058432061293e-06	2.714308723397468e-06	3.4150191525602517e-06	9.191387461950935e-06	8.812575355342325e-06	0.248864000022877	0.0053075141704054234
1.575947971020202e-06	0.0025280204953229083	941	1.5264433982558128e-06	1.6902049529453575e-06	2.2491390250190055e-06	2.6720256916680237e-06	9.89171512584228e-06	1.3295274802263519e-05	0.2478240000200458	0.005113704679511957
1.6897855686459203e-06	0.0032702822903193027	942	1.0074890942379497e-06	9.151224420934167e-07	2.6290831758810646e-06	2.6592125454284703e-06	9.399833238932041e-06	1.3722638398543917e-05	0.24123290000716224	0.00659740000230849
1.8100413170838826e-06	0.003119523424732591	943	1.1634239091649473e-06	1.2967920946151322e-06	3.962455501797202e-06	3.6070383819234494e-06	9.458733723494935e-06	1.4049982954547354e-05	0.24521350004943088	0.006299714075342935
1.404678444137866e-06	0.0030675158998068114	944	1.1871685608963418e-06	1.5502217789396452e-06	4.228858953668478e-06	3.1929551531498554e-06	8.26714587228687e-06	1.2983086674577476e-05	0.2470418000011705	0.00619050082604228
1.5314480688613679e-06	0.003668589850590016	945	1.1835821733705413e-06	1.2874281721700206e-06	5.090325369461077e-06	2.888938576535261e-06	8.700234270070992e-06	9.551268277559697e-06	0.2557491000043228	0.007387195876704553
1.5312482396437612e-06	0.0036339723471102946	946	2.1546495427011866e-06	2.1731952034076446e-06	5.6865687063630465e-06	2.8742786041415405e-06	8.095566637650544e-06	7.068255539168456e-06	0.24516970000695437	0.007314223527110128
1.5042899777746274e-06	0.0027332050948060287	947	2.9223958584565145e-06	2.912896732428389e-06	5.909258857791962e-06	2.975331840396237e-06	9.556094015503835e-06	6.774176392892479e-06	0.25847100000828505	0.005516799193673472
1.3039275640113917e-06	0.0024264248520225185	948	4.273603581815141e-06	2.7852335267696047e-06	4.768320889390143e-06	2.6412571777625317e-06	7.797746199212968e-06	3.934254915314972e-06	0.2495593000203371	0.004893389976577853
1.4280067956524137e-06	0.0027772299308655417	949	2.65004284537821e-06	3.6092101350637067e-06	3.769739373046602e-06	2.551121053655052e-06	1.0374420649793182e-05	3.979357771759967e-06	0.2535459999926388	0.005598603545572637
1.3847240610637655e-06	0.003807168115678888	950	5.650560815964289e-06	3.745982516431477e-06	2.4155263676214063e-06	2.4796157628472123e-06	1.2672165042914084e-05	4.157859142002016e-06	0.2487908000475727	0.0076650574133126
1.3061489912787181e-06	0.003592670305793184	951	5.370644927336268e-06	2.717418395819199e-06	2.5455527157655233e-06	3.6074304004440745e-06	1.1234479335640202e-05	4.411200861460463e-06	0.24930159997893497	0.0072334853164024914
1.2235287428199593e-06	0.002814992340046426	952	4.392071903565515e-06	2.6807608454808513e-06	2.3557941234530965e-06	3.7638599525774796e-06	1.262599188016488e-05	3.70926394787908e-06	0.2502940999693237	0.005678294736059657
1.2839715698332877e-06	0.00360300083369765	953	4.8736701753212715e-06	3.5899185190114604e-06	2.4819166560430096e-06	3.835697870623075e-06	1.3247078441325382e-05	3.657653775805909e-06	0.24772059998940676	0.007257160278190228
1.2153451726577228e-06	0.0026160426166098203	954	4.008300885715127e-06	3.3904226032710706e-06	2.321622914817391e-06	3.1522081595668774e-06	1.5291592333735124e-05	3.569317946171618e-06	0.24483989999862388	0.00528511029868814
1.237875943124667e-06	0.0033505079797312032	955	6.313297258649466e-06	3.988130886946287e-06	2.3142881330691683e-06	2.6771965419788783e-06	1.2212716702701064e-05	4.522765920323587e-06	0.2364913999917917	0.0067522555894153485
1.338160216764154e-06	0.0029342898265880485	956	4.333181121347386e-06	3.457099772145488e-06	2.4888543215603896e-06	3.1653947270593828e-06	1.2448730443462533e-05	3.917418650519304e-06	0.2634999000001699	0.005917432801739702
1.335547533853016e-06	0.0033859402526669477	957	3.0552295550571893e-06	2.3524299812618182e-06	2.5314973464860895e-06	3.134504703141378e-06	1.3740534956765335e-05	3.530856637640118e-06	0.2746739000431262	0.006820168045176358
1.138843960904929e-06	0.002906059186923538	958	2.419908278650652e-06	2.2840851821127067e-06	2.457315915409213e-06	4.157989318418029e-06	8.721018576766819e-06	3.175782600953199e-06	0.26495849998900667	0.005849508962818918
1.301295198102006e-06	0.003025135124007842	959	4.9891120208779295e-06	2.121225774319324e-06	3.161298008085498e-06	4.627360081122857e-06	1.2017345780289337e-05	3.0246099533886516e-06	0.27202729997225106	0.00609785574576365
1.3181538774311307e-06	0.0034103443554443775	960	5.735744261606777e-06	2.6040086318755877e-06	3.4765267032683274e-06	5.095899209518304e-06	9.335596789611278e-06	2.9312117451716213e-06	0.26784699998097494	0.006864770814519453
1.2023523864374989e-06	0.003856912519342688	961	2.9076841373327193e-06	1.794096103039577e-06	4.342881721704316e-06	5.703120161552196e-06	7.901261145382889e-06	4.8154574224276015e-06	0.2752942999941297	0.0077564109627174995
1.4492962416800375e-06	0.003128402797427798	962	3.6609047721229857e-06	1.592439121876623e-06	6.1085729053091456e-06	7.2277819989607825e-06	8.02558276237876e-06	5.005065377786579e-06	0.2534654999617487	0.006304355182417557
1.4449136402147047e-06	0.0025354099781049124	963	4.033837182602812e-06	1.6315740767489397e-06	6.875793243588254e-06	6.995587097183127e-06	6.3996195029891205e-06	7.288567985462764e-06	0.25478979997569695	0.005120622950067281
1.4723739148590508e-06	0.003292613385831803	964	2.2757477489456124e-06	1.2279632418324393e-06	7.296813186313199e-06	6.594216000015653e-06	5.345485293756838e-06	6.003029344173948e-06	0.2508275000145659	0.006628263288946292
1.5074606093259591e-06	0.0032333572245059903	965	3.176820610230121e-06	1.5584806325040043e-06	8.0054962692341e-06	7.135081073689955e-06	7.976550735296709e-06	6.920517908072255e-06	0.2564735999912955	0.006519399386103029
1.5084794029948697e-06	0.002857857479293148	966	3.06555947843773e-06	1.8718522218830645e-06	6.2639219955523075e-06	5.180757721597067e-06	6.797028288181994e-06	9.418955962133489e-06	0.2649657999863848	0.005767545977310386
1.4097371809607874e-06	0.0035213896554928343	967	3.0234073378534094e-06	2.2261251428986042e-06	4.530254417214163e-06	3.304088452698585e-06	9.703137702591553e-06	9.283016034064361e-06	0.2625696999602951	0.007096654968171567
1.5885058447685421e-06	0.003696122933145978	968	1.8222298485653642e-06	1.5688930550374497e-06	3.3901962394188084e-06	1.940044945591973e-06	9.038696154175142e-06	9.148208045413726e-06	0.2681491000112146	0.007440518050469284
1.5066044312845783e-06	0.003533474924869571	969	2.888069807784739e-06	3.217542220283319e-06	2.7737745016136387e-06	1.360804025520201e-06	9.260759647315317e-06	9.7996749178836e-06	0.26149240002268925	0.007118324118287311
1.5904334048656174e-06	0.0023255341504248577	970	1.489184787814845e-06	1.8047045668683596e-06	2.604825571929044e-06	1.2219983419956528e-06	1.0412052714473968e-05	9.03973949003195e-06	0.26491500000702217	0.004700273465337067
1.5567424961814968e-06	0.002671019518604935	971	1.1900142579408003e-06	1.481285056296771e-06	2.2467599417829516e-06	8.34046332899111e-07	9.007314621584879e-06	9.287481641172157e-06	0.2684775000088848	0.005387494220316667
1.5623792147882108e-06	0.00357638573925979	972	2.1456943385230734e-06	2.678308776610582e-06	2.6348644867604506e-06	7.655141992726951e-07	7.6225433931661324e-06	1.0524657570388548e-05	0.25440199999138713	0.007200415020677432
1.4276476354344337e-06	0.002948855081139969	973	2.1909690369107237e-06	2.5713563136324133e-06	3.296529953924719e-06	9.116694385372046e-07	1.060561033227279e-05	1.2069358195927694e-05	0.2407865000423044	0.005954885919350213
1.6123359222029939e-06	0.0026273821620960273	974	2.233888270723915e-06	2.2079590843115193e-06	3.324590208374418e-06	8.810768284953432e-07	7.652506298221496e-06	1.0420841241790833e-05	0.25519439997151494	0.00530278320550839
1.4897561186834884e-06	0.003291980500640776	975	2.0723101935916733e-06	2.1147472936303892e-06	3.800433410323436e-06	8.765873396387779e-07	8.717183705593809e-06	9.302896982635656e-06	0.26303979998920113	0.006631844753132563
1.4821993331766078e-06	0.003856521085379606	976	1.2628672128439856e-06	1.5944803143338747e-06	3.4636600383538155e-06	6.912583957938465e-07	1.0823394452239888e-05	9.405679659088728e-06	0.2558681000373326	0.007763476983609548
1.5768890819401183e-06	0.003845572610587527	977	1.7366733942125541e-06	1.8144604887483244e-06	2.984752412988266e-06	6.754405085262277e-07	9.577636302055156e-06	7.247293393780722e-06	0.2495579999522306	0.0077351601855350826
1.328494026895317e-06	0.0025800626832283412	978	1.7229838730124634e-06	2.5178835974960654e-06	2.750625508058138e-06	5.782171403043349e-07	1.2963514189479438e-05	7.520516998777489e-06	0.257716000021901	0.005211320127005858
1.3480959567919783e-06	0.0032379192345553262	979	1.7141209349747525e-06	3.017102875461382e-06	2.225074444523695e-06	7.883309401487461e-07	1.0226487178077199e-05	5.188092064760975e-06	0.2597840999951586	0.006517108448705021
1.3893748234065657e-06	0.004112256119140057	980	2.186165784547025e-06	3.7453015980480632e-06	3.095243126461712e-06	1.1735175709344845e-06	1.1792988126666736e-05	3.6629119469063524e-06	0.2655187000054866	0.008268403016154065
1.363188428844092e-06	0.003761355586127847	981	2.4406862997080536e-06	4.738939638766893e-06	3.0900036746527753e-06	1.7177368640097445e-06	1.2382571728884738e-05	3.72507011930777e-06	0.26361839997116476	0.0075696401992869046
1.4994730449776046e-06	0.003423633416889506	982	3.0102075394392826e-06	3.985225554661746e-06	2.6944735990499616e-06	1.4084985437530759e-06	1.4780904317212113e-05	3.3861378840598957e-06	0.3047767999814823	0.0068976982695084154
1.5116371081224623e-06	0.0027388435974707325	983	3.416517964661784e-06	3.5063765286537286e-06	2.658875186855902e-06	2.253415264118823e-06	9.070413655619631e-06	3.122055209507625e-06	0.3183858999982476	0.005516930591832255
1.2707132392625728e-06	0.002719039674400409	984	4.757305315044427e-06	4.362768632545238e-06	2.4475832809277975e-06	2.1931655037953753e-06	1.0839785479109661e-05	2.7746666032991114e-06	0.3058504000073299	0.005481610502176474
1.372502435152462e-06	0.0023883178287522257	985	7.363001900650334e-07	4.02333121211784e-06	2.4984259712202035e-06	2.668668654127571e-06	8.357698705587269e-06	3.3455164704066675e-06	0.32303579995641485	0.004812713818754275
1.2106729620048612e-06	0.002790752887219669	986	2.0513469037581374e-06	3.2024397439000694e-06	2.3591342173803618e-06	2.8768654739828987e-06	1.3874437419611364e-05	3.1011641047783507e-06	0.32436369999777526	0.005628368109751148
1.4497983007319619e-06	0.003289698689746076	987	3.033246028528774e-06	3.081557771636893e-06	2.659633349251642e-06	3.182189377040914e-06	1.2005255756311336e-05	2.227043901039831e-06	0.31206780002685264	0.006622718201934777
1.2388429135881933e-06	0.002696470462649956	988	2.495348318788174e-06	3.118717231181762e-06	2.179558943975037e-06	2.9186774386180276e-06	1.258392373424134e-05	2.818854850154414e-06	0.29699230002006516	0.005436936470228443
1.2786390650722096e-06	0.003563613251848178	989	1.951980402919528e-06	2.431577490772337e-06	2.5263256586579006e-06	3.878989708715683e-06	9.955630130664006e-06	3.464223204849451e-06	0.3000601000385359	0.007167412361758592
1.1869870277719387e-06	0.002761307917700618	990	2.243687799583884e-06	1.9482067192865146e-06	2.876135550881524e-06	4.829705509539816e-06	9.17747357508985e-06	3.755499928522143e-06	0.2984001000295393	0.005562753492043294
1.3849382149368515e-06	0.0032027469949035096	991	1.935934807958438e-06	1.9747455929970197e-06	3.0272017384429213e-06	4.3231016618090665e-06	1.1423168283447845e-05	4.854980277686254e-06	0.28414629999315366	0.00645208114716037
1.3199552804787613e-06	0.0030332706564770856	992	2.516323615333398e-06	1.5508435382233679e-06	2.980182641110719e-06	4.20295920465741e-06	8.282751117541945e-06	3.8058917426478076e-06	0.309578699991107	0.006104608818234832
1.420853923789436e-06	0.003088963864609633	993	3.3290005384932136e-06	1.4180137826257782e-06	2.961755634848773e-06	3.620014770795439e-06	9.874157394365913e-06	3.950229406668188e-06	0.2948433000128716	0.006219746995395676
1.2634209711651083e-06	0.0030743220442115285	994	2.5388626817282417e-06	1.5161599609612295e-06	3.194092676242074e-06	4.026691760997878e-06	7.263135998359364e-06	4.151987153191337e-06	0.2736486999783665	0.006185276983748418
1.2225575514106007e-06	0.003907690950639843	995	4.1566009885495795e-06	1.4491777655935282e-06	2.934339020031966e-06	3.1570850867368536e-06	1.0241247300255356e-05	3.2045068148239127e-06	0.2879927000030875	0.007856415727473576
1.3395654224259517e-06	0.003088685881809038	996	2.518287263769804e-06	1.1789588110129715e-06	2.495310929481201e-06	2.6323061302505585e-06	9.908507837710426e-06	3.8578143208453745e-06	0.27643010002793744	0.006216408401914554
1.1767572079236922e-06	0.0028222850202877315	997	3.167331749872027e-06	1.1169447774727835e-06	2.845113507659921e-06	2.8396932524108213e-06	7.715936289498247e-06	2.9017063934631744e-06	0.2717938999994658	0.0056781279236446484
1.3792380827504264e-06	0.0031216454194708874	998	4.518931895816632e-06	1.8870386290528393e-06	2.6900554442597774e-06	2.7991063696996095e-06	1.0309010480729277e-05	5.749956825880089e-06	0.26403429999481887	0.006290062382059323
1.4978703345943912e-06	0.0035085598986473714	999	3.1280975723590893e-06	1.1864655879932806e-06	2.7994567516028863e-06	2.4201546647866573e-06	9.294737099200298e-06	4.713911049751906e-06	0.25969700003042817	0.007057667008838579
1.2795516428292263e-06	0.0028603335292171047	1000	3.4952116420925435e-06	1.578359369206366e-06	2.8850687097014615e-06	2.5593871041252764e-06	8.69500489597808e-06	6.3203874554988935e-06	0.26108949998160824	0.005763774973247947
1.3005075294613818e-06	0.003048419902427905	1001	2.5690017975434626e-06	1.239638096057633e-06	2.70614751280474e-06	2.0374243815072076e-06	1.1326016531173773e-05	8.083220360192174e-06	0.25845620001200587	0.006146811505485378
1.310266801193208e-06	0.0022895211616114166	1002	2.7097665150019465e-06	1.5043738393774853e-06	2.6049328253045543e-06	1.829139841310132e-06	9.549788406838942e-06	7.500176588367453e-06	0.2538788999663666	0.0046244109998366265
1.2549540315999332e-06	0.0034771821454162586	1003	2.629006103785256e-06	1.6511575106208228e-06	2.673398819740483e-06	1.7674068772536547e-06	1.053747244181932e-05	7.678619584135999e-06	0.2585069999913685	0.0070020273522590284
1.2162034333846143e-06	0.0025356837266214158	1004	3.632783015414772e-06	2.8229144280591076e-06	2.3014839825075087e-06	1.8870024677459985e-06	1.0376696836302642e-05	5.263930199923204e-06	0.26924310001777485	0.005115725298075779
1.376004536358913e-06	0.002620977553203437	1005	2.4553059374437087e-06	2.1343883917062524e-06	2.8722127210069292e-06	2.715611800640743e-06	9.692391993669219e-06	4.543341490801114e-06	0.24207380000734702	0.00528335610129933
1.2053092186406734e-06	0.002712522444201954	1006	1.7387715459273503e-06	1.722131464032919e-06	4.107094404482724e-06	3.891421576187886e-06	1.1039507917211425e-05	4.958825469888325e-06	0.2589313000207767	0.00547091159260602
1.2104113501178102e-06	0.0022590134387570574	1007	1.1679895989069798e-06	1.2787904069362815e-06	4.050125483397502e-06	3.911497094615731e-06	1.2322979885283906e-05	7.2609403581676866e-06	0.2608331000083126	0.004570023943285111
1.184966508932536e-06	0.0028475432180837135	1008	2.7235536588861285e-06	3.0086760496954983e-06	4.498844301724359e-06	5.4027655461980095e-06	1.193594640283196e-05	7.257555663865364e-06	0.2549286999856122	0.005751477212875191
1.2685436790541052e-06	0.003221167898216466	1009	2.4653204994764644e-06	2.3072250595317297e-06	3.8356616405613314e-06	4.683338048135605e-06	1.2138759277052413e-05	5.603728556213875e-06	0.24502740002935752	0.006493649404705278
1.320302120464985e-06	0.0029053187238736672	1010	2.9919110562082443e-06	2.6498971854710093e-06	3.0325455078524105e-06	4.224745078348046e-06	7.386359722557885e-06	4.343190236290575e-06	0.24789649999001995	0.00584963625073384
1.3161560212971426e-06	0.0026885993180464324	1011	2.0397299297685047e-06	1.689665357422138e-06	4.200689214640663e-06	5.315141056944268e-06	7.359377987038098e-06	4.001635312466256e-06	0.2481891000061296	0.005415798200293244
1.3016977996978121e-06	0.002857058362170553	1012	3.6639049303212873e-06	3.1974996516705477e-06	6.273740967880413e-06	6.282809059269755e-06	6.5258767714125366e-06	4.906664906278358e-06	0.2639947999850847	0.005759003157905025
1.2544018442445383e-06	0.00316680963279587	1013	2.727352644921637e-06	1.8941611012600794e-06	7.579492224154398e-06	6.623612022354155e-06	5.726888090310553e-06	4.336716429940194e-06	0.29606359999161214	0.006375079896313421
1.3331389689268509e-06	0.0027921599181945766	1014	2.864615337825561e-06	2.5097959433351657e-06	7.795377045329961e-06	6.19840168632442e-06	4.965630389476136e-06	3.7594150257582712e-06	0.30722249997779727	0.00562380439517029
1.2703127215224984e-06	0.003271156222387107	1015	2.4273242353664946e-06	2.0665061800858146e-06	5.7075704850864064e-06	4.313567183164073e-06	8.082061160313372e-06	5.3196487272479444e-06	0.2937945000012405	0.006586171458076085
1.4475693501270398e-06	0.002460649529007459	1016	2.465585935054005e-06	1.6986006923105529e-06	4.675133633953577e-06	4.249085921328084e-06	6.319992800499454e-06	4.821392914519784e-06	0.2901364999706857	0.004959565374327858
1.3194284402367568e-06	0.0033029287663398302	1017	3.5801032709424953e-06	1.564396823043428e-06	3.4737430536803497e-06	3.3948386400501076e-06	1.001728528389665e-05	4.43241138187622e-06	0.3141854999703355	0.0066494088646793965
1.2673639189949947e-06	0.002522504982088656	1018	2.54326800194176e-06	1.5502349890674558e-06	2.3034878635816734e-06	2.2673462527573575e-06	7.882628317297771e-06	5.438289006858882e-06	0.3054462000145577	0.0050828508637709635
1.2856869498524542e-06	0.0031620109220519238	1019	3.4440728510677674e-06	1.851998579985498e-06	1.7581203209912058e-06	1.3734317867288407e-06	1.2062759167468616e-05	4.021800087598674e-06	0.30615299998316914	0.00636718996005246
1.2461753607507537e-06	0.0029010008407990458	1020	3.5706608972215596e-06	1.8143510884450815e-06	1.788916562678597e-06	1.424729795937235e-06	1.3358377054241957e-05	3.7950842896519883e-06	0.29824219999136403	0.005847399613351664
1.2125695865624126e-06	0.0031662645205520618	1021	2.9906176664779076e-06	1.6193599196326973e-06	2.2076500639153015e-06	1.139732535559727e-06	1.49905425375456e-05	3.356194998578078e-06	0.30176720005692914	0.00637960501553508
1.212938396086933e-06	0.003246338584158613	1022	3.578231125809549e-06	2.002825402532137e-06	2.1234340934437836e-06	1.0884893900827472e-06	1.4111474699409463e-05	4.092738951300848e-06	0.28732509998371825	0.006540304452422689
1.3200225813093256e-06	0.0030507860562369125	1023	1.843859777416759e-06	1.256802831057941e-06	2.643341458660262e-06	1.5847535077178774e-06	1.2928569814964948e-05	2.9516483982241684e-06	0.2930653999792412	0.006143301351637674
1.2650795307210949e-06	0.0031938083745503467	1024	2.146033351580209e-06	1.3698502652856726e-06	2.2346841534925712e-06	1.6186225954282609e-06	1.0088251694152817e-05	2.9155407478562457e-06	0.2871864000335336	0.006423523683411942
1.4814963327169411e-06	0.0036164434058935675	1025	1.558763043325499e-06	1.3270992524897564e-06	2.3835892201249062e-06	1.8139825308106026e-06	1.0280927390762501e-05	2.4318442332164635e-06	0.27756650000810623	0.007268358781747278
1.3035683240718978e-06	0.003442581274873231	1026	2.6637774861346745e-06	2.0190359811657402e-06	2.7877016554060106e-06	2.0043399922706895e-06	1.0472218142105468e-05	4.089621591075138e-06	0.28776099998503923	0.006926368220975944
1.1907065004406102e-06	0.002911506365206429	1027	2.526880613596285e-06	1.6889905619983717e-06	3.6336803640419764e-06	2.9259436512023357e-06	7.684934845239964e-06	3.5957379609657884e-06	0.25326379999751225	0.0058587309842169895
1.2803489135432477e-06	0.0027981404042712963	1028	2.992467841888083e-06	2.2667645160313704e-06	4.546475859204833e-06	3.311128524922685e-06	7.111006270348558e-06	2.921360415591252e-06	0.25837070000125095	0.005632023076483606
1.377314677167711e-06	0.002312080047782582	1029	3.108017464435378e-06	2.050539892914641e-06	6.693215159333265e-06	4.388850126107326e-06	7.773547251943988e-06	4.9455491086682744e-06	0.2783111999742687	0.0046685935402835145
1.2865258358341245e-06	0.003723743041095194	1030	2.5099482724422788e-06	2.1057968100507935e-06	9.048680416443935e-06	6.2389847335976735e-06	5.952231943268048e-06	4.9287549814203174e-06	0.277138700010255	0.007491724517943969
1.4195997366157627e-06	0.0032502398160983922	1031	3.3948366906853343e-06	2.6040597195153656e-06	8.459868094572918e-06	5.580241479037709e-06	6.088600520136954e-06	4.2813479362670104e-06	0.25055920000886545	0.0065440977345666345
1.2714320062302778e-06	0.0034677608607655242	1032	2.1040440639140815e-06	1.7352487560094617e-06	7.326472833647071e-06	4.761073674262763e-06	5.569109700678953e-06	4.823606654635265e-06	0.2544389000395313	0.006974776857581972
1.303337514960281e-06	0.0027186838065636296	1033	3.0417706942276406e-06	1.7226671832342574e-06	5.230498861846273e-06	2.976041802081111e-06	9.183642423275879e-06	5.6666190541145874e-06	0.2651385000208393	0.00548264578965335
1.1945171221332612e-06	0.0026316462119878735	1034	2.333006130502898e-06	1.6076315304024178e-06	3.4828044767720604e-06	2.03132532535174e-06	9.747450623898995e-06	4.5175581073366095e-06	0.26960289996350184	0.0053036662431455136
1.3185636238825484e-06	0.0026929221301432034	1035	2.4491803265417184e-06	1.5941448872140177e-06	2.5004996630302037e-06	1.328022453999588e-06	9.775605231766314e-06	5.373003065150648e-06	0.24747780000325292	0.005426650451458792
1.3871480421604935e-06	0.0027502033444233407	1036	1.5296298943377662e-06	1.0339856764947442e-06	1.6914174314010392e-06	9.890521256937008e-07	6.968802828615633e-06	2.078301348144799e-06	0.26914389996090904	0.005526519278412451
1.3366447587171862e-06	0.0037973531576985468	1037	2.4636891100195642e-06	1.5444847011348062e-06	1.8284941744357224e-06	1.194577256053333e-06	8.964148926703488e-06	3.0473021335263374e-06	0.2814434000174515	0.007628433752276631
1.2513861151456045e-06	0.002944462787249587	1038	3.920891432800997e-06	2.673579385138873e-06	2.6004066637199304e-06	1.2746000352527632e-06	1.0372444009699052e-05	3.4949049476692717e-06	0.25805589999072254	0.005929632522161114
1.3047873547748406e-06	0.0040571284522418665	1039	1.6575567804783861e-06	1.2357790916308235e-06	2.3760658895110847e-06	1.7501650151644347e-06	1.0943463021132032e-05	3.0200395644574154e-06	0.2580776000395417	0.008151813051141248
1.3017558866035997e-06	0.003088128898324099	1040	2.2741412201995525e-06	1.4445570043297614e-06	2.4662457895252394e-06	1.7869431116519483e-06	1.3321881358806816e-05	4.144741085975206e-06	0.2684933000127785	0.006221766440436676
1.2396005440411097e-06	0.0028048431981374726	1041	2.9447090548709175e-06	1.9474936699159156e-06	1.903616778225752e-06	1.717195536790361e-06	1.0446683040482814e-05	3.4711175815442863e-06	0.26751539995893836	0.0056485142136468835
1.201335712716744e-06	0.003935516565723235	1042	3.5570982466217535e-06	1.8798445653387208e-06	2.3754279043890894e-06	2.083615458617871e-06	7.784857285914335e-06	4.089989938135386e-06	0.2610953999683261	0.00790708148349497
1.3094999316692481e-06	0.0027670863873050953	1043	1.9503222110222287e-06	1.4758511261279446e-06	3.908460974683052e-06	2.743300164187689e-06	8.04405902056697e-06	3.890523254009063e-06	0.2515613000141457	0.005570738873498701
1.3368130765055288e-06	0.0030294672015935926	1044	2.3530977462875394e-06	1.597658457045254e-06	5.779627983209678e-06	3.676416977498269e-06	6.04610076758602e-06	3.706297120279153e-06	0.25829530000919476	0.006094519626279967
1.3784018574060393e-06	0.0029779774000465303	1045	2.6152949031464647e-06	1.7031651438085797e-06	7.737210690284352e-06	5.097917130660576e-06	5.66644914376515e-06	4.5071028471749134e-06	0.25069930002791807	0.005996212295657653
1.2708714992707397e-06	0.0023235173333383875	1046	2.883414788546456e-06	2.0641630454810514e-06	1.0934554535872676e-05	6.867663957097011e-06	6.208795529029637e-06	7.632337906867645e-06	0.2603340999921784	0.0047000084728741065
1.3214846035833947e-06	0.0029724739241626203	1047	2.601400037284636e-06	1.953235301340323e-06	1.2279172503428678e-05	7.290354733342015e-06	4.4599317217604175e-06	8.1151223765884e-06	0.2496400999953039	0.0059968650883045005
1.3526954530080634e-06	0.002937546421332841	1048	3.033018990270681e-06	1.6860761689008951e-06	1.0226398979601778e-05	5.767440202060829e-06	4.751249687886308e-06	4.729344747995835e-06	0.24803340004291385	0.005917472356784297
1.4394062801538623e-06	0.003038904773220305	1049	1.9068425388689735e-06	1.0646038685395911e-06	6.669257716483037e-06	3.998027721794234e-06	8.897874448675331e-06	8.016419969548418e-06	0.26989910000702366	0.00612815567968305
1.4027226327902054e-06	0.0038372090284953305	1050	2.961960796963444e-06	1.5291392484283697e-06	4.377967868754841e-06	3.16925294909497e-06	8.004916507626036e-06	5.182053886869357e-06	0.25605019996874034	0.007715635763908474
1.3301934565868117e-06	0.0034131424753400413	1051	1.4204645629679585e-06	8.572858911187664e-07	2.517765938015989e-06	1.8680232797342687e-06	8.574746479388509e-06	4.3037477116054e-06	0.2369454000145197	0.006861365865647081
1.4623455615558827e-06	0.004017087812067419	1052	2.6741697013499778e-06	1.9049317024513646e-06	1.5504026761847705e-06	1.1004742473444406e-06	7.965759480820121e-06	5.308349900280859e-06	0.2631332000019029	0.008070878512347482
1.3678737519543938e-06	0.0030882303867051323	1053	1.6405622468796074e-06	1.4558677645085707e-06	1.476701308555588e-06	9.913409632763142e-07	1.0153832953365118e-05	2.425885640649546e-06	0.26475179998669773	0.0062099204303854225
1.2897488356967015e-06	0.0027474738179156548	1054	1.911341358936166e-06	2.3670694251945737e-06	2.0809485476879715e-06	9.195048748874309e-07	1.1732946952879296e-05	5.951482900370153e-06	0.2716355000156909	0.0055401748574159075
1.3331473197578633e-06	0.003977606591507072	1055	2.7092721359042118e-06	3.902496865189669e-06	2.2095377413615892e-06	1.149179270047905e-06	8.659055365290704e-06	5.809466922294331e-06	0.25823590002255514	0.007996787008241331
1.2753559785920499e-06	0.002859243869392383	1056	1.8693095126500946e-06	3.017231195141718e-06	1.8203423992681293e-06	1.1536416245699831e-06	1.1481549525411868e-05	6.164098051444382e-06	0.25222580000991	0.005764190270627292
1.3898542380177418e-06	0.002466893408022696	1057	1.4771600855537094e-06	2.2872121163211625e-06	2.0853483138082553e-06	1.7439904031562932e-06	7.83816878780996e-06	6.8469513827523405e-06	0.2630290000233799	0.00497353047578139
1.3290859291348538e-06	0.0031793086133310123	1058	1.6737368659594232e-06	2.6124420835603555e-06	2.2218088496829253e-06	2.0715976512299837e-06	1.0244645194659318e-05	7.911146037931422e-06	0.2594465999864042	0.006406166566435909
1.325112958192358e-06	0.002464267449413608	1059	1.4212551822806365e-06	2.0385616942105415e-06	2.226089305766356e-06	2.131669583528235e-06	6.403539504659701e-06	6.597491288455054e-06	0.25797419995069504	0.004965004762095615
1.4862058531819946e-06	0.0029885536358328284	1060	1.4329494502434778e-06	1.7487909369263004e-06	2.473590278444198e-06	2.6613707736745383e-06	7.346659878301771e-06	9.840235387938227e-06	0.258114599972032	0.006022770175343788
1.3851362598710654e-06	0.0028462719712509226	1061	1.4310488565528263e-06	1.3008382164507389e-06	3.144889620063821e-06	3.317024226564905e-06	8.313178405770114e-06	8.001719852458878e-06	0.24312210001517087	0.005737137812457677
1.384713122126526e-06	0.0024464330348632148	1062	1.5019313366619634e-06	2.036701230308653e-06	4.152301059615576e-06	4.4357517429895475e-06	8.494624197354866e-06	8.32891413407774e-06	0.260107500012964	0.004941409258003125
1.5305640863682376e-06	0.002918825389988841	1063	1.4790631878480669e-06	1.8906340866578758e-06	5.681562683235059e-06	5.318102969936947e-06	6.0770026968086844e-06	8.468972324844569e-06	0.255171499971766	0.005884173221121403
1.5018484193965679e-06	0.003010702529291932	1064	1.413317997393928e-06	1.6506386095806622e-06	6.597586751935137e-06	5.2789811620274835e-06	6.930967885632682e-06	1.1154073264602049e-05	0.27313869999488816	0.006075519362244063
1.4538021404446225e-06	0.0029114906103834153	1065	1.5707629370548407e-06	2.409701844467095e-06	7.677737780468796e-06	5.766570175043081e-06	7.877961907074942e-06	1.1046263001712145e-05	0.25789110001642257	0.005881162047602329
1.558573763121626e-06	0.0034675528826920736	1066	1.5684287042526962e-06	1.8353017673088038e-06	8.012230882591825e-06	5.552176693532416e-06	7.4936909912220615e-06	1.2431991344098117e-05	0.2593891000142321	0.006995042415628717
1.4902304782972103e-06	0.0030011253512023284	1067	1.3377724556136208e-06	1.2730531215695335e-06	6.531920753957297e-06	3.6460241220164874e-06	6.416691404698996e-06	1.344052886280916e-05	0.260715699987486	0.006057734374349424
1.5355631249051333e-06	0.0024667929496045527	1068	1.6101047217740392e-06	1.7724836672839002e-06	7.003598625787282e-06	3.4576935360216173e-06	7.847633769624588e-06	1.2316402578961924e-05	0.25505010003689677	0.004990828978706956
1.7319497253067514e-06	0.002451601537707338	1069	1.6466624173464993e-06	1.5781080058007368e-06	5.981209640029274e-06	3.2096042993086073e-06	7.884174576094315e-06	1.3018339653997065e-05	0.25355289998697117	0.004960887587687958
1.6100375555234757e-06	0.0032492735796203487	1070	1.027309916930332e-06	9.097764899712537e-07	4.713586027220647e-06	2.078795103474934e-06	8.525990689832264e-06	1.2521777729010471e-05	0.2518813000060618	0.006552592238727026
1.5300029618956389e-06	0.002791121857135781	1071	1.520605343223224e-06	1.5034092420127306e-06	3.011295958580333e-06	8.768920712391332e-07	1.1634932546247675e-05	8.714663026322084e-06	0.2589196999906562	0.005632915113955548
1.4016657137494163e-06	0.0029403209754906455	1072	1.7455109539724674e-06	1.9835968656316874e-06	2.5412084156665595e-06	5.925527840404984e-07	1.5152301051916093e-05	6.823805654523364e-06	0.24622869997983798	0.005934260364840981
1.4663462230875653e-06	0.0020704226382392376	1073	1.1736873430779938e-06	1.056673742673106e-06	2.5653027061578303e-06	5.619829000285084e-07	1.3160363996475147e-05	8.038464557562608e-06	0.2662676000036299	0.004191533272724663
1.6001224637536848e-06	0.0030696927376702154	1074	1.2718350085236779e-06	1.2351827036697776e-06	2.4244630120386437e-06	4.249039528211547e-07	1.0752784225368751e-05	4.458337105066982e-06	0.26318889996036887	0.006178364347605862
1.3659702594800626e-06	0.0032612055667505255	1075	1.5220015028440717e-06	1.3919774601349376e-06	1.846914589403552e-06	2.478281997071294e-07	1.5119973975084034e-05	5.297393238570982e-06	0.2711360999965109	0.006570986530199411
1.4716574245913929e-06	0.0027942277821044713	1076	1.622193042988026e-06	1.4078983264023379e-06	1.9345117645224797e-06	5.21934069125445e-07	1.2361532853407468e-05	4.076420305188653e-06	0.259221299958881	0.005629761322578356
1.4463966707110583e-06	0.0034118213314998373	1077	1.1711621617250693e-06	1.3015010240470091e-06	1.9786986295576287e-06	8.364088267299859e-07	1.4940385751609459e-05	3.273027430964721e-06	0.26767769997240975	0.006868250053348303
1.372776735720276e-06	0.0022314593372637494	1078	1.9012350628076834e-06	1.5198083287397562e-06	1.954435078245642e-06	1.2369089129657475e-06	7.485245912074503e-06	2.9287258581207416e-06	0.26907839998602867	0.004493104558922088
1.3028860151916798e-06	0.0023676025621104484	1079	1.2817596467870534e-06	2.2096667396758035e-06	2.2483837893411865e-06	1.5258293674117973e-06	1.2542348623082452e-05	2.437504208800996e-06	0.27036070002941415	0.004775036241458264
1.2837487987704992e-06	0.0035409286330113547	1080	2.3226524100592226e-06	3.5014898277948726e-06	3.0355063504583807e-06	1.9191941751831606e-06	1.0708111755528456e-05	2.5174088944979187e-06	0.2518007000326179	0.007121654647683799
1.141460583621195e-06	0.003001829973478848	1081	2.0863711090880137e-06	4.1105069557907855e-06	4.228117436647518e-06	3.2561786124878505e-06	8.695088576621895e-06	2.862602480080436e-06	0.25313199998345226	0.006042739424352357
1.2042688859531663e-06	0.00290388581378983	1082	1.4024134907261907e-06	3.5246859752017403e-06	4.833272850829224e-06	3.5803904897036097e-06	9.396273870059448e-06	2.8642945708769796e-06	0.26433700002962723	0.0058480420650399
1.2019669577925441e-06	0.0031341883028632167	1083	2.083962234483727e-06	2.9371255911523617e-06	6.2465729129467106e-06	4.682673642838632e-06	6.696537657810993e-06	2.729295644300476e-06	0.26285589998587966	0.006305582540627661
1.2436540347848831e-06	0.0026832287129770335	1084	2.362755901742116e-06	3.0412914400708995e-06	6.406016934947843e-06	4.879867585200267e-06	6.517075118836931e-06	2.605712645315503e-06	0.24410860001808032	0.0054038802414139026
1.1050403585756803e-06	0.0025347787561599117	1085	1.4428331274990616e-06	2.4256677624398037e-06	5.818529583311981e-06	5.265307176208694e-06	4.393118421741053e-06	2.532190279863287e-06	0.26453980000223964	0.005100570548089643
1.1557795217081186e-06	0.002832986774711196	1086	2.462469826537303e-06	2.3664474856238322e-06	4.211066520856927e-06	3.531744110429257e-06	1.1271208108006379e-05	3.0682945892000815e-06	0.25450569996610284	0.0057095358418036675
1.2485915643033167e-06	0.0033557333508671145	1087	2.2173964661793802e-06	1.5920458907989566e-06	3.223609020013644e-06	3.1951365907070024e-06	7.045261074788237e-06	1.9154993404416505e-06	0.2444829000160098	0.006742113593660995
1.028771172947149e-06	0.0028273573736523052	1088	2.54525864040436e-06	1.6184442172201685e-06	2.5621057539445624e-06	2.4208005292990216e-06	8.587112538087279e-06	2.3461997036550783e-06	0.25793849996989593	0.005687785523274857
1.1039141693704244e-06	0.002200255696423718	1089	4.366395494747731e-06	1.6497280943020923e-06	2.5098704420500914e-06	2.1930330116516585e-06	6.892594713734946e-06	2.007629451620942e-06	0.2513829000527039	0.0044312386965596395
1.1700037845317342e-06	0.0027931100999895615	1090	3.309563792217697e-06	1.2564261664952049e-06	2.321558753308545e-06	1.8970878856501982e-06	1.0539161258637959e-05	2.0916670278125042e-06	0.25250230001984164	0.005622606500718759
1.1476323396803965e-06	0.0026908530408954424	1091	4.061463689077333e-06	1.21655208044513e-06	1.883649401496475e-06	1.2268629471022123e-06	9.841151309986794e-06	2.122958247173925e-06	0.25773309997748584	0.005416318093702689
1.0815286853815883e-06	0.0038218383454693104	1092	6.285672585614758e-06	1.7271952427134083e-06	1.7722484395017906e-06	8.075952884494143e-07	1.2472601714559289e-05	2.9425801584680965e-06	0.264770400011912	0.007687262823611718
1.051607441643215e-06	0.0033452840371931674	1093	4.522777228126439e-06	1.0995153359308272e-06	2.16774600959191e-06	6.588069903540171e-07	9.90182318992932e-06	3.851166037919081e-06	0.24861409998266026	0.006728626113289321
1.0818266787298357e-06	0.002881398241907919	1094	5.020700282590651e-06	1.4199670332733567e-06	2.108779568483367e-06	8.176113375880698e-07	1.0889354997674218e-05	2.459372672058589e-06	0.2514126999885775	0.005801024650734699
1.0501240618764685e-06	0.002832192494033849	1095	3.215454785959776e-06	1.058101546303628e-06	2.4248204666215727e-06	1.108196311591181e-06	9.378547700555244e-06	2.550776966997824e-06	0.2555403999867849	0.005698150458637033
1.0530111570775629e-06	0.0025390595671929933	1096	4.658394839118304e-06	1.4001770912316895e-06	2.537977775154061e-06	1.4618467874370388e-06	1.0762010236775796e-05	3.3532431322775025e-06	0.25594249996356666	0.00511851405993119
9.900918947796977e-07	0.00205818781788881	1097	3.970845449526268e-06	1.173071189104159e-06	2.46042809059763e-06	1.942135636493713e-06	9.717293643379711e-06	2.178554097025773e-06	0.2614070000126958	0.004151693995413712
1.039330554564403e-06	0.0026341989096169884	1098	4.7840615886982e-06	1.472675126507027e-06	2.4255936947541807e-06	2.746851320239298e-06	1.1417321283357374e-05	1.6704220494534182e-06	0.2734063999960199	0.005308081148738925
1.2003948817744862e-06	0.0028077967406385878	1099	2.9872365127517623e-06	9.83525886517884e-07	2.581072224646905e-06	2.949934164675851e-06	8.246780382689727e-06	2.6104858523857085e-06	0.265014800010249	0.005649210572299467
1.154957020730886e-06	0.0026525233203878416	1100	6.479324131740349e-06	2.2901874287038287e-06	4.067745799143637e-06	3.827429651241467e-06	9.30691017699103e-06	3.016837867829921e-06	0.26026970002567396	0.005348668737917616
1.1505575379652329e-06	0.0027085342314766506	1101	2.7672440803771895e-06	1.0547107468511936e-06	6.888956628702085e-06	5.654645795084163e-06	4.784412367510542e-06	3.1824592626175076e-06	0.25915649998933077	0.005451668878540502
1.1138537558099876e-06	0.0025029579105342705	1102	6.8220818652523684e-06	3.182829868218763e-06	9.602444639881623e-06	8.165700190096696e-06	5.107189482458338e-06	3.90407090869527e-06	0.24426510004559532	0.005053939105925918
1.2515456096233844e-06	0.002589547812884364	1103	4.256911896038074e-06	2.3721778112877134e-06	9.521128736559039e-06	7.882970372569048e-06	5.723802751528485e-06	5.602235689952806e-06	0.2587766000069678	0.005228283982687393
1.303640376572124e-06	0.0027180558075594234	1104	2.0649050313754834e-06	1.3105006992221353e-06	1.0607138982151673e-05	9.217108156372106e-06	5.413708880307467e-06	6.1065781493845135e-06	0.25787819997640327	0.0054849591228004965
1.1501403035556542e-06	0.002926758415241059	1105	3.204204076007847e-06	2.4740496152075354e-06	8.76165495205482e-06	7.353722614976763e-06	8.189803703068289e-06	5.77470273620249e-06	0.26027610001619905	0.0059055397552260185
1.2670296037453888e-06	0.0022745843451054786	1106	3.5158705998217315e-06	3.3700343350280017e-06	7.047759283641642e-06	5.499417618300304e-06	9.26096165862043e-06	5.969715889352914e-06	0.2558777999947779	0.004601597186351187
1.3241073460043007e-06	0.003166375683738388	1107	2.308806387056483e-06	2.82974228881551e-06	4.18118463069474e-06	3.2363076613633987e-06	6.950852991914356e-06	6.015507914335597e-06	0.2617428000085056	0.006373888344949214
1.2138546209872242e-06	0.003855084590340602	1108	1.1792209246227337e-06	1.2709105408160829e-06	2.4465680211689267e-06	1.8167424605781845e-06	6.401209976113815e-06	5.4169135502013025e-06	0.2513553000171669	0.007742946578922993
1.4236564503851677e-06	0.0036663960904450756	1109	1.160500479816803e-06	2.07926588979871e-06	1.599718815197838e-06	9.268267144377023e-07	1.0536486041350024e-05	4.69717775625529e-06	0.2676371000125073	0.007371873133285385
1.2426833663480678e-06	0.0037155892961107315	1110	1.7710988986484496e-06	3.3251763319381328e-06	2.5884572778022e-06	1.1275000619180646e-06	8.740897415316773e-06	3.0432672984216296e-06	0.2600281999912113	0.007466044520951942
1.2188494301474257e-06	0.003496798586023266	1111	1.7235229828457283e-06	2.7098832577550755e-06	3.7967526927359964e-06	2.2068874515416165e-06	1.3090543057195057e-05	4.9391311449772306e-06	0.26013150002108887	0.00704253126569605
1.276542572686053e-06	0.002548295521594341	1112	1.6990825034315395e-06	2.6220538197043762e-06	6.44588437912955e-06	3.341315877130044e-06	1.6204678824387448e-05	4.2765956053829825e-06	0.26749560004100204	0.00515421501377299
1.2624580094515806e-06	0.0028791747260403194	1113	1.3703283479114725e-06	1.142078727339103e-06	5.841470114961177e-06	4.823591741575373e-06	1.376554212401382e-05	4.5193402129639005e-06	0.25514300004579127	0.005810621601705285
1.165193399412836e-06	0.0029507963837229166	1114	1.2618963699432138e-06	2.1146782090709952e-06	4.381082984850186e-06	3.4262518053582214e-06	1.1940362341317221e-05	3.6056239568923004e-06	0.2572212999803014	0.0059461990362103005
1.320924313121005e-06	0.0027922724949515695	1115	1.5307039674371614e-06	1.707768969138288e-06	3.880983506889259e-06	4.199905103622216e-06	1.0191862702964428e-05	2.7944051916488554e-06	0.2637417000369169	0.005624478735865694
1.1891908125712959e-06	0.003171609725791108	1116	1.0479258520030022e-06	1.8775957898164143e-06	4.0602832656167345e-06	5.824930694829031e-06	9.438800820978817e-06	2.137480133119251e-06	0.24956179998116568	0.006381561130717819
1.203836004099913e-06	0.0032670333509460343	1117	2.0290773969561883e-06	3.443041439429634e-06	3.570969316196711e-06	5.549237941136615e-06	9.419303015641329e-06	3.1869776782245263e-06	0.26858370000263676	0.006576279261381719
1.1584508470146678e-06	0.003096089767926256	1118	1.6649315419473326e-06	4.837114349902074e-06	3.4498377624067033e-06	4.195519176385503e-06	1.0340554927875266e-05	2.258173282281551e-06	0.24985349999042228	0.006233841296797497
1.1361231131969291e-06	0.0032333209501124918	1119	1.2506685411439946e-06	4.60390347498967e-06	3.9338122272317236e-06	4.808863089895884e-06	1.0265781534281487e-05	2.7633953809779167e-06	0.24444769998081028	0.006509569747615159
1.2041130503743443e-06	0.003466509447987815	1120	2.118898269692165e-06	5.793243807382653e-06	4.975356562566341e-06	6.27735843952493e-06	1.052340254737881e-05	2.011039327378396e-06	0.2638545000227168	0.006979660862905058
1.1254086629192734e-06	0.0037802661174919762	1121	2.4554121741736178e-06	4.580433720473643e-06	4.883663672828413e-06	5.337000248608918e-06	6.6135250905296925e-06	2.6432248748178545e-06	0.26159589999588206	0.007598553062056572
1.0201901964114577e-06	0.002817665648039309	1122	3.526352256835972e-06	3.5331488300182506e-06	4.944602003315171e-06	5.742825261609518e-06	6.538724427473074e-06	2.470283925940419e-06	0.24583329999586567	0.005673136621530046
1.0778665820015996e-06	0.0027386980603027085	1123	2.7657648570782215e-06	2.2474714604980387e-06	4.160257903612068e-06	4.521329765610668e-06	8.041879196765775e-06	2.9975866708665033e-06	0.25197270000353456	0.005515325609491485
1.0197865416496948e-06	0.002911408226510084	1124	2.322044703219554e-06	3.0665880572822447e-06	3.564523992166148e-06	4.968054253007794e-06	8.282091260880627e-06	2.7661864549798e-06	0.2486096000066027	0.005860873792540864
1.0924512289974734e-06	0.003097356145288629	1125	4.409556071461541e-06	2.2463718300180756e-06	2.006861717883747e-06	3.5392480361666848e-06	8.62569618284595e-06	1.9012180215653125e-06	0.25807000003987923	0.006230153059099606
1.0944918285972693e-06	0.0028913250174365072	1126	2.6168919378467443e-06	1.3212936049165526e-06	1.6222091820941576e-06	2.7465549578662658e-06	9.104756540506553e-06	2.1272367966166457e-06	0.2622370999888517	0.005815609954887179
1.0089489044076276e-06	0.002792904721350529	1127	2.880081454706941e-06	1.3670447146829087e-06	2.1950251722244e-06	3.230655348460563e-06	1.3253345059612582e-05	2.9864515042886997e-06	0.26194789999863133	0.00562997974032775
1.2482881347835103e-06	0.003130521381627728	1128	3.890947455976598e-06	1.6403993154516534e-06	2.8710447641126896e-06	2.5255700954979445e-06	9.570144615041918e-06	2.5196721175271757e-06	0.2535883000236936	0.0062986469346212
1.1060413168081012e-06	0.0036075465751969744	1129	2.32687089439136e-06	1.0411266646400865e-06	3.7681464823559603e-06	3.08917599953168e-06	9.335673323911822e-06	1.6866598600328962e-06	0.25606230000266805	0.007249575219436374
1.1090943785992312e-06	0.002817090618030468	1130	2.460869546059703e-06	1.2778994967752187e-06	3.4334966431289443e-06	2.4319095113687713e-06	1.0602193359181698e-05	3.257189233217291e-06	0.2642452000291087	0.005673722365200265
1.2086629976407735e-06	0.0032724314842401325	1131	2.232416287064014e-06	1.1608012598284308e-06	1.9802934406679285e-06	1.4864067015524289e-06	1.0810770160756131e-05	2.5586403882458783e-06	0.2771760000032373	0.006580879033262664
1.100435583742e-06	0.002493828598357397	1132	2.2508976201937327e-06	1.1097856010183867e-06	2.1045751006625577e-06	1.6716106306208631e-06	9.320017075763238e-06	2.364207456943572e-06	0.2688737999997102	0.005020363385900188
1.2405094962300319e-06	0.003228222191902615	1133	2.7209726653866885e-06	1.5053916515557946e-06	2.902466579426391e-06	2.0990175246835575e-06	8.799621671590195e-06	2.5515288378119924e-06	0.25933500000974163	0.006490855552237548
1.1232747726652062e-06	0.0033490755344084914	1134	2.9584696858796646e-06	1.5252612978424837e-06	3.9616271575557e-06	3.036928799350118e-06	7.099186060862153e-06	3.1546470491837063e-06	0.2543155000312254	0.006732387571523031
1.097079314086004e-06	0.0032261229651339065	1135	2.0080431508850505e-06	9.542519631971332e-07	4.117029757399571e-06	3.1109238117344307e-06	8.968475798755734e-06	4.190540135853913e-06	0.26557800004957244	0.0064909483694484205
1.170979166058503e-06	0.0032082804704534097	1136	2.567365116115138e-06	1.5252250282682523e-06	3.349163171471276e-06	3.2089815797747276e-06	8.972582959841371e-06	2.868915112427484e-06	0.2749792999820784	0.006453236630279104
1.3116860957069868e-06	0.003329284939342043	1137	2.121966137675091e-06	1.5628237829146175e-06	2.582153362712007e-06	3.2516995701333463e-06	6.425750535486826e-06	2.528333553854054e-06	0.2737475999747403	0.006688620061907616
1.105201163197887e-06	0.003956495749068467	1138	2.398626019770075e-06	1.6619131660462914e-06	2.27526213779052e-06	3.4695882944737916e-06	7.151320611682781e-06	2.262796358312091e-06	0.2673223000019789	0.0079438355240214
1.081951091716693e-06	0.0032321614572644822	1139	2.1803293998968738e-06	1.7678001276037795e-06	2.1160058459807363e-06	3.789881999737587e-06	7.481898327189911e-06	2.4992700984426515e-06	0.259118199988734	0.006496303170936883
1.2102994604355327e-06	0.003353150045702741	1140	2.19848437043413e-06	2.1838873969464555e-06	1.9020028241471002e-06	3.6511119081920885e-06	8.257064070633985e-06	3.158663777392196e-06	0.2701052000047639	0.006741487632522124
1.1136695271455513e-06	0.00281527617664589	1141	2.448241899969819e-06	2.2287272390834503e-06	1.8494296828627925e-06	3.1160000546054904e-06	6.793118382021399e-06	2.4554584810144297e-06	0.2615264999913052	0.005660919244948665
1.1228811453013845e-06	0.002401885413921961	1142	2.3632777906008623e-06	2.2326882147867094e-06	1.5988807034971847e-06	2.4129264385604633e-06	9.399685526443296e-06	2.1635329261959326e-06	0.25400810001883656	0.004837750800187248
1.2317886012540208e-06	0.003658769950751224	1143	2.100575564579591e-06	2.2513495579564713e-06	1.9679724076112846e-06	2.6144719391843043e-06	8.31962672286088e-06	2.06244246617268e-06	0.2656802999554202	0.007349701986552356
1.1176740321438202e-06	0.0028646755221018528	1144	1.3874372402979697e-06	1.5924209706928677e-06	1.7574643908205847e-06	2.471445693913458e-06	9.793681134508912e-06	2.406816955218454e-06	0.2628524000174366	0.005763196156743174
1.0442405504537117e-06	0.003850212275064055	1145	1.7071928880044772e-06	2.3604975633877127e-06	2.9583269466103866e-06	3.244377375479737e-06	9.05902715376263e-06	1.9289314187949808e-06	0.27173300000140443	0.007734759343147615
1.0574027382893725e-06	0.003394834050119502	1146	1.6179778171474738e-06	2.0625726400367314e-06	2.419154595792635e-06	3.044303897357673e-06	7.145647237714977e-06	2.054364892883499e-06	0.2637066000024788	0.0068193269389271146
1.1433459371227374e-06	0.0035921606920458543	1147	2.172854358933448e-06	2.1008429403973857e-06	2.6156009968837347e-06	3.1364250499077905e-06	1.0086332419430488e-05	2.325361449150381e-06	0.26722109998809174	0.0072214571870492395
1.0181670789527207e-06	0.0024586257566831518	1148	1.2604923663902777e-06	1.7660393529383091e-06	2.794282526991296e-06	3.5588276620107165e-06	1.1263203427140817e-05	2.3548570116735938e-06	0.2614907000097446	0.004955903610310169
1.05328470481059e-06	0.00239746048106577	1149	1.4594508318039404e-06	1.4624040798079951e-06	2.066066638550332e-06	3.2083696162354565e-06	1.2093581295106872e-05	2.425282995360497e-06	0.2561361999833025	0.0048342615512884934
1.1489237324517703e-06	0.00272112494605821	1150	3.6136634936081013e-06	1.6968051720196987e-06	1.8096446388779445e-06	2.9036805853815316e-06	6.917412831745006e-06	1.7065996182303667e-06	0.2667629000497982	0.005471819558371162
9.88634413855222e-07	0.002784580777008944	1151	3.4512995022105033e-06	2.367143358568524e-06	2.620594632636693e-06	3.397661284791475e-06	1.0069174942256087e-05	1.973499514968197e-06	0.2702986000222154	0.005607060870538255
1.2011750619022151e-06	0.0033315229205555783	1152	3.4513954806573478e-06	2.1489837313005727e-06	3.890746298374936e-06	4.038546680378145e-06	8.963590602785406e-06	3.293316431998813e-06	0.25870589999249205	0.00670349167749524
1.2900328207444714e-06	0.0025091321538207047	1153	2.9233295087355295e-06	1.6201782818669667e-06	5.477877421713521e-06	4.7998288176815846e-06	8.724791462021152e-06	3.478404816525154e-06	0.2460647000116296	0.005060071979869989
1.1784009823197395e-06	0.002930329029305768	1154	2.6574590907019777e-06	1.3942884450571161e-06	6.190155372746257e-06	5.329369983693776e-06	6.943863349426243e-06	3.5473945669038342e-06	0.2719768999959342	0.005899568649301035
1.0875192223325255e-06	0.0025216509970461924	1155	2.319574609501698e-06	1.320375199981647e-06	5.008629884133355e-06	4.084025639364267e-06	8.627387491386207e-06	4.208457815108909e-06	0.2639193999930285	0.005083881328483021
1.2465650388700507e-06	0.0029531772883212796	1156	2.6875987673343347e-06	1.4380740494568977e-06	4.511740429134037e-06	4.190734540912164e-06	7.127602798468647e-06	5.925117003465181e-06	0.25401610002154484	0.005947781294111005
1.3887770160092824e-06	0.0032480921891465163	1157	1.874142819471682e-06	1.212309936242386e-06	4.622344623730126e-06	3.681976905433275e-06	8.49641289847248e-06	4.494262827467304e-06	0.25269439996918663	0.006536334058061808
1.1112964111947363e-06	0.0027746248327015447	1158	1.997434683395813e-06	1.4972765416542639e-06	4.835645849875972e-06	3.240314943862027e-06	9.729578224894138e-06	5.731205854198798e-06	0.2620230999891646	0.005593964498402452
1.4445247521398808e-06	0.003251151658551765	1159	1.7804834216484296e-06	1.5495138671240693e-06	5.63004701303712e-06	3.757968557574348e-06	7.421528355661643e-06	7.124724561304648e-06	0.2544857999891974	0.006547002885301127
1.3194121231564894e-06	0.0027203108032714373	1160	2.1420959135126376e-06	1.9576920117901554e-06	6.713925897884336e-06	4.755519860772087e-06	6.1069529437809815e-06	6.326490580317974e-06	0.25973739998880774	0.005483696551521345
1.3573303538018664e-06	0.0037997118635728607	1161	1.857072531911439e-06	1.5975579969998388e-06	6.360815155160633e-06	4.562180812978032e-06	9.92121299844489e-06	1.1228410616965483e-05	0.24661989999003708	0.007658815261581196
1.4337147854193445e-06	0.003327065026489283	1162	1.4892886177214857e-06	1.059136746851883e-06	7.860995684534567e-06	5.408249067865348e-06	6.938737506606825e-06	6.299793422602058e-06	0.2509704999974929	0.006699292214524795
1.4303575797288848e-06	0.003788895948965012	1163	3.3085665577936475e-06	2.418033682668699e-06	8.448954860954636e-06	4.0904168029127386e-06	6.328144827822774e-06	7.3228375196597614e-06	0.25506390002556145	0.007626220549688777
1.3728615980499532e-06	0.0031042117569250022	1164	2.3123238290002903e-06	1.8121256804828587e-06	8.363809523787376e-06	5.1414785123225025e-06	5.438249158874311e-06	4.872616001403151e-06	0.23239489999832585	0.006249420704912252
1.412576330270743e-06	0.0031241620726372987	1165	2.6235086015020446e-06	2.1295264852217083e-06	6.335327645995633e-06	3.1116794936825144e-06	9.223104914814076e-06	5.488475065279397e-06	0.2530212000128813	0.006294772500121728
1.4821943437230912e-06	0.0025366706492273	1166	1.0295550029453789e-06	1.1839146481814654e-06	3.893361581267772e-06	1.4836253492764246e-06	8.67281718695169e-06	4.804120394544307e-06	0.249163199972827	0.005110850018886709
1.2788345570271743e-06	0.002412485585402217	1167	2.3890303738220314e-06	2.4139981313744574e-06	2.416239725242512e-06	8.921402547497296e-07	8.276135749823644e-06	4.3342099412914025e-06	0.23845369997434318	0.004860860939785908
1.3512149420731257e-06	0.0034094879773603945	1168	1.4926740632286504e-06	2.0038111398931315e-06	1.2183526046601212e-06	4.309602041340155e-07	1.2014984379256284e-05	4.548707850164286e-06	0.2545702999923378	0.006859951567075692
1.2851546444408972e-06	0.003173158232790825	1169	8.994286017986364e-07	1.272239563575217e-06	1.262424803363507e-06	4.7471287213064105e-07	1.1794104790592503e-05	3.2318314593866447e-06	0.2709154000040144	0.006382847453211359
1.2360626374450533e-06	0.0030072869631044092	1170	1.280702413185582e-06	1.7118539867373712e-06	1.8378194222761757e-06	9.141683714298337e-07	1.1793307803110101e-05	2.9330300504415833e-06	0.2621040999656543	0.006052243271384441
1.2736514612203063e-06	0.00271383691562922	1171	1.5250637870129025e-06	2.2003558627883004e-06	2.2635219607928623e-06	1.5521523595210225e-06	1.3805360294809411e-05	3.110781795039266e-06	0.26071820000652224	0.005471594512330693
1.225381674168527e-06	0.0034119040442684182	1172	1.4706861159246388e-06	2.2577268899940034e-06	1.9695878648826674e-06	1.947997350522514e-06	9.91846200283072e-06	1.7487702962269029e-06	0.2616367000155151	0.0068572393147046115
1.2824511450296484e-06	0.002939278739222422	1173	1.8201580711862803e-06	3.3851296324480986e-06	1.976540798691589e-06	1.8766473124525787e-06	1.1421331611585303e-05	2.47149661538969e-06	0.2626672000042163	0.005917966513003633
1.209642621118089e-06	0.0028529418117356946	1174	1.4629775966629708e-06	4.023031360745887e-06	2.091512512075959e-06	2.3696751543048936e-06	1.0015649885739546e-05	1.617690736443018e-06	0.2746255000238307	0.005741516786581779
1.1764517946472635e-06	0.0028778047169266906	1175	9.463268493417956e-07	4.336084554725607e-06	2.571794066155992e-06	2.7580897285852743e-06	9.85917168841504e-06	2.6283488705666556e-06	0.25975209998432547	0.005793549673759449
1.1886718868197289e-06	0.0031320958389410153	1176	2.245036991552061e-06	4.3655506226435375e-06	3.0424662010848547e-06	3.2894579449375214e-06	7.718391654381611e-06	2.6204969107161187e-06	0.24340430001029745	0.006300189310546084
1.2000643081899879e-06	0.0022850329572848896	1177	1.3355870157308228e-06	4.573242250490774e-06	3.411936979626766e-06	4.477038030469229e-06	1.0078227900287147e-05	2.6751375674615665e-06	0.25887020002119243	0.004611770578397974
1.0355083186743788e-06	0.002485618179252671	1178	2.7208840085637005e-06	3.553092934551587e-06	2.9825552206400895e-06	4.442268751471238e-06	6.33998477747123e-06	2.6859041571112253e-06	0.24863099999492988	0.005005057953927083
1.1816772676848514e-06	0.0032110591433183134	1179	1.8610497418376071e-06	3.583649630253206e-06	2.3366283558442134e-06	3.679770251141782e-06	7.346462836943089e-06	2.0931928520175103e-06	0.26825690001714975	0.006454822050528995
1.0265475192641963e-06	0.0026807943312379813	1180	2.5197393802313276e-06	2.6009504533840726e-06	2.680914863081146e-06	4.585242840956627e-06	7.267586766105542e-06	2.0087864353175215e-06	0.23673070000950247	0.005394581351454991
1.1736437863563873e-06	0.0030789602840240677	1181	1.96263991960345e-06	2.3341822874550035e-06	2.3784349980406356e-06	4.015341931665863e-06	1.0566723057426728e-05	2.055275055839976e-06	0.24961769999936223	0.0061962024509841455
1.1568959661742684e-06	0.002676555563751743	1182	3.611530281036678e-06	1.7093036527266742e-06	2.055475942091439e-06	3.5130801514655657e-06	7.618434009335714e-06	2.7009163762815876e-06	0.26183339999988675	0.005386953010234389
1.0291047307051143e-06	0.002350656392451687	1183	3.2052394076232504e-06	1.699944194675721e-06	2.202488198896245e-06	3.588302411751727e-06	7.106040803121531e-06	2.0512518634899354e-06	0.25306660000933334	0.004732381553910954
1.1477814389403045e-06	0.0032291914337276763	1184	2.093644143011713e-06	1.03443899013697e-06	1.7524614056295253e-06	2.8397429479770154e-06	9.372800188037854e-06	3.2070048691302404e-06	0.2771216999972239	0.006493558327934325
1.0704899413382291e-06	0.0020989600835062037	1185	2.085736002398474e-06	1.129262518372363e-06	1.5091016590128045e-06	2.240363315416564e-06	8.451014676640441e-06	2.016721795799101e-06	0.2707177000120282	0.004227961083335164
1.0148918445447467e-06	0.003305513027499444	1186	4.493014749774722e-06	1.8163531172863138e-06	2.272152929820878e-06	1.7237767370146119e-06	1.2595777136956326e-05	1.6709386640563896e-06	0.25508269999409094	0.006651894567823898
1.145014190940203e-06	0.0031002313852445135	1187	5.152808740030403e-06	1.996014097102142e-06	2.66350687272008e-06	1.6835893522560729e-06	9.550028045625938e-06	2.0117064071940627e-06	0.2639132000040263	0.006237372186838656
1.0022641253378479e-06	0.0026277258932495954	1188	3.865842093847108e-06	1.6215619932515982e-06	2.501106404525192e-06	1.7217095465856285e-06	1.0508828126993685e-05	3.0187293247186656e-06	0.2412299999850802	0.0052942216496915
1.050164183192129e-06	0.003246079828099887	1189	3.400929374824518e-06	1.2338740107320441e-06	3.1898388921268538e-06	2.7501111458858637e-06	1.2025523756604331e-05	2.1172508255883405e-06	0.2691066999686882	0.006533120287154113
9.473056066708916e-07	0.0029583324815674614	1190	2.8106737150291884e-06	1.2608946910949507e-06	2.2712382834752698e-06	3.821619916711923e-06	1.1183243400782634e-05	2.4877448428388703e-06	0.2631104000029154	0.005956065977441818
1.0375010340603076e-06	0.0023880441176713702	1191	3.2440587041811178e-06	1.3272447863595894e-06	1.8843795232269714e-06	4.3058739122944735e-06	1.0203403879936121e-05	2.8998719211288626e-06	0.25798660004511476	0.004815131345939054
9.694380944303892e-07	0.0024896582625405362	1192	4.617389407508206e-06	1.8894782749365862e-06	1.8780414178051525e-06	4.899245724031613e-06	1.102436839903659e-05	3.0247964440024666e-06	0.25766409997595474	0.005022637885780293
1.0696519388408172e-06	0.003562197011984353	1193	4.0665693361185735e-06	1.9307270661791688e-06	1.5245584750658105e-06	5.05507053471854e-06	9.264940575627422e-06	3.1244325567825145e-06	0.2688426999957301	0.00716388899952329
1.049677837201813e-06	0.0027656587366210635	1194	2.741420006533039e-06	1.7533488318283972e-06	2.114154508976338e-06	4.747630690010629e-06	7.159221954267436e-06	1.6384376626779212e-06	0.2658526999875903	0.00556236870218777
9.568348930044905e-07	0.00295000095493714	1195	2.488942453703222e-06	1.319311729015811e-06	2.5899028759261665e-06	4.407819161080036e-06	6.88534092184321e-06	1.6873264190269858e-06	0.27053159999195486	0.005929866890561755
1.1582135370916537e-06	0.003865554742686271	1196	5.132000184637369e-06	2.594709699819945e-06	3.7180924245370473e-06	5.907726653454291e-06	5.021507293319697e-06	2.505262286019403e-06	0.2495698999846354	0.007765831980567852
1.0751724950607771e-06	0.0030308374510529144	1197	3.1606056699219314e-06	1.966439976375907e-06	4.102517625617288e-06	6.151638271658495e-06	7.74079859794405e-06	2.5942759784469172e-06	0.24800740001956	0.006099876597792306
1.0316731355525343e-06	0.003254294324952112	1198	3.107492533341617e-06	1.782882781945614e-06	3.562474840113428e-06	5.527763613792168e-06	6.56119962992043e-06	3.022021495415804e-06	0.2470463999779895	0.0065437990521951955
1.1340026562346408e-06	0.003263964952689687	1199	2.5224012953828516e-06	1.6611475379400764e-06	3.0300256716143444e-06	5.399499166901951e-06	7.107712700232282e-06	2.4068389774937e-06	0.2580337999970652	0.006561840087719135
1.0806387758012748e-06	0.0027133198878769626	1200	2.9190628981332353e-06	2.1603214066894495e-06	2.9767560374531386e-06	5.3358530491935465e-06	6.464481787048202e-06	2.6066285617758884e-06	0.26312050002161413	0.005460335267394645
1.1960563621796942e-06	0.0034024134114124683	1201	2.678267559094902e-06	2.2493755218671598e-06	2.273610445767733e-06	4.344094998673114e-06	5.201820162827702e-06	2.8075468908552007e-06	0.2541344999917783	0.006834783018182066
1.1534650991414551e-06	0.0030502765504609192	1202	2.210722631801688e-06	2.241699162873589e-06	2.2109997961032645e-06	4.574910560339799e-06	5.503562429785694e-06	3.321876516951444e-06	0.2632298999815248	0.006131749241164715
1.0748848364368527e-06	0.002570186444325638	1203	2.599711741319033e-06	3.355262364874964e-06	1.8575292118963254e-06	3.4221314072328027e-06	7.511086817828055e-06	4.175858954464355e-06	0.2651093999738805	0.005177131184594058
1.31059183262842e-06	0.0032969838875147924	1204	2.3558146900842934e-06	3.481343380725531e-06	1.8577390322777999e-06	2.7220601471892497e-06	6.158874291468145e-06	3.906245520312732e-06	0.26953480002703145	0.00662713615556868
1.2676896360102314e-06	0.0037180049354445226	1205	1.0349314911007211e-06	1.4078920545254131e-06	2.0836376577000752e-06	2.113013713309555e-06	9.11392349712461e-06	7.138431067640177e-06	0.252596500038635	0.007477689434207233
1.3147932507110737e-06	0.0023760872152901887	1206	2.0327538439197132e-06	3.112830024301613e-06	2.196934235250497e-06	1.6525390273219353e-06	7.583868367654834e-06	6.4242166077063815e-06	0.26640199997927994	0.004791815244163316
1.1808877387311457e-06	0.002387098747032264	1207	1.08359098126636e-06	1.2384330875732193e-06	2.6228580407105266e-06	1.3221089611636739e-06	7.362155210823442e-06	5.249929167252522e-06	0.26427440001862124	0.004808050429368857
1.1541803002243138e-06	0.002939436434330217	1208	1.6275665942825148e-06	1.4475277888724678e-06	3.715715708891e-06	2.1703347932858335e-06	8.04341018274276e-06	7.767532751264614e-06	0.26677099999506027	0.005921764260014229
1.2688445908657013e-06	0.0036320608409180035	1209	2.0233849310196152e-06	1.9036872166751792e-06	5.2247727890632384e-06	2.857956737921044e-06	6.254061554802058e-06	6.586900755399624e-06	0.25234459998318925	0.007304351097312822
1.1842032546249962e-06	0.0021918735554936797	1210	1.5199497179120606e-06	9.191200834978929e-07	6.013123331248886e-06	3.071746295260574e-06	5.598016457744144e-06	8.9524070566766e-06	0.2605294000240974	0.0044267403039533705
1.2219140081898117e-06	0.0028871326468909463	1211	1.6611590006097987e-06	1.7929120270681645e-06	6.145207674602971e-06	3.1054455219483984e-06	6.944310301791366e-06	9.260830769235329e-06	0.26580639998428524	0.005821824128164554
1.385102200843436e-06	0.0024520950511231552	1212	1.4492459774655266e-06	1.3968015788443071e-06	5.573270198533077e-06	2.536590580357193e-06	6.792101145250873e-06	7.359459653312879e-06	0.26050740003120154	0.0049462193365803235
1.5221818465550438e-06	0.0023822636234757844	1213	1.4816378100222626e-06	1.4058253020498835e-06	4.7666230556973196e-06	2.0823408061111264e-06	5.295227475632003e-06	5.888955010405067e-06	0.2740454000304453	0.004799676402590634
1.508116976236393e-06	0.003484975347380403	1214	1.1043792337349594e-06	1.5355484495822696e-06	3.034927943771607e-06	8.526006743953918e-07	7.102338497813439e-06	6.147532106704671e-06	0.2677758000208996	0.0070059941262237985
1.4807649821617413e-06	0.0034846236074063093	1215	1.4120826660125848e-06	2.2526212802615184e-06	1.8727968015762457e-06	4.34159533008826e-07	7.213709759601761e-06	5.0503512047217724e-06	0.2514857000205666	0.007002708526986449
1.244501776076221e-06	0.00303174413107491	1216	1.0294819346116382e-06	1.5439106353517665e-06	1.2842138041804178e-06	2.1399089831001075e-07	7.988517766349186e-06	4.695248442543755e-06	0.2788179999915883	0.006095416395392211
1.4452100438419995e-06	0.002279146303178105	1217	1.1489939069806436e-06	1.613100622748904e-06	1.3051513494392177e-06	2.245125212227907e-07	1.2264143318375173e-05	3.2975423066328693e-06	0.25421430001733825	0.004596598156094301
1.2260904391048937e-06	0.0030200934332957645	1218	1.630205694507691e-06	2.852133450248762e-06	1.5118272697766797e-06	5.024547754989179e-07	1.216228011572144e-05	3.2559540438666978e-06	0.2695564000168815	0.006079972136978948
1.1811404182597076e-06	0.0031067052089882204	1219	1.2960392981668295e-06	2.1111913220443437e-06	2.3302125091966456e-06	1.1893026417848886e-06	1.0532271646256823e-05	2.2476694246201324e-06	0.26824579999083653	0.006248259326725906
1.2033841190112946e-06	0.0037085886678469796	1220	1.3347990509291126e-06	2.2565014834043747e-06	3.8595962681453296e-06	3.083148793202653e-06	1.333455184441777e-05	2.5428145281864504e-06	0.2588730999850668	0.007461872882272872
1.2123291116257687e-06	0.0026942775004836577	1221	1.3919194237530597e-06	2.3661674472036763e-06	4.901807633034567e-06	3.3923674842412508e-06	1.3235709648461032e-05	2.8900155781885676e-06	0.2623056000447832	0.005435283371632098
1.2050040733462367e-06	0.0031831428909877826	1222	1.1351956940629189e-06	1.7429595818209042e-06	3.4633096680197243e-06	3.954894509155843e-06	1.1262612539948016e-05	2.835999264094349e-06	0.2620562000083737	0.006407189373183403
1.15366419542537e-06	0.0026575348774644193	1223	1.8815030444218336e-06	2.915986277324931e-06	2.9738245474899946e-06	4.745997948521252e-06	9.322272205839596e-06	1.9220306040509647e-06	0.2657897000317462	0.005352383000757229
1.2214951512803757e-06	0.003306906778067627	1224	1.4696746439350254e-06	2.278125821024775e-06	2.5467941469853713e-06	4.693160125501901e-06	1.2994625029914504e-05	2.726207985611272e-06	0.26010780001524836	0.006658685967206313
1.1272533862281162e-06	0.00240376149506861	1225	1.2445189597232183e-06	1.9010522675468627e-06	2.722564255123457e-06	5.3973817935693e-06	8.92393024532314e-06	1.5721768159023296e-06	0.26932669995585456	0.00484203522830809
1.2295011566475673e-06	0.0031864201758673156	1226	1.1427616011756613e-06	2.0379426493371577e-06	3.2495396859832242e-06	6.195996419988058e-06	7.272481614778458e-06	2.962220807172011e-06	0.2789629999897443	0.006408394999248312
1.2247417373663593e-06	0.0030074277389041328	1227	1.5925200712078209e-06	2.30633229835004e-06	4.370429660326967e-06	6.305647256042871e-06	6.1711117954276294e-06	3.745978649657869e-06	0.2737140000099316	0.006051714071459098
1.280786934645741e-06	0.0036208093541792905	1228	8.378968367219251e-07	1.6599112237425905e-06	6.4168546876111385e-06	7.339102170287627e-06	4.797975291522034e-06	3.6732747565655033e-06	0.25642599997809157	0.0072773765472424114
1.1577799375691794e-06	0.0028469174672515257	1229	1.7035051678085638e-06	1.891856284265707e-06	7.880452920374175e-06	7.752100301422243e-06	4.085589574316091e-06	5.296712065070302e-06	0.25664330000290647	0.005734143012330834
1.2609308485282243e-06	0.002840945492346504	1230	1.4317806102683108e-06	1.493783282452353e-06	6.793552115555921e-06	5.827348777217427e-06	7.0704535209621924e-06	5.925829914036426e-06	0.26343999995151535	0.0057259518780455555
1.2013594619420195e-06	0.0029265771805923784	1231	1.0462475435423806e-06	1.107492621425511e-06	4.243001033583043e-06	3.978320318663821e-06	6.923610473740316e-06	6.315718604930597e-06	0.2635020000161603	0.005892410799783197
1.1837687221230093e-06	0.00322440291478541	1232	1.2162717386085926e-06	1.3898687754552482e-06	2.4496947909422127e-06	2.705437048186897e-06	6.758050273265167e-06	5.297049243232235e-06	0.25962940003955737	0.006483044838401253
1.3003356645436614e-06	0.002801623227152295	1233	1.1506587225611937e-06	1.9115643983073716e-06	1.403238827300418e-06	1.214239857227651e-06	9.37720343404036e-06	4.541262951142962e-06	0.2615634999820031	0.00563936376020944
1.3048951396767353e-06	0.0034124533535735803	1234	1.200171674596095e-06	2.3292588809675384e-06	1.0691846840301266e-06	5.481635873434359e-07	8.326076955742539e-06	3.70013450865829e-06	0.25846700003603473	0.006856715699182253
1.134391103148464e-06	0.0015642784150215797	1235	1.3189540898596669e-06	2.2956652876110105e-06	1.33260182883039e-06	2.693507904010166e-07	9.683056342796753e-06	4.55464107340765e-06	0.22936430003028363	0.003164517579078567
1.0924329785779366e-06	0.0025979259987811087	1236	1.2786920591230093e-06	1.238049002651419e-06	1.3779297744771228e-06	1.9371666600198295e-07	7.892744047164582e-06	3.0683499541445717e-06	0.26028990000486374	0.005224047439024245
1.178197702212279e-06	0.0032461507644211086	1237	1.0040464687760737e-06	5.524631629238817e-07	1.92392545455515e-06	2.5300480087988543e-07	8.835456524204769e-06	2.7491689190621857e-06	0.2620285000302829	0.006521560615020311
1.108138582969939e-06	0.0031367884058957534	1238	1.4246234133638964e-06	9.248721967830191e-07	1.834722737471321e-06	3.6152524797645625e-07	6.0925990986352525e-06	2.3793665327502185e-06	0.26553959999000654	0.006297282763815812
1.1317388804713231e-06	0.0031845707792428016	1239	1.4631211363560626e-06	1.1239194408523182e-06	1.6009118596407126e-06	3.99187415595906e-07	1.120885519088989e-05	2.9319273031937405e-06	0.2539869000320323	0.006404273741087158
1.0600361058450856e-06	0.0027995327274072303	1240	1.2255093450129845e-06	8.637474942575749e-07	1.8091595130113735e-06	5.658138271170539e-07	6.9349750662486716e-06	2.44448560323446e-06	0.25920479994965717	0.005624408678544517
1.1746836034656296e-06	0.0035596098630412366	1241	2.4269311359810437e-06	2.047707606399366e-06	2.4197098586302576e-06	1.1014653879581225e-06	7.185988052772981e-06	2.232178029441323e-06	0.2600747999968007	0.007148401239442801
1.198632648224072e-06	0.00350596026063757	1242	1.5063440182961222e-06	1.4349989017981756e-06	2.9492409792521864e-06	1.8691609940614112e-06	7.22353357624629e-06	2.444740888125045e-06	0.2576727999839932	0.007041414080393738
1.0943838938273174e-06	0.002615224160022733	1243	1.4760289453311208e-06	1.7598621182003058e-06	3.1057021238554956e-06	2.018037801136599e-06	7.313492928612277e-06	3.260450473093947e-06	0.2594758000341244	0.005262144605625057
1.2078762080085622e-06	0.003396278193356127	1244	1.4905545636917043e-06	1.5486639419104703e-06	3.935718662854733e-06	2.800167256191247e-06	7.372463147792627e-06	3.6080597731609544e-06	0.2556495000026189	0.0068267082893948275
1.301838829997793e-06	0.002989251274302401	1245	1.0751380199005703e-06	1.6063613816646718e-06	4.6691422881462555e-06	3.14555648795266e-06	5.653635048083812e-06	3.5956550716397897e-06	0.25619849999202415	0.00601010100468191
1.077120858887274e-06	0.00301620424820928	1246	2.0983289634727033e-06	2.4768457116060682e-06	4.813952144488195e-06	3.793065835113795e-06	4.675495723656262e-06	3.2058472432333125e-06	0.2731781000038609	0.006063507616724795
1.2043694522240533e-06	0.0037573320094109993	1247	1.8053693329726312e-06	2.155011799658469e-06	4.084629290264792e-06	3.208671127540542e-06	6.974461972392413e-06	3.175601002918031e-06	0.26129920000676066	0.007548626565227505
1.1764779925055115e-06	0.003935283077960083	1248	6.818098388901018e-07	1.0893061131349683e-06	2.5202037880395774e-06	2.0724156443083804e-06	7.834747538738631e-06	3.7880310453957684e-06	0.26960160001181066	0.00790252840445782
1.0847931346451118e-06	0.0033521255317760174	1249	9.778361415203996e-07	1.3055177331721881e-06	1.5780306758774016e-06	1.70866326276526e-06	6.916957233518677e-06	2.122606518528414e-06	0.26772899995557964	0.006730069825138754
1.1682760840990577e-06	0.0021067668003690926	1250	2.050075793901366e-06	2.51394914876366e-06	1.4537624303139867e-06	1.4872892331765405e-06	8.08197102540242e-06	2.35151037371807e-06	0.2605178999947384	0.004244242192310781
1.1696777784248879e-06	0.0032604395336243317	1251	1.2095768920398004e-06	1.5976930931124582e-06	1.4095359143384098e-06	1.361688329976484e-06	6.558496292659794e-06	3.078993298938187e-06	0.2655864999978803	0.006548071896218177
1.133286387040011e-06	0.0033288046576133157	1252	1.5248075775993934e-06	1.8943690616566275e-06	1.5006062122648962e-06	1.273808829717755e-06	8.91423619388045e-06	2.5248174186010345e-06	0.25834060000488535	0.006688947586906914
1.2504174340391645e-06	0.004145538470860697	1253	1.5441224204464382e-06	1.8891005024940442e-06	2.356686647258549e-06	1.7955583208585126e-06	5.757022565119431e-06	3.0774769212349816e-06	0.258580100024119	0.008318832243453238
1.2709917588660816e-06	0.0032539318787769113	1254	2.3069240892581167e-06	2.5778523012717214e-06	3.708937081963329e-06	2.115421521068002e-06	6.2182417245526926e-06	3.5703241956227726e-06	0.2671439000405371	0.006540692007905467
1.1631276578386973e-06	0.0031419798206507032	1255	1.3986963056049313e-06	1.5655552502728365e-06	4.268266694488479e-06	2.731767497159287e-06	9.070221555634129e-06	4.9689936860419675e-06	0.28041720000328496	0.006324328612847962
1.0928054817195693e-06	0.003119198252943942	1256	1.4671134777388706e-06	1.5323141531031084e-06	3.3092492237216763e-06	2.1912564960347587e-06	6.202892155112034e-06	3.4783476110454453e-06	0.2611787000205368	0.006268444529734237
1.2127185924486443e-06	0.0036977783788188874	1257	1.1470867425101556e-06	1.0959010679898945e-06	1.90946873087585e-06	1.41137694422346e-06	4.758349400907758e-06	2.791494064081527e-06	0.26254869997501373	0.00741864571523825
1.0761541773434901e-06	0.0021976241989131785	1258	1.5461648901067215e-06	1.7501481256712679e-06	1.0912207973569102e-06	9.999354189648034e-07	7.0846463278035945e-06	2.423372694358855e-06	0.26198199996724725	0.004421804213457469
1.0226021869277699e-06	0.002374947941716047	1259	1.45374693641966e-06	1.5045209384806178e-06	2.4577418176355968e-06	2.0510207166007646e-06	7.846052695436364e-06	1.9669192669812178e-06	0.25503249996108934	0.0047790340621399205
1.0909643396583374e-06	0.002549106821398941	1260	9.017188297741468e-07	7.733049482769568e-07	3.6187718728002196e-06	2.722504885273039e-06	9.532362394034003e-06	2.8555523831569255e-06	0.26731159997871146	0.005133187701567705
1.0996919516239742e-06	0.0027741569625831315	1261	9.015907026598184e-07	9.964133669789919e-07	3.75628513194343e-06	3.3080331501832718e-06	9.122155120617635e-06	2.782664098229897e-06	0.26850199996260926	0.0055832852698589714
1.0303881325377726e-06	0.002101282969797878	1262	1.2923221516932684e-06	1.6681798124423403e-06	5.922116477754596e-06	4.200201042232257e-06	8.089056396514623e-06	2.128087765821271e-06	0.26785689999815077	0.004238143823669625
1.088943324312027e-06	0.0027484095784865758	1263	1.542709856758246e-06	1.6420728127807284e-06	4.152101623943786e-06	3.38618509194131e-06	9.606304522856598e-06	2.7819158643610304e-06	0.26415910001378506	0.005534496553781634
1.0078036638156552e-06	0.003238558381450998	1264	2.02082340886069e-06	2.1602163528098153e-06	3.5133049433804386e-06	3.6396368531087773e-06	1.0401223599874003e-05	2.1892947970407254e-06	0.25805509998463094	0.006515647388581617
1.0076378617559038e-06	0.0030523900753888227	1265	1.9044788543532378e-06	1.9901380163286713e-06	2.4694099463177156e-06	3.082563741121204e-06	7.447096134206871e-06	2.7105248549866933e-06	0.262681899999734	0.006136557259037665
1.0937315778746592e-06	0.0025769413546645322	1266	1.6461758454265505e-06	2.5232313323874074e-06	2.4049372725562314e-06	3.388251574192301e-06	9.004982611822276e-06	1.735729350815263e-06	0.2616342999972403	0.005187514192434651
1.0663973601539648e-06	0.0033189920505105968	1267	1.4476044466583942e-06	1.8198730771673324e-06	3.0047909881574418e-06	3.7575148067583153e-06	7.862945840776142e-06	1.7447594418047731e-06	0.25034089997643605	0.006669362089625404
1.0720317082709297e-06	0.0025448185583986805	1268	1.7931124726428537e-06	1.9767784974537747e-06	4.51798714580243e-06	5.58551477894252e-06	7.71470056350012e-06	2.4124384458316106e-06	0.2512880000285804	0.0051259088511274075
1.067097410482509e-06	0.003247362708214408	1269	1.527944459557862e-06	1.7071579227877182e-06	5.440235963384396e-06	5.548306840795585e-06	5.234358335317335e-06	2.422627825216206e-06	0.25222630001371726	0.006526397228757373
1.1976803754354245e-06	0.0038596487729811125	1270	1.8488636435261694e-06	1.8366342450395145e-06	7.351327034195575e-06	7.696421934830162e-06	5.272806981027873e-06	2.6359713961187327e-06	0.2693120000185445	0.00775624371032498
1.3783046533757835e-06	0.003100142291789192	1271	1.7822839167312499e-06	1.6527412779856215e-06	6.478396142441803e-06	6.38595045491646e-06	5.900009017161211e-06	2.80312903727688e-06	0.27099559997441247	0.006236746840786086
1.1047911489334516e-06	0.003215426455378601	1272	1.379388459985999e-06	1.2596495188066498e-06	5.331769548931886e-06	5.142179163203356e-06	5.104688108218813e-06	3.2493474284087943e-06	0.2855491999653168	0.006462883550819252
1.1341752445620115e-06	0.002312263781035594	1273	2.479056095256673e-06	1.849628189257372e-06	5.16910551125631e-06	4.878676035748003e-06	6.599388151889742e-06	3.76719141412044e-06	0.26531799999065697	0.004661905537523851
1.2395837083648469e-06	0.00312030775461518	1274	1.4241730640230755e-06	1.3658478476217704e-06	4.6410294565096295e-06	4.608555283792043e-06	6.554275351248971e-06	4.900914757078503e-06	0.2672105999663472	0.006278044662515691
1.2183983915580027e-06	0.0025443678255070547	1275	1.4682002413728426e-06	1.6910678827378997e-06	3.6620765750611006e-06	3.9243568400017485e-06	8.884010494533097e-06	6.153423265621659e-06	0.2667697999859229	0.005131993016856708
1.3064668008356511e-06	0.0031766428179993197	1276	1.3450691101899541e-06	1.8695509963307655e-06	3.0730380727420433e-06	2.8416066061046645e-06	8.97958798996753e-06	6.070381985646204e-06	0.2585088000050746	0.006395127774336905
1.314608246432452e-06	0.00244714164814535	1277	1.2533123444605752e-06	2.466875648078568e-06	2.317047177288941e-06	1.6374547035951102e-06	9.953189389906333e-06	6.398571318534536e-06	0.260208000021521	0.004937290724073869
1.2531888415134707e-06	0.0038031280205488207	1278	9.194435438812429e-07	1.5359870263432859e-06	2.115884826868336e-06	1.4106246813157059e-06	7.687981071561639e-06	6.466925562602357e-06	0.25807739997981116	0.007643054172127405
1.4072383273201957e-06	0.002666316537237743	1279	1.0111430990868184e-06	2.1127896559283237e-06	1.6915026019136682e-06	8.702439642266039e-07	9.410809105379578e-06	8.414688281087453e-06	0.26985029998468235	0.005376784225224218
1.1764268701253134e-06	0.002316215975875945	1280	1.0238781690668482e-06	2.2853775997217885e-06	1.8964488474998867e-06	7.245194944414487e-07	8.4050377396678e-06	5.7021782525549714e-06	0.25894239998888224	0.004668929461587317
1.3518420709767216e-06	0.0043028572363922515	1281	1.0406594663140508e-06	2.3240982713379446e-06	1.817819699451354e-06	5.165024034492129e-07	9.558506643577534e-06	4.417486108103937e-06	0.2653620000346564	0.008642069222270373
1.3055824473975505e-06	0.0035376516697332386	1282	1.453754758929331e-06	2.3900112679043947e-06	2.3830961991679852e-06	9.685602791971672e-07	8.457950378079115e-06	5.763562513130503e-06	0.2500233000027947	0.007113552952648891
1.2744800608051263e-06	0.002966694568865262	1283	1.0692930781242087e-06	1.5599001528863804e-06	2.685933715974118e-06	1.4290100315568004e-06	6.208121567689937e-06	3.6867264399638905e-06	0.2628817999502644	0.005962471930845983
1.2335268836865845e-06	0.002905258232475657	1284	9.379990943292737e-07	1.801505584763538e-06	2.8267545185969195e-06	1.478050550488607e-06	7.048774575718758e-06	2.617632092488152e-06	0.26982730004237965	0.005839360641803279
1.2247860591924637e-06	0.002703859974184848	1285	1.0292570986674836e-06	1.9075405268777834e-06	3.0999122258271437e-06	1.7493685285514353e-06	6.7774362613788506e-06	3.8904389664589124e-06	0.2590078000212088	0.00543929134932368
1.2802917473517352e-06	0.003120043361199965	1286	1.3348625541347109e-06	2.536509093473761e-06	3.0128714550781514e-06	1.6991732487672754e-06	5.979349844435054e-06	2.0692103322538937e-06	0.264412300020922	0.0062673278425994655
1.266664579040667e-06	0.0034888421807391283	1287	1.210651580359533e-06	3.0952799187008753e-06	2.160952799874971e-06	1.1525705417129736e-06	8.275179307895952e-06	2.6556134021629994e-06	0.2562260999693535	0.007009698730897105
1.2895677750827892e-06	0.0029046542858611516	1288	1.2490664782753676e-06	1.894506235753037e-06	1.7862419695371583e-06	9.433693120995199e-07	9.307283944409698e-06	2.3703914127111985e-06	0.2644993999856524	0.0058411162419823755
1.1311421656248664e-06	0.002355571177224134	1289	1.1897340861866632e-06	2.759852183775537e-06	1.4502117450462211e-06	1.0419391458739853e-06	8.048405873963072e-06	1.7962867039322387e-06	0.2723587999935262	0.004739535761096191
1.1068827121095725e-06	0.003617182100432873	1290	7.986841942429072e-07	2.1517547826940105e-06	1.5833108915370032e-06	1.260491850409935e-06	9.172608265494379e-06	2.5139462839377934e-06	0.2639813999994658	0.007265745317107714
1.14226609008864e-06	0.0030173793328189657	1291	8.810382321483771e-07	2.303551332921075e-06	1.8966637757157837e-06	1.7463485707222562e-06	8.614756234880074e-06	2.2733450900033595e-06	0.26449289999436587	0.0060656470023793835
1.2376517322659415e-06	0.0036630813003525236	1292	1.02378352010358e-06	2.008254621317181e-06	3.2327810418083413e-06	3.2389243813230264e-06	8.32168399952224e-06	2.449105093108908e-06	0.2664494999917224	0.007359683225919392
1.3249658808361224e-06	0.0037134991131626193	1293	1.3007163404559401e-06	2.40752749550865e-06	4.5019812265933505e-06	4.099310862128335e-06	5.713944458125847e-06	2.8049416267606348e-06	0.2598104999633506	0.00745899546618137
1.2649440991149012e-06	0.002879663061813768	1294	1.3248358445758166e-06	2.2046671416325942e-06	6.8785016951974444e-06	6.6326123385518245e-06	6.020165933516003e-06	3.8158304866114254e-06	0.26767889998154715	0.005798568621685978
1.2712059111988594e-06	0.002294435618311903	1295	1.5943117037396981e-06	3.2042181563286454e-06	8.691260371451173e-06	7.0343453619600935e-06	5.337283360553185e-06	4.287043483562551e-06	0.26323510002112016	0.004631186437727915
1.2719631727976292e-06	0.00263652249959889	1296	7.830739076906551e-07	2.821447943461188e-06	1.1798643256127381e-05	1.0812909377225809e-05	4.556763410176051e-06	4.576757087639329e-06	0.2578901000088081	0.005320072041023511
1.2237168612315173e-06	0.002843534574651541	1297	8.344905812278263e-07	2.5554312597426972e-06	1.137979690331018e-05	9.080203464998414e-06	5.933869165494886e-06	6.752111366191767e-06	0.2661376999458298	0.005738738466298198
1.218386442226632e-06	0.002841196599628328	1298	1.47691590994452e-06	1.6695122774424687e-06	9.08229658433581e-06	5.748243208196524e-06	4.401104463660677e-06	4.4592785098241754e-06	0.2592724999994971	0.005720527706067999
1.2656660483428926e-06	0.003433085181325531	1299	1.7246880626455194e-06	1.1114006286377769e-06	4.413624144341017e-06	2.7936474265182907e-06	5.284516913938994e-06	3.0565091352139513e-06	0.2638464999618009	0.006895427107108196
1.1665570587284274e-06	0.0034928271447001234	1300	1.8233072528328143e-06	1.3224236529987049e-06	1.741467285659091e-06	6.918862118511421e-07	1.0077759566942216e-05	3.2793788141941212e-06	0.2523570000194013	0.007020280764683319
1.1014750758489488e-06	0.0022071163120292703	1301	2.4591786714168316e-06	1.7830803859667185e-06	1.5389419642564546e-06	2.4778830258340147e-07	1.1617955596220108e-05	1.7253563271113498e-06	0.2588409000309184	0.0044491511873811255
1.12160731915687e-06	0.00264873015798749	1302	1.7322164612696934e-06	1.25056342506806e-06	2.386031865323425e-06	8.929165598061162e-07	1.020525505891136e-05	1.1716233074054432e-06	0.25766820000717416	0.0053287190156573955
1.0972942779288127e-06	0.0027506334303072366	1303	1.4426240173138e-06	1.0681152679140862e-06	3.788806522540177e-06	1.8389084395940578e-06	9.764192898700489e-06	1.8642229025249467e-06	0.2610877000261098	0.005534856735020142
8.983459397444627e-07	0.002601396839821449	1304	1.2013804280899504e-06	9.78074450105391e-07	4.929376863313862e-06	2.825857670610528e-06	1.1409474179082083e-05	2.2291757324574633e-06	0.2631672999705188	0.005241802360757586
1.0680966004037983e-06	0.0027489169536292326	1305	1.648069292221087e-06	1.2442140207665211e-06	3.1279547168927757e-06	1.415972236619261e-06	1.0274314071974459e-05	1.994877127577229e-06	0.25369109999155626	0.0055319446931248765
1.0523824344398908e-06	0.003312694384060685	1306	2.0212285926818803e-06	1.6140819898831635e-06	2.203241645813648e-06	1.1509966729012544e-06	8.291257068208804e-06	1.1231173970568387e-06	0.26117129996418953	0.006653311830822061
1.1384830111751085e-06	0.003412813236809947	1307	1.4140368584407388e-06	1.3454668350640284e-06	2.5150789510544196e-06	2.007458562671116e-06	9.033103761031103e-06	2.0703863244731904e-06	0.26308379997499287	0.006857392461020483
1.0813376935567376e-06	0.002570977120560096	1308	7.469054695453092e-07	1.096209744306746e-06	3.4266439715510295e-06	3.2595845282974626e-06	8.375364212563134e-06	1.7924209347886032e-06	0.26062349998392165	0.00517298183051571
1.0580942978264266e-06	0.003479476093542229	1309	1.3166679529631627e-06	1.5780687936083238e-06	3.6137674731219766e-06	4.294902744048798e-06	5.33290961642919e-06	1.7379973878134427e-06	0.2587811999837868	0.006986013596652339
1.160118197721971e-06	0.0038712365691291853	1310	9.376719854569046e-07	1.3318196096925799e-06	4.189139045131364e-06	5.457454538201435e-06	6.984641549656012e-06	2.521141532165361e-06	0.25958830001764	0.00777572102599594
1.0556408450764965e-06	0.00298733347452778	1311	1.0086649760948137e-06	1.367423576056192e-06	4.356001050117776e-06	5.648569417530611e-06	5.752779408507583e-06	2.3774649466521516e-06	0.2783079000073485	0.006005419378475831
1.2185398541572506e-06	0.0033515976724765553	1312	1.2076106195587546e-06	1.606042804590409e-06	4.932076406492992e-06	6.251567912928237e-06	6.841392626922411e-06	2.856170017537926e-06	0.2690980000188574	0.006739024847693916
1.1695723022143657e-06	0.0034537078942148535	1313	1.0476557984983422e-06	1.4871161870218501e-06	4.289637779372862e-06	5.36617001888806e-06	6.793884237836419e-06	2.4461250664884283e-06	0.2603097999817692	0.006940425531426567
1.0914902158912724e-06	0.0034628280056123876	1314	1.620760370230655e-06	1.990832293149093e-06	5.058325490892901e-06	5.455188925694784e-06	5.662065405700553e-06	2.334689150793291e-06	0.26715249998960644	0.006957957607849512
1.081189581438232e-06	0.002853776907031245	1315	1.0974978832077974e-06	1.9492569364732722e-06	5.70550584883986e-06	5.3577250298619505e-06	5.1731911208251395e-06	2.7015080750613007e-06	0.2603522999561392	0.005739575577315522
1.1359979394534312e-06	0.003295191922371645	1316	1.7140666064157236e-06	1.7471701640689173e-06	4.240664583548387e-06	3.513554508037185e-06	5.2272168605413475e-06	1.805842605367243e-06	0.28639429999748245	0.006617937415416085
1.0421909400925435e-06	0.0035109405814799585	1317	2.8749051214433714e-06	2.2800276140878985e-06	2.1369490919219006e-06	1.5481990713679803e-06	6.1131512378618105e-06	1.8049350652387294e-06	0.2832762000034563	0.007048641798345125
1.0014407728061373e-06	0.002387411821700155	1318	1.4081394925220817e-06	1.0814227898468075e-06	1.408486836883296e-06	7.003192003199128e-07	9.246164087149968e-06	1.8076585521845698e-06	0.2536902000429109	0.0048035325385441625
1.092120563737527e-06	0.002950261660255129	1319	1.735427160599235e-06	1.4764989424338833e-06	2.4786636817367556e-06	8.868231833362477e-07	1.0451857305862492e-05	2.154206814749225e-06	0.2755040999618359	0.005934497102847063
9.082771668410195e-07	0.0025820105393169752	1320	1.5702798128284207e-06	1.7285137408040085e-06	4.213521348926947e-06	1.7192749196700481e-06	1.1958124437678198e-05	2.531904712769449e-06	0.2561184999649413	0.005204049281090758
9.861780356261937e-07	0.0033380408703293	1321	1.3359505590224437e-06	1.416274924761002e-06	4.982929565013976e-06	2.0254363718538634e-06	1.067823862890369e-05	2.0782468391932968e-06	0.26484769996022806	0.006713327659086697
1.0724320951249125e-06	0.0035643226502855914	1322	1.256238642041417e-06	1.390295193847962e-06	3.8085841705305618e-06	2.009138540948575e-06	1.36362962143779e-05	2.298306189196377e-06	0.2547877000179142	0.00717112362611595
9.814590183327734e-07	0.0030797450525431955	1323	1.0808951480930024e-06	1.056105536808806e-06	4.0276271039454615e-06	2.6833117724525372e-06	9.03732574308949e-06	2.682096516474466e-06	0.2623044000356458	0.006193739807203484
1.1635195697828796e-06	0.003754521815675405	1324	1.1813438095486305e-06	1.865485094032736e-06	3.9793794917550145e-06	2.9856434597646307e-06	9.693878604089636e-06	2.2543062514574385e-06	0.26265439996495843	0.00754527889205657
1.0421939801726547e-06	0.0033400477049956323	1325	1.0767958856943987e-06	1.4088819328699196e-06	2.8114072945295835e-06	2.7311297670885235e-06	8.742012716274894e-06	1.5731443250878513e-06	0.25652150000678375	0.006710838326914518
9.500833259507013e-07	0.0028218416750542454	1326	1.4102314747129312e-06	2.0733615290191887e-06	3.019972707970724e-06	3.003048562928382e-06	7.484359673264248e-06	1.7956336293152798e-06	0.2630775999859907	0.005673650117640182
1.031980028071197e-06	0.003341095684925743	1327	2.1978297753582798e-06	2.681281698341736e-06	4.526214919870363e-06	4.514718719357398e-06	5.01013163615076e-06	2.218745626836542e-06	0.2626464000204578	0.006712633129546531
1.0023854152731165e-06	0.002324961822369286	1328	1.7487693577830995e-06	2.332730131516511e-06	7.466409418864353e-06	6.3843426170119e-06	3.87215102307115e-06	2.727483968487957e-06	0.2607776999939233	0.004683059937077412
9.966045683097688e-07	0.003080715658275672	1329	1.6064458317006198e-06	2.0197101533509514e-06	8.61673907071699e-06	7.454578985189326e-06	3.414274518745909e-06	3.3954769523290073e-06	0.2578221000148915	0.006196741502671072
1.04498141304506e-06	0.0033676038001883278	1330	1.747832554558707e-06	1.7011921292587222e-06	8.42149324485832e-06	7.426028689270325e-06	4.930376059876221e-06	3.26108681109808e-06	0.25657130003673956	0.006772977035562642
1.0719109533513383e-06	0.002741200051920644	1331	2.2764359320383107e-06	1.7888526201667325e-06	8.545075516591522e-06	7.605911045945694e-06	5.881015187605644e-06	3.530970935322449e-06	0.2641149000264704	0.00552358417310859
1.0460456744855086e-06	0.002661099172354316	1332	1.3655001960207286e-06	1.0566942624360252e-06	4.49022207434331e-06	4.0788376056185515e-06	6.3417391449889985e-06	2.7316043054622645e-06	0.2601587999961339	0.005353428377096923
1.200364015011662e-06	0.0031666057864144148	1333	1.6404700602060006e-06	1.146474369741889e-06	2.2055408734824876e-06	2.233938896469968e-06	7.389837400119601e-06	2.4583301998312745e-06	0.25840349995996803	0.006362535060258655
1.002219979332056e-06	0.0027963455999492435	1334	2.1874128718466588e-06	1.6414524888228503e-06	1.4118200392033567e-06	1.409608237231332e-06	6.9349258317596535e-06	2.2771734019575987e-06	0.25905320001766086	0.005619770131961689
1.033134698462697e-06	0.0030156030516039784	1335	1.4329180551796312e-06	1.282748861131054e-06	1.2642503606922417e-06	1.1109459952037598e-06	7.151494928649068e-06	1.618871667404754e-06	0.2606447999714874	0.006055903969069196
1.1161062972005406e-06	0.002959255812429921	1336	2.2014766329888813e-06	2.1449266488586022e-06	1.896043079152977e-06	1.23864359623723e-06	7.156992961866294e-06	1.486823125933932e-06	0.2625244000228122	0.0059455125595870816
1.1757933171166212e-06	0.0034250922570569697	1337	1.60975663858368e-06	1.4130381170222007e-06	1.7222680042932674e-06	1.4263538998401933e-06	8.254661841444025e-06	2.302595468489433e-06	0.2569678000290878	0.00687982203202778
1.1262985313436273e-06	0.002041383425955754	1338	3.1325801815437853e-06	2.4366607826464667e-06	2.964324348521111e-06	1.9033401417645945e-06	5.186756884372066e-06	2.480501333858294e-06	0.2571608999860473	0.004110790870865131
1.254217120423083e-06	0.003098058923833592	1339	2.996347963406242e-06	1.887613592446849e-06	5.846865949895913e-06	4.234317362768871e-06	6.480191130783821e-06	3.912470161676832e-06	0.24977380002383143	0.006234376749361469
1.2508798388838802e-06	0.0031575414335329997	1340	2.6570274844410097e-06	1.2200300485834938e-06	1.0463069862380188e-05	6.886510538347863e-06	5.853359239959093e-06	4.458243763939237e-06	0.26876299997093156	0.006359434470685317
1.1315764902899262e-06	0.0024418655570330743	1341	3.823093557371755e-06	1.8371098371639616e-06	1.1900298750246895e-05	7.902541083146089e-06	4.8317651406062395e-06	4.807716406622762e-06	0.269590399984736	0.0049307362733691145
1.138900302400214e-06	0.002849465716429358	1342	3.004905569560343e-06	1.5108666250737054e-06	1.1254912623170046e-05	7.652833335184272e-06	4.757058425868901e-06	6.95434414583414e-06	0.2550329999648966	0.005748055556759911
1.1791796645913611e-06	0.003489874101716574	1343	2.9060989551434464e-06	1.2117706197864532e-06	9.548101095046003e-06	5.438082938232962e-06	5.112355238696815e-06	6.01426226990846e-06	0.25305420003132895	0.007023463851387751
1.0588792520043536e-06	0.0029473262407581752	1344	1.989652233182779e-06	1.2199900356759756e-06	5.596284787562551e-06	4.368795422658974e-06	6.021256160529151e-06	3.613489600505224e-06	0.2508621999877505	0.005929214454021509
1.046587751252952e-06	0.0024449900429749363	1345	1.6721976126019462e-06	1.292589775188553e-06	2.6127493460352536e-06	1.7798848159452877e-06	6.295739410691403e-06	2.5078474132447966e-06	0.26444640004774556	0.004917037856650022
1.127087801532786e-06	0.003261788953037961	1346	1.7203782095859498e-06	1.3897332307395411e-06	1.1467117350886076e-06	5.425725502916674e-07	7.800151309666419e-06	2.3994234838589253e-06	0.25956589996349066	0.006551030626991743
1.0456679034449478e-06	0.0024037962192163063	1347	1.3923207433949191e-06	1.6374930626799417e-06	1.2914087614510317e-06	1.970835547012701e-07	7.725907159442801e-06	1.5197131939224813e-06	0.257562400016468	0.00483269332106846
1.2117836118106884e-06	0.002757751435559262	1348	1.1176950760380147e-06	1.467817855640092e-06	1.5417548644338142e-06	2.815377508279831e-07	6.857542897861719e-06	1.6153762210325174e-06	0.26019080000696704	0.005539281082126874
1.1145023536471967e-06	0.003720453593488971	1349	4.949451607263545e-07	1.2833363403595222e-06	2.0542764277008707e-06	4.896395221006821e-07	1.0130643673053129e-05	1.7849099690119117e-06	0.24854890001006424	0.007471289496420254
1.0173578481026796e-06	0.003180537611962627	1350	1.4954683083700491e-06	2.4103943111211664e-06	2.4602668790463283e-06	6.846835407416593e-07	9.988965819542076e-06	1.59731979611177e-06	0.25505130004603416	0.006393333323892045
9.827397188681694e-07	0.0020123385795352933	1351	1.1245422506292321e-06	2.353382024666323e-06	2.2635301502699662e-06	8.979188395230252e-07	9.116114159938058e-06	2.2486237276190533e-06	0.24312619998818263	0.004056011487548526
1.1036073451361715e-06	0.0025704012692063074	1352	1.0040809380787029e-06	2.6961457665950365e-06	2.2665751965822588e-06	1.3833350584878442e-06	7.948032030362394e-06	2.232062025849231e-06	0.2564253000309691	0.005170720078175053
1.0542470813603143e-06	0.0024884874853957225	1353	1.4712336199765854e-06	2.5813551096698524e-06	2.452480651527043e-06	2.055010220175334e-06	5.88832369171567e-06	1.699024669546869e-06	0.25847999996040016	0.00500281824127804
1.047694203922972e-06	0.003125753149899431	1354	1.9225801152091633e-06	2.531949160285926e-06	3.605045910161687e-06	3.158385927461016e-06	6.277129856620789e-06	1.5466532975171367e-06	0.25068129994906485	0.006280467215628103
1.0512706267807627e-06	0.0029780607760497594	1355	1.4605421518545238e-06	2.1009245002244477e-06	4.038815231248458e-06	3.809813678535658e-06	6.625518734511062e-06	1.8055275206932166e-06	0.26623229996766895	0.005986496281425352
1.1669857614811896e-06	0.0035362373469888164	1356	1.5267815124384105e-06	2.0357574817926554e-06	3.767369097954976e-06	3.719211534213503e-06	7.007284344153365e-06	2.016332756335984e-06	0.27225819998420775	0.007103905019327973
9.93933170411112e-07	0.003018828716603803	1357	1.1059758151626474e-06	2.053004390409153e-06	2.9011315356870926e-06	3.319280476439847e-06	6.339735771689386e-06	1.8254637626338176e-06	0.2944320000242442	0.0060653550908347734
1.121199381327161e-06	0.003528763978284122	1358	9.301515225891737e-07	1.5331232727321131e-06	2.0488855446506565e-06	2.416463215968723e-06	1.2121457154230144e-05	2.1834158426774813e-06	0.2680234999861568	0.007095308724880654
1.071065007918277e-06	0.002607555906567761	1359	1.372418161832509e-06	1.8072115411624356e-06	2.4552716867004124e-06	2.0860003063404726e-06	7.785042501297777e-06	2.285641744956903e-06	0.26374520000535995	0.005245116213339906
9.762691987395633e-07	0.00300429234953142	1360	1.6546270930610157e-06	1.297936593344479e-06	2.7845018749790638e-06	2.089773230400834e-06	1.0168168768569234e-05	2.195053185721674e-06	0.26351550000254065	0.006043090520160685
9.972361701849523e-07	0.0031451734509557196	1361	1.4177461253963465e-06	1.499387508792482e-06	3.020161497976078e-06	2.1674635754929424e-06	1.0219311884468184e-05	3.13827317572016e-06	0.2612733000423759	0.006327161303079844
9.88409465272347e-07	0.003310425604882308	1362	2.2748506655336457e-06	1.6719431713198596e-06	3.5473942383172915e-06	2.7230685604147e-06	6.7214419680908616e-06	2.020834210390727e-06	0.2575720000313595	0.006650529837687709
1.0983208541538004e-06	0.004098241183952845	1363	2.5671592026302914e-06	1.8984527574554915e-06	2.306457261729215e-06	1.8823915826063698e-06	9.441517413865503e-06	2.1259455906002125e-06	0.2608468999969773	0.00823046839642735
1.0616915017311691e-06	0.003791297298319432	1364	1.1968669224143884e-06	1.1641236715346525e-06	2.7609796139510265e-06	2.207604763495256e-06	7.328868965335116e-06	2.004750644132833e-06	0.2647217999910936	0.007610714793832656
1.0388350898713024e-06	0.00283436473596408	1365	2.276167585836068e-06	1.7569083611026344e-06	1.878235964783204e-06	1.9756346682205777e-06	7.177554626825938e-06	1.965344287707612e-06	0.2665472000371665	0.0056969798865169115
1.1005116059571213e-06	0.0033690120392369334	1366	2.4188751258691707e-06	1.9990489133067197e-06	2.216581989702972e-06	2.824906385767861e-06	6.2750517368886906e-06	1.6595918075192058e-06	0.25764429999981076	0.006765553801189243
1.104374390700657e-06	0.0034197300421215165	1367	1.9555536423284495e-06	1.6634808015433322e-06	3.5811410605923917e-06	4.259517999836811e-06	6.2503776590376784e-06	2.3246680775655936e-06	0.2744970999774523	0.006870278618001942
9.992168882997876e-07	0.0038541961564478554	1368	2.316821121533658e-06	1.9090742979536624e-06	5.731813007473027e-06	5.755296230350111e-06	5.301437722658882e-06	2.9325044237949823e-06	0.2615282000042498	0.007742571635622528
1.0595881922717391e-06	0.0037514358997515966	1369	9.829633831635178e-07	8.222341899085199e-07	8.093339270845167e-06	7.135267058252554e-06	5.212213796615832e-06	4.1396719197130195e-06	0.2673363999929279	0.007540728551222565
1.0160116234533308e-06	0.0029340763426430653	1370	2.736759821677897e-06	2.14415829658948e-06	1.1409633572017816e-05	9.428226718480807e-06	4.67545504964514e-06	7.137663928978401e-06	0.26250979996984825	0.00591952972489905
1.2319904606979492e-06	0.004270910841083466	1371	1.9082443593254833e-06	1.4389112830070514e-06	1.2960232551612332e-05	9.481216597618154e-06	4.280953062066957e-06	6.296124333370013e-06	0.26035370002500713	0.008591228422670764
1.117809100049913e-06	0.0030761513788353824	1372	2.3079248813297418e-06	2.1649751520009526e-06	1.049878009689094e-05	6.208856899600581e-06	5.890181549680553e-06	6.115875509643466e-06	0.2533619999885559	0.006199731027019335
1.1142903957978039e-06	0.0031398904532884755	1373	2.052702995268089e-06	2.9287187650613953e-06	7.100250310215795e-06	5.32162758010921e-06	4.764833360458383e-06	5.881133449430213e-06	0.2594896999653429	0.006320704720638977
1.1501669566715845e-06	0.0033914417391938505	1374	7.955354221038656e-07	1.3358180166975199e-06	4.248130773328382e-06	3.834396802306535e-06	6.828979257180971e-06	5.559623658425383e-06	0.26624720002291724	0.006820174899146693
1.2791531751848898e-06	0.002857617220637442	1375	9.092246526171685e-07	1.9130385104025057e-06	2.114719875944968e-06	1.5655940585534424e-06	9.221024716524587e-06	4.013511859122275e-06	0.25814400002127513	0.0057507643978740655
1.1408386461592097e-06	0.003056065563482064	1376	8.27692488095446e-07	2.82458324237204e-06	1.4828836849495357e-06	6.490493973081593e-07	1.0872139931016427e-05	4.504966919313941e-06	0.25433090003207326	0.006150951226769834
1.2451773748436643e-06	0.003029141350351187	1377	8.638445968632632e-07	2.1650439169596935e-06	2.1726503399872655e-06	2.595240690628822e-07	1.0431907535147837e-05	4.623787928476365e-06	0.24933659995440394	0.0060963455093021824
1.2571905256225335e-06	0.00318283713426405	1378	1.2385535318761897e-06	4.530668227004424e-06	4.619393114120601e-06	1.1565924317744279e-06	7.145685377122171e-06	3.96416797902056e-06	0.2557379999780096	0.006401953563596406
1.31323867023754e-06	0.00296152181252673	1379	2.217201660875589e-06	2.810006146100356e-06	7.068811332417586e-06	3.1350650661725524e-06	1.4382847860112894e-05	7.240767372194878e-06	0.2645486000110395	0.005984148417064117
1.2043323412565387e-06	0.0030227451715545105	1380	1.8751891132123565e-06	4.872930037522869e-06	1.0874623096236074e-05	5.826118585153734e-06	1.3320834413480932e-05	6.914125194149421e-06	0.2572117000236176	0.006111817787838919
1.1740821837696656e-06	0.003233648196873215	1381	3.2082593180120883e-06	3.298798677162161e-06	9.705190542593035e-06	5.603062240597747e-06	1.2933028389028006e-05	6.101370969586267e-06	0.25816150003811345	0.006529528667609563
1.1666224626111871e-06	0.0029928502575460583	1382	3.037518936389825e-06	4.2139250219685835e-06	7.664665290127715e-06	5.375586128102363e-06	7.635535947378453e-06	5.284279745377837e-06	0.2567478999844752	0.006034165086779441
1.2752137085538296e-06	0.003402557747240689	1383	2.768689406060593e-06	1.6748208787336743e-06	4.570579679624159e-06	6.7908267764893834e-06	7.5647230190892065e-06	1.9006077984705763e-06	0.2504247999750078	0.006842401500274513
1.1458068211517724e-06	0.003034569364110966	1384	1.8733547192057181e-06	3.393033087055905e-06	4.7137325234807655e-06	6.861653196784187e-06	6.748222274323627e-06	1.4484964726018375e-06	0.26315459999023005	0.0061046655528846135
1.1302487634811951e-06	0.0030945197304322863	1385	1.4150685077941637e-06	4.722496325943611e-06	3.5606066189909497e-06	8.466593939808922e-06	6.675091650306489e-06	2.1995364074118447e-06	0.2592148000258021	0.006227213979899509
1.1234520994171353e-06	0.00320161510874262	1386	8.162752393744875e-07	5.000269110485989e-06	3.731707589221697e-06	8.235345605312923e-06	6.189806499956874e-06	2.319382378278039e-06	0.2564721000380814	0.006440279096984939
1.0595982765228147e-06	0.003102216138418577	1387	1.0093156251301496e-06	4.500976774011116e-06	3.4962655314900936e-06	7.465869178704545e-06	6.9954992429315005e-06	1.4747663592435663e-06	0.2577943000360392	0.006239964431703886
1.1735637623940964e-06	0.0030929744505660724	1388	1.0348943877988394e-06	4.8115298672313396e-06	3.0017014412855704e-06	5.9402748352220285e-06	7.815943499693138e-06	1.9602397182409933e-06	0.26574350002920255	0.006222636795624338
9.92866386158571e-07	0.002512004086050774	1389	1.087725287420247e-06	3.967837617320806e-06	2.4597718662985088e-06	3.346943107342999e-06	7.719252590202394e-06	2.5007828012252985e-06	0.26171630003955215	0.0050572962535351046
1.1027455750039424e-06	0.002754184179093715	1390	1.004660103681145e-06	4.861447650634141e-06	2.0477016763834015e-06	3.116684909282441e-06	6.666726444566192e-06	2.46156213366476e-06	0.25626090000150725	0.00553986092083388
9.540993768345171e-07	0.0027442748851820237	1391	1.4487977270247295e-06	2.9224340371085243e-06	1.7111797817057365e-06	1.9172662450457018e-06	6.926673594744416e-06	2.499106413899856e-06	0.26235919998725876	0.00551730920692589
1.0128475678173484e-06	0.0026757631083767605	1392	1.6082334137781822e-06	2.7066760691195466e-06	2.567010708848677e-06	1.979581593041417e-06	1.0072819411950652e-05	3.6254650282604627e-06	0.26291310001397505	0.005389809982554366
9.734574600391735e-07	0.0025970788016588184	1393	1.212866245344915e-06	1.5859032053628077e-06	5.23057982079078e-06	3.104072877881819e-06	1.5497087950615524e-05	4.402056336935106e-06	0.26594939996721223	0.005247036228962197
1.022086516655756e-06	0.0032056681095416757	1394	8.838173944026064e-07	1.6277052558540877e-06	4.012415420288096e-06	2.4341669346881855e-06	1.2912637245958144e-05	4.898457371691627e-06	0.25844230002257973	0.006457960686357195
1.0532638349404688e-06	0.003064564830172871	1395	2.1056962443340566e-06	1.3135763561962713e-06	4.552603554267901e-06	2.601224519733358e-06	1.1467501321445462e-05	3.650805188562869e-06	0.25046030001249164	0.006172045901710171
1.0734406560791796e-06	0.002919370449545558	1396	2.01368985435434e-06	1.2684473005502504e-06	4.550540151962166e-06	2.605576087623342e-06	1.554136993918393e-05	3.3276749700225607e-06	0.2486712000099942	0.005889064123616177
8.1777897531464e-07	0.0020808627203588153	1397	2.1088558701667745e-06	1.1024158601829805e-06	3.3867477227498522e-06	2.2485077236043727e-06	1.5465300464927944e-05	3.509634877024298e-06	0.25480669998796657	0.004210157396528868
9.396977265965834e-07	0.0027151392459990667	1398	2.263058375941207e-06	1.2113404794043461e-06	1.7095020676514294e-06	1.5816121665875464e-06	8.970748260935221e-06	3.1609607518993795e-06	0.25720029999502003	0.00546318681856658
9.605144354662568e-07	0.0027016689378469762	1399	4.172359610975943e-06	1.5878230789972387e-06	1.5336742777943109e-06	2.2570583481482376e-06	6.030016449549046e-06	2.498115224535469e-06	0.25643559999298304	0.005431866083228969
9.381327312076466e-07	0.0029832991664847878	1400	3.3383123541012327e-06	1.4164266011095662e-06	3.891050644091608e-06	3.792217844734469e-06	5.3659087386296935e-06	2.7757614978627583e-06	0.25744650000706315	0.005997195946349012
1.0346446825749167e-06	0.0032185778659508868	1401	4.243783285333657e-06	1.5072715089988936e-06	7.451851616374436e-06	6.393165336657222e-06	5.250680977690336e-06	2.7922258248303657e-06	0.25695100001757964	0.00647490690661933
1.068986741893836e-06	0.003021502393601299	1402	3.7883697512556575e-06	1.3690031515898221e-06	1.1422249294785441e-05	7.976119807262753e-06	3.956121147978014e-06	2.6776469677082612e-06	0.25455280003370717	0.006082966038922651
1.0311424541562244e-06	0.0036147347534604317	1403	2.9844819178905454e-06	1.0990258829396184e-06	1.4626862360367314e-05	1.0723971662119048e-05	4.369841166782531e-06	4.2089559650692865e-06	0.25893599999835715	0.007278123727916195
1.0458868605742293e-06	0.0034068215972050298	1404	3.790351052859328e-06	1.4133560766170375e-06	1.44980288330133e-05	1.0424565911388851e-05	4.0018450037175625e-06	4.817868996418245e-06	0.25688100000843406	0.006863500698005358
1.014638888973918e-06	0.0030589288303696305	1405	4.022850264378024e-06	1.5840127621414358e-06	1.8346280853852616e-05	1.3522534000949129e-05	6.159650384128633e-06	4.569539570192379e-06	0.2570529999793507	0.006178820996307172
1.0713829536315392e-06	0.0029626658720231505	1406	3.82753447692678e-06	1.5004236646154424e-06	1.8558784170502446e-05	1.4444555186767576e-05	5.390521203871558e-06	4.50040150154074e-06	0.2567910000216216	0.005985587652863201
1.185106610193915e-06	0.003900722055727365	1407	3.7251961116872227e-06	1.917419533172937e-06	1.4298086912062077e-05	1.1697631976505189e-05	4.2973056579407995e-06	5.8942226354496765e-06	0.26030629995511845	0.007855835715795326
1.2238989448806337e-06	0.003578429269684242	1408	3.331025696123252e-06	2.60823753779657e-06	1.1038654458261042e-05	8.644753215098874e-06	5.657781037981596e-06	5.644309535648449e-06	0.2643606999772601	0.0072075331893127845
1.2392449209195966e-06	0.0029014321802224986	1409	2.021871418200388e-06	2.4413533618591004e-06	7.401534651296372e-06	6.120643495589087e-06	6.64666807989169e-06	8.671472763634219e-06	0.25962710002204403	0.005853964534900833
1.3081757447628535e-06	0.0028439231045120387	1410	2.0665844552559173e-06	4.664041325499464e-06	3.265740785143872e-06	6.580241361564636e-06	9.844380893677519e-06	6.778603947756783e-06	0.2564077000133693	0.005740285138123935
1.2518300458535048e-06	0.002485762479842072	1411	1.2646391864845255e-06	4.972920536061637e-06	1.2474097644710125e-06	2.551217499384819e-06	9.442220257114282e-06	5.724300458624259e-06	0.2544849999831058	0.00501439784819373
1.2069816626262797e-06	0.0030784734205042026	1412	1.340991639430853e-06	8.512430375991998e-06	1.8536810232356596e-06	1.8330937505600485e-06	1.1947153527142543e-05	5.371365232122139e-06	0.2539898999966681	0.0062075380386414055
1.352569544374813e-06	0.002768090900532465	1413	9.544815081521688e-07	4.509893984310025e-06	2.5824997569714593e-06	1.1684269800895476e-06	1.0765253159888467e-05	5.331417081939649e-06	0.25415569997858256	0.005580295582866858
1.358582445144762e-06	0.003373164934199755	1414	1.228876477411703e-06	4.261624910169706e-06	3.33394071644283e-06	1.234103916885347e-06	7.043642467816108e-06	4.9171835844929646e-06	0.2670361999771558	0.006783027231415327
1.3444231499537597e-06	0.0028556811589786537	1415	1.6970293719834554e-06	2.3012192856975533e-06	2.815511920028151e-06	9.969949060483765e-07	1.0114687015173502e-05	6.353988280368674e-06	0.2529502999968827	0.005754799270332057
1.2699020492487895e-06	0.0030296152848230543	1416	2.252399976820826e-06	4.681361119191853e-06	2.3972417914447344e-06	1.1742157924124022e-06	1.0712806310913076e-05	6.826916664804349e-06	0.2556326999911107	0.00610735503837591
1.3252066394655739e-06	0.0032912925550676415	1417	2.249376015370189e-06	2.468625318957743e-06	1.6336027299661838e-06	2.3562809730663097e-06	9.335381906485021e-06	4.812817878053391e-06	0.26058450003620237	0.0066222398080206515
1.3696805145656423e-06	0.0026852923047273216	1418	2.1281363576971137e-06	2.684425821443496e-06	2.6205431564581987e-06	4.315884759864599e-06	5.2083408470662865e-06	3.2032029671047157e-06	0.25306260003708303	0.005401896048207581
1.3676762360587718e-06	0.004155011919369478	1419	2.5038488284366588e-06	4.436103033309156e-06	3.972818445709673e-06	5.511067421454455e-06	3.527887734222565e-06	2.819116249320319e-06	0.2545525999739766	0.00834187703690707
1.3103719542289105e-06	0.002451696813802916	1420	1.8865159659260817e-06	6.176092135608682e-06	5.404503782679163e-06	5.949182206852074e-06	5.239420048827155e-06	3.2354720674460147e-06	0.2574942000210285	0.004942380449837902
1.3534254351545014e-06	0.003636347270348553	1421	1.6932844314177445e-06	4.428050723849658e-06	8.077757854290192e-06	6.931040989678959e-06	5.271347268975172e-06	3.1089374690336067e-06	0.25814960000570863	0.007313292095042669
1.1842441063974454e-06	0.002090665924614716	1422	1.1295615383804501e-06	5.231839215183417e-06	1.1420534216693552e-05	8.187349018519973e-06	5.537113811906129e-06	4.502930074591509e-06	0.25682499998947605	0.004229749709204001
1.2116451536567595e-06	0.0032822856300017576	1423	7.701710708889299e-07	5.6379197056624616e-06	1.2396816797753489e-05	8.230359788683161e-06	3.1164616609235615e-06	4.054945974259965e-06	0.2556334999972023	0.006608372632944185
1.2012631705273676e-06	0.0035977470676735127	1424	1.0729452425598552e-06	2.860310363526208e-06	9.145639328378203e-06	6.322375187952744e-06	6.647734971001099e-06	4.35608594479581e-06	0.26085000002058223	0.007239305573642091
1.1662818792320093e-06	0.0037369093721253423	1425	8.28868330976135e-07	2.789471335721684e-06	5.202179510618022e-06	3.895732795049584e-06	7.29968047042721e-06	3.3185899472236234e-06	0.25468489999184385	0.007510104100816816
1.2273646327785498e-06	0.003072173553687058	1426	9.173770037621121e-07	1.8440693773890615e-06	2.486255848455008e-06	3.116371272254256e-06	8.021992075133056e-06	2.4891883379950835e-06	0.24777809996157885	0.00617618827096779
1.1619550423366721e-06	0.0030937377162434487	1427	1.2676963027570745e-06	1.7974439904629281e-06	9.63013155081284e-07	1.8683651270082374e-06	8.953979898116527e-06	2.1535782074898657e-06	0.25746929994784296	0.006217910977358094
1.1329837520650144e-06	0.0026840477647824845	1428	2.1552961191019467e-06	1.4552413112570862e-06	8.928145003452975e-07	2.3799131187327485e-06	9.889803143540629e-06	2.40220427823837e-06	0.24937540001701564	0.0054018287769620945
1.042391598118069e-06	0.0029750557106513215	1429	2.412932066159643e-06	1.392650723338954e-06	1.4494797883394277e-06	1.931794683954171e-06	1.470586739939282e-05	1.7133014878538278e-06	0.24296709999907762	0.005992221399535164
9.15795197985615e-07	0.0026696642940425347	1430	1.3510920108842839e-06	1.4512079038112006e-06	2.6540761551178288e-06	1.3655785909114345e-06	1.4287573402128427e-05	2.7699168808103545e-06	0.24139059998560697	0.005382097113707642
1.0776939376698707e-06	0.003621076746747996	1431	1.9428181215243996e-06	1.378033427714913e-06	3.0001584000212236e-06	9.081522849376236e-07	1.2657869573922913e-05	2.764069900319596e-06	0.23987659998238087	0.007282381922554016
9.78526137132785e-07	0.003143219890393287	1432	2.0928492333622572e-06	1.2161040156353795e-06	3.2193993111761708e-06	6.902444718054939e-07	9.547611027128095e-06	2.598797558946303e-06	0.23634449997916818	0.006319908247264968
9.812111691291767e-07	0.0029297268608193725	1433	2.7730136674058326e-06	1.7717554210101327e-06	1.9345572645317445e-06	3.983950939131594e-07	1.114283777394555e-05	2.921340987350536e-06	0.24140060000354424	0.005896422222946456
9.142455100273948e-07	0.002589121221151894	1434	2.3030347851495463e-06	2.0549703571701547e-06	1.8000407302041378e-06	8.512732853279107e-07	1.1133962405864297e-05	4.189030042290204e-06	0.2492614999646321	0.005217726237378003
1.0190755685623005e-06	0.0028565422470604096	1435	2.9324563001688473e-06	2.3260922532553773e-06	3.3336259358048773e-06	2.676728962218833e-06	6.8356039171858364e-06	3.5748099004982493e-06	0.23161280003841966	0.005747212376344761
9.940336491246023e-07	0.0033004642094130628	1436	2.7086702453241544e-06	2.2882376333926608e-06	6.2429617594743106e-06	4.703130365850604e-06	4.653090124134915e-06	2.6193315823346628e-06	0.2389922000002116	0.006633404329541355
9.014117175177874e-07	0.002234293503834215	1437	2.671248111068158e-06	2.1026048088182335e-06	9.661563497815271e-06	8.190963836131844e-06	4.191740745559193e-06	4.277610891327934e-06	0.2471205000183545	0.004509954914631073
8.312299161061666e-07	0.0024825609560224582	1438	3.3535443956640556e-06	1.7049650405504935e-06	1.0075802354205795e-05	7.484255454860076e-06	4.692087964602462e-06	2.982122017460252e-06	0.23256609996315092	0.005004751359086534
1.0362513484533192e-06	0.0023752539962642455	1439	4.1486576525127555e-06	1.914722673073554e-06	1.1840258033970638e-05	9.591884570007803e-06	3.518428972047424e-06	3.1605306174006644e-06	0.2393963999929838	0.004793433937333858
9.729322235988175e-07	0.0031629589676694598	1440	2.4395247822739944e-06	1.2463107339100839e-06	9.583232286782363e-06	8.43028659143085e-06	3.32073754604649e-06	2.705907614853669e-06	0.24637870001606643	0.006361616444502315
1.0276196663964033e-06	0.002721501229377677	1441	2.622149473232469e-06	1.630476194985974e-06	8.375551702329195e-06	7.854553905714164e-06	4.392260826408371e-06	3.4143712150696818e-06	0.2452218999969773	0.005481153693447364
1.1195957632968455e-06	0.003540462369218061	1442	1.6183700264631849e-06	1.8559163936599271e-06	4.680314565083448e-06	5.92238961663971e-06	4.8697076509452275e-06	2.9604287824412937e-06	0.24737600004300475	0.007112901193431335
9.829643821138623e-07	0.0031201003562322405	1443	1.057492349743057e-06	2.339988022554512e-06	1.906880061267499e-06	3.521184367949943e-06	8.539097928654453e-06	2.5714209190890823e-06	0.23163860000204295	0.006273213223725711
1.0355602464675167e-06	0.003756821868087193	1444	1.054798466784412e-06	2.933981169409242e-06	1.4109391138713492e-06	1.918968180663673e-06	9.275471324331043e-06	3.038913168903435e-06	0.25086410000221804	0.007547662312584518
1.062299890222868e-06	0.0027470651058773598	1445	8.417383131799622e-07	3.264098961273294e-06	2.576484924408318e-06	1.3349570805421403e-06	1.0619861027684909e-05	2.9593167036536357e-06	0.24575930001446977	0.0055314304462772464
1.0439246478708553e-06	0.0026064307269115664	1446	7.313048796769621e-07	3.5259050707988558e-06	4.460844309574152e-06	1.3341509843009594e-06	1.2154461142106559e-05	2.064017420746203e-06	0.23795789998257533	0.005253438465488931
1.016925775308979e-06	0.0030718348042595408	1447	1.447082798009716e-06	5.946572324693658e-06	4.68380588870246e-06	1.4838157400542317e-06	1.0584450617090536e-05	1.9007510784130197e-06	0.23987900000065565	0.006184235140212166
9.940003063483175e-07	0.003068225240405881	1448	1.0544089638426608e-06	3.7624589391120923e-06	4.742661252901247e-06	1.6084267383172968e-06	9.228958602068201e-06	2.2496468904482093e-06	0.2468098000390455	0.006172563648303664
1.052627159957739e-06	0.003491022043710255	1449	1.2900322815228227e-06	3.548166028077212e-06	4.229583860437594e-06	1.960313006156217e-06	6.938618482189814e-06	1.699320336335019e-06	0.24435260001337156	0.007012453314553669
1.0579956181265163e-06	0.0027342692777018833	1450	1.1043720502248364e-06	2.6893562301961397e-06	3.525231295371448e-06	3.231093105080092e-06	8.888037783599383e-06	1.7821159038394182e-06	0.2477651999797672	0.00550254490669577
9.621750415563307e-07	0.003005231419632663	1451	1.109521668888847e-06	2.7772012487640535e-06	2.414058444171262e-06	4.910136010416757e-06	6.0996921387414455e-06	2.381891825540517e-06	0.2472678999765776	0.006040561274649243
1.0423696294718514e-06	0.003010579764171773	1452	1.2017559800887124e-06	2.234479604957423e-06	3.0970850080773195e-06	7.268197613741853e-06	7.906771563424212e-06	3.0520112620572642e-06	0.24150260002352297	0.006058963351460318
9.904838565323157e-07	0.0032405606108047965	1453	1.2438313554540336e-06	3.6501976912956526e-06	3.076855432534517e-06	7.053994818346753e-06	1.1512330743206874e-05	2.339749149821891e-06	0.2581419000052847	0.006525831228406347
9.363342324269477e-07	0.003360150445975124	1454	1.037921472016841e-06	3.292665476462709e-06	3.1609069456208995e-06	7.787480239761846e-06	7.475907867219071e-06	3.247101459235384e-06	0.255253300012555	0.006758898553201873
1.0212130949622554e-06	0.002781160427270408	1455	9.680212005879443e-07	3.2152014059451973e-06	3.2015134212482104e-06	6.656310932846708e-06	5.635791247265703e-06	2.498891646616787e-06	0.25150790001498535	0.005594673693479134
9.986426017651442e-07	0.0033509751304636962	1456	1.3046825330146048e-06	3.4662549743011224e-06	3.5235415830719775e-06	5.823270711914842e-06	5.1633374108575516e-06	2.162041783738867e-06	0.2481936999829486	0.0067327160543224195
9.682196883828963e-07	0.002203269111652393	1457	1.2352419200055363e-06	3.411709087012296e-06	3.912649712631931e-06	5.386582649019875e-06	6.34653516121568e-06	2.7378639402030593e-06	0.24267970002256334	0.004440589644253059
9.795537845385308e-07	0.002927045512084058	1458	1.6086090494632064e-06	2.3896950819118797e-06	3.967347855267753e-06	5.6456665091188975e-06	4.374607160207227e-06	2.531310371465676e-06	0.2348152000340633	0.005883473285296301
1.0293077970845202e-06	0.0024081503949529137	1459	1.5385630532004928e-06	1.7023361456958538e-06	2.792820652585721e-06	5.009245907988137e-06	5.577220697271355e-06	1.8744274100824444e-06	0.2473924999940209	0.004844305667474175
9.42047917930141e-07	0.0030108808322380875	1460	2.2440313017198696e-06	1.5874787005394339e-06	2.2196913840857276e-06	4.744912155798727e-06	6.650116901757586e-06	1.7648357385460619e-06	0.24095250002574176	0.006051271779134787
1.073965532223896e-06	0.003677591374790546	1461	1.2093722489560054e-06	9.589963830423232e-07	1.1905283412696117e-06	3.9129288817908885e-06	7.77006289097753e-06	1.57139950407093e-06	0.2433047000085935	0.007383285431290696
1.0819467155495835e-06	0.0031680518068193967	1462	1.485206098443002e-06	1.0572237085889787e-06	1.2677355073218762e-06	4.17525846076053e-06	5.531842141760482e-06	1.2888152664223704e-06	0.236924699973315	0.006359894245661374
1.0596031358452572e-06	0.003081334668874092	1463	1.4682450086407082e-06	1.3801436511480292e-06	1.7317113474242323e-06	4.589398596633547e-06	7.628946526133251e-06	2.5720139661248486e-06	0.263417899957858	0.006194359963608237
1.0998098063359064e-06	0.003470713589470031	1464	1.557144977701477e-06	2.2563413433392075e-06	1.6417085310577317e-06	4.105206774018754e-06	9.517855210229858e-06	3.645980736016761e-06	0.24904690001858398	0.006979514872071344
1.0961554907701015e-06	0.003165618569184044	1465	1.055708423896158e-06	2.832102070935999e-06	1.008385434382318e-06	2.001041597785027e-06	6.398082174936542e-06	3.7970899296062484e-06	0.26215400005457923	0.006360717031085713
1.0298823481751224e-06	0.003212088971868844	1466	9.690730683901577e-07	4.215178236852426e-06	9.879918029755033e-07	6.682738293763156e-07	9.494026775610777e-06	3.720964920022025e-06	0.25064579996978864	0.0064595082087628986
1.1694941766938454e-06	0.0032285308898432757	1467	7.791166484721851e-07	2.562969593823847e-06	1.2819464471835372e-06	2.4560473305432006e-07	7.5153757943828895e-06	4.763386343036176e-06	0.23946710000745952	0.006488827929737311
1.1422607100443772e-06	0.0030287995472616917	1468	8.266827878882974e-07	3.082481397729329e-06	1.4461457650011362e-06	5.124093752084626e-07	7.329344133166538e-06	4.173745255263932e-06	0.2332270000479184	0.006088757514046161
1.2988344426974511e-06	0.003207564453129961	1469	1.04516393295669e-06	2.7644644335372556e-06	1.6349146067502595e-06	1.0976366783085251e-06	8.795414064073213e-06	5.764004328982371e-06	0.2312161999871023	0.00645338759158298
1.2309851047019526e-06	0.002696248201431463	1470	1.0616333333244058e-06	2.441941820134414e-06	2.3943452712957044e-06	1.5929021959965724e-06	6.173084834465704e-06	7.08035952865784e-06	0.24058409995632246	0.005428956084419327
1.2661581148094799e-06	0.00325483887134513	1471	1.6712716876410778e-06	1.6256212802235818e-06	3.1737888696261206e-06	2.6702033540481216e-06	7.034491483512656e-06	7.43129363309912e-06	0.24434909998672083	0.006550282514344642
1.2572394905938433e-06	0.0026588521667391136	1472	1.3541496404260817e-06	2.405121054988539e-06	3.825064800660079e-06	2.956771883596662e-06	9.00127374427909e-06	8.804408878811923e-06	0.24638520000735298	0.005366371285085269
1.3136249098371147e-06	0.003581421434558976	1473	1.485050792501796e-06	2.476200718452202e-06	4.099776819080565e-06	3.3349889643595816e-06	5.3009835091974586e-06	6.785604420197859e-06	0.2385270000086166	0.007201039312090812
1.2413611309126766e-06	0.0029925182720353673	1474	1.275083688034932e-06	2.152630024878269e-06	4.374621486570741e-06	2.836761909562412e-06	4.802425567597401e-06	4.713987186789127e-06	0.24269560002721846	0.0060171911889503795
1.3189473083561764e-06	0.0030776665381808425	1475	1.2094415951076867e-06	2.3859658868037117e-06	2.9184284562520658e-06	2.095130878929308e-06	5.364522140630093e-06	4.458075770502896e-06	0.24120730004506186	0.006186225133617757
1.262938320127482e-06	0.0025584695405468784	1476	1.237876614258989e-06	2.4720474847357803e-06	1.6208587991296216e-06	1.319908245348305e-06	5.160834568602468e-06	3.4375822349877633e-06	0.24576770002022386	0.005143312482484665
1.1620890971877182e-06	0.0027873058869479833	1477	8.614983214730968e-07	2.453658679832515e-06	9.544073518617834e-07	6.702711700815401e-07	5.482963829256364e-06	1.636686020627246e-06	0.24053300003288314	0.0055961150873133575
1.2050001336204885e-06	0.0028899793415769048	1478	9.531465647126059e-07	2.414745675334495e-06	1.307985387973896e-06	5.698261182477181e-07	8.039946992705534e-06	1.4145133339960169e-06	0.2458914000308141	0.005806523307820723
1.090175748930338e-06	0.0031675620793861392	1479	7.530314268354223e-07	2.3170715792351263e-06	3.2363148139023257e-06	1.4039772842842077e-06	1.105516650866303e-05	1.590955289442354e-06	0.24875880003673956	0.006370307148970607
1.0395915756227397e-06	0.0028281125227319634	1480	7.401459045066364e-07	1.7545236587994157e-06	4.141161401887931e-06	1.7529831448810719e-06	9.399981131708508e-06	2.4609534727628565e-06	0.25446419999934733	0.00569041491193419
9.555831081314971e-07	0.0028908016515865266	1481	6.207940290504059e-07	2.14934452353142e-06	3.7061067064617066e-06	1.4787795813377693e-06	1.4068571994667588e-05	2.7405700763307765e-06	0.2512179999612272	0.005825087778371694
1.0235118634137298e-06	0.003229393958202412	1482	7.700904692182009e-07	2.990448160047101e-06	2.2622431647278025e-06	9.344057474663889e-07	1.2809433867401376e-05	2.8039211407091084e-06	0.24109870003303513	0.006499018837689332
1.0813981819930386e-06	0.003375702758110365	1483	1.4031860426826945e-06	2.6527732538817347e-06	1.1897156620139583e-06	8.282374108682964e-07	8.922131364185579e-06	2.7713169578716677e-06	0.2451829999918118	0.006783029121598277
9.55447304192555e-07	0.0028060980565043	1484	9.503061574012511e-07	3.972154132777746e-06	3.943571385384759e-06	3.050239677010609e-06	7.071160793308361e-06	2.516103156674368e-06	0.24099219997879118	0.005645197806869525
1.0484099474927637e-06	0.0033779779023262128	1485	1.1691032897277187e-06	2.817892588284976e-06	7.386626341172697e-06	6.134030759861628e-06	5.367330941208532e-06	3.3047379359204385e-06	0.24361069995211437	0.006792904415280715
1.0630402209502929e-06	0.0029419104250146422	1486	1.5549616706613271e-06	2.412507436912071e-06	8.82914534669214e-06	6.569030184896342e-06	5.034866025088982e-06	3.066475118326488e-06	0.2566408999846317	0.005921515257397177
1.0804465016447965e-06	0.003281319234863152	1487	1.8827943150800105e-06	1.8744762004526913e-06	1.0374002855245326e-05	7.993907343123873e-06	3.2177619379153023e-06	2.2210713477846707e-06	0.24050400004489347	0.006597802210014896
1.0655687484458726e-06	0.0029927182328285673	1488	1.2838794022650499e-06	1.3895679295496026e-06	8.379887472615181e-06	5.839345248107146e-06	5.794085573996666e-06	2.9256849620950452e-06	0.2582061000284739	0.006021899824278747
1.0240837239592942e-06	0.0028276492090468716	1489	1.2299367551498976e-06	1.102216030773837e-06	7.637145208002877e-06	7.657825496346192e-06	5.1595627857275425e-06	3.4032797101530173e-06	0.23294260003603995	0.005692099394023696
1.1876275122563172e-06	0.003495685695730737	1490	1.3649264668255688e-06	1.2398246998775663e-06	7.793175625873278e-06	9.059063226794281e-06	4.3241476829497134e-06	4.355840545345737e-06	0.22489149996545166	0.007030563612961948
1.0411165620288544e-06	0.0026409561210362755	1491	1.3274812722291398e-06	1.9512333858321137e-06	4.061271634904754e-06	4.334009846130525e-06	5.073812202533384e-06	3.2517292898211777e-06	0.24180000001797453	0.005312319554320415
1.1356794723056892e-06	0.003259738658732595	1492	8.128456116122946e-07	1.8899828113023087e-06	1.8626527996067337e-06	2.504168634207753e-06	9.626514655527402e-06	5.6144093236390356e-06	0.23813940002582967	0.006559300174224864
1.1704571633623285e-06	0.0029782018685537417	1493	7.639154200827278e-07	2.4499452423697973e-06	1.0283558956670922e-06	1.354089583411422e-06	9.496712145816745e-06	2.888262249798696e-06	0.23986949998652562	0.00598911090636697
1.1717895614626986e-06	0.0033790587666700186	1494	7.987753128139617e-07	3.3020758823210264e-06	1.4337095665968735e-06	3.1392042316726735e-07	7.628432189295806e-06	3.1970109590701306e-06	0.231993000023067	0.006787960479944593
1.0800082163209848e-06	0.0031704748525094376	1495	8.209771544723622e-07	2.639261926430477e-06	3.7528824413532333e-06	9.43309564545498e-07	9.77980535929723e-06	3.3755834304261217e-06	0.24608279997482896	0.006377576930117765
1.1035918933165845e-06	0.0034991627607654234	1496	9.237591559257902e-07	2.215956805259906e-06	4.310986603619428e-06	1.552070690934604e-06	1.0984512836147431e-05	2.5324946534728937e-06	0.25098050001543015	0.00703656949355246
1.1261960307725264e-06	0.0028695088500245805	1497	8.835632269090126e-07	2.7705332877886005e-06	5.410997885458518e-06	3.1382606140087996e-06	1.245139048266021e-05	4.003156710507276e-06	0.2489083999535069	0.005786382541511206
1.1061630210416455e-06	0.003109147445674158	1498	1.2758653293437557e-06	2.027128356902198e-06	4.447856213969519e-06	3.1821493706167337e-06	8.226556641388128e-06	2.728591394771866e-06	0.24345519999042153	0.006253350512733552
1.1502875283821545e-06	0.00238725689247591	1499	1.2628252014903243e-06	2.803064875562421e-06	2.997075413781803e-06	3.4790569562468716e-06	6.172179790510509e-06	2.1318369972715756e-06	0.2417035999824293	0.00480396441603123
1.1057504726176395e-06	0.003728149700959675	1500	1.4872002871110553e-06	2.724974563197923e-06	1.633513978392829e-06	3.6388517042318466e-06	4.4803875146611e-06	2.314582221570207e-06	0.24509219999890774	0.007481585382869981
1.1532744457131124e-06	0.0027929658795357013	1501	1.3976351572914877e-06	2.4498636411117492e-06	2.756381151099463e-06	4.694460960426543e-06	5.761598263131702e-06	3.1775164630869087e-06	0.23999540001386777	0.005617414878325196
1.2216242026296546e-06	0.0032897024753651364	1502	1.890302822106781e-06	1.9048643148144187e-06	3.7816897262754436e-06	6.1565737319023986e-06	6.223177122161099e-06	4.553404720154396e-06	0.24414379999507219	0.0066171347934152625
1.197151579449897e-06	0.0027820592636863817	1503	2.27697917802263e-06	1.3867297087716436e-06	4.59292529338239e-06	6.334084574135729e-06	2.566796368557175e-06	2.2320323440204076e-06	0.23879269999451935	0.005590701206711131
1.2248064091574638e-06	0.0032484419904510913	1504	2.269524646265487e-06	2.366523789341196e-06	4.021479507376753e-06	6.049053176001199e-06	5.620029732024117e-06	5.910436384852262e-06	0.2435822999686934	0.006537101107073236
1.3424172911644762e-06	0.0033706629657625524	1505	1.71280814507836e-06	1.987246229209865e-06	3.556295931919459e-06	4.3552219211078845e-06	5.48755545080002e-06	5.388127747794969e-06	0.2381294000078924	0.00677737370473194
1.1758975940662723e-06	0.0036368068408177924	1506	1.7355645171763504e-06	1.4471922804855985e-06	3.3238611816785087e-06	3.31204084020153e-06	4.270875027141886e-06	4.433383212961338e-06	0.24579489999450743	0.007303192652123466
1.144274350322064e-06	0.0025939623801117476	1507	1.3514180302735898e-06	1.3689659284655352e-06	3.250122641081421e-06	3.049237093484197e-06	5.6319296789662966e-06	4.438695786070093e-06	0.24103289999766275	0.005219374303547517
1.0895221698724858e-06	0.003201332610886087	1508	1.1426131286287592e-06	2.0119762307993407e-06	2.0560642970407347e-06	1.9678242707062215e-06	4.197663012803056e-06	1.9598873344484964e-06	0.22310799994738773	0.006424337844733596
1.199885499459373e-06	0.00346710323227798	1509	7.835653159208312e-07	1.1207907652498002e-06	1.5192723060742174e-06	1.269457989774307e-06	6.480123601981317e-06	2.667424147907544e-06	0.22924650000641122	0.006959594417431674
1.1622272669721606e-06	0.002332159639076116	1510	8.261969868397652e-07	1.2921194239517526e-06	8.476397317318791e-07	4.556867034546498e-07	7.549030330748692e-06	2.315960910696039e-06	0.24051989999134094	0.004689795358015044
1.0570213791056703e-06	0.002873167640154598	1511	9.68871051790109e-07	1.4158787497271318e-06	1.155218700557808e-06	4.894394351604997e-07	9.896735745411478e-06	1.6123169361994725e-06	0.25614069995936006	0.0057754968363678645
1.051272979866435e-06	0.003115670363066771	1512	1.3287290636829226e-06	1.6476747716885533e-06	1.2093725445648307e-06	5.222580578436629e-07	1.0302695567287125e-05	1.6277344603807436e-06	0.25336370000150055	0.006262012166586391
1.1183430348089266e-06	0.0029897356322205913	1513	1.1580730275675833e-06	1.1954198691810141e-06	7.181561388172876e-07	4.6363217752398267e-07	9.252138536321977e-06	1.9129827823741062e-06	0.2273383000283502	0.0060075734743612825
1.2265373164845743e-06	0.003938143479176536	1514	9.416400075414781e-07	9.964590917687799e-07	8.017975412806697e-07	5.632717983598565e-07	9.12552205558524e-06	1.858039185451203e-06	0.2253573999623768	0.007904010323907066
8.923818005387851e-07	0.002843160363930767	1515	1.269540951920294e-06	1.283715044670002e-06	8.695647832160698e-07	4.828819225600881e-07	7.90561635118653e-06	2.107336356455973e-06	0.23358810000354424	0.005712037099580263
9.98409234029587e-07	0.0025363692157518245	1516	1.0412827660043735e-06	1.2385597533416282e-06	1.0993776902500731e-06	7.439220975832476e-07	9.243345053783117e-06	1.995341723289982e-06	0.24909679999109358	0.0051013357658330335
1.018197851442129e-06	0.0026341779979674332	1517	1.0439140027055908e-06	1.6484113315313765e-06	1.5370972257283828e-06	9.856051590750707e-07	6.354581246848887e-06	1.661809969892565e-06	0.23613380000460893	0.005291640201790275
8.939588805735347e-07	0.0030104167208071923	1518	1.275296776566226e-06	1.4941740617079457e-06	2.226177009383206e-06	1.8834455035324746e-06	8.223427880890593e-06	1.6390601201549442e-06	0.2518312000320293	0.006049225428728812
1.0488022166111339e-06	0.00399346354894111	1519	7.208623560120995e-07	1.799547833296676e-06	3.4870334305098767e-06	3.2435714459125952e-06	5.25498376976474e-06	1.9875084285723144e-06	0.24556479998864233	0.008012760701777847
1.030841174612852e-06	0.0036068189869410683	1520	7.759143266212128e-07	1.5927036067801497e-06	3.865783626306642e-06	4.157073996572616e-06	4.770942259672572e-06	2.0692586172485567e-06	0.25175679998937994	0.007239771533541484
1.0353826082605663e-06	0.0028620459328841065	1521	1.5433483981949645e-06	1.7367730092612307e-06	2.5793101478291043e-06	3.4268289781500056e-06	5.029652544165879e-06	1.84177944515798e-06	0.24766659998567775	0.005749191755496819
1.0137995625412323e-06	0.0028245358772064034	1522	8.433280128449381e-07	1.1732351205098223e-06	2.599214857811476e-06	3.6793932602564625e-06	6.212251284285063e-06	1.6980066333197807e-06	0.2356207999982871	0.005675215040624522
9.852111674333292e-07	0.0024807614125749245	1523	1.243966612331973e-06	1.9615071929425774e-06	2.9496151290240365e-06	4.210133610955945e-06	7.037721969930662e-06	2.8079880026539627e-06	0.2441882000421174	0.00499354988997514
1.0719385060955106e-06	0.0029195991141766297	1524	7.131341022006994e-07	1.132794798098526e-06	2.6299996163396853e-06	3.6557759898327027e-06	5.426104055191296e-06	2.9241533058552655e-06	0.2372285000164993	0.005866174324594014
1.0224800341989354e-06	0.002653129419276413	1525	9.459203174332481e-07	1.8958697069171524e-06	2.181702674933221e-06	3.10084252706556e-06	5.578324157728787e-06	2.016494986447126e-06	0.23608750000130385	0.005331617772135924
1.1382169820819171e-06	0.0034906069309024136	1526	9.21397236590099e-07	1.8712312902501485e-06	2.3195631000637106e-06	2.8206109215421463e-06	5.414568863717316e-06	3.014654495747565e-06	0.23906360002001747	0.0070082815450363675
1.067233571647749e-06	0.0029120764873043453	1527	1.1205233465435502e-06	2.811768555433998e-06	1.8521581030228017e-06	1.7627850512607112e-06	5.9548925043127104e-06	2.990674379159563e-06	0.24786370003130287	0.0058517258105751915
1.1245016785448488e-06	0.002688217774924107	1528	9.905213790214958e-07	2.1128085587994435e-06	1.7102295815276621e-06	1.1863504787049708e-06	6.543133525024935e-06	3.3362647321719745e-06	0.24962919997051358	0.005404443259717753
1.0668275608513195e-06	0.0032677700816154424	1529	6.31539474285264e-07	1.3175109677914438e-06	1.958563497737955e-06	1.0447398607631323e-06	5.020259441149595e-06	2.3974523007056874e-06	0.22806799999671057	0.006557461595636877
9.721051296269025e-07	0.002907019915739718	1530	1.1548720089190645e-06	1.940527066709163e-06	1.7044144378653434e-06	8.321273456930368e-07	4.285549830967148e-06	1.9795187119715054e-06	0.23476209997897968	0.005834146119683753
9.921741698234742e-07	0.0026341673948323246	1531	1.2479030147824616e-06	1.8180440577574192e-06	2.4363971269118064e-06	1.5513536145695854e-06	5.662583429423867e-06	1.9819657899680775e-06	0.24976299999980256	0.005292661934257101
1.0050108318530944e-06	0.003215647398979596	1532	2.0087510307892134e-06	2.1353646245946996e-06	3.2579552161408787e-06	2.394047221065127e-06	4.984267510815991e-06	2.0936933818953502e-06	0.2517169000348076	0.006457256859500911
1.0220457217242766e-06	0.0027703908553954456	1533	2.2254041805153203e-06	2.2708901381888326e-06	3.2121933986875217e-06	2.256318936140734e-06	5.022105202086666e-06	2.4153381587768606e-06	0.2552336999797262	0.005567665495609599
1.047228990110366e-06	0.0030043838454482967	1534	2.8888534154895097e-06	2.609577330007526e-06	3.180636420142251e-06	2.7255164373310304e-06	4.52462116890997e-06	2.210090422243454e-06	0.24496799998451024	0.006035736155662091
9.591246120619848e-07	0.003099201050185626	1535	2.297320991542219e-06	1.9089035482346224e-06	2.3335186332426715e-06	2.140713189331705e-06	6.613939068876298e-06	2.845639277972401e-06	0.22771970002213493	0.006227919962651424
1.0129689453887182e-06	0.003061597838055966	1536	2.93339776947313e-06	2.503315789562828e-06	1.0501066804853414e-06	9.460783078128109e-07	8.26559778288343e-06	2.513958135665059e-06	0.2480325000360608	0.00615421362438714
8.684568649385243e-07	0.00299168060293675	1537	1.8486319832212478e-06	1.4981538249897892e-06	7.85436000548228e-07	4.694158009870625e-07	9.441643576498317e-06	2.4416066815798267e-06	0.23835140001028776	0.006013466257729281
8.648598991021988e-07	0.002772692816220494	1538	1.0010244246831188e-06	1.253027775137365e-06	1.9585093706398337e-06	8.579051681926195e-07	7.542905672090573e-06	4.032705343531659e-06	0.25284209998790175	0.00557533704100909
9.859164759714865e-07	0.0025711691391102675	1539	1.2100639343662777e-06	1.1994634974682567e-06	3.0911214510231824e-06	1.4140670786972743e-06	8.707217196792711e-06	2.0611365448744506e-06	0.2291628999519162	0.0051727615346173665
1.0109772762636626e-06	0.0029917460631763747	1540	1.7082245125004544e-06	1.7598070526518304e-06	3.4668528779554183e-06	2.071121697382277e-06	9.710217929907744e-06	3.956100936145188e-06	0.24347420001868159	0.0060218527247778725
9.207386608839015e-07	0.0027121784580018335	1541	7.477910600901703e-07	1.4565240344422822e-06	2.888308162860882e-06	2.5160535940856227e-06	6.572102779137715e-06	2.3004018285699476e-06	0.23958709998987615	0.005451552079392329
8.87221405242662e-07	0.003302215216422495	1542	1.4137941098463067e-06	2.09026615426221e-06	2.534537071952551e-06	3.1634249008914994e-06	7.3280095022024476e-06	2.1645136333687312e-06	0.2369065000093542	0.00663439194416357
9.267305059710535e-07	0.0023730490394038867	1543	1.1839377863099474e-06	1.9030715310550864e-06	2.660432229614982e-06	3.970680017712089e-06	5.631708625114544e-06	2.718170409260939e-06	0.24950239999452606	0.0047743694194531585
8.876636531327627e-07	0.0027620884534218103	1544	8.679155056967056e-07	2.078412751083303e-06	3.837894697840143e-06	5.256207009505705e-06	4.733985216959969e-06	1.8317622764894255e-06	0.23970179999014363	0.00555112415910091
1.0222717205996683e-06	0.00365771736470205	1545	1.1861755642575904e-06	1.746014544619776e-06	4.480227435325777e-06	5.60847073161079e-06	3.2987543094931543e-06	2.1085161709239162e-06	0.24802749999798834	0.007341314702081947
1.0528096403101567e-06	0.003931271363439149	1546	1.0687382418092332e-06	1.2253983665022642e-06	4.387728846567003e-06	5.00412871089987e-06	4.792441103924322e-06	2.507918540970329e-06	0.23320670000975952	0.007890935059614485
1.0578100317613974e-06	0.002816937231034552	1547	1.0664479718904795e-06	9.316132837133721e-07	3.7632766708351807e-06	4.400789599421806e-06	4.221809886960073e-06	1.7710066289786532e-06	0.2546215000329539	0.005658137842690365
9.854744193415307e-07	0.0035658025479204064	1548	1.094126341370866e-06	9.33763741317934e-07	3.0168404536700113e-06	3.7181728855935143e-06	5.873345675117612e-06	1.7902016581266118e-06	0.23342840000987053	0.007157666042767937
1.0198279024661955e-06	0.0031806503631282242	1549	9.038197022681028e-07	1.118361114209286e-06	2.107772912761521e-06	2.3474183652803486e-06	6.2485755760036745e-06	1.9945552689034672e-06	0.22978689998853952	0.006386304015845713
1.054115931128687e-06	0.0028246527932444866	1550	6.581517697269775e-07	1.4665922449631344e-06	1.2634546919969179e-06	1.4080443752118834e-06	7.1449146667324874e-06	2.503351105449481e-06	0.22970539995003492	0.005675506592977493
1.0594979475640823e-06	0.0028104380122007406	1551	4.0496752277559066e-07	7.750918535608317e-07	1.1452208930046912e-06	1.08609619693652e-06	6.591968306438008e-06	4.099550429059475e-06	0.2398486000020057	0.005647789434233883
1.0936934227678145e-06	0.003335788109691252	1552	9.227178326961027e-07	4.710318769506587e-06	1.1956324774269398e-06	1.0835327661577528e-06	6.127995169570193e-06	3.698069960288722e-06	0.24803570000221953	0.006701327938333545
1.17014463949065e-06	0.0026744497387554463	1553	9.843631635657123e-07	5.0744439753912505e-06	1.3769388995764047e-06	9.890195198563367e-07	9.525254465542226e-06	6.315956557971866e-06	0.2397476999904029	0.005391346954395293
1.1683922124126594e-06	0.0031211748937905494	1554	1.045109859330562e-06	4.469523820649908e-06	1.527724086344256e-06	8.47267116426488e-07	7.0395359739218014e-06	5.814129191772359e-06	0.24431420001201332	0.0062782835272200644
1.0984892623984493e-06	0.0025517212635924277	1555	1.0518697730838956e-06	3.98475181337819e-06	1.12357759459329e-06	4.928683678176095e-07	7.68943951215108e-06	8.614234223170216e-06	0.2533444999717176	0.005144899920729167
1.196579491532757e-06	0.0032725125840816728	1556	1.573987346256383e-06	4.8741196273956455e-06	8.693333830942522e-07	3.1155822205523653e-07	6.569682680062106e-06	5.129153862609336e-06	0.24171940004453063	0.006578444998810556
1.3425982769531596e-06	0.0025853291800479314	1557	1.4128241229698513e-06	3.3436350975973575e-06	9.409480909939662e-07	4.033539067749209e-07	9.770947586443632e-06	6.447602460184368e-06	0.24510030000237748	0.005211881417961361
1.129206433988228e-06	0.0026555305555286297	1558	1.247907260332434e-06	3.0029879460401493e-06	9.743472223864991e-07	7.245398640718089e-07	4.906716624897841e-06	2.6897807296592724e-06	0.24783710000338033	0.0053344623009271815
1.157493161656871e-06	0.0025417878786647046	1559	1.0870208527846782e-06	1.6823146613330408e-06	1.3457474349183222e-06	1.5705519722871447e-06	4.832204065186741e-06	3.3136264145289096e-06	0.2574109999695793	0.005107868039533477
1.1284571014146133e-06	0.0024528677945754663	1560	8.476905860875396e-07	3.1674106715151487e-06	1.1614434262695134e-06	2.0866646389853705e-06	6.029031986798167e-06	2.780075613745158e-06	0.24082039995118976	0.004932873927877705
1.0035496453516703e-06	0.003054731695510621	1561	7.178735537328335e-07	2.6815680791850655e-06	1.6223913945358947e-06	2.8205186028903386e-06	3.8772025213034555e-06	1.0874162940346553e-06	0.24068390001775697	0.006129242079572966
9.997037653185457e-07	0.0038330232945657486	1562	6.515813160828477e-07	2.5538864211363617e-06	1.4849372922147977e-06	2.9528592721495926e-06	7.226483572515514e-06	1.6163021018825384e-06	0.24297410005237907	0.007693374832312513
9.559179550358041e-07	0.0037309328894085067	1563	5.752023291107118e-07	3.2525860525605654e-06	1.0972694087995335e-06	1.9875521926218434e-06	7.435345318723393e-06	2.0119997565310896e-06	0.25211190001573414	0.007489584914860687
9.660877841939808e-07	0.002552221896885068	1564	1.326054228464245e-06	3.1372641249087964e-06	1.0074049956932993e-06	1.2819571108324735e-06	1.124506427889941e-05	3.307133564608192e-06	0.24810480000451207	0.005142233045485438
9.68076055826802e-07	0.0029565625825557105	1565	1.425279523599718e-06	4.609273535793345e-06	9.967512523679394e-07	8.253038776635609e-07	7.658694480249414e-06	4.864613126442266e-06	0.23632210004143417	0.005947964540625883
9.390187150202918e-07	0.003572239048671943	1566	2.0817082430097555e-06	4.5685109613143846e-06	1.0233042243223662e-06	9.92339236271662e-07	7.418244984677946e-06	5.411641294284433e-06	0.2423105000052601	0.007180681769996769
9.257063686273344e-07	0.003864797366915587	1567	2.2916541401575944e-06	4.540257954283734e-06	9.186937863054725e-07	8.260855302305003e-07	9.677768763904458e-06	6.966576640010221e-06	0.24276580003788695	0.007773311528787236
9.443164970199196e-07	0.0033554235699552273	1568	2.4841909699398885e-06	4.577280949086561e-06	1.0528151219588227e-06	1.212267018816189e-06	1.0935001820790991e-05	6.707367367390066e-06	0.24881849996745586	0.006757347065340657
9.769908183213339e-07	0.0034207216030104127	1569	2.9434639468397287e-06	4.113177743079762e-06	8.603128912648573e-07	1.5702505572162375e-06	1.0754613683492877e-05	7.726704755090016e-06	0.24744130001636222	0.006889847029673034
9.012949208361929e-07	0.0025275929022052068	1570	3.752736108825738e-06	3.794374890647174e-06	1.2458213319455933e-06	2.242017013014346e-06	5.984237839302619e-06	8.085096246769216e-06	0.2270542000187561	0.005096162011768663
9.869331749321169e-07	0.0022925721886160274	1571	2.78770597812883e-06	2.1755823366648263e-06	1.4031664964994458e-06	2.6681110596115014e-06	8.491027903079516e-06	5.772558930178728e-06	0.2417962999898009	0.00462467998311934
9.663776253583562e-07	0.003580652147024013	1572	4.9330689067063856e-06	1.8011865207365693e-06	2.1199061066618044e-06	3.4376293977447357e-06	6.311369434583195e-06	4.361321746262127e-06	0.2467779999715276	0.007196874222592282
8.472870767831712e-07	0.0025071478287954944	1573	2.8270444658819803e-06	1.4884185188949016e-06	2.227066425155982e-06	3.3743639656184402e-06	6.486096859702814e-06	3.6654713579906314e-06	0.25552390003576875	0.005046210261555493
9.21548125378325e-07	0.0030649434396470346	1574	2.257765974993375e-06	1.0398265875440897e-06	1.4345760129741912e-06	2.2060222060864812e-06	5.573653720249416e-06	3.237070397712681e-06	0.24737280001863837	0.006156289614562347
9.56136822921581e-07	0.002981681701533673	1575	2.2200245335372983e-06	1.3840117530478326e-06	1.1717626845105011e-06	1.6366457319692836e-06	7.6169353454450104e-06	1.9906377335937866e-06	0.24202359997434542	0.00599090326757433
1.0224904181592762e-06	0.002555355331298571	1576	1.0823523621425156e-06	1.0268992107434264e-06	1.3112641587895925e-06	1.2215026884894466e-06	6.60508615395569e-06	1.3885507752088847e-06	0.2506145999650471	0.0051333849357119545
9.59179295613084e-07	0.002789753204363093	1577	8.136041151870125e-07	1.2797428140498236e-06	1.759628182594377e-06	1.52652049781945e-06	7.42351126882022e-06	1.4201887351893155e-06	0.25353539997013286	0.005604491662935082
9.03597795529044e-07	0.003099655635898316	1578	5.745148846518233e-07	1.2176673595915548e-06	1.7143188935753144e-06	1.3560446033727868e-06	5.716203821419709e-06	1.7137392964140257e-06	0.25080330000491813	0.006220840899364548
9.637219986928638e-07	0.0031516770426511546	1579	8.548157862463697e-07	2.3462480513748972e-06	2.1418519737333183e-06	1.6233544821640703e-06	7.903909367532417e-06	2.316154684714196e-06	0.2504507999983616	0.006332687927697707
1.012228799437912e-06	0.003152874763210403	1580	4.96464901383465e-07	1.1585277802392334e-06	2.3806826245528783e-06	1.9761161700093987e-06	5.494469901964761e-06	1.7708279293600587e-06	0.23675629997160286	0.006328316371158518
9.532224008735823e-07	0.0027480647412331926	1581	5.512084077608459e-07	1.8268266710883348e-06	2.5011813915380326e-06	2.2400435755622994e-06	6.623434419467827e-06	2.6679587766947657e-06	0.25733130000298843	0.005523737973706407
1.1377406299447022e-06	0.003745569264045145	1582	4.3819375297343026e-07	1.4804037287838437e-06	3.0272604836635653e-06	2.2488777390906554e-06	5.8312843708513336e-06	2.8608058179233206e-06	0.24685120000503957	0.00751799292543224
9.959920421692874e-07	0.003491674095518221	1583	5.147285810984923e-07	1.8601731575230673e-06	4.093066983084736e-06	2.695162180414564e-06	5.976446724316729e-06	3.19479351648318e-06	0.24533170001814142	0.0070128457865045015
1.0075459034623661e-06	0.0032553347865138804	1584	6.375372230782303e-07	2.631517820882317e-06	5.774267677018789e-06	3.974319017350589e-06	7.402646995867725e-06	3.940289021062231e-06	0.24671320000197738	0.006548388178606876
1.031935903716349e-06	0.003163172852970617	1585	7.610862919194261e-07	2.730134115880896e-06	5.392817604023612e-06	3.969771613766037e-06	5.078277208526324e-06	4.2529511443883125e-06	0.25806439999723807	0.006359925844080086
1.0322348931306877e-06	0.0033002340782571013	1586	1.0147136800603933e-06	3.841832447991003e-06	3.734287047939522e-06	3.445897090459962e-06	4.5132676443220195e-06	4.469413011282322e-06	0.2542680999613367	0.006632534717878124
1.160050328976533e-06	0.0029826880546444433	1587	5.378167288067499e-07	2.1349986704585183e-06	2.4811667760518793e-06	2.9300887185479673e-06	6.085784540618982e-06	4.864170206415757e-06	0.24200440000277013	0.005997680190334773
1.2953915714779129e-06	0.003504439121717067	1588	6.709076825322528e-07	2.2864327657873315e-06	1.887563052034425e-06	2.6148089205169723e-06	5.9716492040410505e-06	4.072121630888859e-06	0.24483019998297095	0.00703901628066782
1.3465805704808426e-06	0.003116880952820355	1589	1.155157657329944e-06	5.765517531795564e-06	1.375233717184159e-06	2.5347340287314284e-06	4.748839559572379e-06	2.851271133911491e-06	0.255936199973803	0.006262485931103681
1.0705508085397515e-06	0.002575022964919655	1590	1.1110973437365136e-06	2.502361994121384e-06	7.224528694362341e-07	1.2335149578259586e-06	4.119937167710176e-06	4.538845754622009e-06	0.2332697000238113	0.005175074024466175
1.2579130320382153e-06	0.003037579903699266	1591	1.2870019694892784e-06	2.8801164115849483e-06	9.356668970009438e-07	1.0176232318931027e-06	6.6180763283921905e-06	5.690660278101022e-06	0.2551656999858096	0.006108413515185563
1.3029503642976203e-06	0.0028493242151177494	1592	1.8479121779044084e-06	3.1772500505915737e-06	1.0195759608707424e-06	7.650053059618586e-07	6.446315302523859e-06	4.145955902279874e-06	0.2538273999816738	0.00572924861686903
1.2808353378310967e-06	0.0034774541426853415	1593	2.4029385260426656e-06	1.9282876560232696e-06	1.4753362020549533e-06	3.8162672696184884e-07	7.295659986335931e-06	6.325752084987262e-06	0.2475290999864228	0.006990900969300073
1.2405349837478445e-06	0.0035705932421662536	1594	2.6910056244201053e-06	1.7596162237928806e-06	1.7923228054509644e-06	3.4958877915805927e-07	6.2534009695621094e-06	4.009330276919241e-06	0.2513119999784976	0.0071707855502257875
1.3295405209468776e-06	0.0031913311577268476	1595	3.3383004543210374e-06	5.648688423544525e-07	2.2983192818709824e-06	7.754560863284878e-07	9.31500730592561e-06	5.993984275324844e-06	0.24335290002636611	0.006422916324322964
1.239715245691432e-06	0.0032860738212969805	1596	3.7333009737698817e-06	1.0201750934303698e-06	1.4728800306567687e-06	1.2518603520876378e-06	6.516795646786979e-06	4.975248780075986e-06	0.252804699994158	0.006605089378389014
1.1529559385226236e-06	0.0031239593462181053	1597	3.4765464294196128e-06	8.748616106711323e-07	1.4211004266241965e-06	1.7483294971550894e-06	5.842627142239604e-06	3.4813744517287414e-06	0.2515817999956198	0.006276393445465064
1.1875410073422427e-06	0.002656235380925489	1598	3.6437497565078107e-06	8.730808619359568e-07	1.6262910908345446e-06	2.3257754745211578e-06	5.894562265020798e-06	3.701992330249447e-06	0.25741760001983494	0.005342507850240002
1.259786887191118e-06	0.003550697866250214	1599	3.7501601962969453e-06	9.048299116010015e-07	1.9690685635688245e-06	2.275668149513535e-06	4.5766238582878534e-06	3.6326465997903536e-06	0.2581353999557905	0.007129233574011947
1.2974230789111725e-06	0.0028600570227891604	1600	3.0462638125980328e-06	1.0004598418155694e-06	2.4979884466773497e-06	2.8871776476041403e-06	5.656307326225244e-06	4.961109195263394e-06	0.24585900001693517	0.0057533756145278165
1.0812407597363633e-06	0.0031760078136740325	1601	2.594819139992472e-06	1.307515302911328e-06	2.683960794606087e-06	2.2447745101127864e-06	4.763439770386533e-06	4.085410827790275e-06	0.25289410003460944	0.006380706879811513
1.377759375119717e-06	0.0026300027855360227	1602	3.223370059634173e-06	1.3461435526865138e-06	2.3163666993503667e-06	1.84471019080947e-06	4.905170756955917e-06	4.295569149051547e-06	0.25281359994551167	0.005289893160136781
1.1835360346704556e-06	0.0029516462451884364	1603	2.558879849122382e-06	1.3386385025772848e-06	1.839543737428412e-06	1.389173459926041e-06	5.138716755908693e-06	4.648600977183308e-06	0.23729900002945215	0.005932360433461452
1.337955603802427e-06	0.002764313206770457	1604	1.8082071889309444e-06	1.1429232509019636e-06	2.0936809742726605e-06	1.7539106759420064e-06	4.658581851130625e-06	3.972487762401095e-06	0.23904790001688525	0.00555536318606563
1.2310249700895618e-06	0.0033890809941660455	1605	1.005453405973798e-06	1.0424375479625112e-06	2.1645801053005075e-06	1.6861348753993206e-06	5.490255976066974e-06	2.898296769369254e-06	0.23615749995224178	0.006803299749697778
1.3011932226206284e-06	0.002354673707257134	1606	9.475957273896344e-07	8.351359500737849e-07	2.0912209091266695e-06	1.816271868871408e-06	4.695771605888726e-06	2.797794756556847e-06	0.24771140003576875	0.004732627158139862
1.1642515177051458e-06	0.003449622137588302	1607	1.0765368103718302e-06	1.2596323072540014e-06	1.4528404593144263e-06	1.3179859467761248e-06	7.898170401591622e-06	3.147346712474253e-06	0.2518450999632478	0.006928770807963862
1.1026056574368061e-06	0.0030053517613668587	1608	9.800035030974372e-07	6.061245809222755e-07	8.833768654128427e-07	7.523315840484484e-07	6.077417454321434e-06	3.5527981761456095e-06	0.24932220001937822	0.006035391001843006
1.0880670300045033e-06	0.003018893614764783	1609	7.9039903689647e-07	1.2252112043188985e-06	5.997797440766209e-07	3.1328891969411996e-07	6.294345672541415e-06	1.967450535158872e-06	0.23962120001669973	0.006059415634909961
1.1932734783958691e-06	0.0031024940066167583	1610	1.0076933540343653e-06	9.633035209309106e-07	1.14111087361888e-06	3.182901649158123e-07	9.248540001373368e-06	2.603908815083422e-06	0.24937589996261522	0.006234509855736722
1.204147546603539e-06	0.0029725282633753	1611	1.4210743439384719e-06	1.8664083336896653e-06	1.7170841485849166e-06	3.145221520774794e-07	8.479041521344329e-06	2.1866629551121956e-06	0.2544379999744706	0.005974115319775011
1.0780227089866863e-06	0.002666817633222491	1612	1.430235404634022e-06	2.711473700497769e-06	2.272935394236454e-06	7.830257322964788e-07	9.119805239430868e-06	2.7916026999245032e-06	0.24858750001294538	0.005366811797973331
9.89916024678073e-07	0.002551742613509664	1613	1.7383018978708093e-06	9.527244783216736e-07	2.452333211722247e-06	1.3680761788298698e-06	7.719013783699624e-06	2.0368481221893216e-06	0.2626670000026934	0.005131488218647206
1.0573817187297428e-06	0.0029110615969857793	1614	1.8535387216116057e-06	1.5239130607900135e-06	3.027583863244385e-06	2.7322381238360543e-06	7.465900905925906e-06	2.4348055832670093e-06	0.24848110001767054	0.005853176644156886
1.1037790461713056e-06	0.004008860737500238	1615	1.6344289195959918e-06	9.854389885902823e-07	2.925193046031049e-06	3.1403137766067854e-06	5.270961920200506e-06	1.381861661404618e-06	0.24648610001895577	0.008041920054986855
1.0519447471678388e-06	0.0029778234247021607	1616	1.0805575528567576e-06	1.7115811254041189e-06	2.3341708989625413e-06	3.729185473869545e-06	5.789868049585301e-06	1.3422577015917787e-06	0.2507698999834247	0.005980870485452105
1.016541959382303e-06	0.0028247725031371176	1617	7.14514922736911e-07	1.891685592256617e-06	3.05065484429118e-06	4.8773270356532765e-06	4.626039696081164e-06	1.7275350937047171e-06	0.2464567999704741	0.005674819422167509
1.0917962445653727e-06	0.0027583648965421644	1618	7.416916300506784e-07	2.812154747423045e-06	3.911956090795929e-06	4.603991907455765e-06	3.429951378572794e-06	1.7342764096952238e-06	0.25548629998229444	0.005541311635525722
8.607854340998652e-07	0.002927264059093849	1619	8.72976575695035e-07	2.1703317952190356e-06	3.578149396874838e-06	4.13135705031095e-06	3.3582511373461804e-06	2.149422190505758e-06	0.240073700028006	0.005878017850529702
9.242919109659279e-07	0.0035414756062708977	1620	1.5393209302114107e-06	2.5009890253816567e-06	2.56720414329555e-06	3.6842443269275878e-06	3.3757215476103203e-06	2.7778779918134316e-06	0.24367490003351122	0.0071073987538683905
9.89288668308936e-07	0.003373612205408001	1621	2.1114070111183266e-06	2.1172787635929825e-06	2.4617246837597152e-06	3.187573380901838e-06	5.21618920137381e-06	4.094640959999357e-06	0.24986450001597404	0.006777702632314739
8.717962994633998e-07	0.0024791251219181713	1622	2.662965705569124e-06	2.2026025458777088e-06	9.771942750207356e-07	1.3597810521877673e-06	5.206334039216234e-06	3.1987596322618813e-06	0.23870299995178357	0.00498400656735688
8.300977818763076e-07	0.0027599365948545312	1623	3.0666954503319658e-06	1.8785686371752807e-06	8.268400427982466e-07	8.931038290039544e-07	8.6935593063154e-06	5.109939675822924e-06	0.23729600000660866	0.005555805591196401
8.647456119787749e-07	0.0020088866309677356	1624	3.8749151663716096e-06	1.3578005408734513e-06	1.9296317122121483e-06	8.652093491679799e-07	8.25850960778559e-06	5.909701355083137e-06	0.24937979999231175	0.004055866731853792
8.687616065474209e-07	0.0028623660180466587	1625	3.1839058386251352e-06	1.1097136939803444e-06	2.6026536606124507e-06	1.150660931185415e-06	1.086125358484769e-05	6.574056241859033e-06	0.24653920001583174	0.005769387113084229
8.687680248548549e-07	0.002991316475962353	1626	3.867551492848217e-06	1.290730294037483e-06	3.1107290680757473e-06	1.4028934649874275e-06	1.1463518890957113e-05	5.999178415990103e-06	0.24763840000377968	0.00602896778690826
9.097175349664554e-07	0.003049938721127261	1627	4.074526149052958e-06	1.4315975469650517e-06	1.4798968875579506e-06	9.902808135870866e-07	6.3036594994052265e-06	5.75408512433718e-06	0.2518081999733113	0.006133788667969102
9.592393056719585e-07	0.003133405192345599	1628	5.0915459368984005e-06	1.8966735644049463e-06	1.048652342690065e-06	1.357865979735677e-06	6.3517201267085e-06	4.338210947991163e-06	0.24095250002574176	0.006299503463275672
9.142622183067856e-07	0.003158004453505877	1629	3.2693727419453986e-06	1.1970684299153289e-06	2.258397449916804e-06	2.5656831085639736e-06	4.7956327346283085e-06	3.5308254020029614e-06	0.24409629998262972	0.00634378086945197
9.387526183965265e-07	0.002757925778989934	1630	2.2116815745074284e-06	8.147869074452681e-07	7.419167733793111e-06	7.219513253143435e-06	4.919218723605794e-06	2.7159268608739255e-06	0.2504750000080094	0.00555066450385451
9.433304800226649e-07	0.003149367515599584	1631	1.7677434218787146e-06	6.78893758771525e-07	1.0928522050598217e-05	9.409890668282363e-06	4.811255236361392e-06	3.24069866198063e-06	0.2407420999952592	0.006339510649855429
9.38124429865265e-07	0.00308353962046593	1632	2.6921182231157006e-06	1.187886232351995e-06	1.2480578993998829e-05	8.84840521977717e-06	3.820946345531043e-06	2.770653342508338e-06	0.25528169999597594	0.006207347677836913
8.988738777302269e-07	0.002790230444660621	1633	1.3816213325244044e-06	9.339536497578137e-07	6.9693899338407305e-06	5.661290553760156e-06	5.34106435300699e-06	3.283641455486078e-06	0.2533221999765374	0.0056144543041635716
9.570767401282078e-07	0.0027537918898376404	1634	1.0506229587149138e-06	1.9372802417818443e-06	2.560048306218828e-06	2.980232912656017e-06	6.44171041372717e-06	2.6183754056966412e-06	0.2403949000290595	0.005536146289213756
1.0322912590441806e-06	0.003262344424219935	1635	6.459373593369107e-07	2.0803531243067015e-06	8.31716310610066e-07	1.5217220617858158e-06	8.264317822844781e-06	3.244453749723194e-06	0.25018599996110424	0.0065548507029591346
9.514337181130718e-07	0.0033194539367190088	1636	7.247624349891594e-07	3.987653676318761e-06	1.2197033829255336e-06	9.395020560989638e-07	1.0044535236352066e-05	3.228173071900193e-06	0.24539989995537326	0.00667422777904108
1.0085262645935502e-06	0.004444591515299985	1637	7.299126920657367e-07	5.99489627032522e-06	2.3407471041968844e-06	9.375701541526101e-07	8.631410838091604e-06	2.672915949500821e-06	0.24599389999639243	0.008923811862925082
1.036255893209557e-06	0.002923400127647598	1638	6.349307364199229e-07	4.26729204192475e-06	2.428160512231594e-06	9.526129983719834e-07	8.364815614013695e-06	2.955708347180628e-06	0.24726859998190776	0.005879796811292951
1.0949200410025488e-06	0.0030105333332851696	1639	6.921734169546905e-07	3.642391518843162e-06	2.181186676619425e-06	9.7706535123879e-07	6.718801413589506e-06	2.5606737985382944e-06	0.2422231999807991	0.006049308274040256
9.429663672270474e-07	0.0025960374520132916	1640	6.724842221213098e-07	2.179867739206539e-06	1.90579952772215e-06	1.140491405867026e-06	5.884302437314272e-06	2.76635792166222e-06	0.28670299996156245	0.005217160800373907
9.6291747945498e-07	0.003333876754631975	1641	4.99667961020484e-07	2.087537754024823e-06	2.2333377939143785e-06	1.58415113639949e-06	5.667393137537832e-06	2.073194260634878e-06	0.28968610003357753	0.0066915652136645635
9.363093013775073e-07	0.0027720984597954367	1642	5.739149915877917e-07	3.3274687888194703e-06	2.306574613891749e-06	1.982819873802037e-06	4.470512472997752e-06	1.2660595841861685e-06	0.297116499976255	0.005565733460576098
1.0514250569289542e-06	0.00249643874899754	1643	5.556715256462676e-07	2.5159072204955806e-06	2.43506676945347e-06	2.8681086383764074e-06	5.005042178707011e-06	1.5867435683822737e-06	0.2854526999872178	0.0050165386737570875
1.045479502199394e-06	0.0030074448676217416	1644	8.767712656321507e-07	3.4726617649536227e-06	2.2696977248709958e-06	2.8886683658764202e-06	4.636151471861513e-06	1.9829956051585556e-06	0.3075912999920547	0.0060397267875232545
1.0707006920149355e-06	0.0030039136688792944	1645	6.544744614076819e-07	1.910711599491284e-06	3.0662020997168157e-06	3.5373325225064817e-06	5.79491238850323e-06	2.148980584874986e-06	0.3045038999989629	0.006035025245772496
8.914073227904762e-07	0.002743168336152205	1646	4.0384673145543136e-07	2.1247764458510627e-06	2.4853629452066325e-06	2.801531342498248e-06	4.587461414167475e-06	1.565840627351076e-06	0.2866643999586813	0.00550824160849804
9.746232805408967e-07	0.003101543278488252	1647	9.471100272072859e-07	3.1501086580576664e-06	1.8102718318123002e-06	2.0500664636451254e-06	8.271909719764877e-06	2.5047182526199558e-06	0.289448999974411	0.006234546616463078
1.006294799921257e-06	0.003196254547640418	1648	6.527982973560894e-07	2.3098520118240608e-06	1.5681058000860833e-06	1.6896241675001871e-06	6.672894793097342e-06	2.3343378442886988e-06	0.28451199998380616	0.006418756530432217
9.277267328016381e-07	0.0034786290969455623	1649	1.0226125480889833e-06	2.493185906276426e-06	1.6617854960600904e-06	1.7294136065728125e-06	9.252432548747575e-06	3.110220851328475e-06	0.29359749995637685	0.006990745951713879
8.912134922525527e-07	0.0034910952650579535	1650	1.9153989212919533e-06	2.1649562905376267e-06	1.2946760459995329e-06	1.5787288233846869e-06	7.893271476713075e-06	3.694156145517815e-06	0.2872167000314221	0.0070141015724260874
9.400695966776383e-07	0.0034349671789772338	1651	1.2297334623662694e-06	1.4164509014373057e-06	9.919532419313319e-07	1.257559418062263e-06	7.354189699707232e-06	3.892308715793915e-06	0.28732620005030185	0.006899203191002621
1.0124712970782574e-06	0.0028998797249680693	1652	1.951437611682695e-06	1.596503687586086e-06	7.806733498612288e-07	9.983128981628722e-07	7.410360320467732e-06	3.1260962891961966e-06	0.27665869996417314	0.005828184233296916
9.938852167543784e-07	0.0038451110512608324	1653	1.7058791530824618e-06	1.3953250627038118e-06	6.641070642953741e-07	5.596673369804593e-07	8.76722742977483e-06	3.392780210400013e-06	0.2731245000031777	0.0077208548668525855
9.372093337401747e-07	0.002848823397260905	1654	1.4324862054811093e-06	1.0736794833837246e-06	7.36006755590818e-07	6.394951491992038e-07	5.653941715761983e-06	3.638449590647302e-06	0.2694284999743104	0.005721987663395763
9.364948053212469e-07	0.0029637627014442217	1655	1.6328208511334778e-06	1.201754126193621e-06	1.313981449932588e-06	1.3133037799346247e-06	6.044346728183489e-06	2.641044754713845e-06	0.26564280001912266	0.005952231035672074
9.83226640909037e-07	0.0032395915569356803	1656	1.149052795735675e-06	1.0069635737863786e-06	2.543735076949764e-06	2.6695691528478865e-06	5.171323517583276e-06	2.695223005832396e-06	0.2509567000088282	0.00650425198079933
1.1003034977656735e-06	0.0034425042063273626	1657	1.2817545903043194e-06	1.1331690220432987e-06	5.494083753208557e-06	4.4386713583499305e-06	4.0249742654199764e-06	3.7284835850478066e-06	0.26417960005346686	0.006915063614075098
1.0205181392352937e-06	0.002936164959360939	1658	6.188395643750025e-07	9.67349993159444e-07	7.807210890958934e-06	5.8523006543713595e-06	6.378749435670898e-06	3.5243194558820775e-06	0.2507746000192128	0.005909422793886319
1.021523180640571e-06	0.0024374739102316673	1659	7.450717416288514e-07	1.3788009730359712e-06	8.78671809847031e-06	6.222110369323705e-06	4.945571814301499e-06	4.391128965393002e-06	0.26109859999269247	0.004912796969566464
1.0433642763793012e-06	0.003236149031822168	1660	7.143875214539339e-07	1.6090466631980805e-06	8.410584589966783e-06	8.228615759011234e-06	5.2043530400769085e-06	4.5877530172599905e-06	0.259778700012248	0.006512931638845399
1.2163007175489456e-06	0.002318511903106237	1661	4.857317851232638e-07	1.4821620544666626e-06	1.0876343930534008e-05	9.998899835358137e-06	4.207003985123993e-06	8.559536731236593e-06	0.2435270000132732	0.004687832626685776
1.235843382553464e-06	0.0022999797292504046	1662	6.248548573885414e-07	2.429467239888585e-06	1.2327416982555966e-05	8.341108599931721e-06	5.395296495494693e-06	5.75634820473536e-06	0.25204769999254495	0.004648457282346141
1.215397418782955e-06	0.003862047446489905	1663	8.329551922668452e-07	3.817817913458115e-06	6.513305334495686e-06	6.3129684737101785e-06	7.31853201458781e-06	9.121688155212508e-06	0.26087310002185404	0.007776883175070907
1.2866761462726408e-06	0.003019256296554109	1664	1.0473607352181666e-06	3.464964002366149e-06	2.0814658358762308e-06	1.7465964429194224e-06	7.186796573351586e-06	7.585526836770062e-06	0.25224369997158647	0.006078970979237387
1.2013318453655553e-06	0.002935828433164368	1665	1.8472985487645983e-06	5.00958697849816e-06	9.678720678085544e-07	1.7379083819389287e-07	7.0008633523412046e-06	6.340037640664101e-06	0.25583320000441745	0.0059087398804387415
1.0921662436414292e-06	0.003266796551632415	1666	2.0837967949730675e-06	6.990630933129883e-06	3.1838580508303597e-06	1.0240008603489996e-06	9.417981772539254e-06	7.277185613134383e-06	0.264535199967213	0.006582450057162742
1.106308735882499e-06	0.003435322896148361	1667	2.3819222344811943e-06	3.5718094310682093e-06	4.444309436543368e-06	1.5447967228775193e-06	8.637116996587696e-06	4.854373059707326e-06	0.2571571000153199	0.006911784227706048
1.160975250489705e-06	0.003071807096099055	1668	2.2750935040654902e-06	4.013002343219203e-06	4.754868247620001e-06	3.187848812477742e-06	1.0802067953095251e-05	4.996820851908216e-06	0.25536700000520796	0.00619176473321648
1.1330768986376075e-06	0.002784270025727042	1669	2.1211737691007666e-06	1.8921878919676128e-06	5.985429590983649e-06	3.358355861662576e-06	9.19998835192502e-06	2.5263039701624707e-06	0.25023990002227947	0.005607615937009248
1.0435295125205917e-06	0.0027167966705945756	1670	1.5511051346537888e-06	2.105395202630531e-06	3.1884670675650456e-06	3.307501797025804e-06	6.7487176621221525e-06	2.2556229498251234e-06	0.25609859998803586	0.005463841550639961
1.0365754805147838e-06	0.0033504280261145323	1671	9.359940954367992e-07	3.717404392736051e-06	2.2028327020419173e-06	3.7505016689441754e-06	7.371412164977265e-06	1.5040603473572082e-06	0.2612659999867901	0.006731286881073922
1.101610235586881e-06	0.0028488199689210287	1672	5.437940013858148e-07	3.889170029278295e-06	3.0934737374625427e-06	3.7192088549672075e-06	6.717485677566208e-06	1.8674046622594236e-06	0.2537163000088185	0.005728258585615976
1.011595018403586e-06	0.0034415308920709036	1673	6.085183935623112e-07	5.432775568593063e-06	5.695447598876772e-06	4.882107787861506e-06	4.146391243973746e-06	2.626290909729927e-06	0.25310749997152016	0.006915249187834915
9.75106324914488e-07	0.003016625743280192	1674	6.193108352845931e-07	7.24381177902719e-06	1.0321219663355676e-05	7.919036722740308e-06	4.9867070345310566e-06	4.027014814361482e-06	0.2576870000339113	0.006079332521908405
1.0647105043879419e-06	0.00299603906124538	1675	1.1408198183463453e-06	4.560605559318359e-06	9.978637222824103e-06	7.241454167295878e-06	3.6316387239061042e-06	4.2921252679877575e-06	0.2545096999965608	0.006032976588251108
1.0337203112733024e-06	0.0031457261208296863	1676	1.201990874819607e-06	3.1959426986092046e-06	8.604848764256618e-06	7.638656978816888e-06	6.965617530942312e-06	5.265776383296108e-06	0.25344010000117123	0.006338623909426899
9.215314039952507e-07	0.0034834381412503935	1677	1.208946546768817e-06	2.8168902662901682e-06	4.838868737901276e-06	5.99509810966718e-06	4.035334161815465e-06	3.2864577309897084e-06	0.25031470000976697	0.006998222732755016
1.06125765930064e-06	0.0033983141497737636	1678	6.974513591179762e-07	1.2896208639411215e-06	2.2561690407843e-06	5.989273163281976e-06	7.431429143302125e-06	2.579557119496079e-06	0.2683425999712199	0.00682900530181885
9.624672683572242e-07	0.002713431194303439	1679	8.453133301225835e-07	1.048829861183153e-06	8.24987153922759e-07	4.642289741053812e-06	7.845426735558005e-06	2.2984647198856718e-06	0.25461050000740215	0.005456436526140762
9.520999665714196e-07	0.0032555548506823613	1680	8.008129829242363e-07	9.18172923391821e-07	2.4842405145718075e-06	3.903274343611659e-06	7.904880570085877e-06	2.1008067261747267e-06	0.25156310002785176	0.006541131776654886
9.109144695339862e-07	0.00293532554602465	1681	1.0702504462813458e-06	1.6442980865141203e-06	6.02191504986988e-06	3.7410284559908657e-06	1.0856406336191134e-05	3.0948488982397786e-06	0.24610109999775887	0.005912852923495887
9.272336221684647e-07	0.002975830249064393	1682	8.969988761074506e-07	2.4079647818460475e-06	1.0472985174505675e-05	4.824837271956336e-06	9.176546405612506e-06	2.528962241191635e-06	0.25619189999997616	0.0059955287687711465
8.630467609458288e-07	0.0027726458822108966	1683	7.953406154518249e-07	2.903951971249892e-06	9.189653674194944e-06	3.263865980436919e-06	1.0149187693589055e-05	2.5134340166581985e-06	0.255734600010328	0.005588495913605512
9.467840621408942e-07	0.0029284029545708365	1684	6.23159567205105e-07	2.1374539997025443e-06	8.727068086105738e-06	3.569350843667764e-06	7.870894196413278e-06	2.2049584579409236e-06	0.24930220004171133	0.005893908215071345
9.758570110830908e-07	0.002500324593197408	1685	7.276771319667139e-07	1.7766158835851344e-06	4.0133890783840845e-06	3.1064614387998463e-06	6.552377475563339e-06	1.651640169369438e-06	0.2516781000304036	0.005028633079239583
9.852321893618848e-07	0.0027358686123102995	1686	5.846682765950337e-07	9.846597805032908e-07	2.558439197342725e-06	4.093578345199482e-06	4.149696416990645e-06	9.487396881461853e-07	0.24877189996186644	0.005492125906809237
9.915508326049045e-07	0.002758671802247081	1687	5.46450406263477e-07	1.282749155867544e-06	4.257060385850176e-06	7.844540782785033e-06	4.950481905416511e-06	1.7964891724488501e-06	0.2534931999980472	0.005546751449045868
9.849963529420861e-07	0.0031912358994319713	1688	6.278426368416014e-07	1.799779744027863e-06	9.125737224379442e-06	1.0848686720983127e-05	3.512898086006692e-06	1.9333780137408783e-06	0.24933819996658713	0.0064177363900955525
8.855952847611865e-07	0.002525819622706045	1689	3.7960112464176355e-07	1.1691696014399128e-06	1.0173970805606644e-05	1.1191204547425356e-05	3.5668901908611567e-06	3.184720734366016e-06	0.2524408000172116	0.0050898276039111805
9.638712220034654e-07	0.0034469605649802126	1690	2.6969538172687816e-07	1.1851562171618828e-06	1.0866171478689776e-05	9.050344248210868e-06	2.7396148378965767e-06	2.6849814996484694e-06	0.25492219999432564	0.006928069432405312
1.0271773404486471e-06	0.0027304485235478976	1691	4.6296142356331893e-07	1.6436412271870462e-06	8.28713190335976e-06	6.592669594027715e-06	3.5765892643562657e-06	3.4724624279216976e-06	0.2517098000389524	0.005494035909309387
1.0105653719339785e-06	0.0029086641153873924	1692	6.464534535181045e-07	2.0267884010718318e-06	2.707141020763633e-06	2.2692097072103183e-06	5.393534743586096e-06	2.3540766967279767e-06	0.2577853999682702	0.005842494176981845
1.0645183001183733e-06	0.0035670082703165365	1693	7.929671011068015e-07	3.156599276142425e-06	9.155171676304436e-07	7.596358260133501e-07	7.6552163730792e-06	2.8331814732737452e-06	0.2530453999643214	0.007162747092296908
9.802374813057248e-07	0.002477701740014357	1694	1.1869695602401022e-06	3.5504311701352107e-06	2.3247408241628694e-06	1.2361759081671247e-06	8.12915888427544e-06	2.983538675618697e-06	0.25667440000688657	0.00498788766757382
1.0823181879040287e-06	0.003066302706074755	1695	1.0773507689460055e-06	2.850331251911861e-06	3.1232556965298797e-06	2.157186940018432e-06	1.202566521651298e-05	3.520564896459757e-06	0.25630859995726496	0.00617507063340867
1.0748578398652951e-06	0.0030374134261070954	1696	9.05787738214548e-07	4.948810522108974e-06	4.126078896052683e-06	2.1183434041905257e-06	8.922156539260816e-06	3.7543026075647584e-06	0.25734439998632297	0.00611442850674814
1.051198461884244e-06	0.0024210993480307695	1697	1.0259968197789235e-06	4.2345080860173275e-06	4.041191194901806e-06	1.567487695425347e-06	9.394930214612571e-06	3.142231358231176e-06	0.24875660001998767	0.004880244599927118
1.0604946733315921e-06	0.0021509320309858262	1698	7.931569507411485e-07	3.090628713886599e-06	4.470911733755593e-06	1.3807876433477696e-06	8.078537100510742e-06	2.3791036190516956e-06	0.25297649996355176	0.004334635817799172
1.071169915264097e-06	0.0028445550812112187	1699	7.749604364702112e-07	2.4397342420184416e-06	3.1236593047346537e-06	1.1056275009656492e-06	7.868422739057196e-06	2.3574195033491205e-06	0.25353280000854284	0.005719148168221967
1.0943309384216043e-06	0.002779408896734808	1700	7.568353130022934e-07	1.483560689511825e-06	1.3721100698510944e-06	1.1439901897610386e-06	5.321089674523188e-06	1.6810436486891824e-06	0.25677559996256605	0.005579767218255011
1.0794845761552338e-06	0.002743610237991996	1701	6.650663606337301e-07	1.9661797770137085e-06	2.190639516206307e-06	2.917769928042031e-06	4.985417483384616e-06	1.935636251159425e-06	0.2450620000017807	0.005510961208187286
9.272664523137296e-07	0.0024979224029727247	1702	9.387677927996826e-07	2.4051074905460295e-06	6.623668806276947e-06	5.791012501572459e-06	2.9966071860999726e-06	2.14150446193051e-06	0.2589434999972582	0.005023734118737333
1.0778955733961292e-06	0.002577273895690013	1703	7.269627131788044e-07	2.9183469475995594e-06	1.2111743950538392e-05	8.948239096892028e-06	3.2342459394592623e-06	2.776107162373155e-06	0.24982860003365204	0.005193429581438693
1.0243094933638607e-06	0.0029523476713614336	1704	8.853252919592235e-07	2.189164678659174e-06	1.3726590568789337e-05	9.5995472051675e-06	3.95368754521302e-06	4.993179100631913e-06	0.25002509995829314	0.00595103832274586
1.0930836034819462e-06	0.004122552869604754	1705	8.927850581276596e-07	1.567174212357177e-06	1.365073321047065e-05	1.1680734047356548e-05	3.843615652916412e-06	3.113183042778586e-06	0.24586100003216416	0.008288996930336176
1.06728302383728e-06	0.002542741013467194	1706	6.566348526740373e-07	1.318139450951688e-06	7.609937309454047e-06	7.208172588583961e-06	4.601183099001696e-06	2.5468685154807064e-06	0.25382849999004975	0.005118705580412692
1.0648309788438946e-06	0.003781841310859074	1707	4.947093490961297e-07	1.0197788474208254e-06	2.705607928189232e-06	3.4980870590231966e-06	5.033519648695233e-06	2.1341609550495207e-06	0.2590372000122443	0.007587865828067054
1.0337939035936214e-06	0.0029570916226320516	1708	5.20045084088473e-07	1.0035454714288993e-06	5.721340187247378e-07	2.3906933917840684e-06	6.65081882991678e-06	1.6918787440449777e-06	0.2540934000280686	0.00593742264618524
9.614578128361681e-07	0.002459197831994481	1709	7.686065656629178e-07	1.0849857341703628e-06	9.98380778784983e-07	2.409716926398682e-06	7.882211550419614e-06	1.6929063324805527e-06	0.25425840000389144	0.004944730505385451
9.86104512425582e-07	0.002208968268048081	1710	9.160188934120501e-07	1.2944898441782035e-06	2.6598317608734497e-06	2.2827370645704224e-06	1.0522571722571736e-05	1.6995026507915464e-06	0.25116019998677075	0.004451505971430774
1.0292041740801396e-06	0.0035177686506525233	1711	7.151333078200637e-07	9.123002150612993e-07	4.5532678055686235e-06	2.533494944549898e-06	9.236743080243121e-06	2.423799095863026e-06	0.25450320000527427	0.007069630990278419
9.086903703640071e-07	0.002031404767349109	1712	4.6542651113431264e-07	5.946404861644143e-07	4.501430926749781e-06	1.5556646152880889e-06	8.60448319824981e-06	3.6558261681470795e-06	0.24805480003124103	0.0040962646967110765
9.74088479808518e-07	0.0036944108264851407	1713	1.1624269289434993e-06	1.0844888444432538e-06	1.925427878149713e-06	3.45848245090714e-07	9.600962165229981e-06	5.47898911429219e-06	0.25439539999933913	0.00742544792438557
9.231005337479746e-07	0.003744703418711413	1714	1.5427936136571359e-06	1.5052059778439887e-06	9.90532776331474e-07	3.1357083536889834e-07	7.78040617702284e-06	4.120685428425396e-06	0.2454761000117287	0.007519407324904421
8.410329744825916e-07	0.002766237877668858	1715	1.9852683979934992e-06	1.7779274200782047e-06	9.223210563777885e-07	1.770747934148029e-06	8.987416992814324e-06	4.492456646460153e-06	0.2515959999873303	0.0055675738333738276
9.49334540150824e-07	0.0032913173505207637	1716	1.9426132740617092e-06	2.574209485479028e-06	1.6459026341409454e-06	3.3396357542663902e-06	7.060655088530995e-06	4.400122534184408e-06	0.24910380004439503	0.006616957286515208
8.560613595514727e-07	0.0029070389676891396	1717	2.453931711283398e-06	3.6179218793599526e-06	3.07812141646432e-06	5.855185365807601e-06	5.7264984494794206e-06	5.325563537575963e-06	0.255437100015115	0.005852899342444408
8.715194858612825e-07	0.002712541265113231	1718	3.226183642949504e-06	4.473464927484812e-06	3.740439905871274e-06	4.5798478822577644e-06	4.168695392902788e-06	7.3581278841177645e-06	0.2519719999982044	0.005465899152110789
7.839281366796607e-07	0.0033730626203741986	1719	5.5249715154208015e-06	4.3092423125829e-06	4.902901287027141e-06	4.856098667767253e-06	4.9571610378477755e-06	9.45191986436654e-06	0.25186980003491044	0.006796104472608983
9.324448073913364e-07	0.0034476054092450357	1720	6.268705945248373e-06	4.27568062070768e-06	4.584796943607531e-06	4.634629603476781e-06	5.479874033393387e-06	1.1202663848150068e-05	0.24791859998367727	0.006950204596980981
9.510627657293016e-07	0.0031414879550862645	1721	6.434820123322122e-06	3.3651750056869923e-06	3.653075293322169e-06	3.5500545183147452e-06	8.040758562847682e-06	1.0160751323186199e-05	0.25173320004250854	0.006338284180416702
8.408433797213125e-07	0.003518619957382453	1722	8.42368244044136e-06	2.7669681818880925e-06	2.4105525153707803e-06	2.822051690122572e-06	6.071353065015434e-06	8.363069543681807e-06	0.2482636999920942	0.007084213701569567
9.533087690469899e-07	0.004229384251353816	1723	9.453957093294567e-06	1.5461699320653997e-06	1.276043491458385e-06	2.3714471800389922e-06	6.082200579832771e-06	7.776557825149944e-06	0.25610490003600717	0.008503040254752547
8.874245116508726e-07	0.0025376040766139597	1724	6.279902654170905e-06	1.0240870100608572e-06	1.4630106530807258e-06	2.83718582655063e-06	5.283115859364998e-06	6.3969051396878795e-06	0.25260999996680766	0.00511194723039319
7.916492831571224e-07	0.0025893096625893737	1725	4.593955988329341e-06	9.665438114957127e-07	1.38908728869709e-06	2.9586464009923623e-06	5.19038723571752e-06	3.3003364911893003e-06	0.2582875000080094	0.00520709230468839
8.431921776691736e-07	0.0031976807654476172	1726	3.343139474729239e-06	1.4804031948483249e-06	1.470101194545933e-06	3.2041850223939574e-06	6.244643560766905e-06	2.422915705205146e-06	0.25465279998024926	0.006423880862669035
8.371069423487904e-07	0.003208365552403603	1727	3.2121318440219534e-06	2.062368416950423e-06	9.020491365258162e-07	2.502060556273364e-06	5.923958454954015e-06	2.540816037353204e-06	0.24714849999872968	0.00644401347763029
8.604915533969948e-07	0.002360280475825329	1728	2.095173923119614e-06	1.347465547677223e-06	1.4863900048548278e-06	2.6129798500898077e-06	8.397591196840937e-06	1.8227744235142631e-06	0.2458164999843575	0.004750264675323904
9.315961340543775e-07	0.002952506830958202	1729	2.4585372146836445e-06	2.2207561717180784e-06	1.8303307080765969e-06	2.6040831190361163e-06	5.234814724480847e-06	1.199334382423954e-06	0.25069410004653037	0.005928858859611837
9.643714920825454e-07	0.004096727583266067	1730	1.7568233414235028e-06	1.8243070980496386e-06	3.5384963294167e-06	3.62124493847401e-06	5.301083187070401e-06	1.7078926826886159e-06	0.25359959999332204	0.008220142732963181
9.605577100157945e-07	0.002962661249180191	1731	1.4431722451409956e-06	2.847200053255171e-06	3.409410719734792e-06	2.720000014194408e-06	6.036924502691618e-06	1.828172261639776e-06	0.26475690002553165	0.005953393590341401
9.862255914793043e-07	0.0022526588339950044	1732	7.413518705249704e-07	2.258426781990663e-06	2.239444138964485e-06	1.9717950925859155e-06	4.8117059093189225e-06	2.0304130395449637e-06	0.25066489999881014	0.0045281853749547605
9.975756343262143e-07	0.0030199075164813287	1733	6.302953405326223e-07	2.708490303744574e-06	1.8007895391908707e-06	2.635293825387654e-06	7.690126067895053e-06	2.2263036365902395e-06	0.2509118000161834	0.006069417912649136
1.0061701877187756e-06	0.0031099703386619814	1734	5.340415816717458e-07	3.7965212586178824e-06	1.2905422809999256e-06	2.955532762291558e-06	4.32770809529063e-06	1.5005891583281786e-06	0.241013600025326	0.006242186250090218
1.004052794251669e-06	0.003533605365873464	1735	6.190472723218902e-07	2.2522985158607585e-06	1.304874175805269e-06	3.5993560095972584e-06	5.502566763141077e-06	1.5515082880954524e-06	0.2589754000073299	0.0070911025634114895
1.0680890861660913e-06	0.0025013072539381617	1736	7.4343657956126e-07	2.9380339103016624e-06	2.201508159122837e-06	2.7805068326528008e-06	5.6278483673265595e-06	2.01327538404018e-06	0.25105750001966953	0.005028696419033027
1.0520706411765231e-06	0.0035008911977056855	1737	7.073917305049294e-07	2.2835584037642783e-06	1.972512155093601e-06	3.0721393109319373e-06	6.160485148665985e-06	1.5116006152550154e-06	0.24820859997998923	0.007027266309821861
9.995181303800648e-07	0.002465129515416727	1738	5.802729321259541e-07	2.6423757684592647e-06	1.967486768145826e-06	2.2611952697711813e-06	4.663470095848271e-06	1.4564505465813233e-06	0.24666659999638796	0.004951949239117575
1.0210563680423453e-06	0.003490110187829524	1739	6.017415471023823e-07	2.2129552191902602e-06	1.9912011244325284e-06	2.280062668035728e-06	7.360610254209029e-06	2.31749766716667e-06	0.23620240000309423	0.007008704664796645
9.085383560142342e-07	0.0040203107426244455	1740	8.583853546305234e-07	2.726637583645965e-06	2.029382999627738e-06	1.837451639431902e-06	8.06108753339967e-06	1.9070343753638964e-06	0.26140130002750084	0.008069826663355782
9.965688373600998e-07	0.003176918250874259	1741	9.34538072644241e-07	2.010219838243936e-06	1.2982327285735612e-06	1.1357078108982047e-06	5.904720245298621e-06	2.674430446018764e-06	0.25367550004739314	0.006378366639256232
9.152475148235946e-07	0.0030343267153276317	1742	1.1370030024512945e-06	2.689628676552107e-06	1.115616073770861e-06	1.0414214061286074e-06	7.211132317124923e-06	2.5861212625356034e-06	0.2459692000411451	0.006096062102003134
1.0033499904684474e-06	0.0030874214796172577	1743	8.461786014263674e-07	3.2036671498826614e-06	2.6636313318588677e-06	2.876825495360845e-06	7.86365443718163e-06	2.4593065749759846e-06	0.24379989999579266	0.006207085883818296
9.542229510795485e-07	0.0027438812524953208	1744	7.023909907969976e-07	3.375262887562019e-06	5.176283691265238e-06	5.4240511965824375e-06	4.27315727357357e-06	3.323973790209777e-06	0.23457840003538877	0.005519543201786574
1.0163917712410038e-06	0.0032862183576820624	1745	8.54349131776822e-07	1.6461532189366314e-06	4.5586501574956934e-06	5.9481332404468575e-06	3.3240475730574656e-06	2.666951690768482e-06	0.2567846000310965	0.006599458783182915
1.0643454001902803e-06	0.0035526621200938557	1746	8.53610548111407e-07	1.4728310449124434e-06	4.626718074259612e-06	6.752270982422173e-06	5.112676672382617e-06	2.908107680376132e-06	0.25287299999035895	0.007137199930343315
1.0978968820468573e-06	0.003015461945433512	1747	6.160880667328808e-07	1.292900944614746e-06	3.201446026684824e-06	5.934882329790762e-06	4.730015683506301e-06	2.6158911333861536e-06	0.2577224000124261	0.006058856815632726
9.92701042989942e-07	0.0027656670355158263	1748	1.1715050838409729e-06	1.1643474084815414e-06	2.0074843168750732e-06	4.448621142846722e-06	4.779609768424319e-06	2.3968216983598503e-06	0.23531610000645742	0.005556464294003245
9.525865814399385e-07	0.00337073700186344	1749	9.056275849502582e-07	9.681137993102682e-07	1.0964532224597643e-06	2.064489265611368e-06	6.176564454433649e-06	2.1603293212802835e-06	0.2415725999744609	0.0067650876483135195
9.447681557254524e-07	0.003346123387013484	1750	8.243189564349331e-07	7.715283228445807e-07	1.1880995348390752e-06	9.308102326933431e-07	7.950590488503895e-06	2.3347973296814342e-06	0.25816949998261407	0.006718421843021603
8.737065547267856e-07	0.0033711230412743877	1751	1.0656508668280997e-06	9.627608954127882e-07	2.2187121935195528e-06	5.669046970596644e-07	8.17643246844903e-06	1.7565416929700154e-06	0.2573776999488473	0.006768673472633888
9.246274542494147e-07	0.0033253113916065836	1752	9.126159720775702e-07	7.681463180586837e-07	2.839732900935348e-06	8.104375926113963e-07	8.259322157354497e-06	1.9830613429114696e-06	0.2456889000022784	0.00667828773790588
9.647742282667243e-07	0.003593158309219962	1753	1.0098210912680578e-06	7.416918192724875e-07	2.8032230507420022e-06	1.314518632142357e-06	8.680451265207514e-06	3.058648914619733e-06	0.24147190002258867	0.007217593621849537
1.064171041127162e-06	0.003532654946013949	1754	1.3714465886805411e-06	1.0831641610711016e-06	1.8696148338156637e-06	1.3201366417053588e-06	5.974985547468826e-06	3.2487813553629514e-06	0.24508939997758716	0.007091530130141089
9.209201748919746e-07	0.0030365160911900385	1755	1.6460617119776843e-06	1.3451340124311637e-06	1.506232621263129e-06	2.123998685200498e-06	5.54758372655277e-06	3.0351529754258623e-06	0.2522068999824114	0.006098660923164691
9.390998514429229e-07	0.003083276760001554	1756	1.749219209735728e-06	1.7529846687680017e-06	1.6703911474883648e-06	2.3691389096294665e-06	3.969535076397172e-06	3.7977352966966865e-06	0.26351750001776963	0.006191507994387803
8.722226559421341e-07	0.003955525157223505	1757	1.8044501652115319e-06	1.6507670500398288e-06	2.250289803833731e-06	2.877600182631082e-06	3.858142172236042e-06	3.578192296543832e-06	0.2598335000220686	0.007936250535898172
8.687989640867153e-07	0.003941208667461277	1758	1.5719744244767564e-06	1.9509994245242864e-06	2.185443138754391e-06	3.3764465165207365e-06	3.3775496217718424e-06	2.7501952976517365e-06	0.24702850001631305	0.00790549528619385
9.449334893513162e-07	0.0036876645644833782	1759	2.0949799186662973e-06	2.0690385947060782e-06	2.673473964829303e-06	3.6438427546301227e-06	3.883271499884787e-06	3.2670405732990233e-06	0.24468010000418872	0.007402000955324658
9.690146790198972e-07	0.003337067573499529	1760	5.877162636922575e-07	1.6497494335885574e-06	2.3923776567222214e-06	3.0985733225545557e-06	5.562558191356596e-06	2.729727307054595e-06	0.2446195000084117	0.006700386164030477
9.015450369378127e-07	0.00320253611316933	1761	1.4733761967539972e-06	1.685463403337902e-06	1.8194156607452547e-06	2.9168121516711435e-06	5.316913539202656e-06	2.3734800813892543e-06	0.24266139999963343	0.006430151171066228
9.062231408281949e-07	0.0025938751274557953	1762	9.630933158904901e-07	1.165431163352875e-06	1.7090596765111079e-06	3.099285313901555e-06	4.371236028576993e-06	1.791796467127335e-06	0.24236689996905625	0.0052088256356543116
8.877115932124493e-07	0.0028240858117929337	1763	3.0878978834780177e-06	2.2251267978293687e-06	1.3242908338543476e-06	3.05491164959451e-06	4.3327312741086944e-06	1.7722026149118415e-06	0.24182400002609938	0.005671849141715089
9.165732673800083e-07	0.002885422253701048	1764	1.7684913081047396e-06	1.3020701174840864e-06	2.245137503967647e-06	4.241496541304627e-06	2.646422784276566e-06	1.6439846899313971e-06	0.23722349997842684	0.005790815664356133
9.330991480688199e-07	0.00334474711690547	1765	1.4723026515676875e-06	1.261703658547257e-06	3.0084126563738105e-06	5.2260956999799786e-06	4.513396965791825e-06	2.3760989228293085e-06	0.2561489999643527	0.006716107938550789
9.500275787553865e-07	0.0040031667520884365	1766	1.470202436728608e-06	1.6461382696057273e-06	4.9515370200531945e-06	7.0230762000146535e-06	3.633237831858383e-06	3.769800119012965e-06	0.23823860002448782	0.008038130589162529
1.002158477405675e-06	0.0024804294438612283	1767	6.690269368390846e-07	1.1682721183275434e-06	5.259935245963745e-06	6.4300718663846655e-06	5.453374164831912e-06	5.659259192738105e-06	0.24682429997483268	0.004998615777559922
1.122302087159492e-06	0.0034603281565338726	1768	6.794176961652383e-07	2.241049551967525e-06	4.287822241321413e-06	4.298783184967579e-06	6.369708104121708e-06	5.9168354962103884e-06	0.2407795999897644	0.006958981077117149
1.035866962342717e-06	0.003622981388848669	1769	1.140912011947114e-06	5.240872205549427e-06	2.3502881929343435e-06	1.7885697730530358e-06	7.062123302239174e-06	3.7562987816740414e-06	0.24517969996668398	0.0072801919979733325
1.0562772318520923e-06	0.002197300133055269	1770	6.983944570083915e-07	2.454039334610553e-06	1.7235192799255176e-06	9.701293656302414e-07	6.011872610450852e-06	3.308117527395584e-06	0.23878750001313165	0.00442119888328711
1.2086073337988596e-06	0.002865126948070581	1771	8.90348425726818e-07	2.3718661989849537e-06	1.8998059802934818e-06	8.995403231120818e-07	6.676726872048706e-06	4.9598990739846445e-06	0.2410096999956295	0.005762005923628944
1.1446392667496504e-06	0.0032537998807839388	1772	9.266924450011105e-07	1.7477901368644387e-06	1.7011784479797518e-06	8.812454243662336e-07	5.28137923649057e-06	4.564454994418842e-06	0.24323779996484518	0.006534837615017408
1.3266695016684625e-06	0.002761494475542448	1773	1.178023980327452e-06	1.7225922558624752e-06	1.8640190093994994e-06	1.0841913428982827e-06	4.219505190919518e-06	2.842297692117563e-06	0.2395562000456266	0.005545614722442795
1.2711665124431885e-06	0.0027649029328712478	1774	1.0893026692155984e-06	2.471700966427062e-06	1.6019653326562037e-06	1.5222179255139765e-06	4.688363390159965e-06	3.0826946515262585e-06	0.24214769998798147	0.005554575501744568
1.1290492983912507e-06	0.0034596955577053294	1775	1.3614661016325237e-06	1.3945869091740799e-06	1.564240630839955e-06	1.0570839627249796e-06	6.237111160067716e-06	3.838329483235448e-06	0.24302199995145202	0.006947177472898419
1.0753033174502024e-06	0.0032057299794467243	1776	1.333587272074982e-06	5.156373973772276e-07	1.2524455739712445e-06	9.387265065029055e-07	4.920390517731556e-06	2.920659574580004e-06	0.24270699999760836	0.006433333062462899
1.1551427109340532e-06	0.002948703305688245	1777	1.4323515154785059e-06	1.5594263700899756e-06	1.096811355452596e-06	8.973507623703363e-07	5.415280101699755e-06	2.4730831572410612e-06	0.24489550001453608	0.005920479563319631
1.1425898443242327e-06	0.0034240408837361127	1778	2.0938709329754046e-06	1.5594896979383516e-06	1.4782854549265798e-06	9.288174309528104e-07	7.677244069359146e-06	2.642945228357884e-06	0.2414357999805361	0.0068770677892731015
1.0926185595672012e-06	0.003271447685511287	1779	1.907448751865453e-06	1.9060459315507539e-06	2.6093640816135966e-06	1.1902395737451293e-06	6.4227005888430565e-06	2.260885309209046e-06	0.24752710002940148	0.006570060878276588
1.0920992372093967e-06	0.0020664021793575273	1780	2.1618530734751956e-06	1.8794022285510311e-06	1.961634540734021e-06	1.6101001893676854e-06	5.033352301275386e-06	1.3728755331938478e-06	0.24153360002674162	0.004155414002890538
1.253950891609815e-06	0.0035510808754084158	1781	2.038245385431859e-06	2.9503707873045056e-06	2.173492606407845e-06	1.6963188719210544e-06	5.784027733745634e-06	1.826204890419071e-06	0.24218129995279014	0.007128748545499446
1.0363135809181188e-06	0.0027578560969467227	1782	1.5147050150840508e-06	2.341430460321622e-06	1.9488719043980223e-06	1.8633731951816696e-06	3.5873852798932647e-06	1.30624441400243e-06	0.24360500002512708	0.005535240461018058
1.1296622948140492e-06	0.002621613034223962	1783	1.1264899241965845e-06	2.071496306240984e-06	1.416954547984484e-06	1.7633668745875607e-06	4.267295831269412e-06	1.2618453215643682e-06	0.24741199996788055	0.005262921982996229
1.0547558322507496e-06	0.003361079487664102	1784	8.217008245543655e-07	2.3064542885717566e-06	2.510489732806867e-06	2.7076800808090703e-06	4.66045393190814e-06	1.9816221123851022e-06	0.24406710005132481	0.006745898964008034
1.1020907477739319e-06	0.003221793960601981	1785	5.586252563231229e-07	2.102772524225465e-06	3.5954346784717797e-06	3.4208420029106096e-06	3.6382453636625065e-06	1.9178244200954235e-06	0.2457499000011012	0.006466581916728956
1.025554973286413e-06	0.0026410781360197764	1786	5.339128264770672e-07	2.0367677561780294e-06	3.437218374891613e-06	2.7491242989374265e-06	4.061684415161306e-06	1.6953139376208706e-06	0.2488761999993585	0.005304478401948174
9.733682989542375e-07	0.0029215501711266035	1787	4.877346694066997e-07	2.402008108879678e-06	3.5704826003329093e-06	2.9948515967138113e-06	3.2291418154319257e-06	2.388303545463777e-06	0.2390307000023313	0.005865737046548241
9.9378895532937e-07	0.002482593879033857	1788	1.1531499029514651e-06	2.2072934978905794e-06	2.5239205992750794e-06	1.8424039867230724e-06	5.680939511376851e-06	2.1992465184218046e-06	0.2421055000158958	0.00499066247602481
1.0279649763849493e-06	0.0032140127167367347	1789	1.4656779601933644e-06	1.6661612776823236e-06	1.633335541672387e-06	1.387714662207193e-06	6.608700598224761e-06	2.861033967176025e-06	0.23790870001539588	0.006455173721998797
9.927947855317407e-07	0.00328666599177245	1790	1.4647276925110423e-06	1.1184308029079997e-06	1.1018555070735983e-06	1.3332516620082617e-06	9.624558855693813e-06	3.1980330378884537e-06	0.24932100001024082	0.006605981022567628
9.506161188529824e-07	0.00308274104280448	1791	1.4573326000342768e-06	8.423844935803393e-07	8.90381106675625e-07	9.23929299374263e-07	7.112513485105895e-06	2.112870508867925e-06	0.245920599962119	0.0061899481133342775
9.075040461839217e-07	0.0033268521182999436	1792	1.4071821498549474e-06	1.0745899959317317e-06	1.0696455830625356e-06	8.891094963240244e-07	6.7167064783333265e-06	1.9255669766657208e-06	0.24039389996323735	0.006677244318827426
9.567722056015562e-07	0.003352635344736568	1793	6.238157513189599e-07	5.974450913033313e-07	7.441734593026307e-07	4.820961354950951e-07	5.627851532968143e-06	1.437262579343112e-06	0.24094990000594407	0.006723761992546383
1.0585298412181837e-06	0.0031473672100022975	1794	8.748857100171619e-07	1.6864665759174911e-06	9.273098545895673e-07	2.853107296919909e-07	4.48930417293809e-06	1.2149927629212322e-06	0.2428084999555722	0.006312034046428966
1.0153794648076037e-06	0.0029064553004270275	1795	6.79805498578265e-07	1.8527440313260761e-06	1.2639749732888764e-06	3.7352549123046394e-07	6.270979494776404e-06	1.1257091303887042e-06	0.2464198000379838	0.005833904787028425
1.037486286805642e-06	0.0037668278261412573	1796	4.7125366695077193e-07	1.4892143877962566e-06	1.2376036327093883e-06	7.205591762594292e-07	7.410621399397827e-06	2.2533105086630825e-06	0.2355667999945581	0.007558977119535964
9.77937303245689e-07	0.0027626816680617547	1797	6.643257719003525e-07	2.2474179015010313e-06	2.1425319656898715e-06	2.003010018322779e-06	4.540355298484041e-06	2.6620589838199714e-06	0.24489879998145625	0.005548781324952023
9.415889017047798e-07	0.0031717694459027293	1798	6.298050135297963e-07	1.8900134486625144e-06	2.479301276953532e-06	2.896011056863287e-06	3.1016087925119304e-06	1.3457217257435082e-06	0.24749069998506457	0.006362211861441388
9.637346518834837e-07	0.003165064422323856	1799	7.175492119788165e-07	1.7668532984053004e-06	3.0634731979575297e-06	4.014251948173896e-06	3.742117148473612e-06	1.4675708706956395e-06	0.2456258999882266	0.006352037817646333
9.987870165193074e-07	0.0026196535876783725	1800	8.454150795262463e-07	2.059631443077694e-06	2.987064547216605e-06	4.850129444224996e-06	4.579495787597123e-06	2.0123683269574273e-06	0.2505108999903314	0.005265230718132938
1.053675661882985e-06	0.00327323628666265	1801	1.032314509002185e-06	2.7675799576695186e-06	3.4541835485813525e-06	3.830736545530019e-06	3.556819169710419e-06	2.0362858659879116e-06	0.242594699957408	0.006570850949281245
1.052068845554265e-06	0.0036402409509051574	1802	7.992919206593798e-07	2.267517942774186e-06	3.84063923560769e-06	5.346243146810799e-06	6.212983945856607e-06	1.67901631686252e-06	0.22473949997220188	0.007310623732272714
8.998956704253285e-07	0.0028045102225621125	1803	5.660879180169519e-07	1.399326282664448e-06	2.451774436402651e-06	5.49381443948289e-06	6.5124570257000145e-06	2.233457598162939e-06	0.2469546000356786	0.005638223068789368
9.515373175940648e-07	0.0032957999424009458	1804	4.866804307083592e-07	1.5104069389074776e-06	2.3831572792679975e-06	2.620991575412409e-06	4.279438400213238e-06	1.7309178376714998e-06	0.22695639997255057	0.006612524908137145
9.96999945080758e-07	0.00288547312574296	1805	4.182105295725478e-07	1.5775993039316431e-06	1.8597513950990096e-06	2.625136461817656e-06	3.7847673553040836e-06	1.0690361728558444e-06	0.24327240005368367	0.005789128556122822
9.248671894689585e-07	0.003070959807323321	1806	7.222899896944161e-07	1.4823241620359302e-06	3.690058676083146e-06	2.6782193680886416e-06	2.167074335560076e-06	1.8457422263514558e-06	0.23982419999083504	0.0061603678743453036
9.088255300986049e-07	0.0028528946061890607	1807	1.2599718232818656e-06	2.0808181142215693e-06	5.901174724768784e-06	4.376472228669568e-06	5.072926707612096e-06	2.5509704080703817e-06	0.24760900001274422	0.005736473094560625
9.509187761240037e-07	0.0024308665693136755	1808	1.3447960408645511e-06	1.6942868110520598e-06	7.431948282746416e-06	5.363316131131572e-06	2.719987685355379e-06	3.371617704021551e-06	0.24178159999428317	0.004891652534224147
9.62548011201969e-07	0.002676154311836273	1809	1.4572311557438155e-06	1.4220529983163557e-06	6.218917393173657e-06	5.504457048305432e-06	4.7049781494493485e-06	3.876127980040227e-06	0.23634210001910105	0.00538599859054947
8.721977813931086e-07	0.0022766567292107605	1810	1.4496506400794379e-06	9.976811861943322e-07	4.3695710100067425e-06	5.898654227998531e-06	3.6589206083852916e-06	3.7952485583696887e-06	0.24368620000313967	0.004582681749382096
1.0906211795486265e-06	0.003635221509085293	1811	1.156943812974637e-06	7.257540395715826e-07	2.3594642963567445e-06	3.966302888773592e-06	5.376677660388221e-06	2.586359619218575e-06	0.24208870000438765	0.007296758800126576
1.0478662516460128e-06	0.0033100822520280467	1812	9.608568342998519e-07	1.2189605158880924e-06	8.037343280632807e-07	3.0595288038798077e-06	8.095279036647376e-06	2.7827423398913446e-06	0.24463199998717755	0.006650059359794594
9.491243490962066e-07	0.0025071181310319483	1813	7.358218856142406e-07	1.073154873002172e-06	7.798269128711719e-07	2.6629164019851498e-06	7.764985354276258e-06	1.6686937608000404e-06	0.2432863999856636	0.005040253589065714
1.0653049324408253e-06	0.003176373612594382	1814	7.346414337782975e-07	1.4621066965576192e-06	9.762908915542399e-07	1.499075321110367e-06	7.62658743862316e-06	1.5700421246800446e-06	0.24771859997417778	0.006377943208523252
1.0029363541770541e-06	0.0026755423447219363	1815	6.31984681831069e-07	1.5705084321165629e-06	1.195432857274623e-06	4.977284038055491e-07	7.527311461532808e-06	1.4944258085511e-06	0.24847869999939576	0.005375029691067423
1.0525572623973193e-06	0.002698049521523563	1816	3.9117436287987995e-07	6.164878016737904e-07	1.1958033536662018e-06	2.6262543516127473e-07	6.295156913286693e-06	1.0592908610278654e-06	0.24614020000444725	0.005415379144073932
9.910309045515385e-07	0.0021922969754931965	1817	4.7641775736712223e-07	1.2374045425509237e-06	1.3137582178891573e-06	5.415077098873516e-07	5.160444231237346e-06	1.3764597541136568e-06	0.24178109999047592	0.004403218908993892
9.408215918639517e-07	0.0022959131037079464	1818	5.50721470997084e-07	1.2621249899695593e-06	1.4281867985945743e-06	1.2122350740127084e-06	5.494195436431239e-06	1.660278399057077e-06	0.23687349999090657	0.004612470066604172
1.0513192751672898e-06	0.003479118656331233	1819	7.848893942340533e-07	1.8517984059693926e-06	2.582647984056541e-06	2.572283669518468e-06	4.125364030975318e-06	1.9395794252901306e-06	0.24042909999843687	0.00698026145757911
1.0179711681631915e-06	0.0033528643900217515	1820	8.968252739500278e-07	1.2349064438005266e-06	2.0425931429856385e-06	3.1409136207952883e-06	3.957463436343652e-06	1.383824777301812e-06	0.2534978000330739	0.006725762537288652
1.0869073855941662e-06	0.003213399447082691	1821	9.922248056901289e-07	1.1899830505111935e-06	2.3226355963463822e-06	3.6575124934750856e-06	4.182725030264758e-06	1.2158089218700427e-06	0.24873260001186281	0.006447932132786863
9.760045986084026e-07	0.0030985292833174676	1822	7.165803994375297e-07	1.1212510630950437e-06	2.2256008471238385e-06	5.194689784646832e-06	5.3527429692941745e-06	1.5837113620533314e-06	0.23740029998589307	0.006222141606589151
1.051386835289507e-06	0.003259411332719937	1823	6.331766580476737e-07	1.6050934546043545e-06	1.5666744464853067e-06	2.8118909908373393e-06	5.034738624920934e-06	1.5171430172155099e-06	0.23765930003719404	0.006540646037944701
9.344436881371905e-07	0.0028478138079203125	1824	4.18291546918252e-07	1.5010914019490042e-06	1.6725865647515103e-06	2.109060503990558e-06	6.24365141375023e-06	2.0344144091009536e-06	0.2461833999841474	0.005719753664880211
9.88577218547041e-07	0.002659050910437836	1825	5.611830337236005e-07	1.456610126828274e-06	2.417504472990111e-06	2.167138175309321e-06	3.3019789675612647e-06	1.6157101715998859e-06	0.24725980003131554	0.00533651678939994
1.0212291287445075e-06	0.003408530637197155	1826	5.428191635860465e-07	1.3241871089587394e-06	2.8729888263975754e-06	2.345462589106139e-06	3.804071209595876e-06	1.51537869955919e-06	0.24197760003153235	0.006836828090158159
1.0314328971841047e-06	0.00307592023564888	1827	3.234399036457722e-07	8.647644822596361e-07	1.9985273006364876e-06	2.0698220974332235e-06	3.524058162817123e-06	1.3371715288505244e-06	0.24585230002412573	0.006168882350259438
9.039564025764567e-07	0.003002126966735402	1828	4.758880697354923e-07	8.957557019194942e-07	1.0852895579140518e-06	1.0785626520086886e-06	4.7177985364892544e-06	1.4403056008809507e-06	0.24228890001541004	0.0060219135505322745
9.426219004888615e-07	0.003505965996695711	1829	4.266445860384505e-07	8.235855108654927e-07	9.266103716734704e-07	3.224385997683866e-07	5.305538616764729e-06	1.315208903498504e-06	0.2467925000237301	0.0070295580113012715
9.740711272856806e-07	0.0030463695774631257	1830	3.102949198491248e-07	7.918144601941738e-07	2.9323872732768235e-06	6.82006772995984e-07	8.639799316323973e-06	1.3899639233080188e-06	0.2432153999689035	0.006119463327086403
9.560040500379031e-07	0.003014783964278565	1831	4.0455801552377486e-07	1.3176093154316852e-06	4.217564630608137e-06	1.5927252753978862e-06	1.1246093673240358e-05	1.6903409916443025e-06	0.24718130001565441	0.0060648852632239365
9.458119219708404e-07	0.0031829415199339847	1832	4.0120453139401955e-07	1.3697029721181661e-06	3.2526835168250623e-06	1.104337917874476e-06	8.246573184655149e-06	1.5240199089348596e-06	0.24833139998372644	0.006393443778837302
9.987914251764e-07	0.003099969716646081	1833	1.9442939130824753e-07	4.103406352534259e-07	1.5954662755758858e-06	7.113825307977969e-07	6.628864839979038e-06	1.33953591712231e-06	0.24408500001300126	0.006220785436489655
9.746450687597775e-07	0.003122758968675534	1834	2.2042653804030965e-07	4.846849072088821e-07	1.1037041541617354e-06	9.432622430593563e-07	3.542195591320482e-06	1.5493221279880237e-06	0.24449820001609623	0.006260402340769675
9.915235540870066e-07	0.0030123233726701646	1835	8.329656928073782e-07	1.7589364896988597e-06	3.3392906489859297e-06	2.7369568200239006e-06	3.351417524146187e-06	1.7674499596346001e-06	0.25108299998100847	0.00604553567706758
9.566352704794284e-07	0.0035022301924658803	1836	5.601809373394285e-07	1.5004206002742666e-06	7.345391230179518e-06	5.286735942439827e-06	2.880688022247919e-06	1.7414658238138407e-06	0.2433001000317745	0.007030310691875076
9.9260558632628e-07	0.003405358233865877	1837	9.038168327192895e-07	1.5552790672066419e-06	1.157458465424992e-05	8.978117554031618e-06	2.927843463404249e-06	3.2997374639004367e-06	0.24291919998358935	0.006848168638867224
8.938007551097207e-07	0.002059195044956214	1838	7.812065682305763e-07	1.615459135487313e-06	1.3431096351762613e-05	9.96996799401304e-06	3.462302254448891e-06	4.665087184025432e-06	0.24204069998813793	0.004162230200349089
1.0837994268816278e-06	0.0033982941161047947	1839	5.888308173109037e-07	1.192627550078548e-06	1.4143936275038744e-05	9.738091694448255e-06	5.184996110700863e-06	4.868716625576318e-06	0.252107199979946	0.006844526742872783
1.1075961027087233e-06	0.003376183487787743	1840	5.338236554386811e-07	1.5160578403610289e-06	9.457352511725237e-06	1.0509567321178873e-05	4.303131957653203e-06	4.954779763910602e-06	0.2507124000112526	0.006795114792552736
1.0948154807239291e-06	0.0036549159384902967	1841	3.567804521580882e-07	1.2102248996748837e-06	3.179458272705145e-06	4.054583386272172e-06	5.999589334979822e-06	4.7088926080791665e-06	0.24323399999411777	0.00734223951883897
1.1336906338070336e-06	0.0029474276267328395	1842	7.022852218393947e-07	2.9905131360938227e-06	5.712688554746515e-07	1.4888484125178945e-06	5.480111828506323e-06	4.164057205626256e-06	0.2423496000119485	0.005922163888427484
9.708928193948529e-07	0.0028125251759321896	1843	8.68617055475415e-07	4.279564640750931e-06	2.135339181917445e-06	9.502169660042662e-07	6.546109407422468e-06	2.500078239973519e-06	0.23863550001988187	0.0056533182506421096
9.555264632080876e-07	0.002732567023729798	1844	9.80775722661388e-07	3.900294848642455e-06	5.311820953277296e-06	1.792704365021822e-06	1.0166491146721608e-05	2.8370023740234726e-06	0.2474240999436006	0.005505037683317106
9.604043215125513e-07	0.0033340057775120063	1845	1.0164452283523135e-06	2.8582526134202124e-06	6.2138649440047085e-06	2.060627770805759e-06	8.612420491348577e-06	3.7421594194518656e-06	0.2448183000087738	0.006706790714045222
1.1017924684438982e-06	0.0027527824005647806	1846	1.0221666483658584e-06	3.3247978184935676e-06	5.279589551947822e-06	2.128569880913177e-06	6.800181011243521e-06	1.5604819330737943e-06	0.24713179998798296	0.005536244835854804
1.040799661811533e-06	0.003227176591309438	1847	1.2357506690825662e-06	1.8016406551167006e-06	2.302295750104216e-06	8.585496845006682e-07	5.657316446738156e-06	1.6252509837556661e-06	0.24653020000550896	0.006477198153562291
1.0955668117581901e-06	0.003209780994184389	1848	1.390205660009314e-06	9.118739594393463e-07	1.5125839006717284e-06	1.496104288143808e-06	4.542765064591279e-06	1.6945726258030562e-06	0.2444029999896884	0.006439538565181348
1.0334074563745657e-06	0.002895671103909061	1849	1.3220449248460323e-06	1.4606248641253446e-06	2.77771292376534e-06	2.7489952593794887e-06	3.778974560705137e-06	2.6429049152481695e-06	0.24999199999729171	0.005814562159654894
1.0804122681969088e-06	0.0037943106366982674	1850	1.3418539080497423e-06	1.8093058234736784e-06	6.18824771200216e-06	5.677821512033076e-06	3.7366050969361635e-06	3.0380680890754774e-06	0.24806559999706224	0.007619348673260511
1.0228121771458457e-06	0.002251533591293613	1851	1.3857909044776048e-06	1.3405239961406044e-06	8.214759745848945e-06	7.058511706688273e-06	3.25458766964175e-06	3.2017168025128907e-06	0.24379550002049655	0.004536025002238982
1.0983041622477576e-06	0.002478613368580715	1852	1.4055623525189715e-06	1.8844513434434011e-06	8.731752405822842e-06	6.659873987852241e-06	2.2421415151159614e-06	3.9768181779784585e-06	0.2443335999851115	0.004990542904961753
1.2258540691836453e-06	0.003215495574929021	1853	1.6293228628722817e-06	1.4702958265237489e-06	6.8409800378239595e-06	5.531452858363971e-06	3.4219868423924697e-06	4.388110252369611e-06	0.2396039999439381	0.006464535103771517
1.0782962206090224e-06	0.003344703306029668	1854	1.0213283654524792e-06	1.0250053699927468e-06	3.2309141264978475e-06	3.6781794224254357e-06	3.7107098083225416e-06	3.932089507862725e-06	0.2419093999778852	0.006715804230417293
1.034458366200053e-06	0.002935854994218069	1855	1.1365548324812353e-06	1.7427520345156245e-06	1.1262558142174729e-06	2.038717864948104e-06	4.04431570932044e-06	3.4880930192329475e-06	0.25280950003070757	0.0058948880031718075
1.1561224599779744e-06	0.002727476398400184	1856	1.411549355643792e-06	1.7082532943657048e-06	1.2349380343879309e-06	8.371901109139296e-07	5.420875613007137e-06	1.8929062898574357e-06	0.2451963999774307	0.005477084536321363
1.0490214017583468e-06	0.0023793050728972524	1857	1.0509818730292508e-06	2.1325659487678835e-06	3.7756137975093525e-06	1.223417681440484e-06	7.269484059553045e-06	1.8165960184046355e-06	0.24980069999583066	0.004787062928054684
1.0043631834839354e-06	0.0030741755470718984	1858	1.1300225439518354e-06	1.2775683172302536e-06	4.685154858978754e-06	1.281829413288817e-06	9.863404238722916e-06	2.1699088979116723e-06	0.2560743999783881	0.006182801021917484
1.071412202778375e-06	0.002093511658271768	1859	8.667522749352834e-07	1.434318238217908e-06	4.984853902348816e-06	1.4486256621540394e-06	8.710538112439734e-06	1.6474347593096834e-06	0.24596500000916421	0.004218616636770247
1.0706144672407886e-06	0.0035022605921041254	1860	7.601262263588093e-07	1.6382615961081363e-06	2.6239384688227745e-06	7.253129872844875e-07	1.0453056208888575e-05	1.7873979266697258e-06	0.24882789998082444	0.007036890960692422
1.0442610307621007e-06	0.003357401962199547	1861	7.207355565589108e-07	1.929705362406591e-06	1.2960228040497514e-06	7.25456142820629e-07	5.085016786483695e-06	1.1168477298451998e-06	0.24148229998536408	0.006733968095359112
1.0358781942303366e-06	0.003127548822271191	1862	6.638737393783735e-07	1.002572293257077e-06	1.6604334194164954e-06	1.6374424590279804e-06	4.3433674142423145e-06	9.5824384141913e-07	0.24756690004142	0.0062727369453532454
9.65856152784979e-07	0.002796897457162218	1863	6.210749319515898e-07	1.239852351185364e-06	3.302441715178112e-06	3.345669816544541e-06	3.8468509372989905e-06	1.700678914906092e-06	0.2403397000161931	0.005615330725149276
9.991701253952083e-07	0.0030192949343805747	1864	5.755903479178825e-07	1.2953630980274226e-06	3.670492384755723e-06	3.3282913892167413e-06	4.1583985472401895e-06	2.0640275574695383e-06	0.24766930000623688	0.006061902798441278
1.011045252248007e-06	0.0026987619411674157	1865	6.833950768376612e-07	1.3489609908183552e-06	6.336034769263539e-06	5.39510866133371e-06	4.288884184851263e-06	2.1386865829299035e-06	0.248143800010439	0.005426164613873144
9.892148617509123e-07	0.0034520906385433663	1866	6.740811922659887e-07	1.5937318562177491e-06	6.08356408765608e-06	5.918448807644299e-06	4.273747370978138e-06	3.0479006089339603e-06	0.2405107999802567	0.006935072828713843
1.0689753956930174e-06	0.0030091625235949314	1867	1.1319463842943167e-06	8.367434315417247e-07	3.1439295356862303e-06	3.6486506533517753e-06	4.330991377649846e-06	3.2794208421148046e-06	0.23765590001130477	0.006044445092425652
1.0508655943337978e-06	0.0031804100440418924	1868	1.4668759155512042e-06	2.380252796882661e-06	1.7064075255245895e-06	1.7104912647725254e-06	5.7427421257291915e-06	3.5036619463063505e-06	0.2432243000366725	0.006388678654919254
1.0702114239870043e-06	0.004437292401500141	1869	1.6650323333212487e-06	2.9473908245815225e-06	2.8586279003621786e-06	1.4643714346495898e-06	5.211618016208687e-06	1.990461708258523e-06	0.23655109998071566	0.008900064807790105
1.0630321068071322e-06	0.002633773709356602	1870	1.8843412718264225e-06	2.482143669223224e-06	5.729989788744952e-06	2.544273099156348e-06	6.689575074347101e-06	2.1911743025938913e-06	0.24360399995930493	0.00530007572950965
9.794212365203466e-07	0.0035201850710068427	1871	1.6843478708725235e-06	3.3296196255571645e-06	6.965489268144264e-06	3.0059796755651478e-06	8.921154723703484e-06	2.200095218352809e-06	0.23617789999116212	0.0070795569208109786
9.59862490146004e-07	0.002689248165689189	1872	1.0189698008111374e-06	1.9042377267236086e-06	7.5433749206118535e-06	2.630238441868805e-06	7.290188627469314e-06	1.4276154634532405e-06	0.2461596999783069	0.0054109484854305305
9.682798940899386e-07	0.0026875004738149263	1873	7.173368132834519e-07	6.972254197258204e-07	5.69506435013823e-06	3.1421242674962673e-06	7.275688627627658e-06	2.3093067419995483e-06	0.2419205000041984	0.005406359249007931
9.334080890156044e-07	0.0027423495797290797	1874	3.378426747326086e-07	1.086614267465369e-06	2.1565459038971584e-06	2.6772715080515743e-06	7.815913161750013e-06	1.79209693110871e-06	0.2414942000177689	0.005512040270176055
9.288590462578146e-07	0.0029151264874825826	1875	5.213364934324513e-07	1.189908626241468e-06	1.0814674088438037e-06	2.117516002291241e-06	6.267030699157747e-06	2.109443414831746e-06	0.2504470000276342	0.00585377386981647
8.810695294948956e-07	0.003553547993767149	1876	8.667949376663736e-07	1.9559819827743385e-06	2.809707959441964e-06	4.1559742456116765e-06	3.740355962911559e-06	3.0167259140196144e-06	0.25196630001300946	0.007132160749472645
9.367266266433159e-07	0.0031468662273758095	1877	1.130152264453797e-06	2.4172027757966285e-06	4.79263417110515e-06	4.657356367291962e-06	4.142339116262599e-06	2.8954677131996268e-06	0.23819730000104755	0.006322678867242477
8.864445627495375e-07	0.003299812689814035	1878	1.0095885416028893e-06	2.5504512821755756e-06	5.064616079733083e-06	4.0012181007930735e-06	3.2272435228652233e-06	4.540693302643721e-06	0.24166490003699437	0.006629560016408892
9.025049632531995e-07	0.001958794762668455	1879	1.2742626352425575e-06	1.9216020335858724e-06	3.917853896089692e-06	3.6150136832420946e-06	3.57692591405281e-06	4.0136336353178586e-06	0.23418820003280416	0.003945304386610318
9.639267407874313e-07	0.003080768659003659	1880	1.6687390607691316e-06	1.7687332643902097e-06	1.8167866814620524e-06	1.767222391338435e-06	5.127720643397126e-06	3.880320472507538e-06	0.23772729997290298	0.006188502735118663
9.525034559473313e-07	0.0038009483868578662	1881	6.612237333099405e-07	8.728535741592198e-07	7.825622383156226e-07	1.1252079393690984e-06	6.003883485195327e-06	2.702762988298306e-06	0.2442041000467725	0.007624656921059768
8.286779722063679e-07	0.0025992369021519334	1882	2.2496810373452652e-07	4.1228223553087996e-07	3.482294762726794e-06	2.7735600111208164e-06	5.767779416857791e-06	3.2669001662925906e-06	0.23929559998214245	0.0052250936245276935
8.934781970894339e-07	0.0037947314674781855	1883	7.479444026614562e-07	2.004245683931683e-06	6.225628913860977e-06	4.358817874503145e-06	8.025973499417877e-06	2.757334852769836e-06	0.22815079998690635	0.007626153144929883
8.496988188484452e-07	0.0026189608496551085	1884	5.314874514365943e-07	1.4872181036983404e-06	8.713945342791528e-06	5.3173137639595096e-06	7.81101931763383e-06	3.3168430559451e-06	0.23871409997809678	0.005277926786356958
9.081384588019823e-07	0.0030220288817914536	1885	5.370613122684493e-07	1.6269282885150966e-06	5.984824470953234e-06	4.228699492427142e-06	7.445379170902279e-06	2.291021720924312e-06	0.24873019999358803	0.006077724355848329
8.860265460162814e-07	0.003488775340084972	1886	3.141418536181349e-07	8.89514279584389e-07	2.8649594164760413e-06	2.531133212603523e-06	5.424762704084953e-06	1.894288500705493e-06	0.2436689999885857	0.007000560584433839
8.494514103758991e-07	0.0034428554125489016	1887	4.7114683238798696e-07	1.2859828463870935e-06	1.3780925099249384e-06	2.1288828537575016e-06	4.070050252230232e-06	1.2774242539614784e-06	0.2381296000094153	0.006903368781973397
9.365995406385035e-07	0.003209141319938871	1888	4.3210743898844816e-07	8.007836959682864e-07	3.6334258356662465e-06	3.6331749624559864e-06	3.2240753074484807e-06	1.3184731666224473e-06	0.2399287999724038	0.006437740427840239
9.631313809829085e-07	0.002762772663196279	1889	6.405616341903403e-07	1.3494218892822105e-06	4.554121940754183e-06	4.8173089327548624e-06	3.3595071259800583e-06	1.4951109879834303e-06	0.24428169999737293	0.0055485422397794325
9.363207994694916e-07	0.0029940277008555323	1890	6.556301762170681e-07	1.3752749354228622e-06	5.847650826751307e-06	5.299043496253227e-06	4.757598487375126e-06	1.6599952665724358e-06	0.24097929999697953	0.006015940830252543
8.821904770412823e-07	0.003741823151726351	1891	6.624087482399551e-07	1.0975140948776966e-06	4.010803783197878e-06	3.76213622857684e-06	4.795192149868323e-06	1.838599876621997e-06	0.2474696999997832	0.007508211131314658
8.825724788954974e-07	0.0033842002984057432	1892	5.508599397811312e-07	1.2266704813028494e-06	3.754859018609744e-06	3.4262396151721355e-06	4.476237255750474e-06	2.6032803422906362e-06	0.2397564999992028	0.006793283406020226
9.886640630893985e-07	0.0031004924651908137	1893	4.4027057428906294e-07	7.417870982969501e-07	2.526933685743382e-06	2.460718006423768e-06	4.038916318213653e-06	2.4321985304196927e-06	0.23496179998619482	0.006222074197569826
8.718670838656978e-07	0.0029245355782432916	1894	3.4599839864992e-07	9.58129250915816e-07	9.216489030267611e-07	8.065635558674239e-07	5.34053501623919e-06	2.1314143955726754e-06	0.24131560005480424	0.005868791129586399
9.907687944819867e-07	0.004167572028028779	1895	5.220588846683812e-07	1.7015195592139504e-06	5.52422769729338e-07	2.7959458011904007e-07	4.872364426455318e-06	2.2333698325369006e-06	0.2455136000062339	0.008354392657958237
9.527898570113892e-07	0.0025376411646720826	1896	4.81970929772984e-07	1.540775182952241e-06	7.348630465274177e-07	1.870832817051656e-07	4.762069023656961e-06	1.426547515327731e-06	0.24758999998448417	0.005092509834577116
9.042258313293697e-07	0.002855180340513499	1897	4.4830525840488707e-07	1.2410958677668293e-06	2.055385859907351e-06	5.865796453216723e-07	6.987512802079714e-06	1.4726367604917044e-06	0.24793080001836643	0.005733420798446199
8.565205667835454e-07	0.0030572006851180044	1898	2.8840178406815214e-07	9.159577696304996e-07	2.472349021033283e-06	7.330904594622151e-07	6.976755988384111e-06	1.976379325280088e-06	0.24705700000049546	0.006138430481031099
9.676316644257987e-07	0.0035003346180226343	1899	7.910187871975536e-07	1.724762142901429e-06	1.6389860032981893e-06	4.359863434097928e-07	7.210427528015051e-06	3.163785568900598e-06	0.2365462000016123	0.007027943678844757
8.57974954043639e-07	0.0029691356563834805	1900	8.444771185003839e-07	1.7356757094584138e-06	1.0128873893175715e-06	3.100467211827099e-07	5.798152974836686e-06	2.7062525773483568e-06	0.2470158999785781	0.005960899160717878
9.073795498081664e-07	0.002647310438402671	1901	9.459086209377312e-07	2.2910741976468895e-06	4.662890513638944e-07	6.252259912059311e-07	6.218270360223959e-06	3.0396871537665557e-06	0.2447208000230603	0.005319280048794093
9.178860320631629e-07	0.003038117591437962	1902	1.332397555141268e-06	3.054790154162479e-06	2.045339464002749e-06	2.0263339085782336e-06	4.827942366165619e-06	4.375534114003009e-06	0.2435086999903433	0.006104936768982273
9.057095472733045e-07	0.0026308299611101796	1903	2.279558841946551e-06	4.546318983037712e-06	4.606250815019665e-06	3.144551519516046e-06	4.806837353822541e-06	5.577775905657811e-06	0.24400119995698333	0.005298817247993386
9.128152586771449e-07	0.003705932222152219	1904	3.1960516306341294e-06	5.002238752969073e-06	6.51179914238506e-06	4.519378115333705e-06	6.128549494026967e-06	6.1638895657438225e-06	0.2457999000325799	0.007457504420582655
9.506537927956928e-07	0.002994837513879466	1905	2.4883302381595816e-06	3.989370261421278e-06	5.2334703919053594e-06	3.676653550009158e-06	4.751851766249608e-06	6.392686516824274e-06	0.2410766999819316	0.006029253236352167
8.855226948631473e-07	0.0027841146730998387	1906	3.679473256664768e-06	3.234366669138896e-06	3.0700166038445575e-06	3.3269512350393857e-06	5.214448115324088e-06	6.438542055845172e-06	0.24700199998915195	0.005606617179696431
8.936795601019185e-07	0.00299994193108711	1907	2.0640601084445064e-06	1.5771049069487067e-06	1.1401785122739708e-06	1.7420306154288526e-06	4.8440756188529e-06	5.794386799734135e-06	0.24973380001029	0.006029471520274695
8.517123116913732e-07	0.003074721991487577	1908	2.358022050539767e-06	1.2210319437153794e-06	5.23709594579163e-07	1.3360167722808743e-06	6.400627769680526e-06	4.118479166404752e-06	0.24539300001924857	0.006177624401831822
9.146185404438133e-07	0.0035375892487833197	1909	1.2469322681353373e-06	1.0420329218694162e-06	8.122877017678589e-07	1.556132783914939e-06	6.746301044614328e-06	3.270257484494027e-06	0.24819900002330542	0.007101698237381431
7.930021847799091e-07	0.002329156551289774	1910	6.014149278033467e-07	1.4700217512339096e-06	1.1915030781743762e-06	1.6923115677452963e-06	5.086049876723943e-06	1.4359101287033122e-06	0.24294649995863438	0.004677898278284919
9.431765868165045e-07	0.002390509863150677	1911	2.9594616205118927e-07	2.1627112229148755e-06	2.2788030291652997e-06	2.4589719648651624e-06	6.72721006823555e-06	1.525383801620767e-06	0.24651369999628514	0.004806607699593696
8.986026004494893e-07	0.0030020029288575028	1912	4.2265125559875683e-07	3.346727012662167e-06	2.512116085496327e-06	2.010622322983876e-06	7.49330881203831e-06	1.8249047590878518e-06	0.24957879999419674	0.006032731606734898
9.68469292814349e-07	0.0032217196719484596	1913	4.42243166593991e-07	2.9670105456613254e-06	1.8202242900054017e-06	1.4684855424261885e-06	7.897664059992273e-06	2.672979392847673e-06	0.22769779997179285	0.006473215532932914
9.618885389524193e-07	0.004509785043950363	1914	7.219240066213681e-07	2.8558104564903703e-06	2.027630050251186e-06	2.0366663583061724e-06	6.317727233454133e-06	2.1273583323899695e-06	0.2411640000063926	0.009046026066981986
9.640148240690302e-07	0.0030719536350367546	1915	1.0864329625069933e-06	3.6584193276025203e-06	2.1502515119586282e-06	2.704123585366573e-06	6.1699814130575055e-06	3.201717383666078e-06	0.2390097000170499	0.006174177924702529
1.0021140199779565e-06	0.0031086173415771426	1916	9.783973024668917e-07	1.4525548944212946e-06	1.5761569467658077e-06	4.392254209224703e-06	5.903162313316834e-06	3.4431016791117977e-06	0.24725219997344539	0.006246330802531977
9.079917933639657e-07	0.0033902756706463352	1917	9.049584933353764e-07	2.3711978689813696e-06	1.9061189058249302e-06	4.694641493206529e-06	5.106003413397643e-06	3.332103927400141e-06	0.24127900000894442	0.006809120456322344
9.947871137087425e-07	0.0025348564818157126	1918	9.681272168826277e-07	2.0470806226370167e-06	1.476252336348956e-06	5.254189505054736e-06	6.122164422608279e-06	3.4615735969299824e-06	0.24752800003625453	0.005100615663578841
9.683109445657424e-07	0.0029794230920727185	1919	7.820515673455025e-07	2.723281770558767e-06	1.4849248172148235e-06	3.700486505695161e-06	3.6044539322104675e-06	1.3385828088415803e-06	0.24341769999591634	0.0059793596241774875
1.0573501783880761e-06	0.003211757270933461	1920	6.126064338791042e-07	3.82172975212316e-06	1.4569538742747031e-06	2.899360781224831e-06	3.1710075888555065e-06	1.5689973133310019e-06	0.23758439999073744	0.006443899902869573
9.712855416764738e-07	0.0031770241910580354	1921	4.0385447310915034e-07	2.357538299277501e-06	1.5183722122009034e-06	1.8334144572106206e-06	2.5573300301851613e-06	1.2752351292579185e-06	0.24783249996835366	0.006369769262960107
9.491288052027786e-07	0.0028366957795386612	1922	4.345131196189217e-07	2.4089578995680563e-06	2.2122615559158014e-06	1.9277362348857315e-06	2.9170338286557882e-06	1.8023176357269404e-06	0.23736850003479049	0.0056917119884264825
8.667167720215565e-07	0.0037813678175603587	1923	6.36042474499809e-07	2.5623022944938144e-06	3.0843469924609295e-06	2.841834877439296e-06	4.294894135806765e-06	2.596550629192644e-06	0.24497870000777766	0.007587376484833654
1.0417441391611417e-06	0.0035274226003932157	1924	4.414149716142341e-07	1.3242876943886585e-06	2.3185201051319985e-06	3.3792638494303398e-06	4.038183734075483e-06	2.666102209225446e-06	0.2424180000089109	0.007077800747571921
1.1795200897908868e-06	0.0026197651381283534	1925	5.79292685593532e-07	1.719606433699735e-06	8.677151585368572e-07	3.1919721751368226e-06	4.002368159228674e-06	2.3052221131716127e-06	0.24425139999948442	0.005260863083434056
1.0954780374655244e-06	0.003413315231796033	1926	5.106135889686097e-07	1.3895758264766646e-06	3.4985966461130017e-07	3.365168174429064e-06	6.362639441962524e-06	2.392494860639366e-06	0.24287869996624067	0.006851946905526688
1.212750451085202e-06	0.0025613736227673607	1927	5.333219414735544e-07	1.3992163241883477e-06	4.5435860334658176e-07	4.5730938731090474e-06	4.892435323161595e-06	2.8730427868871123e-06	0.24357519997283816	0.005147663693399106
1.0936889919726443e-06	0.002895274444868742	1928	1.0715532475121593e-06	1.2694318715350802e-06	2.232849126571326e-07	3.2176119522018933e-06	5.827022096252073e-06	4.453195720991828e-06	0.23569460003636777	0.005819078585339822
1.1757020464386e-06	0.003034358268826892	1929	1.4402066267906306e-06	1.3480404367614e-06	2.2950938787241193e-07	2.1417036463875502e-06	5.061074670213895e-06	3.576471448860548e-06	0.24202840001089498	0.006093502494082622
1.3177168671024584e-06	0.00347289144337767	1930	1.481121402111559e-06	1.5898651345125212e-06	1.3127136442600468e-06	2.510645261521341e-06	4.756015624548273e-06	4.9595294459437375e-06	0.25164769997354597	0.0069747437560729346
1.188453274858045e-06	0.0027657288820985503	1931	1.5576465196860094e-06	8.630160772675747e-07	3.940906992626594e-06	3.7612851809974875e-06	4.520912757307473e-06	6.390925364952914e-06	0.24426990002393723	0.005565781201761915
1.2160365167002697e-06	0.003118000594681124	1932	1.8631938326611586e-06	9.692821143100097e-07	5.277480065628012e-06	3.6381926353529144e-06	3.276507231004853e-06	4.8785658941355595e-06	0.2430225999560207	0.006266491557293882
1.2044807117921563e-06	0.0023225236487503104	1933	1.4553483255499496e-06	1.1936056370435082e-06	4.965074414060381e-06	3.07762185045301e-06	2.6335500384721335e-06	3.4986575137291276e-06	0.24090149998664856	0.004670412324255716
1.191416619591762e-06	0.002541792841396549	1934	1.573827841426577e-06	5.691757425229729e-07	2.98952344595083e-06	2.8173559976411725e-06	3.7523483162245226e-06	3.1602644926965046e-06	0.23930590000236407	0.005107743624677665
1.1224479755279767e-06	0.0038376674242937385	1935	2.079167297193203e-06	5.178822063863237e-07	7.91568020214339e-07	2.53710817164221e-06	4.67823042224149e-06	2.020711644774223e-06	0.2438432999770157	0.007696903354368001
1.0589054440809334e-06	0.0029675509981764055	1936	2.24725644376297e-06	1.6457022757572018e-06	1.3769175086191975e-06	4.128661866530632e-06	6.440179803472093e-06	1.8354406843140563e-06	0.24192289996426553	0.005963169586311216
9.996420453926367e-07	0.0030887048029518247	1937	2.7587848272329077e-06	1.3423778357577692e-06	5.626087962281197e-06	5.352131208035936e-06	6.501057781645291e-06	2.3732184801866582e-06	0.2397126000141725	0.006212236824351407
1.0492732261516017e-06	0.0034569891689704892	1938	3.1974052481592037e-06	1.196235483280073e-06	9.660938155752776e-06	8.799049552500947e-06	6.546162619421132e-06	2.5734831513950735e-06	0.24234769999748096	0.006957169804374607
1.0548946341703528e-06	0.0023434379657385545	1939	3.737171800643138e-06	1.74584405786108e-06	9.669230560306612e-06	4.942721624619076e-06	8.346247213050858e-06	2.326895992562941e-06	0.24367609998444095	0.0047304269752001075
1.0444378521312945e-06	0.002890458327693861	1940	3.25454888059695e-06	1.7291903089523567e-06	6.816025861085064e-06	5.564872628069888e-06	8.518672746444245e-06	2.357300025218136e-06	0.24030290002701804	0.005822122114314014
9.236909544318033e-07	0.0030290189837958352	1941	3.822965230597105e-06	1.3811654954472227e-06	6.056590027557508e-06	3.967699076518974e-06	5.180670438704627e-06	2.1867989201389603e-06	0.23989399999845773	0.006089848708048342
8.887550929857592e-07	0.003484440255288709	1942	3.6560808167375144e-06	1.5506869169335224e-06	3.6117076034806135e-06	5.009574300707314e-06	4.58588983102348e-06	1.6936902882742433e-06	0.2479954999871552	0.006997045230639844
1.0193439721444562e-06	0.0032197391809914017	1943	2.148819783083242e-06	2.2657697363001197e-06	2.81952873625661e-06	4.55893981582531e-06	4.712218635326426e-06	1.3992577617025002e-06	0.24102869996568188	0.006465533060792615
9.801028558017523e-07	0.0031096792245315997	1944	1.5081484923590197e-06	1.9991171268997626e-06	2.412406148466062e-06	4.2549514591375235e-06	3.3709111673844705e-06	1.4349577679623438e-06	0.24536579998675734	0.0062411050158723575
9.485278283244211e-07	0.002726285457459214	1945	6.265348886765407e-07	1.962138921192259e-06	4.2127385936822715e-06	4.845267900563566e-06	2.0648899717171418e-06	2.2725718976297953e-06	0.24748339998768643	0.005474789574617886
9.260759904650672e-07	0.004007152056567129	1946	5.813614408236018e-07	2.0385241834704787e-06	5.149453373117036e-06	4.2181552255691505e-06	2.9396900597617325e-06	2.3233321572273012e-06	0.25150490005034953	0.008038669803772146
9.102139354571238e-07	0.0028287176558320797	1947	8.351816236546324e-07	1.357744774497283e-06	6.069394090361201e-06	4.3686467380076545e-06	3.1204030293568233e-06	2.8898962567962483e-06	0.24729430000297725	0.005683907305333901
8.888628856319466e-07	0.0034580624461703286	1948	1.632742339394444e-06	1.166288070110195e-06	4.95590421805423e-06	4.0306057469381e-06	3.480890546662735e-06	2.8300237293392414e-06	0.24670829996466637	0.006942309987038421
9.598542219123148e-07	0.003490304780339813	1949	2.124317866203755e-06	1.0557354872873693e-06	2.899748707702681e-06	3.1462890675280947e-06	4.992905726779205e-06	3.5409424538777387e-06	0.25053530000150204	0.0070088230566134856
7.865798068810813e-07	0.0028539905755237773	1950	2.0357880311973756e-06	8.599788601534404e-07	1.643275416108082e-06	2.505723854631322e-06	4.300183122948128e-06	2.9872036029108083e-06	0.24681390001205727	0.0057311738502751255
8.104514772578259e-07	0.0026038890344933993	1951	2.6233776835026173e-06	7.000561152715661e-07	9.108006663520104e-07	2.318970190345017e-06	5.641615625953673e-06	2.371578861974086e-06	0.24797940003918484	0.005231978565572641
9.029419317656675e-07	0.0038553473117459392	1952	2.2248943850882582e-06	6.463105228613769e-07	8.334820567906786e-07	2.5742350606903183e-06	4.3887590236967375e-06	2.950765151629641e-06	0.24690169998211786	0.007733458477731494
8.560325082623207e-07	0.0018149914635617055	1953	2.4472295842630205e-06	1.5234824819646068e-06	1.2576073008584171e-06	2.9582488348766857e-06	5.393558378447514e-06	2.7652023092744552e-06	0.25062479998450726	0.003656199081717342
9.503476920671294e-07	0.0034247197004030313	1954	1.2827757675135414e-06	4.133217915009917e-07	1.0998528064460056e-06	2.2602773949640765e-06	4.859259705250104e-06	2.7206401765936455e-06	0.2425529999891296	0.006871556123714309
8.886384833433235e-07	0.0025441294725720015	1955	1.3666028113620082e-06	1.4612935019404909e-06	9.289388337702523e-07	1.4962230496472808e-06	4.912880260477075e-06	2.10848971139392e-06	0.24018309998791665	0.005109332020251151
9.02256895946856e-07	0.002620363360611705	1956	9.341261390379573e-07	2.147891811981903e-06	6.034204413416899e-07	9.290089613364308e-07	4.474321269110049e-06	1.5922894534921627e-06	0.24607079999987036	0.005259278903814205
9.9750353083704e-07	0.002933975108728828	1957	4.1022944220870386e-07	9.622688013708205e-07	6.203975323235685e-07	7.861252003891304e-07	3.884798691426752e-06	1.6049486254895187e-06	0.23885139997582883	0.005883703740129456
9.454696032003648e-07	0.002200720455291687	1958	5.38617323053563e-07	1.9392398461377368e-06	8.840952443095141e-07	1.452440731210745e-06	4.878502231862594e-06	1.778909269014554e-06	0.25133109994931147	0.004421461065936241
9.125808360112841e-07	0.0028992897598559613	1959	6.815478512215177e-07	1.2057245416328295e-06	1.157982454131238e-06	2.0181473249814405e-06	4.014552959679431e-06	1.4601777678712784e-06	0.24946199997793883	0.0058164175450110146
9.010593261764632e-07	0.0025498732196689087	1960	5.179984270317848e-07	1.2383140775266849e-06	2.1804793569007935e-06	3.138876166911118e-06	6.0432744088676766e-06	2.011065325892603e-06	0.24503679998451844	0.005124732905488061
9.54797760911477e-07	0.0030270412065571705	1961	4.6990006595835787e-07	1.2052055886323635e-06	2.801949491893728e-06	3.3457082217547496e-06	3.5575152794884236e-06	1.1984818916668823e-06	0.24552529997890815	0.006073326766346713
9.109483863147169e-07	0.003325254860654738	1962	3.493465825997031e-07	1.7482260717904658e-06	3.816718459924621e-06	3.4906931511908993e-06	3.289529258168326e-06	1.6918843140214752e-06	0.24570919998222962	0.006671699429491991
9.737922245042439e-07	0.003316932520319662	1963	3.7725597940535276e-07	1.757148510314949e-06	3.755571465130617e-06	3.102689990827458e-06	2.6473407052586587e-06	1.7449207733074923e-06	0.24187050003092736	0.006653589813991142
9.269947598720653e-07	0.0025596865628819666	1964	5.332632837562077e-07	2.0179624289489963e-06	2.9357038030962806e-06	2.1122581101619916e-06	3.874343968193742e-06	2.099376799513611e-06	0.24777349998475984	0.0051407737444450555
8.732428680897255e-07	0.003103174058059999	1965	7.523938841680535e-07	2.4373709882804174e-06	3.509469119797165e-06	2.1986356928286992e-06	3.2963433557987503e-06	2.674255312527816e-06	0.24484219995792955	0.006228933668877904
9.2200919747951e-07	0.0029918551784924824	1966	2.5728087003793005e-06	2.6007478354235846e-06	5.8875737537927264e-06	4.664480896279192e-06	3.102336083026212e-06	3.650873573516634e-06	0.24629590002587065	0.006014786405878885
9.113464252203239e-07	0.003538073085941418	1967	2.492113765520843e-06	2.2867488103604298e-06	7.085677170147832e-06	6.874124775024544e-06	4.074625990759865e-06	4.153978423101375e-06	0.25374299997929484	0.007113164738082054
9.555449326648594e-07	0.003377124007847774	1968	2.751248710970638e-06	1.8799150966599976e-06	6.435573164721236e-06	7.0688096859301805e-06	5.983859200252929e-06	6.203228220059589e-06	0.2417966999928467	0.006798668827059784
1.0194396658580492e-06	0.0031079164590630606	1969	3.127032930060181e-06	1.2761832758525697e-06	3.5889854267646676e-06	6.140604003545729e-06	4.844258650538837e-06	3.3248627552167894e-06	0.2439979999908246	0.006248342845905572
8.907777841450907e-07	0.003099541032559757	1970	2.4107220215289477e-06	9.630897533676501e-07	2.4007051164246956e-06	5.0962485954071965e-06	7.410381570044614e-06	2.8208253228909896e-06	0.24564599996665493	0.006232196799960403
9.333875299792659e-07	0.003707051648283868	1971	3.01681723484503e-06	1.3210144003253416e-06	1.087766044452299e-06	3.5618595168286327e-06	5.519063154215838e-06	3.43343875640713e-06	0.24494100001174957	0.007442862532645391
8.734319993199589e-07	0.00266994176541355	1972	1.8155164938847058e-06	9.484735304918488e-07	8.663729885270465e-07	1.7103599674925976e-06	8.179914662746951e-06	2.711753137756561e-06	0.24453309999080375	0.005368754453407144
9.461622088664987e-07	0.0025788278243664337	1973	5.669896887090234e-07	4.79315974267753e-07	1.1791162974457951e-06	7.115122211944895e-07	6.490368262046541e-06	2.7232974432062305e-06	0.24682810000376776	0.005180912238742723
8.769548028829309e-07	0.0032587209583418777	1974	1.0202823979086086e-06	1.328319456577424e-06	1.125060596466104e-06	2.3380350773948407e-07	6.622984225055126e-06	2.4234946236427496e-06	0.24266940000234172	0.006540996249945609
8.721652888232359e-07	0.0025537194329120433	1975	4.7240773480180077e-07	9.321326604097463e-07	1.3075111541284574e-06	6.262976034250785e-07	4.421806512148673e-06	1.959186485993394e-06	0.2446767000365071	0.005125283531550783
8.705810210193066e-07	0.0021594741647214875	1976	4.742674433637003e-07	9.646328685647887e-07	1.2882565012920914e-06	1.550987346867829e-06	4.793676214437824e-06	1.638193917983152e-06	0.24482750002061948	0.004337831375909944
8.945500433769306e-07	0.0032185977644776775	1977	3.667216457582355e-07	6.470343620964018e-07	1.8351995992197675e-06	2.4442962195521016e-06	3.5141320051822916e-06	1.3457846240585181e-06	0.2512070999946445	0.006453997714127216
9.375626231682601e-07	0.0035774399235327745	1978	4.4145133961180307e-07	9.568707588815679e-07	2.2997394427497105e-06	4.643515931899701e-06	3.5016745364159553e-06	1.0441546102928807e-06	0.24296609999146312	0.007174188208078446
8.87410929910809e-07	0.002678309582705365	1979	7.395628528688102e-07	7.375893179303624e-07	2.1460543173964413e-06	5.902747241709007e-06	3.958827991576872e-06	1.480759697438651e-06	0.2499254000140354	0.005378799116378488
8.299602520376768e-07	0.0030692675377154955	1980	5.091123549831379e-07	1.4657576927009605e-06	2.6317201248818357e-06	4.769240607301765e-06	3.714002693015785e-06	1.2460086319136236e-06	0.24379789998056367	0.006159490849364792
8.868022424047494e-07	0.002861477369480064	1981	4.5833424804727265e-07	1.0250990944262185e-06	3.582176266046819e-06	4.685887496883341e-06	3.762423697102537e-06	1.5833641683068351e-06	0.2393471000250429	0.00574517141628116
9.262764819499008e-07	0.0024169290344905	1982	3.642125296437106e-07	7.515604089153914e-07	3.2313013774901586e-06	3.722507394252142e-06	3.1722511771013614e-06	1.638157664659539e-06	0.243448699999135	0.004853401021338722
9.810719773456048e-07	0.003468942152360654	1983	3.8971217422885174e-07	1.1177309734473057e-06	2.848308188229674e-06	2.89146138154572e-06	4.181397217950873e-06	2.2614883935439934e-06	0.2474180000135675	0.006959979432616441
8.60664230613917e-07	0.0027792206445393	1984	4.942519536225749e-07	1.1738846473162455e-06	1.4540030211239199e-06	1.6053469085870798e-06	4.0204934687267275e-06	2.5206481394876626e-06	0.2401949999621138	0.005577972387286906
9.508018751196765e-07	0.002945986248074762	1985	4.65835320343668e-07	2.3812663938915385e-06	8.920584742087856e-07	9.397900798587086e-07	3.4819636305365237e-06	1.8757868074149068e-06	0.26152790000196546	0.005909268551043968
9.756084551910266e-07	0.0029075788490221335	1986	4.497381771036556e-07	2.370374034521803e-06	1.010237312749743e-06	3.5515776815732966e-07	5.516110235878532e-06	1.6259754716937622e-06	0.24506340001244098	0.005835578593662326
1.0516089492456751e-06	0.00296907974824667	1987	5.053018457925851e-07	1.74345015731643e-06	1.2563871328752045e-06	2.700562194348023e-07	4.891515384286444e-06	1.4105010484516103e-06	0.24635570001555607	0.005956641942612726
1.0302355531209398e-06	0.0033025778531527595	1988	4.783790094920374e-07	2.4536624236203035e-06	1.9679346013907535e-06	4.009970152347986e-07	6.833216711067215e-06	1.9923970357188935e-06	0.24786259996471927	0.0066301683779550705
9.932879319468361e-07	0.0029255763841863356	1989	3.9567348867607845e-07	1.1231467323922483e-06	1.9060138206875906e-06	3.533456838958521e-07	5.569842668014096e-06	1.548006031804486e-06	0.24305659998208284	0.005871153221361854
9.221039323269524e-07	0.002579097071329676	1990	2.598938782366813e-07	1.2144235769542107e-06	1.62367073409035e-06	4.2239116291161814e-07	6.5503651425004e-06	1.925123743980743e-06	0.24458459997549653	0.005180509707649161
8.922492918529992e-07	0.002775127469637951	1991	2.776294466239714e-07	1.182375910427428e-06	1.2028779159711698e-06	6.919979424833137e-07	5.02938708798338e-06	1.765422773578269e-06	0.24479089997475967	0.0055689839387982375
8.908059368139038e-07	0.002954827191990942	1992	5.350084819621955e-07	2.457385835483617e-06	1.2073381364405259e-06	1.0913115887811996e-06	5.2118110273253565e-06	2.179198770646994e-06	0.24639579997165129	0.005931509059494125
8.395759424804154e-07	0.0026001212053768	1993	4.5212682387473757e-07	2.728599692508414e-06	1.4248369840343305e-06	1.4162682060423275e-06	5.87469546653092e-06	2.8558891684717158e-06	0.23809860000619665	0.0052254045636150265
8.267890689476677e-07	0.002567793569575682	1994	9.081252503493379e-07	3.380968752662698e-06	1.404338079386984e-06	1.7501700212810565e-06	5.7197963072499765e-06	4.72417098313326e-06	0.24150780000491068	0.005165572253973706
8.880375994957576e-07	0.0031304349733759966	1995	1.2611365316242738e-06	3.0829656098077586e-06	1.5343368348746526e-06	1.8895191098119336e-06	5.571981065822383e-06	5.2943996231892395e-06	0.23926649999339134	0.0062921467414151265
8.68714923682459e-07	0.0037573312781891887	1996	2.2680388514727017e-06	3.2931235430272366e-06	1.4668339402825138e-06	1.8373504979599728e-06	7.5627136958214185e-06	8.292483160508909e-06	0.24341410002671182	0.007556975726771146
7.55840925424864e-07	0.0024530652655757185	1997	2.8407090301258637e-06	5.4484808752970805e-06	9.669623315848285e-07	1.1744774147654022e-06	7.1730569624732165e-06	8.907991516692124e-06	0.2491065000067465	0.00495023493961239
8.635735330406903e-07	0.004077831920883724	1998	3.869799111560996e-06	4.618848623291219e-06	7.94495742312744e-07	8.613427178654542e-07	8.113756778365218e-06	1.2867724948696382e-05	0.24196170002687722	0.008209498438482683
8.748945747672243e-07	0.0035461583723279295	1999	4.260273035330381e-06	4.3006111722160275e-06	9.32250571389316e-07	1.1370040905529536e-06	8.311563044813419e-06	1.2495322679479343e-05	0.24371239996980876	0.007146310444123467
7.760196996497107e-07	0.003167320157863123	2000	5.156775578280118e-06	3.6306639338512077e-06	9.311448311145004e-07	1.291933043292264e-06	8.638134629699186e-06	1.2292768948870595e-05	0.2456944999867119	0.006389064679669223
8.375518625432422e-07	0.0031945562857585525	2001	7.391592555755133e-06	3.117769744193743e-06	7.222846117356899e-07	1.590674224105624e-06	6.6589890870193505e-06	1.2849209344815475e-05	0.24547029996756464	0.006442626393241651
7.816196021556427e-07	0.0024320684703173063	2002	4.822445101042118e-06	2.3913379360545958e-06	7.917025729713408e-07	2.071994299462662e-06	5.787068463616662e-06	1.1190254038238258e-05	0.2533807000145316	0.0049097323047521645
7.862881573286307e-07	0.003175800025209101	2003	6.999930696033175e-06	1.8234832870124379e-06	1.0052588560272958e-06	2.234299071647177e-06	5.355651083538673e-06	9.08533842871092e-06	0.2594653000123799	0.006394117577668079
8.40563125514195e-07	0.0024785194441632745	2004	4.332986996374842e-06	1.1319713414308273e-06	9.160511538483132e-07	2.2897002326762722e-06	4.597421014527196e-06	6.722262063968528e-06	0.22598729998571798	0.0049900300904588985
8.653509939005908e-07	0.0027939978751024986	2005	3.855825756743322e-06	8.351427186902431e-07	1.2225171585295298e-06	2.255881200903042e-06	4.619140338096559e-06	5.26044573858205e-06	0.24239719996694475	0.0056176549911810215
9.021827007633292e-07	0.003176065380718917	2006	4.190150928428354e-06	9.576697510678882e-07	1.2214825733450671e-06	1.9038936675638407e-06	4.408677538570214e-06	4.639363600484973e-06	0.24755019997246563	0.006380304406037877
8.455602556925233e-07	0.002689480962682151	2007	3.410726955750787e-06	1.2849532071980977e-06	1.514240548849865e-06	1.8322432774161187e-06	4.288031279829154e-06	2.3141525437870716e-06	0.24760360002983361	0.005401899577512134
8.694634690806473e-07	0.0028748883593548206	2008	2.0624193202745095e-06	1.6091758685992524e-06	1.1163342545042673e-06	1.4198656897402315e-06	4.8774788650126515e-06	1.7241881575046282e-06	0.24307760002557188	0.005770926774825955
9.080884045003393e-07	0.004084445229577632	2009	9.860452303513134e-07	1.8685091909780222e-06	1.2038360603667553e-06	1.5937968835742497e-06	4.515870117322278e-06	1.2441146472706683e-06	0.2558566000079736	0.008187878792858722
8.624436179228077e-07	0.002203075998755961	2010	1.0843909469632985e-06	3.1484985908884484e-06	1.1063838802276448e-06	1.5274950992966152e-06	5.629736352485049e-06	1.0248659371618482e-06	0.24285320000490174	0.004428052857844437
8.569256419265464e-07	0.003400759677879871	2011	1.0688535564509003e-06	4.100009883079866e-06	1.5123556540571584e-06	1.658281846509756e-06	6.1029907881647715e-06	1.105282081978816e-06	0.24382909998530522	0.006825989253723979
9.294190211381932e-07	0.0022083596478101822	2012	5.864813857575332e-07	2.9163972228561098e-06	1.4642184458675017e-06	1.8631416063408202e-06	6.013155667686965e-06	2.2083265956282622e-06	0.25267870002426207	0.004441851336850094
9.032726459214307e-07	0.0031256262385889176	2013	7.455392247981486e-07	3.3061053114990916e-06	1.813136707082625e-06	1.9677710806167384e-06	4.331150175085098e-06	1.951910279195565e-06	0.2372771999798715	0.006273457695702236
9.023309664026126e-07	0.0030735925751071876	2014	9.553905170628653e-07	4.4648326287378625e-06	1.9334221550010495e-06	1.8617123412290564e-06	7.326722941082649e-06	1.858594090004732e-06	0.2271002999623306	0.006176575803851385
8.533495400310381e-07	0.003329296919571497	2015	1.144174489326058e-06	4.588039854186328e-06	1.5089852986661814e-06	1.3751085779116754e-06	5.5297155902579755e-06	1.400661725647447e-06	0.24179820000426844	0.006682777601074957
8.53518519859291e-07	0.0026632800496719754	2016	5.658180052830883e-07	2.536831789536204e-06	9.91352948685815e-07	1.4492794042669038e-06	3.1895015410731304e-06	1.0657554994754829e-06	0.24177459999918938	0.005342320932612538
8.740620030770419e-07	0.0027236141289360173	2017	6.160347080742687e-07	2.7384803765632075e-06	9.312560865101714e-07	1.1942265560526079e-06	4.328276128545742e-06	1.1682013654170315e-06	0.24352499999804422	0.0054654493345933156
8.815121220420704e-07	0.003075881447832855	2018	3.2459702064385973e-07	1.147623852873557e-06	7.809632302057136e-07	1.3089571415310312e-06	5.858601893148736e-06	1.5489113901422964e-06	0.22866609995253384	0.00617190308772163
8.511797353585694e-07	0.0026897657951300766	2019	2.2910516832825847e-07	8.877695235885642e-07	1.2737030165781723e-06	1.9739028182597237e-06	4.1582336898908525e-06	1.9113034575219916e-06	0.24243440001737326	0.005397737504552451
1.0133498312007501e-06	0.0027398998536502504	2020	4.064676062502966e-07	1.2300973535652093e-06	2.2986586107318133e-06	2.807534035482032e-06	3.2529724714948424e-06	1.7307968463876237e-06	0.24663239996880293	0.005498536703204696
9.242861735581642e-07	0.0023950593574788626	2021	5.056321975101932e-07	1.950501280339666e-06	3.220568534011101e-06	3.4464038954704374e-06	2.844706633541618e-06	2.212693869470395e-06	0.2491876000422053	0.004811205194218197
9.823943897031676e-07	0.0032007307609891616	2022	5.306408395190627e-07	1.180807504019674e-06	3.1568305254645235e-06	4.040320120796201e-06	2.881856264006362e-06	2.146084469368575e-06	0.2642377999727614	0.006422390791214278
9.372440530297649e-07	0.0027847248434719617	2023	6.133862382694545e-07	9.989746390615322e-07	3.244217059867977e-06	3.823816381198075e-06	3.819827156072064e-06	2.6325352813893685e-06	0.2434048000141047	0.0055929092942433025
8.782020117890537e-07	0.002834180689521387	2024	6.296114766866752e-07	1.0313887045894814e-06	4.201478117814133e-06	4.385906487412277e-06	3.957563838508243e-06	3.05909776672581e-06	0.24091049999697134	0.005694399491063322
1.0944802754976037e-06	0.0034730558812797185	2025	8.785372653991894e-07	1.2200610955730809e-06	5.1855994499008915e-06	5.24386406823196e-06	3.5864948715194608e-06	2.547348238049752e-06	0.2411627999972552	0.006973096471208676
9.806232254713296e-07	0.003478008341904028	2026	1.0237269615814148e-06	1.3751715975177948e-06	9.849370968101828e-06	8.39815701205679e-06	2.9140578140748034e-06	3.1912525854043114e-06	0.2393826000043191	0.006990834977597215
1.0529846454481548e-06	0.0029339587938335535	2027	1.0753472062570982e-06	1.0609007363969116e-06	6.7709241948716775e-06	6.760364067689156e-06	4.380091904939615e-06	3.6809513393066778e-06	0.25341170001775026	0.005901813179651712
1.0778512132799976e-06	0.0022795558088517355	2028	1.0850389213193465e-06	1.1523737649376556e-06	5.7744903474164575e-06	6.328916650598429e-06	3.299233421014025e-06	2.7154175041870027e-06	0.24265540001215413	0.004587637441664705
1.0170946778334182e-06	0.002895848957830684	2029	1.1116516830880601e-06	1.205091792144478e-06	4.705648863758881e-06	5.678007433596137e-06	4.1465067466300084e-06	2.6877244132828853e-06	0.2402138999896124	0.005820100967109447
1.0883036242225882e-06	0.001974761642838281	2030	8.463202185327015e-07	1.0331581144458112e-06	3.076801146969653e-06	3.8097376263742937e-06	5.178408265511041e-06	3.3021950512998516e-06	0.23241120000602677	0.003977427116664952
1.1356861087478337e-06	0.0027870635824107075	2031	3.55440828062195e-07	7.615115984635899e-07	1.9232767943183092e-06	3.900080946304214e-06	5.014578978572586e-06	2.1846163335534573e-06	0.24587529996642843	0.005597737237830311
1.103807248514334e-06	0.0028811785303567996	2032	2.783664262925978e-07	7.87730164700415e-07	1.848123823882588e-06	3.650403187082964e-06	3.905673908121594e-06	2.994809503743675e-06	0.24772540002595633	0.005784930265636317
1.1249086881853458e-06	0.0028112987998326787	2033	4.849387150434283e-07	1.0822012418345919e-06	1.8371911724792797e-06	4.127156096508481e-06	3.643657140934298e-06	3.9992555633337765e-06	0.24266250000800937	0.00564766472967613
1.1039914890990464e-06	0.0030680376747711157	2034	8.093151691531267e-07	8.982482421777593e-07	1.4868676079549416e-06	2.5597783202659787e-06	4.389377321000016e-06	4.237787778755651e-06	0.2427091000135988	0.0061612918720594925
1.2086952036261554e-06	0.003002765013308861	2035	1.2944597144341082e-06	1.2061292343143616e-06	1.3663657145485208e-06	2.3093189122283563e-06	4.360035586471847e-06	5.704278580484955e-06	0.23734829999739304	0.006034252318934413
1.1180796122556378e-06	0.003634829181280186	2036	1.7055222021177197e-06	1.295994702077911e-06	1.3194620470596454e-06	1.3886470584653493e-06	3.1672394318282533e-06	3.839507421650341e-06	0.24036259995773435	0.007291617641501561
1.188228965277503e-06	0.002502047920733585	2037	2.058962895463126e-06	1.0480908603064295e-06	1.1554380621037655e-06	4.611621773938851e-07	4.1889202981770896e-06	3.6296968494491223e-06	0.24477099999785423	0.005026833187688245
1.1090916878519855e-06	0.0033416532417066915	2038	1.996263306077796e-06	1.7511264107849238e-06	1.5275670263612846e-06	6.172670253193596e-07	5.258213562725687e-06	3.4623423903684023e-06	0.2405097999726422	0.006708858002463819
1.1001958759406238e-06	0.0035612910794962753	2039	2.9839112847528397e-06	1.5862532212257307e-06	2.1691785240183234e-06	1.6338245596354881e-06	4.232637573372127e-06	2.794537423138362e-06	0.25248480000300333	0.007147210068327087
1.0833668525641732e-06	0.002764681086907689	2040	1.961012335062865e-06	1.35025282933394e-06	1.5360184440482394e-06	1.6734082189575476e-06	4.2345788943742e-06	2.3184515477249984e-06	0.23921350005548447	0.005551155660232108
1.0434455564047142e-06	0.0026242342969795013	2041	1.820712115585825e-06	8.252060649726289e-07	1.7899634950226611e-06	3.2521897380570195e-06	3.759130717545764e-06	2.9326765783425857e-06	0.2376347000245005	0.005271627171077227
1.005678196149624e-06	0.0032892513763727034	2042	1.037441440644789e-06	1.6329530208638774e-06	1.9654165832990704e-06	2.5243731836957462e-06	2.909967736719273e-06	1.5725586883594707e-06	0.24720619997242466	0.006596639346216367
9.601242669746354e-07	0.0031151956895616568	2043	6.459918124402226e-07	1.6677353815619852e-06	2.6187762853881262e-06	2.4424928377102906e-06	3.3996144213591616e-06	2.184210476510099e-06	0.2418885999941267	0.006250854273770102
1.049581346070418e-06	0.003303046985866279	2044	2.8568218113259954e-07	1.94420716396084e-06	2.54080207873372e-06	1.789033940277018e-06	4.329425703028812e-06	1.2826638169276748e-06	0.24331519997213036	0.006625977038828717
9.065087623662276e-07	0.0030728068892620737	2045	6.852877254658428e-07	2.489005124602994e-06	1.6444000593264838e-06	1.122367065385799e-06	6.155647117663488e-06	2.4491402071877493e-06	0.2401277999742888	0.006170577430673363
8.021254999537868e-07	0.0026247944091578003	2046	1.3135816555234584e-06	1.5662830738920045e-06	9.918521329109572e-07	3.128120828355539e-07	5.750973572985419e-06	3.0950364878005426e-06	0.24170190002769232	0.005273069618382242
8.885590527849846e-07	0.0038621999135024596	2047	1.2078669681674046e-06	1.8195270748938064e-06	1.0364065296168162e-06	1.6205131320870772e-07	7.679217853458101e-06	4.3534802649639255e-06	0.24312319996533915	0.00775446819323322
8.340798765770529e-07	0.0024805078679166013	2048	2.73804939522776e-06	1.568570457919322e-06	1.1391257985086744e-06	2.4494181885325763e-07	6.684584765311627e-06	4.844611776464272e-06	0.2459713999996893	0.004991432976140418
8.255782857158021e-07	0.002812672929666582	2049	1.8917023089354845e-06	8.883881504288948e-07	9.817894756197267e-07	6.932942834629513e-07	6.721096033021575e-06	4.331076944096161e-06	0.23953020002227277	0.005653556536077279
8.763163976117971e-07	0.003692979790372938	2050	2.4162447771699503e-06	8.891896121297598e-07	8.435867855014286e-07	1.2614828092918807e-06	6.326694554867109e-06	4.239236881285652e-06	0.24313279998023063	0.007414254580397499
8.280851011237655e-07	0.003492881045630782	2051	2.323544542078065e-06	8.221478029441489e-07	1.3614585440890257e-06	2.7830984177871636e-06	5.459242137588415e-06	4.16740806814127e-06	0.2360262000001967	0.007013961811182169
8.351476780513044e-07	0.002843081504937923	2052	2.4663810260763602e-06	8.657057123652138e-07	4.532091404460435e-06	5.589188096783076e-06	3.718363242735029e-06	2.724559889463869e-06	0.24510190001456067	0.005714172517736031
8.635812501415913e-07	0.002900857562892146	2053	1.8226962335946994e-06	6.701502872516665e-07	8.790825427441586e-06	9.168200333679568e-06	2.5523637613010152e-06	2.660125526300686e-06	0.24309469998115674	0.005834319139141745
8.990954458889458e-07	0.003635504095951897	2054	1.3875985268109752e-06	8.660745156914947e-07	1.2368771484626953e-05	1.2969526892100925e-05	3.31724451239587e-06	2.780874537292843e-06	0.2397014000453055	0.007312594592314179
9.375393719829946e-07	0.0028149021250295746	2055	5.594906053348298e-07	5.93449780433581e-07	8.215765589564572e-06	9.146053783100803e-06	6.077382017519409e-06	3.5147401037175118e-06	0.24212880001869053	0.005669378332804023
9.821933548122755e-07	0.0028152834410955906	2056	9.173087737496276e-07	2.13720814007154e-06	5.5149898528291925e-06	6.3442343008894054e-06	3.1434834774902014e-06	3.2661061784210517e-06	0.24192960001528263	0.005660264189280169
9.618046650345798e-07	0.0026586346740881898	2057	4.0775773603719304e-07	2.819504318162335e-06	2.4456937820498045e-06	3.736988732766654e-06	7.2281169323376836e-06	3.7418213874358998e-06	0.24698769999668002	0.0053505427787150115
8.919571484425691e-07	0.003098932744649653	2058	4.828842359117557e-07	5.526734204283836e-06	7.60625254005982e-07	1.0083859990597365e-06	5.517958887275144e-06	3.3884127727171944e-06	0.24142769997706637	0.006225240776609438
9.829192068789957e-07	0.0036365157261425566	2059	5.712595382214667e-07	5.365101337186696e-06	1.2827893596748693e-06	1.6030066790356783e-07	5.488143769383165e-06	3.3902119824440437e-06	0.2281259000301361	0.007300133453105512
9.895715792504962e-07	0.003273509603163022	2060	5.761402293247099e-07	2.995765384095178e-06	1.8843337880958867e-06	2.0224538995459986e-07	6.4581083496603915e-06	3.5461499859936046e-06	0.24411500000860542	0.006574665350947323
9.348319281472641e-07	0.0030733203722616174	2061	6.288904191140258e-07	2.5772245886727537e-06	2.5964115372582164e-06	7.780457267594281e-07	5.134786921807993e-06	2.5244768960188848e-06	0.24379829998360947	0.006170409508286988
8.796704416106142e-07	0.0027642244647947123	2062	5.467362513516652e-07	1.9144811885183863e-06	2.5613352962889726e-06	1.5872243405068804e-06	3.7933932580924764e-06	9.481321368027836e-07	0.2433796999976039	0.0055463010983391025
8.767899491379629e-07	0.0028828941122217774	2063	3.6577765460588436e-07	2.7658581255978245e-06	2.852582150253584e-06	3.0343389456046655e-06	4.19990866957808e-06	1.5090743559343725e-06	0.24320249998709187	0.005787978327268918
9.129971828810057e-07	0.0032506894176886716	2064	3.9946458776654377e-07	3.054907668566287e-06	1.9928323051536386e-06	2.8572681623802675e-06	6.976364338853282e-06	2.2971312645468253e-06	0.24559250002494082	0.006530056293673773
8.530869039088161e-07	0.0037243424466151475	2065	3.100790250729821e-07	2.394470961967424e-06	1.418507277789088e-06	2.8659544618660006e-06	5.259944276033408e-06	2.0834695698338545e-06	0.2482832000241615	0.007472066906456542
8.675632265009755e-07	0.0029941991051624928	2066	5.187350688775001e-07	3.027322498067999e-06	2.2602311172078023e-06	3.194558112920651e-06	4.256272738193712e-06	2.1266970383397017e-06	0.24589000002015382	0.006011900123128128
8.709692805141044e-07	0.002840657110787675	2067	4.684661634019897e-07	3.7661291804438527e-06	3.298167838986223e-06	3.2886549599838505e-06	4.145323934556086e-06	2.2904940309087377e-06	0.24864539998816326	0.005706749214210123
8.448486585404443e-07	0.0031234951517320874	2068	6.893476005404442e-07	2.6679226364823614e-06	5.014014988279455e-06	5.343967800945373e-06	3.2856701673648785e-06	3.103935423593575e-06	0.246072500012815	0.006275174464989421
9.473294357086916e-07	0.0027317019187013993	2069	1.2112666078886628e-06	2.9049288392089597e-06	3.8887370887752685e-06	5.167637327483187e-06	3.308671529130453e-06	2.4065365556318454e-06	0.24959719995968044	0.005489901482307097
8.932980599982273e-07	0.003416229218026766	2070	7.39043679706773e-07	1.6513350027898708e-06	4.309385193145291e-06	7.87972191801896e-06	3.8958069275726615e-06	1.8859229746467644e-06	0.24618700001155958	0.006860387977771628
9.714089724983786e-07	0.002620416584497636	2071	5.862483480412493e-07	8.661650572375824e-07	1.8953348860749578e-06	6.037090476290941e-06	3.924457102875451e-06	1.7141269459041268e-06	0.24618409998947755	0.005263437993805472
9.631446388354405e-07	0.0033139720221100847	2072	3.6221156771710945e-07	7.5999029586903e-07	9.237750921082905e-07	4.942278583417819e-06	3.7235364055817725e-06	1.7491929624829953e-06	0.24306489998707548	0.006647804047773083
9.753924477185698e-07	0.003070165147570503	2073	3.5109193500576775e-07	1.237215370712491e-06	9.14600216198888e-07	3.2563326847783894e-06	5.12824441044445e-06	2.5158280015105406e-06	0.24398059997474775	0.006163328465067048
1.1103927834089835e-06	0.0027281209097887718	2074	4.535967876872269e-07	2.9044422016748394e-06	1.6575804181948999e-06	2.13052692657449e-06	6.9282351461192235e-06	3.145343330337178e-06	0.2418967999983579	0.005485755908431407
1.0591461977517827e-06	0.00337154809480844	2075	9.913817521845005e-07	3.500891839101277e-06	1.5213545469279526e-06	4.898059934676488e-07	5.954609093489869e-06	3.4275845035116047e-06	0.24359809997258708	0.006770482303338069
9.41892542294981e-07	0.002432533874039488	2076	1.1553514887498575e-06	3.3153250572958796e-06	1.7722724773320894e-06	1.3611030227778104e-07	6.048135880152421e-06	3.1464682646414864e-06	0.2534655000199564	0.0048917198007788106
1.0142546376083834e-06	0.002874135338137928	2077	1.4273912753862626e-06	2.8700590980325323e-06	1.6508291387006523e-06	9.399459584634178e-07	5.263864614843641e-06	3.703528052042352e-06	0.24070169997867197	0.005775122196355428
1.0404768893817105e-06	0.003149957039969829	2078	1.4061951335840383e-06	1.9237871892857806e-06	2.1350777448155664e-06	2.2349413212853716e-06	3.332785245179711e-06	2.907433530814374e-06	0.2414993999991566	0.006322175472659381
1.0705570954349314e-06	0.0028375960840560663	2079	1.9092358662864125e-06	1.6926821333579644e-06	1.502945259649986e-06	2.997800317755202e-06	4.691068181476425e-06	3.713811525404733e-06	0.24467390001518652	0.005702245705293815
1.0100415371513164e-06	0.0027323878528198622	2080	2.252977114821499e-06	2.399485200198088e-06	1.9409685334026433e-06	3.4825345542808226e-06	4.81204649050766e-06	4.265910053578836e-06	0.2443337999866344	0.005495027667204903
1.1124491110471328e-06	0.0029942953378720083	2081	1.917242368250948e-06	2.3193936939182283e-06	2.425065707977106e-06	3.0230441114734916e-06	3.371522716920971e-06	4.117229098436318e-06	0.24713019997579977	0.006015477823478445
1.0336846830579874e-06	0.0032491636110362297	2082	1.6114073533355168e-06	1.6211605582109272e-06	2.598517546012819e-06	2.911308631181089e-06	3.4781629551869465e-06	2.3234238586613807e-06	0.24504490004619583	0.006520740159155013
1.0995098495868234e-06	0.003857647087736317	2083	1.7843546593933322e-06	2.497374999680782e-06	2.32330180443489e-06	1.7578600273389922e-06	3.312854189481368e-06	3.059749650030688e-06	0.24151329998858273	0.007738601294341679
1.0300606915246712e-06	0.0033927370393267093	2084	1.1931745027849555e-06	1.583724879566281e-06	1.3028887457469784e-06	7.899297482004992e-07	2.8368375116683364e-06	2.8763095541185834e-06	0.24328400002559647	0.00680383021204434
1.0439507491400032e-06	0.003307268140303035	2085	1.0822792677206455e-06	1.8861724351506799e-06	9.566233488493958e-07	4.5335160360623446e-07	4.3865781283273206e-06	1.4335426904931993e-06	0.23597879998851568	0.006632642850397318
9.951697949731417e-07	0.0034158142745422146	2086	7.253471142135233e-07	1.1932678502603014e-06	1.4668962749861438e-06	1.3964004729214601e-07	5.271207896726679e-06	1.8279705926788526e-06	0.24577799998223782	0.006851342396939938
1.006419738086738e-06	0.004061130950667197	2087	4.6489787715059856e-07	2.072189258492566e-06	2.0166991540768676e-06	2.454446034946658e-07	6.210087933331846e-06	3.0113784747377387e-06	0.24998510000295937	0.008147516904519921
8.92201788108315e-07	0.0031778948894698473	2088	3.669972923548246e-07	1.6943778502110985e-06	2.758601758905654e-06	4.562314634842237e-07	6.503936539246404e-06	4.90577330591309e-06	0.24459270003717393	0.006385669810571186
8.599052366714845e-07	0.002922157049467494	2089	5.96407779571619e-07	1.4189489712877485e-06	3.5640008691874913e-06	7.612485707949639e-07	5.129833661608145e-06	3.631277886176332e-06	0.2455036000465043	0.005869896738694742
9.008024436882783e-07	0.003913036282451911	2090	3.46504854121801e-07	8.960321710380119e-07	2.6156348601360647e-06	6.515081239140047e-07	9.290569651295657e-06	3.368230405296641e-06	0.2412148000439629	0.00785770144991359
9.341666873792639e-07	0.0031014022641437035	2091	4.421271702694048e-07	1.122171693883666e-06	1.2536485544000157e-06	5.469887900991867e-07	9.188024534948635e-06	3.3680683899974346e-06	0.24129130004439503	0.00623314998372071
8.541214774611846e-07	0.00263365990516975	2092	3.435718565440144e-07	9.12747726419236e-07	1.070892904311085e-06	9.799313062702643e-07	4.15856705744498e-06	1.4633718243627195e-06	0.24481489998288453	0.0052835790748515825
8.997175166308441e-07	0.002932807903551862	2093	3.8072278643147327e-07	7.397140499012257e-07	2.2675123171329537e-06	2.653175054133244e-06	3.56918612957213e-06	1.5211411419490659e-06	0.24013560003368184	0.005883637020887627
8.993766847227717e-07	0.003049703275220962	2094	7.26677879111682e-07	9.451362673054918e-07	4.571092517569137e-06	4.599790704610219e-06	2.956588780825595e-06	3.2451276032567526e-06	0.25870030000805855	0.00612445143394813
9.386625605253744e-07	0.002754037070948295	2095	1.1378302361705525e-06	1.2623312017331061e-06	5.34420704113732e-06	6.178592805507345e-06	4.643691855947733e-06	4.3364512375194505e-06	0.2365775999496691	0.005541834714489123
1.0190510373171809e-06	0.0036320408875925693	2096	1.6122620584137271e-06	1.7865839826409025e-06	5.720474925681503e-06	5.281413817811519e-06	6.531601090617422e-06	6.8928337100978145e-06	0.2519933000439778	0.007307369481645751
1.1071912684195702e-06	0.0032027829268480267	2097	2.090838840917654e-06	3.0924977522742133e-06	2.5463969602601482e-06	2.4583364195288983e-06	8.111264291186223e-06	6.077170639963359e-06	0.2608339000144042	0.006446345176068171
1.1264997929900852e-06	0.0033042698498012123	2098	2.3055403304435397e-06	4.4305423793596424e-06	1.2102554552612804e-06	5.55943428554281e-07	7.72700793660571e-06	7.53666504341489e-06	0.24020920001203194	0.006649822326742065
1.0550235182408763e-06	0.0031142871583416326	2099	2.9916108907780626e-06	6.009964283642164e-06	2.7547507902982757e-06	5.87967933140773e-07	4.45566365322761e-06	5.481951036429402e-06	0.2411003999877721	0.006262903886996921
1.0560995308944544e-06	0.0024918955357998017	2100	2.6077366683324232e-06	5.161386757549264e-06	4.2237143831746735e-06	1.78120452815237e-06	9.190125900892878e-06	5.858603825701713e-06	0.24009050003951415	0.00502977477245179
1.003943866954748e-06	0.003331535909568435	2101	2.1272092395056332e-06	6.0206853824165745e-06	4.4590946282138654e-06	2.10649670526553e-06	8.262144490516138e-06	2.6476871649327354e-06	0.24750230001518503	0.006701612856137079
1.051032110546216e-06	0.003205555350159323	2102	1.9236545346078854e-06	2.5411145000087793e-06	5.73927873374158e-06	4.198638942629683e-06	6.467302732922012e-06	3.2851717670604596e-06	0.24861309997504577	0.006447120400250692
9.676851405085844e-07	0.0027071196822360593	2103	9.400851127659733e-07	3.0189061040378007e-06	3.403470217030271e-06	2.888224959167121e-06	5.3465856057248145e-06	1.2353532154687528e-06	0.24582770001143217	0.005439589298788524
8.102358534844945e-07	0.0024603448979946957	2104	5.104694810751971e-07	3.169705561684808e-06	1.2424876339217856e-06	2.1469944051769523e-06	3.348118167510266e-06	1.0676085322355944e-06	0.23914680001325905	0.004938211378177711
8.863709484662996e-07	0.002770686678810292	2105	2.5634387449517425e-07	4.137994790966087e-06	3.1091715718358586e-06	3.065281131085969e-06	3.6250220503923382e-06	1.6475266088943997e-06	0.24466089997440577	0.005564259988204473
8.313960455985102e-07	0.0027720117419356115	2106	7.10916369305251e-07	3.678323581062982e-06	5.001443813636209e-06	4.439178964570194e-06	4.8087607069038e-06	3.4109513669089223e-06	0.24684440001146868	0.00557595556283862
9.159967206841482e-07	0.003388511950423402	2107	9.600442975518589e-07	5.523585339623721e-06	7.324936250402574e-06	4.923409808993349e-06	5.2612452052492395e-06	4.663132458785635e-06	0.24521020002430305	0.006817436625312814
8.642563781372025e-07	0.0033254540708524505	2108	1.7970336107003286e-06	8.85793752829391e-06	1.3318775671595256e-05	1.112691364969001e-05	5.767262030850425e-06	6.670993015601747e-06	0.24074730003485456	0.00671261382501436
8.301183617494736e-07	0.0032483821592292714	2109	2.7822466271359666e-06	6.298018179179528e-06	1.4940273138156445e-05	1.1749022274161796e-05	5.5583623414121845e-06	9.611522543570325e-06	0.245723599975463	0.006564533885170642
8.437388653663514e-07	0.0029518942476958656	2110	3.859056232160868e-06	5.050257243928686e-06	8.237815791379466e-06	1.266218278677218e-05	5.152352052656448e-06	9.052086038958484e-06	0.2601248000282794	0.005963694161359935
8.40474219726638e-07	0.0028355033050632755	2111	4.743662980398721e-06	1.951531375000443e-06	3.2623047324224737e-06	1.1341475959301362e-05	5.797352288165925e-06	5.7209124361729255e-06	0.25269239995395765	0.005717023063061805
7.83371645920574e-07	0.0023873573531216765	2112	3.28139921815837e-06	1.0652945530315865e-06	8.513467453324152e-07	6.807201164312047e-06	6.508787991673229e-06	5.062969441581083e-06	0.24726089998148382	0.0048114302060825375
7.945230140492271e-07	0.0030440275200181817	2113	2.251871580668204e-06	8.780288249977117e-07	1.7101472730404405e-06	5.750902130882411e-06	8.891537506226912e-06	4.12018587130158e-06	0.2325379999820143	0.006126258482629107
8.579744963537732e-07	0.003255438396211309	2114	2.1054432917846623e-06	1.067646089789692e-06	1.7668476877158818e-06	3.842951691988434e-06	5.797054997902018e-06	2.9497765236078594e-06	0.2485222999821417	0.006538869293219624
8.396951213041587e-07	0.0025669442213078837	2115	1.1868537540815e-06	1.3586045201845192e-06	1.49617068655573e-06	2.4126919020134156e-06	5.724209441080265e-06	2.181792223266941e-06	0.24341370002366602	0.005157834157049906
8.609239502819723e-07	0.003296114039576089	2116	9.939043168224918e-07	1.1163420693100732e-06	1.250489384854876e-06	1.47310858738273e-06	4.010361252788901e-06	1.3426225432564661e-06	0.24598010000772774	0.006609489739003203
9.143958788278461e-07	0.0028204415580904106	2117	9.326297309647947e-07	8.557105787967164e-07	2.0733711562772634e-06	1.5468314915412034e-06	3.6066688699893533e-06	1.8461619252502123e-06	0.24446869996609166	0.005659026112486536
8.897614282012584e-07	0.002874975874778538	2118	9.077039893259198e-07	1.8279180588151832e-06	3.847401365054721e-06	2.869568226380949e-06	3.870743903133887e-06	3.285580470808632e-06	0.2431747000082396	0.0057754965128009395
1.0141883249939093e-06	0.003540495678807852	2119	1.153663741588503e-06	1.8151308738339148e-06	8.937918462993e-06	6.847300003192095e-06	5.058703591894998e-06	7.253475477932794e-06	0.24574639997445047	0.007126398105486955
9.599429627419336e-07	0.0026968402162429943	2120	1.3412028512602875e-06	2.2453226052465718e-06	1.222447212312039e-05	9.494258428297826e-06	7.970993256150134e-06	8.496812936902276e-06	0.24565729999449104	0.005453841186805503
1.0708753227330001e-06	0.003205355369551706	2121	1.148148242870789e-06	4.534165473477544e-06	7.679671296562079e-06	6.434717506362858e-06	6.549364805056683e-06	8.571820553214798e-06	0.24671109998598695	0.006462891562984695
1.0698745687457426e-06	0.002913058601727356	2122	9.616662746580191e-07	4.145065043638856e-06	5.0265697022138105e-06	4.666423670703544e-06	5.524933462126736e-06	5.762876191669046e-06	0.24693930003559217	0.005865632296591009
9.102445524062145e-07	0.0027187539057641195	2123	1.0368112542755743e-06	3.1812884063824142e-06	1.9322913837743184e-06	1.9784331794434867e-06	3.2440786953177258e-06	3.515233068785096e-06	0.2435659000184387	0.005460975748385132
9.036026764719559e-07	0.002865234661570093	2124	9.717638276296611e-07	5.4359814469160585e-06	9.296427244178407e-07	3.8870726167834555e-07	3.916077787183087e-06	3.155525093540292e-06	0.24333750002551824	0.005754145829515218
1.0404308907379917e-06	0.0033688046569724183	2125	9.100657342029008e-07	3.02022509478985e-06	2.4410096326118943e-06	4.772881324273253e-07	4.279556888817743e-06	1.882672994117212e-06	0.24674490001052618	0.006758863224086214
9.930605697451453e-07	0.003505344558418616	2126	5.957070205837027e-07	2.5778970117063448e-06	2.9646840429392004e-06	8.214963131854049e-07	5.7255804029660366e-06	1.5074720339317384e-06	0.2509176000021398	0.007034101127238932
9.440300963821156e-07	0.0023995491755645745	2127	9.491119789420592e-07	4.211175976588684e-06	1.8263409700349888e-06	5.852712588077044e-07	7.770715761093561e-06	2.0189508150189397e-06	0.2462501999689266	0.004828137644658512
9.300047357234687e-07	0.003164385966765552	2128	7.323320751832589e-07	2.550082218676549e-06	1.691311572567869e-06	5.888259845363817e-07	6.401614020536565e-06	1.4002831874345072e-06	0.24436519999289885	0.006351798289269457
8.567077608493424e-07	0.0026149223234134	2129	2.6261360605595997e-07	2.7981177962005784e-06	1.104278562589687e-06	7.724770918119406e-07	5.220729491294795e-06	2.163496862178086e-06	0.24838760000420734	0.005251264002112102
8.058433179011979e-07	0.00297822213092811	2130	6.374099265937367e-07	3.41966232671194e-06	1.2876147748491816e-06	1.5201195825194404e-06	4.343289507910949e-06	3.4725360300419487e-06	0.25192030001198873	0.005980552406178603
9.036388633029737e-07	0.0032137493779304774	2131	9.277962768790748e-07	3.4705219101420323e-06	2.605162946524365e-06	3.251011314748446e-06	7.0667628901279914e-06	4.292210418657222e-06	0.25802710000425577	0.006462278472653425
9.037671493180685e-07	0.0033692816617907984	2132	7.961453782100294e-07	2.4627509004575635e-06	2.7390009122752394e-06	3.451081156234063e-06	4.4481409503104904e-06	4.12934846384345e-06	0.24286800000118092	0.006766974815055717
8.904750466725098e-07	0.0030881880631203097	2133	4.778065390273663e-07	2.8050290201440202e-06	2.183074057224127e-06	3.1038727204965576e-06	6.466209749655699e-06	3.1565208907355722e-06	0.23694329999852926	0.0062059723199516395
8.616336224707999e-07	0.0028238942273032673	2134	2.956347842328561e-07	1.9377050575289167e-06	1.5713908752174998e-06	2.5665138864509257e-06	3.6868112531340574e-06	3.3603515523281012e-06	0.24492100003408268	0.00566997729206583
8.289961829590052e-07	0.0028424509042623684	2135	5.058747171959079e-07	1.3331476394375934e-06	1.206752753089329e-06	1.8116605465924436e-06	5.200003479137527e-06	3.0725199918273657e-06	0.24242670001694933	0.0057079622834888995
8.174859443556557e-07	0.002804146268707228	2136	4.208006763157351e-07	1.0858790997027893e-06	1.8605012912999515e-06	1.7644717155445647e-06	5.305839552549842e-06	3.744053658002567e-06	0.2468623000313528	0.005633158948507135
8.155953365969404e-07	0.003186708945171468	2137	5.573823698366596e-07	9.18811874942553e-07	2.4318620372240315e-06	1.4592457687177647e-06	4.275339010453836e-06	3.315567477946282e-06	0.24392199999419972	0.006395598196043651
8.259905567965738e-07	0.0036021262246028543	2138	1.133139976130417e-06	9.161886827397154e-07	2.3517220889320356e-06	9.470435753903676e-07	3.815786667363738e-06	2.4556469570484776e-06	0.24441729998216033	0.007223795391891319
7.598074187006692e-07	0.0023686418135319444	2139	7.852464822754644e-07	6.925989123045325e-07	1.702477188906578e-06	9.853954297488165e-07	3.1545345360461683e-06	1.7906582769665585e-06	0.23836399998981506	0.00475285934554055
8.365102320834029e-07	0.0027700039175696943	2140	5.232437490696183e-07	7.435857996123911e-07	1.929157216484182e-06	1.5656487839863622e-06	4.109331957265223e-06	1.2844891915595652e-06	0.24514939996879548	0.005557230133450357
9.286832571352753e-07	0.0027258100360469367	2141	4.036916000676717e-07	1.2469497864647029e-06	4.017035282444686e-06	4.022019632169997e-06	3.7455171418785267e-06	2.9446926909611007e-06	0.24964360002195463	0.00547654755457497
9.532513737929782e-07	0.002796802080651804	2142	3.313812997110556e-07	1.8911329588354234e-06	5.1687845977202045e-06	4.926282967076019e-06	5.278004389809539e-06	4.100507094147272e-06	0.2447505000163801	0.005626585268842451
9.340826516792369e-07	0.0026696646914698523	2143	3.6355826991875787e-07	3.7892606001372995e-06	6.787923683466765e-06	6.2511798985002256e-06	6.47621841432391e-06	6.368326493297378e-06	0.24297250004019588	0.005384078560510329
9.790307356493567e-07	0.0024446117787901255	2144	4.1265884499669994e-07	4.9718620935955855e-06	6.2449356940105864e-06	5.4696752381760334e-06	6.361167225165409e-06	6.2030774353093e-06	0.24458629998844117	0.004933409240243277
1.0196980637566728e-06	0.002568528133618176	2145	4.0011975793139434e-07	4.224222439856895e-06	5.297573089444385e-06	5.206559802126308e-06	4.687800108837612e-06	6.905096529718818e-06	0.2434650000068359	0.005177409931730338
9.63688958727428e-07	0.002998792106940515	2146	3.9810789329672643e-07	4.989421018436026e-06	3.9517020480392824e-06	4.2296152025803124e-06	3.4172171353325727e-06	5.622606498007599e-06	0.24656639999011531	0.006031160085227518
1.0381098186999483e-06	0.0026581717885492623	2147	5.987695299378927e-07	4.670803972420513e-06	2.2638758229517823e-06	1.9869175553445538e-06	5.987180643324751e-06	5.336801047043046e-06	0.24404570000478998	0.005350588126997314
1.0042163068350819e-06	0.0033378038824925715	2148	5.812047980157022e-07	4.593904753862123e-06	1.5323878352916584e-06	1.28646376392317e-06	4.402966302155616e-06	2.9920041914745027e-06	0.24315560003742576	0.006700400099737165
1.0193098988351438e-06	0.0027573475106778163	2149	4.6302083935828853e-07	3.475102912797845e-06	1.9075278047422376e-06	1.070929389382443e-06	4.303009376347301e-06	1.4925956951159585e-06	0.24161169998114929	0.00553524143224251
9.525956982526105e-07	0.0028566498327420057	2150	6.457375446953978e-07	2.2210561806827235e-06	2.4298959796062475e-06	1.6745016173137851e-06	4.955634322150055e-06	1.4530772906376321e-06	0.24230949999764562	0.00573499347142839
9.712437169659478e-07	0.0028019834645567065	2151	7.122900094544539e-07	1.9040747668073156e-06	3.014961216071508e-06	2.222079295021554e-06	6.373789811549807e-06	1.32383904905871e-06	0.24902609997661784	0.005629158079555916
9.272393940822069e-07	0.0029626926101545955	2152	7.661923739238025e-07	1.511748742114063e-06	4.113740738144617e-06	3.6070882447483645e-06	6.184886740843951e-06	2.8235791709982203e-06	0.24525150004774332	0.005955255401019971
8.991093308998998e-07	0.003308270160624905	2153	9.389196496420485e-07	1.3151216721437404e-06	4.1851048347252e-06	4.531199465527672e-06	5.205087945791699e-06	3.207119405685828e-06	0.23795239999890327	0.006646133300236603
8.652613524662469e-07	0.0031633249587546914	2154	8.066678209664927e-07	1.8569638676450485e-06	3.77146622133915e-06	3.2389801971736395e-06	6.313801892957292e-06	3.749161673760872e-06	0.2496411000029184	0.006358180445454876
8.429080765482991e-07	0.0028564315858333306	2155	5.815417922523941e-07	2.496048597004659e-06	2.6668994227616436e-06	2.143138949555785e-06	6.420666136552548e-06	3.0816200183781213e-06	0.2495113000040874	0.005741441188891193
8.657871043349377e-07	0.0035744951769333903	2156	4.591588804636303e-07	2.896681899968531e-06	2.398472454620097e-06	2.9106472497844545e-06	6.291237412380914e-06	2.6797529956203034e-06	0.24591960001271218	0.00717732886937629
8.359498711553262e-07	0.002648676240776162	2157	3.531874551211489e-07	2.7992761014094414e-06	2.6279496027381236e-06	3.919033512279426e-06	7.147506262290007e-06	3.018443945324161e-06	0.24319670000113547	0.005329055728381412
9.275455095838758e-07	0.0035219768103384066	2158	3.3507132173095976e-07	1.9793009919974124e-06	2.9840493555634185e-06	4.8100564169240174e-06	5.2276056519717924e-06	2.720418942535124e-06	0.24256149999564514	0.00707181323897121
8.639299551171896e-07	0.002496748490669269	2159	3.0683814828758025e-07	1.658817032230508e-06	2.5323873009212116e-06	3.935769250818501e-06	4.519221264554149e-06	2.7115824894515955e-06	0.2493631000397727	0.005018120260489042
8.475216317923674e-07	0.0033702181974329297	2160	3.9682179903801054e-07	1.0411629916597163e-06	2.0061389760887005e-06	2.598702708137715e-06	4.964914877383527e-06	3.359149256211767e-06	0.2485729000181891	0.006764822392871558
7.777968477103033e-07	0.0023843544752431265	2161	5.349356455106541e-07	8.471423783413726e-07	1.7871445765198622e-06	1.0351142849527638e-06	4.622688725046799e-06	1.9525884870190858e-06	0.23877170000923797	0.00478761943549113
8.053088646722129e-07	0.0026705270678324677	2162	4.930639897789129e-07	8.521232731375602e-07	3.3281371566597625e-06	8.21599854504017e-07	4.801581260859034e-06	2.1621478340202395e-06	0.24272799998288974	0.00536208713585812
8.269797458656115e-07	0.00379976366881862	2163	6.57564627377182e-07	1.444365045699007e-06	3.274705384860581e-06	7.125112333693523e-07	5.662934423921126e-06	3.034769705243764e-06	0.24469850002788007	0.007624665851678607
8.30898289893187e-07	0.0023293096381707657	2164	8.695380441660755e-07	1.0755551388749677e-06	1.849065217999902e-06	6.410081365600527e-07	4.341025167776479e-06	1.9847171023651714e-06	0.2423170999973081	0.004677367723999202
7.499888553580078e-07	0.002552200765801504	2165	1.8034534686416348e-06	1.6179356572783925e-06	1.912050772115274e-06	1.1200965479627412e-06	2.81168007353897e-06	1.4064251492580857e-06	0.2437750999815762	0.005120791256205315
7.9552829678871e-07	0.0034820391270183413	2166	1.088091206562548e-06	8.233958155892056e-07	2.513017741918142e-06	1.64164993479906e-06	2.5985772824997663e-06	1.559417012174566e-06	0.2527089000213891	0.006980051453918477
8.759723541002571e-07	0.0037613856806149835	2167	1.0672444801107247e-06	1.048498838988119e-06	2.2104776945059057e-06	1.8568849881372993e-06	4.3409637427425e-06	1.5734499429263503e-06	0.24694959999760613	0.007542535239311247
8.603808063939187e-07	0.0023414581000963477	2168	1.3805078461809343e-06	2.6246523224409887e-06	2.1465140688163944e-06	1.8965838892763236e-06	3.159534458563893e-06	2.0860446386099734e-06	0.24427869997452945	0.004703176378126546
8.223604872256534e-07	0.0031451120993964913	2169	9.953177021821986e-07	2.782235690691698e-06	1.6913184066537524e-06	1.714610557108545e-06	4.474256331797869e-06	2.1673168476003628e-06	0.24867279996396974	0.006312335548482867
7.960728255585563e-07	0.0030178500297903046	2170	5.09937043221003e-07	2.000803312991622e-06	1.0395795951712906e-06	9.549300827796219e-07	4.073582945222381e-06	1.3080531102223031e-06	0.24415640003280714	0.006052560727376779
9.088024787766335e-07	0.003226088182807593	2171	5.154568619401726e-07	2.39970024413629e-06	1.0923640865533877e-06	4.954068698289553e-07	5.203357071216408e-06	1.5487274835764105e-06	0.25223829998867586	0.0064720010677447835
7.831209105713388e-07	0.002975513128389234	2172	5.698161884388027e-07	3.0192280065306064e-06	1.7195461538521717e-06	6.522403666821188e-07	2.9867047669677735e-06	7.678314949849536e-07	0.23738990002311766	0.005966062401839021
8.751070815363631e-07	0.002590432169837232	2173	4.3003796562316276e-07	2.586843596520126e-06	2.2622426182170805e-06	8.135574017042828e-07	3.902077456504691e-06	1.9749160926709635e-06	0.24256069998955354	0.005200461222517954
8.520794904263415e-07	0.0027971077649346357	2174	3.153584459928557e-07	1.0898940070983565e-06	3.189233653118157e-06	1.2167381223252957e-06	4.745127403354825e-06	1.5760749585715861e-06	0.2389032999635674	0.0056143733178025115
8.388888122074748e-07	0.0027541060841816635	2175	2.742450621789195e-07	1.501623575360926e-06	3.043966245613582e-06	1.3981457744541274e-06	4.315449047283768e-06	1.6847881775502923e-06	0.24439830001210794	0.005528108401095018
8.931752680922464e-07	0.0032559764675884656	2176	4.08113159902754e-07	1.977435091018531e-06	2.141472597903119e-06	1.6037103375528397e-06	3.87852573741129e-06	1.6880047136888367e-06	0.24322599999140948	0.0065310030778016935
9.130355517890261e-07	0.002625287240537146	2177	2.5036743453223484e-07	1.0475721761574622e-06	1.7700031271506867e-06	2.230911626773459e-06	3.5236293566928956e-06	1.6808476634109294e-06	0.23994699999457225	0.005268108360582692
9.032770197658172e-07	0.0028700802680194926	2178	4.5207959686146594e-07	1.0412607871782628e-06	4.887872885274619e-06	4.5870975191797816e-06	1.9398391270165576e-06	1.4678559210373686e-06	0.2380006000166759	0.005759750790963118
7.740176029737653e-07	0.003216962927543896	2179	5.276535479672853e-07	9.031730682095927e-07	8.562584410699384e-06	6.773858792715323e-06	3.0396402333351724e-06	2.6189946873220095e-06	0.2416351999854669	0.006463558429954645
9.030653450209813e-07	0.002682062747685001	2180	4.865641001394336e-07	7.553576602117542e-07	5.696180752078167e-06	5.724274343759266e-06	2.4264444601547403e-06	2.8608425097062507e-06	0.24688230000901967	0.005389168576855955
8.94125623967633e-07	0.0032519406592439876	2181	3.886899218855918e-07	7.068991273273527e-07	2.9561060337883223e-06	3.6226519567154115e-06	3.073503634279771e-06	2.252256133734605e-06	0.24498209997545928	0.0065239954363116555
8.630905597269042e-07	0.0031924974330887956	2182	4.117952466817143e-07	8.364557705174215e-07	5.105471985524654e-07	1.6835459159004262e-06	4.134769948702451e-06	1.3757744101455763e-06	0.2455564000410959	0.006401184480146393
9.380354825031762e-07	0.003454513449949578	2183	3.2778715876824487e-07	1.2958617553157055e-06	2.0261598925890766e-06	1.3676011261256024e-06	5.189039678889044e-06	1.1974817922840472e-06	0.24587919999612495	0.006928693423739307
8.681722559577654e-07	0.0031662956265719197	2184	5.071766164141074e-07	1.5968008967848258e-06	4.763787073509712e-06	1.9545993868024917e-06	7.410505178408352e-06	1.5450228984866997e-06	0.25254479999421164	0.006361061017783056
8.680522626182889e-07	0.0035681993623731334	2185	6.722204318912864e-07	1.7249280588957887e-06	7.440564179434793e-06	2.451387400866825e-06	6.767999518353542e-06	1.8965433536417115e-06	0.2507954000029713	0.007167753015086582
8.863474946292843e-07	0.0031762082574073314	2186	8.080414505217631e-07	1.99001578725339e-06	7.588810246481714e-06	2.974765508856571e-06	5.798808282692631e-06	1.7239304054524837e-06	0.25007609999738634	0.006382596320173325
8.216929246326166e-07	0.0036605050449334503	2187	7.296031066410412e-07	1.319786083905388e-06	3.6660406994269364e-06	1.1526401139809405e-06	5.376753278860496e-06	1.5229347312233638e-06	0.24628459999803454	0.007343320921740289
8.948672608583424e-07	0.002969338467698362	2188	6.347437676927036e-07	1.025726799662862e-06	1.9244838040407627e-06	2.034876587331799e-06	3.873853179136196e-06	1.6680365279124557e-06	0.2403247999609448	0.005957170280291266
8.772554371187475e-07	0.002962207352266833	2189	4.321642615176787e-07	1.1139222101230183e-06	1.315607619574576e-06	3.7357959488756936e-06	2.7269978176788612e-06	1.015653462362302e-06	0.24334889999590814	0.005940252008008077
8.375429572058725e-07	0.0029726370010321537	2190	3.4674712292782967e-07	1.5366747731151845e-06	3.015824164383031e-06	5.299371116449472e-06	3.2912792394252113e-06	1.352568245638355e-06	0.24809170002117753	0.005966435400125722
8.555382054168566e-07	0.002867473526193489	2191	3.134059123200247e-07	1.9436714496840437e-06	5.824841309264623e-06	5.837437297508061e-06	2.271972572368103e-06	1.942713305203455e-06	0.2437264999607578	0.0057590068565217326
8.690485424075669e-07	0.0028533954444298825	2192	4.2189132107769267e-07	2.1003489725590106e-06	9.32562826677748e-06	7.468461406316015e-06	2.7283624151619723e-06	2.341332658324849e-06	0.2388689999934286	0.005737984706058284
8.723710771061545e-07	0.00309999522444295	2193	7.407779166215719e-07	2.5442221603953595e-06	8.284001784618406e-06	5.989858698084324e-06	2.574498404445565e-06	3.4786504211966593e-06	0.23449290002463385	0.006231400349251116
8.664330894109625e-07	0.002717059789792769	2194	1.2350342651383558e-06	1.091368635139893e-06	2.8997821720742347e-06	2.4246164791075726e-06	2.882924306369042e-06	2.956305353647956e-06	0.24939770001219586	0.005455181706635854
8.02979729574896e-07	0.003589713852999077	2195	8.28545220281927e-07	7.175106845554668e-07	4.038017266174668e-07	1.4559902644307143e-06	3.823247058873588e-06	2.212973137806957e-06	0.2447451999760233	0.00719651195374655
8.51627200233616e-07	0.003230964757446036	2196	6.550960522082561e-07	1.2806784549351818e-06	1.7245100265260838e-06	1.8802825420600775e-06	4.605358186881682e-06	1.3311066081995424e-06	0.24405670003034174	0.0064810462659584305
7.743268774265028e-07	0.0031266775986379374	2197	6.282725904682671e-07	1.7577186134921829e-06	2.514709047315682e-06	2.3512951687593024e-06	6.328356790567418e-06	1.243386053099312e-06	0.24192060000495985	0.0062772993321380975
8.366319132363902e-07	0.003108711822134718	2198	5.284106503940525e-07	2.5469313757059856e-06	2.4206626448146598e-06	2.135814746075444e-06	5.465927609138872e-06	9.606887199731098e-07	0.24321480002254248	0.006239581960171123
8.8550796726849e-07	0.003218319852215476	2199	2.1535901947517366e-07	1.3116429298439777e-06	1.9888584025857633e-06	1.171747979375424e-06	3.899266386919225e-06	1.0360712781261913e-06	0.2439081000047736	0.0064529690040268615
8.376373053191937e-07	0.003373351707487951	2200	2.6806081177418087e-07	1.3310584934137973e-06	6.995816980000054e-07	3.289328929601557e-07	4.123039095572359e-06	1.5794537707613044e-06	0.24551310000242665	0.006762411309215357
9.48651208018721e-07	0.003258538940656656	2201	3.9623800338379985e-07	2.008939443395766e-06	8.713083585374146e-07	3.7899181876255445e-07	3.4789554804635938e-06	1.7644367968789556e-06	0.2532864000531845	0.006533117445908115
9.12650204874427e-07	0.00293405768075155	2202	3.906023571095635e-07	1.33959657617449e-06	1.713159880985376e-06	1.3978178961603788e-06	3.2732317921927843e-06	1.6023898682483441e-06	0.2335319999838248	0.005884533081944161
8.026937000799576e-07	0.0036183744317574706	2203	5.658582436494732e-07	1.977346105899324e-06	2.8527174383173533e-06	2.7587258221219806e-06	2.1481504122559303e-06	1.8483072585820218e-06	0.2519719999982044	0.007254501813866765
8.095671654130572e-07	0.002832686663102221	2204	6.563300525260397e-07	1.0829829512095559e-06	2.950383611235588e-06	3.3907223025878834e-06	2.528320950798214e-06	2.091190828775437e-06	0.2442985000088811	0.005684311903011975
9.25445621907885e-07	0.0038071087361374652	2205	5.250524596392248e-07	1.005213518047983e-06	1.6766434681228857e-06	3.9822729354093555e-06	2.236671734718384e-06	1.7478584230640832e-06	0.24629490001825616	0.0076312266062155305
8.307060593351934e-07	0.002505942230952283	2206	6.305091298542037e-07	1.3530608504317313e-06	1.538678452496869e-06	2.6904656545727154e-06	3.2838557582027473e-06	1.3289212890116867e-06	0.2511192000238225	0.0050289841422050206
8.487888591191489e-07	0.003059902336724612	2207	5.612313566689107e-07	1.5011409749705258e-06	1.8132039214685062e-06	1.9952253640757227e-06	4.651169186548502e-06	1.723506818316081e-06	0.24548520002281293	0.006140122404794374
8.103865830405314e-07	0.0024891017492329735	2208	6.505860131171001e-07	1.984664325294157e-06	3.936717251114501e-06	2.653978045509753e-06	4.431857852208733e-06	1.8560337064422723e-06	0.24569549999432638	0.005001626000384365
8.155206133769179e-07	0.0025188466943221184	2209	6.64715417031429e-07	1.8101502178988584e-06	3.7853092382503684e-06	2.5530864844740977e-06	3.900419681288781e-06	1.8836603316689441e-06	0.2428879999788478	0.005059705851254561
8.952714140561981e-07	0.002937803870985912	2210	5.418601926589978e-07	1.7175248970787373e-06	2.5648504818157707e-06	2.3592337576162806e-06	4.486211844776727e-06	1.1066608224850461e-06	0.25300899997819215	0.00589576749946363
8.404926586320703e-07	0.0037223990916630334	2211	3.108039745703637e-07	1.2051491939933356e-06	1.198761921448851e-06	1.545981254475045e-06	3.7888515443799458e-06	1.5019414932242035e-06	0.24910459999227896	0.007461321451063028
8.536998243647165e-07	0.003116940523569893	2212	2.1935754220774945e-07	1.130476373085185e-06	1.1027831988394695e-06	1.2421073705636424e-06	3.444487924588778e-06	1.9570531956690646e-06	0.24554649996571243	0.0062500862535137276
8.396365096349399e-07	0.0024485669381207704	2213	8.159749518531309e-07	1.4623981657661525e-06	2.273738590724688e-06	1.881952078466201e-06	3.2376680849550955e-06	2.616806723656121e-06	0.24153730005491525	0.004916956162664843
8.27926089206768e-07	0.0037515271450802084	2214	1.414111830954098e-06	1.2947867818338829e-06	5.416462616045455e-06	4.096190208609262e-06	2.5961842083261853e-06	3.318879637923168e-06	0.2399421000154689	0.007528761821468772
8.343487287537241e-07	0.0031844623474795225	2215	1.5631469784084544e-06	9.557369729458723e-07	5.779299374313051e-06	4.6007751723935216e-06	2.9806183530041207e-06	4.67553332033057e-06	0.24746380001306534	0.006398804654261282
8.973483449109612e-07	0.003720691403073828	2216	1.4510002454201028e-06	6.5982746585024e-07	4.567491448763677e-06	3.82762462171479e-06	3.935979076559851e-06	3.176250652197679e-06	0.2535634000087157	0.0074679079060767425
8.510174371335876e-07	0.0024153022489036076	2217	1.2294103157770518e-06	6.967698804970276e-07	2.0660131477129385e-06	2.5080701843727106e-06	3.2606482713081854e-06	2.3580657924851046e-06	0.24712220003129914	0.004850044224337428
7.43732481069787e-07	0.0025087710530977813	2218	7.038872736403236e-07	1.6399031887845548e-06	7.851884014595932e-07	4.3950971735973286e-07	4.882104533813904e-06	1.649114810556557e-06	0.2428646999760531	0.005035660498427687
8.423553953001227e-07	0.0023625550584411717	2219	3.818213342945743e-07	2.5215215430543272e-06	6.345137943368921e-06	2.2461917401899542e-06	6.955961560679437e-06	1.3890908495561872e-06	0.24803620000602677	0.004754979605054323
8.291157254440623e-07	0.002809739738323074	2220	6.98125811699928e-07	2.3282566379001143e-06	1.1129101483007771e-05	5.382232396957806e-06	4.650323692500152e-06	1.947475495267901e-06	0.2463935000123456	0.005653871022802138
8.080575923017221e-07	0.00280484547770686	2221	9.191696218729757e-07	1.5286237056609392e-06	9.576326779479655e-06	4.470216654449769e-06	7.873935791229017e-06	2.349472922303217e-06	0.24123470002086833	0.005648248224786851
8.682082409049225e-07	0.0032973724643627672	2222	7.18040246792043e-07	1.3795191929188857e-06	4.1835683279415415e-06	3.2520445024787966e-06	5.431349857864756e-06	1.4379378511649677e-06	0.2415235000080429	0.006619753092895536
8.610356217418535e-07	0.0033659720956644417	2223	5.027432904211213e-07	1.2696447041866497e-06	2.43693055276977e-06	3.449332181338445e-06	3.433822083532702e-06	1.0829912195219977e-06	0.24582830001600087	0.0067503585399071924
7.340636143361443e-07	0.003190718381267176	2224	3.0109376215453184e-07	1.0115773711763924e-06	2.715770873497913e-06	4.812022024303348e-06	2.6867564043254873e-06	1.9287449540604685e-06	0.2459963000146672	0.006400976356510929
8.499980344342107e-07	0.003133213958273629	2225	3.19221994607713e-07	1.4312719484955978e-06	6.572197993391974e-06	8.040230576883281e-06	1.8202519349364746e-06	2.5459513621831885e-06	0.23968339996645227	0.006293223241723745
8.219169066476082e-07	0.003055216118762151	2226	4.0300445665109174e-07	1.407558848190843e-06	8.864166876123233e-06	9.42194243737208e-06	3.0270326676789325e-06	2.3192685517675096e-06	0.24495100002968684	0.006142865346394827
7.665486076123513e-07	0.0030625825846189968	2227	6.412130898549979e-07	1.5370928658086712e-06	7.467030950417977e-06	7.794276545393305e-06	2.905910636642681e-06	2.351790150673404e-06	0.24696340004447848	0.0061546532814793255
8.673682101683097e-07	0.0026664311376732334	2228	1.1365349959023396e-06	1.952315917413917e-06	4.212494004457966e-06	3.814781285764913e-06	1.8328369756252296e-06	2.2157792056106035e-06	0.24359999998705462	0.0053538103703328135
7.894952856929185e-07	0.003477049818726955	2229	1.0723469748222964e-06	1.5010921801627886e-06	2.2215781403497818e-06	2.310666151912898e-06	2.419931255522193e-06	2.578808579708965e-06	0.24059429997578263	0.006972781791143007
7.630809148472582e-07	0.0029065774262682044	2230	1.3516521868747268e-06	1.4792070617203683e-06	8.521184259621691e-07	1.4316233685582996e-06	5.446496944077104e-06	2.2711270068933064e-06	0.2432346999994479	0.005835230863311159
8.108497969412968e-07	0.0033448588226067683	2231	8.880183740459432e-07	1.3308051646495626e-06	3.7663322299649215e-06	2.3934193811207023e-06	7.700829540224033e-06	2.747188119539672e-06	0.24784829997224733	0.006720613955276729
7.327199666505075e-07	0.002057554783312028	2232	1.0358176037918681e-06	1.714332529159736e-06	4.317744133443317e-06	2.7120993583233805e-06	6.257935412537921e-06	1.9464529760609504e-06	0.23988900001859292	0.004142763776959273
8.179305116194841e-07	0.0037233663829570624	2233	6.844795450143271e-07	8.807214233734516e-07	3.71869748026564e-06	1.907876212176691e-06	5.92565508981749e-06	2.710412832870926e-06	0.23635670001385733	0.007472832537443571
7.957927391679028e-07	0.0031744682580037414	2234	9.37648891663774e-07	1.017485867174574e-06	1.3209536698927733e-06	5.167623741467396e-07	4.450368371021037e-06	2.3348473467004925e-06	0.24159599997801706	0.006367891383724139
7.709461929107838e-07	0.0020875013111777037	2235	5.259847870897141e-07	4.803763446965239e-07	7.043164300430946e-07	7.254915004352486e-07	2.938238523123716e-06	1.4342343610577086e-06	0.24659090000204742	0.004187725629571857
8.685432765461337e-07	0.0027997983022384804	2236	5.644794253159927e-07	7.093061843594686e-07	3.5511884615639104e-06	3.531239481407081e-06	3.893400284550592e-06	2.2256290091859013e-06	0.24922019999939948	0.005621927963170173
8.675647401994741e-07	0.0029545667017594323	2237	5.511564909279962e-07	6.87757741679814e-07	5.968922713228324e-06	4.1888245261787196e-06	2.6268411060222827e-06	2.6447339844504457e-06	0.24833560001570731	0.005932808344652223
9.836236428127552e-07	0.0037323885315203157	2238	4.424282424421278e-07	7.613354376779623e-07	8.484505058208653e-06	5.9792104089262e-06	3.6800417370265287e-06	3.3445573257997433e-06	0.24414450000040233	0.007496460987599163
8.09114771430212e-07	0.0029840462546783745	2239	5.905333071253637e-07	1.1446488184392923e-06	6.361543918897853e-06	4.8862162656463115e-06	2.952476735369107e-06	3.4600832714284544e-06	0.2457616000319831	0.005995518801223313
8.355610434182351e-07	0.0028628452900891755	2240	1.0050260952693866e-06	1.299976934256843e-06	4.409637130838308e-06	3.28514153243973e-06	2.6448807984547583e-06	3.471154105189746e-06	0.24485440005082637	0.005749593553765281
9.61813867898245e-07	0.0022740598205968966	2241	1.579635526986727e-06	1.3020697220086366e-06	1.874062021206664e-06	1.8254988190653096e-06	3.0459935129679866e-06	5.637817895089339e-06	0.24876699998276308	0.0045739921578349715
1.0313044225077576e-06	0.0031560437186988017	2242	1.7580310666796992e-06	2.2157413371298554e-06	1.0521828900571635e-06	1.0030635855552254e-06	4.195017679198591e-06	6.456053727936046e-06	0.2423358000232838	0.00634148120793631
1.0205338044871964e-06	0.003354778410980983	2243	1.7064838704870147e-06	2.4107437811860457e-06	7.359953943884165e-07	3.3447730412882903e-07	3.445893208405851e-06	3.2949030297309694e-06	0.2423226999817416	0.0067302671823974035
9.968660562377777e-07	0.002219754689069122	2244	1.6985288468031267e-06	2.276228478559897e-06	8.211421176032383e-07	4.415439946410238e-07	3.879974419896722e-06	3.6831207817679953e-06	0.24174450000282377	0.0044618667440916564
1.0723649137828372e-06	0.003359197704279807	2245	1.1624530106473465e-06	1.6130267150663448e-06	7.306740478223081e-07	5.276984552341213e-07	3.2029278670333797e-06	2.998679440404541e-06	0.24427049997029826	0.006736977205230827
1.039837665049086e-06	0.0036557901671256943	2246	1.4093606337011381e-06	1.7256650283788745e-06	1.3553901796641046e-06	7.144150397339311e-07	3.773375495267862e-06	1.8638666567741102e-06	0.24930159997893497	0.007330139324767049
9.736220171707286e-07	0.0031500846549981838	2247	9.897829811172326e-07	1.6355793543982968e-06	1.922219628932846e-06	1.1588031774805906e-06	4.393111501573659e-06	1.8111305144649799e-06	0.22450620000017807	0.006320231423204715
9.504705449820646e-07	0.0036484221823573104	2248	1.0571333040619464e-06	1.8279895823145053e-06	2.962181777303473e-06	1.9595959112213733e-06	4.855023982392184e-06	1.224751761471695e-06	0.24792180000804365	0.007318711757867214
8.888971788847996e-07	0.002775226847942211	2249	9.033585337954471e-07	2.136499105151193e-06	2.5333668116058557e-06	1.3549144254270182e-06	5.121301359596122e-06	1.2154061829857115e-06	0.24496410001302138	0.005571833044203335
8.421178294007905e-07	0.0029125878579388895	2250	5.298062117062296e-07	2.0545314644166692e-06	1.653873318099877e-06	1.10139571181206e-06	5.316677362399163e-06	2.1461030627964405e-06	0.24336899997433648	0.005847125119093007
8.243567620058908e-07	0.0034850621234912772	2251	4.5164647842769884e-07	2.888225385803031e-06	1.3554859120923576e-06	2.3398824791905887e-06	5.85204893158294e-06	3.557505745154559e-06	0.2496520000277087	0.006997627310115556
8.650446250318594e-07	0.003158449001016964	2252	4.494255846663957e-07	2.597229212787139e-06	1.1481988830089503e-06	2.8517046230618195e-06	7.336125110562103e-06	3.889200364071063e-06	0.24927289999322966	0.006348125300536782
7.798227206870254e-07	0.0026944429525157217	2253	3.730719668182742e-07	2.2555501408105136e-06	1.87373731837168e-06	2.375143983497596e-06	4.702748287841087e-06	3.828863146368693e-06	0.24718780000694096	0.005414386276750736
7.985981792121368e-07	0.003060419133537174	2254	2.4389538420546186e-07	2.0262462383757646e-06	1.9773247781156484e-06	4.058484695383849e-06	4.060491767762329e-06	3.5904858713873006e-06	0.24086980003630742	0.006146043369807152
8.021951107531622e-07	0.002995362976770901	2255	2.6539106058864216e-07	1.346548240452523e-06	1.7725250345255254e-06	3.5090135377478217e-06	4.987982491164221e-06	2.247045504312321e-06	0.23109419998945668	0.006013693877627575
8.109905117655229e-07	0.002781698108959752	2256	3.9196800870837303e-07	7.327686811719928e-07	1.5116838375416867e-06	3.2139760630547015e-06	3.2754427395455656e-06	1.5201237063323633e-06	0.2567415000521578	0.005580459728425267
7.775205874857723e-07	0.0031346156656060892	2257	3.9358576067490706e-07	8.771950702753259e-07	1.3916234204401803e-06	3.0733582480636527e-06	3.504224460740838e-06	1.302255694430808e-06	0.24384920002194121	0.0062861350951969475
8.42907982396799e-07	0.002708571562324843	2258	4.122422627021015e-07	1.3354802080472095e-06	1.3361858939082709e-06	2.2833108157221415e-06	3.7796060657646176e-06	1.0913142937728e-06	0.24654119997285306	0.005433938000513934
8.393618220439209e-07	0.0033784361278190933	2259	5.185205470034801e-07	2.1356393847728613e-06	1.9822279549400315e-06	1.9391236993078582e-06	4.668326182817298e-06	1.8998860503296993e-06	0.23784610000438988	0.006778262915334592
8.273851997339385e-07	0.0031251931721218134	2260	5.53266403161017e-07	3.9969709132002325e-06	2.388371435837678e-06	1.3956925851952732e-06	7.39564461738318e-06	3.077185257701236e-06	0.24238369998056442	0.006281321075730657
8.829289785551866e-07	0.0026995025237754704	2261	8.155506471001211e-07	5.105125554756404e-06	3.022629653668994e-06	1.4016585827255197e-06	7.045212134831796e-06	2.720641560410952e-06	0.25990720000118017	0.005430647577336788
8.815505596594168e-07	0.0036606871719406164	2262	7.306723918676754e-07	4.408587871342889e-06	2.7316229330124237e-06	1.8130184167127002e-06	6.359448922328008e-06	2.34765472947155e-06	0.24071300000650808	0.007350235553917088
8.142405818849604e-07	0.0030404387127205374	2263	4.4172142926283836e-07	4.082194954708942e-06	2.250387288594874e-06	4.083340666666911e-06	4.203099414055663e-06	1.565514956014215e-06	0.2438119999715127	0.006104900779684217
8.755198770592037e-07	0.0026713372571363263	2264	3.050614039107125e-07	1.3573932792485843e-06	2.167997538656444e-06	4.528863288890851e-06	3.9418510287342456e-06	1.4713058901660258e-06	0.24743409996153787	0.005363611183375278
7.592072098278602e-07	0.002671913289017301	2265	2.92685656351539e-07	2.9503126528223327e-06	1.2136198281258702e-06	4.518186909592465e-06	4.56446837142581e-06	1.3855386334379503e-06	0.24700970004778355	0.005366219811510877
7.846799663455499e-07	0.003254113556629713	2266	1.6586025458521363e-07	1.446229021916516e-06	8.019507838119624e-07	3.927275192339107e-06	3.1867918623012846e-06	1.5113286999968738e-06	0.24938749999273568	0.006525534029569366
7.641848313426832e-07	0.00329752960386268	2267	3.8927043809408894e-07	2.0552210688353515e-06	6.454983315459257e-07	2.4790750763836715e-06	3.909968404953683e-06	2.142401576965834e-06	0.2511164000025019	0.006614261382266744
7.996662136553084e-07	0.002593985745903968	2268	5.967952345975864e-07	2.1678115792729936e-06	7.735882323102074e-07	2.8562351829732525e-06	3.166794541836162e-06	2.37579430474511e-06	0.24876849999418482	0.0052070504321575645
7.767749026802174e-07	0.002833066295137086	2269	5.866052879989265e-07	2.3103683857406167e-06	9.042404565921758e-07	1.878980969798487e-06	3.5717688244498794e-06	2.472575000236896e-06	0.2490366999991238	0.005685455022829036
7.761719698280988e-07	0.0030181028069627357	2270	9.363082108817584e-07	2.1576689108481716e-06	1.1580005723896842e-06	2.153820058947942e-06	4.1548017261811136e-06	2.3900351316960816e-06	0.24260619998676702	0.006057253429333951
7.897632385506103e-07	0.0032057953411488605	2271	5.505323117819222e-07	1.3651897232473901e-06	7.462134976659922e-07	3.003737586128368e-06	3.6116879161493386e-06	1.6587908589962151e-06	0.2443848999682814	0.006429376839443936
8.166306549939156e-07	0.0037965146174765907	2272	4.1306420170652396e-07	1.0986521644736052e-06	3.3350777115557046e-06	5.523962903894328e-06	2.4148056427505983e-06	2.0584879013404237e-06	0.2464581000385806	0.007613979840332982
8.451063232131596e-07	0.002850067134817728	2273	1.2335501731189348e-06	1.3030412723639477e-06	8.621798733381916e-06	8.228019455110103e-06	3.277131442897342e-06	3.5875410373425084e-06	0.24754549999488518	0.005734940236876337
8.604310945525863e-07	0.003370910625260337	2274	1.276185785569799e-06	9.979589465737496e-07	1.2426501116157724e-05	1.1426720114427607e-05	1.7664629768804214e-06	4.833165617727317e-06	0.24743440002202988	0.006782868735861724
9.571555111181499e-07	0.003224943389739487	2275	1.2898670334674492e-06	5.581042022340345e-07	1.643850455569791e-05	1.6202419056801018e-05	3.0797384650715027e-06	6.996846796971152e-06	0.2407299000187777	0.006506443155873495
9.963788612605363e-07	0.002762751158251253	2276	1.72385945738994e-06	7.288101361748623e-07	1.6807427381632417e-05	1.6697712900815068e-05	4.20637139665129e-06	8.335685019253358e-06	0.24401580000994727	0.005588536996932849
9.439917298772959e-07	0.0037543527806956573	2277	1.376982708226534e-06	1.3624727733789383e-06	1.3694025598508849e-05	1.983492227865832e-05	4.441676638209131e-06	1.0714031021156519e-05	0.2565010000253096	0.007577173363528573
1.1418717880612847e-06	0.0033233700049433218	2278	1.0640017906827291e-06	1.6270626495002729e-06	3.0255652776900045e-06	7.899841213790742e-06	3.94936742660255e-06	5.282843582810236e-06	0.24400239996612072	0.006681104646413256
9.578145404306042e-07	0.002696271685868088	2279	1.1551594947840787e-06	3.706202215958412e-06	2.1884938498373513e-06	3.1143990996695097e-06	7.745994419905395e-06	2.922560937777471e-06	0.24317240004893392	0.005425960366192651
8.804118175026933e-07	0.0029052972145591546	2280	1.7541584033336379e-06	3.3630399043242795e-06	9.759293122797208e-06	5.828902524193039e-06	1.0361406237981186e-05	2.511167420251359e-06	0.23714889999246225	0.005858805794024429
8.893452460242403e-07	0.0027239843172311307	2281	1.6096714613463212e-06	1.7676853668572699e-06	1.2937023011659969e-05	8.437999738117768e-06	6.875761753232384e-06	2.429004203766203e-06	0.2492676000110805	0.005493109236446287
9.795931275536316e-07	0.002664301668469441	2282	3.2501308801368583e-06	2.7090243179698348e-06	1.0455824417325186e-05	7.693153196794225e-06	5.873774900745387e-06	1.8945636517430984e-06	0.24729689996456727	0.005370207333111192
9.270268529008762e-07	0.0027083065800366205	2283	2.8925202501030253e-06	1.4851856965839682e-06	6.249699984788893e-06	9.940409682291102e-06	5.446310395289246e-06	1.819293592030625e-06	0.24132189998636022	0.00545356623736745
9.359982871494001e-07	0.0025986913269679295	2284	2.955611726220452e-06	2.0936961050202777e-06	1.6997914610657446e-06	9.65857722944831e-06	3.073053686911931e-06	1.343324465704108e-06	0.2460878999554552	0.005224495083337144
8.735062764276054e-07	0.0031811157704277294	2285	2.2703904119288626e-06	2.7844908048889563e-06	2.623810168081596e-06	7.1067874336118745e-06	2.287985410492004e-06	1.2575540457891235e-06	0.23833130003185943	0.006385855111139387
8.631933274961439e-07	0.002938884177924833	2286	2.2651077285399164e-06	3.5995584620160336e-06	3.804142465008242e-06	7.700036601174153e-06	2.6504149703313304e-06	1.440238342364682e-06	0.24888009997084737	0.005905044894386789
8.476488609039912e-07	0.0032180481688927464	2287	1.9048483662453777e-06	4.145665271567771e-06	3.7868867096016137e-06	5.614577438689425e-06	3.7639910032176997e-06	1.5377123453862776e-06	0.24780700000701472	0.006463847019990613
8.184914125241863e-07	0.0026064493375473285	2288	1.1259305340619498e-06	2.8566924104480807e-06	3.7716650788464582e-06	5.822239929469985e-06	4.409619865524037e-06	1.9396482834704933e-06	0.24091900000348687	0.00524081072217052
8.397265006683255e-07	0.003693062627624987	2289	1.1012091511372752e-06	2.2197460908492397e-06	1.478361123773326e-06	3.4325384743544555e-06	2.791146957516389e-06	1.8648327045400531e-06	0.2402563999639824	0.007405348522415539
7.731258959031339e-07	0.001864119140168643	2290	7.584088213550031e-07	1.104081499597764e-06	7.934827612757296e-07	2.8084028967711113e-06	2.975240048675831e-06	2.4858883622735714e-06	0.2419083999702707	0.0037461711649299906
7.802108686603158e-07	0.003695991610779392	2291	8.370111303156279e-07	8.072553661671115e-07	1.703335047564224e-06	2.4886612686265495e-06	4.871280620788554e-06	2.5980674374445814e-06	0.2448607999831438	0.007414318602225244
7.477252249786107e-07	0.00292389420094751	2292	6.616926760150698e-07	5.065618520417784e-07	3.0111001520447644e-06	2.402844574989179e-06	1.1373809997488768e-05	3.1643995223271808e-06	0.2602490999852307	0.005884942470639699
7.684630787560138e-07	0.003766474907198382	2293	1.6841827571177498e-06	7.571784093747777e-07	3.5748617343285257e-06	1.8473139984098539e-06	6.42944851227721e-06	5.777405370615442e-06	0.2445076999720186	0.007566763985219291
8.147712307086348e-07	0.0027786754292579096	2294	3.2115732297668486e-06	9.27219067089089e-07	2.455949011254921e-06	1.001998597717869e-06	6.991746859424764e-06	7.259501474628569e-06	0.2440442999941297	0.005595079637551172
7.254062845402583e-07	0.0030733664204955187	2295	4.862865043781664e-06	1.089804499191027e-06	1.424125275381494e-06	5.571248338209797e-07	5.260848248462378e-06	8.69361706722803e-06	0.24152640003012493	0.006184026503843674
7.854378297206045e-07	0.0033312112056683727	2296	5.567577287342845e-06	1.166121092507135e-06	1.6402113932489624e-06	1.1639729228174165e-06	4.433402058154093e-06	9.711604813449822e-06	0.24485509999794886	0.006701821183435311
7.477328557969455e-07	0.0033011923852394624	2297	4.933586786759405e-06	7.85372816027003e-07	1.4341107933052902e-06	1.9560098292236e-06	4.556382273476928e-06	7.458314943578377e-06	0.24262460001045838	0.006637018710849944
6.820630205335326e-07	0.002092984280823451	2298	2.6855475919304135e-06	5.059488343710318e-07	8.008783798564331e-07	2.213127801147734e-06	4.219825228002577e-06	4.626970540738039e-06	0.2445762999705039	0.004211231781832757
7.692132237971513e-07	0.003424994690528502	2299	1.409556768322338e-06	1.0564023228603959e-06	1.1020432608048615e-06	2.430017525233623e-06	3.0801670891871194e-06	2.9361933961483592e-06	0.2428500999812968	0.006869558548352491
7.685111883606832e-07	0.0025063175172009254	2300	4.2167673789689706e-07	8.075776720775068e-07	1.9817932355678665e-06	3.992678268025395e-06	2.996161492756828e-06	2.267322475729164e-06	0.24255730002187192	0.005031902750629111
6.775479757335868e-07	0.002642667362034455	2301	4.2675231363929246e-07	1.7740338144330527e-06	1.506106644664228e-06	3.3238643757547124e-06	4.183047576954578e-06	1.5723914703954405e-06	0.24521850002929568	0.005305231455263569
7.833923956968986e-07	0.0038477554259623145	2302	4.719319643229241e-07	1.8818047505194476e-06	3.3236895882011013e-06	6.1437103835233344e-06	2.932578915272556e-06	1.5562519822338666e-06	0.24483280000276864	0.007717876435197601
8.277670296413241e-07	0.0030878959859710073	2303	5.868428046916993e-07	2.6151596828606406e-06	2.045619958002083e-06	4.545103908485789e-06	2.9736827382327865e-06	1.3869963077866296e-06	0.23754990001907572	0.006195961590447377
7.507868793516153e-07	0.0035545609693267066	2304	7.570806439361173e-07	3.954999236644806e-06	1.9005784428752413e-06	4.443727111273061e-06	3.7947320925980233e-06	1.5818444285755932e-06	0.23295560001861304	0.007132433050889193
7.847704284851403e-07	0.003339560158601252	2305	4.55425455441984e-07	2.180169031332789e-06	2.3702877551695897e-06	4.104046963249982e-06	4.537057167850929e-06	1.919384572435952e-06	0.24705549998907372	0.006702712670745243
8.214696309100982e-07	0.0030964663012057678	2306	2.654010969995295e-07	2.143610562899017e-06	1.8663603731310012e-06	2.896083819016018e-06	7.683984061068512e-06	2.4214140076996965e-06	0.24366150004789233	0.006221957793662938
8.83089270372335e-07	0.0034812995121575323	2307	3.138582489413745e-07	3.1598762295925166e-06	7.12607686468685e-07	1.1988846518086691e-06	3.1516597708248697e-06	1.7737541425905644e-06	0.24361120001412928	0.006979601257499452
8.842878587874096e-07	0.0026492260473347153	2308	3.622805592509974e-07	2.2856760380733786e-06	4.1169715245923824e-07	7.25973867790661e-07	3.5909428040030053e-06	1.5552648618412929e-06	0.24008850002428517	0.005314298713336268
9.529667760901781e-07	0.00284181914873403	2309	5.597780160071131e-07	1.3710189087855604e-06	1.4273997935761432e-06	1.0527241675998397e-06	4.998398027633723e-06	2.0836501330124746e-06	0.24514499999349937	0.0057041192482275025
8.381897644989011e-07	0.0033010468903063635	2310	4.82474864198425e-07	4.0789029370136635e-06	3.0041135735844245e-06	1.8487057759946757e-06	4.590003647728045e-06	1.1400160986256643e-06	0.24465170002076775	0.006624644396785224
8.449689621360204e-07	0.0033976533645377195	2311	6.021419570789875e-07	3.0672058703362623e-06	3.4009218683436536e-06	2.3850820320634393e-06	5.618227867584357e-06	1.5477428614476704e-06	0.26087469997582957	0.006820783960185597
7.961913116130968e-07	0.002596238572184816	2312	6.475588153313414e-07	1.7507011228465112e-06	3.296119955024517e-06	2.7688769952491157e-06	5.027376616561111e-06	1.505367648480277e-06	0.24678769998718053	0.005215598272411391
8.902304123489924e-07	0.002979534906831247	2313	8.805409012116484e-07	6.555966683881372e-07	1.3136018811853183e-06	1.2393261599973964e-06	4.039927729072618e-06	1.2826645749060394e-06	0.24857030005659908	0.005975584524705931
8.924606266772133e-07	0.0030470036850030963	2314	6.561303186291003e-07	7.184887117067359e-07	8.679104928403439e-07	9.312911964988115e-07	3.3990703305137673e-06	1.2463125621309471e-06	0.24334000004455447	0.0061082568777645115
8.679554320777953e-07	0.0029052406595037835	2315	4.4324734940649113e-07	8.759128967279002e-07	2.732839640206172e-06	1.6510879969546352e-06	3.2269920598381733e-06	2.4549289883796195e-06	0.24112869997043163	0.005829284159851454
8.482588542777692e-07	0.0025944138393702867	2316	4.4581718853405625e-07	1.211910426749609e-06	4.9566110998485075e-06	3.387970594255888e-06	2.918357582319607e-06	3.307415137369689e-06	0.24313259997870773	0.005212978051197896
7.447482914269351e-07	0.002645835844605358	2317	4.735590657827104e-07	1.0290744857662323e-06	5.199623225429469e-06	4.239512657598174e-06	2.69421460951076e-06	2.69818939291047e-06	0.24627580004744232	0.00531488776323299
9.983167165077216e-07	0.0033866220198557253	2318	6.532048515418924e-07	1.1404189232893692e-06	4.311171587056853e-06	5.180292273895803e-06	2.159572307422195e-06	2.6763219988101282e-06	0.24080650001997128	0.006796197549392715
9.644031705379763e-07	0.0035318732285169454	2319	6.470690716182654e-07	5.976938890491074e-07	1.1833775344050816e-06	2.8897711238038608e-06	2.6481482013479924e-06	1.572779344138387e-06	0.24591349996626377	0.007079435030084817
8.993387511538362e-07	0.00317296590356102	2320	1.2695209506876987e-06	8.579300746177364e-07	2.170851136830985e-07	1.5789305642289229e-06	4.403250263744798e-06	1.866071474764504e-06	0.23479950003093109	0.006364192594804584
8.681651415613482e-07	0.0019238501770395856	2321	1.3079762686474992e-06	4.3601590224030734e-07	3.2926025827481953e-07	1.2472227042176969e-06	4.478412138841283e-06	2.152333053490725e-06	0.24000739998882636	0.003866018649880338
1.0032132748728855e-06	0.004337130978597227	2322	1.6830973452581774e-06	7.036588035582591e-07	1.3024565694458363e-06	8.606695798661642e-07	5.112677387748524e-06	1.9210827276030195e-06	0.25235010002506897	0.008694885786273032
9.157670588983913e-07	0.003107052469538146	2323	1.400061809132571e-06	1.159018477944933e-06	1.0229895122519532e-06	4.2959631127422146e-07	3.093628112952102e-06	1.6502312785637799e-06	0.24750700005097315	0.006229435858087724
1.0072199454360417e-06	0.003730463606536883	2324	7.523555918643126e-07	1.85132071811411e-06	8.141580139685748e-07	3.4578709125017506e-07	3.90878855208373e-06	2.225268050886582e-06	0.2404054999933578	0.007478973387585776
1.042100910893306e-06	0.00293915538475114	2325	5.142946024242966e-07	8.48796397497909e-07	8.373802074341794e-07	8.994690108342424e-07	4.383294823104369e-06	1.845417038623699e-06	0.24166340002557263	0.005895952335265713
9.340425606245139e-07	0.0036897078268080183	2326	3.074872661939555e-07	8.149397043833701e-07	9.232338789071202e-07	1.934599467915478e-06	2.9317541255057278e-06	1.7845988636704073e-06	0.2464312000083737	0.007394696705033036
8.680661227068489e-07	0.0037224020464223066	2327	3.2344024655097856e-07	1.4798846947298304e-06	1.0279214908444188e-06	2.680343232367631e-06	4.012258600221982e-06	1.7189089491834836e-06	0.24694500002078712	0.007463514149853331
8.56953504404992e-07	0.0020733276833594405	2328	3.134332941037567e-07	7.956487102714338e-07	1.5997545856733489e-06	2.88946059741429e-06	4.006470511016779e-06	2.301722727128666e-06	0.24531839997507632	0.004166583957391444
7.831925352368874e-07	0.0025816466477797486	2329	2.700453218013293e-07	1.3010884628125759e-06	2.0948478938770965e-06	2.2088618662232674e-06	2.739840310058388e-06	1.9845854346630717e-06	0.24810349999461323	0.005180183375664128
7.753583111653826e-07	0.0024386064445144065	2330	3.8368471004244476e-07	1.3491177536893928e-06	2.5870094495648505e-06	2.283971557599061e-06	2.73117952512019e-06	1.9150959191178073e-06	0.2428770000115037	0.004894659940010516
8.408140116773781e-07	0.002866829762247616	2331	3.214512449832775e-07	1.3224816805081601e-06	3.218673097479201e-06	3.0845050133798275e-06	2.296760272726584e-06	1.740415068983508e-06	0.2433974999585189	0.005751362614238358
7.667205428155677e-07	0.0021312893211312915	2332	5.978672992640148e-07	1.4266761089730985e-06	1.977127265511703e-06	2.7942530466498392e-06	2.7923208035525523e-06	1.8247506407915777e-06	0.24865770002361387	0.004280142149957302
7.934532659518781e-07	0.0027997434810480824	2333	4.7517001335765456e-07	9.627063853060333e-07	1.2002136252869872e-06	2.351046416526174e-06	2.4168290753045045e-06	1.9049188548294862e-06	0.2496145000332035	0.005614706500928813
8.032905294676319e-07	0.0036175767856408804	2334	6.464859320293114e-07	7.144587905781923e-07	1.1307317098808992e-06	2.376862198002022e-06	3.6514251964338746e-06	1.965034818580952e-06	0.24271120002958924	0.007252861611001215
7.56605922011801e-07	0.0022006472518605307	2335	7.98043574076289e-07	4.952614433831716e-07	8.890758194223115e-07	1.7975540228527024e-06	3.889761020682418e-06	2.305037348875653e-06	0.24944130005314946	0.004419177247163935
7.54146461335594e-07	0.003552555568250126	2336	1.2413382108099204e-06	6.372808490901104e-07	6.50643639438664e-07	8.684940539548127e-07	3.056146587709605e-06	2.4036417805894893e-06	0.24081290001049638	0.007120936762912815
7.316070929418008e-07	0.002946356116024498	2337	7.477882625963181e-07	5.778354307122949e-07	4.945279906773015e-07	3.85170335442016e-07	3.78372033854026e-06	1.6090325899897545e-06	0.2487344999681227	0.0059071662741113674
7.692625779844952e-07	0.003886172568617393	2338	6.051237106425927e-07	8.812100880457353e-07	2.4920963474355196e-06	1.5375878918582618e-06	6.38317825983878e-06	2.4392596338550434e-06	0.24691250000614673	0.007797044556216126
7.720787093761222e-07	0.0032495098169372056	2339	4.361341054189108e-07	1.3783157761753367e-06	2.777872267367506e-06	1.452420909080979e-06	5.857462359260136e-06	1.978960823652459e-06	0.2545637000002898	0.00652228138071703
7.996101709630218e-07	0.003199099211186502	2340	2.696491058965993e-07	9.384031171941287e-07	2.3923366979732328e-06	1.9524597618442652e-06	3.843885816750938e-06	1.8320126566793428e-06	0.25266900000860915	0.006416702288344699
7.695112042698705e-07	0.0027808992583478343	2341	2.5952539203856997e-07	1.285934006944454e-06	2.3078302236779616e-06	2.6510076716605545e-06	3.0125501510978157e-06	1.2521276732506334e-06	0.24868270003935322	0.005578371192047227
8.087343621742308e-07	0.0033691217002409833	2342	2.5010698502710095e-07	1.065052673607678e-06	1.9440176897802483e-06	2.918357256400699e-06	2.3240540068942785e-06	1.7649382591634007e-06	0.24675170000409707	0.006754216388343246
8.428704433142031e-07	0.0034018653392142197	2343	2.3191895694448133e-07	1.357842931621407e-06	3.1867343862617454e-06	3.695151436874523e-06	2.1451900825234588e-06	1.3234340571926078e-06	0.24360190000152215	0.006820825315306203
7.711727117607038e-07	0.0024517061441455593	2344	2.084143103219466e-07	1.3204338908414163e-06	6.242648493752695e-06	6.326208023407049e-06	2.27199450358308e-06	1.5688234122218959e-06	0.24295460002031177	0.004926733974264573
8.13679424317078e-07	0.0031465898578410486	2345	3.610246919243123e-07	1.3050343517247603e-06	6.2954051566368675e-06	5.365071356213813e-06	1.4300718893724767e-06	2.2322692210276334e-06	0.24783750000642613	0.006315458292308032
7.487224930655819e-07	0.002971102152257256	2346	3.1231986306246345e-07	8.006993165289296e-07	4.827595122596572e-06	4.9742523923006815e-06	1.9173319658258098e-06	2.6828633339830246e-06	0.25137010001344606	0.005963817006794749
8.779580557501352e-07	0.002602209001033546	2347	3.894555598525487e-07	9.256061632135121e-07	3.668922472733231e-06	4.399874292540333e-06	3.289448105884519e-06	2.342494366879211e-06	0.24675310001475736	0.005226821661612459
8.986247416562178e-07	0.002933818919673082	2348	6.076958644259741e-07	1.679070627604163e-06	1.9262542990622883e-06	3.3147138521698704e-06	2.7024565548255832e-06	2.6081058201958056e-06	0.24472810002043843	0.005887583948222782
8.38009967595617e-07	0.002635492515304736	2349	5.931418504113959e-07	2.3694929353351373e-06	8.231821452592318e-07	2.9673262249320465e-06	4.215303605091713e-06	2.563638747366241e-06	0.2468057000078261	0.005292972078405517
9.157980727573292e-07	0.003806756615375247	2350	3.44383427895604e-07	2.028776359762027e-06	8.179469187724951e-07	2.9781834495887926e-06	4.611735024484386e-06	2.2194329220699476e-06	0.24793740001041442	0.007635176452945137
8.728129856001126e-07	0.003273250173418401	2351	3.6445497035999735e-07	2.5709668129005467e-06	1.2859971324243167e-06	2.0179446770364325e-06	5.048972061846936e-06	1.6870802183975506e-06	0.24849040003027767	0.006567957440961212
8.730480550343825e-07	0.0032708106280561343	2352	3.9390191377965953e-07	1.2529280980594109e-06	2.2517400936082904e-06	1.0921376997684376e-06	4.793851686692951e-06	1.367651040352823e-06	0.24772939999820665	0.006560681065481645
9.299698041576689e-07	0.0024462929245765213	2353	6.623720419539933e-07	1.9133002114804553e-06	2.561176256755037e-06	7.904347782193089e-07	5.830089755424177e-06	1.998534081858397e-06	0.24366850004298612	0.004916030319724333
8.792736060703701e-07	0.0027383661270346453	2354	1.2066206782218094e-06	1.048102613649368e-06	2.2205178532925284e-06	1.915891669190259e-06	4.806465266121919e-06	1.4843177010995192e-06	0.24743300001136959	0.0054974635000302275
8.960281951761114e-07	0.003062310026940951	2355	1.043816312483139e-06	9.934190380730972e-07	2.2370418203668928e-06	2.571966964277285e-06	3.823295029804088e-06	1.4294794566687379e-06	0.24285520002013072	0.006143763903380402
8.812340131233163e-07	0.0030683376945712976	2356	1.1290275283937886e-06	1.3450104069293829e-06	1.5049364843873033e-06	5.129491769525877e-06	3.2986035956678483e-06	1.4098009916237126e-06	0.24503359996015206	0.006156963132532662
7.782414853841357e-07	0.003049583822247403	2357	8.164498644680101e-07	2.0576761326278213e-06	1.943988189149545e-06	4.772191236330319e-06	2.8993271662652e-06	1.5417979811507265e-06	0.25049140001647174	0.00611919668318298
8.233300468476642e-07	0.00339476809931122	2358	4.979579541004464e-07	2.8800397125197284e-06	4.061406955904904e-06	4.854553179845932e-06	2.582671756991632e-06	1.4355805936150506e-06	0.24403800000436604	0.006811513321219719
8.747794278797747e-07	0.0031934527576965707	2359	4.0025775592776966e-07	2.014648370761153e-06	4.325129578161228e-06	5.0970736565594034e-06	1.723035607564051e-06	1.1773295770890915e-06	0.2494738000095822	0.006406292913979617
8.256969230970224e-07	0.0034200502208168713	2360	3.2014983449263415e-07	1.3333753831902658e-06	1.887170652479963e-06	2.8695280973040585e-06	3.2352665404701667e-06	1.9043460499201139e-06	0.24271620000945404	0.006858441284628185
7.706396154070352e-07	0.0026952710094530186	2361	2.8576543555573044e-07	1.3541873201169975e-06	8.516154447979386e-07	1.5404636740803293e-06	3.871236343708436e-06	1.8694074594233036e-06	0.24834670004202053	0.005407596617617666
7.363568163641195e-07	0.00310828914849947	2362	6.991927619077864e-07	1.2323366428592215e-06	5.871678471409824e-07	9.327473129546981e-07	4.656475351007085e-06	2.2269484112944094e-06	0.2583114000153728	0.006235269302721134
7.240293487623943e-07	0.002975770580588172	2363	1.0222253550356786e-06	7.668533440158138e-07	6.118653136093765e-07	6.956131940265131e-07	5.202159675190472e-06	3.498826857707846e-06	0.24519210000289604	0.005973487750146353
6.94754494132753e-07	0.0030079187860106733	2364	9.491315728695566e-07	5.496865652111408e-07	1.5451000827018542e-06	8.472312548193504e-07	4.297570193158766e-06	3.314149493035866e-06	0.25183510000351816	0.006036341669857603
7.614805514486947e-07	0.003511238665740683	2365	7.14994977857589e-07	4.1720914371675624e-07	2.938109936127594e-06	1.0093842819582986e-06	6.099375468439634e-06	5.016652001905949e-06	0.23509949998697266	0.007051312045864615
7.026092691430445e-07	0.0032945224725596843	2366	1.8414985457441508e-06	9.173349689917537e-07	5.04409552412005e-06	1.8522680711787065e-06	4.951032078668944e-06	5.812992211053971e-06	0.24602520000189543	0.006621633409347135
7.571799286357026e-07	0.002737368016262304	2367	1.277073490097382e-06	4.94233497614584e-07	3.6715116754512433e-06	1.4511465960584559e-06	4.066417494613144e-06	4.6232568207962405e-06	0.25073789997259155	0.0055005237062719205
7.130489038609267e-07	0.0036135975027064967	2368	2.197753355110675e-06	1.0968883797886503e-06	2.6141437285778805e-06	1.6273962750176276e-06	3.79145011917991e-06	5.443793847993046e-06	0.24438049999298528	0.007254627772893556
6.703278197114302e-07	0.002381519752989632	2369	1.6114306555950727e-06	7.251478396338647e-07	1.2293726864371188e-06	1.4130044384956266e-06	3.1446070468160755e-06	3.7710333948843085e-06	0.2446994999772869	0.004783190398122249
6.791400195874116e-07	0.0032883745910792994	2370	2.5197647361756242e-06	9.514276908483476e-07	2.1191125058092783e-06	2.2112019770323613e-06	2.409277915686054e-06	4.368312360771525e-06	0.24542719998862594	0.006599464149660554
7.69879113374387e-07	0.0034151494848112703	2371	2.0315583006626437e-06	1.0006151020054542e-06	3.913740385291976e-06	4.695905209538724e-06	2.217514862072015e-06	4.0241817731720275e-06	0.2489752999972552	0.006855963940117276
7.200818862594456e-07	0.0028635551627355918	2372	2.3538588711545624e-06	8.711645483537834e-07	5.69043784261196e-06	4.814070921904871e-06	3.332374119960905e-06	3.961922069787067e-06	0.24994619999779388	0.005756868613807225
7.122183567870004e-07	0.0026230780887301006	2373	3.26438929238795e-06	1.1299647637002791e-06	7.295595702402594e-06	5.522198841166585e-06	2.16606684152589e-06	3.908327456907597e-06	0.23644080001395196	0.005276941551370299
7.924498890123983e-07	0.002670087431003758	2374	2.9914896847544407e-06	8.470165786079432e-07	1.1776743391643606e-05	8.881683314871606e-06	1.9119247381584252e-06	4.311985630142832e-06	0.24610629997914657	0.005378704515492021
8.136515507643216e-07	0.003758719430065701	2375	3.843275558708501e-06	1.0059670989829382e-06	1.2485227978631978e-05	1.1463263218320362e-05	1.959143531541537e-06	5.122580927466612e-06	0.24240710004232824	0.00756202734600559
8.488133307780424e-07	0.0030033320330939365	2376	3.978108871017367e-06	8.884375784093053e-07	1.1213928954786212e-05	1.3201265863267966e-05	3.084335174282306e-06	6.256598451097181e-06	0.24696019996190444	0.006056325301367668
8.255210490134728e-07	0.003625862344716872	2377	3.3189026156198815e-06	1.4763293520750023e-06	6.723839615582826e-06	1.1617215942865005e-05	2.625928837864297e-06	4.382434996524006e-06	0.2398350000148639	0.00729052874672669
8.415615142247303e-07	0.0022193864111091587	2378	2.190666993933127e-06	1.7308180253877006e-06	2.3364076392074693e-06	9.955062717496224e-06	5.4450521485531085e-06	2.159310113038435e-06	0.24508899997454137	0.004471877625145974
8.472830323466899e-07	0.002766262010858912	2379	1.147104740438285e-06	3.1482371092680317e-06	1.1824024067614415e-06	4.990882542307738e-06	4.635617547926008e-06	2.39008044860637e-06	0.24444989999756217	0.005558738610574358
8.312275887677116e-07	0.0025838691827951366	2380	3.864273870599369e-07	3.6457750202141315e-06	2.57644007280149e-06	2.465293990219391e-06	5.483230958132171e-06	1.703384349318625e-06	0.2406788999796845	0.005192847987853006
8.772613241705348e-07	0.0037079779847715407	2381	4.427764028168503e-07	4.3399460209493344e-06	4.6005161328101835e-06	2.032711019345729e-06	7.321474585381383e-06	1.6035568703779222e-06	0.23627510003279895	0.007446976504678863
9.214002202042844e-07	0.002726123564391805	2382	1.4445807860509358e-06	3.5175030508792406e-06	3.340205339889713e-06	1.9380622297466123e-06	5.7949569681292015e-06	2.8687620004677843e-06	0.25430669996421784	0.005481657718567779
1.0011752543816253e-06	0.003098702370272469	2383	3.2149352968219926e-06	2.6709119114260845e-06	3.3404835367476963e-06	3.5083617638962765e-06	4.8099001797487934e-06	3.0758060484266545e-06	0.24567889998434111	0.006227913196018943
9.498503655782698e-07	0.003493579687055395	2384	4.6667120397432925e-06	1.3081521329514887e-06	2.3025036994392424e-06	5.179499357500932e-06	4.032656932693466e-06	5.015154620573964e-06	0.2419105000444688	0.0070206115651781165
1.07703683483099e-06	0.0032994705690494253	2385	4.520995899874032e-06	1.499975766591744e-06	2.872334601815526e-06	6.941507247423737e-06	2.5341022316250537e-06	3.714244062821311e-06	0.23814420000417158	0.006629426717873111
1.0285899786678163e-06	0.002898764331760316	2386	4.357013619510605e-06	1.6495038980085895e-06	4.2921479693223805e-06	7.4388921683216764e-06	2.5801840636097902e-06	2.60809256416157e-06	0.248288800008595	0.005827699954388674
9.500015638925161e-07	0.0026613232701792012	2387	2.965906217613292e-06	2.8541477960006125e-06	7.279850137015147e-06	7.338374321430643e-06	2.1661336613615204e-06	2.3581739172082035e-06	0.24393130000680685	0.005354033437115386
9.615989439329686e-07	0.0028085835340602083	2388	1.4033301931306027e-06	2.2774808128512944e-06	7.502872171224559e-06	5.763546285305811e-06	2.7986104876852795e-06	2.9482924355391597e-06	0.23887360002845526	0.005647531301317243
8.91842684352842e-07	0.0022133533434672203	2389	9.302157225190745e-07	2.8259669433346875e-06	5.883608743595172e-06	4.440056521660302e-06	2.842927628449295e-06	2.0888716146163683e-06	0.23683189996518195	0.004452433818720387
9.472510619483769e-07	0.002692814864907733	2390	4.418485273973204e-07	1.2728563857918252e-06	4.6298364846564996e-06	5.5630713662928284e-06	3.292832895360696e-06	3.2767220403915425e-06	0.24502020003274083	0.005412570954575006
1.0028253450263341e-06	0.002908517753112928	2391	3.658477121537921e-07	1.042371328139569e-06	2.3089319528363967e-06	5.168341759229091e-06	4.319924904584721e-06	2.0264585547925003e-06	0.2612568999757059	0.005840619416587023
9.498670356276148e-07	0.0027661781834464414	2392	6.435388138130391e-07	7.313893639789623e-07	1.934118017998834e-06	8.8812143589375e-06	5.941087988293213e-06	2.7923977152851333e-06	0.2693582000210881	0.005563913332926023
8.936172566378218e-07	0.0030759756031855864	2393	8.058985622397088e-07	7.769686824258683e-07	1.7859880649585764e-06	9.371339365416782e-06	3.530600077354982e-06	1.986063556074535e-06	0.24881010001990944	0.006177511962826349
8.296592967715666e-07	0.0017757907379802227	2394	6.19906953830878e-07	5.395314862209886e-07	2.6243699911731347e-06	1.0546593628698102e-05	5.328871528354261e-06	3.3474306632616873e-06	0.26261999999405816	0.003584923800997144
9.811494455258424e-07	0.003097684910744956	2395	1.0372971685102138e-06	7.050469378563714e-07	3.85479695048588e-06	9.528147536673074e-06	2.7761011180901802e-06	3.0694937767223187e-06	0.2641818000120111	0.0062241485987641135
8.428483505741594e-07	0.0022959548876786452	2396	1.1538798483558672e-06	6.185755222015033e-07	2.9513089374486117e-06	5.187937052855402e-06	4.6800684415547994e-06	2.570964071816754e-06	0.25728010002058	0.004618009238446043
9.297990017535674e-07	0.0026430839595002987	2397	1.2147701327926707e-06	6.016621886934001e-07	2.272773967116229e-06	1.932484259839648e-06	3.3227397047174966e-06	1.8574892208820352e-06	0.2550664999871515	0.005304409665403744
7.737119874592498e-07	0.0035566730537864065	2398	1.081397621138255e-06	8.647716316875962e-07	8.563957736878701e-07	1.2566308668056574e-06	3.5774705940517612e-06	1.1929834634911422e-06	0.2728012999868952	0.007128493635556137
8.522096318708228e-07	0.0029544195937628217	2399	9.82570795959473e-07	3.9225136792965494e-07	1.011862063934605e-06	1.8826146440674473e-06	3.3786610307555384e-06	1.4206171142792418e-06	0.26281529996776953	0.005924411461951345
8.631232679817436e-07	0.0032284733191838963	2400	1.440159904318819e-06	1.3889709297635782e-06	1.8576565338570906e-06	2.8058294463242465e-06	2.8497055080996433e-06	1.9166222462011238e-06	0.272710699995514	0.006475698157226621
9.083898169569496e-07	0.002542405866309227	2401	1.6768854449900817e-06	1.239277670438446e-06	1.917232085332787e-06	2.3316216749026626e-06	3.862336203409525e-06	3.1242766808448014e-06	0.2705307000433095	0.00510776675489654
9.519486319275726e-07	0.002916400766109689	2402	2.332597135644498e-06	1.700852927876973e-06	2.753209157382257e-06	2.9746786543148633e-06	2.9321047815923777e-06	3.430073875611833e-06	0.25828080001519993	0.005857191124672861
9.525580148983067e-07	0.00300525645054952	2403	3.2160814048273995e-06	3.3682042363922295e-06	3.138073505956874e-06	3.208368285748803e-06	2.9782363189545667e-06	6.7751365890954e-06	0.25125989998923615	0.006044855490377862
9.243472558078852e-07	0.003181116685363994	2404	2.579069192923445e-06	3.0137797619682743e-06	3.98754960880937e-06	4.010289645703017e-06	4.588649549870223e-06	6.611666753917848e-06	0.2428028000285849	0.006400073386056585
1.0569911809907405e-06	0.0038324032391581896	2405	2.176904263363283e-06	3.7242006147898817e-06	3.3203158558741255e-06	3.4645840452422335e-06	4.9897527314762195e-06	6.32922037894426e-06	0.24881980003556237	0.00770224441167847
9.711108241569075e-07	0.003920429867527655	2406	2.9042844147956975e-06	2.236754396772384e-06	1.6357515771702569e-06	1.5513250967201528e-06	3.2134275562734866e-06	6.061963130449885e-06	0.26546719996258616	0.00786968085356253
1.1020938536783023e-06	0.0033505751184991902	2407	1.4363887080237076e-06	2.1668424830826046e-06	9.117810145731606e-07	4.590123940412164e-07	5.071686152263316e-06	4.830426636547745e-06	0.24132099997950718	0.006728132674883081
8.386857387801648e-07	0.002891232586728695	2408	6.698579026600752e-07	2.436878731001571e-06	1.4502299968617195e-06	4.724498525002027e-07	3.888975290565272e-06	1.4883637146997198e-06	0.2380313000176102	0.005799926639428504
8.719610460955121e-07	0.003336926862910487	2409	2.8787816647090656e-07	1.3394258232275495e-06	1.7085729494189684e-06	1.035948135077737e-06	4.9917767058608064e-06	1.1402275040970792e-06	0.24303409998537973	0.006692233481407275
8.517311272043979e-07	0.0033162826839265337	2410	2.778349213197758e-07	1.5917677128300969e-06	1.2689047056357303e-06	1.7933482091979587e-06	3.975649364740171e-06	1.804388538039246e-06	0.24189949996070936	0.006650760761462019
8.017297308992086e-07	0.0028630343074941486	2411	3.260362065879403e-07	1.3862581037341596e-06	1.5077745094326385e-06	1.520005358286118e-06	8.720120987802179e-06	1.9883721961134057e-06	0.2421121000079438	0.005753829134995969
7.787477438907645e-07	0.002522550286597206	2412	4.94574360467056e-07	1.7360092167090243e-06	1.5533691167560201e-06	7.065988260339541e-07	5.299965994681422e-06	3.203916332226957e-06	0.2512400000123307	0.005068156384855978
7.721735730641222e-07	0.003438745054408842	2413	6.332471878950895e-07	2.565789661709317e-06	1.3862490766454979e-06	6.003191190340559e-07	7.618293136718411e-06	4.611583548026004e-06	0.24469600000884384	0.006908679814378585
7.991356548725609e-07	0.0024049005035504216	2414	8.010875874281078e-07	2.4371407197215094e-06	1.2350449752574824e-06	4.7408028685677695e-07	6.613158269291748e-06	4.472711550299941e-06	0.24372839997522533	0.004838518371619035
7.68115746782138e-07	0.002524227868324884	2415	4.3287387352485783e-07	1.9316780713866763e-06	2.006992307232496e-06	1.7009323828319412e-06	5.230580523306154e-06	4.226574205631563e-06	0.24810540000908077	0.005074978754236184
7.949652123099662e-07	0.0030019641008526884	2416	4.383803414861791e-07	1.3578049051782448e-06	1.4060672972382217e-06	2.1222363528080545e-06	2.9901590646534524e-06	2.916314631546717e-06	0.24041570001281798	0.006022655568419107
8.179717898006787e-07	0.0038530861017135685	2417	4.147045630994781e-07	9.31129361866021e-07	1.7288513252402003e-06	3.1804043475138355e-06	2.9676277924218108e-06	1.6533837742743632e-06	0.24276880000252277	0.00772330525973785
7.537430982652205e-07	0.0023296203035758547	2418	2.4762562651407e-07	6.334438352005666e-07	2.239781092736805e-06	3.796594250619604e-06	2.8793585634847875e-06	1.5721034183003524e-06	0.2621542999986559	0.004676568462116881
8.226028193461073e-07	0.002933785661568592	2419	1.9327293440177958e-07	5.893173945890625e-07	1.8157029996613962e-06	2.844096679483758e-06	2.5540843574661618e-06	1.1916956813304352e-06	0.2492879000492394	0.005882150478861606
7.838048344725543e-07	0.003634230761830803	2420	2.1733865802051298e-07	8.226696348946683e-07	1.6457595856014836e-06	1.8141129590007871e-06	2.1411568437982796e-06	1.0296581861635513e-06	0.2402820999850519	0.007280870644227992
7.262591622379273e-07	0.00342896727645582	2421	2.5755909008139184e-07	1.0656508319815471e-06	1.8665419302430698e-06	9.619982319392862e-07	2.515165091830901e-06	8.551070539236539e-07	0.2438698000041768	0.006870279365611871
8.66840545984447e-07	0.0029228842243400653	2422	3.0110713619955706e-07	2.2553363724734703e-06	1.2554113164755229e-06	5.278903114443412e-07	3.887840069165254e-06	2.357931386931817e-06	0.2407612000242807	0.005864333417820886
7.962986549681012e-07	0.0032371257942371014	2423	2.983565778786658e-07	2.376022119551952e-06	1.717987755311972e-06	1.0337300883059829e-06	5.054660765953193e-06	3.682983335247605e-06	0.261520300002303	0.00649874557052759
8.80469138577407e-07	0.003159149618199374	2424	3.375169784746219e-07	2.992288970269795e-06	2.2188495103605104e-06	1.3567216453628697e-06	6.128622810609826e-06	5.054249922699897e-06	0.23902099998667836	0.006349331297246989
8.054769078094686e-07	0.003051847818580134	2425	4.0120631811754913e-07	4.532702798671007e-06	2.309614783827201e-06	1.4720621698988264e-06	3.638766659436604e-06	3.7611585880546787e-06	0.24315819999901578	0.006128822027541384
7.973526167976449e-07	0.002964134881882628	2426	2.897847206651235e-07	3.2961089476259997e-06	3.1269010016389112e-06	2.2435866212881306e-06	4.0662211625636035e-06	5.468454138049762e-06	0.24547660001553595	0.0059578902008912945
9.185813729429338e-07	0.00259871771821623	2427	3.2315880484591284e-07	3.184537017801181e-06	3.482248619772527e-06	1.684476070906964e-06	2.91905929357458e-06	4.363080430578501e-06	0.2416048999875784	0.005222511299139978
8.986888635524712e-07	0.0036459324716529243	2428	2.903866251308705e-07	3.7432798306545537e-06	3.7633594462567695e-06	2.6851439071073395e-06	3.4783694744739404e-06	3.382308146040088e-06	0.25059690000489354	0.007317865846083131
8.68384910339724e-07	0.00220104045334166	2429	1.6183503773856357e-07	2.325936957205587e-06	5.0193794862312375e-06	3.7605942761227643e-06	2.206333846047088e-06	2.9881799406688715e-06	0.24447330000111833	0.004425474449834729
9.173552581681187e-07	0.0026354389146596383	2430	3.453805357273001e-07	3.3426980888825114e-06	3.464429040842796e-06	2.919292727072508e-06	2.2912812068170228e-06	3.924417827632642e-06	0.24619820003863424	0.005295215738297036
8.126011282892834e-07	0.002750057739403601	2431	2.920823553321141e-07	1.315801548789991e-06	2.2322263201774836e-06	2.093731589552197e-06	3.597030888483006e-06	1.9693126151804685e-06	0.24157300003571436	0.005518807209884959
9.362505178542064e-07	0.0032996638192763694	2432	4.1356121607107106e-07	1.5374389549169853e-06	1.1655251488978876e-06	9.690465453932403e-07	2.8828347461047083e-06	1.4796507796789656e-06	0.23884519998682663	0.0066140106825052945
8.416907659877381e-07	0.002357445046416027	2433	8.396910693487714e-07	4.989786972674468e-07	1.1544130377206784e-06	3.975533216127557e-07	3.5110602905956157e-06	9.376669921769342e-07	0.23693470004945993	0.0047283615650555244
8.510017106706363e-07	0.0033549546739374287	2434	9.938295025311093e-07	4.790647022108543e-07	3.286597561474362e-06	5.86820695211719e-07	4.661200258933758e-06	1.1377605728266297e-06	0.24465790000976995	0.006728555585421148
8.201245827557594e-07	0.003161817934959405	2435	9.849284659091665e-07	7.446093167145216e-07	2.056310330148898e-06	3.0729720725240855e-07	5.486787644121776e-06	1.9552133096711803e-06	0.2550135999917984	0.006344253266311933
8.273669886951187e-07	0.0033677776550721647	2436	8.277286563456882e-07	1.0584033778232235e-06	2.072114733949971e-06	3.638434600639122e-07	3.822597173422606e-06	2.376879766124008e-06	0.24236540001584217	0.0067539310882289965
7.978747104744096e-07	0.0027599143377178455	2437	8.677793496440929e-07	1.4209389404056776e-06	2.028649995057165e-06	8.879724014748019e-07	5.556569496388127e-06	1.5757969892669102e-06	0.22480019996874034	0.005540894498514531
9.00634083595919e-07	0.002960102306617091	2438	9.412090092430268e-07	1.3754106433413786e-06	1.7433793293704333e-06	1.1608196351008509e-06	4.450932801966333e-06	2.011315925979291e-06	0.24141969997435808	0.005940151197474321
8.066038400976565e-07	0.002960963083745564	2439	6.592063093683569e-07	1.515490435428771e-06	1.70927814337796e-06	1.571653919205666e-06	2.9001255720335433e-06	2.400569463540238e-06	0.24211880000075325	0.005939596394049852
8.176502261651345e-07	0.003965319840062549	2440	3.831028635363633e-07	1.3155649372712567e-06	1.4357040044797974e-06	1.5152863476316046e-06	2.768919081720437e-06	2.280412227470675e-06	0.2434423000086099	0.007947023301348728
7.53798913415686e-07	0.003021642625018501	2441	3.677839201960188e-07	8.508503907603006e-07	2.5343105060030047e-06	1.7361728934313317e-06	3.73097204699518e-06	2.414085789060893e-06	0.23560160002671182	0.006062572081246336
7.668639155625195e-07	0.0029637182159415205	2442	2.3077125536769022e-07	1.0192961305061315e-06	2.0686341881052272e-06	1.3470996724570434e-06	5.288938656889324e-06	3.4457830234913164e-06	0.24669080000603572	0.0059511054043213645
7.350024491770621e-07	0.0033325881633634626	2443	2.963180173731568e-07	1.0103724579201114e-06	1.4981679240181998e-06	1.153361939965108e-06	3.015835388106356e-06	3.599370300028971e-06	0.2489994000061415	0.006683834963340828
7.643751927059311e-07	0.003389636695520761	2444	5.466380215070559e-07	8.644369889329921e-07	2.009726764919511e-06	7.714787265586627e-07	5.327956932055216e-06	6.671038260638053e-06	0.25003699999069795	0.006808992412314239
7.33078639316141e-07	0.0028018358726499618	2445	1.3661554746279786e-06	1.0123899574314626e-06	1.457046100890133e-06	4.5143629051658566e-07	4.413825171250413e-06	5.779422270541503e-06	0.24414510000497103	0.0056298114252856055
7.463669713585047e-07	0.0033555405247884923	2446	1.906016463791579e-06	9.315673326221258e-07	1.1121745926775076e-06	3.823578463696054e-07	4.006125308648497e-06	6.114238821743221e-06	0.2422507000155747	0.006737146628015945
6.562296794688543e-07	0.002671769060222928	2447	3.046814424159339e-06	9.871804531334689e-07	9.273193075525205e-07	3.90061633869498e-07	3.875110873053396e-06	7.313525901499304e-06	0.24313339998479933	0.005372579229172614
7.693685393206658e-07	0.00306992980949617	2448	3.199874701262815e-06	8.42803982660726e-07	1.1806304364400108e-06	5.146504719452992e-07	3.7106446591166923e-06	7.43927411246769e-06	0.24151319998782128	0.006169436153206459
6.893253990479378e-07	0.0028932856541282253	2449	5.162318817298192e-06	9.91441565110632e-07	8.453407521539223e-07	8.664911148033987e-07	2.603831333518738e-06	5.9856647156633625e-06	0.24484539998229593	0.005812994543402277
7.097662812050215e-07	0.0031764115794454735	2450	5.8405343493051786e-06	1.0943871254694683e-06	2.138494708395814e-06	1.8939153492197151e-06	2.1276080024667573e-06	7.54464031437781e-06	0.26216959999874234	0.006384554519619437
7.790254832106648e-07	0.003071868800496567	2451	7.962232106568785e-06	1.1384762827801833e-06	3.8981872372997095e-06	3.4932181837501225e-06	1.9994896935842595e-06	7.539969141672824e-06	0.2426648000255227	0.006180866683440468
7.133033918136352e-07	0.003215264809612166	2452	8.179581879750188e-06	1.1156831332560414e-06	4.120419375134754e-06	2.751880114157179e-06	2.330322847616596e-06	6.328597856493754e-06	0.2403518999926746	0.006465441631918478
7.629861556563542e-07	0.00332326702637985	2453	7.17892160196768e-06	9.842357618491652e-07	6.172937352832964e-06	6.005907177705355e-06	2.362461143780905e-06	4.528140544969051e-06	0.24010029999772087	0.0066821832303428684
7.312624363230844e-07	0.0028890396438735685	2454	5.185386713312886e-06	5.669265297787721e-07	3.1344789500226805e-06	3.1628550234731495e-06	2.7051568532847306e-06	3.2070263326541756e-06	0.24011229997267947	0.005803415826208249
7.550664040323062e-07	0.003264189104987234	2455	3.7448136129900832e-06	1.3234258384074995e-06	1.227107037067867e-06	1.4568373576940542e-06	4.615463351826302e-06	3.3927633899066446e-06	0.24537219997728243	0.006553656980112157
7.293681200481864e-07	0.003620232970350563	2456	1.696020941399884e-06	1.46386162866792e-06	1.7341640134571852e-06	5.05947412776323e-07	4.096618006252816e-06	2.3819161945037264e-06	0.23634970001876354	0.007260281739339037
7.093734656231983e-07	0.0025027154620680878	2457	5.301776311235113e-07	1.0517422400668188e-06	7.207672173569583e-06	3.189617034531196e-06	4.959987061165269e-06	3.3576676736778584e-06	0.24208949995227158	0.005035464189616399
7.326881266000531e-07	0.00354561659855157	2458	3.93622496904718e-07	4.386737201151859e-06	9.218972192476041e-06	4.146676660858653e-06	5.241813191377503e-06	2.3099874053058783e-06	0.24090579996118322	0.0071259481831010985
7.445095401158727e-07	0.002722331700094843	2459	2.829650055871017e-07	4.513233146498232e-06	8.731203877145895e-06	4.252156184543005e-06	4.359379047205069e-06	2.482747743784981e-06	0.24528009997447953	0.005477616231065672
7.734604926211065e-07	0.0035698783176022317	2460	3.4655006228288434e-07	1.1823749205834676e-06	5.320445972599619e-06	5.109728804149775e-06	2.272637779933865e-06	1.8221998241207485e-06	0.24508259998401627	0.007161452331157431
7.674485013086287e-07	0.0036660186065040137	2461	3.6494390836134576e-07	1.9832018782526515e-06	1.985111558275657e-06	3.6597248534422276e-06	2.0583311438301137e-06	1.117306591687215e-06	0.24288330000126734	0.00734791636768001
7.825752957478357e-07	0.0028482328215162687	2462	3.5655225534262104e-07	1.9863383368764784e-06	4.8877931792216e-06	4.951981063525706e-06	1.8102608522062192e-06	1.5192142565196846e-06	0.24381569999968633	0.005716872408676451
7.174531418232405e-07	0.0022090783522004513	2463	3.6505850480540185e-07	1.7953682575167885e-06	7.273605244354631e-06	6.455560260086369e-06	1.652894897048188e-06	2.061155745806681e-06	0.2664039999945089	0.004442909304237023
7.948863823467205e-07	0.00250917809598933	2464	2.529086087791471e-07	1.6451967105846048e-06	6.262922753933998e-06	5.8550938393257065e-06	2.48778044822016e-06	2.2996559916044964e-06	0.2524042999721132	0.005043536959535626
8.102703485488686e-07	0.0035198728974652664	2465	4.091989945100766e-07	1.1452662041916646e-06	2.0334100157714652e-06	2.6121418043736398e-06	2.83549126615577e-06	1.5394650952899321e-06	0.25153740000678226	0.007056316265369368
7.907277531722243e-07	0.003610763596873294	2466	3.465117204103787e-07	7.317232650717095e-07	6.784300701508097e-07	1.6184540662357427e-06	2.8013533299779097e-06	1.9216007476221303e-06	0.24494699999922886	0.0072359296765300025
8.31205142417494e-07	0.0023863337387419223	2467	6.260601095169754e-07	7.19555121300936e-07	4.983887713585254e-07	1.809256019838229e-06	3.3042330830245473e-06	2.07209936265934e-06	0.2421500000054948	0.004788735812682062
8.396949753101408e-07	0.003359986529444958	2468	9.823763523147594e-07	1.0562352793612802e-06	8.284668257127939e-07	2.1224289699957674e-06	4.2184955506532865e-06	1.716318713235797e-06	0.24444619996938854	0.0067385115847957
7.662670917038851e-07	0.003363228291225623	2469	7.155924667266129e-07	6.063576004782056e-07	2.3545826173322786e-06	2.3766894446852745e-06	4.166192319285103e-06	1.8688056205519756e-06	0.2412985999835655	0.00674611233464355
8.333521801481063e-07	0.002775242552259468	2470	7.018808749425534e-07	6.626509390789707e-07	8.31224774222443e-07	6.939542893539168e-07	4.4004686312585635e-06	1.6526675035041502e-06	0.2453469000174664	0.005567147792026355
7.742948227335269e-07	0.0034918953763112158	2471	8.202343359376066e-07	7.057183400554175e-07	7.950637443909413e-07	6.782091912079598e-07	5.000841689517263e-06	2.0593956256750406e-06	0.24004500004230067	0.007002459042509875
8.041621079252117e-07	0.003550934086632042	2472	6.129917440862754e-07	8.312649510698827e-07	1.3247802205349837e-06	1.0826848441357797e-06	3.347487952326201e-06	2.3426917543997695e-06	0.22895070002414286	0.007118708578653214
8.416742478566529e-07	0.002921172271458867	2473	5.822334750415481e-07	7.465904815409994e-07	3.531251469729157e-06	2.991420817686828e-06	3.1887811174625434e-06	2.5450204977275254e-06	0.25325260002864525	0.005863346990887827
8.396653019556019e-07	0.003100446580553363	2474	5.693213449996288e-07	7.337147262778941e-07	7.4549561517448796e-06	5.485336380870624e-06	1.9617332892987004e-06	3.5801204420928624e-06	0.2413992999936454	0.0062278995277773135
8.620309112927594e-07	0.0031321693172599693	2475	3.449937484431607e-07	6.249474452780572e-07	9.064620773042965e-06	6.477363500119714e-06	1.932779467260724e-06	3.5870939455557996e-06	0.2456396000343375	0.006293614368635042
8.161036669695987e-07	0.003031346666391219	2476	2.526932810071184e-07	5.861177219626477e-07	7.68359017800037e-06	6.608648209251103e-06	1.4459373611612326e-06	3.0740826493941214e-06	0.2415470999549143	0.00608849662952771
9.455653014691024e-07	0.0031524547995655334	2477	3.462997685649888e-07	1.2727824749048566e-06	3.399160020101132e-06	3.7685940832238086e-06	2.7999341507149107e-06	3.8387480639420825e-06	0.23877809999976307	0.006328864930510114
8.835970775448529e-07	0.0028243295201940254	2478	3.813721347448104e-07	1.345068740343112e-06	6.973034394918939e-07	1.5195423485926852e-06	2.499025663849684e-06	2.789609600856277e-06	0.2529336999868974	0.005664946791735725
8.521990966494019e-07	0.0030577477712839447	2479	9.096950771088626e-07	2.076900958848844e-06	2.200305951297788e-06	1.0163089315869631e-06	3.475960915578187e-06	2.0182882268609417e-06	0.2561248999554664	0.006134391649964909
8.696864912152604e-07	0.0029993220888739577	2480	1.1785233943325277e-06	2.9466273305290836e-06	4.38843608634606e-06	1.4318969308044025e-06	4.642252956327849e-06	2.826688238242672e-06	0.2447929999907501	0.006025266916861499
8.538007638998337e-07	0.002603631062038747	2481	1.3452693487826746e-06	5.585291041854407e-06	5.367342656216264e-06	1.491054566914058e-06	4.5199996511784966e-06	2.5554854198045408e-06	0.25381989998277277	0.005236909653361027
9.056585752108634e-07	0.003981106293525393	2482	1.704608037713685e-06	3.092183819681333e-06	5.395835838420256e-06	1.4507968683315541e-06	3.7405814446376776e-06	2.3256290445733254e-06	0.2437188999610953	0.007987799749743776
8.593861311547284e-07	0.0025740375418004282	2483	2.1182788016454368e-06	1.6797109688129388e-06	3.1464612698465445e-06	2.66789943380388e-06	3.695458163525909e-06	2.2252221037974562e-06	0.2452635999652557	0.005171247566871921
8.994535014502694e-07	0.0028362695704418307	2484	2.3133827994161445e-06	2.643223216876074e-06	3.556439783332786e-06	3.223722912177291e-06	3.844264337394849e-06	2.4607712685547805e-06	0.24533060000976548	0.0056986848878102635
8.436717651305584e-07	0.00309602879417056	2485	1.960508278200263e-06	1.7106608808725718e-06	1.8458158635024902e-06	4.731284973466866e-06	2.8722514712947677e-06	2.3282658534114326e-06	0.2418704000301659	0.0062143942365168355
9.503282054638256e-07	0.003750644752802463	2486	1.7958801357010643e-06	1.2980136079995936e-06	2.3490296401931568e-06	4.0994095793738755e-06	1.9054802729870727e-06	1.9048580897982403e-06	0.23989890003576875	0.007520353171704693
8.250316659011252e-07	0.0032682577293408105	2487	9.083486220128916e-07	1.4967902895303858e-06	6.404731341798733e-06	5.144808546354173e-06	1.9200634710286558e-06	3.3713158816372302e-06	0.24019929999485612	0.006562702959518452
8.880385842381021e-07	0.002940116858189743	2488	3.8581048871576837e-07	1.4944253100907697e-06	1.1050171931436117e-05	7.531077953028438e-06	1.813935719333806e-06	4.213213963073332e-06	0.23844849999295548	0.005914525578596047
8.623080765821016e-07	0.003030665501650584	2489	3.1633020671315e-07	2.355864849968188e-06	1.3376850238085424e-05	9.960757606923925e-06	2.5067769725228736e-06	4.153310486043318e-06	0.2423745000269264	0.0061023855972731555
9.136123741306517e-07	0.003648725620489661	2490	9.577405128691839e-07	1.6968003805426513e-06	1.0474622002805563e-05	8.304390357708826e-06	2.3289614398725926e-06	4.621765153016712e-06	0.24609130003955215	0.007334613472167289
7.42728468105922e-07	0.0038905330949401424	2491	2.7844067476263737e-06	1.8418865191977579e-06	5.749863890849463e-06	9.55019553388547e-06	3.898233484631606e-06	3.884569420558206e-06	0.24970480002230033	0.007818043605318434
7.795324541967357e-07	0.0034822488289623223	2492	3.0263091387262342e-06	1.187445488644838e-06	1.9791396606901164e-06	5.86043883308716e-06	6.341665888317865e-06	3.1585520533067858e-06	0.24039660004200414	0.006997110491837436
7.473082769586341e-07	0.002738611823416162	2493	2.7439175110471643e-06	7.312400309465316e-07	4.14622897659289e-06	5.168276398877429e-06	1.1125340105139567e-05	6.2190819848427895e-06	0.24224130000220612	0.00552619677048367
6.953970187129838e-07	0.0030002132053469216	2494	1.917404057813112e-06	7.178759391149432e-07	8.899127377124645e-06	5.380903306924955e-06	1.3073497163825912e-05	5.654476870878087e-06	0.24028500000713393	0.006056188463481655
7.355484002024228e-07	0.004581190038404572	2495	6.433353763354336e-07	5.511787461985819e-07	1.326449992794138e-05	5.488177738568129e-06	1.1207154202365843e-05	5.878353012560245e-06	0.24343520001275465	0.009217969379828444
7.404056615693351e-07	0.0033721381120708303	2496	3.9883968723549196e-07	6.72175007203239e-07	2.1444937002652077e-05	9.571451819012703e-06	1.0219244763451113e-05	9.184235272022603e-06	0.24494000000413507	0.00681665139905185
7.870386593419755e-07	0.0036614807233562186	2497	3.238387935740495e-07	6.665625420557949e-07	1.6067589044370244e-05	1.3769115284397022e-05	6.880438376141835e-06	1.0378695452283668e-05	0.24236979999113828	0.00738988089735237
7.974326458548193e-07	0.003728239413740537	2498	3.2620596642733764e-07	1.3607902521069112e-06	9.10783430665406e-06	1.2142742214532893e-05	5.535211488677319e-06	9.908364737547975e-06	0.2437198999687098	0.0075118984179649555
7.688183122471969e-07	0.0028821842849344297	2499	2.8743790805896214e-07	2.777049833800426e-06	6.238585237644367e-06	1.214118012158223e-05	2.4303764629709767e-06	5.702162964585042e-06	0.24978859996190295	0.005803615538449552
7.530945339518522e-07	0.0030605294870808602	2500	4.973217025242241e-07	2.5359366948583265e-06	1.2204525626799475e-05	1.931813914771983e-05	1.8798866316678146e-06	3.5276224871123185e-06	0.23916679999092594	0.006167936104639087
7.588249698905644e-07	0.003447982451521859	2501	7.825008069085261e-07	1.3682627431328086e-06	1.26768661700109e-05	1.7372658662611475e-05	1.7609553332304766e-06	2.1692496885933675e-06	0.2423972999677062	0.006937543251409811
6.782181914242124e-07	0.0031245266664297186	2502	6.068191436706934e-07	6.188431534534421e-07	8.766525238266372e-06	1.2060386036612681e-05	4.938996897501715e-06	1.9663459627172038e-06	0.24072030000388622	0.006286273028534725
7.680321438061873e-07	0.002627819277209794	2503	8.083089558856235e-07	1.2133487118786053e-06	4.7093989815335975e-06	7.219030302763892e-06	2.8545556882753703e-06	1.3587080152036076e-06	0.2557980999699794	0.005279551233066221
6.543786596459753e-07	0.003623560450467177	2504	8.991935727772033e-07	3.2549146086861784e-06	9.849843533071303e-07	3.504407508503551e-06	4.835699764992273e-06	1.8530531750335973e-06	0.25779160001548007	0.0072704506641769725
7.45630441247381e-07	0.002876002960574494	2505	5.487130993964993e-07	5.338220134461689e-06	9.848291638698633e-07	3.6235075922860207e-06	6.9781756541792325e-06	2.2303299794146714e-06	0.2414234000025317	0.005782409463288684
8.589088529191805e-07	0.0027324100620182423	2506	5.302495183691097e-07	7.366046882912124e-06	2.400866118922758e-06	5.249814618806086e-06	6.996212482386804e-06	3.5134234472567083e-06	0.2584246000042185	0.005503104190740621
8.358716447115999e-07	0.0033523629383228667	2507	4.0608183734052036e-07	6.6963910096479775e-06	1.6888631033446189e-06	5.087216584434037e-06	5.328586173220186e-06	6.075766780208304e-06	0.2458675999660045	0.006743084878376782
8.765967428534842e-07	0.0026771262158915028	2508	6.342622128353663e-07	8.955846370301755e-06	1.911800975617957e-06	3.686395220749198e-06	8.901050794112553e-06	5.014895909962566e-06	0.24410640000132844	0.0053990258234563665
9.32629356851626e-07	0.0028819890096194044	2509	5.686661194284933e-07	5.7304022493781666e-06	2.1014641401781417e-06	2.7693532060846393e-06	4.302563272665584e-06	5.32342544848245e-06	0.267939799989108	0.005796265141109877
8.396884180227584e-07	0.002972703388271403	2510	8.711063958583597e-07	2.2007965843058107e-06	2.5348398046734177e-06	2.997629026488865e-06	4.5740682134566835e-06	3.1378730983110132e-06	0.2209786999737844	0.005971114407813714
9.537816614408175e-07	0.0025938858426176833	2511	1.0568603770725938e-06	1.2677844184829985e-06	5.736180025620477e-06	5.611839374879699e-06	3.0015595912867154e-06	3.279167444148484e-06	0.23851090000243858	0.0052159133668251735
9.498925331437348e-07	0.003012905080042957	2512	7.659366732373275e-07	1.8438902287393767e-06	6.909949823466395e-06	6.42688573821401e-06	2.178140651812687e-06	3.40214665377307e-06	0.24169190000975505	0.006054817182227029
8.953998896355583e-07	0.0027305504533759453	2513	8.30052366644217e-07	1.981389191597384e-06	5.745541537642225e-06	4.385526619895553e-06	1.2649074594175769e-06	2.9807790695371316e-06	0.239208500017412	0.00548432558930485
8.671096654495993e-07	0.0016743296399933166	2514	5.468009811471352e-07	3.502764575600456e-06	3.024333553384265e-06	2.450362757615235e-06	3.4165204818915004e-06	1.6144432207439505e-06	0.2415958999772556	0.00336997968859055
8.681419598023124e-07	0.003602146387803571	2515	5.377386946431621e-07	3.621276586638451e-06	1.14304176887155e-06	6.566438447940266e-07	6.379929934502345e-06	1.3795364770762547e-06	0.2414977999869734	0.007227506693244851
8.344785400123336e-07	0.0028405988916318154	2516	6.525614993623661e-07	1.958421222094788e-06	5.031148269234982e-07	3.8199060942449864e-07	5.081027951568215e-06	1.7012313277668985e-06	0.2392099000280723	0.005699927347060131
7.609975179576737e-07	0.0030184988325734213	2517	8.62158017381215e-07	1.762375925807075e-06	1.0940375085690024e-06	1.3074975253341551e-06	4.7887770712960475e-06	1.5485516303480678e-06	0.23984769999515265	0.006056220386563137
8.165272380990402e-07	0.0037346713039526714	2518	1.776320859885543e-06	1.1406780798156293e-06	4.504013124899396e-06	3.271262392962987e-06	9.497852505710037e-06	1.6525715512174502e-06	0.25003759999526665	0.00750396878495296
8.981926242480875e-07	0.0036831510709398343	2519	1.202769762191202e-06	7.655853254149751e-07	6.162211932126577e-06	3.83715065154452e-06	6.7682106278655054e-06	2.7273224880766556e-06	0.24513819999992847	0.0073990573110313245
8.808137118714733e-07	0.003249138940566665	2520	2.1184871444443904e-06	6.554148111313146e-07	4.928678011975455e-06	3.330287949696083e-06	6.939634667794045e-06	2.0426781732387247e-06	0.24104609998175874	0.006529037002156384
8.407841039086014e-07	0.002753296139289703	2521	1.7253402869524386e-06	5.738608480076766e-07	3.1915661215393083e-06	2.310497654671061e-06	3.575191359940155e-06	1.9188933191043277e-06	0.25702450005337596	0.005527063281056482
8.617300594840681e-07	0.003347079736005714	2522	5.100426190070229e-07	1.0573767917680302e-06	1.8579885630806108e-06	1.9850870596055003e-06	3.6159731313830044e-06	1.7931690285842163e-06	0.248472299950663	0.006712111711483793
7.863731075202321e-07	0.0026695724667008458	2523	2.230260101863019e-07	1.4897832288814558e-06	7.979970678066916e-06	5.369802242197644e-06	1.9749973863161802e-06	2.6481880570471676e-06	0.244435100001283	0.005365026632662792
7.982068635992555e-07	0.0029524857638513744	2524	6.144893864526328e-07	1.2383701583538275e-06	1.1833300736172327e-05	6.791300905055123e-06	2.1937381503728905e-06	3.6934528292044434e-06	0.2429087000200525	0.005938819784575135
7.582227426191286e-07	0.003445447694421715	2525	8.012090812939339e-07	8.103284404972229e-07	1.6422226156520885e-05	1.15103742470421e-05	2.3671396056385605e-06	5.009728215099886e-06	0.24487850000150502	0.0069367097078955
8.964406762322575e-07	0.003071870527911283	2526	9.443531995400265e-07	4.2508852974363284e-07	1.2976571120792776e-05	1.0771122687004504e-05	3.069181779165276e-06	3.5646328111944765e-06	0.24855149997165427	0.00618391870189283
8.039070577573086e-07	0.002761534140677799	2527	1.0772679133188143e-06	1.5469950741771242e-06	6.692913645119961e-06	6.961773335112313e-06	3.938270696884622e-06	4.4197925039428e-06	0.24548590002814308	0.005557671171840496
8.586092940829435e-07	0.002677971372193059	2528	5.231211905148403e-07	2.439308706441975e-06	1.9475919642844598e-06	5.0022623045533285e-06	3.2159391210818673e-06	2.887741218054774e-06	0.22868970001582056	0.0053797796078183515
8.352610470747823e-07	0.003083799850402846	2529	2.893642680093919e-07	4.045976424841627e-06	1.5460652387149655e-06	3.3868788186439095e-06	5.390817205585327e-06	2.349553509086839e-06	0.24791020003613085	0.006194019249079397
8.725366807340318e-07	0.0033293856338957577	2530	3.8819176907717846e-07	8.275199564290487e-06	3.452194711254937e-06	3.3864203389631215e-06	4.566461264309871e-06	1.968919860485718e-06	0.2432899999548681	0.00668908910978616
9.098399114187e-07	0.003215297840996328	2531	3.4557592271116397e-07	3.97130549202726e-06	3.741571007616439e-06	2.0196816631596704e-06	5.078797494031418e-06	1.5211160651276774e-06	0.2520306999795139	0.006455693323019326
8.208948353995211e-07	0.0030883841792862902	2532	5.854636617315741e-07	3.513241247144146e-06	3.991558359253124e-06	1.1847805735563048e-06	4.415477169437142e-06	1.4571694158893104e-06	0.2483483999967575	0.006199430485255717
7.894518310212306e-07	0.003187330870228195	2533	7.156984694219477e-07	2.4203997069883817e-06	2.5772988898108252e-06	9.92106454567472e-07	3.687514677355368e-06	1.6212115913463054e-06	0.24437520001083612	0.006393563600176625
7.878599867821729e-07	0.0034507410398058077	2534	9.658137808544512e-07	1.7535602237129924e-06	1.6049167585325022e-06	3.3952976442661537e-06	3.0204783948540827e-06	1.1114763855804925e-06	0.24199179996503517	0.006919041297553415
8.127978694388716e-07	0.0039514286159688045	2535	1.032844123813503e-06	1.5090656090393817e-06	2.2317795937203727e-06	6.195170827459587e-06	2.2474474074669875e-06	1.2573069463218353e-06	0.23969219997525215	0.007922461196538097
7.658878028544584e-07	0.0028002712369225406	2536	6.530820354691416e-07	2.458535674612408e-06	2.494960915088025e-06	8.811129909798216e-06	3.6391428185001714e-06	3.121701125451875e-06	0.2593650000053458	0.005630013645873662
7.243005190387562e-07	0.003318081806164426	2537	3.476441594269232e-07	4.124092037825503e-06	2.530913397361432e-06	6.868246683417075e-06	3.5563670125174284e-06	4.423601933457798e-06	0.24044980003964156	0.0066674430475369105
6.808360012852245e-07	0.0033509157083724166	2538	4.313590984660317e-07	4.553834285615103e-06	2.763875842261056e-06	4.725053518260743e-06	2.9950008858991325e-06	3.936091086354067e-06	0.24432890000753105	0.006729529395436513
6.982783512580631e-07	0.0028721335154601683	2539	1.1995653123939176e-06	5.016382751727273e-06	2.6430692217902896e-06	3.2427201704121395e-06	3.877868270299631e-06	6.215677323664943e-06	0.2559655000222847	0.005777952416267105
6.623056858513275e-07	0.0030631224372388746	2540	1.6250507389713538e-06	2.456690874032473e-06	1.2750235821008694e-06	2.9318339480132183e-06	4.148711601319291e-06	6.783985571641627e-06	0.24285550002241507	0.006157723479338492
6.97305327817179e-07	0.0027400965685837196	2541	2.987888071531476e-06	1.5115495423078804e-06	8.564866591539614e-07	4.514265116549145e-06	5.190014679017793e-06	9.141676862029407e-06	0.24662130000069737	0.00552012132029471
7.406252638780629e-07	0.0020606047555000134	2542	3.066269665574515e-06	1.0264067055206389e-06	9.302334920398546e-07	6.284222241171231e-06	5.744573914030614e-06	5.1935378093839e-06	0.2412328000064008	0.004155874117078918
7.243166003245325e-07	0.0035922080147724215	2543	4.316936743504753e-06	8.265698521064393e-07	1.7818812560720328e-06	6.326050176951546e-06	5.8385433116664025e-06	4.230341513771662e-06	0.2428337000310421	0.007219253870425003
7.361498233989831e-07	0.0032533388112635734	2544	2.497360576995586e-06	1.1835436760446073e-06	1.8651392977424573e-06	4.406276601948985e-06	4.8624152556577086e-06	3.0823893069960187e-06	0.2467231000191532	0.006533991851451984
7.328343079699808e-07	0.0024903892903363496	2545	1.663531048145308e-06	1.1065408715215498e-06	9.013674797167038e-07	2.0966365629517383e-06	4.91469470345444e-06	2.238067799192907e-06	0.256195799971465	0.005002317850256269
7.921816120336414e-07	0.003012770732691286	2546	4.97446068472981e-07	1.7942670915397322e-06	1.3139619761191879e-06	6.675595167484871e-07	2.890978728364655e-06	8.819454605822326e-07	0.2553888999973424	0.006038944911637413
6.754508987066528e-07	0.0028756923075734095	2547	2.241426812901487e-07	3.871587610913717e-06	2.543447381326342e-06	1.3043725746877948e-06	6.307603122776725e-06	2.0188527686461943e-06	0.253775899996981	0.005777331978975297
8.038756370009979e-07	0.0031960344927776723	2548	8.062384482762462e-07	3.961716810820502e-06	4.975577032132926e-06	5.352632429202055e-06	4.253818597973242e-06	2.6541794949631907e-06	0.24518410000018775	0.006422588897735651
8.099894197597572e-07	0.003607956424350714	2549	2.626324683746995e-06	4.787737314646148e-06	6.478893501940525e-06	1.1198688704080288e-05	6.136787169396996e-06	4.81522897440673e-06	0.24032250000163913	0.00726452850403297
8.776205133657258e-07	0.0025752539841663235	2550	4.343967775328169e-06	6.073867083887046e-06	1.0490038623346701e-05	1.4470440057497232e-05	1.0071192489470004e-05	6.028712741640103e-06	0.24120079999556765	0.005219841333361659
9.141077259889893e-07	0.0031317332599368414	2551	5.6072590647534e-06	3.931431919962812e-06	1.2249984167902089e-05	1.7615166691422103e-05	5.407190317631565e-06	6.555468042413172e-06	0.2259996000211686	0.006328623893889791
9.317284928917352e-07	0.0028990542354133267	2552	5.907904263739833e-06	5.5618993299786895e-06	7.232597785524969e-06	1.875926090036191e-05	3.7631739360792604e-06	4.801413376268379e-06	0.24194670002907515	0.005854562764716737
9.700890253328436e-07	0.004011151927987779	2553	5.063300683058537e-06	5.2462576036742294e-06	4.1129151269092484e-06	1.1209721617236249e-05	2.537571901776748e-06	2.6004935898700225e-06	0.2402435999829322	0.008060152360040394
8.87433241781427e-07	0.00279500103080917	2554	4.20224060722844e-06	4.0848497345915005e-06	3.0056121462438492e-06	5.806954722594061e-06	2.4907267269094947e-06	2.253968214320684e-06	0.2439318000106141	0.005618365975195021
8.585472967889526e-07	0.002951903324757453	2555	2.034679797335661e-06	3.115362826379549e-06	1.8542471283927377e-06	3.703050724968525e-06	3.013446504338412e-06	2.6306102209655245e-06	0.24150720000034198	0.005927519198036168
9.243379480898266e-07	0.0038677802499633767	2556	1.4611980387063687e-06	1.345749765156896e-06	8.74976766276636e-07	1.099358418822378e-06	2.2707127785747814e-06	2.8016033558489913e-06	0.24185120000038296	0.007752335091080743
8.711673069923541e-07	0.0038980424019280286	2557	4.2120255643281625e-07	1.178856777486968e-06	5.282177870084185e-07	9.64084845151371e-07	3.512544363453981e-06	1.9928960435912783e-06	0.2414411999634467	0.007811930381250211
8.39908342706757e-07	0.0034233915876212308	2558	8.159464520983756e-08	7.570967678789163e-07	1.0906047145075696e-06	3.21115325516306e-06	2.7849684197135616e-06	1.9181001292315456e-06	0.24254509998718277	0.006863009578408525
8.317845012709421e-07	0.0035948867502627905	2559	6.781519346690837e-07	8.928356934943187e-07	1.7590419066922362e-06	4.8124129212219705e-06	3.795583142422208e-06	2.8851725731413176e-06	0.24572830001125112	0.007212941023415328
8.498384208557823e-07	0.0024140411339104335	2560	2.50155271411725e-06	1.5443445135488856e-06	3.5404571527048773e-06	5.605305378486725e-06	6.313189750064713e-06	5.643052957051639e-06	0.23433280002791435	0.004866886089835669
8.486753233146923e-07	0.002694558364112292	2561	3.7884349474146004e-06	2.2713845672515565e-06	3.310484507230718e-06	7.061465195959353e-06	7.185263432241444e-06	5.334300765594916e-06	0.24176329997135326	0.005432284976484742
8.618843376498765e-07	0.0023840342563474703	2562	3.514397052968979e-06	2.8615472432591116e-06	3.887405998010571e-06	6.545974892156938e-06	8.518268299088926e-06	7.67438951467752e-06	0.2532412000000477	0.004818986922184169
7.26952734198526e-07	0.0032893687143869497	2563	4.169222490262728e-06	2.8791633616799543e-06	1.8453422195154571e-06	4.463390514590646e-06	5.846975969925e-06	8.370874815896143e-06	0.2455634000361897	0.006621984154399988
7.726029332011845e-07	0.002827497898710115	2564	2.364424341127352e-06	2.2974862716852644e-06	5.998568830729445e-07	1.0917332297401897e-06	7.16230273199326e-06	5.653002801667283e-06	0.2672720000264235	0.00568852511507958
7.460498663997778e-07	0.003101210472358755	2565	8.169148121046881e-07	2.082136595665217e-06	1.324007801197123e-06	3.878929581585085e-07	8.53644238936252e-06	6.748177050787239e-06	0.24618780001765117	0.006239093235497734
7.130204724987831e-07	0.0027818042636646298	2566	1.994507619452416e-07	1.2239788316432938e-06	5.516235460966499e-06	3.772494040895687e-06	8.031242782432797e-06	3.740124188343766e-06	0.2420443999581039	0.00559928946131126
7.37255516209127e-07	0.002646454448964392	2567	8.841996448281854e-07	1.015779214705907e-06	8.689830295326802e-06	8.69316777186045e-06	4.806881290767203e-06	3.952613765126846e-06	0.24504070001421496	0.005331185375999711
7.184682055312486e-07	0.0029038332222194865	2568	2.031667512327353e-06	1.0358081977085988e-06	1.0013680291090866e-05	1.2157602465949703e-05	3.545635693037088e-06	2.7088742293789693e-06	0.25699530000565574	0.005846851159161943
8.008384513510361e-07	0.003109492307455258	2569	1.8964424366219436e-06	1.2343869208637678e-06	5.946616533535923e-06	1.095173724394153e-05	2.5122231448337324e-06	1.5045142690995964e-06	0.24332379997940734	0.0062486489497760485
8.457710057467769e-07	0.003110507599080478	2570	3.4453734690705285e-06	1.1613275832727476e-06	4.4566072531985485e-06	1.0262771750956502e-05	2.075587172542078e-06	1.7646254886308087e-06	0.2401090000057593	0.006249713245551295
7.56552709962554e-07	0.002693190820716381	2571	1.763289774953134e-06	1.6463315097972232e-06	4.495920467533037e-06	9.96240682265824e-06	1.7992617892808186e-06	1.661411812342821e-06	0.2376809999695979	0.005412684042630877
7.224558643221091e-07	0.003320686372275363	2572	8.24568330268221e-07	3.1550260674085427e-06	2.2984814211298387e-06	5.589906624793406e-06	2.21256551921802e-06	1.3585176144059705e-06	0.2377190999686718	0.006661827804990217
7.240158691978716e-07	0.0030944103772325617	2573	2.878807623472052e-07	2.6488406262935204e-06	1.7623816256794682e-06	4.380307020056186e-06	3.953175394058658e-06	1.2910041899461636e-06	0.24338810000335798	0.006209836555405905
7.804260788383238e-07	0.00314919216507878	2574	2.7842456391264725e-07	3.601222276101733e-06	4.7357926723494505e-07	2.5183610886608413e-06	3.46465583392917e-06	1.450546062587843e-06	0.239622299966868	0.006316647173304182
7.064901218612422e-07	0.003335311156570668	2575	2.3102209380085756e-07	4.840083102788976e-06	2.0466014305773253e-06	2.4733496886728935e-06	4.318427354298425e-06	1.156602007397232e-06	0.24170519999461249	0.00669257640842429
7.272776097796587e-07	0.0033758220648503804	2576	1.6910577256456665e-07	4.205028686321762e-06	4.587248792236401e-06	2.8732908361129233e-06	5.939909150172166e-06	1.6521686482701652e-06	0.24789250001776963	0.006780117514604441
7.570167486652266e-07	0.0034326869067237984	2577	2.682004638110441e-07	6.936120150074655e-06	4.849722205739094e-06	2.5552901475865575e-06	3.8073984645659507e-06	1.1756187634375148e-06	0.24943080003140494	0.006891463214368144
7.350498269447611e-07	0.002861338463462907	2578	2.5755812320758793e-07	3.101807983755957e-06	2.1819746868848135e-06	7.997288777488055e-07	4.296243809874756e-06	1.566519972492075e-06	0.24456199997803196	0.005742213623816036
7.286594277254156e-07	0.002709124600466923	2579	1.8773877119343887e-07	1.83468155202278e-06	9.197207663648848e-07	5.835498238696583e-07	3.114070863114745e-06	1.657884687245491e-06	0.24321950000012293	0.005432776121803467
8.044116818770614e-07	0.0024179621157116365	2580	2.7800513267693794e-07	1.2789420067785159e-06	1.4237893348357042e-06	1.4496192479802125e-06	2.2007560766951774e-06	2.374269560835278e-06	0.24162829999113455	0.00485111346178436
8.67489303733187e-07	0.0028802337890201195	2581	3.1707239603273515e-07	9.763944126582049e-07	1.8419582705080291e-06	2.1195624356319592e-06	2.0714992947289173e-06	2.639033177842914e-06	0.24140519998036325	0.00577687860910768
8.357274672228911e-07	0.0030000376170042434	2582	4.5886354193242647e-07	3.556491823465578e-07	2.1682755106378035e-06	2.493245644388671e-06	3.569558678628019e-06	2.613262398743369e-06	0.2541639999835752	0.006019588364976981
8.932513761089297e-07	0.0025720654748269825	2583	9.427450252117592e-07	5.387137649472881e-07	1.5385777600194146e-06	2.3688926295417247e-06	3.3827499375618226e-06	2.6622257901883923e-06	0.2533462000428699	0.005163396333041403
8.785545289800764e-07	0.0030970477973544983	2584	1.3898928014616766e-06	6.387198414286903e-07	8.596515639897758e-07	1.794100726897358e-06	2.675661911009385e-06	1.8479180617602048e-06	0.24230969999916852	0.006209582228646274
8.370246381186118e-07	0.0029035247575574866	2585	1.4394214362597744e-06	6.401971753931871e-07	2.6292972219984444e-07	7.557959787943372e-07	3.016312437812802e-06	1.8612597040362717e-06	0.24399889999767765	0.005821577052987556
8.241861431095148e-07	0.0024820773751027952	2586	1.5398862751434604e-06	7.138652127746119e-07	1.3169150749079368e-06	8.482046623381964e-07	3.0858889531491833e-06	1.571606869540277e-06	0.24153400002978742	0.004979536985362352
8.483440549361597e-07	0.0032151264971671052	2587	1.3568682687416402e-06	1.1630329930842085e-06	3.031667918774088e-06	1.676421173114038e-06	3.9832665268486935e-06	1.225374204510083e-06	0.2371298999642022	0.006449594954260515
8.490887975813482e-07	0.0034440330708392203	2588	1.4123900147879738e-06	9.513807904721881e-07	4.180236087457036e-06	2.7737719662781772e-06	5.48171602209659e-06	1.5225684424576228e-06	0.24017230002209544	0.006913090667061707
8.538720517629857e-07	0.0038539025692039433	2589	9.789770612790524e-07	6.807863844880567e-07	2.300341723004362e-06	1.7275070531411585e-06	4.995300161685819e-06	1.373336921298414e-06	0.2445152000291273	0.007727937768899294
8.695221398861602e-07	0.0026388579303852095	2590	3.7584877137548405e-07	9.492481923630782e-07	2.7135810794643134e-07	1.1844516142836661e-06	3.0953444311889474e-06	1.4702530537987343e-06	0.23977139999624342	0.005291367006706136
7.371182969121151e-07	0.00332065061680931	2591	2.984606278310234e-07	1.2522265507827158e-06	9.762643086662147e-07	1.5070378545040505e-06	2.808423771171203e-06	2.2358361022714035e-06	0.2409205000149086	0.006656897979301113
8.359220830712624e-07	0.0033279010406309702	2592	1.9971686286283892e-07	1.0201727995573842e-06	1.5488359036288908e-06	1.6392226456194822e-06	3.0067972568099278e-06	2.101588490599489e-06	0.2374452999792993	0.006672098645134571
7.930450843437096e-07	0.0033829092303755493	2593	2.4822346414033817e-07	1.1865032135319717e-06	4.3252094487072435e-07	7.427640571030584e-07	3.937158318615555e-06	2.582011086993486e-06	0.24785300000803545	0.0067830529014106505
7.537237051712622e-07	0.003363901960057858	2594	3.951543609222638e-07	9.956442453551704e-07	2.6180021161484703e-07	1.9925644092488687e-07	3.3992316862241914e-06	1.7353021531926348e-06	0.24408390000462532	0.006741432290463709
6.649307523115057e-07	0.003163287759220384	2595	4.3244117112539093e-07	7.957490434825951e-07	1.0162150040423664e-06	3.8983457549359804e-07	3.905253172467624e-06	2.4035585648639382e-06	0.25561049999669194	0.006343157243214197
6.876262298903012e-07	0.002763162835969021	2596	7.927522887636137e-07	1.0306985654730125e-06	1.3721263251298409e-06	7.083771998832521e-07	4.272334400025416e-06	3.50805274024406e-06	0.24005009996471927	0.005547165653057612
7.131063376506405e-07	0.0036685406329417915	2597	7.138421182933172e-07	7.760333141750506e-07	1.003374188243721e-06	7.809898796478845e-07	2.6888408935672313e-06	3.6104906730534913e-06	0.2433106999960728	0.007354380381192486
6.877233927775304e-07	0.002886556426627067	2598	1.0850446562395913e-06	7.817417561641274e-07	2.984242575854085e-07	5.827397528653012e-07	2.9673863095914695e-06	4.176479403919364e-06	0.24607200000900775	0.005791523981889564
6.231363982367899e-07	0.003045274123057602	2599	1.1804901587616974e-06	8.743140605397828e-07	1.0646011356631283e-06	1.1680343040436993e-06	2.932472058498473e-06	4.258678366559186e-06	0.2388677999842912	0.006110464259420801
6.911044145572375e-07	0.002966527644400913	2600	2.2866632483021673e-06	8.20566079212718e-07	2.5776404464240214e-06	2.314380445767544e-06	2.0089606268662727e-06	3.7646127718891603e-06	0.24027089995797724	0.005953983894648158
6.853044065661288e-07	0.002705681670610736	2601	1.9900803617731886e-06	6.268672053811138e-07	1.8240878560114617e-06	1.7685400359881348e-06	2.6716040349831723e-06	2.894837379736958e-06	0.23374640004476532	0.005430076408323198
6.324852695884248e-07	0.0032891088345734934	2602	1.183854754284521e-06	4.572160630251379e-07	1.1234132190240279e-06	1.2691515520009204e-06	2.708141910185832e-06	2.1312907885308723e-06	0.235790700011421	0.00659319514067193
7.228664154009622e-07	0.0034567746070991194	2603	9.250566663740707e-07	4.895596779269432e-07	4.6080828049896516e-07	9.068444881884896e-07	3.1642853427979625e-06	2.077885329585568e-06	0.24472550000064075	0.006928261557486796
7.416419728649172e-07	0.004074935603480716	2604	1.221245717976618e-06	7.217690976592612e-07	3.17568632128975e-07	6.974037204589758e-07	2.6830989749759413e-06	1.8655842052740022e-06	0.24036150000756606	0.008163409844435886
6.961387579847019e-07	0.0022593900283710586	2605	1.4260354147884108e-06	1.4031815227595417e-06	4.05069510202058e-07	5.578544257046555e-07	2.585849764940551e-06	2.9826624973898474e-06	0.23974679998354986	0.004535101499656202
6.528191127645753e-07	0.0031845383552110453	2606	1.4495015783879913e-06	1.0863817229563113e-06	4.7133948834829193e-07	4.850704061399574e-07	2.468560620022302e-06	1.921880415451687e-06	0.2561647000256926	0.0063826555239144
6.906463091331025e-07	0.0031946967000001823	2607	1.5508840577625354e-06	1.2958649553814128e-06	3.903204230303936e-07	3.022708473661639e-07	3.1723875925151512e-06	2.7174424974538444e-06	0.23870190000161529	0.00640609369308211
7.369021970838775e-07	0.0031597185383577878	2608	2.4264224598865314e-06	1.8402066237019919e-06	2.2391024433396445e-07	3.08132077873112e-07	2.6705751958377124e-06	3.4031814951839787e-06	0.2569404999958351	0.006337857065897581
7.163887567944262e-07	0.0026966026152712695	2609	1.7130371568805624e-06	1.1669113808883868e-06	3.4366660380185593e-07	7.116807037698375e-07	3.100998278198691e-06	3.785806875760836e-06	0.24603510001907125	0.005412346914209388
7.401730176425993e-07	0.0030354832381379792	2610	1.6753589495247032e-06	1.2458725328903355e-06	5.402910825995164e-07	1.3665470327841593e-06	4.332374420193172e-06	5.492372713280482e-06	0.24305390001973137	0.006096924386175991
7.050191080461853e-07	0.0027967574926717476	2611	1.4438209449607639e-06	1.2429894108264807e-06	9.710714261830218e-07	2.201350331831433e-06	3.1566827153978766e-06	4.140020210843894e-06	0.24441869999282062	0.005615377661525873
6.990525690982751e-07	0.0032710751539538293	2612	6.500145687176392e-07	8.304323841752835e-07	1.7629348146584412e-06	2.93068640426759e-06	4.579671397539208e-06	4.618164713447104e-06	0.23902939999243245	0.006568118153439647
6.824314834954672e-07	0.003397025479417894	2613	5.750006624841605e-07	8.086371749815029e-07	1.249555004325265e-06	2.8979487103096538e-06	3.1570005452924785e-06	4.252001381926926e-06	0.24427580001065508	0.006815764967209319
7.201388590700559e-07	0.002836498802620313	2614	5.035683607019846e-07	7.205083615070287e-07	1.8076476962980957e-06	2.591264274623527e-06	3.3213227817038935e-06	3.8132565483491977e-06	0.24124719999963418	0.005694330030312002
6.730573037374379e-07	0.002848811746138608	2615	3.859734884097225e-07	6.609461651761163e-07	8.976289531162997e-07	2.364658245884167e-06	2.3720582148872255e-06	2.554817667502946e-06	0.23715860000811517	0.005713132565502058
6.810400064908603e-07	0.0030942350963388257	2616	7.478834739841851e-07	7.354453959352331e-07	1.2496574420402255e-06	2.767315449919908e-06	1.74793914072286e-06	2.487135151133091e-06	0.2390302999992855	0.006203802723036224
6.809161462756901e-07	0.002781582189414619	2617	1.644923531741056e-06	9.86466800152903e-07	2.6145333672295194e-06	3.3589147448385044e-06	2.6074081576709315e-06	3.2487850308186123e-06	0.2399042000179179	0.00558484343594273
6.912026890841218e-07	0.0028255293144606526	2618	1.636612763226414e-06	8.001177940408694e-07	3.673929438869961e-06	4.048533328807336e-06	2.957935088935214e-06	2.9385814146926305e-06	0.24933359998976812	0.005674393260631673
7.778332101552949e-07	0.0032701723168544515	2619	1.2168773370081688e-06	7.330351757615803e-07	3.5630340339655673e-06	4.683508066196622e-06	2.1341846377113043e-06	3.2392246945193094e-06	0.25042100000428036	0.006562843573406607
7.006916650361279e-07	0.0027759656436752026	2620	7.182342997263837e-07	1.3616030375593549e-06	5.512631581019883e-07	9.561419873443104e-07	2.667671190307024e-06	1.910102543823273e-06	0.2596355000277981	0.00556607546063147
7.61162069583251e-07	0.00330442301557378	2621	2.9527585928802333e-07	1.5460045668179204e-06	6.920270619074041e-07	2.13521813422488e-07	3.2547432291501255e-06	1.2338660126469046e-06	0.24338479997823015	0.006622092403071757
7.368036036442093e-07	0.0025855940913309884	2622	2.5137255867116696e-07	2.2068195421216582e-06	2.670055954481277e-06	1.110104990317232e-06	3.845846102575111e-06	1.2878214158643288e-06	0.23986809997586533	0.005189167477951735
7.422454339732159e-07	0.002650316796295458	2623	3.169947940655138e-07	1.9776813034960684e-06	2.4450154045892358e-06	1.152748119007625e-06	5.428269398602338e-06	2.1450765712264558e-06	0.24623659998178482	0.005323157215019679
7.865934808917854e-07	0.002764166091273636	2624	1.4548347894481953e-07	1.7105687529172161e-06	1.082453059687421e-06	5.134996623624736e-07	2.1439915022288954e-06	1.4510063105523514e-06	0.24146779999136925	0.005540547370088529
8.023487274671391e-07	0.003041208500686122	2625	2.001558296822736e-07	1.0240066476212497e-06	4.958003085664761e-07	6.028482129405048e-07	2.6179462226800693e-06	1.9133779541653e-06	0.2397371999686584	0.00609540715817968
7.844586364338574e-07	0.004022792258640014	2626	3.6921555081250844e-07	1.1698659257185952e-06	6.602237038182792e-07	1.2411480126061285e-06	3.078257200271782e-06	2.600068694536743e-06	0.2427699000108987	0.008061950539535465
8.117555903761317e-07	0.00285033573012996	2627	4.776247955661978e-07	1.1145394443185155e-06	2.6528170642715773e-06	2.3819334074938e-06	1.765375690263779e-06	2.4616172536062944e-06	0.2423234999878332	0.005717375872040063
9.21177914550391e-07	0.002338239076627574	2628	8.725445675163857e-07	8.831236673698731e-07	2.913304417394562e-06	2.727379487067235e-06	1.3885259349088617e-06	4.602609712008637e-06	0.24729819997446612	0.004697699132517432
8.965606571913422e-07	0.0035223812322457988	2629	1.2323419742971498e-06	1.2924356536989328e-06	4.320895051628174e-06	4.619467973659446e-06	3.1712265761657576e-06	4.34498074137201e-06	0.2446685999748297	0.0070730531410943395
9.004968361229896e-07	0.002609404128298239	2630	2.4809993228768522e-06	1.0998555425647873e-06	1.918133791963193e-06	3.1547658817220237e-06	2.9123480647981794e-06	6.273895028023807e-06	0.2531001000315882	0.0052476354909934955
1.048331969593454e-06	0.003725331646505965	2631	2.348958247031205e-06	1.172268042743458e-06	1.6376430966142736e-06	3.4349131594154594e-06	2.7807521991405703e-06	6.64748544608719e-06	0.25037480000173673	0.007480210214787377
9.566395751972064e-07	0.0027908583824851232	2632	1.6006106085633065e-06	2.552231537352645e-06	2.0282438921807466e-06	3.277690343210641e-06	1.4067318122596673e-06	6.438096552011373e-06	0.2455191999906674	0.00560877847723049
9.937875225715594e-07	0.0032410522500575575	2633	1.4840076532119927e-06	7.907964997254523e-07	2.4557169762818314e-06	2.4649893033701178e-06	2.093777745666959e-06	4.9111151528681344e-06	0.24317820003489032	0.006505297371389919
1.0780648474455522e-06	0.0029351335807345736	2634	1.330809650696304e-06	1.1891804316370821e-06	2.777498031558885e-06	2.221050839056123e-06	3.4607406226847647e-06	5.736980627928306e-06	0.24130380002316087	0.005898337272618213
9.865203051215148e-07	0.0026907943214194794	2635	2.1907041648202963e-06	1.3238737391423349e-06	9.483854918901097e-07	1.8090190713827526e-06	4.695908495757651e-06	7.361714448586443e-06	0.23884469998301938	0.005413948911805125
1.0709140473177665e-06	0.003181060297342705	2636	1.9354037625211294e-06	7.9607071527494e-07	8.90035707238327e-07	2.4459952653916973e-06	4.044370652074287e-06	3.920466775935154e-06	0.238577299984172	0.0063862596030864905
1.0489752464561728e-06	0.004278636746455636	2637	2.0929095328199586e-06	3.9300822169591915e-07	7.434248388561029e-07	1.1217845987492532e-06	3.356366004194316e-06	2.352523073196112e-06	0.24320249998709187	0.008575140348751085
1.0031021950250497e-06	0.0026968372060845406	2638	1.8526141784247136e-06	2.996560509159231e-07	9.50256363543577e-07	7.105613103795375e-07	2.3522327860117554e-06	2.1492641222324584e-06	0.24118449998786673	0.005408496698278884
9.324142962658785e-07	0.004375174758466187	2639	1.3900714671568605e-06	9.92513089558878e-07	1.3900783917894422e-06	7.202980641897469e-07	2.944955571910235e-06	2.2405746792675226e-06	0.24039140000240877	0.008767078367039957
9.063574704178249e-07	0.0021100653951081592	2640	1.0082990135570515e-06	1.338464086640354e-06	2.9548023074418514e-06	1.8567869618236269e-06	3.985984060298496e-06	3.4342348300825895e-06	0.2375752999796532	0.004243942295307379
9.77983656402133e-07	0.0026027534775570297	2641	8.729749047421736e-07	1.8262033411866062e-06	4.788881779371019e-06	3.5335734827002986e-06	2.453829683462024e-06	2.3620084044844707e-06	0.2313774000504054	0.005228116232110756
9.799063000383114e-07	0.003292200096647208	2642	8.819884871561076e-07	1.5207935018610064e-06	5.219719646041601e-06	5.73622943476487e-06	2.4679603128727226e-06	3.783096574768547e-06	0.23985270003322512	0.006612220850739599
1.0617374245492267e-06	0.0028756406622472913	2643	8.179339969660334e-07	6.316930775834747e-07	4.737571888522909e-06	6.088552016680207e-06	2.5589228555211673e-06	4.790769744813545e-06	0.24611280002864078	0.005780379935524103
9.086757141436974e-07	0.003160041887846669	2644	1.2593992142571457e-06	3.973319901581454e-07	2.6344562884079274e-06	5.787892917503479e-06	2.5106637872580096e-06	2.9833567491566907e-06	0.24054620001697913	0.006342968248604783
9.4579061757851e-07	0.0032413439781575426	2645	9.654659642852346e-07	1.3775735732599946e-06	7.175115868201727e-07	2.6153230291636914e-06	2.8921434741871216e-06	1.666330854632437e-06	0.23953030002303421	0.006499372360361411
8.924203190108033e-07	0.004137951896232933	2646	1.0023449943045605e-06	1.3988477615886193e-06	1.498965774033777e-06	7.71784498427645e-07	4.349914809143438e-06	1.8630346712777625e-06	0.24709230003645644	0.008294786475093085
8.897595079883521e-07	0.0031001009629380424	2647	1.0580059560330028e-06	1.589837116389901e-06	2.8334586805209423e-06	8.479867317889703e-07	4.013234812454171e-06	1.7383709283079557e-06	0.24425099999643862	0.006219813944858319
9.023127001614194e-07	0.00239703304289634	2648	1.3621926533420819e-06	1.7600307157081295e-06	3.3290800454849335e-06	1.0907616951372903e-06	2.956559301283648e-06	1.8056315220868305e-06	0.2470098999910988	0.0048129371579494155
7.930439758118162e-07	0.003330954881973271	2649	1.9664562439967646e-06	2.0711380083816635e-06	2.2518622192622688e-06	1.2332814043693699e-06	3.3398579853939613e-06	2.289074597635103e-06	0.24103119998471811	0.006682276454940232
7.778948684280964e-07	0.003045440636307896	2650	1.6496369595933508e-06	1.311909212819235e-06	1.1653008993200278e-06	1.519287760343646e-06	3.870147379106861e-06	2.6599403309083756e-06	0.255805800028611	0.0061111433726047555
8.1669871767826e-07	0.004128444099527534	2651	1.1685394459946369e-06	1.173318268892545e-06	3.0524533284942125e-06	2.8880209692418045e-06	1.6558205561741639e-06	2.6466070763119335e-06	0.2432682000217028	0.008275408783768019
8.416897899290849e-07	0.003034637585512389	2652	6.430268776876067e-07	9.492154117116983e-07	9.382396510853113e-06	6.4309524350407925e-06	1.9762724596981497e-06	4.402765139096399e-06	0.2448811000213027	0.0061011222170375195
8.421579124362617e-07	0.0034239417908041346	2653	3.2478510291947216e-07	1.3532719642482937e-06	1.745201139771641e-05	1.2080932629631786e-05	2.780717738234971e-06	4.933617038966731e-06	0.2561695000040345	0.00689620756808206
9.508334256603118e-07	0.003560881496109086	2654	2.1805730313149476e-07	1.043933913160284e-06	1.373753383546621e-05	1.0171088700548274e-05	1.950131397264187e-06	4.827184538103709e-06	0.2428152000065893	0.007162389904692534
7.43795337831036e-07	0.002863675578145166	2655	1.895040689148834e-07	9.75516577423479e-07	5.499648033929382e-06	5.649489903198059e-06	2.53635785859981e-06	2.564532234476807e-06	0.24199979996774346	0.005751354685735612
8.517585338515162e-07	0.0032583410400771687	2656	3.5169627964886383e-07	1.2862194492618558e-06	1.7637885431358743e-06	4.727684176322941e-06	3.0304043987838196e-06	2.068929745246328e-06	0.2443216000101529	0.00653671365395847
7.996062896628119e-07	0.0032228983626586567	2657	2.4988276642439235e-07	7.257223753913357e-07	1.5803470448660756e-06	3.87475531061165e-06	3.559708651023066e-06	1.734373878187245e-06	0.24091890000272542	0.006464414810452353
6.737267428739974e-07	0.0034325774956889057	2658	2.903696994974975e-07	8.624996049613319e-07	4.285693944784835e-06	4.7338146395474295e-06	6.26654588804428e-06	2.454583294652055e-06	0.2507148999720812	0.0068941170811177436
7.985682778121247e-07	0.0035359753381988806	2659	3.9539068948883347e-07	1.353046087792938e-06	4.348042288469894e-06	3.2731136826867577e-06	5.414217679118511e-06	3.522270917552234e-06	0.2482138000195846	0.007100790382895165
7.604876865145042e-07	0.0035048534134090492	2660	2.9023220788493474e-07	1.071818500610811e-06	3.2882136661830006e-06	1.5633622242666743e-06	6.330025541414028e-06	2.4752819194404677e-06	0.24091340001905337	0.007035052043711782
7.43659216373437e-07	0.002786326703198002	2661	3.235978591045201e-07	1.101122020817526e-06	1.465156024718582e-06	2.6796976043380725e-07	3.792955850942572e-06	2.0078116538693886e-06	0.23750779998954386	0.005588900105503449
7.851654876578046e-07	0.0030417730150274127	2662	4.84807817813114e-07	1.0494519127558667e-06	1.6179506890136097e-06	1.4490176140100977e-06	2.0918431664330457e-06	2.0590390618534444e-06	0.23938729998189956	0.006098019353520307
6.711748140995516e-07	0.003198663234403219	2663	6.922436894221359e-07	1.2036685706353365e-06	2.5066464874777567e-06	3.7705447401435236e-06	3.215987321162128e-06	2.537767052063254e-06	0.24613009998574853	0.0064183494306687666
6.88533283542334e-07	0.002292694937241994	2664	5.559422474876002e-07	1.3167836668227344e-06	3.988011229641314e-06	5.151793048969761e-06	2.512735628906008e-06	2.0833609815488948e-06	0.2415047999820672	0.004606971664464904
7.346031579042042e-07	0.0028375336863888634	2665	4.1740749575366085e-07	1.1351531564234378e-06	3.581637700500405e-06	5.1897446161680095e-06	2.6338564088606813e-06	1.9703399940563442e-06	0.2508057000231929	0.0056960689148682145
7.394992908867568e-07	0.0035647704151276294	2666	4.2992874107756627e-07	6.415467870577644e-07	2.400956787027937e-06	2.9565333407852214e-06	2.437636927605411e-06	1.6508551368609463e-06	0.24386889999732375	0.0071456257786219135
7.025910297950082e-07	0.002240196516771969	2667	5.870403205578705e-07	1.587859479927522e-06	5.151021238356779e-06	3.650845505532215e-06	3.551088918654109e-06	1.4796752464931142e-06	0.24815070000477135	0.004502836510478197
8.13758134798406e-07	0.0031973348474378703	2668	9.034948195969476e-07	2.35441892447144e-06	8.078108825453992e-06	3.914842374516076e-06	5.330475318655261e-06	2.246999641961179e-06	0.24308149999706075	0.006426703026010608
7.433479459700765e-07	0.003116289920717787	2669	6.445165272261275e-07	1.9183673746641227e-06	1.0143230766228032e-05	5.651016328825503e-06	5.733546805464945e-06	2.620108042491809e-06	0.24145879998104647	0.006269130978020372
7.734588148266448e-07	0.002949608473690226	2670	2.1863291513150515e-07	1.2450785141619372e-06	4.699553581736331e-06	2.2686190441435935e-06	3.6386949406608825e-06	1.7184228476203224e-06	0.25513230002252385	0.005919909984641842
7.134023312912814e-07	0.0033517635435547774	2671	6.601234520253269e-07	8.813941394020542e-07	1.4289296752011237e-06	6.587333254437407e-07	2.5269130819364794e-06	2.4941133173020785e-06	0.24340110004413873	0.006718625125162686
7.323562393851198e-07	0.0025280228187743257	2672	2.314989697823578e-06	1.9454516183407316e-06	2.970957300625989e-06	1.9667417193727428e-06	2.4288991195253544e-06	5.357666617394121e-06	0.2455754000111483	0.005082281621837424
7.090315963331682e-07	0.0030670470427578956	2673	4.685531041203919e-06	3.1093850851918426e-06	5.186935858528487e-06	3.7088002710283813e-06	2.092821989312599e-06	6.723081491314368e-06	0.23894569999538362	0.006169834607925664
7.259495447004806e-07	0.0028446559901869357	2674	4.22186034476224e-06	1.8482825910905053e-06	4.121650334493817e-06	3.46222631382551e-06	2.858785124977357e-06	5.759127865936928e-06	0.2505293999565765	0.005721653725029273
7.387699276320377e-07	0.003466460895285811	2675	5.407727725969155e-06	1.9092383108784237e-06	3.468516335431605e-06	3.0944388027312934e-06	2.938301994180228e-06	6.195496436101881e-06	0.25656760000856593	0.0069665468484624606
7.261911630542252e-07	0.0030091819009655987	2676	4.203928607555712e-06	1.0325198269717037e-06	1.7187373155088145e-06	1.4324689821027641e-06	3.5551002575021013e-06	6.210968039605765e-06	0.25093429995467886	0.00604773597558366
6.620945257182095e-07	0.0032421706538892227	2677	4.289758757480668e-06	8.868484481591036e-07	8.60532859953612e-07	1.928510876496637e-06	2.9328520021423224e-06	5.016339407151612e-06	0.24454980000155047	0.00650952953059056
7.233007574162122e-07	0.0028408215025607945	2678	3.4848853856747533e-06	6.485595422318571e-07	7.435460008658829e-07	2.262578711925516e-06	3.31387488255634e-06	4.001604836539267e-06	0.24605740001425147	0.0057048601357153105
7.633879313315078e-07	0.004101330233493589	2679	1.4363742096202514e-06	5.779733334420495e-07	1.2758276089824868e-06	2.3837847981274993e-06	2.6907222122384703e-06	2.347235958987411e-06	0.24473520001629367	0.008219937119142467
7.109090251686506e-07	0.003567104425656987	2680	5.410632738733747e-07	1.9730104132267083e-06	2.070440666292933e-06	1.983929633453274e-06	4.01736193882418e-06	1.7659315071379208e-06	0.24300190003123134	0.0071537657002430826
7.483473846046581e-07	0.0023723739898676008	2681	1.5087304996294032e-07	2.2203632868193396e-06	1.3990341152235265e-06	1.1233841093052046e-06	3.1403999810675537e-06	1.1001752493145325e-06	0.23346469999523833	0.004759619479526486
8.042104607734037e-07	0.0026106171171779544	2682	4.2816723253969807e-07	2.4191991226185264e-06	1.3970372740881194e-06	1.1536609680584596e-06	3.73442582515624e-06	1.8335970816347847e-06	0.25029980001272634	0.005239376765688343
7.67516982920082e-07	0.003333849588608966	2683	6.731550841577584e-07	2.4724980170495823e-06	1.576007754096191e-06	1.6349782812861245e-06	4.418846548877255e-06	2.6795827205939875e-06	0.2491942000342533	0.0066897877088593054
7.680689776670459e-07	0.002824768997077923	2684	1.183651763987506e-06	2.289210535221268e-06	1.6671568755222581e-06	2.4167310858671005e-06	4.316239883620027e-06	1.9344880647475817e-06	0.2437130999751389	0.005671132338268514
8.199339467832294e-07	0.003638828379453433	2685	1.9002137789792633e-06	2.3716563909936273e-06	1.8283226267783945e-06	3.357899207083189e-06	4.7803057782929194e-06	5.443280365623723e-06	0.2379413999733515	0.0073092018910921
8.409892851127169e-07	0.003208498172500267	2686	2.3333690009249923e-06	3.31643167815637e-06	1.2453154596434706e-06	3.1914914604812805e-06	1.9162541952406714e-06	3.795264270741098e-06	0.2390175000182353	0.0064401879681019285
8.388250515767708e-07	0.0022861005293318163	2687	2.4105751510196986e-06	4.119048952550412e-06	1.681372447961534e-06	3.104398775741826e-06	3.426148664231475e-06	3.6442546261458865e-06	0.24642179999500513	0.004599334910674814
8.725176088137223e-07	0.0027861817648572474	2688	2.29253352394457e-06	1.9178921877024423e-06	1.4977129490035706e-06	1.3718183791706077e-06	2.520211306421202e-06	2.6246739527596403e-06	0.24886470002820715	0.005591478292490305
9.051554887604576e-07	0.0024592897926616264	2689	1.2149482037080334e-06	3.153595107934566e-06	1.0274780959536665e-06	4.5045327509562444e-07	2.5732071330309494e-06	2.3165893735039044e-06	0.24390719999792054	0.004936015963996536
8.772017887566436e-07	0.002653269975208246	2690	7.174112867172027e-07	2.3779247314538417e-06	7.187123908739506e-07	3.653007185997331e-07	3.0430661468158934e-06	1.2645366663660181e-06	0.25700129999313504	0.005321088908748014
8.724610854104447e-07	0.003830416891932174	2691	3.907003254825622e-07	1.7993172240421453e-06	7.388451141098513e-07	7.075252283833925e-07	2.9381878732875648e-06	1.756023428869081e-06	0.25454110000282526	0.0076756035165315
8.4366022120591e-07	0.002810263730039478	2692	1.6694330571048894e-07	1.7301194784170285e-06	1.19288875287906e-06	1.9946663811079133e-06	3.6055451788338847e-06	2.2366569483043853e-06	0.2878613999928348	0.005638983802693759
7.756896933124257e-07	0.001978796154355012	2693	8.861691032571143e-08	1.8513221378533602e-06	2.0068034704204368e-06	3.469272912794466e-06	3.441898913056038e-06	2.649746721914017e-06	0.24905480002053082	0.003978742994797983
8.384334126960384e-07	0.002611899556783681	2694	1.7835371241795843e-07	1.395421375700658e-06	2.9688298575834173e-06	4.4883567451192235e-06	3.078549104797716e-06	3.1223300188475513e-06	0.26019859994994476	0.005246908700330864
8.417237955295054e-07	0.0029337670692795373	2695	1.4466484168950378e-07	1.4067188810990654e-06	2.6753194288973325e-06	5.9441769687530615e-06	3.119952334918138e-06	3.1101535682171738e-06	0.2507630000473	0.005891848678076843
8.542147454766184e-07	0.003414237678826226	2696	3.1316983253129164e-07	1.315542772152206e-06	1.919616424027724e-06	3.236336350265619e-06	4.24198539197833e-06	2.9302120968899264e-06	0.23891539999749511	0.006851312847500118
8.06108191536247e-07	0.0033013891339247776	2697	5.362399273176811e-07	1.207609124240155e-06	2.2935567216606353e-06	3.149927276959859e-06	4.248813642098092e-06	3.7284983683525825e-06	0.24101930001052096	0.006627532441303707
7.734998172522926e-07	0.0029477886882868834	2698	6.163912504413052e-07	1.2995844650097757e-06	8.541113853913915e-07	1.097376381224288e-06	4.719234359929988e-06	2.3190768325718317e-06	0.24044860003050417	0.005915068462075341
7.428372723690042e-07	0.0033757784118635566	2699	4.6460083825325675e-07	9.273341245420196e-07	6.804469169548134e-07	5.942401776527579e-07	3.6897106163169025e-06	1.8664603373668547e-06	0.23806469998089597	0.006766821462236622
7.560373210927247e-07	0.002865212710703263	2700	3.9933242489678705e-07	9.111230907363125e-07	6.613427096415573e-07	5.281922528246852e-07	3.6264204536990555e-06	1.5966150172592302e-06	0.2526156000094488	0.005744883557468727
7.986720653115015e-07	0.0030193301518591682	2701	3.113154592536874e-07	7.049917116777006e-07	9.262660953192214e-07	5.940796837843226e-07	2.837065801101607e-06	1.565761274537967e-06	0.243496100010816	0.006051599954950275
7.729269464349179e-07	0.003176330644764062	2702	1.8668319775716032e-07	5.815456736221e-07	6.40753232951057e-07	5.889993520472432e-07	3.093481535687718e-06	1.2258819295311108e-06	0.2452651999774389	0.0063648438518078086
7.727574008134722e-07	0.003019096035475474	2703	2.963145331080538e-07	1.2674961344633815e-06	9.540276910540249e-07	6.661073222435552e-07	2.0676092259621195e-06	1.091912923877942e-06	0.23918690002756193	0.006049240575733124
7.94539608698628e-07	0.0027254358386426068	2704	6.671961319982058e-07	1.212959938113008e-06	1.099890919796604e-06	7.445731992755493e-07	2.4877615398599236e-06	1.713044912535636e-06	0.24583959998562932	0.005464586989596586
7.122065521219057e-07	0.003551167109842584	2705	7.678027168433865e-07	2.948954762284799e-06	1.280048317934982e-06	8.811596582203812e-07	2.46683613781957e-06	2.152491943434203e-06	0.24653999996371567	0.007118875254407203
7.785597941490348e-07	0.003561320739556618	2706	7.603819023582068e-07	2.1112841185164294e-06	1.6558367406185237e-06	9.510864404483923e-07	2.924343550812189e-06	4.309015384698446e-06	0.2453906000009738	0.007144143905774496
8.347076247143671e-07	0.0035210020365707357	2707	1.56555674257388e-06	4.192606728502414e-06	1.302455913365068e-06	8.234033976344622e-07	4.573282548342801e-06	4.594971221843511e-06	0.2629313000361435	0.00706989401871335
8.505676875822989e-07	0.0031259638165149874	2708	1.787984404711849e-06	4.268435250989035e-06	1.336544272610873e-06	1.0945050371995188e-06	4.841765894018347e-06	5.1612881489788175e-06	0.25532769999699667	0.006282122345456644
9.508876834162741e-07	0.00415061942678794	2709	2.131202124638255e-06	3.7148658236936887e-06	1.5007321459412257e-06	9.810188219688746e-07	2.442506956096274e-06	4.737765117288043e-06	0.24540880002314225	0.008325828992005724
9.3452758279582e-07	0.0028435437219288674	2710	3.238546615368004e-06	4.246829259758717e-06	1.2082180308045228e-06	1.005946588242229e-06	4.597577285433043e-06	4.249861383028453e-06	0.28560030000517145	0.005716350916854424
8.761388211222955e-07	0.0028071652477176115	2711	3.4509082792316715e-06	3.6176466969972423e-06	1.5823185479503846e-06	1.110543147470937e-06	3.276926211003533e-06	3.7090481411014555e-06	0.2697473000152968	0.0056398161384533275
9.184447255455755e-07	0.003279961815482336	2712	3.1040489635382023e-06	3.908678345044879e-06	9.806611685450728e-07	5.577749441441719e-07	3.725287900083216e-06	4.197138243767344e-06	0.26690420001978055	0.006586156536124736
8.879840076301141e-07	0.002892906204809858	2713	1.9566238205057596e-06	3.1941304388619104e-06	1.1061213259233973e-06	4.1450362802816717e-07	2.600642326258219e-06	3.6357856052693744e-06	0.2557896000216715	0.005806732612711351
8.29490302468782e-07	0.0033605184992677494	2714	1.2041610456230616e-06	1.4409544270737145e-06	1.8197438578233182e-06	1.0498937149139837e-06	1.7951381438711844e-06	1.5688086786996613e-06	0.24487420002697036	0.006734938625831012
8.576533620941241e-07	0.002161189474217669	2715	3.585983067838417e-07	2.752575589290584e-06	2.8229684540150798e-06	1.9930120135326237e-06	2.201712209615778e-06	1.9735672111733493e-06	0.2425418999628164	0.004340371968364727
7.947910649975891e-07	0.0027435746447879578	2716	1.6566013354383718e-07	2.728854447833984e-06	2.7858277816624826e-06	2.1754290122236457e-06	3.475152138080333e-06	2.3961687178485766e-06	0.2433712999918498	0.005508337284793032
7.813463530295038e-07	0.003645691654861881	2717	3.57222165757495e-07	2.8497347818129203e-06	2.7368201526880263e-06	3.8119764793776844e-06	4.326490328248228e-06	3.4998101219473484e-06	0.24359530000947416	0.007318354356909848
7.387322364353468e-07	0.003261645568239629	2718	6.826741116264072e-07	1.762012992752596e-06	1.9649011336022677e-06	3.4915131180832742e-06	5.347400173030349e-06	3.1822465526725e-06	0.243224999983795	0.006549728995759599
7.618943179296819e-07	0.0030622556031474936	2719	7.036901254791771e-07	1.5866352921895282e-06	1.126799187089955e-06	2.604617286073458e-06	4.539923852818641e-06	3.8339438866388145e-06	0.24331119999988005	0.006148804472300593
7.554735378296063e-07	0.0029752363276474535	2720	4.155752212881514e-07	1.140019132748415e-06	6.93511184111816e-07	1.788626720355286e-06	4.924473758420717e-06	3.0615775099842896e-06	0.24201950000133365	0.005971993437165879
6.889628128319448e-07	0.003433138696174496	2721	3.156754870217406e-07	8.72310337375265e-07	1.18663371325838e-06	1.0238842270051482e-06	4.8875626985841355e-06	4.681618221416724e-06	0.2468224999611266	0.006890192183579318
7.559561003364352e-07	0.003223328281878485	2722	4.0337292670315717e-07	9.046032670282541e-07	1.7080355988354423e-06	1.0032629685823575e-06	5.47203836969058e-06	3.542879708867809e-06	0.24470300000393763	0.00647021758687591
7.47467084933622e-07	0.0028559263122657818	2723	2.6624852183350554e-07	7.283716904177472e-07	1.527561186904961e-06	7.115323352159126e-07	3.3627705019615017e-06	3.2919332842666343e-06	0.24180870002601296	0.005729890680008259
7.057370143648763e-07	0.003273656787945731	2724	2.9286460192715e-07	7.164488649208501e-07	1.1773360714500697e-06	7.96729315209034e-07	2.952531401538817e-06	3.0611573451084988e-06	0.2620452999835834	0.0065637358062669935
7.32516418997786e-07	0.0023619216336208046	2725	2.6291901002844573e-07	7.269614863695232e-07	1.2828497884649855e-06	1.810761233662724e-06	3.458471683632634e-06	3.2558204302933097e-06	0.24887529999250546	0.004742820375825983
7.278164185759617e-07	0.0031894128812405944	2726	3.1547079769937577e-07	7.236237459216164e-07	1.4997920346931725e-06	3.1391654717918036e-06	2.974027754317974e-06	3.185042884315863e-06	0.2541057000053115	0.006398277588645715
7.447215761913858e-07	0.0025685485048585507	2727	1.6302030860414145e-07	4.5530214409971966e-07	2.428427425203957e-06	5.994651929226684e-06	3.322420656170753e-06	2.9027775768793336e-06	0.24445350002497435	0.005160078251142719
6.273998191926345e-07	0.002599672465071962	2728	2.759428160764327e-07	6.093090025858977e-07	2.936316684670586e-06	4.9760830646811035e-06	2.763734437564354e-06	3.174533908106136e-06	0.24762530002044514	0.005221273918041665
7.052372949161534e-07	0.002882105463882718	2729	9.885707663905739e-07	1.275641529784371e-06	2.443705883309449e-06	3.0363573374686676e-06	2.4129624530968697e-06	3.4889895170918408e-06	0.2448869000072591	0.005785169581812599
7.073088339172411e-07	0.003174894419399072	2730	1.042472545383559e-06	1.0174960611252143e-06	2.149166554838351e-06	2.060629374385147e-06	2.177619010082116e-06	5.063729821545854e-06	0.24275569996098056	0.0063719559186649665
7.075135442391799e-07	0.0025857246283106537	2731	1.9722845155224224e-06	1.2219220538398778e-06	1.305446064496289e-06	1.4585686973460453e-06	2.8045043293038506e-06	3.785912876331861e-06	0.24637249996885657	0.005192003339452261
6.618630365908435e-07	0.0033635134052788203	2732	1.8682840311256876e-06	9.216457869848891e-07	8.446582832825793e-07	1.268580439585888e-06	2.7245663634613308e-06	2.5616299479172343e-06	0.24639069999102503	0.00674382609779456
6.949731976830822e-07	0.0038740253098676464	2733	2.4046214741001455e-06	7.597608085834823e-07	1.5133714844841048e-06	2.3904617371159874e-06	1.6700312783968898e-06	1.8625090141717129e-06	0.24979859997984022	0.007763573862220079
7.213921040840745e-07	0.002623547927088026	2734	2.113731368503485e-06	1.2527788277449679e-06	2.7881696276073157e-06	3.96127469527364e-06	2.270379879833775e-06	1.9452028748019213e-06	0.23440259997732937	0.005267085758412621
6.962665084587329e-07	0.00313697431813163	2735	1.5715355705921908e-06	1.387320909589596e-06	3.3276234671066226e-06	5.318088616502813e-06	3.5514281274923956e-06	2.0233961065111713e-06	0.24288029997842386	0.0062980953863119755
6.285024035609664e-07	0.0027343050065366577	2736	7.762715674180245e-07	1.9697437772561583e-06	1.4773818215152604e-06	2.5477212526902063e-06	3.85856815610292e-06	1.9917424203735856e-06	0.25414070003898814	0.00548833875745227
7.847771488411867e-07	0.0027983385313649963	2737	3.771020872547658e-07	2.5265413329753422e-06	6.118105748856331e-07	7.888865076577905e-07	3.4897470954444412e-06	1.4529790313612339e-06	0.24704980000387877	0.005612436409784059
7.124854597977835e-07	0.002407139492445357	2738	2.4793550684241814e-07	2.662791153989301e-06	1.6585806740888403e-06	6.163288769192943e-07	3.1107945713487614e-06	1.4183120709126272e-06	0.2461333000101149	0.004829947805306671
7.645344190025945e-07	0.0032370518095797057	2739	4.214992953222382e-07	2.4345156116529274e-06	2.492928585444754e-06	9.64425798294336e-07	4.860127690178113e-06	1.29144972395253e-06	0.2520968000171706	0.006494249212116392
7.393893002254077e-07	0.00359547577981732	2740	4.001721084342119e-07	9.302758821100009e-07	2.808156330752605e-06	1.8419924045951155e-06	2.4126794313803002e-06	9.68795232706141e-07	0.275316700048279	0.007205173884289156
7.477775352878152e-07	0.0036159878063248057	2741	4.2864734681719846e-07	1.0100817930918658e-06	1.653632801410822e-06	2.539104444094735e-06	3.6148847782116138e-06	1.316877236232816e-06	0.24813070002710447	0.00724896615813449
7.531911238746112e-07	0.0029190903856257267	2742	3.0901018174342664e-07	9.87395745917045e-07	2.4859612127045517e-06	4.0242706651015325e-06	3.651590931460832e-06	1.6812100569941028e-06	0.2446187000023201	0.00585815939328158
7.723251630813686e-07	0.00293054367098442	2743	4.1612592221448964e-07	9.125837127724114e-07	3.8376894884811584e-06	3.9050414501702436e-06	4.651969721469422e-06	2.308829024066662e-06	0.26313529995968565	0.005885625030359713
7.529622704309644e-07	0.0020156944879380564	2744	2.939640428008761e-07	1.1193692130287365e-06	1.502144823493403e-06	2.149893254337278e-06	3.3691369855494032e-06	2.6526175513810213e-06	0.24950580002041534	0.004050003780824496
7.074275581455356e-07	0.003102696748274792	2745	3.5900610239893497e-07	2.7608250396990146e-06	1.110052445037326e-06	1.764670493065055e-06	2.8887638081353683e-06	2.3462118832972676e-06	0.25242510001407936	0.006223272857128941
7.390966960487574e-07	0.003865943105276091	2746	4.3257932841795223e-07	1.8871335551015454e-06	2.196391780311842e-06	3.4045005749363233e-06	2.8101747390247958e-06	2.6540536708122334e-06	0.2700718000414781	0.0077522134660027225
7.234724220673828e-07	0.002858365708921684	2747	6.17801328684668e-07	1.2901334875566012e-06	1.6038368335627262e-06	3.6734920771939663e-06	1.9551185522686955e-06	2.1385999427836996e-06	0.2559505000244826	0.005733551063404605
7.772192717397015e-07	0.0030254205435517913	2748	8.68148472727173e-07	8.365199612725937e-07	7.458665262155058e-07	3.3301714846528246e-06	2.6302500207593748e-06	1.3326618132751271e-06	0.24892579996958375	0.006066102055759999
8.284185700105753e-07	0.003904357489963667	2749	9.059381804147843e-07	8.438160360485572e-07	5.537370588302333e-07	2.92751089927905e-06	2.9374772709469927e-06	2.320220789572054e-06	0.2677106999908574	0.007826118215362965
8.767078351249713e-07	0.003306725256477872	2750	1.1242519913916536e-06	1.3395527917135207e-06	2.777130906125528e-07	1.4143408484855124e-06	3.2821845966605478e-06	3.1029244962536532e-06	0.273728400003165	0.006632130005534025
8.635700021489362e-07	0.0033886703052357077	2751	1.311288375270096e-06	3.050528377159956e-06	9.022083577313252e-07	4.108404793023856e-07	4.037330904945752e-06	3.2274737633972955e-06	0.2684006000054069	0.006799272225401862
9.004398298636795e-07	0.0030718469490832482	2752	1.3569983520414917e-06	2.808253060010041e-06	2.7086190897755102e-06	8.756740609139839e-07	3.677383498483527e-06	2.37398793170983e-06	0.2576232999563217	0.006165347065249352
7.958320302493768e-07	0.002664578373905496	2753	1.5950455459226805e-06	3.560947844722816e-06	3.3340484435802373e-06	2.4335114538117418e-06	2.163753137218135e-06	2.3646975842881137e-06	0.2575306000071578	0.005350728866602541
7.946921992775449e-07	0.00379923509233146	2754	1.3172500346699733e-06	2.0311142486859903e-06	2.8093951796945693e-06	2.783258994539605e-06	4.530720312187214e-06	1.8824379068892686e-06	0.2577949000406079	0.007621826903957219
8.383259137823049e-07	0.0031898835221714416	2755	1.2994095531075554e-06	1.0945229382553083e-06	1.0329919068836444e-06	2.2851422975095208e-06	2.0383296023003596e-06	1.0117297526600874e-06	0.2494799999985844	0.006393255881576124
7.296111448649872e-07	0.0027110198185748675	2756	7.89420963392695e-07	9.3831588689106e-07	1.2756412432618652e-06	1.9442771815989657e-06	1.745525632234243e-06	2.1861774752907094e-06	0.25564510002732277	0.00543630992092966
7.287314638517557e-07	0.0031813045086056743	2757	7.353371924450892e-07	1.754341427284858e-06	1.4488613221597626e-06	1.7275330790521287e-06	3.134859006206271e-06	1.3241725259029351e-06	0.2422554999939166	0.006378650616224213
7.600634132609564e-07	0.0027062843447941253	2758	5.713454979932804e-07	1.2480381782061851e-06	1.5184697630091993e-06	1.924640261803824e-06	2.5537581062791485e-06	1.228484835121284e-06	0.24680120003176853	0.005426915795998586
7.360504223885588e-07	0.0021791360587012417	2759	5.031028786103363e-07	1.1071452669839338e-06	6.066869817053084e-07	1.0905496900707264e-06	2.2656063600221264e-06	1.0637815851296565e-06	0.25063959998078644	0.0043697104789549345
7.25847881395269e-07	0.0033607503581303128	2760	8.762932921578614e-07	9.810168345322034e-07	1.336184356463115e-06	1.3569598072790504e-06	3.4441625223198674e-06	1.3201241116150139e-06	0.2585308999987319	0.006737031439581718
7.894190926883911e-07	0.003301331263299319	2761	1.0803925543698203e-06	7.429900236541443e-07	5.048040738275532e-06	3.393620720627863e-06	4.181983700980059e-06	1.9133445026936554e-06	0.24844880000455305	0.006626697065228291
7.776204651548654e-07	0.0024640448194745332	2762	1.4599662696517458e-06	1.3793307595058688e-06	9.143652459090425e-06	4.881445622432508e-06	4.3203742568603466e-06	2.2979269183186776e-06	0.24024400004418567	0.0049597458773404145
7.660198799067692e-07	0.002827422776745096	2763	1.4989467524399842e-06	1.6365261080656651e-06	7.996080120153007e-06	4.64243103614711e-06	2.9765831679457953e-06	1.8460498167521744e-06	0.24618820002069697	0.005681796843236208
7.239531911166112e-07	0.0028731363257761197	2764	1.242564042659547e-06	6.479986748053982e-07	6.784581029797803e-06	3.545098961291348e-06	4.043585613721986e-06	1.6695633276205136e-06	0.2532723000040278	0.005771367098525712
8.193110548685341e-07	0.0033125899342343994	2765	1.0494900817516937e-06	9.575596669537887e-07	3.6744806344921634e-06	4.037742276122899e-06	3.4694896980792265e-06	1.4936618796325639e-06	0.2702827000175603	0.006646464066393279
7.093810162350254e-07	0.0025178868288788445	2766	6.730448133033898e-07	6.132400793235485e-07	8.566469886096005e-07	4.517583631886103e-06	1.932458286547435e-06	1.004997562288723e-06	0.2606388999847695	0.005049727847000954
6.984321753752437e-07	0.0026513463127199005	2767	2.837426982360163e-07	6.735573136393886e-07	2.868473770686101e-06	4.3961750186091295e-06	2.2027995252645066e-06	1.775697164946642e-06	0.25853920000372455	0.005320268431972144
7.201177141721656e-07	0.0031839085209715437	2768	3.959647921575142e-07	1.0455672579728062e-06	5.798081376136515e-06	4.601225527258355e-06	1.6049721407828315e-06	2.6537517376210976e-06	0.2578139000106603	0.006389615564081764
7.663473674427859e-07	0.0029315089080376787	2769	3.9562332775042015e-07	7.366028803996875e-07	4.844879856381493e-06	2.7844724270516942e-06	1.5645051983037e-06	2.888719576551508e-06	0.2633942000102252	0.005882218538851536
7.612105441154497e-07	0.0030573207205783592	2770	7.082312142690727e-07	6.577257361300306e-07	3.87347262506879e-06	2.621028918457231e-06	1.9182214253145205e-06	3.087750688783383e-06	0.26439780002692714	0.006134036264967071
6.534351409514795e-07	0.002452008190641905	2771	4.6170903526604025e-07	8.515499330169915e-07	6.872589173218848e-07	1.5324646856062037e-06	2.792687347552554e-06	1.8598638467451934e-06	0.2514814999885857	0.004918161336525518
6.79727304184303e-07	0.0026089005034442654	2772	4.2616311544595366e-07	1.5903460971040028e-06	1.599131769517488e-06	1.5777030344867826e-06	3.17181412790666e-06	1.4172856083972744e-06	0.2509194000158459	0.005233532004986062
7.036443057643253e-07	0.002638739994596073	2773	3.0573630728451385e-07	2.6909249752104763e-06	6.099670225073639e-06	3.4651300441740773e-06	4.435288027956197e-06	2.0473961346163095e-06	0.250159400049597	0.005304414107680562
7.440611012649006e-07	0.002580240115037757	2774	1.9952292029424697e-07	1.349436839452473e-06	2.057187087366451e-06	2.0601628694125703e-06	4.260182578569498e-06	1.6541622918136477e-06	0.24171999999089167	0.005179463351735336
7.613602932003103e-07	0.0026099600618744315	2775	2.6763369245816353e-07	2.206989059716581e-06	6.419355074363976e-07	1.5354666718080543e-06	2.8090899972134764e-06	1.940847921699659e-06	0.24895740003557876	0.00523559474510451
7.574827451119381e-07	0.002587119752500061	2776	2.484138447297488e-07	1.127125434569813e-06	1.462994321496711e-06	1.3693241715771018e-06	3.231324519380055e-06	2.3098460340396117e-06	0.24462089996086434	0.005191044669369559
6.723848629159499e-07	0.003125832279338836	2777	3.130171954977726e-07	1.16114760599755e-06	2.281064062970824e-06	1.7882737575743674e-06	1.9811704135913606e-06	2.2115272759743452e-06	0.24776239995844662	0.006266938226404676
7.080424616527595e-07	0.002781404205803062	2778	2.037016434479352e-07	1.2375278349217582e-06	2.203349832833543e-06	3.0062337091250207e-06	1.2842244074639297e-06	1.9548801596154366e-06	0.2416174999671057	0.005577353518683917
6.99931389100354e-07	0.0031404862716453764	2779	4.1730539141770994e-07	9.915363627780086e-07	1.4830510577077414e-06	3.629570374202897e-06	2.2441900170028568e-06	2.402079762978906e-06	0.2588030000333674	0.006298186408815023
6.842369522635133e-07	0.0026641104428006277	2780	3.94304086569211e-07	8.536326868749585e-07	4.1759011491276235e-07	2.832863671046179e-06	3.209377368270671e-06	2.004360556178708e-06	0.26054310001200065	0.005344515225914084
7.058510911279354e-07	0.0028912195471734966	2781	2.4002194930308637e-07	9.361357956548471e-07	7.38166250138919e-07	1.7815058628428263e-06	3.902935864204268e-06	2.7315879574742085e-06	0.255128999997396	0.005800815674030546
7.35584277716823e-07	0.0033306974767285885	2782	1.6835775965124835e-07	7.184005732073247e-07	1.8699452688683432e-06	1.0056867361344698e-06	3.0664272350005656e-06	3.376570147175775e-06	0.2467995000188239	0.006679514507114825
6.383083076623962e-07	0.003215978836738702	2783	3.1696689550824134e-07	9.584283824758964e-07	1.9204590949212137e-06	1.2553041674514862e-06	4.458633236972483e-06	3.0141564213036436e-06	0.24758000002475455	0.006452631027949639
7.712556967118966e-07	0.002676950783672876	2784	4.410390944272499e-07	9.312611875568074e-07	4.6995497930832916e-07	1.815496949527958e-06	3.1241784903418542e-06	2.8258719014008197e-06	0.24062070000218228	0.005371001931733481
7.080040050876003e-07	0.0027562960042809043	2785	5.540983177511664e-07	1.0742452986059456e-06	1.5192598124474665e-06	3.772393486145323e-06	2.685469130564973e-06	3.6587910773176794e-06	0.24836589995538816	0.005533616533902698
6.910574998682926e-07	0.0023529083172412245	2786	9.593662372284714e-07	1.009299577914942e-06	4.591851821714645e-06	6.279410035429353e-06	2.3251774991807975e-06	4.770519478420046e-06	0.2462727000238374	0.004734230071109674
7.229177893727499e-07	0.002961461480437734	2787	1.3445385341353506e-06	9.255502415542521e-07	6.433320759994095e-06	5.451094729878265e-06	2.1948949868623195e-06	5.804911068296111e-06	0.24226819997420534	0.005954522912830093
7.131511224045824e-07	0.002817319284264645	2788	6.705984916383474e-07	5.555554617089873e-07	4.910309675670107e-06	4.5393925816368224e-06	1.7124517372802644e-06	3.0949119414297487e-06	0.2374472999945283	0.005656355454342173
6.790779966206229e-07	0.0034321168313078184	2789	8.565654398016405e-07	5.105868759475807e-07	1.2692939034556526e-06	1.3475780367726384e-06	2.9201056033407854e-06	2.327323523100738e-06	0.2421487999963574	0.006880070701117738
7.546582724718006e-07	0.0033650644758971985	2790	5.205322548947451e-07	1.003190971176482e-06	2.6964764122691505e-07	2.1175167172007737e-07	2.8693460857062336e-06	1.5843604511853884e-06	0.23259650002000853	0.006742550803952143
8.406929373842437e-07	0.0028308015946626117	2791	1.699672749236222e-07	2.15509910178825e-06	4.4230489314790217e-07	9.564631803029768e-08	3.1915743607198237e-06	1.262163730761357e-06	0.24174470000434667	0.005675055068970845
8.170814604261846e-07	0.00333955074785034	2792	3.157056248057196e-07	2.269628046940185e-06	7.43698542528183e-07	4.016285441309895e-07	3.7238299503496512e-06	1.9515921121349546e-06	0.24076750001404434	0.0066958171635049055
7.836857588653372e-07	0.0026191125826119837	2793	3.471447104338613e-07	1.3121938175295328e-06	2.55209244731999e-06	1.8612504640868064e-06	4.0632069051606e-06	4.968123487548995e-06	0.2171927999588661	0.005263927878966488
9.827752691582566e-07	0.0024694463022381895	2794	8.11642066993838e-07	2.3345325734018855e-06	2.394722349775319e-06	1.8969116076410632e-06	3.964184407682884e-06	7.597708383768937e-06	0.24548839998897165	0.004971419749195411
8.759304592500266e-07	0.0038209218551697966	2795	1.169565515051618e-06	3.990744080317523e-06	3.3712627280784866e-06	2.601773246385252e-06	4.078647150459795e-06	8.906569882439154e-06	0.24956329999258742	0.007680699350893725
9.276807474108793e-07	0.0027747325220630016	2796	1.5032994058454906e-06	2.283726734351476e-06	2.424574112129689e-06	1.8188580990204654e-06	3.165062931813468e-06	7.339578745931589e-06	0.24919649999355897	0.005580360147327662
9.329591954114608e-07	0.003927895229447269	2797	1.5186818080848363e-06	1.521233467472687e-06	1.18308168961828e-06	9.352530167040144e-07	3.333533641351171e-06	4.512539057552713e-06	0.2502824999974109	0.007878506772665049
9.526017155326181e-07	0.0020219646769111073	2798	1.4957615082412818e-06	1.2378386309444345e-06	6.703221481695547e-07	7.029764422263555e-07	2.306640567877118e-06	3.6463482428156762e-06	0.24359530000947416	0.0040618474336042475
8.257458532019096e-07	0.002902463185407162	2799	1.2977832816079864e-06	1.393428326891119e-06	4.953750340266856e-07	2.994197427705646e-07	2.6470701924425335e-06	1.962851365249308e-06	0.2524894999805838	0.005819283712021408
8.112123390994303e-07	0.003161593041425671	2800	6.885214963295982e-07	1.5936341937965169e-06	5.158011328055873e-07	2.78768032091605e-07	3.1968457839903096e-06	1.4978533088868726e-06	0.26688170002307743	0.0063372746305703186
7.182722964931758e-07	0.0027271106168709567	2801	2.869331739534698e-07	2.3127411723084976e-06	6.728411186720772e-07	2.540599755494751e-07	5.208407050921234e-06	1.5459378559636652e-06	0.2583098000031896	0.005472693043589154
7.220229428935503e-07	0.003301644651577067	2802	2.239949895231544e-07	2.735829595967083e-06	8.321291240715637e-07	1.316521680306484e-07	7.355973987140706e-06	2.743432733718533e-06	0.26157239999156445	0.006628855768359232
6.751647557463432e-07	0.0023509439429705405	2803	3.314699205434003e-07	2.8561597986096722e-06	9.608959314924744e-07	2.0974011168213877e-07	7.058871133946182e-06	6.185469293007519e-06	0.25686570000834763	0.004734085162068808
6.84318819385905e-07	0.00300686147200035	2804	7.349181321337851e-07	4.482217063785012e-06	8.272659217284968e-07	2.590905205952696e-07	8.440359154118244e-06	7.58423642333698e-06	0.2520623999880627	0.006053444264432624
6.537582186392275e-07	0.0023880890373904292	2805	1.1887180763793192e-06	4.1330467912896735e-06	8.798006856715194e-07	5.125347360313861e-07	7.6156385957955426e-06	1.0071478261734414e-05	0.2455836000153795	0.004819573925222569
6.891501802764719e-07	0.0028238628105097703	2806	1.5770330018570746e-06	3.6475031188192747e-06	1.2449258089836686e-06	9.535500432489974e-07	8.157187169079818e-06	9.191554840604797e-06	0.2511511000338942	0.005691224417372372
6.553479525148101e-07	0.002761684624732819	2807	1.228283358728354e-06	2.363287257799355e-06	1.0261064094778416e-06	1.5963231271969587e-06	7.515019394604768e-06	9.61775897072815e-06	0.23754810000536963	0.005565159502254537
6.16608508258253e-07	0.0025271966792691667	2808	1.2783802107078266e-06	1.4503694328734322e-06	9.944147187644718e-07	2.7130519317103554e-06	3.2501855631554247e-06	5.92795898618165e-06	0.242062299977988	0.0050804190809475794
6.531875184782893e-07	0.0033408331962310207	2809	1.2350598630732989e-06	6.654841862570435e-07	3.578276388105809e-06	5.603020353471554e-06	1.8635299101319812e-06	4.546390660852535e-06	0.2419221000163816	0.006706874449431875
6.760253779134378e-07	0.0027935530596039063	2810	1.6513407602081143e-06	6.302304068216174e-07	9.831162097190703e-06	8.794468088309576e-06	3.2431852652724214e-06	3.1241908630427956e-06	0.25564599997596815	0.005622100123572801
7.140098977834038e-07	0.0030114870227403337	2811	1.5929842359250882e-06	1.2838259343602793e-06	8.385564873970592e-06	8.51030093220735e-06	7.025531494002251e-06	3.883312779603765e-06	0.2435144999762997	0.006065992429799909
7.148304638928032e-07	0.003571543393244253	2812	1.4916042652535461e-06	3.0005514492966602e-06	3.1195180613291194e-06	2.75019844640385e-06	4.223219688503971e-06	2.162925445355588e-06	0.24228250002488494	0.007167650609906293
7.052662706125273e-07	0.0030302131807178495	2813	1.048563778044565e-06	3.276498522873291e-06	1.2931161023855253e-06	1.3234318690208588e-06	5.194645298586632e-06	1.527701624652698e-06	0.24061550002079457	0.006082223198095727
7.609303925036957e-07	0.003218290917272261	2814	1.1914142275393488e-06	3.998342212256951e-06	1.1835690274879632e-06	7.752952441380219e-07	5.462774971210744e-06	2.0568544376955398e-06	0.2443048999994062	0.006460291574858765
6.455100763480667e-07	0.0029245499454334145	2815	1.0489093041940645e-06	5.662845390317789e-06	1.4051457680417705e-06	1.0687617196952897e-06	7.635677746131173e-06	1.6820713663684192e-06	0.24289389996556565	0.005878212071426773
6.895194077794653e-07	0.003505140646263951	2816	6.294778213594835e-07	5.593647143223742e-06	1.8799471349482615e-06	1.2642067195435813e-06	4.716490163308112e-06	1.5902593394227976e-06	0.24055950000183657	0.007033641109167998
6.795074035528903e-07	0.002406075889626647	2817	9.688482696568448e-07	5.662475062428721e-06	1.451770320804652e-06	7.008948565045945e-07	2.891763169909348e-06	1.041462571545965e-06	0.23890019999817014	0.0048301612340527055
6.958429513202259e-07	0.0019906770514550847	2818	2.3369860199364825e-07	2.088580437959688e-06	1.0659030745043035e-06	4.192849751711365e-07	3.029206343941326e-06	1.900792901938607e-06	0.2135994000127539	0.003996413254394198
7.124006701546579e-07	0.002796137584638235	2819	1.5954885928646063e-07	1.2179480451429073e-06	1.4703391470456588e-06	1.3289576155395108e-06	1.7975012278911075e-06	1.3891005882142271e-06	0.24098729999968782	0.0056042499679160055
7.626735645237126e-07	0.0025203305796495197	2820	5.082763258589635e-07	1.3647491887443867e-06	5.801542725184241e-06	5.1584657626538535e-06	2.350729968422394e-06	2.999965330957485e-06	0.2611577999778092	0.005065720931029288
9.155952440957457e-07	0.002980022886319164	2821	1.1513685294672481e-06	7.444637376835495e-07	6.432871719606895e-06	6.20131409351241e-06	2.6262284500351964e-06	4.204084769479382e-06	0.24501839996082708	0.005990067607645819
1.053431969909525e-06	0.002352360567465159	2822	2.0351110108216284e-06	4.0524223812728053e-07	7.2326331960448366e-06	9.023451705127083e-06	2.3944218560448004e-06	7.850648434694395e-06	0.24231489998055622	0.004746014577601736
1.072503052474573e-06	0.0029451106420523222	2823	3.26223334121951e-06	9.459539065298077e-07	4.91146089663793e-06	7.273269836049924e-06	1.5850469686770269e-06	8.82111395997182e-06	0.24430359998950735	0.005929571530047327
1.1812690568038296e-06	0.0032479032654888504	2824	5.321345251983632e-06	1.5409816416622158e-06	1.6250199400194106e-06	3.583612580694011e-06	2.567553835008389e-06	7.70194083759687e-06	0.23806509998394176	0.006530779017850878
1.1336896645214172e-06	0.0027402456899794083	2825	7.433062974097034e-06	2.251371082543848e-06	1.5242394099921753e-06	1.3429010483075105e-06	2.2949793527689104e-06	9.028729148752423e-06	0.25488029996631667	0.005517957750805842
1.0894325523740068e-06	0.0031552899293761007	2826	6.7524508499614544e-06	1.7910583338084777e-06	3.205598532412541e-06	1.3073806667355292e-06	3.519698928735874e-06	4.958982544706465e-06	0.2397301000310108	0.0063427725751867515
9.951118933189734e-07	0.0036583250011765346	2827	4.400440211910043e-06	6.216214104279097e-07	4.608516414821077e-06	2.658542011974504e-06	4.09628451775198e-06	3.4604945067113945e-06	0.2414848000044003	0.007346042904237768
8.011173302209242e-07	0.0023974332450466787	2828	3.127070594250419e-06	4.976160246720226e-07	2.4518677811358913e-06	4.137119175881173e-06	4.3005080699661725e-06	2.0124495572542197e-06	0.24100489995907992	0.004819308313584179
9.087175370845916e-07	0.0032188831994031846	2829	1.8072208847363098e-06	1.109019685083625e-06	2.146389091198728e-06	4.270108062530746e-06	4.087396096046562e-06	8.533309105422663e-07	0.2396493999985978	0.006458798025617264
7.926297121674352e-07	0.002611649577194062	2830	4.013128632159705e-07	3.4743521183375514e-06	2.4766935479830986e-06	3.871804853872014e-06	6.208902324106267e-06	2.220311473175611e-06	0.2473263000138104	0.005251967004790431
7.698829694261988e-07	0.002873392249025054	2831	1.7809461321687673e-07	4.692814720698468e-06	2.2820177729539624e-06	2.4817860772171635e-06	7.332970315677404e-06	4.547268207375865e-06	0.2444019999820739	0.005781719454219153
7.311276163084194e-07	0.0034863780704486947	2832	4.4204033250725483e-07	5.3869995028416445e-06	1.4960332932312977e-06	6.471327360598612e-07	8.443082778624016e-06	8.024334687995625e-06	0.24487129994668067	0.007015125436927886
6.939646421123195e-07	0.00282843653781714	2833	9.872427077757556e-07	6.008143997458137e-06	1.6430398742538774e-06	2.93404835774682e-07	8.629802521914479e-06	9.63055621864075e-06	0.24847059999592602	0.005703713553814877
7.084693947910695e-07	0.0022082863674252693	2834	9.550884715253165e-07	3.0131096816578073e-06	3.668348733234946e-06	2.1679487508139483e-06	8.718015216471123e-06	1.1248725618847348e-05	0.24277169996639714	0.004467727650947989
7.511907070116135e-07	0.003657272017585421	2835	7.902231174919779e-07	1.3710776390757914e-06	6.774524715081421e-06	5.067111570445282e-06	9.113308795278053e-06	1.0467300192768446e-05	0.24713720002910122	0.007369210571603052
6.543874308927926e-07	0.003358301663866091	2836	1.0147728891840037e-06	6.32417927200217e-07	7.747997603511073e-06	7.196564242685339e-06	3.894582646826497e-06	4.463971566713984e-06	0.2368828000035137	0.006751220963683629
6.346955620962042e-07	0.0032358582671334468	2837	5.784396595277675e-07	6.599357162155936e-07	3.3529827548037845e-06	5.246866716493361e-06	2.6466807679557448e-06	3.062886643800126e-06	0.25032390002161264	0.006494243285061638
6.843210282961024e-07	0.003949017509677381	2838	4.103232478782445e-07	1.5488663982375379e-06	2.5781890847904206e-06	5.738899734776627e-06	4.192155760236378e-06	1.1008224140483881e-06	0.22663599997758865	0.007920265896225607
6.849419661624086e-07	0.0036121966890147184	2839	3.3098027253759e-07	2.2883374640503694e-06	4.741806308432546e-06	5.582259570572827e-06	4.2025478497418664e-06	1.9432005721077877e-06	0.24592700001085177	0.007250998142421053
6.41715390712532e-07	0.0034139638732960335	2840	7.044643365715836e-07	3.233698415456356e-06	6.101950517602201e-06	4.781428635646831e-06	4.674633581311818e-06	2.5573890377971336e-06	0.2476244000135921	0.006858496764516988
6.99512767119992e-07	0.003182701492661248	2841	1.2709197913337097e-06	5.217302359827638e-06	4.509068492299216e-06	2.473636548364589e-06	9.795160302116437e-06	4.875364204098501e-06	0.24592720001237467	0.006409613987060991
6.91011307276448e-07	0.002936851063010398	2842	8.449685549575385e-07	6.888310769852297e-06	1.7820042402100893e-06	1.2305566541276134e-06	7.7528680851861e-06	3.7242898068520132e-06	0.24436459998833016	0.005908784304638573
6.963713781650581e-07	0.0035176896532280394	2843	6.827880255067067e-07	6.697536819629198e-06	1.3044799207177443e-06	1.1360247601738233e-06	9.146827292613358e-06	4.866209357420476e-06	0.2425836999900639	0.007074618952038504
7.10727871578644e-07	0.0038523525959147775	2844	4.729431264318889e-07	8.415831051732091e-06	1.2712169964835781e-06	9.710265243633784e-07	8.157673468359337e-06	3.267762391902433e-06	0.24180530000012368	0.007740108536992247
7.178377167407233e-07	0.003097104846755715	2845	3.3239359320553216e-07	6.640895408320493e-06	4.390825889799458e-06	2.153047312011404e-06	5.015155558182703e-06	2.0737369094945204e-06	0.24971619999269024	0.006223340316083603
7.453551262527805e-07	0.003054771121864415	2846	1.7901712853407173e-07	8.13561776864449e-06	3.4534364650701173e-06	1.1002595368398014e-06	5.440517660613391e-06	1.6274749033913908e-06	0.24048450001282617	0.006138037270008434
7.150031034284791e-07	0.002409707956747023	2847	3.863996078149421e-07	5.2642428118595655e-06	1.6218128552302583e-06	3.991234082636226e-07	2.225482700659808e-06	1.2572248753341385e-06	0.24223259999416769	0.004835482913536059
7.369561732390715e-07	0.0036518565259129865	2848	7.424367948054353e-07	3.762234244992532e-06	9.475388125714648e-07	5.553797421234784e-07	1.7477069723337438e-06	1.419243863327132e-06	0.24098679999588057	0.0073175284554382655
7.879901876213899e-07	0.002582122716807732	2849	1.1011522378118104e-06	3.3220421558202348e-06	1.7922949837162725e-06	1.8695150953751167e-06	1.8826718862743418e-06	1.4943782098038587e-06	0.23353450000286102	0.005180660518655587
8.131954348426949e-07	0.0029553896058134247	2850	1.215802824962439e-06	2.3823508206192604e-06	1.088910308348127e-06	1.478522818429175e-06	2.5393713682967157e-06	1.0911250194696165e-06	0.2451716000214219	0.005925832182044426
8.029295707996626e-07	0.001987917330455528	2851	1.8588254763299286e-06	1.6947732460379771e-06	1.3918863491756855e-06	1.5428825225660255e-06	3.07582333967813e-06	1.2670065137994078e-06	0.238080799987074	0.00399261454735372
8.213055450510259e-07	0.0032169925879783996	2852	2.413613206967038e-06	8.780492655111043e-07	2.586083226599869e-06	1.9134965951593138e-06	5.0115152105818076e-06	1.3826769155766623e-06	0.24303880002116784	0.006456207413593455
9.360652918446749e-07	0.003169613348042155	2853	3.292543826071392e-06	6.482156301977038e-07	3.6899034667441617e-06	2.4558975387288005e-06	5.324743855444722e-06	1.3205442293932617e-06	0.24486180004896596	0.006364475963299417
8.522444318596292e-07	0.0035989072854866605	2854	2.808743485680924e-06	7.007278973580656e-07	3.387601818386835e-06	1.5285399553090244e-06	4.614412276247607e-06	1.7894267252153954e-06	0.2425735000288114	0.007220752350996701
8.365728887884798e-07	0.003369134579316255	2855	1.4940250875785058e-06	8.177753470249937e-07	2.3259235780078967e-06	1.1155307942352004e-06	4.062020973669902e-06	1.1781246368960675e-06	0.25047580001410097	0.006756175850438065
7.788668060787681e-07	0.003417218904761595	2856	5.918641202948796e-07	9.80580927267961e-07	1.6141953808651378e-06	7.472289555574465e-07	2.611558520826198e-06	1.8306538456515694e-06	0.23878030001651496	0.00684881383725229
7.918215728303158e-07	0.0029909171975578738	2857	2.950467902401147e-07	8.265658858628188e-07	4.819799299689684e-06	3.183833757949104e-06	1.7405688203175862e-06	2.73034929901278e-06	0.24331990000791848	0.006001485120233811
8.178239709576826e-07	0.003028988329045918	2858	1.4401004628040717e-07	8.817810654498367e-07	8.343844772992222e-06	5.222809176827962e-06	2.1602166576412355e-06	4.49409322797552e-06	0.23800950002623722	0.006087513370866535
8.706564778960356e-07	0.003247192975690201	2859	1.1397452405653231e-07	6.03204077647551e-07	1.3858286118223913e-05	9.682956276943587e-06	1.787336633196156e-06	5.541734669314913e-06	0.23854609997943044	0.006535043827938088
8.43742370651503e-07	0.0026735074115065817	2860	1.082642202037058e-07	6.62826860125257e-07	1.3639416998300256e-05	1.5140116382764724e-05	2.8278999219316398e-06	6.8833129413570244e-06	0.2385583000141196	0.005397675357942438
8.251876334273196e-07	0.002848789820857115	2861	2.3833225423394334e-07	9.763606015232294e-07	1.1524393903719311e-05	1.1484880818970713e-05	1.7658883225982455e-06	7.941239351524092e-06	0.24642550002317876	0.005742868239907777
9.159429300589894e-07	0.0029350686739470274	2862	3.2857499885465064e-07	2.0986281337375565e-06	5.123566159974295e-06	9.976542907462355e-06	3.3897878718493562e-06	4.718332611077747e-06	0.24343140004202724	0.005905712786920057
8.961442441624875e-07	0.002916876343469569	2863	6.182793493742257e-07	3.844351839426119e-06	3.5294623195639465e-06	7.232485664104864e-06	4.438753976743139e-06	5.1599904745869546e-06	0.24161899997852743	0.0058699670435025915
9.764391253139242e-07	0.003426706409505268	2864	9.278311116590215e-07	3.3554078189509837e-06	2.801004976902734e-06	6.809697475170345e-06	4.142989632482594e-06	5.426808983482158e-06	0.2383008999750018	0.006888399235875778
8.679125959901075e-07	0.0029486924534633764	2865	1.6197322067033722e-06	3.779380227161103e-06	1.9700732736316413e-06	4.387571426007637e-06	4.176514142048086e-06	8.054402789083889e-06	0.24161650001769885	0.005935339323114501
1.0189675609616805e-06	0.0032459272501563895	2866	3.720400040106874e-06	4.4043780618904905e-06	1.4163175306885552e-06	8.021652058139995e-07	3.403088830577967e-06	7.033445427473038e-06	0.23959509999258444	0.006525108764789305
9.805331157752288e-07	0.003069041830616688	2867	5.859129243657655e-06	5.0101972949773655e-06	2.659839449395874e-06	8.663281563175247e-07	3.7312801221718014e-06	6.267372139258181e-06	0.2423168999957852	0.006174437526132135
8.601343627362007e-07	0.003033890796955036	2868	6.227775289157104e-06	3.3109547787751565e-06	2.5809526137841046e-06	3.305889244374419e-06	2.5500939976081325e-06	4.072520089631558e-06	0.23981540004024282	0.006098172662736115
9.289454234944483e-07	0.0021282153763608814	2869	6.631731401233969e-06	1.93109313531201e-06	5.056467232011001e-06	7.347206340558657e-06	2.348889025933089e-06	2.4552032873385645e-06	0.2469408999895677	0.004288863326304411
8.301025073411705e-07	0.0020519353216503153	2870	5.244747301641742e-06	1.7561535993556994e-06	4.092057033940674e-06	7.40734208952676e-06	2.6702868283699863e-06	1.512408820574188e-06	0.2499762999941595	0.004132396539637666
7.894224583508973e-07	0.0029386313961485265	2871	4.712778846357642e-06	1.9341490336464718e-06	2.373603822298507e-06	5.790739436169115e-06	3.11727763295836e-06	1.5992138743364004e-06	0.24983779998729005	0.005903085891366816
7.738037876440576e-07	0.0027627343158515465	2872	2.476803101775552e-06	3.2505417313235525e-06	2.4893981165155553e-06	4.557027519812723e-06	3.09878269801769e-06	1.2121450775508524e-06	0.23780910001369193	0.005548411865298946
7.500437393960045e-07	0.0019662325733430753	2873	9.385089513371902e-07	2.640333436207858e-06	1.6740684567846106e-06	2.278662526933473e-06	4.033034030997473e-06	2.780168967452844e-06	0.24006009998265654	0.003955123213533106
7.292135349200686e-07	0.003022725627669567	2874	3.2495379592491504e-07	2.109636048615641e-06	1.2321510443838214e-06	1.0567388968583845e-06	4.152232101584837e-06	3.0921140854968295e-06	0.2490799999795854	0.00606612185456892
6.539823189996308e-07	0.0034161019803055645	2875	1.4917535180407354e-07	1.1770449513312265e-06	1.0314691737589069e-06	1.3040387810846865e-06	6.1344788879695415e-06	3.5683700349986327e-06	0.24465130001772195	0.0068565793513530445
6.836271184421847e-07	0.0033602582513781254	2876	2.641832116774976e-07	8.049287788018325e-07	1.6373350778794718e-06	2.3253860748229072e-06	3.76403919316288e-06	3.7297636567019054e-06	0.24512969999341294	0.0067419031958360475
6.73940382623112e-07	0.002702015250280588	2877	8.365883322668698e-07	8.475009653403239e-07	1.059709273260612e-06	3.0534517677207638e-06	3.892183839142558e-06	3.2557810198614957e-06	0.23941709997598082	0.005425471561383019
6.654590755195576e-07	0.002169894644487924	2878	1.6875478886175594e-06	6.475620513108136e-07	1.0381105603190246e-06	3.961596662311213e-06	3.2873366253738838e-06	4.0538278933046755e-06	0.23957050003809854	0.004363137353326804
6.931689508679554e-07	0.0024461801311620006	2879	1.966033937164976e-06	7.758948452741567e-07	2.3420703713931607e-06	4.183957692702812e-06	2.5503151867623544e-06	3.2944484444709577e-06	0.24312629998894408	0.004914704084334739
6.70879037170972e-07	0.00346111214356656	2880	1.9722099172230376e-06	7.512679226961438e-07	4.773119212357852e-06	4.681147025161572e-06	1.9213738884388487e-06	3.3921589939529905e-06	0.242715300002601	0.006946370855049684
6.647854782494057e-07	0.0035554024056257054	2881	1.260637660484314e-06	1.133793321685145e-06	2.6847909700315733e-06	1.0557700205151887e-06	2.9243995500953503e-06	2.250473827804288e-06	0.2467101999791339	0.007128619120936424
7.326249770608601e-07	0.0033403042531458963	2882	1.974479655286852e-07	1.874571219174563e-06	7.840182361630111e-07	3.0481349055717647e-07	2.661254629631389e-06	1.0188766231379127e-06	0.25125169998500496	0.006692594869662876
7.270224720354204e-07	0.0032393272847779826	2883	1.807369463545601e-07	3.7273579375506988e-06	2.420269893277077e-06	1.3938227621073213e-06	5.4328093099280784e-06	1.0600737365073277e-06	0.24177590000908822	0.006500816568132197
7.068182959246138e-07	0.0032670179041992247	2884	6.026692537530208e-07	4.599958621980447e-06	3.390775491811201e-06	4.075308056674383e-06	3.895517309326063e-06	1.449483311596406e-06	0.24083049996988848	0.006558808157656362
7.573998404544237e-07	0.003461801359257447	2885	8.896305240779568e-07	3.271634561781628e-06	2.3905204365159733e-06	3.2570877435788206e-06	4.004000309211317e-06	1.8154125643833244e-06	0.24447470001177862	0.006946565217208947
7.446187092385892e-07	0.0033106553984823314	2886	1.1018538672022298e-06	2.02620740974903e-06	1.938088410756747e-06	3.8056363934212725e-06	2.4800599907483724e-06	1.7065568738687518e-06	0.24134070001309738	0.006640045054193503
7.184365905473184e-07	0.0032598598243447907	2887	9.474578549870562e-07	2.068489620672715e-06	2.059383641573445e-06	3.5843924144414466e-06	3.02968031674798e-06	9.954790638680726e-07	0.23711400001775473	0.006537866564163584
8.293706684965214e-07	0.003001377358938427	2888	1.1501584086701288e-06	1.843641613205157e-06	1.7927739403732583e-06	3.067540367684956e-06	1.7370723346585885e-06	1.1272465300582623e-06	0.2411747999722138	0.006017996211273214
7.308533278645609e-07	0.0024876466448857286	2889	6.058991342555113e-07	1.1335802652513464e-06	1.4915540635461698e-06	1.9110258075460713e-06	1.7994606463991559e-06	1.2499470768910016e-06	0.24551829998381436	0.004987995871144366
6.934332727008651e-07	0.002551608103729187	2890	3.3914987725949865e-07	8.717914226576597e-07	1.7776428923409522e-06	1.8581101504497919e-06	1.9035132913196706e-06	1.5314130659612544e-06	0.24650259996997193	0.005116319621061046
7.271353021201775e-07	0.004015158749210937	2891	2.0580418319975867e-07	1.0726553117844577e-06	1.0834918616403358e-06	1.2114250730638453e-06	2.818004599928383e-06	1.6323426255131215e-06	0.23993179999524727	0.008044245839906686
6.606761136814461e-07	0.003004866373148585	2892	5.51450339837898e-07	1.3379059410002319e-06	1.3136931569171952e-06	1.8711512575520263e-06	3.6396455002276453e-06	3.139156715711917e-06	0.2411195000167936	0.00602968590365172
6.9860319727452e-07	0.003805271709234398	2893	9.308100936811756e-07	1.2128729768492023e-06	1.5401232580308167e-06	2.2414400782761257e-06	4.693904920135061e-06	4.3851198742017705e-06	0.2500315000070259	0.007636023920858856
6.061110084873713e-07	0.0029712219160708867	2894	8.08531526170784e-07	7.782478942727998e-07	9.833935940082662e-07	1.4519344983415116e-06	4.6421908953457435e-06	3.99365832680113e-06	0.23778739996487275	0.005964949860115835
6.350704130681014e-07	0.002872142358759609	2895	6.305386229614296e-07	5.079304297478882e-07	1.2640325354247405e-06	1.1700680426264663e-06	4.083167367953467e-06	3.7321139858624647e-06	0.24197180004557595	0.0057647579906837465
6.442347509406361e-07	0.002794000571269443	2896	6.831769831527324e-07	5.491964646216724e-07	3.2644550993269273e-06	1.1619625969250924e-06	6.0381180926545666e-06	4.004057189948311e-06	0.24251880001975223	0.005615032753749999
6.706508801338304e-07	0.0036237349480310694	2897	3.9685544551154333e-07	5.079257665492269e-07	4.301753435529864e-06	1.7092742181457362e-06	3.776840833949775e-06	3.989106626057353e-06	0.24073640001006424	0.007271258901608157
5.700729289546107e-07	0.002115888668163898	2898	2.296470471939365e-07	4.2431611532296696e-07	3.5662171093587235e-06	1.8816912006506128e-06	3.375877043953964e-06	3.2608591245966597e-06	0.24096059997100383	0.004252292825995333
6.675390126493916e-07	0.0037705911611746975	2899	2.2001235183124142e-07	5.262759949896789e-07	1.108459121593085e-06	2.419980809746186e-06	2.142515243438805e-06	1.2732939793681735e-06	0.24655430001439527	0.007553623747098468
7.250850475558193e-07	0.0022683991782502097	2900	1.981402289572562e-07	9.908602439368688e-07	2.5440832031505703e-06	3.7307447451682687e-06	1.8449921619112107e-06	1.4014072889896902e-06	0.24425529997097328	0.004552205153918546
6.578922116819818e-07	0.003190465840374886	2901	1.8166531251582054e-07	9.781216388328891e-07	4.08613876152409e-06	4.56358029353454e-06	1.4429103690281008e-06	1.331406453477921e-06	0.24024150002514943	0.006397605604824555
7.061589915221201e-07	0.003290007968794229	2902	2.4968294971141826e-07	7.898399692681441e-07	4.587899664883219e-06	4.4368248285138495e-06	3.8608314061381555e-06	1.7577103151448326e-06	0.238559500023257	0.006602729586426445
7.51424494508979e-07	0.0038409890533124434	2903	3.156171616542299e-07	9.669513552987882e-07	3.7710440626551554e-06	3.9268341190065146e-06	2.6223560401764356e-06	2.398736968407507e-06	0.2393953999853693	0.007702503588329688
7.351629143404299e-07	0.0030636222365330625	2904	4.0501366599681575e-07	2.7428786171865525e-06	5.655075468026302e-07	8.784648079602152e-07	2.3163325560838377e-06	2.5617002959936208e-06	0.24528649996500462	0.0061430627292369065
7.167746264549816e-07	0.0032673810878064502	2905	2.9009740884242806e-07	2.8983498207034364e-06	4.6246949156512836e-07	3.7843357110893655e-07	3.794197973564501e-06	2.5413121280554456e-06	0.2457560999901034	0.006552896095361271
6.908915252925611e-07	0.0024833984174820706	2906	1.4990901087382513e-07	3.1868978751168664e-06	9.472187551503087e-07	7.742736426206299e-07	2.8932444368428168e-06	1.7041158103133589e-06	0.2392079000128433	0.0049824316377928
7.409811277122319e-07	0.002557956125117826	2907	1.0026383842254888e-07	1.7410242308197868e-06	1.1867329189991306e-06	1.4074550709593325e-06	2.274279803586464e-06	1.577191442953408e-06	0.23867789999349043	0.005129532631043357
7.962701766240779e-07	0.00349218082843355	2908	2.2046162151800616e-07	2.033586073706596e-06	1.7424777111476565e-06	2.019861864132815e-06	3.455634728872153e-06	2.3716005795692108e-06	0.2389852000051178	0.007003625055107736
7.189771597211359e-07	0.0026953042916400814	2909	3.3184964069048904e-07	1.2406555343757952e-06	2.3853979643933103e-06	2.2408073076897285e-06	2.1602201026298752e-06	2.16900070147487e-06	0.24445579998428002	0.005406903689654964
7.092378874536957e-07	0.0027165202760040226	2910	7.687382674325073e-07	1.2835456056940417e-06	2.4331785322322995e-06	2.4040077302028933e-06	3.043920767265247e-06	2.6573907910154168e-06	0.2470943999942392	0.005452751121035076
6.231397201639266e-07	0.0032566635317309994	2911	6.405130050114581e-07	1.5705361347620497e-06	8.049085357102119e-07	1.179201297043035e-06	3.743347309193079e-06	4.9940456433614235e-06	0.2507645000005141	0.006536243287779962
6.745352429159098e-07	0.0028275252228109884	2912	7.709276637212261e-07	2.567373913365006e-06	2.1805954916787963e-06	2.005496104562429e-06	8.340034684253253e-06	1.19182840616576e-05	0.24908610002603382	0.005704440546772959
7.178847362238042e-07	0.0032661175171056446	2913	4.7433393965635734e-07	2.524907872822951e-06	5.1053661803173705e-06	4.400570653866409e-06	1.046495569595553e-05	1.158973615974174e-05	0.24684370000613853	0.006590285366041794
7.066045429290464e-07	0.0034395358119921546	2914	2.3269238679503084e-07	3.4586681805054587e-06	1.1268097846738549e-05	7.567697567907021e-06	8.413341350076959e-06	1.5123243400124182e-05	0.24961110000731423	0.006950085158552516
7.608883177501537e-07	0.0027926401633225476	2915	3.5049063904340054e-07	2.330532065530287e-06	7.070844244191211e-06	6.8932751022377065e-06	7.2484191119029374e-06	1.2404421139596088e-05	0.24414880003314465	0.005642752925834596
7.282564808928337e-07	0.0027763243094513492	2916	2.2114053850608734e-07	2.4284194602896e-06	4.392171058117302e-06	7.90612969612183e-06	3.514493957575551e-06	7.854427364310522e-06	0.23876520001795143	0.005591790835261292
6.911650673662692e-07	0.0027357489081232334	2917	4.4569946077710543e-07	1.436738782427164e-06	3.044598926148711e-06	7.359627817765849e-06	2.557442569995563e-06	6.204199258091412e-06	0.2400527999852784	0.005502690095024492
6.275295909850489e-07	0.00283238247287648	2918	1.0344826615619383e-06	1.251729048236347e-06	6.435473022705319e-06	7.735582888770641e-06	2.729211097902712e-06	3.034787795851641e-06	0.24577510001836345	0.005694005270343714
6.317663412949463e-07	0.0024271157900173836	2919	1.932658954050368e-06	6.801723834187951e-07	7.038607577766003e-06	5.59263901417749e-06	3.6045237106402673e-06	3.470066557889723e-06	0.2470459999749437	0.0048848883711838315
6.299132845241752e-07	0.003224183298347022	2920	2.348497038753184e-06	8.950014177250287e-07	4.621781973942353e-06	3.5054045452188574e-06	2.9744246083270515e-06	1.6434090477155856e-06	0.23751780000748113	0.0064702327755508165
6.437112905264248e-07	0.0036739269994034117	2921	2.0553846936503334e-06	1.9764545513544422e-06	5.273081845429632e-07	4.039884959979799e-07	3.2989777080758003e-06	1.8617648892325234e-06	0.24113839998608455	0.007364426042508039
6.344366184004688e-07	0.002440772185571591	2922	1.4185645882107896e-06	4.332310937181667e-06	1.4460483317939897e-06	7.994813044374579e-07	5.341186275277536e-06	1.5044906209572845e-06	0.2433030999964103	0.004904501003334076
6.529210412858156e-07	0.0033426860572200214	2923	8.422688860835521e-07	5.5780052365624855e-06	3.057370503624094e-06	1.6745945177716412e-06	5.6865574174061615e-06	1.3679972260013791e-06	0.2461050000274554	0.006711939304953471
6.965002360879223e-07	0.003134724810060821	2924	9.470735021635373e-07	5.913837416071765e-06	4.405852389132716e-06	2.454060835582221e-06	5.44053051045701e-06	1.3784415574807387e-06	0.2450607999926433	0.006298201388872644
7.056037550667441e-07	0.003479868703702038	2925	8.711442532123727e-07	4.264214582314075e-06	5.318551752241254e-06	2.949230985403049e-06	2.4209067243611336e-06	2.361684119332513e-06	0.23609740001847968	0.006984116938174767
6.112201850780141e-07	0.0025231104424803226	2926	3.040162808038844e-07	2.1826996673015124e-06	5.806614087311807e-06	5.608509433466269e-06	2.6794464092691848e-06	3.096277226002447e-06	0.24651100003393367	0.005072896612070228
7.282547131774238e-07	0.0029739083353635155	2927	2.5119345563417854e-07	1.4906933127620718e-06	3.3133750069966305e-06	6.4552131248879025e-06	2.636987836627983e-06	4.603632464831993e-06	0.24230990000069141	0.005975264895656587
6.597551439415178e-07	0.002618636205076213	2928	5.430503231896982e-07	3.4752624375288522e-06	1.4729362535821577e-06	6.974393298883422e-06	2.5319300506797535e-06	5.08046536394911e-06	0.24215270002605394	0.005266282353582752
6.916274977680496e-07	0.0029091788827566604	2929	4.920092743929965e-07	4.006757906151559e-06	2.611392414291061e-06	6.496001005523111e-06	2.9073120032612657e-06	5.804299410810604e-06	0.25453810003818944	0.005850770403937359
5.76901466389213e-07	0.0025154536807678587	2930	8.078910401327697e-07	6.507564745772743e-06	7.1785225607680535e-06	9.80259408249264e-06	2.8185900729661745e-06	6.153460012545759e-06	0.23444069997640327	0.005074301837068685
6.258382264918546e-07	0.002436956556435395	2931	9.558204092842946e-07	4.111466675133261e-06	4.487192059009479e-06	6.0058137014414446e-06	3.2739687332886628e-06	5.9994537062406974e-06	0.24062939995201305	0.0049092719270477005
6.270802327983948e-07	0.002373269118571634	2932	1.490968800341752e-06	2.0102842134015146e-06	1.3254237236670599e-06	3.9981922338388915e-06	3.635393251368002e-06	5.9685747406973455e-06	0.2014247999759391	0.004775825202564245
6.195371300839749e-07	0.003449063688526198	2933	1.0644711894173036e-06	7.799005211492006e-07	6.16612325444499e-07	2.7473500333281237e-06	3.706223546032117e-06	4.318259085908605e-06	0.18239400000311434	0.006920623750645785
6.752769452257968e-07	0.003480086411345195	2934	9.365398232954827e-07	1.1043055308394593e-06	3.1500160251258144e-06	3.1580934968755212e-06	4.8321645383062354e-06	3.524989528354365e-06	0.23568929999601096	0.006986586639590299
6.338942969539796e-07	0.0027002116591011223	2935	5.165659498408298e-07	2.067512538351276e-06	4.178668790220081e-06	3.1249122221434416e-06	4.456443298852198e-06	2.5608352058828402e-06	0.24452810001093894	0.005425613323306179
6.390667306919314e-07	0.0031440709432884947	2936	3.4729386967300213e-07	2.283832589596427e-06	3.41487483508128e-06	1.7935238455631654e-06	4.896446097132626e-06	1.0982324554473694e-06	0.2423302999814041	0.006309248902283448
7.363933088197732e-07	0.0034770351230043565	2937	3.8915909627072653e-07	1.6023965370270688e-06	9.834292127565324e-07	3.9661078407567894e-07	3.1673943899271083e-06	1.6567351841184807e-06	0.2434464999823831	0.006968562887404574
7.017309984197942e-07	0.002740610355681075	2938	3.9720032573858483e-07	1.2432954465435927e-06	1.431479829159394e-06	1.6633971721818511e-06	2.595203951048599e-06	2.1190982491411403e-06	0.2381798999849707	0.005496788150532991
6.890229925725377e-07	0.002778029816909544	2939	4.681966628005606e-07	1.0891739437874121e-06	1.8200526664749305e-06	3.57507550764764e-06	1.9854253244213125e-06	2.0027789591250963e-06	0.2477787000243552	0.005572366587152037
6.925094874154294e-07	0.0022521865944165886	2940	3.4105643837249635e-07	1.0723426195287061e-06	1.169928675749213e-06	5.1933539911178915e-06	2.9963523068766446e-06	1.534917885802654e-06	0.2467614999623038	0.004522597429918134
7.416989574022872e-07	0.003931521520630707	2941	3.2896231781631476e-07	1.2909392254557104e-06	7.916476753180571e-07	4.385746526604966e-06	1.6937494576286707e-06	9.255839337559203e-07	0.24161970004206523	0.007876562401704184
6.049255460040238e-07	0.0016218386754450612	2942	4.5230527582366656e-07	1.5142718110139197e-06	1.2838735595964605e-06	4.489008884276953e-06	2.20137730932948e-06	1.587079155591788e-06	0.2486359000322409	0.003260203574442684
7.348023478138777e-07	0.0027651822519596837	2943	8.220106513666074e-07	1.7822156553939489e-06	2.9493730120547395e-06	2.9427690485184917e-06	2.0944588423156053e-06	1.4616261201725931e-06	0.23756660002982244	0.005547442646907304
7.312547515823582e-07	0.0027837171061256935	2944	1.047336524047932e-06	1.6175154235103673e-06	5.8617007133354645e-06	5.539325584012491e-06	2.597174018825136e-06	2.747311845215728e-06	0.24674019997473806	0.00559365157172754
6.461137981250821e-07	0.003568888181927841	2945	1.1903025323012173e-06	1.706414626458604e-06	1.563354514401788e-05	1.041961484113003e-05	5.594438840670145e-06	4.7880646867821095e-06	0.2425158999976702	0.007188783475650745
6.771913360651654e-07	0.003403814176216014	2946	8.999988916273985e-07	1.8831679918379806e-06	1.0981111407189741e-05	7.2347874304783255e-06	3.4769608498667325e-06	4.679871230986663e-06	0.24179610004648566	0.006846295464986998
6.60824869642588e-07	0.0025707949477230875	2947	3.457110187510026e-07	1.4424347811151929e-06	1.616126312856593e-06	2.1754824250392984e-06	2.291907100733716e-06	2.537908816468613e-06	0.23534230003133416	0.005158150931557626
6.179423463506758e-07	0.003592531431909394	2948	3.9499585060473463e-07	1.4243790231295458e-06	1.1845904498644442e-06	2.369921398463841e-06	1.4813508239144709e-06	2.185212512431789e-06	0.25175180000951514	0.007199005761906244
7.151532626228735e-07	0.002904197124997866	2949	2.990404341892681e-07	7.43532503875459e-07	5.249597008073392e-06	4.865469962418094e-06	1.4886161297895626e-06	3.295316947282915e-06	0.2518013999797404	0.005830550062583679
7.67691036532633e-07	0.0030459831846304042	2950	8.272782628954591e-07	5.850667003938048e-07	9.184761159681402e-06	8.255447466182452e-06	2.351372952717815e-06	4.321735500500527e-06	0.2450364999822341	0.006125700521829464
7.255976567234223e-07	0.0030329463058602615	2951	6.076274343211853e-07	1.3051491998688452e-06	3.855438192010972e-06	3.5340647306504933e-06	3.525665609941075e-06	4.803098127347902e-06	0.24782510002842173	0.0060933036140654
7.32782341199793e-07	0.00334584580351041	2952	4.90722019509338e-07	3.060714316157415e-06	4.4413316282421926e-07	7.261237212432956e-07	3.1165710001446794e-06	2.9717995419314288e-06	0.25861239997902885	0.006710055606007106
7.905097911452318e-07	0.0030606663073953714	2953	6.50142513611115e-07	2.4750507587255597e-06	8.792984421321059e-07	1.0681533182976582e-06	3.168468710587914e-06	3.922311893743385e-06	0.29764590004924685	0.006142167840614463
7.471301016656593e-07	0.0040128345408066805	2954	4.7286650324497156e-07	3.281213007241365e-06	1.1703479932451893e-06	1.2003673823169835e-06	3.903947640078719e-06	2.394350167884881e-06	0.24538069998379797	0.00804588473231867
7.369852585223946e-07	0.0033793037377731466	2955	5.21087219173411e-07	3.1416728413974914e-06	1.9717784244645184e-06	1.3420732863724087e-06	2.716635059235602e-06	1.8566933750445977e-06	0.2474981999839656	0.006776204714703305
7.633227991824144e-07	0.0026666680989020936	2956	3.547242298396581e-07	1.133165517558505e-06	7.861422740971173e-07	5.404988683213773e-07	2.6303897416809643e-06	1.7937328923785561e-06	0.24590610002633184	0.0053465256195604875
7.384766556013814e-07	0.0037552498687337295	2957	2.5826321289181594e-07	9.284248389359257e-07	1.4061831765651542e-07	3.6858575175493255e-07	2.395242727075102e-06	1.084704660610859e-06	0.253240900055971	0.007520632477675272
7.256905946904139e-07	0.003631831053304285	2958	1.6148218307573064e-07	1.1622811307018875e-06	1.3044685126112352e-07	1.0216586430211925e-06	2.8714777321185893e-06	1.682993570204694e-06	0.2446769999805838	0.007276698299210658
6.266911530001923e-07	0.0027616494513026993	2959	1.2023888590818886e-07	2.761453225725848e-06	1.6964676589034805e-07	1.797632437668261e-06	4.192605531542526e-06	2.6559464697004075e-06	0.2460702999960631	0.005543098360229078
6.420614214011263e-07	0.003119678353843567	2960	2.705454107275024e-07	4.594887379627756e-06	2.4507988149895806e-07	1.815663193103679e-06	5.063482350356761e-06	4.46550305591957e-06	0.2423051999649033	0.006266624977207447
6.175456388505922e-07	0.0028813642158997317	2961	1.5603929691747214e-06	6.027640362010044e-06	6.795817809431259e-07	1.0961741626859146e-06	7.3182225448455355e-06	8.638776640775763e-06	0.24819640000350773	0.005805241310723221
6.51078955715893e-07	0.002536855701654648	2962	2.2999446424887144e-06	9.014935523529465e-06	3.9142801375279486e-07	8.326347527682332e-07	9.037224250259055e-06	1.0818147989504318e-05	0.24971669999649748	0.005127263248632794
6.374382547298507e-07	0.0027619028534558907	2963	3.178791798510079e-06	5.24135958051323e-06	4.312043294192679e-07	9.992487664199917e-07	7.315567906150656e-06	1.3392580709007864e-05	0.2480371999554336	0.0055763474851264205
6.512970627174936e-07	0.0028372114840609563	2964	4.357001020669468e-06	4.5160711235028125e-06	8.437920621360988e-07	1.195180437818663e-06	8.347891830412677e-06	2.008131168358996e-05	0.24764570000115782	0.00574349601391948
6.56229970683557e-07	0.003292149189133655	2965	5.052184242177681e-06	3.138114041884465e-06	1.1255835011475828e-06	1.5205038125758303e-06	7.325694572352736e-06	1.6147455958510985e-05	0.24232089996803552	0.00664339352486819
6.643085396306856e-07	0.0037828564650493786	2966	5.522134633760975e-06	1.4107676040076713e-06	7.922982589605163e-07	1.5898735506411717e-06	4.9798268928257545e-06	9.599004842596258e-06	0.25246720004361123	0.007605514284696233
6.135200430737205e-07	0.0030456942034153933	2967	5.581430495548854e-06	8.502956396022263e-07	1.8202489392843546e-07	1.6504392649272017e-06	3.2782238721533964e-06	8.371509514399845e-06	0.23691419995157048	0.0061241791039840475
6.213420117489437e-07	0.0028130446295176995	2968	4.087572858135869e-06	9.530822657864228e-07	5.641728823842298e-07	2.0761670296507435e-06	1.7342302693940963e-06	4.400928972651984e-06	0.24423279997427016	0.005647283256578947
5.636502816488154e-07	0.0029413980450728665	2969	2.6791538250515168e-06	1.968750188939344e-06	8.531722921302323e-07	2.4971906830677514e-06	4.453455382520214e-06	1.994865594075056e-06	0.24952650000341237	0.00590481829965141
6.469394889043483e-07	0.0027257767557865124	2970	1.1321880268419655e-06	4.585665149163349e-06	1.0173665377107191e-06	2.1454330827764643e-06	4.516926118356219e-06	1.2912142048010258e-06	0.2436153999879025	0.00547334432399364
6.193256103884441e-07	0.0033895154974855485	2971	2.5447223953577147e-07	4.810497160651687e-06	7.682440010617069e-07	2.3503826681736555e-06	6.5319217575145e-06	1.7131567325396124e-06	0.24568360002012923	0.0068049433992414055
6.619074776094255e-07	0.003628583559919861	2972	2.6966705364796237e-07	5.115023397581119e-06	8.391911243790303e-07	2.297660488049111e-06	7.365875802915364e-06	2.4752043220471614e-06	0.2412806999636814	0.007286694637108522
6.587094012099825e-07	0.0024937267908443014	2973	4.564354875899475e-07	4.829715105753766e-06	2.38254820910085e-06	2.681555075443479e-06	3.340736974273912e-06	3.793210405634999e-06	0.2440377000020817	0.0050133891491287285
6.173770544299123e-07	0.002611929581081923	2974	1.0731924454381265e-06	4.405856081129017e-06	5.147110159336786e-06	4.107290541204269e-06	2.8421280722103158e-06	2.7492443312862457e-06	0.24315930000739172	0.005251010110306807
6.839417880616957e-07	0.0034725652552692566	2975	9.55155980126533e-07	3.1745491007390545e-06	3.7823499226401687e-06	3.4837637497499614e-06	2.014635962245039e-06	2.4236744407921916e-06	0.24375879997387528	0.006966770833673967
6.401830919703032e-07	0.00249074409962964	2976	1.1023058916127063e-06	2.2022585683085484e-06	4.479005884901103e-06	3.3691527587569745e-06	3.705040743859525e-06	2.7355433308775043e-06	0.23942440003156662	0.005006802456696275
6.85703155137283e-07	0.0022576829820857226	2977	9.563624929713178e-07	1.8378396649115412e-06	2.382653039965492e-06	2.079956786548475e-06	1.400076862015944e-06	2.280038320867273e-06	0.2381984000094235	0.004531354412831884
7.144148488785901e-07	0.002881428002248402	2978	4.404929481691983e-07	1.1154697044050435e-06	2.4938969640213532e-06	3.36377685621176e-06	2.481378280516789e-06	2.759954031895426e-06	0.244117499969434	0.005782181135292193
7.369905346555343e-07	0.003226894360018777	2979	5.069646850834363e-07	1.2131800014775666e-06	2.0368655650898124e-06	5.511044722889588e-06	2.6427514294242223e-06	2.5412549538870604e-06	0.2500657999771647	0.006474898768848027
7.308426726591281e-07	0.0021211802676079526	2980	1.8161493946750013e-07	8.558237112902937e-07	9.978704905437101e-07	7.336900923520608e-06	2.0856492925660476e-06	3.053474984428711e-06	0.24110580002889037	0.004263472679180035
8.029668682638204e-07	0.0029417018157837805	2981	2.4434531339288615e-07	4.996561146483977e-07	6.460223765536791e-07	5.514652915427904e-06	3.5124786100429547e-06	2.043836250287164e-06	0.24755220004590228	0.005903026871744773
8.35165630703755e-07	0.0023916884102737524	2982	5.047213797204382e-07	4.447223828043367e-07	5.637580562422611e-07	2.1716894959511735e-06	3.6005129970668657e-06	1.2011235809950234e-06	0.24235170002793893	0.004798335316279754
8.2721811672013e-07	0.0026810124324157312	2983	1.0453628749691192e-06	5.734987286589765e-07	2.0161941209361587e-07	9.601680486710367e-07	2.5753391546214127e-06	2.227783721400827e-06	0.24375209998106584	0.00537606619588134
8.376810508181869e-07	0.0024065466743860707	2984	1.8701773358222009e-06	7.832823561226361e-07	5.313902938666525e-07	5.230959375253224e-07	2.454687644299028e-06	2.912243951485323e-06	0.2473920999909751	0.0048292105199886845
8.886576916483524e-07	0.0032775370818431903	2985	2.8436182380436667e-06	5.922526837590537e-07	1.084685643865068e-06	1.2175399068656068e-06	2.0396822824213473e-06	2.8460062411172976e-06	0.22532460000365973	0.006572360952589288
9.225751318226187e-07	0.003146355170296159	2986	3.3663964961138146e-06	4.413779585745288e-07	6.412034206840329e-07	1.0742343410393351e-06	2.181698339912367e-06	3.816708472922154e-06	0.2452155000064522	0.006312075516698045
1.0106581253258895e-06	0.0038493706747496784	2987	3.0858901910615624e-06	3.095499347307052e-07	1.273369259629887e-06	1.0672807496933717e-06	2.06135207882662e-06	5.1603621976535695e-06	0.24559609999414533	0.007720942184438085
9.192426974641635e-07	0.003749642865861917	2988	2.8502818332892856e-06	3.905989467756865e-07	3.223109445075978e-06	2.139884677369922e-06	2.329323894690981e-06	7.234059719550909e-06	0.24406519997864962	0.007528854859249758
9.496402118480253e-07	0.002427634770820814	2989	1.8653437855423472e-06	5.393544007140543e-07	5.740420873961622e-06	3.5565679939954558e-06	2.2214988053017335e-06	7.821743988370807e-06	0.23958999995375052	0.004888956994706883
1.0420845869519104e-06	0.0027859573736203976	2990	1.052335310632488e-06	8.848679080919946e-07	7.443451513793938e-06	5.145837851562672e-06	1.7386130943894173e-06	1.0449561412679869e-05	0.23978240002179518	0.005612901758012919
9.485347892752455e-07	0.002931115816182676	2991	5.815956779514575e-07	9.571543352069282e-07	7.120653485322897e-06	6.405799222559497e-06	2.9769682377352165e-06	7.08755384220242e-06	0.245564499986358	0.0058993229488248184
9.233140895351214e-07	0.0029364786055258102	2992	4.36460076998708e-07	1.9773337560844587e-06	2.669856947498325e-06	5.55851860044155e-06	2.527702630498532e-06	5.6263623057587204e-06	0.2474540999974124	0.005901754138484228
8.129390318658628e-07	0.002597198529079284	2993	6.657188571175684e-07	1.244405748855721e-06	1.8408139805780753e-06	3.719856035215676e-06	3.6473966581633054e-06	5.0087332239028125e-06	0.2391648999764584	0.005220805990608198
8.281568148946774e-07	0.00295936871801421	2994	5.916194728810524e-07	1.837278153396178e-06	6.3290463873379176e-06	3.7917050355706213e-06	5.3303995856019875e-06	2.010662047183169e-06	0.2402876000269316	0.005947625521972966
7.656831028479008e-07	0.002867905647570568	2995	5.536408549475273e-07	2.649177868812441e-06	6.176457850283422e-06	2.4827911292879057e-06	5.278476287053558e-06	1.2733675703953931e-06	0.23846590000903234	0.005762308416765061
6.745167593650486e-07	0.002824841016222906	2996	4.321198176114847e-07	1.91667812308777e-06	4.751342385721871e-06	1.9879150783004433e-06	5.069692067801733e-06	1.685308180662315e-06	0.2454242999665439	0.005673629121866192
6.170195332801221e-07	0.002439037984254328	2997	1.3335977739966832e-07	2.126222875604744e-06	1.9903040937739236e-06	1.6519830483022435e-06	4.423243999351844e-06	2.8451943729132246e-06	0.245178000011947	0.004899748754114827
7.176384456131955e-07	0.003258836324710342	2998	1.4615677617500917e-07	3.3079138079298244e-06	1.6852280458376946e-06	4.493860658152808e-06	4.639219699527519e-06	4.3628851984104e-06	0.2502587999915704	0.006546745295395882
7.232343801106173e-07	0.0022396957880968555	2999	2.565401502112848e-07	2.5988428510409567e-06	2.845878909822909e-06	8.018445604851875e-06	5.192054767033572e-06	5.190963873428373e-06	0.24093279999215156	0.004515323789750784
7.039954914147798e-07	0.003452038531346815	3000	4.598695860054084e-07	2.78978285143342e-06	3.2318384211462598e-06	1.0347522605510583e-05	4.465518081397812e-06	6.8518740855647045e-06	0.24657779996050522	0.006944948851474481
