epoch	total	seconds
1	1e-23	0.17023709998466074
2	1e-23	0.0018675000173971057
3	1e-23	0.001621800009161234
4	1e-23	0.0018070000223815441
5	1e-23	0.0015394999645650387
6	1e-23	0.0016275999951176345
7	1e-23	0.0019597000209614635
8	1e-23	0.0016906000091694295
9	1e-23	0.0018492999952286482
10	1e-23	0.0015865000314079225
11	1e-23	0.0017185999895446002
12	1e-23	0.001575700007379055
13	1e-23	0.0013980999938212335
14	1e-23	0.002619599981699139
15	1e-23	0.001282599987462163
16	1e-23	0.0016620999667793512
17	1e-23	0.0013485000235959888
18	1e-23	0.001378699962515384
19	1e-23	0.0015199999907054007
20	1e-23	0.0016477000317536294
21	1e-23	0.0012027999619022012
22	1e-23	0.0015780000248923898
23	1e-23	0.0012413999647833407
24	1e-23	0.0017911000177264214
25	1e-23	0.0013682999997399747
26	1e-23	0.0013669999898411334
27	1e-23	0.0016331999795511365
28	1e-23	0.001363899966236204
29	1e-23	0.0014139999984763563
30	1e-23	0.0015887999907135963
31	1e-23	0.0013091000146232545
32	1e-23	0.0013139999937266111
33	1e-23	0.0016354999970644712
34	1e-23	0.0016001000185497105
35	1e-23	0.0018287000129930675
36	1e-23	0.0013970000436529517
37	1e-23	0.0017154000233858824
38	1e-23	0.001596099988091737
39	1e-23	0.0014392000157386065
40	1e-23	0.0022258999524638057
41	1e-23	0.0014767000102438033
42	1e-23	0.002268600044772029
43	1e-23	0.0015847000177018344
44	1e-23	0.0018704000394791365
45	1e-23	0.001616199966520071
46	1e-23	0.001375200052279979
47	1e-23	0.0013595999917015433
48	1e-23	0.001513600000180304
49	1e-23	0.002075199969112873
50	1e-23	0.0017068000161089003
51	1e-23	0.0021071999799460173
52	1e-23	0.0012268000282347202
53	1e-23	0.001478100020904094
54	1e-23	0.00150969997048378
55	1e-23	0.0013732999796047807
56	1e-23	0.0012944000191055238
57	1e-23	0.001609999977517873
58	1e-23	0.0014889999874867499
59	1e-23	0.001278800016734749
60	1e-23	0.001760800019837916
61	1e-23	0.0012382000568322837
62	1e-23	0.001367199991364032
63	1e-23	0.0018329000449739397
64	1e-23	0.0015686999540776014
65	1e-23	0.0016601000097580254
66	1e-23	0.0016642999835312366
67	1e-23	0.0016963999951258302
68	1e-23	0.0017797999898903072
69	1e-23	0.0012451999937184155
70	1e-23	0.0018473000382073224
71	1e-23	0.001422800007276237
72	1e-23	0.0016800000448711216
73	1e-23	0.0014482000260613859
74	1e-23	0.0013060999917797744
75	1e-23	0.0013636000221595168
76	1e-23	0.0015598000027239323
77	1e-23	0.0012262999662198126
78	1e-23	0.0017358999466523528
79	1e-23	0.0013828999944962561
80	1e-23	0.0012189000262878835
81	1e-23	0.0016389999655075371
82	1e-23	0.0015166999655775726
83	1e-23	0.0012332999613136053
84	1e-23	0.0014217999996617436
85	1e-23	0.0014179000281728804
86	1e-23	0.001556200033519417
87	1e-23	0.001368099998217076
88	1e-23	0.0012395000085234642
89	1e-23	0.0015562999760732055
90	1e-23	0.0013635000213980675
91	1e-23	0.0013492000289261341
92	1e-23	0.002505200041923672
93	1e-23	0.00150379998376593
94	1e-23	0.0020308999810367823
95	1e-23	0.001786000037100166
96	1e-23	0.0017460000235587358
97	1e-23	0.001525400031823665
98	1e-23	0.0014342000358738005
99	1e-23	0.0016261000419035554
100	1e-23	0.0013165000127628446
101	1e-23	0.001699300017207861
102	1e-23	0.0017862999811768532
103	1e-23	0.0014700000174343586
104	1e-23	0.001859000010881573
105	1e-23	0.0012591999839060009
106	1e-23	0.0013113999739289284
107	1e-23	0.0015237000188790262
108	1e-23	0.0012314000050537288
109	1e-23	0.0012989999959245324
110	1e-23	0.0015418999828398228
111	1e-23	0.0018096000421792269
112	1e-23	0.001944500021636486
113	1e-23	0.0014915999490767717
114	1e-23	0.0012867000186815858
115	1e-23	0.0018224999657832086
116	1e-23	0.001526599982753396
117	1e-23	0.001791900023818016
118	1e-23	0.0017518000095151365
119	1e-23	0.0017220000154338777
120	1e-23	0.001709100033622235
121	1e-23	0.0017120999982580543
122	1e-23	0.003352500032633543
123	1e-23	0.0014494999777525663
124	1e-23	0.0016469000256620347
125	1e-23	0.0013368999934755266
126	1e-23	0.0018125999486073852
127	1e-23	0.0019789999932982028
128	1e-23	0.001895099994726479
129	1e-23	0.0013623999548144639
130	1e-23	0.0013725999742746353
131	1e-23	0.0014823000528849661
132	1e-23	0.0013874000287614763
133	1e-23	0.0012780999531969428
134	1e-23	0.0014245999627746642
135	1e-23	0.0013139999937266111
136	1e-23	0.0013492999714799225
137	1e-23	0.0017820000066421926
138	1e-23	0.0016957999905571342
139	1e-23	0.0016764000174589455
140	1e-23	0.001514200004749
141	1e-23	0.0015207999967969954
142	1e-23	0.001471900031901896
143	1e-23	0.0012594999861903489
144	1e-23	0.0013501999783329666
145	1e-23	0.0016673000063747168
146	1e-23	0.0016972000012174249
147	1e-23	0.0019067999674007297
148	1e-23	0.0015398000250570476
149	1e-23	0.002020399959292263
150	1e-23	0.0013445000513456762
151	1e-23	0.0012729000300168991
152	1e-23	0.0013219999964348972
153	1e-23	0.0012324000126682222
154	1e-23	0.0014570000348612666
155	1e-23	0.0013590999878942966
156	1e-23	0.0012446999899111688
157	1e-23	0.0013006000081077218
158	1e-23	0.001846599974669516
159	1e-23	0.0018098000437021255
160	1e-23	0.001512099988758564
161	1e-23	0.0014041999820619822
162	1e-23	0.0012351999757811427
163	1e-23	0.0017152999644167721
164	1e-23	0.001590200001373887
165	1e-23	0.001825600047595799
166	1e-23	0.0016110999858938158
167	1e-23	0.001457700040191412
168	1e-23	0.0020693999831564724
169	1e-23	0.001449399976991117
170	1e-23	0.0013552999589592218
171	1e-23	0.0016181999817490578
172	1e-23	0.001556200033519417
173	1e-23	0.0018007000326178968
174	1e-23	0.002159200026653707
175	1e-23	0.002182200027164072
176	1e-23	0.003410400007851422
177	1e-23	0.0033888000180013478
178	1e-23	0.0014530000044032931
179	1e-23	0.001292400003876537
180	1e-23	0.0013778000138700008
181	1e-23	0.001554100017528981
182	1e-23	0.001214599993545562
183	1e-23	0.0018999999738298357
184	1e-23	0.0017053000046871603
185	1e-23	0.0016491000424139202
186	1e-23	0.001542000041808933
187	1e-23	0.0017678000149317086
188	1e-23	0.0014773000148124993
189	1e-23	0.0012093999539501965
190	1e-23	0.0012094000121578574
191	1e-23	0.001505599997472018
192	1e-23	0.0016678000101819634
193	1e-23	0.001699600019492209
194	1e-23	0.001840399985667318
195	1e-23	0.0014731999835930765
196	1e-23	0.0016120999935083091
197	1e-23	0.0012654999736696482
198	1e-23	0.0013415999710559845
199	1e-23	0.001741600048262626
200	1e-23	0.001633400039281696
201	1e-23	0.002076100034173578
202	1e-23	0.00228599994443357
203	1e-23	0.0017319999751634896
204	1e-23	0.0012922000023536384
205	1e-23	0.0015954000409692526
206	1e-23	0.001395599974785
207	1e-23	0.0013704000157304108
208	1e-23	0.0014272000407800078
209	1e-23	0.0014792000292800367
210	1e-23	0.001485200016759336
211	1e-23	0.0017575999954715371
212	1e-23	0.0014281999901868403
213	1e-23	0.0015038999845273793
214	1e-23	0.0015072999522089958
215	1e-23	0.0012476000119931996
216	1e-23	0.0012330000172369182
217	1e-23	0.0015031000366434455
218	1e-23	0.0013815999845974147
219	1e-23	0.0013429999817162752
220	1e-23	0.001414800004567951
221	1e-23	0.0016056000022217631
222	1e-23	0.00192910002078861
223	1e-23	0.0016721999854780734
224	1e-23	0.0015687000122852623
225	1e-23	0.0014861999661661685
226	1e-23	0.0015641999780200422
227	1e-23	0.0016807999927550554
228	1e-23	0.0015397000242955983
229	1e-23	0.0013044000370427966
230	1e-23	0.0016583999968133867
231	1e-23	0.001611499988939613
232	1e-23	0.0013626000145450234
233	1e-23	0.0016961999936029315
234	1e-23	0.0013880999758839607
235	1e-23	0.001242400030605495
236	1e-23	0.00125629996182397
237	1e-23	0.0013637000229209661
238	1e-23	0.0019022999913431704
239	1e-23	0.0012427999754436314
240	1e-23	0.0018388000316917896
241	1e-23	0.0016908000106923282
242	1e-23	0.001541700039524585
243	1e-23	0.0016242999699898064
244	1e-23	0.0013371000532060862
245	1e-23	0.0012220999924466014
246	1e-23	0.0017259999876841903
247	1e-23	0.001163699955213815
248	1e-23	0.001476000004913658
249	1e-23	0.0013233000063337386
250	1e-23	0.0013116999762132764
251	1e-23	0.001712600002065301
252	1e-23	0.001442599983420223
253	1e-23	0.001569200016092509
254	1e-23	0.0017526000156067312
255	1e-23	0.001646400021854788
256	1e-23	0.0015675999457016587
257	1e-23	0.0019856999861076474
258	1e-23	0.0014662999892607331
259	1e-23	0.0019162999815307558
260	1e-23	0.0015688000130467117
261	1e-23	0.0014916000072844326
262	1e-23	0.0018221000209450722
263	1e-23	0.0012256999616511166
264	1e-23	0.002231899998150766
265	1e-23	0.0018885000026784837
266	1e-23	0.0017282000044360757
267	1e-23	0.001520999998319894
268	1e-23	0.0014597999979741871
269	1e-23	0.0018726999987848103
270	1e-23	0.001633100036997348
271	1e-23	0.0014056999934837222
272	1e-23	0.0014464000123552978
273	1e-23	0.0022612999891862273
274	1e-23	0.0015150999533943832
275	1e-23	0.0019348000059835613
276	1e-23	0.0024346999707631767
277	1e-23	0.0014900999958626926
278	1e-23	0.002064499945845455
279	1e-23	0.0014297000016085804
280	1e-23	0.002024400047957897
281	1e-23	0.001265500031877309
282	1e-23	0.0015681000077165663
283	1e-23	0.0017389000277034938
284	1e-23	0.0015560000319965184
285	1e-23	0.001613799948245287
286	1e-23	0.0013222999987192452
287	1e-23	0.0013324999599717557
288	1e-23	0.001628900005016476
289	1e-23	0.0013043000362813473
290	1e-23	0.0028543000225909054
291	1e-23	0.0012428999762050807
292	1e-23	0.0014724999782629311
293	1e-23	0.001350599981378764
294	1e-23	0.001347100012935698
295	1e-23	0.0012912999955005944
296	1e-23	0.001361900009214878
297	1e-23	0.0015912000089883804
298	1e-23	0.002305000030901283
299	1e-23	0.0015501999878324568
300	1e-23	0.0013862000196240842
301	1e-23	0.001464199973270297
302	1e-23	0.0012541000032797456
303	1e-23	0.001596100046299398
304	1e-23	0.0016731000505387783
305	1e-23	0.001450900046620518
306	1e-23	0.0014367999974638224
307	1e-23	0.0018875999958254397
308	1e-23	0.0022279000259004533
309	1e-23	0.0015204999945126474
310	1e-23	0.0019962999504059553
311	1e-23	0.001456200028769672
312	1e-23	0.001360700000077486
313	1e-23	0.002076999982818961
314	1e-23	0.0016858999733813107
315	1e-23	0.0019412999972701073
316	1e-23	0.0015038000419735909
317	1e-23	0.0012651999713853002
318	1e-23	0.001601400028448552
319	1e-23	0.0012843000004068017
320	1e-23	0.001547300023958087
321	1e-23	0.0013028000248596072
322	1e-23	0.0012765999999828637
323	1e-23	0.0017379999626427889
324	1e-23	0.0016131000011228025
325	1e-23	0.0015775999636389315
326	1e-23	0.0016638000379316509
327	1e-23	0.00133050000295043
328	1e-23	0.001335300039499998
329	1e-23	0.0015546000213362277
330	1e-23	0.0012734000338241458
331	1e-23	0.0013061000499874353
332	1e-23	0.0016864999779500067
333	1e-23	0.001417500025127083
334	1e-23	0.0020073000341653824
335	1e-23	0.001776200020685792
336	1e-23	0.002213299972936511
337	1e-23	0.001812600006815046
338	1e-23	0.00213049998274073
339	1e-23	0.0017249000375159085
340	1e-23	0.0015298000071197748
341	1e-23	0.0017700999742373824
342	1e-23	0.0012803999707102776
343	1e-23	0.001976699975784868
344	1e-23	0.0016143000102601945
345	1e-23	0.0020930999889969826
346	1e-23	0.0015540000167675316
347	1e-23	0.0013995000044815242
348	1e-23	0.0015131999971345067
349	1e-23	0.0022364999749697745
350	1e-23	0.0024719000211916864
351	1e-23	0.0011953999637626112
352	1e-23	0.0018834000220522285
353	1e-23	0.0013565000263042748
354	1e-23	0.0013543000095523894
355	1e-23	0.0015796000370755792
356	1e-23	0.0014140999992378056
357	1e-23	0.0017522999551147223
358	1e-23	0.0014136999961920083
359	1e-23	0.0015452000079676509
360	1e-23	0.0018582000047899783
361	1e-23	0.0017490999889560044
362	1e-23	0.0025934999575838447
363	1e-23	0.002881099993828684
364	1e-23	0.0013609000016003847
365	1e-23	0.0011516999802552164
366	1e-23	0.001394400023855269
367	1e-23	0.0013381000026129186
368	1e-23	0.0013399000163190067
369	1e-23	0.0019077000324614346
370	1e-23	0.001892999978736043
371	1e-23	0.0016816999996080995
372	1e-23	0.00123999995412305
373	1e-23	0.0013841000036336482
374	1e-23	0.001781200000550598
375	1e-23	0.0012389000039547682
376	1e-23	0.001186500012408942
377	1e-23	0.0012992999982088804
378	1e-23	0.001396500039845705
379	1e-23	0.00193060003221035
380	1e-23	0.0014818999916315079
381	1e-23	0.0012503999751061201
382	1e-23	0.0018159000319428742
383	1e-23	0.0017161999712698162
384	1e-23	0.0021443000296130776
385	1e-23	0.0014513999922201037
386	1e-23	0.0012881000293418765
387	1e-23	0.0017038999940268695
388	1e-23	0.0014470000169239938
389	1e-23	0.0022459999890998006
390	1e-23	0.0015429999912157655
391	1e-23	0.001408299955073744
392	1e-23	0.001858100004028529
393	1e-23	0.0012684999965131283
394	1e-23	0.001637800014577806
395	1e-23	0.0013826999929733574
396	1e-23	0.0014264000346884131
397	1e-23	0.001722700020764023
398	1e-23	0.001313099986873567
399	1e-23	0.0013428999809548259
400	1e-23	0.0017491999897174537
401	1e-23	0.0012329000164754689
402	1e-23	0.0012975999852642417
403	1e-23	0.0015117000439204276
404	1e-23	0.0014467000146396458
405	1e-23	0.0017970000044442713
406	1e-23	0.0016616000211797655
407	1e-23	0.0010993999894708395
408	1e-23	0.002012500015553087
409	1e-23	0.0012061999877914786
410	1e-23	0.001665600051637739
411	1e-23	0.0015920999576337636
412	1e-23	0.0014748000539839268
413	1e-23	0.001896300003863871
414	1e-23	0.0016212000045925379
415	1e-23	0.0020754000288434327
416	1e-23	0.001513900002464652
417	1e-23	0.0019173999899066985
418	1e-23	0.0013832999975420535
419	1e-23	0.001775900018401444
420	1e-23	0.0016280999989248812
421	1e-23	0.0013081000070087612
422	1e-23	0.002034899953287095
423	1e-23	0.0018161999760195613
424	1e-23	0.0013271999778226018
425	1e-23	0.0013581999810412526
426	1e-23	0.0013898999895900488
427	1e-23	0.0012907999916933477
428	1e-23	0.001484599953982979
429	1e-23	0.001389099983498454
430	1e-23	0.0012297999928705394
431	1e-23	0.0015855000237934291
432	1e-23	0.0013400999596342444
433	1e-23	0.001275199989322573
434	1e-23	0.0012308000004850328
435	1e-23	0.0015386000159196556
436	1e-23	0.0012482000165618956
437	1e-23	0.001561200013384223
438	1e-23	0.0014535000082105398
439	1e-23	0.0023510000319220126
440	1e-23	0.0016787999775260687
441	1e-23	0.001561500015668571
442	1e-23	0.0015801999834366143
443	1e-23	0.0017247000359930098
444	1e-23	0.0020864999969489872
445	1e-23	0.0014696000143885612
446	1e-23	0.002192599989939481
447	1e-23	0.0014038000372238457
448	1e-23	0.0012376999948173761
449	1e-23	0.0014729999820701778
450	1e-23	0.0013645000290125608
451	1e-23	0.002024600049480796
452	1e-23	0.0014042999828234315
453	1e-23	0.0013297999976202846
454	1e-23	0.0016025000368244946
455	1e-23	0.0015936000272631645
456	1e-23	0.0015241000219248235
457	1e-23	0.0013390000094659626
458	1e-23	0.0013144999975338578
459	1e-23	0.0014182999730110168
460	1e-23	0.0013858000165782869
461	1e-23	0.0012445999891497195
462	1e-23	0.0019500000053085387
463	1e-23	0.0013831999967806041
464	1e-23	0.0013981999945826828
465	1e-23	0.0018312999745830894
466	1e-23	0.001768199959769845
467	1e-23	0.001836799958255142
468	1e-23	0.0014563999720849097
469	1e-23	0.0013827999937348068
470	1e-23	0.0018394000362604856
471	1e-23	0.0015690000145696104
472	1e-23	0.0017655999981798232
473	1e-23	0.0015081999590620399
474	1e-23	0.0014329000259749591
475	1e-23	0.0015693000168539584
476	1e-23	0.0014468000154010952
477	1e-23	0.0014595999964512885
478	1e-23	0.0014158999547362328
479	1e-23	0.0012660999782383442
480	1e-23	0.0016439000028185546
481	1e-23	0.0013202999834902585
482	1e-23	0.0015950000379234552
483	1e-23	0.0014879999798722565
484	1e-23	0.0014119999832473695
485	1e-23	0.0014854000182822347
486	1e-23	0.0018581999465823174
487	1e-23	0.001845099963247776
488	1e-23	0.002182200027164072
489	1e-23	0.0013310000067576766
490	1e-23	0.0013137999922037125
491	1e-23	0.0013485999661497772
492	1e-23	0.0015178999747149646
493	1e-23	0.0018401999841444194
494	1e-23	0.0020222999737598
495	1e-23	0.002010399999562651
496	1e-23	0.001815499970689416
497	1e-23	0.0020152999786660075
498	1e-23	0.0016832000110298395
499	1e-23	0.002327200025320053
500	1e-23	0.0015988999512046576
501	1e-23	0.0013844000059179962
502	1e-23	0.0016058000037446618
503	1e-23	0.0014211999950930476
504	1e-23	0.0014028000296093524
505	1e-23	0.0016767000197432935
506	1e-23	0.001826500054448843
507	1e-23	0.0016393999685533345
508	1e-23	0.0012386000016704202
509	1e-23	0.0013444999931380153
510	1e-23	0.0013362999889068305
511	1e-23	0.0014986000023782253
512	1e-23	0.001291199994739145
513	1e-23	0.001408300013281405
514	1e-23	0.001586599973961711
515	1e-23	0.0018003999721258879
516	1e-23	0.0013396000140346587
517	1e-23	0.0013396000140346587
518	1e-23	0.0019250999903306365
519	1e-23	0.0017553999787196517
520	1e-23	0.0018663000082597136
521	1e-23	0.001995300000999123
522	1e-23	0.0021215999731794
523	1e-23	0.0014891999890096486
524	1e-23	0.0016265999875031412
525	1e-23	0.0017080000252462924
526	1e-23	0.0013535000034607947
527	1e-23	0.0012975999852642417
528	1e-23	0.0014487000298686326
529	1e-23	0.00134830002207309
530	1e-23	0.0013220999971963465
531	1e-23	0.0017463999683968723
532	1e-23	0.003164399997331202
533	1e-23	0.004393099981825799
534	1e-23	0.0018093000398948789
535	1e-23	0.0018127000075764954
536	1e-23	0.0016086999676190317
537	1e-23	0.002485599950887263
538	1e-23	0.0018410999909974635
539	1e-23	0.0016719999839551747
540	1e-23	0.0014014000189490616
541	1e-23	0.0015392000204883516
542	1e-23	0.0013694000081159174
543	1e-23	0.0016413000412285328
544	1e-23	0.0014699000166729093
545	1e-23	0.0013652000343427062
546	1e-23	0.0014429999864660203
547	1e-23	0.002027199952863157
548	1e-23	0.001693699974566698
549	1e-23	0.001782700011972338
550	1e-23	0.0014495999785140157
551	1e-23	0.0013157000066712499
552	1e-23	0.001955399988219142
553	1e-23	0.0013840000028721988
554	1e-23	0.0016056000022217631
555	1e-23	0.0018586000078357756
556	1e-23	0.0016401999746449292
557	1e-23	0.0015879999846220016
558	1e-23	0.0013256999664008617
559	1e-23	0.0013881000340916216
560	1e-23	0.001556800038088113
561	1e-23	0.0013473000144585967
562	1e-23	0.0015934999682940543
563	1e-23	0.0017222000169567764
564	1e-23	0.0013655999791808426
565	1e-23	0.0016150999581441283
566	1e-23	0.0018112999969162047
567	1e-23	0.001591100008226931
568	1e-23	0.0015301000094041228
569	1e-23	0.002105399966239929
570	1e-23	0.0020742000197060406
571	1e-23	0.0014248000225052238
572	1e-23	0.0018125000060535967
573	1e-23	0.0013270999770611525
574	1e-23	0.0015122999902814627
575	1e-23	0.0019833000260405242
576	1e-23	0.001581899996381253
577	1e-23	0.002443699981085956
578	1e-23	0.00133790000109002
579	1e-23	0.0016006999649107456
580	1e-23	0.0013066999963484704
581	1e-23	0.0013661999837495387
582	1e-23	0.0018365999567322433
583	1e-23	0.0013335999683476985
584	1e-23	0.0013931000139564276
585	1e-23	0.0015920000150799751
586	1e-23	0.0015721000381745398
587	1e-23	0.0018757000216282904
588	1e-23	0.001629200007300824
589	1e-23	0.0014780000201426446
590	1e-23	0.001411300036124885
591	1e-23	0.001429299998562783
592	1e-23	0.0017954999930225313
593	1e-23	0.001519199984613806
594	1e-23	0.001275199989322573
595	1e-23	0.001857199997175485
596	1e-23	0.0015652999863959849
597	1e-23	0.0018016000394709408
598	1e-23	0.0015749000012874603
599	1e-23	0.001359500049147755
600	1e-23	0.0018610999686643481
601	1e-23	0.00131720001809299
602	1e-23	0.0015342000406235456
603	1e-23	0.001505599997472018
604	1e-23	0.001527799991890788
605	1e-23	0.0017454000189900398
606	1e-23	0.001713199948426336
607	1e-23	0.0015245999675244093
608	1e-23	0.0016362000023946166
609	1e-23	0.001451199990697205
610	1e-23	0.0015923999599181116
611	1e-23	0.0014179999707266688
612	1e-23	0.0018134000129066408
613	1e-23	0.002107099979184568
614	1e-23	0.0014729000395163894
615	1e-23	0.001935899956151843
616	1e-23	0.001584300014656037
617	1e-23	0.0017621999722905457
618	1e-23	0.0015233000158332288
619	1e-23	0.0012467000051401556
620	1e-23	0.0013374999980442226
621	1e-23	0.0014680000022053719
622	1e-23	0.0016237999661825597
623	1e-23	0.0015064999461174011
624	1e-23	0.0016986000118777156
625	1e-23	0.0013068999978713691
626	1e-23	0.0016450999537482858
627	1e-23	0.0014452000032179058
628	1e-23	0.0018502000020816922
629	1e-23	0.0018782999832183123
630	1e-23	0.001457099977415055
631	1e-23	0.0013730000355280936
632	1e-23	0.0013700000126846135
633	1e-23	0.002073999959975481
634	1e-23	0.0014516999945044518
635	1e-23	0.001825300045311451
636	1e-23	0.0015966000501066446
637	1e-23	0.0014596999972127378
638	1e-23	0.002405500039458275
639	1e-23	0.0013015000149607658
640	1e-23	0.001567400002386421
641	1e-23	0.002416200004518032
642	1e-23	0.002027299953624606
643	1e-23	0.0012736000353470445
644	1e-23	0.0017062000115402043
645	1e-23	0.001492900017183274
646	1e-23	0.0012989999959245324
647	1e-23	0.0017731999978423119
648	1e-23	0.001367799995932728
649	1e-23	0.0013721000286750495
650	1e-23	0.0021838999819010496
651	1e-23	0.0018055999535135925
652	1e-23	0.001625100034289062
653	1e-23	0.0015454000094905496
654	1e-23	0.0016274999943561852
655	1e-23	0.0015072000096552074
656	1e-23	0.0013910999987274408
657	1e-23	0.0018121000030077994
658	1e-23	0.0013265999732539058
659	1e-23	0.0012843000004068017
660	1e-23	0.0019096999894827604
661	1e-23	0.0015154000138863921
662	1e-23	0.0018928999779745936
663	1e-23	0.0015745999990031123
664	1e-23	0.0013812000397592783
665	1e-23	0.0016216000076383352
666	1e-23	0.0013583000400103629
667	1e-23	0.0016625000280328095
668	1e-23	0.0016497000469826162
669	1e-23	0.0015994999557733536
670	1e-23	0.0012926000053994358
671	1e-23	0.001554399961605668
672	1e-23	0.0012489999644458294
673	1e-23	0.0015649999841116369
674	1e-23	0.0014744999934919178
675	1e-23	0.001400599954649806
676	1e-23	0.0013021000195294619
677	1e-23	0.0017312999698333442
678	1e-23	0.0017311999690718949
679	1e-23	0.0020315999863669276
680	1e-23	0.0016438999446108937
681	1e-23	0.001599599956534803
682	1e-23	0.001160199986770749
683	1e-23	0.0016305000171996653
684	1e-23	0.0012112000258639455
685	1e-23	0.0013136000488884747
686	1e-23	0.0015459000132977962
687	1e-23	0.0012240000069141388
688	1e-23	0.0014088000170886517
689	1e-23	0.0019856999861076474
690	1e-23	0.0014467000146396458
691	1e-23	0.0014951000339351594
692	1e-23	0.0015141000039875507
693	1e-23	0.0013780000153928995
694	1e-23	0.0014144000015221536
695	1e-23	0.0014023000258021057
696	1e-23	0.0014106999733485281
697	1e-23	0.0016657000523991883
698	1e-23	0.0013093000161461532
699	1e-23	0.0013738000416196883
700	1e-23	0.0015596000012010336
701	1e-23	0.0012983999913558364
702	1e-23	0.0014812999870628119
703	1e-23	0.0014409999712370336
704	1e-23	0.0016025000368244946
705	1e-23	0.0019727000035345554
706	1e-23	0.0019088999833911657
707	1e-23	0.0025711999624036252
708	1e-23	0.0018402000423520803
709	1e-23	0.00166229996830225
710	1e-23	0.001458600047044456
711	1e-23	0.0015636999742127955
712	1e-23	0.001707300019916147
713	1e-23	0.0015620000194758177
714	1e-23	0.0016240999684669077
715	1e-23	0.0016266999882645905
716	1e-23	0.0013279999839141965
717	1e-23	0.002800599962938577
718	1e-23	0.0018726999987848103
719	1e-23	0.001285000005736947
720	1e-23	0.0014717000303789973
721	1e-23	0.0016915000160224736
722	1e-23	0.0013441999908536673
723	1e-23	0.0013956999755464494
724	1e-23	0.001519200042821467
725	1e-23	0.0013755999971181154
726	1e-23	0.00132760003907606
727	1e-23	0.0015273999888449907
728	1e-23	0.0012336999643594027
729	1e-23	0.0012694000033661723
730	1e-23	0.0013424999779090285
731	1e-23	0.0011962999706156552
732	1e-23	0.0015982000040821731
733	1e-23	0.0014125000452622771
734	1e-23	0.001399700006004423
735	1e-23	0.0017583000008016825
736	1e-23	0.0015739999944344163
737	1e-23	0.0016781000304035842
738	1e-23	0.0019309999770484865
739	1e-23	0.001200399943627417
740	1e-23	0.0015586999943479896
741	1e-23	0.001479000027757138
742	1e-23	0.0016101000364869833
743	1e-23	0.0015293000033125281
744	1e-23	0.0012805999722331762
745	1e-23	0.0012105999630875885
746	1e-23	0.002036500023677945
747	1e-23	0.0015167000237852335
748	1e-23	0.002146399987395853
749	1e-23	0.003225899999961257
750	1e-23	0.0017638999852351844
751	1e-23	0.0015715000336058438
752	1e-23	0.002202900010161102
753	1e-23	0.0019362999591976404
754	1e-23	0.0027904000016860664
755	1e-23	0.0017787999822758138
756	1e-23	0.0016679000109434128
757	1e-23	0.0017309000249952078
758	1e-23	0.0015192999853752553
759	1e-23	0.0016201999969780445
760	1e-23	0.0017627000343054533
761	1e-23	0.0016065999516285956
762	1e-23	0.0019102999940514565
763	1e-23	0.0016577999922446907
764	1e-23	0.0015768999583087862
765	1e-23	0.0016565000405535102
766	1e-23	0.001512399991042912
767	1e-23	0.004374499956611544
768	1e-23	0.001694600039627403
769	1e-23	0.0017289999523200095
770	1e-23	0.003975300001911819
771	1e-23	0.0015734000480733812
772	1e-23	0.0017455999623052776
773	1e-23	0.0014270000392571092
774	1e-23	0.0016118999919854105
775	1e-23	0.0013877000310458243
776	1e-23	0.001916100038215518
777	1e-23	0.005393200030084699
778	1e-23	0.00194089999422431
779	1e-23	0.003489700029604137
780	1e-23	0.00160910002887249
781	1e-23	0.001944200019352138
782	1e-23	0.0018003999721258879
783	1e-23	0.001781500002834946
784	1e-23	0.0015371000044979155
785	1e-23	0.001553800015244633
786	1e-23	0.0013782000169157982
787	1e-23	0.0013937000185251236
788	1e-23	0.0017647999920882285
789	1e-23	0.0013634999631904066
790	1e-23	0.0014426999841816723
791	1e-23	0.0016167000285349786
792	1e-23	0.0014962999848648906
793	1e-23	0.0014826999977231026
794	1e-23	0.0015784000279381871
795	1e-23	0.0014408999704755843
796	1e-23	0.001694599981419742
797	1e-23	0.0016139000072143972
798	1e-23	0.0018901999574154615
799	1e-23	0.001659700006712228
800	1e-23	0.0014374000020325184
801	1e-23	0.00135420000879094
802	1e-23	0.0015899999998509884
803	1e-23	0.0014339000335894525
804	1e-23	0.002001499990001321
805	1e-23	0.0014690000098198652
806	1e-23	0.0018174999859184027
807	1e-23	0.001686900039203465
808	1e-23	0.0014823999954387546
809	1e-23	0.001651400001719594
810	1e-23	0.0014235999551601708
811	1e-23	0.0017526000156067312
812	1e-23	0.0015064000035636127
813	1e-23	0.0014034999767318368
814	1e-23	0.0016191000468097627
815	1e-23	0.0017994999652728438
816	1e-23	0.001534300041384995
817	1e-23	0.0017259000451304018
818	1e-23	0.0014959999825805426
819	1e-23	0.0013852000120095909
820	1e-23	0.001193900010548532
821	1e-23	0.001526300038676709
822	1e-23	0.0017596000107005239
823	1e-23	0.0013809999800287187
824	1e-23	0.0017355999443680048
825	1e-23	0.0015978000010363758
826	1e-23	0.0022276000236161053
827	1e-23	0.0020070000318810344
828	1e-23	0.0023384999949485064
829	1e-23	0.004212400002870709
830	1e-23	0.001725899986922741
831	1e-23	0.0015689999563619494
832	1e-23	0.001520699996035546
833	1e-23	0.0016447000089101493
834	1e-23	0.0016641000402159989
835	1e-23	0.001284099998883903
836	1e-23	0.0016250000335276127
837	1e-23	0.0014232000103220344
838	1e-23	0.0015445000026375055
839	1e-23	0.0023027000133879483
840	1e-23	0.0028593000024557114
841	1e-23	0.0029007999692112207
842	1e-23	0.0015926000196486712
843	1e-23	0.0013518000487238169
844	1e-23	0.0015235000173561275
845	1e-23	0.0021490000071935356
846	1e-23	0.0014321000198833644
847	1e-23	0.0016704999725334346
848	1e-23	0.0016212000045925379
849	1e-23	0.0015764999552629888
850	1e-23	0.001559399999678135
851	1e-23	0.00162240001372993
852	1e-23	0.0027321999659761786
853	1e-23	0.0018161000334657729
854	1e-23	0.001617099973373115
855	1e-23	0.0016902000061236322
856	1e-23	0.00197350000962615
857	1e-23	0.0015983000048436224
858	1e-23	0.00134680001065135
859	1e-23	0.0013280999846756458
860	1e-23	0.0013628000160679221
861	1e-23	0.002207099983934313
862	1e-23	0.004576999985147268
863	1e-23	0.00146980001591146
864	1e-23	0.0014525000005960464
865	1e-23	0.0018228000262752175
866	1e-23	0.0014681000029668212
867	1e-23	0.0018011999782174826
868	1e-23	0.001339999958872795
869	1e-23	0.0014189999783411622
870	1e-23	0.0016303000156767666
871	1e-23	0.001864299993030727
872	1e-23	0.0014201999874785542
873	1e-23	0.0015922000166028738
874	1e-23	0.0015414999797940254
875	1e-23	0.00160470005357638
876	1e-23	0.0012179000186733902
877	1e-23	0.0014303000061772764
878	1e-23	0.0018002999713644385
879	1e-23	0.0015573000418953598
880	1e-23	0.0018247999832965434
881	1e-23	0.0015338999801315367
882	1e-23	0.0022347999620251358
883	1e-23	0.0014500999823212624
884	1e-23	0.0013596000499092042
885	1e-23	0.0018321999814361334
886	1e-23	0.0014647000352852046
887	1e-23	0.0016064000083133578
888	1e-23	0.0012885999749414623
889	1e-23	0.0015119999879971147
890	1e-23	0.0015997000155039132
891	1e-23	0.0013645999715663493
892	1e-23	0.0013439999893307686
893	1e-23	0.0017869999865069985
894	1e-23	0.0018597999587655067
895	1e-23	0.0018924999749287963
896	1e-23	0.0014662999892607331
897	1e-23	0.0014429999864660203
898	1e-23	0.001396199979353696
899	1e-23	0.0017062000115402043
900	1e-23	0.0020058999652974308
901	1e-23	0.0016333999810740352
902	1e-23	0.0018852000357583165
903	1e-23	0.001532499969471246
904	1e-23	0.00149789999704808
905	1e-23	0.0024423999711871147
906	1e-23	0.0018467000336386263
907	1e-23	0.0020826999680139124
908	1e-23	0.001353600004222244
909	1e-23	0.0019924999796785414
910	1e-23	0.0015245999675244093
911	1e-23	0.002089400019031018
912	1e-23	0.0017416999908164144
913	1e-23	0.0019007999799214303
914	1e-23	0.0019070999696850777
915	1e-23	0.0028058000025339425
916	1e-23	0.0021835999796167016
917	1e-23	0.001603799988515675
918	1e-23	0.0015530000091530383
919	1e-23	0.0014081999543122947
920	1e-23	0.0017370999557897449
921	1e-23	0.0013433999847620726
922	1e-23	0.001394700026139617
923	1e-23	0.0032421000069007277
924	1e-23	0.00536329997703433
925	1e-23	0.005014599999412894
926	1e-23	0.0019045000080950558
927	1e-23	0.0017018999787978828
928	1e-23	0.0020517000230029225
929	1e-23	0.0014720999752171338
930	1e-23	0.0014359999913722277
931	1e-23	0.002293400000780821
932	1e-23	0.0014024999691173434
933	1e-23	0.0016391000244766474
934	1e-23	0.0015634000301361084
935	1e-23	0.0016608000150881708
936	1e-23	0.001741600048262626
937	1e-23	0.0014683000044897199
938	1e-23	0.0014227000065147877
939	1e-23	0.0017309999675489962
940	1e-23	0.0013465999509207904
941	1e-23	0.002086399996187538
942	1e-23	0.0023320000036619604
943	1e-23	0.0016197999939322472
944	1e-23	0.0014961999841034412
945	1e-23	0.0019540999783203006
946	1e-23	0.002156200003810227
947	1e-23	0.0025485000223852694
948	1e-23	0.0017368000117130578
949	1e-23	0.0015931000234559178
950	1e-23	0.001683299953583628
951	1e-23	0.0017515000072307885
952	1e-23	0.001458899991121143
953	1e-23	0.0015838000108487904
954	1e-23	0.0018615000299178064
955	1e-23	0.0014516999945044518
956	1e-23	0.0015286999987438321
957	1e-23	0.0014594999956898391
958	1e-23	0.0014686000067740679
959	1e-23	0.0019351000082679093
960	1e-23	0.00150830001803115
961	1e-23	0.0015814999933354557
962	1e-23	0.0015061000012792647
963	1e-23	0.0023082999978214502
964	1e-23	0.002029100025538355
965	1e-23	0.0014191999798640609
966	1e-23	0.0018928999779745936
967	1e-23	0.002034700009971857
968	1e-23	0.002252599981147796
969	1e-23	0.0020124000147916377
970	1e-23	0.002258200023788959
971	1e-23	0.0016156999627128243
972	1e-23	0.0027744999970309436
973	1e-23	0.0025186000275425613
974	1e-23	0.0013532000011764467
975	1e-23	0.0016491000424139202
976	1e-23	0.0014842000091448426
977	1e-23	0.001338800007943064
978	1e-23	0.0016051999991759658
979	1e-23	0.0015834999503567815
980	1e-23	0.001578899973537773
981	1e-23	0.0013623999548144639
982	1e-23	0.0016488999826833606
983	1e-23	0.001432000019121915
984	1e-23	0.001548200030811131
985	1e-23	0.0015073000104166567
986	1e-23	0.0014611000078730285
987	1e-23	0.0017333999858237803
988	1e-23	0.0015183000359684229
989	1e-23	0.0018905000179074705
990	1e-23	0.001527200045529753
991	1e-23	0.0018206000095233321
992	1e-23	0.0020837000338360667
993	1e-23	0.0030417999951168895
994	1e-23	0.001616200024727732
995	1e-23	0.0021268000127747655
996	1e-23	0.0014722999767400324
997	1e-23	0.0015860999701544642
998	1e-23	0.0018726999987848103
999	1e-23	0.0015153000131249428
1000	1e-23	0.0017940000398084521
1001	1e-23	0.0014758000033907592
1002	1e-23	0.0014815000467933714
1003	1e-23	0.0017499999958090484
1004	1e-23	0.0016450000111944973
1005	1e-23	0.00166379997972399
1006	1e-23	0.0015987000078894198
1007	1e-23	0.003015600028447807
1008	1e-23	0.0021600000327453017
1009	1e-23	0.001775899960193783
1010	1e-23	0.001514500007033348
1011	1e-23	0.0018767999717965722
1012	1e-23	0.0018766000284813344
1013	1e-23	0.002059199963696301
1014	1e-23	0.0018408999894745648
1015	1e-23	0.0019777999841608107
1016	1e-23	0.0033543999888934195
1017	1e-23	0.001576000009663403
1018	1e-23	0.0016823000041767955
1019	1e-23	0.0020083000417798758
1020	1e-23	0.001506500004325062
1021	1e-23	0.0014540000120177865
1022	1e-23	0.00160320004215464
1023	1e-23	0.001687799987848848
1024	1e-23	0.0014717999729327857
1025	1e-23	0.0014102999703027308
1026	1e-23	0.0013675999944098294
1027	1e-23	0.0015955999842844903
1028	1e-23	0.0020517000230029225
1029	1e-23	0.0018110000528395176
1030	1e-23	0.0015089999651536345
1031	1e-23	0.001393500017002225
1032	1e-23	0.001587799983099103
1033	1e-23	0.0013987999991513789
1034	1e-23	0.0020466999849304557
1035	1e-23	0.0018761000246740878
1036	1e-23	0.0023410000139847398
1037	1e-23	0.0019865999929606915
1038	1e-23	0.0027936999686062336
1039	1e-23	0.0021105000050738454
1040	1e-23	0.0017299000173807144
1041	1e-23	0.0015630999696440995
1042	1e-23	0.0018933999817818403
1043	1e-23	0.0014041999820619822
1044	1e-23	0.0020709000527858734
1045	1e-23	0.0016431999974884093
1046	1e-23	0.001430800009984523
1047	1e-23	0.0017281000036746264
1048	1e-23	0.0013944999664090574
1049	1e-23	0.001519499986898154
1050	1e-23	0.0014417999773286283
1051	1e-23	0.0013289999915286899
1052	1e-23	0.0017345999949611723
1053	1e-23	0.0015047999913804233
1054	1e-23	0.002000599983148277
1055	1e-23	0.0016280999989248812
1056	1e-23	0.0016253999783657491
1057	1e-23	0.0016020999755710363
1058	1e-23	0.0012759999954141676
1059	1e-23	0.0019626999855972826
1060	1e-23	0.0017782000359147787
1061	1e-23	0.0017242999747395515
1062	1e-23	0.0014970999909564853
1063	1e-23	0.001988200005143881
1064	1e-23	0.0022819999721832573
1065	1e-23	0.00147430005017668
1066	1e-23	0.0014971000491641462
1067	1e-23	0.0013273999793455005
1068	1e-23	0.0013231999473646283
1069	1e-23	0.0020961000118404627
1070	1e-23	0.0015721999807283282
1071	1e-23	0.0014890999882481992
1072	1e-23	0.0018377999658696353
1073	1e-23	0.0015392000204883516
1074	1e-23	0.0017779000336304307
1075	1e-23	0.001776800025254488
1076	1e-23	0.0018803999992087483
1077	1e-23	0.0015286999987438321
1078	1e-23	0.0027261999784968793
1079	1e-23	0.004494399996474385
1080	1e-23	0.001269899948965758
1081	1e-23	0.0013649999746121466
1082	1e-23	0.001576900016516447
1083	1e-23	0.0017739000031724572
1084	1e-23	0.002534200029913336
1085	1e-23	0.0020179999992251396
1086	1e-23	0.002033500000834465
1087	1e-23	0.0025086000096052885
1088	1e-23	0.001497599994763732
1089	1e-23	0.001642799994442612
1090	1e-23	0.0017934999777935445
1091	1e-23	0.0014402999659068882
1092	1e-23	0.0014859000220894814
1093	1e-23	0.0022207999718375504
1094	1e-23	0.0021919000428169966
1095	1e-23	0.0019237000378780067
1096	1e-23	0.0019342000014148653
1097	1e-23	0.0017388000269420445
1098	1e-23	0.0016493999864906073
1099	1e-23	0.0018778000376187265
1100	1e-23	0.0014464999549090862
1101	1e-23	0.0015497999847866595
1102	1e-23	0.0017413999885320663
1103	1e-23	0.0017361000063829124
1104	1e-23	0.0019447999657131732
1105	1e-23	0.0015275999903678894
1106	1e-23	0.0018698999774642289
1107	1e-23	0.001761699968483299
1108	1e-23	0.00198379997164011
1109	1e-23	0.0016724999877624214
1110	1e-23	0.0016410999814979732
1111	1e-23	0.0016899000038392842
1112	1e-23	0.001753999968059361
1113	1e-23	0.0022534000454470515
1114	1e-23	0.001462399959564209
1115	1e-23	0.0016717000398784876
1116	1e-23	0.0013679999974556267
1117	1e-23	0.001618300040718168
1118	1e-23	0.001677699969150126
1119	1e-23	0.0015295000048354268
1120	1e-23	0.0015402999706566334
1121	1e-23	0.0017036999925039709
1122	1e-23	0.0016471000271849334
1123	1e-23	0.0017245999770238996
1124	1e-23	0.0017729999963194132
1125	1e-23	0.0016540000215172768
1126	1e-23	0.0014940999681130052
1127	1e-23	0.001228799985256046
1128	1e-23	0.0012944999616593122
1129	1e-23	0.001379599969368428
1130	1e-23	0.001504399988334626
1131	1e-23	0.0016508999979123473
1132	1e-23	0.0014248999650590122
1133	1e-23	0.001588699989952147
1134	1e-23	0.0017479999805800617
1135	1e-23	0.0022920999908819795
1136	1e-23	0.0017728999955579638
1137	1e-23	0.0018949999939650297
1138	1e-23	0.0016614000196568668
1139	1e-23	0.001706700015347451
1140	1e-23	0.0016897000023163855
1141	1e-23	0.0016104000387713313
1142	1e-23	0.0019459999748505652
1143	1e-23	0.0015182000352069736
1144	1e-23	0.0014002000098116696
1145	1e-23	0.0015521000022999942
1146	1e-23	0.0013442999916151166
1147	1e-23	0.001408000010997057
1148	1e-23	0.0017615000251680613
1149	1e-23	0.0015141000039875507
1150	1e-23	0.0022510000271722674
1151	1e-23	0.0033691999851725996
1152	1e-23	0.001680100045632571
1153	1e-23	0.0014975000522099435
1154	1e-23	0.0015830000047571957
1155	1e-23	0.001590200001373887
1156	1e-23	0.003495000011753291
1157	1e-23	0.003040799987502396
1158	1e-23	0.0016898000030778348
1159	1e-23	0.0028034999850206077
1160	1e-23	0.001509999972768128
1161	1e-23	0.0017042999970726669
1162	1e-23	0.0016288000042550266
1163	1e-23	0.0019857999868690968
1164	1e-23	0.0029998000245541334
1165	1e-23	0.003743699984624982
1166	1e-23	0.001672399987000972
1167	1e-23	0.0015629000263288617
1168	1e-23	0.002162399992812425
1169	1e-23	0.0019535000319592655
1170	1e-23	0.0015322999679483473
1171	1e-23	0.002443999983370304
1172	1e-23	0.002618099970277399
1173	1e-23	0.0015259999781847
1174	1e-23	0.002265600021928549
1175	1e-23	0.0038375999429263175
1176	1e-23	0.001774400006979704
1177	1e-23	0.001880600000731647
1178	1e-23	0.003535800031386316
1179	1e-23	0.0032829000265337527
1180	1e-23	0.0016281999996863306
1181	1e-23	0.001532200025394559
1182	1e-23	0.002207999990787357
1183	1e-23	0.0015844000154174864
1184	1e-23	0.0014185999752953649
1185	1e-23	0.0013990000006742775
1186	1e-23	0.0015267999842762947
1187	1e-23	0.001526000036392361
1188	1e-23	0.0014527000021189451
1189	1e-23	0.001387600030284375
1190	1e-23	0.00163569999858737
1191	1e-23	0.0017521000117994845
1192	1e-23	0.0019603000255301595
1193	1e-23	0.001436099992133677
1194	1e-23	0.0017464999691583216
1195	1e-23	0.0014664999907836318
1196	1e-23	0.0018940999871119857
1197	1e-23	0.002553400001488626
1198	1e-23	0.0017820000066421926
1199	1e-23	0.0016822000034153461
1200	1e-23	0.0017153999651782215
1201	1e-23	0.0017883000546135008
1202	1e-23	0.0015111000393517315
1203	1e-23	0.001438500010408461
1204	1e-23	0.0018993000267073512
1205	1e-23	0.0014684000052511692
1206	1e-23	0.001740999985486269
1207	1e-23	0.0017588000046089292
1208	1e-23	0.002161300042644143
1209	1e-23	0.00138079997850582
1210	1e-23	0.0015316999633796513
1211	1e-23	0.0014538000104948878
1212	1e-23	0.0015107999788597226
1213	1e-23	0.002112199959810823
1214	1e-23	0.0017678000149317086
1215	1e-23	0.002095900010317564
1216	1e-23	0.00149200001033023
1217	1e-23	0.0017790999845601618
1218	1e-23	0.0021200000192038715
1219	1e-23	0.0017509000026620924
1220	1e-23	0.0019415999995544553
1221	1e-23	0.0018069000216200948
1222	1e-23	0.002147100050933659
1223	1e-23	0.001642799994442612
1224	1e-23	0.0019259999971836805
1225	1e-23	0.0019467000383883715
1226	1e-23	0.002303499961271882
1227	1e-23	0.0017985000158660114
1228	1e-23	0.002292499993927777
1229	1e-23	0.002133699948899448
1230	1e-23	0.0016932000289671123
1231	1e-23	0.0014448000001721084
1232	1e-23	0.0013267999747768044
1233	1e-23	0.0015734999906271696
1234	1e-23	0.0016541999648325145
1235	1e-23	0.001555000024382025
1236	1e-23	0.0015827000024728477
1237	1e-23	0.0015462000155821443
1238	1e-23	0.0015852999640628695
1239	1e-23	0.001441399974282831
1240	1e-23	0.001400299952365458
1241	1e-23	0.0012946000206284225
1242	1e-23	0.0012117999722249806
1243	1e-23	0.0017099999822676182
1244	1e-23	0.0017988999607041478
1245	1e-23	0.001630400016438216
1246	1e-23	0.0017157999682240188
1247	1e-23	0.0016257999814115465
1248	1e-23	0.002045299974270165
1249	1e-23	0.0017713999841362238
1250	1e-23	0.0016269999905489385
1251	1e-23	0.0017901999526657164
1252	1e-23	0.0019326999899931252
1253	1e-23	0.0016343999886885285
1254	1e-23	0.0016190999886021018
1255	1e-23	0.002108599990606308
1256	1e-23	0.0014350999845191836
1257	1e-23	0.0015122999902814627
1258	1e-23	0.0015020999708212912
1259	1e-23	0.0015853999648243189
1260	1e-23	0.0018186000525020063
1261	1e-23	0.001775599957909435
1262	1e-23	0.002118999953381717
1263	1e-23	0.0017676999559625983
1264	1e-23	0.0019335999968461692
1265	1e-23	0.001582199998665601
1266	1e-23	0.0015603999490849674
1267	1e-23	0.001670299971010536
1268	1e-23	0.0015197000466287136
1269	1e-23	0.001725299982354045
1270	1e-23	0.0017180999857373536
1271	1e-23	0.001732099975924939
1272	1e-23	0.001852500019595027
1273	1e-23	0.0014533000066876411
1274	1e-23	0.0018061000155285
1275	1e-23	0.0015776999644003808
1276	1e-23	0.00151859998004511
1277	1e-23	0.0018423000001348555
1278	1e-23	0.0019786000484600663
1279	1e-23	0.0016896000015549362
1280	1e-23	0.0014992000069469213
1281	1e-23	0.0016070000128820539
1282	1e-23	0.0015084000187925994
1283	1e-23	0.001484000007621944
1284	1e-23	0.0015752000035718083
1285	1e-23	0.001255999959539622
1286	1e-23	0.0018169000395573676
1287	1e-23	0.002128200023435056
1288	1e-23	0.0024537999997846782
1289	1e-23	0.0015864999732002616
1290	1e-23	0.00244159996509552
1291	1e-23	0.0017278000013902783
1292	1e-23	0.002025199995841831
1293	1e-23	0.0018684000242501497
1294	1e-23	0.0016716999816708267
1295	1e-23	0.001684799965005368
1296	1e-23	0.002001600048970431
1297	1e-23	0.002294600009918213
1298	1e-23	0.0014909000019542873
1299	1e-23	0.0015069999499246478
1300	1e-23	0.0013864999637007713
1301	1e-23	0.0014534000074490905
1302	1e-23	0.0013410000246949494
1303	1e-23	0.001441099971998483
1304	1e-23	0.002528300043195486
1305	1e-23	0.0017774999723769724
1306	1e-23	0.002336299978196621
1307	1e-23	0.0017920999671332538
1308	1e-23	0.0016892999992705882
1309	1e-23	0.001617699977941811
1310	1e-23	0.002058100013528019
1311	1e-23	0.0018013999797403812
1312	1e-23	0.0016920000198297203
1313	1e-23	0.0017727999947965145
1314	1e-23	0.0013569000293500721
1315	1e-23	0.0014899999951012433
1316	1e-23	0.001788599998690188
1317	1e-23	0.0016789999790489674
1318	1e-23	0.0018057000124827027
1319	1e-23	0.0017220999579876661
1320	1e-23	0.0015935000265017152
1321	1e-23	0.0015639999764971435
1322	1e-23	0.0017554000369273126
1323	1e-23	0.0017914999625645578
1324	1e-23	0.001541100034955889
1325	1e-23	0.0017281000036746264
1326	1e-23	0.0017100999830290675
1327	1e-23	0.0014723999775014818
1328	1e-23	0.0015596000012010336
1329	1e-23	0.001577500021085143
1330	1e-23	0.0018373000202700496
1331	1e-23	0.0019253999926149845
1332	1e-23	0.0021504000178538263
1333	1e-23	0.0015571999829262495
1334	1e-23	0.0016234000213444233
1335	1e-23	0.0015321000246331096
1336	1e-23	0.001527199987322092
1337	1e-23	0.0013538000057451427
1338	1e-23	0.001736600010190159
1339	1e-23	0.0014307000092230737
1340	1e-23	0.0015617000171914697
1341	1e-23	0.00182529998710379
1342	1e-23	0.0015803000424057245
1343	1e-23	0.0013692000065930188
1344	1e-23	0.0013100000214762986
1345	1e-23	0.0015669000567868352
1346	1e-23	0.0014276999863795936
1347	1e-23	0.0020750999683514237
1348	1e-23	0.0015922999591566622
1349	1e-23	0.00136749999364838
1350	1e-23	0.0017420999938622117
1351	1e-23	0.0014758000033907592
1352	1e-23	0.0013155000051483512
1353	1e-23	0.001579499978106469
1354	1e-23	0.0019008000381290913
1355	1e-23	0.001704599999357015
1356	1e-23	0.0018288000137545168
1357	1e-23	0.0023083999985828996
1358	1e-23	0.0015797000378370285
1359	1e-23	0.0018088999786414206
1360	1e-23	0.0016430000541731715
1361	1e-23	0.002003899950068444
1362	1e-23	0.001443800050765276
1363	1e-23	0.0016352999955415726
1364	1e-23	0.0019417000003159046
1365	1e-23	0.0013004000065848231
1366	1e-23	0.002372399962041527
1367	1e-23	0.002987599989864975
1368	1e-23	0.0018374999635852873
1369	1e-23	0.001313700049649924
1370	1e-23	0.001730100018903613
1371	1e-23	0.0015983000048436224
1372	1e-23	0.0023886000271886587
1373	1e-23	0.0014102999703027308
1374	1e-23	0.0015183000359684229
1375	1e-23	0.0013201999827288091
1376	1e-23	0.0014694000128656626
1377	1e-23	0.0022865000064484775
1378	1e-23	0.001622100011445582
1379	1e-23	0.001424300018697977
1380	1e-23	0.0015918000135570765
1381	1e-23	0.0014262000331655145
1382	1e-23	0.0019603000255301595
1383	1e-23	0.0014996000099927187
1384	1e-23	0.001316900015808642
1385	1e-23	0.0016891999985091388
1386	1e-23	0.002049999951850623
1387	1e-23	0.002184400043915957
1388	1e-23	0.001986199989914894
1389	1e-23	0.0016148000140674412
1390	1e-23	0.0013204999850131571
1391	1e-23	0.0015239000204019248
1392	1e-23	0.0017677000141702592
1393	1e-23	0.0014367999974638224
1394	1e-23	0.0014163999585434794
1395	1e-23	0.0025041000335477293
1396	1e-23	0.0025304000009782612
1397	1e-23	0.0016651999903842807
1398	1e-23	0.0016480999765917659
1399	1e-23	0.0013362000463530421
1400	1e-23	0.0016251999768428504
1401	1e-23	0.0016130000003613532
1402	1e-23	0.0012923000031150877
1403	1e-23	0.0017521000117994845
1404	1e-23	0.0015767000149935484
1405	1e-23	0.0017050000024028122
1406	1e-23	0.0019361000158824027
1407	1e-23	0.0016441000043414533
1408	1e-23	0.001530699955765158
1409	1e-23	0.0012939000152982771
1410	1e-23	0.0014076000079512596
1411	1e-23	0.0017993999645113945
1412	1e-23	0.001243599981535226
1413	1e-23	0.0017667000065557659
1414	1e-23	0.0014680999447591603
1415	1e-23	0.0015316000208258629
1416	1e-23	0.0016260999836958945
1417	1e-23	0.0017646000487729907
1418	1e-23	0.0019517999608069658
1419	1e-23	0.001718199986498803
1420	1e-23	0.0016488999826833606
1421	1e-23	0.0015087999636307359
1422	1e-23	0.0012824999867007136
1423	1e-23	0.002197000023443252
1424	1e-23	0.001478699967265129
1425	1e-23	0.0021926999907009304
1426	1e-23	0.0012780000106431544
1427	1e-23	0.0013360999873839319
1428	1e-23	0.001671500038355589
1429	1e-23	0.0012913999962620437
1430	1e-23	0.0021948000066913664
1431	1e-23	0.002037900034338236
1432	1e-23	0.002369699999690056
1433	1e-23	0.0013334000250324607
1434	1e-23	0.0018284000107087195
1435	1e-23	0.0015505999908782542
1436	1e-23	0.0014506999868899584
1437	1e-23	0.001650199992582202
1438	1e-23	0.001354800013359636
1439	1e-23	0.0013464000076055527
1440	1e-23	0.0019801000016741455
1441	1e-23	0.0012435000389814377
1442	1e-23	0.0012372999917715788
1443	1e-23	0.0017993999645113945
1444	1e-23	0.001483400003053248
1445	1e-23	0.0019778000423684716
1446	1e-23	0.0013439999893307686
1447	1e-23	0.0016846000216901302
1448	1e-23	0.001546400017105043
1449	1e-23	0.002204100019298494
1450	1e-23	0.004187999991700053
1451	1e-23	0.0026233999524265528
1452	1e-23	0.0020595999667420983
1453	1e-23	0.0016753000090830028
1454	1e-23	0.0017831000150181353
1455	1e-23	0.0013681999989785254
1456	1e-23	0.0015447000041604042
1457	1e-23	0.002156500006094575
1458	1e-23	0.0015427999896928668
1459	1e-23	0.0017248000367544591
1460	1e-23	0.0016673000063747168
1461	1e-23	0.0016818000003695488
1462	1e-23	0.0018272000015713274
1463	1e-23	0.0013269999762997031
1464	1e-23	0.0014308999525383115
1465	1e-23	0.0016858000308275223
1466	1e-23	0.0014298000023700297
1467	1e-23	0.0017121999990195036
1468	1e-23	0.0014421999803744256
1469	1e-23	0.001616199966520071
1470	1e-23	0.0015050999936647713
1471	1e-23	0.0015187999815680087
1472	1e-23	0.0017701000324450433
1473	1e-23	0.001263400015886873
1474	1e-23	0.0013413000269792974
1475	1e-23	0.0015889000496827066
1476	1e-23	0.0016050999984145164
1477	1e-23	0.0016477999743074179
1478	1e-23	0.0019182999967597425
1479	1e-23	0.0017931999755091965
1480	1e-23	0.0018369999597780406
1481	1e-23	0.0019088000408373773
1482	1e-23	0.0019450999679975212
1483	1e-23	0.0024369999882765114
1484	1e-23	0.001874400011729449
1485	1e-23	0.00147720001405105
1486	1e-23	0.0017833999590948224
1487	1e-23	0.0017844000249169767
1488	1e-23	0.0016009000246413052
1489	1e-23	0.0015986000071279705
1490	1e-23	0.0017356000025756657
1491	1e-23	0.0017928999732248485
1492	1e-23	0.0015462000155821443
1493	1e-23	0.00176170002669096
1494	1e-23	0.0015437999973073602
1495	1e-23	0.0017754000145941973
1496	1e-23	0.001567100000102073
1497	1e-23	0.0015665999962948263
1498	1e-23	0.0016166999703273177
1499	1e-23	0.0019380999729037285
1500	1e-23	0.001871699991170317
1501	1e-23	0.002146399987395853
1502	1e-23	0.0014230000087991357
1503	1e-23	0.0015245999675244093
1504	1e-23	0.0012115000281482935
1505	1e-23	0.0015688999556005
1506	1e-23	0.001597299997229129
1507	1e-23	0.0013789000222459435
1508	1e-23	0.0014146000030450523
1509	1e-23	0.0013228000025264919
1510	1e-23	0.0015296000055968761
1511	1e-23	0.0014798999764025211
1512	1e-23	0.0013739000423811376
1513	1e-23	0.0014044999843463302
1514	1e-23	0.0015697999624535441
1515	1e-23	0.0014311999548226595
1516	1e-23	0.0016891999985091388
1517	1e-23	0.001553800015244633
1518	1e-23	0.0023864000104367733
1519	1e-23	0.0016840000171214342
1520	1e-23	0.0016586999990977347
1521	1e-23	0.0017683999612927437
1522	1e-23	0.00159580004401505
1523	1e-23	0.0017105999868363142
1524	1e-23	0.0015089000225998461
1525	1e-23	0.0014810000429861248
1526	1e-23	0.0017612000228837132
1527	1e-23	0.0012713000178337097
1528	1e-23	0.0016660999972373247
1529	1e-23	0.001568900013808161
1530	1e-23	0.0015687999548390508
1531	1e-23	0.0015482999733649194
1532	1e-23	0.0014405000256374478
1533	1e-23	0.001809899986255914
1534	1e-23	0.0014521999983116984
1535	1e-23	0.0014413000317290425
1536	1e-23	0.0012956000282429159
1537	1e-23	0.0014530000044032931
1538	1e-23	0.0016534000169485807
1539	1e-23	0.0016795999836176634
1540	1e-23	0.0013538000057451427
1541	1e-23	0.001586899976246059
1542	1e-23	0.0017330999835394323
1543	1e-23	0.001255400013178587
1544	1e-23	0.0017855999758467078
1545	1e-23	0.0012556000147014856
1546	1e-23	0.001427199982572347
1547	1e-23	0.0021312999888323247
1548	1e-23	0.0014954000362195075
1549	1e-23	0.0017534000216983259
1550	1e-23	0.0012491000234149396
1551	1e-23	0.0015558000304736197
1552	1e-23	0.0017216000123880804
1553	1e-23	0.0013213000493124127
1554	1e-23	0.0016490999842062593
1555	1e-23	0.0017929999739862978
1556	1e-23	0.0026917000068351626
1557	1e-23	0.0015914999530650675
1558	1e-23	0.0014045999851077795
1559	1e-23	0.0014491999754682183
1560	1e-23	0.0014115999802015722
1561	1e-23	0.0020120000117458403
1562	1e-23	0.0012075999984517694
1563	1e-23	0.0012451999937184155
1564	1e-23	0.0024562000180594623
1565	1e-23	0.0018589000101201236
1566	1e-23	0.001664999988861382
1567	1e-23	0.0013875000295229256
1568	1e-23	0.0015563999768346548
1569	1e-23	0.0017590000061318278
1570	1e-23	0.0012719999649561942
1571	1e-23	0.001965500006917864
1572	1e-23	0.0016963999951258302
1573	1e-23	0.002064900007098913
1574	1e-23	0.0018002000288106501
1575	1e-23	0.0023280999739654362
1576	1e-23	0.0016692000208422542
1577	1e-23	0.0014964999863877892
1578	1e-23	0.0014666999923065305
1579	1e-23	0.001380199973937124
1580	1e-23	0.0013148999423719943
1581	1e-23	0.0016747000045143068
1582	1e-23	0.0031833999673835933
1583	1e-23	0.0026061999960802495
1584	1e-23	0.0015521000022999942
1585	1e-23	0.0012975999852642417
1586	1e-23	0.001492600014898926
1587	1e-23	0.0015624999650754035
1588	1e-23	0.0012283999822102487
1589	1e-23	0.0018419999978505075
1590	1e-23	0.001506200002040714
1591	1e-23	0.0016245999722741544
1592	1e-23	0.001945700030773878
1593	1e-23	0.001683899958152324
1594	1e-23	0.0017463999683968723
1595	1e-23	0.001836799958255142
1596	1e-23	0.0017565999878570437
1597	1e-23	0.001694300037343055
1598	1e-23	0.0011603999882936478
1599	1e-23	0.0015568999806419015
1600	1e-23	0.0013090000138618052
1601	1e-23	0.0013260000268928707
1602	1e-23	0.0014613999519497156
1603	1e-23	0.001209300011396408
1604	1e-23	0.0012027000193484128
1605	1e-23	0.0016556999762542546
1606	1e-23	0.0014464000123552978
1607	1e-23	0.002030799980275333
1608	1e-23	0.001241200021468103
1609	1e-23	0.0012922000023536384
1610	1e-23	0.001575100002810359
1611	1e-23	0.001431100012268871
1612	1e-23	0.0013657999807037413
1613	1e-23	0.001728300005197525
1614	1e-23	0.001719699997920543
1615	1e-23	0.0013340000296011567
1616	1e-23	0.0018625999800860882
1617	1e-23	0.0017178999842144549
1618	1e-23	0.0013460000045597553
1619	1e-23	0.0015022000297904015
1620	1e-23	0.001575700007379055
1621	1e-23	0.0017373000155203044
1622	1e-23	0.0015463000163435936
1623	1e-23	0.0013969999854452908
1624	1e-23	0.0017332000425085425
1625	1e-23	0.0016093000303953886
1626	1e-23	0.0023637000122107565
1627	1e-23	0.001491700008045882
1628	1e-23	0.001597900001797825
1629	1e-23	0.0013060999917797744
1630	1e-23	0.0013886000378988683
1631	1e-23	0.0012368999887257814
1632	1e-23	0.0012828000471927226
1633	1e-23	0.0016422999906353652
1634	1e-23	0.0015795000363141298
1635	1e-23	0.0013453999999910593
1636	1e-23	0.0016441000043414533
1637	1e-23	0.0018911000224761665
1638	1e-23	0.002333400014322251
1639	1e-23	0.0015235000173561275
1640	1e-23	0.0022380000445991755
1641	1e-23	0.001692200021352619
1642	1e-23	0.0018000999698415399
1643	1e-23	0.0018521000165492296
1644	1e-23	0.0016158000216819346
1645	1e-23	0.0016734999953769147
1646	1e-23	0.0018428000039421022
1647	1e-23	0.0015237999614328146
1648	1e-23	0.0017723999917507172
1649	1e-23	0.0013905999949201941
1650	1e-23	0.002085499989334494
1651	1e-23	0.0014888999867253006
1652	1e-23	0.0013310000067576766
1653	1e-23	0.00149639998562634
1654	1e-23	0.0021572000114247203
1655	1e-23	0.0032427000114694238
1656	1e-23	0.0015029000351205468
1657	1e-23	0.0013116999762132764
1658	1e-23	0.0022868000087328255
1659	1e-23	0.0024966999772004783
1660	1e-23	0.0018739000079222023
1661	1e-23	0.0013493000296875834
1662	1e-23	0.0013535000034607947
1663	1e-23	0.0018013000371865928
1664	1e-23	0.0014139999984763563
1665	1e-23	0.001901899988297373
1666	1e-23	0.0016518000047653913
1667	1e-23	0.0017018999787978828
1668	1e-23	0.0015112999826669693
1669	1e-23	0.0012518999865278602
1670	1e-23	0.0016386000206694007
1671	1e-23	0.0015259999781847
1672	1e-23	0.001538399956189096
1673	1e-23	0.0015286999987438321
1674	1e-23	0.0015752000035718083
1675	1e-23	0.0017874999903142452
1676	1e-23	0.0014870999730192125
1677	1e-23	0.0016479999758303165
1678	1e-23	0.0018307000282220542
1679	1e-23	0.0015810999902896583
1680	1e-23	0.0019236999796703458
1681	1e-23	0.0015959999873302877
1682	1e-23	0.0015102000324986875
1683	1e-23	0.0023446999839507043
1684	1e-23	0.001566499995533377
1685	1e-23	0.0017374000162817538
1686	1e-23	0.0017982000135816634
1687	1e-23	0.0015551000251434743
1688	1e-23	0.0013304000021889806
1689	1e-23	0.0014629000215791166
1690	1e-23	0.002188500016927719
1691	1e-23	0.002036200021393597
1692	1e-23	0.0016851999680511653
1693	1e-23	0.0013186000287532806
1694	1e-23	0.0015030999784357846
1695	1e-23	0.0014194000395946205
1696	1e-23	0.001358299981802702
1697	1e-23	0.0020102999988012016
1698	1e-23	0.001582199998665601
1699	1e-23	0.0017031999886967242
1700	1e-23	0.0015264000394381583
1701	1e-23	0.0013621999532915652
1702	1e-23	0.0018352000042796135
1703	1e-23	0.001629200007300824
1704	1e-23	0.0013868000241927803
1705	1e-23	0.0015350999892689288
1706	1e-23	0.0014377000043168664
1707	1e-23	0.00184449995867908
1708	1e-23	0.0015015999670140445
1709	1e-23	0.0029681000160053372
1710	1e-23	0.0016559999785386026
1711	1e-23	0.0018296000198461115
1712	1e-23	0.0018256999901495874
1713	1e-23	0.0022473999997600913
1714	1e-23	0.001973200007341802
1715	1e-23	0.0015049000503495336
1716	1e-23	0.0015011000214144588
1717	1e-23	0.0019007999799214303
1718	1e-23	0.00244009995367378
1719	1e-23	0.0016960000502876937
1720	1e-23	0.001505599997472018
1721	1e-23	0.001454699959140271
1722	1e-23	0.001685100025497377
1723	1e-23	0.001470700022764504
1724	1e-23	0.0016303000156767666
1725	1e-23	0.0015736999921500683
1726	1e-23	0.0017242000321857631
1727	1e-23	0.0014647000352852046
1728	1e-23	0.00153489998774603
1729	1e-23	0.0018707000417634845
1730	1e-23	0.0022261000121943653
1731	1e-23	0.001966900017578155
1732	1e-23	0.0016122999950312078
1733	1e-23	0.0022302999859675765
1734	1e-23	0.0020967000164091587
1735	1e-23	0.0018684999668039382
1736	1e-23	0.0016258999821729958
1737	1e-23	0.0017386000254191458
1738	1e-23	0.002440399955958128
1739	1e-23	0.001861700031440705
1740	1e-23	0.0014813999878242612
1741	1e-23	0.0019295999663881958
1742	1e-23	0.0016410999814979732
1743	1e-23	0.0016076999600045383
1744	1e-23	0.0014822999946773052
1745	1e-23	0.0015150000108405948
1746	1e-23	0.0016311000217683613
1747	1e-23	0.001720900007057935
1748	1e-23	0.001509399968199432
1749	1e-23	0.0013222999987192452
1750	1e-23	0.0018112000543624163
1751	1e-23	0.0016508999979123473
1752	1e-23	0.0014754000003449619
1753	1e-23	0.002618200029246509
1754	1e-23	0.0014808999840170145
1755	1e-23	0.001736600010190159
1756	1e-23	0.0028695999644696712
1757	1e-23	0.0023630999494343996
1758	1e-23	0.0015901000006124377
1759	1e-23	0.001559099997393787
1760	1e-23	0.001846899976953864
1761	1e-23	0.0015852000215090811
1762	1e-23	0.0018031999934464693
1763	1e-23	0.001568600011523813
1764	1e-23	0.001644000003580004
1765	1e-23	0.0013712000218220055
1766	1e-23	0.0018155000288970768
1767	1e-23	0.0024701000074855983
1768	1e-23	0.0016343999886885285
1769	1e-23	0.0015367000014521182
1770	1e-23	0.0017831000150181353
1771	1e-23	0.0016552000306546688
1772	1e-23	0.0014700000174343586
1773	1e-23	0.0014750999980606139
1774	1e-23	0.001456800033338368
1775	1e-23	0.0021230000420473516
1776	1e-23	0.0017533000209368765
1777	1e-23	0.0015631000278517604
1778	1e-23	0.0016060000052675605
1779	1e-23	0.0016049999976530671
1780	1e-23	0.0014518999960273504
1781	1e-23	0.0018813000060617924
1782	1e-23	0.0015571999829262495
1783	1e-23	0.0019174999906681478
1784	1e-23	0.001505899999756366
1785	1e-23	0.0016836000140756369
1786	1e-23	0.002348700014408678
1787	1e-23	0.00194540002848953
1788	1e-23	0.0016142000094987452
1789	1e-23	0.0018503000028431416
1790	1e-23	0.0018147000228054821
1791	1e-23	0.0017351999995298684
1792	1e-23	0.00206100003561005
1793	1e-23	0.0017750999541021883
1794	1e-23	0.0017155000241473317
1795	1e-23	0.0018156999722123146
1796	1e-23	0.001755200035404414
1797	1e-23	0.0015024000313133001
1798	1e-23	0.001907799975015223
1799	1e-23	0.0018962000031024218
1800	1e-23	0.001867900020442903
1801	1e-23	0.0018704999820329249
1802	1e-23	0.001960500027053058
1803	1e-23	0.001693999976851046
1804	1e-23	0.0018057000124827027
1805	1e-23	0.002014299971051514
1806	1e-23	0.0016781999729573727
1807	1e-23	0.002161299984436482
1808	1e-23	0.00147720001405105
1809	1e-23	0.0017793999868445098
1810	1e-23	0.0019874999998137355
1811	1e-23	0.0018180999904870987
1812	1e-23	0.0018465000321157277
1813	1e-23	0.0016453000134788454
1814	1e-23	0.0019862999906763434
1815	1e-23	0.0015436999965459108
1816	1e-23	0.002127800020389259
1817	1e-23	0.0016536000184714794
1818	1e-23	0.0016128999995999038
1819	1e-23	0.0019999000360257924
1820	1e-23	0.001510899979621172
1821	1e-23	0.0017660000012256205
1822	1e-23	0.0014338999753817916
1823	1e-23	0.001585999969393015
1824	1e-23	0.0015591999981552362
1825	1e-23	0.001660600013565272
1826	1e-23	0.0015350999892689288
1827	1e-23	0.0018795999931171536
1828	1e-23	0.001858100004028529
1829	1e-23	0.0014441999956034124
1830	1e-23	0.001399400003720075
1831	1e-23	0.0016565999831072986
1832	1e-23	0.0018570999964140356
1833	1e-23	0.001755199977196753
1834	1e-23	0.0017393000307492912
1835	1e-23	0.0014445999986492097
1836	1e-23	0.0018227000255137682
1837	1e-23	0.002098599972669035
1838	1e-23	0.0014797000330872834
1839	1e-23	0.0014657999854534864
1840	1e-23	0.0015847999602556229
1841	1e-23	0.0015193999861367047
1842	1e-23	0.0015940999728627503
1843	1e-23	0.0015675000031478703
1844	1e-23	0.0014326999662443995
1845	1e-23	0.002081399958115071
1846	1e-23	0.002070399990770966
1847	1e-23	0.0019464000361040235
1848	1e-23	0.0017525999573990703
1849	1e-23	0.0020960000110790133
1850	1e-23	0.0018070000223815441
1851	1e-23	0.002524400013498962
1852	1e-23	0.0018638999899849296
1853	1e-23	0.0020590999629348516
1854	1e-23	0.002005100017413497
1855	1e-23	0.0013200999819673598
1856	1e-23	0.0013280000421218574
1857	1e-23	0.001312199980020523
1858	1e-23	0.0018220999627374113
1859	1e-23	0.0013259999686852098
1860	1e-23	0.0015054999967105687
1861	1e-23	0.0013516999897547066
1862	1e-23	0.002733199973590672
1863	1e-23	0.0020583999576047063
1864	1e-23	0.0018254000460729003
1865	1e-23	0.0017259999876841903
1866	1e-23	0.0014196999836713076
1867	1e-23	0.001821399957407266
1868	1e-23	0.0014939999673515558
1869	1e-23	0.0014589999918825924
1870	1e-23	0.002534200029913336
1871	1e-23	0.001500600017607212
1872	1e-23	0.001850400003604591
1873	1e-23	0.0015922000166028738
1874	1e-23	0.0018307000282220542
1875	1e-23	0.0015415999805554748
1876	1e-23	0.0015608000103384256
1877	1e-23	0.001465099980123341
1878	1e-23	0.0015598000027239323
1879	1e-23	0.0015604000072926283
1880	1e-23	0.0017854999750852585
1881	1e-23	0.0016021999763324857
1882	1e-23	0.0018446000176481903
1883	1e-23	0.003682199981994927
1884	1e-23	0.0013665000442415476
1885	1e-23	0.0016999999643303454
1886	1e-23	0.0034031999530270696
1887	1e-23	0.0017090000328607857
1888	1e-23	0.0016300000133924186
1889	1e-23	0.001540200028102845
1890	1e-23	0.0015962999896146357
1891	1e-23	0.0013152000028640032
1892	1e-23	0.001726499991491437
1893	1e-23	0.0014806000399403274
1894	1e-23	0.0012938999570906162
1895	1e-23	0.0014998000115156174
1896	1e-23	0.0016679000109434128
1897	1e-23	0.002068100031465292
1898	1e-23	0.0015086999628692865
1899	1e-23	0.0019143999670632184
1900	1e-23	0.0016726000467315316
1901	1e-23	0.0016319999704137444
1902	1e-23	0.0016834999551065266
1903	1e-23	0.0015479999710805714
1904	1e-23	0.0016142999520525336
1905	1e-23	0.001851000008173287
1906	1e-23	0.001539000018965453
1907	1e-23	0.0018562999903224409
1908	1e-23	0.0012061999877914786
1909	1e-23	0.0013242000131867826
1910	1e-23	0.001978799991775304
1911	1e-23	0.0018330999882891774
1912	1e-23	0.0014525000005960464
1913	1e-23	0.001555600028950721
1914	1e-23	0.001698700012639165
1915	1e-23	0.0019321999861858785
1916	1e-23	0.001860800024587661
1917	1e-23	0.0015014999662525952
1918	1e-23	0.0018642000504769385
1919	1e-23	0.0018446000176481903
1920	1e-23	0.0016339999856427312
1921	1e-23	0.002179900009650737
1922	1e-23	0.001888600003439933
1923	1e-23	0.0014414999750442803
1924	1e-23	0.0014164999593049288
1925	1e-23	0.0014748999965377152
1926	1e-23	0.0017331000417470932
1927	1e-23	0.0017074000206775963
1928	1e-23	0.0015363999991677701
1929	1e-23	0.0014816999901086092
1930	1e-23	0.0015239999629557133
1931	1e-23	0.0017709999810904264
1932	1e-23	0.0034466999932192266
1933	1e-23	0.003392699989490211
1934	1e-23	0.001670599973294884
1935	1e-23	0.001479000027757138
1936	1e-23	0.001677999971434474
1937	1e-23	0.0015507000498473644
1938	1e-23	0.001319899980444461
1939	1e-23	0.001721500011626631
1940	1e-23	0.0014801000361330807
1941	1e-23	0.0025026999646797776
1942	1e-23	0.0015106000355444849
1943	1e-23	0.0015666999970562756
1944	1e-23	0.0015073000104166567
1945	1e-23	0.0015569000388495624
1946	1e-23	0.0017005999688990414
1947	1e-23	0.001637500012293458
1948	1e-23	0.001959800021722913
1949	1e-23	0.0016583999968133867
1950	1e-23	0.001410700031556189
1951	1e-23	0.0017065000138245523
1952	1e-23	0.0014398000203073025
1953	1e-23	0.0015100000309757888
1954	1e-23	0.0015696000191383064
1955	1e-23	0.001367199991364032
1956	1e-23	0.0026044000405818224
1957	1e-23	0.001811399997677654
1958	1e-23	0.0019253999926149845
1959	1e-23	0.0016367000062018633
1960	1e-23	0.0022664000280201435
1961	1e-23	0.0016623999690636992
1962	1e-23	0.002675300056580454
1963	1e-23	0.003688099968712777
1964	1e-23	0.00148460001219064
1965	1e-23	0.0017278000013902783
1966	1e-23	0.0015842999564483762
1967	1e-23	0.0015691999578848481
1968	1e-23	0.0015583999920636415
1969	1e-23	0.0016029999824240804
1970	1e-23	0.0017441000090911984
1971	1e-23	0.0017027999856509268
1972	1e-23	0.0014238999574445188
1973	1e-23	0.0019343000021763146
1974	1e-23	0.0018297000206075609
1975	1e-23	0.001763499982189387
1976	1e-23	0.001817600044887513
1977	1e-23	0.0017571999924257398
1978	1e-23	0.002123399986885488
1979	1e-23	0.0018320000381208956
1980	1e-23	0.001588999992236495
1981	1e-23	0.0021163999917916954
1982	1e-23	0.0021646000095643103
1983	1e-23	0.0019274000078439713
1984	1e-23	0.0022211999748833477
1985	1e-23	0.003185699984896928
1986	1e-23	0.0032455999753437936
1987	1e-23	0.0021283000241965055
1988	1e-23	0.002604899986181408
1989	1e-23	0.0017257000436075032
1990	1e-23	0.0016075000166893005
1991	1e-23	0.0014869999722577631
1992	1e-23	0.0015810999902896583
1993	1e-23	0.0012885000323876739
1994	1e-23	0.0012442999868653715
1995	1e-23	0.0014313000137917697
1996	1e-23	0.001393499958794564
1997	1e-23	0.0015383000136353076
1998	1e-23	0.0019191000028513372
1999	1e-23	0.0012735999771393836
2000	1e-23	0.0014492000336758792
2001	1e-23	0.001426599978003651
2002	1e-23	0.0016390999662689865
2003	1e-23	0.0015218000044114888
2004	1e-23	0.0016725999885238707
2005	1e-23	0.0018045000033453107
2006	1e-23	0.0020355000160634518
2007	1e-23	0.0017651999951340258
2008	1e-23	0.0022740999702364206
2009	1e-23	0.003146400034893304
2010	1e-23	0.0016069000121206045
2011	1e-23	0.0017393999733030796
2012	1e-23	0.0014862000243738294
2013	1e-23	0.001670299971010536
2014	1e-23	0.001755199977196753
2015	1e-23	0.001631900027859956
2016	1e-23	0.0017231999663636088
2017	1e-23	0.0017863999819383025
2018	1e-23	0.001989700016565621
2019	1e-23	0.001534299983177334
2020	1e-23	0.001424600020982325
2021	1e-23	0.0016466000233776867
2022	1e-23	0.0015633999719284475
2023	1e-23	0.0021346999565139413
2024	1e-23	0.0014493000344373286
2025	1e-23	0.0017142000142484903
2026	1e-23	0.0016640000394545496
2027	1e-23	0.001346200006082654
2028	1e-23	0.001324000011663884
2029	1e-23	0.0017516000079922378
2030	1e-23	0.001327000034507364
2031	1e-23	0.0019218000234104693
2032	1e-23	0.001885599980596453
2033	1e-23	0.0014549000188708305
2034	1e-23	0.0016447000089101493
2035	1e-23	0.0015350999892689288
2036	1e-23	0.0015284999972209334
2037	1e-23	0.0015430999919772148
2038	1e-23	0.0015903000021353364
2039	1e-23	0.0017806999967433512
2040	1e-23	0.0014058999950066209
2041	1e-23	0.002048900001682341
2042	1e-23	0.0014835000038146973
2043	1e-23	0.0014158999547362328
2044	1e-23	0.0013857000158168375
2045	1e-23	0.0014169999631121755
2046	1e-23	0.0017623999738134444
2047	1e-23	0.0019283000146970153
2048	1e-23	0.0028012999682687223
2049	1e-23	0.0038985999999567866
2050	1e-23	0.0018846000311896205
2051	1e-23	0.002419699972961098
2052	1e-23	0.0014217999996617436
2053	1e-23	0.0014227000065147877
2054	1e-23	0.001504699990618974
2055	1e-23	0.001327000034507364
2056	1e-23	0.0019264000002294779
2057	1e-23	0.001476900011766702
2058	1e-23	0.001332600018940866
2059	1e-23	0.0015152000123634934
2060	1e-23	0.0014736999874003232
2061	1e-23	0.0017141999560408294
2062	1e-23	0.001546400017105043
2063	1e-23	0.001449999981559813
2064	1e-23	0.0017738000024110079
2065	1e-23	0.0018483999883756042
2066	1e-23	0.0016073000151664019
2067	1e-23	0.0017109000473283231
2068	1e-23	0.001754899974912405
2069	1e-23	0.0017453000182285905
2070	1e-23	0.0016094999737106264
2071	1e-23	0.0015934999682940543
2072	1e-23	0.0017982000135816634
2073	1e-23	0.0022086999961175025
2074	1e-23	0.0019441999611444771
2075	1e-23	0.0016906000091694295
2076	1e-23	0.0017447000136598945
2077	1e-23	0.0012981999898329377
2078	1e-23	0.001468299946282059
2079	1e-23	0.001589299994520843
2080	1e-23	0.0018939999863505363
2081	1e-23	0.0023294000420719385
2082	1e-23	0.002660700003616512
2083	1e-23	0.004591100034303963
2084	1e-23	0.0014584999880753458
2085	1e-23	0.0021159000461921096
2086	1e-23	0.0013967999839223921
2087	1e-23	0.0019333999953232706
2088	1e-23	0.0015490999794565141
2089	1e-23	0.0014765000087209046
2090	1e-23	0.0018302000244148076
2091	1e-23	0.0015457000117748976
2092	1e-23	0.0020697000436484814
2093	1e-23	0.0015245999675244093
2094	1e-23	0.0017308999667875469
2095	1e-23	0.0015022999723441899
2096	1e-23	0.001761399966198951
2097	1e-23	0.001405100047122687
2098	1e-23	0.0016608999576419592
2099	1e-23	0.0018180999904870987
2100	1e-23	0.0045464999857358634
2101	1e-23	0.0020169999916106462
2102	1e-23	0.0018011999782174826
2103	1e-23	0.0017508000019006431
2104	1e-23	0.001493800024036318
2105	1e-23	0.0015267999842762947
2106	1e-23	0.0016923999646678567
2107	1e-23	0.0018673999584279954
2108	1e-23	0.0016979000065475702
2109	1e-23	0.002435099973808974
2110	1e-23	0.0018678000196814537
2111	1e-23	0.001968100026715547
2112	1e-23	0.0022505000233650208
2113	1e-23	0.001872599998023361
2114	1e-23	0.0015193000435829163
2115	1e-23	0.0021921999868936837
2116	1e-23	0.0017708000377751887
2117	1e-23	0.001508000015746802
2118	1e-23	0.0013438000460155308
2119	1e-23	0.0012928000069223344
2120	1e-23	0.0013895999873057008
2121	1e-23	0.0016372999525628984
2122	1e-23	0.001234699971973896
2123	1e-23	0.0013572000316344202
2124	1e-23	0.0013348999782465398
2125	1e-23	0.0014139999984763563
2126	1e-23	0.0021858999971300364
2127	1e-23	0.0014238000148907304
2128	1e-23	0.0016199999954551458
2129	1e-23	0.0015733999898657203
2130	1e-23	0.0014317999593913555
2131	1e-23	0.0016883999924175441
2132	1e-23	0.0013284999877214432
2133	1e-23	0.0016439000028185546
2134	1e-23	0.0014906999422237277
2135	1e-23	0.0015504000475630164
2136	1e-23	0.0017878999933600426
2137	1e-23	0.0014685000060126185
2138	1e-23	0.002014299971051514
2139	1e-23	0.0016354999970644712
2140	1e-23	0.0014205000479705632
2141	1e-23	0.001673599996138364
2142	1e-23	0.003511000017169863
2143	1e-23	0.003168500028550625
2144	1e-23	0.0017309999675489962
2145	1e-23	0.0015867000329308212
2146	1e-23	0.0014398000203073025
2147	1e-23	0.001482499996200204
2148	1e-23	0.0012824999867007136
2149	1e-23	0.001698400010354817
2150	1e-23	0.001622699957806617
2151	1e-23	0.0017536000232212245
2152	1e-23	0.0018554999842308462
2153	1e-23	0.0014174000243656337
2154	1e-23	0.001494100026320666
2155	1e-23	0.001719399995636195
2156	1e-23	0.0014035000349394977
2157	1e-23	0.0019233999773859978
2158	1e-23	0.0013484000228345394
2159	1e-23	0.0019380999729037285
2160	1e-23	0.0017967999447137117
2161	1e-23	0.0014260000316426158
2162	1e-23	0.0014538000104948878
2163	1e-23	0.001720000000204891
2164	1e-23	0.001456800033338368
2165	1e-23	0.0014130999916233122
2166	1e-23	0.0016181000391952693
2167	1e-23	0.0017235000268556178
2168	1e-23	0.0014278999879024923
2169	1e-23	0.0016904999502003193
2170	1e-23	0.001832999987527728
2171	1e-23	0.001596699992660433
2172	1e-23	0.0023449999862350523
2173	1e-23	0.001777399971615523
2174	1e-23	0.0017925999709405005
2175	1e-23	0.0014441999956034124
2176	1e-23	0.0018884000019170344
2177	1e-23	0.0016044999938458204
2178	1e-23	0.0019634999916888773
2179	1e-23	0.0018325999844819307
2180	1e-23	0.0018173999851569533
2181	1e-23	0.002085599990095943
2182	1e-23	0.0018801999976858497
2183	1e-23	0.0016428999952040613
2184	1e-23	0.0018955999985337257
2185	1e-23	0.0021077999845147133
2186	1e-23	0.0014052999904379249
2187	1e-23	0.0019157000351697206
2188	1e-23	0.0013731999788433313
2189	1e-23	0.0018681999645195901
2190	1e-23	0.0013630000175908208
2191	1e-23	0.001248300017323345
2192	1e-23	0.001828499953262508
2193	1e-23	0.0014684000052511692
2194	1e-23	0.0013719999697059393
2195	1e-23	0.0013575999764725566
2196	1e-23	0.0014480000245384872
2197	1e-23	0.0018102999893017113
2198	1e-23	0.0015047000488266349
2199	1e-23	0.0014649999793618917
2200	1e-23	0.0012552000116556883
2201	1e-23	0.001419799984432757
2202	1e-23	0.0017533000209368765
2203	1e-23	0.0021140999742783606
2204	1e-23	0.0015639999764971435
2205	1e-23	0.0020462999818846583
2206	1e-23	0.0023023999528959394
2207	1e-23	0.0021260999492369592
2208	1e-23	0.0014716999721713364
2209	1e-23	0.001784800027962774
2210	1e-23	0.0015010999632067978
2211	1e-23	0.0014572999789379537
2212	1e-23	0.0016519000055268407
2213	1e-23	0.0012735000345855951
2214	1e-23	0.0014940999681130052
2215	1e-23	0.0015193999861367047
2216	1e-23	0.002141699951607734
2217	1e-23	0.001631299965083599
2218	1e-23	0.0015313000185415149
2219	1e-23	0.0019329999922774732
2220	1e-23	0.0016284000012092292
2221	1e-23	0.0031682999688200653
2222	1e-23	0.0016472999705001712
2223	1e-23	0.0018310000305064023
2224	1e-23	0.0015359999961219728
2225	1e-23	0.0012746999855153263
2226	1e-23	0.001428099989425391
2227	1e-23	0.0014197000418789685
2228	1e-23	0.0012644000235013664
2229	1e-23	0.001665600051637739
2230	1e-23	0.0020777000463567674
2231	1e-23	0.001854900037869811
2232	1e-23	0.0024074999964796007
2233	1e-23	0.0016567999846301973
2234	1e-23	0.0016288000042550266
2235	1e-23	0.001875300018582493
2236	1e-23	0.0013975999900139868
2237	1e-23	0.0013277000398375094
2238	1e-23	0.0015305000124499202
2239	1e-23	0.001533400034531951
2240	1e-23	0.0015261999797075987
2241	1e-23	0.0013817999861203134
2242	1e-23	0.0015017000259831548
2243	1e-23	0.0014949999749660492
2244	1e-23	0.0018108999938704073
2245	1e-23	0.0017613000236451626
2246	1e-23	0.0017875999910756946
2247	1e-23	0.0015510999946855009
2248	1e-23	0.0018557999865151942
2249	1e-23	0.001347100012935698
2250	1e-23	0.0014013000181876123
2251	1e-23	0.0016169000300578773
2252	1e-23	0.001505899999756366
2253	1e-23	0.001878199982456863
2254	1e-23	0.0015218000044114888
2255	1e-23	0.0013448999961838126
2256	1e-23	0.001609699975233525
2257	1e-23	0.0015482999733649194
2258	1e-23	0.0022888999665156007
2259	1e-23	0.001589899999089539
2260	1e-23	0.0015384000143967569
2261	1e-23	0.0014328999677672982
2262	1e-23	0.001367799995932728
2263	1e-23	0.0016439000028185546
2264	1e-23	0.0013958000345155597
2265	1e-23	0.0012817000388167799
2266	1e-23	0.0013092000153847039
2267	1e-23	0.0013283999869599938
2268	1e-23	0.0014200000441633165
2269	1e-23	0.0018337999936193228
2270	1e-23	0.0016891999985091388
2271	1e-23	0.002275100036058575
2272	1e-23	0.0014494999777525663
2273	1e-23	0.0013339000288397074
2274	1e-23	0.0016617999644950032
2275	1e-23	0.0013674000510945916
2276	1e-23	0.0020228999783284962
2277	1e-23	0.001976100029423833
2278	1e-23	0.0022114000166766346
2279	1e-23	0.0016177999787032604
2280	1e-23	0.0016972000012174249
2281	1e-23	0.001483400003053248
2282	1e-23	0.0013057999894954264
2283	1e-23	0.0014162000152282417
2284	1e-23	0.0014976000529713929
2285	1e-23	0.0013940000208094716
2286	1e-23	0.0014169999631121755
2287	1e-23	0.0013413000269792974
2288	1e-23	0.001519499986898154
2289	1e-23	0.0017057000077329576
2290	1e-23	0.0014076000079512596
2291	1e-23	0.0012946000206284225
2292	1e-23	0.0015951000386849046
2293	1e-23	0.0013460000045597553
2294	1e-23	0.0015832000062800944
2295	1e-23	0.0013956999755464494
2296	1e-23	0.0012597999884746969
2297	1e-23	0.0017944000428542495
2298	1e-23	0.002189100021496415
2299	1e-23	0.002574399986770004
2300	1e-23	0.001570700027514249
2301	1e-23	0.0017226000200025737
2302	1e-23	0.0014850999577902257
2303	1e-23	0.001453799952287227
2304	1e-23	0.0015243000234477222
2305	1e-23	0.0014113999786786735
2306	1e-23	0.0017376000178046525
2307	1e-23	0.0016673000063747168
2308	1e-23	0.0017016999772749841
2309	1e-23	0.0015138999442569911
2310	1e-23	0.001769700029399246
2311	1e-23	0.0020223999745212495
2312	1e-23	0.0016890999977476895
2313	1e-23	0.0018653000006452203
2314	1e-23	0.001955399988219142
2315	1e-23	0.002216799999587238
2316	1e-23	0.001670899975579232
2317	1e-23	0.0015602000057697296
2318	1e-23	0.001974600018002093
2319	1e-23	0.001660300011280924
2320	1e-23	0.0013745000469498336
2321	1e-23	0.0014617000124417245
2322	1e-23	0.002576200000476092
2323	1e-23	0.0016117999912239611
2324	1e-23	0.0019786999910138547
2325	1e-23	0.0017178999842144549
2326	1e-23	0.0018862000433728099
2327	1e-23	0.0021638000034727156
2328	1e-23	0.002207399986218661
2329	1e-23	0.0018513999530114233
2330	1e-23	0.001966399955563247
2331	1e-23	0.002002099994570017
2332	1e-23	0.0016683000139892101
2333	1e-23	0.0015536000137217343
2334	1e-23	0.001215500000398606
2335	1e-23	0.002046799985691905
2336	1e-23	0.001981699955649674
2337	1e-23	0.0018966000061482191
2338	1e-23	0.0015161000192165375
2339	1e-23	0.0015755000058561563
2340	1e-23	0.0015499999863095582
2341	1e-23	0.0012561000185087323
2342	1e-23	0.0014927000156603754
2343	1e-23	0.001463600026909262
2344	1e-23	0.001319000031799078
2345	1e-23	0.0020312999840825796
2346	1e-23	0.0014526000013574958
2347	1e-23	0.001791900023818016
2348	1e-23	0.0018509000074118376
2349	1e-23	0.0019257999956607819
2350	1e-23	0.0013985999976284802
2351	1e-23	0.003329399973154068
2352	1e-23	0.0028655999922193587
2353	1e-23	0.001621800009161234
2354	1e-23	0.0014423999818973243
2355	1e-23	0.001733899989631027
2356	1e-23	0.0017537999665364623
2357	1e-23	0.0014307000092230737
2358	1e-23	0.0018945999909192324
2359	1e-23	0.001590200001373887
2360	1e-23	0.0014669999945908785
2361	1e-23	0.0017567999893799424
2362	1e-23	0.0015585999935865402
2363	1e-23	0.0018654000014066696
2364	1e-23	0.0020056000212207437
2365	1e-23	0.002367400040384382
2366	1e-23	0.0015154999564401805
2367	1e-23	0.0019362999591976404
2368	1e-23	0.001477800018619746
2369	1e-23	0.0022358999704010785
2370	1e-23	0.0014081000117585063
2371	1e-23	0.0014162000152282417
2372	1e-23	0.0024476000107824802
2373	1e-23	0.004295299993827939
2374	1e-23	0.0014027999714016914
2375	1e-23	0.0015904000028967857
2376	1e-23	0.0014506999868899584
2377	1e-23	0.00164610001957044
2378	1e-23	0.0016279999981634319
2379	1e-23	0.0016274999943561852
2380	1e-23	0.0019641999970190227
2381	1e-23	0.0014332999708130956
2382	1e-23	0.0018413999932818115
2383	1e-23	0.002257399959489703
2384	1e-23	0.0019709999905899167
2385	1e-23	0.0016675000078976154
2386	1e-23	0.0012666999828070402
2387	1e-23	0.0017108999891206622
2388	1e-23	0.001209600013680756
2389	1e-23	0.0018826000159606338
2390	1e-23	0.00180309999268502
2391	1e-23	0.003422000037971884
2392	1e-23	0.0017844000249169767
2393	1e-23	0.001966099953278899
2394	1e-23	0.0014343999791890383
2395	1e-23	0.001803699997253716
2396	1e-23	0.0013395999558269978
2397	1e-23	0.0015628000255674124
2398	1e-23	0.0014263999764807522
2399	1e-23	0.0016081000212579966
2400	1e-23	0.001908999984152615
2401	1e-23	0.001587799983099103
2402	1e-23	0.0013826999929733574
2403	1e-23	0.001735400001052767
2404	1e-23	0.0014497999800369143
2405	1e-23	0.0013546999543905258
2406	1e-23	0.001524799969047308
2407	1e-23	0.001233800023328513
2408	1e-23	0.001422800007276237
2409	1e-23	0.0017223000177182257
2410	1e-23	0.0014719999744556844
2411	1e-23	0.0019259999971836805
2412	1e-23	0.001248599961400032
2413	1e-23	0.0015004999586381018
2414	1e-23	0.001732399978209287
2415	1e-23	0.001768200017977506
2416	1e-23	0.0015401000273413956
2417	1e-23	0.0016459000180475414
2418	1e-23	0.0014956000377424061
2419	1e-23	0.001324000011663884
2420	1e-23	0.0013575999764725566
2421	1e-23	0.0015044999890960753
2422	1e-23	0.0013820999884046614
2423	1e-23	0.0012632000143639743
2424	1e-23	0.0017955999937839806
2425	1e-23	0.001269300002604723
2426	1e-23	0.001281099976040423
2427	1e-23	0.001756999990902841
2428	1e-23	0.0015569999814033508
2429	1e-23	0.0015412000357173383
2430	1e-23	0.00315869995392859
2431	1e-23	0.0026694999542087317
2432	1e-23	0.001269000000320375
2433	1e-23	0.0014845000114291906
2434	1e-23	0.001300899952184409
2435	1e-23	0.0012724999687634408
2436	1e-23	0.0016137000056914985
2437	1e-23	0.0016599000082351267
2438	1e-23	0.0011797999613918364
2439	1e-23	0.0015765000134706497
2440	1e-23	0.0012513999827206135
2441	1e-23	0.0025393000105395913
2442	1e-23	0.0034776999964378774
2443	1e-23	0.0016907000099308789
2444	1e-23	0.002069599984679371
2445	1e-23	0.0016978000057861209
2446	1e-23	0.0014193999813869596
2447	1e-23	0.0016710999771021307
2448	1e-23	0.001694299979135394
2449	1e-23	0.002191200037486851
2450	1e-23	0.001677999971434474
2451	1e-23	0.0015820999979041517
2452	1e-23	0.002014199970290065
2453	1e-23	0.0015559999737888575
2454	1e-23	0.001741299987770617
2455	1e-23	0.0014618999557569623
2456	1e-23	0.0023098000092431903
2457	1e-23	0.002263000002130866
2458	1e-23	0.002180200011935085
2459	1e-23	0.00182529998710379
2460	1e-23	0.0016531000146642327
2461	1e-23	0.0017470000311732292
2462	1e-23	0.0025877999723888934
2463	1e-23	0.001642499992158264
2464	1e-23	0.0019295000238344073
2465	1e-23	0.0017672000103630126
2466	1e-23	0.002364099957048893
2467	1e-23	0.0025947000249288976
2468	1e-23	0.001929699967149645
2469	1e-23	0.0017787999822758138
2470	1e-23	0.001749599992763251
2471	1e-23	0.0014270000392571092
2472	1e-23	0.0014492000336758792
2473	1e-23	0.0015431999927386642
2474	1e-23	0.0012327999575063586
2475	1e-23	0.001463000022340566
2476	1e-23	0.0016054000006988645
2477	1e-23	0.0016126999980770051
2478	1e-23	0.0016956999897956848
2479	1e-23	0.0016682000132277608
2480	1e-23	0.001319900038652122
2481	1e-23	0.0016545999678783119
2482	1e-23	0.0017155999667011201
2483	1e-23	0.0020337000023573637
2484	1e-23	0.0015876999823376536
2485	1e-23	0.0022579000215046108
2486	1e-23	0.004092399962246418
2487	1e-23	0.0034000000450760126
2488	1e-23	0.0015608000103384256
2489	1e-23	0.001643700001295656
2490	1e-23	0.0016699000261723995
2491	1e-23	0.0014329999685287476
2492	1e-23	0.002183999982662499
2493	1e-23	0.0020411000004969537
2494	1e-23	0.0014076000079512596
2495	1e-23	0.0018097999854944646
2496	1e-23	0.0012526000500656664
2497	1e-23	0.001596099988091737
2498	1e-23	0.0026231000083498657
2499	1e-23	0.002484500000718981
2500	1e-23	0.0018845999729819596
2501	1e-23	0.0014179999707266688
2502	1e-23	0.0012487999629229307
2503	1e-23	0.0017003999673761427
2504	1e-23	0.0015033999807201326
2505	1e-23	0.0016329000354744494
2506	1e-23	0.0013174000196158886
2507	1e-23	0.00137489999178797
2508	1e-23	0.0013251000200398266
2509	1e-23	0.001692200021352619
2510	1e-23	0.0013661000411957502
2511	1e-23	0.0013337000273168087
2512	1e-23	0.0015393999638035893
2513	1e-23	0.0017117999959737062
2514	1e-23	0.0018795999931171536
2515	1e-23	0.001478099962696433
2516	1e-23	0.0014587999903596938
2517	1e-23	0.0016137000056914985
2518	1e-23	0.001434299978427589
2519	1e-23	0.0017520000110380352
2520	1e-23	0.001656699983868748
2521	1e-23	0.0028843999607488513
2522	1e-23	0.0035173000069335103
2523	1e-23	0.0017435000045225024
2524	1e-23	0.0021677000331692398
2525	1e-23	0.001669099961873144
2526	1e-23	0.0018588000093586743
2527	1e-23	0.002266000024974346
2528	1e-23	0.0014916000072844326
2529	1e-23	0.001590500003658235
2530	1e-23	0.001644300005864352
2531	1e-23	0.0017174999811686575
2532	1e-23	0.001581899996381253
2533	1e-23	0.0013390000094659626
2534	1e-23	0.0014270000392571092
2535	1e-23	0.0013702999567613006
2536	1e-23	0.0015906000044196844
2537	1e-23	0.0015184999792836607
2538	1e-23	0.001381999987643212
2539	1e-23	0.0016201999969780445
2540	1e-23	0.0013126999838277698
2541	1e-23	0.0015045999898575246
2542	1e-23	0.001721500011626631
2543	1e-23	0.0014264000346884131
2544	1e-23	0.003202899999450892
2545	1e-23	0.0070047000190243125
2546	1e-23	0.0017325000371783972
2547	1e-23	0.0016054000006988645
2548	1e-23	0.001556800038088113
2549	1e-23	0.0012094000121578574
2550	1e-23	0.00164899998344481
2551	1e-23	0.0014345000381581485
2552	1e-23	0.001600499963387847
2553	1e-23	0.0014420000370591879
2554	1e-23	0.0017547999741509557
2555	1e-23	0.0016456999583169818
2556	1e-23	0.0014459000085480511
2557	1e-23	0.001722100016195327
2558	1e-23	0.0016122999950312078
2559	1e-23	0.0019432000117376447
2560	1e-23	0.0016172000323422253
2561	1e-23	0.0016016000299714506
2562	1e-23	0.0026141999987885356
2563	1e-23	0.003936000051908195
2564	1e-23	0.0017460000235587358
2565	1e-23	0.0016509999986737967
2566	1e-23	0.0018421999993734062
2567	1e-23	0.0015257999766618013
2568	1e-23	0.0017162999720312655
2569	1e-23	0.0015580999897792935
2570	1e-23	0.0016957999905571342
2571	1e-23	0.001386100018862635
2572	1e-23	0.001983800029847771
2573	1e-23	0.002154499990865588
2574	1e-23	0.0019194000051356852
2575	1e-23	0.001679499982856214
2576	1e-23	0.001622100011445582
2577	1e-23	0.001611199986655265
2578	1e-23	0.0015134999994188547
2579	1e-23	0.001971099991351366
2580	1e-23	0.0017883999971672893
2581	1e-23	0.001788599998690188
2582	1e-23	0.0018496999982744455
2583	1e-23	0.0020676999702118337
2584	1e-23	0.0019744999590329826
2585	1e-23	0.001774700009264052
2586	1e-23	0.0022330000065267086
2587	1e-23	0.0022695999941788614
2588	1e-23	0.0021306000417098403
2589	1e-23	0.002005399961490184
2590	1e-23	0.0025311000063084066
2591	1e-23	0.0014951000339351594
2592	1e-23	0.0015462999581359327
2593	1e-23	0.001260699995327741
2594	1e-23	0.0016684999573044479
2595	1e-23	0.002907100017182529
2596	1e-23	0.0018122000037692487
2597	1e-23	0.001417800027411431
2598	1e-23	0.002196800021920353
2599	1e-23	0.0018803999992087483
2600	1e-23	0.0016121999942697585
2601	1e-23	0.004670199996326119
2602	1e-23	0.0056653000065125525
2603	1e-23	0.001989700016565621
2604	1e-23	0.0034960999619215727
2605	1e-23	0.0030098999850451946
2606	1e-23	0.0019283000146970153
2607	1e-23	0.001341500028502196
2608	1e-23	0.0024953000247478485
2609	1e-23	0.0020788999972864985
2610	1e-23	0.0020323999924585223
2611	1e-23	0.0017016000347211957
2612	1e-23	0.0015110999811440706
2613	1e-23	0.0017032999894581735
2614	1e-23	0.0017532000201754272
2615	1e-23	0.0018065000185742974
2616	1e-23	0.0015154000138863921
2617	1e-23	0.0018381000263616443
2618	1e-23	0.0016186999855563045
2619	1e-23	0.0015897999983280897
2620	1e-23	0.0016725000459700823
2621	1e-23	0.0014471000176854432
2622	1e-23	0.0020516999647952616
2623	1e-23	0.0017368999542668462
2624	1e-23	0.002137600036803633
2625	1e-23	0.0015855000237934291
2626	1e-23	0.0013589999871328473
2627	1e-23	0.0017513000057078898
2628	1e-23	0.0014826999977231026
2629	1e-23	0.002001199987716973
2630	1e-23	0.001734799996484071
2631	1e-23	0.0019725000020116568
2632	1e-23	0.0018912999657914042
2633	1e-23	0.001497299992479384
2634	1e-23	0.0015938999713398516
2635	1e-23	0.0017263000481761992
2636	1e-23	0.001749899995047599
2637	1e-23	0.001595200039446354
2638	1e-23	0.0015298000071197748
2639	1e-23	0.0016362000023946166
2640	1e-23	0.0015388000174425542
2641	1e-23	0.001559099997393787
2642	1e-23	0.0018488999921828508
2643	1e-23	0.0020608000340871513
2644	1e-23	0.0019136000191792846
2645	1e-23	0.002230399986729026
2646	1e-23	0.0014796999748796225
2647	1e-23	0.0018579000025056303
2648	1e-23	0.002071100054308772
2649	1e-23	0.0019064999651163816
2650	1e-23	0.0015067000058479607
2651	1e-23	0.001278500014450401
2652	1e-23	0.0014668999938294291
2653	1e-23	0.001805500010959804
2654	1e-23	0.0015352999907918274
2655	1e-23	0.0016886999947018921
2656	1e-23	0.0015138000017032027
2657	1e-23	0.001892999978736043
2658	1e-23	0.0014561000280082226
2659	1e-23	0.001395600032992661
2660	1e-23	0.001568600011523813
2661	1e-23	0.0016203999985009432
2662	1e-23	0.002305499976500869
2663	1e-23	0.001782100007403642
2664	1e-23	0.0020081999828107655
2665	1e-23	0.0016994000179693103
2666	1e-23	0.0013636000221595168
2667	1e-23	0.0019122000085189939
2668	1e-23	0.001748999988194555
2669	1e-23	0.001707600022200495
2670	1e-23	0.0020525000290945172
2671	1e-23	0.0014103000285103917
2672	1e-23	0.001539900025818497
2673	1e-23	0.001564200036227703
2674	1e-23	0.0016477999743074179
2675	1e-23	0.0015338999801315367
2676	1e-23	0.0014535000082105398
2677	1e-23	0.001641899987589568
2678	1e-23	0.0015423999866470695
2679	1e-23	0.001961600035429001
2680	1e-23	0.0014676999999210238
2681	1e-23	0.0020667000208050013
2682	1e-23	0.002135799964889884
2683	1e-23	0.0019480999908410013
2684	1e-23	0.002006900031119585
2685	1e-23	0.001808699977118522
2686	1e-23	0.0015323000261560082
2687	1e-23	0.001698700012639165
2688	1e-23	0.0018349000019952655
2689	1e-23	0.001811399997677654
2690	1e-23	0.002284899994265288
2691	1e-23	0.0015242000226862729
2692	1e-23	0.0018130000098608434
2693	1e-23	0.0017410999862477183
2694	1e-23	0.0017656999989412725
2695	1e-23	0.0018065000185742974
2696	1e-23	0.0024658000329509377
2697	1e-23	0.0019113000016659498
2698	1e-23	0.002012200013268739
2699	1e-23	0.001496099983341992
2700	1e-23	0.0016955999890342355
2701	1e-23	0.001721199951134622
2702	1e-23	0.0017776999738998711
2703	1e-23	0.0016083000227808952
2704	1e-23	0.0015648999833501875
2705	1e-23	0.0015864000306464732
2706	1e-23	0.001748399983625859
2707	1e-23	0.0013715000241063535
2708	1e-23	0.0014809999847784638
2709	1e-23	0.0013897999888285995
2710	1e-23	0.0014516999945044518
2711	1e-23	0.0018070000223815441
2712	1e-23	0.001692799967713654
2713	1e-23	0.0018537999712862074
2714	1e-23	0.0020237999851815403
2715	1e-23	0.0018629999831318855
2716	1e-23	0.0015226000105030835
2717	1e-23	0.0038124999846331775
2718	1e-23	0.0038600999978370965
2719	1e-23	0.0015281999949365854
2720	1e-23	0.0022042999626137316
2721	1e-23	0.001651700004003942
2722	1e-23	0.0017479000380262733
2723	1e-23	0.0013823999906890094
2724	1e-23	0.0014953999780118465
2725	1e-23	0.0015496999840252101
2726	1e-23	0.0013433000422082841
2727	1e-23	0.0015165000222623348
2728	1e-23	0.0017166000325232744
2729	1e-23	0.0020933999912813306
2730	1e-23	0.0016932999715209007
2731	1e-23	0.0013368999934755266
2732	1e-23	0.0012617000029422343
2733	1e-23	0.001570100022945553
2734	1e-23	0.0013221999979577959
2735	1e-23	0.0016873000422492623
2736	1e-23	0.0015641999780200422
2737	1e-23	0.0021637000027112663
2738	1e-23	0.0018928000354208052
2739	1e-23	0.0014833000022917986
2740	1e-23	0.0015103000332601368
2741	1e-23	0.0016348999924957752
2742	1e-23	0.0016401000320911407
2743	1e-23	0.0013845000066794455
2744	1e-23	0.0015036999830044806
2745	1e-23	0.0016410999814979732
2746	1e-23	0.0016667000018060207
2747	1e-23	0.0014557000249624252
2748	1e-23	0.0016575000481680036
2749	1e-23	0.001795999996829778
2750	1e-23	0.0016616000211797655
2751	1e-23	0.001750199997331947
2752	1e-23	0.0018106999923475087
2753	1e-23	0.002242300019133836
2754	1e-23	0.0013360999873839319
2755	1e-23	0.0017946999869309366
2756	1e-23	0.0015734999906271696
2757	1e-23	0.001855500042438507
2758	1e-23	0.0015521000022999942
2759	1e-23	0.0016279999981634319
2760	1e-23	0.0014001000090502203
2761	1e-23	0.001582500000949949
2762	1e-23	0.001567400002386421
2763	1e-23	0.0014375000027939677
2764	1e-23	0.0017034999909810722
2765	1e-23	0.0014198999851942062
2766	1e-23	0.001315399946179241
2767	1e-23	0.0013173000188544393
2768	1e-23	0.0014899000525474548
2769	1e-23	0.0013032000279054046
2770	1e-23	0.001194800017401576
2771	1e-23	0.0013641000259667635
2772	1e-23	0.0013584999833256006
2773	1e-23	0.0015561000327579677
2774	1e-23	0.001200400001835078
2775	1e-23	0.0015907000051811337
2776	1e-23	0.0016146000125445426
2777	1e-23	0.001310700026806444
2778	1e-23	0.0013738000416196883
2779	1e-23	0.0012442999868653715
2780	1e-23	0.0015636999742127955
2781	1e-23	0.0023288000375032425
2782	1e-23	0.0018628999823704362
2783	1e-23	0.0019432000117376447
2784	1e-23	0.0018523000180721283
2785	1e-23	0.0027952000382356346
2786	1e-23	0.003088400000706315
2787	1e-23	0.0014464999549090862
2788	1e-23	0.0013030999689362943
2789	1e-23	0.0013615000061690807
2790	1e-23	0.0012919000000692904
2791	1e-23	0.0013631999609060585
2792	1e-23	0.0014933000202290714
2793	1e-23	0.0015817999956198037
2794	1e-23	0.0015897999983280897
2795	1e-23	0.0014409000286832452
2796	1e-23	0.0014999000122770667
2797	1e-23	0.001589299994520843
2798	1e-23	0.0015492999809794128
2799	1e-23	0.0014918000088073313
2800	1e-23	0.0014144000015221536
2801	1e-23	0.0012207000399939716
2802	1e-23	0.0014900999958626926
2803	1e-23	0.0015687000122852623
2804	1e-23	0.0016576999914832413
2805	1e-23	0.0018888000049628317
2806	1e-23	0.0019271000055596232
2807	1e-23	0.0018095000414177775
2808	1e-23	0.0018136999569833279
2809	1e-23	0.002029600029345602
2810	1e-23	0.001915799977723509
2811	1e-23	0.0020493000047281384
2812	1e-23	0.0019466000376269221
2813	1e-23	0.0016974000027403235
2814	1e-23	0.002355500007979572
2815	1e-23	0.001900699979159981
2816	1e-23	0.0019128000130876899
2817	1e-23	0.0024726000265218318
2818	1e-23	0.0026871999725699425
2819	1e-23	0.00158840004587546
2820	1e-23	0.001636000000871718
2821	1e-23	0.001413599995430559
2822	1e-23	0.0018072000239044428
2823	1e-23	0.0015720999799668789
2824	1e-23	0.001637799956370145
2825	1e-23	0.001331100007519126
2826	1e-23	0.001415100006852299
2827	1e-23	0.002184400043915957
2828	1e-23	0.0015507999924011528
2829	1e-23	0.0018896999536082149
2830	1e-23	0.001443199987988919
2831	1e-23	0.0016921000205911696
2832	1e-23	0.0016883999924175441
2833	1e-23	0.0014937000232748687
2834	1e-23	0.0019526000251062214
2835	1e-23	0.0020451999735087156
2836	1e-23	0.002499299996998161
2837	1e-23	0.001821699959691614
2838	1e-23	0.001820000004954636
2839	1e-23	0.0021342000109143555
2840	1e-23	0.0019279999542050064
2841	1e-23	0.0018396000377833843
2842	1e-23	0.002105399966239929
2843	1e-23	0.002215899992734194
2844	1e-23	0.001825000043027103
2845	1e-23	0.001991500030271709
2846	1e-23	0.0016758000128902495
2847	1e-23	0.0018334999913349748
2848	1e-23	0.0015421999851241708
2849	1e-23	0.0021115000126883388
2850	1e-23	0.0017511000041849911
2851	1e-23	0.002095899952109903
2852	1e-23	0.001763499982189387
2853	1e-23	0.00194240000564605
2854	1e-23	0.0015431999927386642
2855	1e-23	0.0017000000225380063
2856	1e-23	0.001374599989503622
2857	1e-23	0.0012681999942287803
2858	1e-23	0.0015104999765753746
2859	1e-23	0.001421299995854497
2860	1e-23	0.0014399999636225402
2861	1e-23	0.001582800003234297
2862	1e-23	0.00124739995226264
2863	1e-23	0.0014879999798722565
2864	1e-23	0.0016268999897874892
2865	1e-23	0.00146390002919361
2866	1e-23	0.0015384000143967569
2867	1e-23	0.001975600025616586
2868	1e-23	0.0028019999735988677
2869	1e-23	0.0020228999783284962
2870	1e-23	0.002461099997162819
2871	1e-23	0.0024597999872639775
2872	1e-23	0.0019023999921046197
2873	1e-23	0.0018477000412531197
2874	1e-23	0.001839499978814274
2875	1e-23	0.001722100016195327
2876	1e-23	0.0017673000111244619
2877	1e-23	0.0016790999798104167
2878	1e-23	0.002281300025060773
2879	1e-23	0.0018109999946318567
2880	1e-23	0.0017396999755874276
2881	1e-23	0.0014398000203073025
2882	1e-23	0.002041500003542751
2883	1e-23	0.0020800000056624413
2884	1e-23	0.0016639999812468886
2885	1e-23	0.0016439000028185546
2886	1e-23	0.001685400027781725
2887	1e-23	0.001533700036816299
2888	1e-23	0.001626300043426454
2889	1e-23	0.0018918000278063118
2890	1e-23	0.0015537000144831836
2891	1e-23	0.0015774999628774822
2892	1e-23	0.0020774000440724194
2893	1e-23	0.0013487999676726758
2894	1e-23	0.0014196999836713076
2895	1e-23	0.001741300045978278
2896	1e-23	0.0014190000365488231
2897	1e-23	0.0014755000011064112
2898	1e-23	0.0013781000161543489
2899	1e-23	0.0014694000128656626
2900	1e-23	0.0018657000036910176
2901	1e-23	0.0016512000001966953
2902	1e-23	0.001477800018619746
2903	1e-23	0.0016428999952040613
2904	1e-23	0.0016997999628074467
2905	1e-23	0.0016036999877542257
2906	1e-23	0.0016663999995216727
2907	1e-23	0.001749599992763251
2908	1e-23	0.0016912000137381256
2909	1e-23	0.0023116000229492784
2910	1e-23	0.001980300003197044
2911	1e-23	0.0018695999751798809
2912	1e-23	0.0018715999904088676
2913	1e-23	0.001973699952941388
2914	1e-23	0.0021513000247068703
2915	1e-23	0.0020589999621734023
2916	1e-23	0.00239719997625798
2917	1e-23	0.002693300019018352
2918	1e-23	0.0015949999797157943
2919	1e-23	0.001721500011626631
2920	1e-23	0.0018864000448957086
2921	1e-23	0.0015772999613545835
2922	1e-23	0.0018106000497937202
2923	1e-23	0.0017348999972455204
2924	1e-23	0.0022493000142276287
2925	1e-23	0.0019332999945618212
2926	1e-23	0.0018016999820247293
2927	1e-23	0.001720300002489239
2928	1e-23	0.0018228000262752175
2929	1e-23	0.001355100015643984
2930	1e-23	0.0015859000268392265
2931	1e-23	0.0016131000011228025
2932	1e-23	0.0014204999897629023
2933	1e-23	0.001789199945051223
2934	1e-23	0.0015361999976448715
2935	1e-23	0.0013487999676726758
2936	1e-23	0.002210300008300692
2937	1e-23	0.0019348000059835613
2938	1e-23	0.0017005999688990414
2939	1e-23	0.0018638999899849296
2940	1e-23	0.0017370999557897449
2941	1e-23	0.001430500007700175
2942	1e-23	0.002035600016824901
2943	1e-23	0.0014087000163272023
2944	1e-23	0.0014926999574527144
2945	1e-23	0.0021484000026248395
2946	1e-23	0.0016071999561972916
2947	1e-23	0.0020286000217311084
2948	1e-23	0.0016323999734595418
2949	1e-23	0.0017567999893799424
2950	1e-23	0.0016911999555304646
2951	1e-23	0.0034642000100575387
2952	1e-23	0.001721500011626631
2953	1e-23	0.0017819000058807433
2954	1e-23	0.0013448999961838126
2955	1e-23	0.0014304000069387257
2956	1e-23	0.0014818999916315079
2957	1e-23	0.0013484999653883278
2958	1e-23	0.001515100011602044
2959	1e-23	0.0017565000453032553
2960	1e-23	0.0015484000323340297
2961	1e-23	0.0030057000112719834
2962	1e-23	0.002177499991375953
2963	1e-23	0.0018766999710351229
2964	1e-23	0.0016126999980770051
2965	1e-23	0.0017095999792218208
2966	1e-23	0.0016870999825187027
2967	1e-23	0.002304999972693622
2968	1e-23	0.001925000047776848
2969	1e-23	0.0019192000036127865
2970	1e-23	0.001748100039549172
2971	1e-23	0.0020167999900877476
2972	1e-23	0.0012217999901622534
2973	1e-23	0.0024944000178948045
2974	1e-23	0.0016434999997727573
2975	1e-23	0.0021243999944999814
2976	1e-23	0.0016442000051029027
2977	1e-23	0.001650199992582202
2978	1e-23	0.002467299986165017
2979	1e-23	0.0017038999940268695
2980	1e-23	0.0022509999689646065
2981	1e-23	0.002173999964725226
2982	1e-23	0.001957500004209578
2983	1e-23	0.002493700012564659
2984	1e-23	0.0018164000357501209
2985	1e-23	0.0016005999641492963
2986	1e-23	0.0016494999872520566
2987	1e-23	0.0015943999751470983
2988	1e-23	0.0018286999547854066
2989	1e-23	0.0013692999491468072
2990	1e-23	0.0016685000155121088
2991	1e-23	0.0015552000259049237
2992	1e-23	0.003248099994380027
2993	1e-23	0.0016861000331118703
2994	1e-23	0.0018201000057160854
2995	1e-23	0.002061300037894398
2996	1e-23	0.002480399969499558
2997	1e-23	0.0019720999989658594
2998	1e-23	0.0018100999877788126
2999	1e-23	0.0016030999831855297
3000	1e-23	0.002197100024204701
