epoch	total	seconds
1	1e-23	0.18333969998639077
2	1e-23	0.002172500011511147
3	1e-23	0.0015756000066176057
4	1e-23	0.001386100018862635
5	1e-23	0.0013367999927140772
6	1e-23	0.0013821999891661108
7	1e-23	0.0012996000004932284
8	1e-23	0.0012824000441469252
9	1e-23	0.0016611000173725188
10	1e-23	0.0013467000098899007
11	1e-23	0.0012597999884746969
12	1e-23	0.0012607999960891902
13	1e-23	0.0011814000317826867
14	1e-23	0.0011858000070787966
15	1e-23	0.0011913999915122986
16	1e-23	0.0011557000107131898
17	1e-23	0.0011129999766126275
18	1e-23	0.0011989999911747873
19	1e-23	0.0012864999589510262
20	1e-23	0.001275499991606921
21	1e-23	0.0015641000354662538
22	1e-23	0.0013809000374749303
23	1e-23	0.0011803999659605324
24	1e-23	0.0011801999644376338
25	1e-23	0.0011657000286504626
26	1e-23	0.0011893999762833118
27	1e-23	0.0011866999557241797
28	1e-23	0.0012375999940559268
29	1e-23	0.0012169000110588968
30	1e-23	0.00120599998626858
31	1e-23	0.0013696999521926045
32	1e-23	0.0014838000060990453
33	1e-23	0.001371599966660142
34	1e-23	0.0013001000043004751
35	1e-23	0.0012865999597124755
36	1e-23	0.001302699965890497
37	1e-23	0.0015623000217601657
38	1e-23	0.0011404999531805515
39	1e-23	0.0011956999660469592
40	1e-23	0.0011233999975956976
41	1e-23	0.001152199984062463
42	1e-23	0.0012117000296711922
43	1e-23	0.0012238000053912401
44	1e-23	0.0013245000154711306
45	1e-23	0.0012332000187598169
46	1e-23	0.0010776999988593161
47	1e-23	0.001402100024279207
48	1e-23	0.0015855999663472176
49	1e-23	0.0012697000056505203
50	1e-23	0.0012723999680019915
51	1e-23	0.0012783000129275024
52	1e-23	0.0012824999867007136
53	1e-23	0.001170800009276718
54	1e-23	0.0012602999922819436
55	1e-23	0.0012879999703727663
56	1e-23	0.0012559000169858336
57	1e-23	0.0014389000134542584
58	1e-23	0.0013140999944880605
59	1e-23	0.0012039999710395932
60	1e-23	0.0011984999873675406
61	1e-23	0.001227300032041967
62	1e-23	0.0012270999723114073
63	1e-23	0.001308599952608347
64	1e-23	0.001167600043118
65	1e-23	0.0011831999872811139
66	1e-23	0.001248599961400032
67	1e-23	0.0011248000082559884
68	1e-23	0.0018693000311031938
69	1e-23	0.0012478000135160983
70	1e-23	0.0011733999708667397
71	1e-23	0.0010782000026665628
72	1e-23	0.001165799971204251
73	1e-23	0.0012111000251024961
74	1e-23	0.00103420001687482
75	1e-23	0.0012632000143639743
76	1e-23	0.0013084000092931092
77	1e-23	0.0012347999727353454
78	1e-23	0.0011558000114746392
79	1e-23	0.0012511000386439264
80	1e-23	0.0011962000280618668
81	1e-23	0.001701100030913949
82	1e-23	0.0014610999496653676
83	1e-23	0.0014919000095687807
84	1e-23	0.0011118000256828964
85	1e-23	0.0012866000179201365
86	1e-23	0.0012128999806009233
87	1e-23	0.0014551999629475176
88	1e-23	0.0014965000445954502
89	1e-23	0.0011691999970935285
90	1e-23	0.0010891000274568796
91	1e-23	0.0015082999598234892
92	1e-23	0.001450899988412857
93	1e-23	0.0012560999603010714
94	1e-23	0.0012910999939776957
95	1e-23	0.001187099958769977
96	1e-23	0.0012094000121578574
97	1e-23	0.0012571999686770141
98	1e-23	0.0013370999949984252
99	1e-23	0.0012280999799259007
100	1e-23	0.001244800048880279
101	1e-23	0.0013248000177554786
102	1e-23	0.0011996999965049326
103	1e-23	0.0015932999667711556
104	1e-23	0.0013346999767236412
105	1e-23	0.0012328000157140195
106	1e-23	0.0011698000016622245
107	1e-23	0.0013423000345937908
108	1e-23	0.0011474000057205558
109	1e-23	0.0013564000255428255
110	1e-23	0.001312499982304871
111	1e-23	0.0012271999730728567
112	1e-23	0.0010644000140018761
113	1e-23	0.0013006000081077218
114	1e-23	0.0012142000487074256
115	1e-23	0.0012874999665655196
116	1e-23	0.0013348999782465398
117	1e-23	0.0013114000321365893
118	1e-23	0.001179700018838048
119	1e-23	0.0012221999932080507
120	1e-23	0.0012224999954923987
121	1e-23	0.0011143999872729182
122	1e-23	0.0012593999854288995
123	1e-23	0.001415700011420995
124	1e-23	0.0013741999864578247
125	1e-23	0.0013624000130221248
126	1e-23	0.0016194000490941107
127	1e-23	0.001395599974785
128	1e-23	0.0012878000270575285
129	1e-23	0.0012660000356845558
130	1e-23	0.0013126000412739813
131	1e-23	0.001284099998883903
132	1e-23	0.001368700002785772
133	1e-23	0.0011771999998018146
134	1e-23	0.0012295999913476408
135	1e-23	0.0013187999720685184
136	1e-23	0.0012246000114828348
137	1e-23	0.0012345999712124467
138	1e-23	0.0014637000276707113
139	1e-23	0.0013298000558279455
140	1e-23	0.0012614000006578863
141	1e-23	0.0013061000499874353
142	1e-23	0.0011770999990403652
143	1e-23	0.0011761999921873212
144	1e-23	0.0015261000371538103
145	1e-23	0.001412999990861863
146	1e-23	0.0011484000133350492
147	1e-23	0.0012895000400021672
148	1e-23	0.0013570000301115215
149	1e-23	0.0012482000165618956
150	1e-23	0.0012236000038683414
151	1e-23	0.0013006000081077218
152	1e-23	0.0011106000165455043
153	1e-23	0.0012254000175744295
154	1e-23	0.0017583000008016825
155	1e-23	0.0015127999940887094
156	1e-23	0.0011629000073298812
157	1e-23	0.0013395000132732093
158	1e-23	0.0011965999729000032
159	1e-23	0.0011882000253535807
160	1e-23	0.0013620999525301158
161	1e-23	0.0012334000202827156
162	1e-23	0.0011956000234931707
163	1e-23	0.0013026000233367085
164	1e-23	0.0011599999852478504
165	1e-23	0.001142699969932437
166	1e-23	0.0017185000469908118
167	1e-23	0.0013083000085316598
168	1e-23	0.0014526000013574958
169	1e-23	0.001234700030181557
170	1e-23	0.001232899958267808
171	1e-23	0.0011419999646022916
172	1e-23	0.0013457000022754073
173	1e-23	0.0014589999918825924
174	1e-23	0.00108889996772632
175	1e-23	0.0012846000026911497
176	1e-23	0.0012297999928705394
177	1e-23	0.001170800009276718
178	1e-23	0.0011230000527575612
179	1e-23	0.0013583000400103629
180	1e-23	0.0012769000022672117
181	1e-23	0.0011885000276379287
182	1e-23	0.0012705999542959034
183	1e-23	0.0011625000042840838
184	1e-23	0.001157500024419278
185	1e-23	0.0013085000100545585
186	1e-23	0.0012449999921955168
187	1e-23	0.0011842999956570566
188	1e-23	0.0011989999911747873
189	1e-23	0.0012713000178337097
190	1e-23	0.0010917999898083508
191	1e-23	0.0011094000074081123
192	1e-23	0.0012724000262096524
193	1e-23	0.0011184999602846801
194	1e-23	0.0011706000077538192
195	1e-23	0.0011671000393107533
196	1e-23	0.001193000003695488
197	1e-23	0.001407100004144013
198	1e-23	0.0018380999681539834
199	1e-23	0.0014057999942451715
200	1e-23	0.001127899973653257
201	1e-23	0.0011904999846592546
202	1e-23	0.0012499000295065343
203	1e-23	0.0013446000521071255
204	1e-23	0.00122079998254776
205	1e-23	0.0013558999635279179
206	1e-23	0.0012795999646186829
207	1e-23	0.0011213000398129225
208	1e-23	0.0012875000247731805
209	1e-23	0.001276399998459965
210	1e-23	0.0012688999995589256
211	1e-23	0.0013988999999128282
212	1e-23	0.0012913999962620437
213	1e-23	0.0011231000535190105
214	1e-23	0.0011757000465877354
215	1e-23	0.0012002000003121793
216	1e-23	0.0011314000003039837
217	1e-23	0.0012524999910965562
218	1e-23	0.0011243000044487417
219	1e-23	0.001076199987437576
220	1e-23	0.0011271000257693231
221	1e-23	0.001413899997714907
222	1e-23	0.0012694000033661723
223	1e-23	0.001235299976542592
224	1e-23	0.001270500011742115
225	1e-23	0.00115720002213493
226	1e-23	0.0012214999878779054
227	1e-23	0.0011879999656230211
228	1e-23	0.0011967999744229019
229	1e-23	0.001263400015886873
230	1e-23	0.0013824999914504588
231	1e-23	0.0017711000400595367
232	1e-23	0.0012526999926194549
233	1e-23	0.0016903000068850815
234	1e-23	0.001387300028000027
235	1e-23	0.0012527999933809042
236	1e-23	0.0012453999952413142
237	1e-23	0.001401800021994859
238	1e-23	0.0013211999903433025
239	1e-23	0.0012815000372938812
240	1e-23	0.0014681000029668212
241	1e-23	0.0012999000027775764
242	1e-23	0.001387000025715679
243	1e-23	0.0014069000026211143
244	1e-23	0.0014032000326551497
245	1e-23	0.001185900007840246
246	1e-23	0.0012886000331491232
247	1e-23	0.0012593999854288995
248	1e-23	0.0022180999512784183
249	1e-23	0.0014532000059261918
250	1e-23	0.0012942000175826252
251	1e-23	0.0013197999796830118
252	1e-23	0.0011368000414222479
253	1e-23	0.0011517999810166657
254	1e-23	0.001197999983560294
255	1e-23	0.0013771000085398555
256	1e-23	0.0012242999509908259
257	1e-23	0.0012771000037901103
258	1e-23	0.0013208999880589545
259	1e-23	0.0012357999803498387
260	1e-23	0.0011271999683231115
261	1e-23	0.0012568000238388777
262	1e-23	0.0011471000034362078
263	1e-23	0.001165799971204251
264	1e-23	0.001352399995084852
265	1e-23	0.0011508000316098332
266	1e-23	0.001124400005210191
267	1e-23	0.0012943000183440745
268	1e-23	0.0016621999675408006
269	1e-23	0.0013520000502467155
270	1e-23	0.0014461000100709498
271	1e-23	0.0013053000438958406
272	1e-23	0.0012633000151254237
273	1e-23	0.0014044999843463302
274	1e-23	0.0012027000193484128
275	1e-23	0.0011088000028394163
276	1e-23	0.0012376999948173761
277	1e-23	0.001277300005313009
278	1e-23	0.0011130999773740768
279	1e-23	0.001428999996278435
280	1e-23	0.001431700016837567
281	1e-23	0.001222900056745857
282	1e-23	0.0012322000111453235
283	1e-23	0.0012017000117339194
284	1e-23	0.0012180000194348395
285	1e-23	0.0011344999657012522
286	1e-23	0.0012787999585270882
287	1e-23	0.001227300032041967
288	1e-23	0.0011192999663762748
289	1e-23	0.001222599996253848
290	1e-23	0.0013602999970316887
291	1e-23	0.0012695000041276217
292	1e-23	0.0012790000182576478
293	1e-23	0.0012005000025965273
294	1e-23	0.0011349000269547105
295	1e-23	0.0011424000258557498
296	1e-23	0.001429299998562783
297	1e-23	0.0012534999987110496
298	1e-23	0.0011408999562263489
299	1e-23	0.0015301000094041228
300	1e-23	0.0011754000443033874
301	1e-23	0.0019343000021763146
302	1e-23	0.0016380000161007047
303	1e-23	0.0012985000503249466
304	1e-23	0.001289700041525066
305	1e-23	0.001439899962861091
306	1e-23	0.0012222999939695
307	1e-23	0.0011888000299222767
308	1e-23	0.0014662999892607331
309	1e-23	0.0013144999975338578
310	1e-23	0.0014971000491641462
311	1e-23	0.0014626000192947686
312	1e-23	0.0014276999863795936
313	1e-23	0.0016906000091694295
314	1e-23	0.00153489998774603
315	1e-23	0.0014337000320665538
316	1e-23	0.001323400007095188
317	1e-23	0.0012756999931298196
318	1e-23	0.0012484000180847943
319	1e-23	0.0012805999722331762
320	1e-23	0.0012799999676644802
321	1e-23	0.0012636000174097717
322	1e-23	0.001372499973513186
323	1e-23	0.0017232000245712698
324	1e-23	0.0013750999933108687
325	1e-23	0.0014666999923065305
326	1e-23	0.001362500013783574
327	1e-23	0.0015119000454433262
328	1e-23	0.0015042999875731766
329	1e-23	0.0013067999971099198
330	1e-23	0.0014760999474674463
331	1e-23	0.0015733000473119318
332	1e-23	0.0010956000187434256
333	1e-23	0.0019138999632559717
334	1e-23	0.0017774999723769724
335	1e-23	0.0014291999978013337
336	1e-23	0.001357399974949658
337	1e-23	0.0011629000073298812
338	1e-23	0.0013110999716445804
339	1e-23	0.0014907000004313886
340	1e-23	0.0013378000003285706
341	1e-23	0.0017163000302389264
342	1e-23	0.0019061999628320336
343	1e-23	0.00162240001372993
344	1e-23	0.0015924000181257725
345	1e-23	0.001410400029271841
346	1e-23	0.0013063999940641224
347	1e-23	0.001412999990861863
348	1e-23	0.0011316000018268824
349	1e-23	0.0011082999990321696
350	1e-23	0.0013436000444926322
351	1e-23	0.001254200004041195
352	1e-23	0.0013138999929651618
353	1e-23	0.001347400015220046
354	1e-23	0.0014914999483153224
355	1e-23	0.001397400046698749
356	1e-23	0.0014406000263988972
357	1e-23	0.0012069999938830733
358	1e-23	0.001264300022739917
359	1e-23	0.0014087999588809907
360	1e-23	0.0011309999972581863
361	1e-23	0.0011760000488720834
362	1e-23	0.0013618000084534287
363	1e-23	0.001318399969022721
364	1e-23	0.0012955000274814665
365	1e-23	0.0014776000170968473
366	1e-23	0.001491700008045882
367	1e-23	0.0013840000028721988
368	1e-23	0.0014058999950066209
369	1e-23	0.0013077999465167522
370	1e-23	0.0012703999527730048
371	1e-23	0.001484000007621944
372	1e-23	0.0011555000091902912
373	1e-23	0.0012695000041276217
374	1e-23	0.0013491999707184732
375	1e-23	0.0014932999620214105
376	1e-23	0.0010855000000447035
377	1e-23	0.0015060000005178154
378	1e-23	0.0013640000252053142
379	1e-23	0.0012496999697759748
380	1e-23	0.0015859000268392265
381	1e-23	0.0013655000366270542
382	1e-23	0.0013016000157222152
383	1e-23	0.0014037999790161848
384	1e-23	0.001151899981778115
385	1e-23	0.0011571000213734806
386	1e-23	0.0013705000164918602
387	1e-23	0.0012929000076837838
388	1e-23	0.0012739000376313925
389	1e-23	0.0014755000011064112
390	1e-23	0.001259000040590763
391	1e-23	0.0012553000124171376
392	1e-23	0.0014334000297822058
393	1e-23	0.001372799975797534
394	1e-23	0.001182100037112832
395	1e-23	0.0015375000075437129
396	1e-23	0.0012852000072598457
397	1e-23	0.0012323000119067729
398	1e-23	0.0013303000014275312
399	1e-23	0.001229100045748055
400	1e-23	0.0012452999944798648
401	1e-23	0.0014248000225052238
402	1e-23	0.0012530999956652522
403	1e-23	0.0011906999861821532
404	1e-23	0.001803399994969368
405	1e-23	0.0012648999691009521
406	1e-23	0.0013103000237606466
407	1e-23	0.0013698000111617148
408	1e-23	0.0012684999965131283
409	1e-23	0.0012430999777279794
410	1e-23	0.0012972999829798937
411	1e-23	0.0015566000365652144
412	1e-23	0.0015202999929897487
413	1e-23	0.0014117000391706824
414	1e-23	0.001402099966071546
415	1e-23	0.0013080000062473118
416	1e-23	0.001732099975924939
417	1e-23	0.0014002000098116696
418	1e-23	0.0013883999781683087
419	1e-23	0.0014487000298686326
420	1e-23	0.0012354000355117023
421	1e-23	0.0015708000282756984
422	1e-23	0.0015421999851241708
423	1e-23	0.0011964000295847654
424	1e-23	0.0013451999984681606
425	1e-23	0.001453499950002879
426	1e-23	0.0014570000348612666
427	1e-23	0.0017171999788843095
428	1e-23	0.0010996999917551875
429	1e-23	0.0009679999784566462
430	1e-23	0.00155259994789958
431	1e-23	0.0014348000404424965
432	1e-23	0.001560599950607866
433	1e-23	0.0017192999948747456
434	1e-23	0.0013122999807819724
435	1e-23	0.001304799981880933
436	1e-23	0.0013541000080294907
437	1e-23	0.001103400019928813
438	1e-23	0.0010941000073216856
439	1e-23	0.0016296000103466213
440	1e-23	0.001249200024176389
441	1e-23	0.0011607999913394451
442	1e-23	0.0013792000245302916
443	1e-23	0.0017416999908164144
444	1e-23	0.001297999988310039
445	1e-23	0.001396199979353696
446	1e-23	0.0011356000322848558
447	1e-23	0.0011977999820373952
448	1e-23	0.001278800016734749
449	1e-23	0.0011893999762833118
450	1e-23	0.0011754999868571758
451	1e-23	0.0012275000335648656
452	1e-23	0.0012673000455833972
453	1e-23	0.0011759999906644225
454	1e-23	0.0016818000003695488
455	1e-23	0.001423400011844933
456	1e-23	0.0010379999876022339
457	1e-23	0.0012841999996453524
458	1e-23	0.0013585000415332615
459	1e-23	0.0012868999619968235
460	1e-23	0.0013072000001557171
461	1e-23	0.0012805999722331762
462	1e-23	0.001250099972821772
463	1e-23	0.0012772000045515597
464	1e-23	0.0013771000085398555
465	1e-23	0.0012590999831445515
466	1e-23	0.0016004000208340585
467	1e-23	0.0013791999663226306
468	1e-23	0.0012235000031068921
469	1e-23	0.0012405000161379576
470	1e-23	0.0012502999743446708
471	1e-23	0.001236500043887645
472	1e-23	0.0012454999960027635
473	1e-23	0.0012534999987110496
474	1e-23	0.0011993999942205846
475	1e-23	0.0011335999588482082
476	1e-23	0.0012274999753572047
477	1e-23	0.001457999984268099
478	1e-23	0.0012952000251971185
479	1e-23	0.0012491000234149396
480	1e-23	0.0013546999543905258
481	1e-23	0.0012103999615646899
482	1e-23	0.001734199991915375
483	1e-23	0.0013776000123471022
484	1e-23	0.0011682999902404845
485	1e-23	0.0016209000023081899
486	1e-23	0.0014213999966159463
487	1e-23	0.00474399997619912
488	1e-23	0.0017615000251680613
489	1e-23	0.0017393999733030796
490	1e-23	0.002126900013536215
491	1e-23	0.00181350001366809
492	1e-23	0.002322800050023943
493	1e-23	0.0015790999750606716
494	1e-23	0.0021457999828271568
495	1e-23	0.0030359000083990395
496	1e-23	0.0015657999902032316
497	1e-23	0.0019269000040367246
498	1e-23	0.0016184999840334058
499	1e-23	0.0018069000216200948
500	1e-23	0.001505000051110983
501	1e-23	0.00192020001122728
502	1e-23	0.0015095000271685421
503	1e-23	0.0013343000318855047
504	1e-23	0.0018011000356636941
505	1e-23	0.0015871000359766185
506	1e-23	0.0015649999841116369
507	1e-23	0.0013614000054076314
508	1e-23	0.0013846000074408948
509	1e-23	0.0013625999563373625
510	1e-23	0.0021519000292755663
511	1e-23	0.0018334999913349748
512	1e-23	0.0019274000078439713
513	1e-23	0.001481100043747574
514	1e-23	0.0014560999698005617
515	1e-23	0.0012755999923683703
516	1e-23	0.0014637000276707113
517	1e-23	0.0014455000055022538
518	1e-23	0.0013064999948255718
519	1e-23	0.0014503999846056104
520	1e-23	0.0013846000074408948
521	1e-23	0.0013064999948255718
522	1e-23	0.0015346999862231314
523	1e-23	0.001615299959667027
524	1e-23	0.0013641000259667635
525	1e-23	0.0014693999546580017
526	1e-23	0.001458899991121143
527	1e-23	0.0013547000125981867
528	1e-23	0.0014811999863013625
529	1e-23	0.0014301000046543777
530	1e-23	0.0013774000108242035
531	1e-23	0.0014375000027939677
532	1e-23	0.001520999998319894
533	1e-23	0.001506200002040714
534	1e-23	0.001480800041463226
535	1e-23	0.0013470000121742487
536	1e-23	0.0013568999711424112
537	1e-23	0.0012675000471062958
538	1e-23	0.0011252000113017857
539	1e-23	0.0013717000256292522
540	1e-23	0.0012170999543741345
541	1e-23	0.0010745999752543867
542	1e-23	0.0011950999614782631
543	1e-23	0.0014720000326633453
544	1e-23	0.0012679999927058816
545	1e-23	0.0012247000122442842
546	1e-23	0.0013368999934755266
547	1e-23	0.0013393000117503107
548	1e-23	0.0011049999739043415
549	1e-23	0.0013466000091284513
550	1e-23	0.0014193000388331711
551	1e-23	0.0013485000235959888
552	1e-23	0.0012519999872893095
553	1e-23	0.001214599993545562
554	1e-23	0.0011946999584324658
555	1e-23	0.0016596000059507787
556	1e-23	0.001284400001168251
557	1e-23	0.0012611999991349876
558	1e-23	0.0013785000192001462
559	1e-23	0.001215500000398606
560	1e-23	0.001137400045990944
561	1e-23	0.001406499999575317
562	1e-23	0.0012391000054776669
563	1e-23	0.001178499951492995
564	1e-23	0.0013005000073462725
565	1e-23	0.001331699953880161
566	1e-23	0.0012671000440604985
567	1e-23	0.001602600037585944
568	1e-23	0.0014637999702244997
569	1e-23	0.0011602999875321984
570	1e-23	0.0012580000329762697
571	1e-23	0.001305100042372942
572	1e-23	0.0011049999739043415
573	1e-23	0.0012865999597124755
574	1e-23	0.0013577999779954553
575	1e-23	0.0010876000160351396
576	1e-23	0.0011977000394836068
577	1e-23	0.0012740000383928418
578	1e-23	0.0011895999778062105
579	1e-23	0.0014117000391706824
580	1e-23	0.0012759999954141676
581	1e-23	0.001172599964775145
582	1e-23	0.0010701999999582767
583	1e-23	0.001296799979172647
584	1e-23	0.0013270999770611525
585	1e-23	0.001118200016207993
586	1e-23	0.0011252000113017857
587	1e-23	0.0013698000111617148
588	1e-23	0.0011442999821156263
589	1e-23	0.0011156999971717596
590	1e-23	0.0013818999868817627
591	1e-23	0.0014032000326551497
592	1e-23	0.0013900999911129475
593	1e-23	0.001316600013524294
594	1e-23	0.0013556000194512308
595	1e-23	0.001097499975003302
596	1e-23	0.0012391999480314553
597	1e-23	0.0013357999850995839
598	1e-23	0.0011648000217974186
599	1e-23	0.0014799999771639705
600	1e-23	0.0013427999801933765
601	1e-23	0.0011971000349149108
602	1e-23	0.0012379999971017241
603	1e-23	0.0015465999604202807
604	1e-23	0.001282899989746511
605	1e-23	0.0014945999719202518
606	1e-23	0.0011617999989539385
607	1e-23	0.0010237999958917499
608	1e-23	0.0010326000046916306
609	1e-23	0.0012363000423647463
610	1e-23	0.0011526999878697097
611	1e-23	0.0010257000103592873
612	1e-23	0.0012414000229910016
613	1e-23	0.0011855000047944486
614	1e-23	0.0018059000140056014
615	1e-23	0.0012292999890632927
616	1e-23	0.0012469000066630542
617	1e-23	0.0011766999959945679
618	1e-23	0.001354800013359636
619	1e-23	0.0016002999618649483
620	1e-23	0.0012106999638490379
621	1e-23	0.0014718000311404467
622	1e-23	0.0012784999562427402
623	1e-23	0.0012157000019215047
624	1e-23	0.0016027999809011817
625	1e-23	0.0013407999649643898
626	1e-23	0.001212799979839474
627	1e-23	0.002009199990425259
628	1e-23	0.0013925000093877316
629	1e-23	0.0013219999964348972
630	1e-23	0.001375499996356666
631	1e-23	0.0011692999978549778
632	1e-23	0.0011692999978549778
633	1e-23	0.0013810000382363796
634	1e-23	0.0012357999803498387
635	1e-23	0.0011669000377878547
636	1e-23	0.0015183000359684229
637	1e-23	0.0012969999806955457
638	1e-23	0.0013921000063419342
639	1e-23	0.0013915000017732382
640	1e-23	0.0011798999621532857
641	1e-23	0.0011206000344827771
642	1e-23	0.0015880000428296626
643	1e-23	0.0013768000062555075
644	1e-23	0.0012810000334866345
645	1e-23	0.0013750999933108687
646	1e-23	0.0012267999700270593
647	1e-23	0.0011187999625690281
648	1e-23	0.0012646999675780535
649	1e-23	0.0015199000481516123
650	1e-23	0.0013556999620050192
651	1e-23	0.0012666999828070402
652	1e-23	0.0012741000391542912
653	1e-23	0.0012302999966777861
654	1e-23	0.001256899966392666
655	1e-23	0.0012819000403396785
656	1e-23	0.0011409999569877982
657	1e-23	0.0011368999839760363
658	1e-23	0.001332899963017553
659	1e-23	0.001139200001489371
660	1e-23	0.0011215999838896096
661	1e-23	0.001281399978324771
662	1e-23	0.0015095000271685421
663	1e-23	0.0012479000142775476
664	1e-23	0.0012904999894089997
665	1e-23	0.0012524000485427678
666	1e-23	0.0011091000051237643
667	1e-23	0.0013506000395864248
668	1e-23	0.0013337000273168087
669	1e-23	0.0013144999975338578
670	1e-23	0.0013749999925494194
671	1e-23	0.0012454999960027635
672	1e-23	0.0011790000135079026
673	1e-23	0.0013020000187680125
674	1e-23	0.0017164999735541642
675	1e-23	0.001393800019286573
676	1e-23	0.0012453999952413142
677	1e-23	0.0014394000172615051
678	1e-23	0.0011919999960809946
679	1e-23	0.0012633000151254237
680	1e-23	0.0013532000011764467
681	1e-23	0.001214299991261214
682	1e-23	0.0011053999769501388
683	1e-23	0.0014875999768264592
684	1e-23	0.0012849000049754977
685	1e-23	0.0014605000033043325
686	1e-23	0.001375499996356666
687	1e-23	0.001256000017747283
688	1e-23	0.001348600024357438
689	1e-23	0.0014365999959409237
690	1e-23	0.0012205999810248613
691	1e-23	0.0012147999950684607
692	1e-23	0.0012599999899975955
693	1e-23	0.0012005000025965273
694	1e-23	0.0012175999581813812
695	1e-23	0.0012584999785758555
696	1e-23	0.0017386999679729342
697	1e-23	0.0012320999521762133
698	1e-23	0.0012049999786540866
699	1e-23	0.0012593999854288995
700	1e-23	0.001106100040487945
701	1e-23	0.0018695000326260924
702	1e-23	0.0012660000356845558
703	1e-23	0.0011628000065684319
704	1e-23	0.001080900023225695
705	1e-23	0.0011752999853342772
706	1e-23	0.00114390003727749
707	1e-23	0.0010893000289797783
708	1e-23	0.0018665000097826123
709	1e-23	0.0016191999893635511
710	1e-23	0.0016843999619595706
711	1e-23	0.0015339000383391976
712	1e-23	0.0012647999683395028
713	1e-23	0.001433699973858893
714	1e-23	0.001297699986025691
715	1e-23	0.001116400002501905
716	1e-23	0.0013314999523572624
717	1e-23	0.001416600018274039
718	1e-23	0.0015968999941833317
719	1e-23	0.0017583000008016825
720	1e-23	0.0014754000003449619
721	1e-23	0.0013919000048190355
722	1e-23	0.0015082999598234892
723	1e-23	0.0013814999838359654
724	1e-23	0.0014875999768264592
725	1e-23	0.0013991000014357269
726	1e-23	0.0013202999834902585
727	1e-23	0.0016545999678783119
728	1e-23	0.0015362999984063208
729	1e-23	0.0012866999604739249
730	1e-23	0.0014458000077866018
731	1e-23	0.0012113999691791832
732	1e-23	0.0011577000259421766
733	1e-23	0.001521300000604242
734	1e-23	0.001285000005736947
735	1e-23	0.0014403999666683376
736	1e-23	0.0013743999879807234
737	1e-23	0.00118090002797544
738	1e-23	0.0010587999713607132
739	1e-23	0.0023734999704174697
740	1e-23	0.0014276999863795936
741	1e-23	0.0013245000154711306
742	1e-23	0.0012521999888122082
743	1e-23	0.001126200018916279
744	1e-23	0.0016525000100955367
745	1e-23	0.0014341999776661396
746	1e-23	0.0012356999795883894
747	1e-23	0.0012605999945662916
748	1e-23	0.0013219999964348972
749	1e-23	0.0012562000192701817
750	1e-23	0.00196610001148656
751	1e-23	0.0014599999994970858
752	1e-23	0.0012658999767154455
753	1e-23	0.0012356999795883894
754	1e-23	0.0012692000018432736
755	1e-23	0.001247100008185953
756	1e-23	0.001218999968841672
757	1e-23	0.0013293999945744872
758	1e-23	0.0011514999787323177
759	1e-23	0.0012688999995589256
760	1e-23	0.0013327999622561038
761	1e-23	0.0014444999978877604
762	1e-23	0.0013280000421218574
763	1e-23	0.0013930000131949782
764	1e-23	0.0013417999725788832
765	1e-23	0.0012718000216409564
766	1e-23	0.0013299999991431832
767	1e-23	0.0012820999836549163
768	1e-23	0.0015309000154957175
769	1e-23	0.001394100021570921
770	1e-23	0.0011778000043705106
771	1e-23	0.0013492000289261341
772	1e-23	0.001470399962272495
773	1e-23	0.0013269999762997031
774	1e-23	0.0013555000186897814
775	1e-23	0.0014123999862931669
776	1e-23	0.0012147999950684607
777	1e-23	0.00134680001065135
778	1e-23	0.0017336999881081283
779	1e-23	0.0012280999799259007
780	1e-23	0.0013373999972827733
781	1e-23	0.001389399985782802
782	1e-23	0.0012920000008307397
783	1e-23	0.001722100016195327
784	1e-23	0.0013484999653883278
785	1e-23	0.0012379999971017241
786	1e-23	0.0016466999659314752
787	1e-23	0.0013360999873839319
788	1e-23	0.0012993999989703298
789	1e-23	0.0013654000358656049
790	1e-23	0.0013198000378906727
791	1e-23	0.0012248000130057335
792	1e-23	0.0014814999885857105
793	1e-23	0.0013727000332437456
794	1e-23	0.001508000015746802
795	1e-23	0.001445300003979355
796	1e-23	0.0013442999916151166
797	1e-23	0.0016113999881781638
798	1e-23	0.0014949000324122608
799	1e-23	0.001285000005736947
800	1e-23	0.0012414000229910016
801	1e-23	0.0013936000177636743
802	1e-23	0.0012588999816216528
803	1e-23	0.001263700018171221
804	1e-23	0.0013321000151336193
805	1e-23	0.0012166000087745488
806	1e-23	0.001492900017183274
807	1e-23	0.0013589999871328473
808	1e-23	0.0011709000100381672
809	1e-23	0.001193000003695488
810	1e-23	0.001282899989746511
811	1e-23	0.0012702999520115554
812	1e-23	0.001247699954546988
813	1e-23	0.0013424999779090285
814	1e-23	0.0012510999804362655
815	1e-23	0.001305699988733977
816	1e-23	0.0011956000234931707
817	1e-23	0.002353499992750585
818	1e-23	0.0014160999562591314
819	1e-23	0.0013734999811276793
820	1e-23	0.0013278000405989587
821	1e-23	0.0013472000136971474
822	1e-23	0.0017627000343054533
823	1e-23	0.001136799983214587
824	1e-23	0.0011294999858364463
825	1e-23	0.0014121999847702682
826	1e-23	0.001264900027308613
827	1e-23	0.0012516999850049615
828	1e-23	0.001975300023332238
829	1e-23	0.0013831999967806041
830	1e-23	0.0013265000307001173
831	1e-23	0.0013659000396728516
832	1e-23	0.0010941000073216856
833	1e-23	0.0011460999958217144
834	1e-23	0.0012262000236660242
835	1e-23	0.0011592000373639166
836	1e-23	0.0013802999746985734
837	1e-23	0.0013500000350177288
838	1e-23	0.001179699960630387
839	1e-23	0.001302099961321801
840	1e-23	0.0017612000228837132
841	1e-23	0.001448499970138073
842	1e-23	0.0013156000059098005
843	1e-23	0.0012996000004932284
844	1e-23	0.001225499960128218
845	1e-23	0.0011983999866060913
846	1e-23	0.001297400041949004
847	1e-23	0.0012374999932944775
848	1e-23	0.0012028999626636505
849	1e-23	0.0018996999715454876
850	1e-23	0.0013958000345155597
851	1e-23	0.001290900050662458
852	1e-23	0.0013634000206366181
853	1e-23	0.0009733000188134611
854	1e-23	0.0011954999645240605
855	1e-23	0.0014834999456070364
856	1e-23	0.0013429999817162752
857	1e-23	0.0011709000100381672
858	1e-23	0.0013541000080294907
859	1e-23	0.0013232000055722892
860	1e-23	0.0012238999479450285
861	1e-23	0.0014611000078730285
862	1e-23	0.0012790000182576478
863	1e-23	0.0011675999849103391
864	1e-23	0.0015528000076301396
865	1e-23	0.0013481000205501914
866	1e-23	0.0012253000168129802
867	1e-23	0.0014312000130303204
868	1e-23	0.0012125999783165753
869	1e-23	0.0012816000380553305
870	1e-23	0.0013231000048108399
871	1e-23	0.0012348000309430063
872	1e-23	0.0011516999802552164
873	1e-23	0.001483399944845587
874	1e-23	0.0015539999585598707
875	1e-23	0.0012079000007361174
876	1e-23	0.0014591999934054911
877	1e-23	0.0013469000114127994
878	1e-23	0.0012540000025182962
879	1e-23	0.0012356999795883894
880	1e-23	0.001375199994072318
881	1e-23	0.0011636000126600266
882	1e-23	0.0012133000418543816
883	1e-23	0.0014174999669194221
884	1e-23	0.0017998000257648528
885	1e-23	0.0015970999957062304
886	1e-23	0.0014557999675162137
887	1e-23	0.0014374000020325184
888	1e-23	0.0012388000031933188
889	1e-23	0.0012871000217273831
890	1e-23	0.0012938000145368278
891	1e-23	0.001240600016899407
892	1e-23	0.0011822999804280698
893	1e-23	0.0012712999596260488
894	1e-23	0.0017111999914050102
895	1e-23	0.001373699982650578
896	1e-23	0.0012691000010818243
897	1e-23	0.0013507000403478742
898	1e-23	0.0012950000236742198
899	1e-23	0.0011158999986946583
900	1e-23	0.0011745999800041318
901	1e-23	0.0012396000092849135
902	1e-23	0.0010620999964885414
903	1e-23	0.001295899972319603
904	1e-23	0.001458299986552447
905	1e-23	0.0012473000097088516
906	1e-23	0.0012617000029422343
907	1e-23	0.0017166000325232744
908	1e-23	0.0013319000136107206
909	1e-23	0.001221399987116456
910	1e-23	0.0013219999964348972
911	1e-23	0.0011938000097870827
912	1e-23	0.001199799997266382
913	1e-23	0.001442899985704571
914	1e-23	0.0013035000301897526
915	1e-23	0.0012787000159732997
916	1e-23	0.0012557999580167234
917	1e-23	0.0011116999667137861
918	1e-23	0.0011906999861821532
919	1e-23	0.0014660999877378345
920	1e-23	0.0011431999737396836
921	1e-23	0.0011757999891415238
922	1e-23	0.0011828999849967659
923	1e-23	0.0012229999992996454
924	1e-23	0.001201900013256818
925	1e-23	0.0012650999706238508
926	1e-23	0.0013234999496489763
927	1e-23	0.001128799980506301
928	1e-23	0.0010879000183194876
929	1e-23	0.0013779000146314502
930	1e-23	0.0014819999923929572
931	1e-23	0.0012450999929569662
932	1e-23	0.001445300003979355
933	1e-23	0.0013422000338323414
934	1e-23	0.0012263000244274735
935	1e-23	0.0013184999697841704
936	1e-23	0.0012900999863632023
937	1e-23	0.001264600025024265
938	1e-23	0.001636300003156066
939	1e-23	0.00154819997260347
940	1e-23	0.0013230000040493906
941	1e-23	0.0016197999939322472
942	1e-23	0.0011959999683313072
943	1e-23	0.0015759000089019537
944	1e-23	0.001414800004567951
945	1e-23	0.0012367000454105437
946	1e-23	0.0012370999902486801
947	1e-23	0.0013527999981306493
948	1e-23	0.0012678000493906438
949	1e-23	0.001406199997290969
950	1e-23	0.001368099998217076
951	1e-23	0.001185600005555898
952	1e-23	0.0012484000180847943
953	1e-23	0.0014483999693766236
954	1e-23	0.0013134999899193645
955	1e-23	0.001380200032144785
956	1e-23	0.0013497999752871692
957	1e-23	0.0012113999691791832
958	1e-23	0.001075899985153228
959	1e-23	0.0013555000186897814
960	1e-23	0.0011443999828770757
961	1e-23	0.0011844999971799552
962	1e-23	0.0012795000220648944
963	1e-23	0.0012527000508271158
964	1e-23	0.0015112999826669693
965	1e-23	0.0016449999529868364
966	1e-23	0.0012759999954141676
967	1e-23	0.0012255000183358788
968	1e-23	0.00130390003323555
969	1e-23	0.0011736999731510878
970	1e-23	0.001150099968072027
971	1e-23	0.001370999962091446
972	1e-23	0.0015295000048354268
973	1e-23	0.0013045999803580344
974	1e-23	0.0024828999885357916
975	1e-23	0.0014532000059261918
976	1e-23	0.0016500999918207526
977	1e-23	0.0013885999796912074
978	1e-23	0.00135119998594746
979	1e-23	0.0014033999759703875
980	1e-23	0.001184099994134158
981	1e-23	0.0010726000182330608
982	1e-23	0.001231699949130416
983	1e-23	0.0013303000014275312
984	1e-23	0.0011757999891415238
985	1e-23	0.001485800021328032
986	1e-23	0.0014175999676808715
987	1e-23	0.0012173000141046941
988	1e-23	0.0012018000124953687
989	1e-23	0.0013006000081077218
990	1e-23	0.0011408000136725605
991	1e-23	0.001120300032198429
992	1e-23	0.0012360000400803983
993	1e-23	0.0011621000012382865
994	1e-23	0.0011741999769583344
995	1e-23	0.0012146999943070114
996	1e-23	0.001212799979839474
997	1e-23	0.0011641000164672732
998	1e-23	0.0013108000275678933
999	1e-23	0.0014380999491550028
1000	1e-23	0.0012376000522635877
1001	1e-23	0.0011555000091902912
1002	1e-23	0.001205699983984232
1003	1e-23	0.0010653999634087086
1004	1e-23	0.0010736999684013426
1005	1e-23	0.001135299971792847
1006	1e-23	0.0012314000050537288
1007	1e-23	0.0011147999903187156
1008	1e-23	0.001202500017825514
1009	1e-23	0.0014171999646350741
1010	1e-23	0.0013515999889932573
1011	1e-23	0.001236499985679984
1012	1e-23	0.0013077000039629638
1013	1e-23	0.0011416999623179436
1014	1e-23	0.001108700002077967
1015	1e-23	0.001311299973167479
1016	1e-23	0.0012608999968506396
1017	1e-23	0.0010958000202663243
1018	1e-23	0.0012239000061526895
1019	1e-23	0.001295299967750907
1020	1e-23	0.0012074000551365316
1021	1e-23	0.0011645000195130706
1022	1e-23	0.0012580999755300581
1023	1e-23	0.0012880000285804272
1024	1e-23	0.0013043000362813473
1025	1e-23	0.0014130999916233122
1026	1e-23	0.0011878000223077834
1027	1e-23	0.001089200028218329
1028	1e-23	0.0012334000202827156
1029	1e-23	0.001137999992351979
1030	1e-23	0.0011573999654501677
1031	1e-23	0.001243000035174191
1032	1e-23	0.0012370999902486801
1033	1e-23	0.0011329000117257237
1034	1e-23	0.0010853999992832541
1035	1e-23	0.0015405999729409814
1036	1e-23	0.001379899971652776
1037	1e-23	0.0012244000099599361
1038	1e-23	0.001362200011499226
1039	1e-23	0.0012054999824613333
1040	1e-23	0.0011617999989539385
1041	1e-23	0.0012250999570824206
1042	1e-23	0.0013666999875567853
1043	1e-23	0.0013173000188544393
1044	1e-23	0.0014010000159032643
1045	1e-23	0.0012753999908454716
1046	1e-23	0.0011805000249296427
1047	1e-23	0.001242399972397834
1048	1e-23	0.0014515999937430024
1049	1e-23	0.001212799979839474
1050	1e-23	0.001240300014615059
1051	1e-23	0.001387299969792366
1052	1e-23	0.0011400000075809658
1053	1e-23	0.0011306999949738383
1054	1e-23	0.0012962999753654003
1055	1e-23	0.0011253999546170235
1056	1e-23	0.0011006999993696809
1057	1e-23	0.0013137999922037125
1058	1e-23	0.0012517000432126224
1059	1e-23	0.001437900005839765
1060	1e-23	0.0013882999774068594
1061	1e-23	0.0012835999950766563
1062	1e-23	0.0012190999696031213
1063	1e-23	0.0011762999929487705
1064	1e-23	0.0011906999861821532
1065	1e-23	0.001148299954365939
1066	1e-23	0.0011405999539420009
1067	1e-23	0.001240900019183755
1068	1e-23	0.001207199995405972
1069	1e-23	0.001099600049201399
1070	1e-23	0.0011476000072434545
1071	1e-23	0.0013565999688580632
1072	1e-23	0.0015996999572962523
1073	1e-23	0.0012727999710477889
1074	1e-23	0.0013312999508343637
1075	1e-23	0.0011249999515712261
1076	1e-23	0.0011646999628283083
1077	1e-23	0.001563000027090311
1078	1e-23	0.0010190000175498426
1079	1e-23	0.0009117000154219568
1080	1e-23	0.0011671000393107533
1081	1e-23	0.001185600005555898
1082	1e-23	0.0011557000107131898
1083	1e-23	0.001208700006827712
1084	1e-23	0.0013312000082805753
1085	1e-23	0.0012764999992214143
1086	1e-23	0.0012793999630957842
1087	1e-23	0.0013428000384010375
1088	1e-23	0.001186500012408942
1089	1e-23	0.0011586000327952206
1090	1e-23	0.0013877000310458243
1091	1e-23	0.0012530999956652522
1092	1e-23	0.0011875000200234354
1093	1e-23	0.00148460001219064
1094	1e-23	0.001193299947772175
1095	1e-23	0.001205399981699884
1096	1e-23	0.00152009999146685
1097	1e-23	0.001319300034083426
1098	1e-23	0.0011789000127464533
1099	1e-23	0.0012532999971881509
1100	1e-23	0.001314600056502968
1101	1e-23	0.0011309999972581863
1102	1e-23	0.0015950000379234552
1103	1e-23	0.0013207999872975051
1104	1e-23	0.0010817000293172896
1105	1e-23	0.0012755999923683703
1106	1e-23	0.0015266999835148454
1107	1e-23	0.0012374999932944775
1108	1e-23	0.001312499982304871
1109	1e-23	0.0012698000064119697
1110	1e-23	0.0011777000036090612
1111	1e-23	0.0011283999774605036
1112	1e-23	0.0012620000052265823
1113	1e-23	0.0011355000315234065
1114	1e-23	0.0011091000051237643
1115	1e-23	0.0012491000234149396
1116	1e-23	0.001318100024946034
1117	1e-23	0.0011996999965049326
1118	1e-23	0.0012104000197723508
1119	1e-23	0.0014986000023782253
1120	1e-23	0.0012091000098735094
1121	1e-23	0.001568000006955117
1122	1e-23	0.0013173999614082277
1123	1e-23	0.001104000024497509
1124	1e-23	0.0012052999809384346
1125	1e-23	0.0014622000162489712
1126	1e-23	0.001267199986614287
1127	1e-23	0.001541999983601272
1128	1e-23	0.0013297999976202846
1129	1e-23	0.0012344999704509974
1130	1e-23	0.0012509999796748161
1131	1e-23	0.001649599988013506
1132	1e-23	0.0011893999762833118
1133	1e-23	0.0011887000291608274
1134	1e-23	0.0013767000054940581
1135	1e-23	0.0011187999625690281
1136	1e-23	0.0011086000013165176
1137	1e-23	0.001504099986050278
1138	1e-23	0.001258100033737719
1139	1e-23	0.0011836999910883605
1140	1e-23	0.0013628000160679221
1141	1e-23	0.0011637000134214759
1142	1e-23	0.001437600003555417
1143	1e-23	0.0015060000005178154
1144	1e-23	0.0012772000045515597
1145	1e-23	0.0011746000382117927
1146	1e-23	0.0012253999593667686
1147	1e-23	0.0011229999945499003
1148	1e-23	0.0011057000374421477
1149	1e-23	0.0010762999881990254
1150	1e-23	0.0012109000235795975
1151	1e-23	0.0011617999989539385
1152	1e-23	0.0011890000314451754
1153	1e-23	0.001407400006428361
1154	1e-23	0.0012106999638490379
1155	1e-23	0.0012713000178337097
1156	1e-23	0.0013257000246085227
1157	1e-23	0.0013686000020243227
1158	1e-23	0.0011549000046215951
1159	1e-23	0.00118680001469329
1160	1e-23	0.001243599981535226
1161	1e-23	0.0011798000195994973
1162	1e-23	0.0011675999849103391
1163	1e-23	0.0013398000155575573
1164	1e-23	0.001250400033313781
1165	1e-23	0.0012486999621614814
1166	1e-23	0.0013525999966077507
1167	1e-23	0.0012503999751061201
1168	1e-23	0.0013199999812059104
1169	1e-23	0.0013398000155575573
1170	1e-23	0.0012643999652937055
1171	1e-23	0.0011731000267900527
1172	1e-23	0.0012802000273950398
1173	1e-23	0.0013287000474520028
1174	1e-23	0.0011422000243328512
1175	1e-23	0.0014518999960273504
1176	1e-23	0.0012615000014193356
1177	1e-23	0.0011408999562263489
1178	1e-23	0.0011180999572388828
1179	1e-23	0.0013266999740153551
1180	1e-23	0.0013201999827288091
1181	1e-23	0.0011517999810166657
1182	1e-23	0.001570100022945553
1183	1e-23	0.0012027000193484128
1184	1e-23	0.0011615999974310398
1185	1e-23	0.0014353999868035316
1186	1e-23	0.0011635000118985772
1187	1e-23	0.0011326000094413757
1188	1e-23	0.0018038999987766147
1189	1e-23	0.0016673000063747168
1190	1e-23	0.0012637999607250094
1191	1e-23	0.0014872000319883227
1192	1e-23	0.001401500019710511
1193	1e-23	0.0013368999934755266
1194	1e-23	0.0014438999933190644
1195	1e-23	0.0013097000191919506
1196	1e-23	0.0012189000262878835
1197	1e-23	0.001382599992211908
1198	1e-23	0.0011688999948091805
1199	1e-23	0.0013340999721549451
1200	1e-23	0.0014323000214062631
1201	1e-23	0.0012209999840706587
1202	1e-23	0.0018556999857537448
1203	1e-23	0.0012852000072598457
1204	1e-23	0.0009864000021480024
1205	1e-23	0.0008908000309020281
1206	1e-23	0.001483400003053248
1207	1e-23	0.0011912999907508492
1208	1e-23	0.0011918999953195453
1209	1e-23	0.0016024000360630453
1210	1e-23	0.0010516999755054712
1211	1e-23	0.001157500024419278
1212	1e-23	0.0011335000162944198
1213	1e-23	0.0012650999706238508
1214	1e-23	0.0013831999967806041
1215	1e-23	0.0012691000010818243
1216	1e-23	0.0014428000431507826
1217	1e-23	0.0011025999556295574
1218	1e-23	0.0010732999653555453
1219	1e-23	0.0012104999623261392
1220	1e-23	0.0011579000274650753
1221	1e-23	0.001186500012408942
1222	1e-23	0.0012330000172369182
1223	1e-23	0.001247700012754649
1224	1e-23	0.0011702999472618103
1225	1e-23	0.0011822999804280698
1226	1e-23	0.0016599000082351267
1227	1e-23	0.0012623000075109303
1228	1e-23	0.0011949999607168138
1229	1e-23	0.001392900012433529
1230	1e-23	0.0012301999959163368
1231	1e-23	0.0011537999962456524
1232	1e-23	0.001277600007597357
1233	1e-23	0.0012511999811977148
1234	1e-23	0.0011733000283129513
1235	1e-23	0.0012196000316180289
1236	1e-23	0.00122079998254776
1237	1e-23	0.0012617000029422343
1238	1e-23	0.0014485000283457339
1239	1e-23	0.001436399994418025
1240	1e-23	0.0011603999882936478
1241	1e-23	0.001631900027859956
1242	1e-23	0.0014046999858692288
1243	1e-23	0.0011705000069923699
1244	1e-23	0.0015525000053457916
1245	1e-23	0.0014566999743692577
1246	1e-23	0.0013037999742664397
1247	1e-23	0.001555299968458712
1248	1e-23	0.0017481999821029603
1249	1e-23	0.001470399962272495
1250	1e-23	0.0016339999856427312
1251	1e-23	0.0015097000286914408
1252	1e-23	0.0015122999902814627
1253	1e-23	0.0012753999908454716
1254	1e-23	0.0011320000048726797
1255	1e-23	0.0014470999594777822
1256	1e-23	0.001601699972525239
1257	1e-23	0.0011073999921791255
1258	1e-23	0.0017834000173024833
1259	1e-23	0.0015965999918989837
1260	1e-23	0.001678900036495179
1261	1e-23	0.0016077999607659876
1262	1e-23	0.0012747999862767756
1263	1e-23	0.0012400000123307109
1264	1e-23	0.0012854000087827444
1265	1e-23	0.0012657000334002078
1266	1e-23	0.0015010999632067978
1267	1e-23	0.0014254000270739198
1268	1e-23	0.0016219000099226832
1269	1e-23	0.0016530000139027834
1270	1e-23	0.001449400035198778
1271	1e-23	0.001348000019788742
1272	1e-23	0.001493200019467622
1273	1e-23	0.0013352000387385488
1274	1e-23	0.001670599973294884
1275	1e-23	0.0015588999958708882
1276	1e-23	0.0013358999858610332
1277	1e-23	0.0015669999993406236
1278	1e-23	0.00146240001777187
1279	1e-23	0.0012570000253617764
1280	1e-23	0.0013143999967724085
1281	1e-23	0.0013228000025264919
1282	1e-23	0.0012598999892361462
1283	1e-23	0.0014115999802015722
1284	1e-23	0.0013864999637007713
1285	1e-23	0.0011819999781437218
1286	1e-23	0.0012642000219784677
1287	1e-23	0.0015623999643139541
1288	1e-23	0.001283499994315207
1289	1e-23	0.0019413999980315566
1290	1e-23	0.0015284999972209334
1291	1e-23	0.0014340000343509018
1292	1e-23	0.001597299997229129
1293	1e-23	0.0012456999975256622
1294	1e-23	0.0012129999813623726
1295	1e-23	0.0014025999698787928
1296	1e-23	0.0012546000070869923
1297	1e-23	0.0011449999874457717
1298	1e-23	0.0013660999829880893
1299	1e-23	0.001243299979250878
1300	1e-23	0.0018922999734058976
1301	1e-23	0.0014516999945044518
1302	1e-23	0.0012774000060744584
1303	1e-23	0.0012320000096224248
1304	1e-23	0.0013154000043869019
1305	1e-23	0.0010924999951384962
1306	1e-23	0.0012218999909237027
1307	1e-23	0.0014888999867253006
1308	1e-23	0.001229700050316751
1309	1e-23	0.0013498999760486186
1310	1e-23	0.0014027999714016914
1311	1e-23	0.0012838999973610044
1312	1e-23	0.0015047999913804233
1313	1e-23	0.0014991999487392604
1314	1e-23	0.0013136999914422631
1315	1e-23	0.0012734999763779342
1316	1e-23	0.0013549000141210854
1317	1e-23	0.0011405999539420009
1318	1e-23	0.0012143999920226634
1319	1e-23	0.00134529999922961
1320	1e-23	0.0011553000076673925
1321	1e-23	0.001207799999974668
1322	1e-23	0.0012865000171586871
1323	1e-23	0.0011476000072434545
1324	1e-23	0.0012289999867789447
1325	1e-23	0.0012274999753572047
1326	1e-23	0.001395600032992661
1327	1e-23	0.001138899999205023
1328	1e-23	0.0013479000190272927
1329	1e-23	0.0013579000369645655
1330	1e-23	0.0011334999580867589
1331	1e-23	0.0012390000047162175
1332	1e-23	0.0013569000293500721
1333	1e-23	0.0012546000070869923
1334	1e-23	0.0011743999784812331
1335	1e-23	0.0015484000323340297
1336	1e-23	0.0013241000124253333
1337	1e-23	0.0012357000377960503
1338	1e-23	0.0013654999784193933
1339	1e-23	0.0012627000105567276
1340	1e-23	0.001167600043118
1341	1e-23	0.001255400013178587
1342	1e-23	0.0011899000382982194
1343	1e-23	0.001256300020031631
1344	1e-23	0.001284700003452599
1345	1e-23	0.0012503999751061201
1346	1e-23	0.0011479000095278025
1347	1e-23	0.001233500021044165
1348	1e-23	0.0014976999955251813
1349	1e-23	0.0012306999997235835
1350	1e-23	0.001409500022418797
1351	1e-23	0.0014134999946691096
1352	1e-23	0.001192099996842444
1353	1e-23	0.0011527000460773706
1354	1e-23	0.0012892999802716076
1355	1e-23	0.001240600016899407
1356	1e-23	0.0012728999718092382
1357	1e-23	0.0012884000316262245
1358	1e-23	0.0012096999562345445
1359	1e-23	0.0018981000175699592
1360	1e-23	0.0014162000152282417
1361	1e-23	0.001227899978403002
1362	1e-23	0.0014040999813005328
1363	1e-23	0.0013833999983035028
1364	1e-23	0.001282299985177815
1365	1e-23	0.0012585999793373048
1366	1e-23	0.0013405000208877027
1367	1e-23	0.00117790000513196
1368	1e-23	0.0011236999998800457
1369	1e-23	0.0012627000105567276
1370	1e-23	0.0018146000220440328
1371	1e-23	0.0010890000266954303
1372	1e-23	0.0013992000021971762
1373	1e-23	0.0012227999977767467
1374	1e-23	0.0012523999903351068
1375	1e-23	0.0012741999817080796
1376	1e-23	0.0012276999768801033
1377	1e-23	0.0011950000189244747
1378	1e-23	0.0012537000002339482
1379	1e-23	0.0013090999564155936
1380	1e-23	0.0011616999981924891
1381	1e-23	0.0013806999777443707
1382	1e-23	0.0013114999746903777
1383	1e-23	0.0011855000047944486
1384	1e-23	0.0011913999915122986
1385	1e-23	0.0015260999789461493
1386	1e-23	0.0014619000139646232
1387	1e-23	0.0013764000032097101
1388	1e-23	0.001603199983946979
1389	1e-23	0.0012327999575063586
1390	1e-23	0.001428699993994087
1391	1e-23	0.0014393000165000558
1392	1e-23	0.0014968000468797982
1393	1e-23	0.0014259999734349549
1394	1e-23	0.0012775000068359077
1395	1e-23	0.0011473000049591064
1396	1e-23	0.0014750999980606139
1397	1e-23	0.0012119000311940908
1398	1e-23	0.0011257000151090324
1399	1e-23	0.001296199974603951
1400	1e-23	0.00122969999210909
1401	1e-23	0.0011356000322848558
1402	1e-23	0.0012057999847456813
1403	1e-23	0.0012567000230774283
1404	1e-23	0.0012311000027693808
1405	1e-23	0.0011261000181548297
1406	1e-23	0.0013490999699570239
1407	1e-23	0.0011314000003039837
1408	1e-23	0.0011814999743364751
1409	1e-23	0.0012438999838195741
1410	1e-23	0.0013799999724142253
1411	1e-23	0.0011869000154547393
1412	1e-23	0.0010346000199206173
1413	1e-23	0.0012928000069223344
1414	1e-23	0.0011740999761968851
1415	1e-23	0.001007900049444288
1416	1e-23	0.001302999968174845
1417	1e-23	0.0014828999992460012
1418	1e-23	0.0013491000281646848
1419	1e-23	0.0015636999742127955
1420	1e-23	0.0012780999531969428
1421	1e-23	0.0012036000262014568
1422	1e-23	0.0013753999955952168
1423	1e-23	0.0012099999585188925
1424	1e-23	0.0012330000172369182
1425	1e-23	0.0013172999606467783
1426	1e-23	0.001218999968841672
1427	1e-23	0.0011869999580085278
1428	1e-23	0.0014151999494060874
1429	1e-23	0.0015024999738670886
1430	1e-23	0.0012215999886393547
1431	1e-23	0.0012356999795883894
1432	1e-23	0.0012103000190109015
1433	1e-23	0.0011847999994643033
1434	1e-23	0.0014523999998345971
1435	1e-23	0.001229999994393438
1436	1e-23	0.0011356000322848558
1437	1e-23	0.0011283000349067152
1438	1e-23	0.001262800011318177
1439	1e-23	0.0012637999607250094
1440	1e-23	0.0010894000297412276
1441	1e-23	0.0013669999898411334
1442	1e-23	0.0012106000212952495
1443	1e-23	0.0010903000365942717
1444	1e-23	0.0011264000204391778
1445	1e-23	0.0012039999710395932
1446	1e-23	0.0010303999879397452
1447	1e-23	0.0011674999841488898
1448	1e-23	0.0013403999619185925
1449	1e-23	0.0012280000373721123
1450	1e-23	0.0011320000048726797
1451	1e-23	0.001140100008342415
1452	1e-23	0.001338499947451055
1453	1e-23	0.001146299997344613
1454	1e-23	0.0010578000219538808
1455	1e-23	0.001387900032568723
1456	1e-23	0.0010374999837949872
1457	1e-23	0.001110200013499707
1458	1e-23	0.001221700047608465
1459	1e-23	0.0011912999907508492
1460	1e-23	0.0010861000046133995
1461	1e-23	0.0012181000201962888
1462	1e-23	0.0013012000126764178
1463	1e-23	0.0011360999778844416
1464	1e-23	0.0010915999882854521
1465	1e-23	0.0017858000355772674
1466	1e-23	0.0012600999907590449
1467	1e-23	0.0010115000186488032
1468	1e-23	0.0012481000158004463
1469	1e-23	0.0011726999655365944
1470	1e-23	0.0010495999595150352
1471	1e-23	0.001295599970035255
1472	1e-23	0.0013083000085316598
1473	1e-23	0.0011644999613054097
1474	1e-23	0.0013608000008389354
1475	1e-23	0.0012043000315316021
1476	1e-23	0.0010520999785512686
1477	1e-23	0.0011418999638408422
1478	1e-23	0.001408300013281405
1479	1e-23	0.0011121999705210328
1480	1e-23	0.001035400026012212
1481	1e-23	0.0009611999848857522
1482	1e-23	0.0013402999611571431
1483	1e-23	0.0011795000173151493
1484	1e-23	0.0012284000404179096
1485	1e-23	0.0012961000320501626
1486	1e-23	0.0011733000283129513
1487	1e-23	0.0011067999876104295
1488	1e-23	0.00150680000660941
1489	1e-23	0.0012033000239171088
1490	1e-23	0.0017388000269420445
1491	1e-23	0.0015039999852888286
1492	1e-23	0.0013097000191919506
1493	1e-23	0.0011597999837249517
1494	1e-23	0.001494400028605014
1495	1e-23	0.001150999974925071
1496	1e-23	0.0011633000103756785
1497	1e-23	0.001197999983560294
1498	1e-23	0.0011983999866060913
1499	1e-23	0.0011529999901540577
1500	1e-23	0.0012138999882154167
1501	1e-23	0.0013501999783329666
1502	1e-23	0.0012936999555677176
1503	1e-23	0.0012231000000610948
1504	1e-23	0.0013521999935619533
1505	1e-23	0.0012047000345773995
1506	1e-23	0.0011221999884583056
1507	1e-23	0.0014408000279217958
1508	1e-23	0.0012350999750196934
1509	1e-23	0.0011383999953977764
1510	1e-23	0.001214000047184527
1511	1e-23	0.0011858000070787966
1512	1e-23	0.0011297000455670059
1513	1e-23	0.0011564000160433352
1514	1e-23	0.0014317999593913555
1515	1e-23	0.0013410999672487378
1516	1e-23	0.001353300001937896
1517	1e-23	0.001400299952365458
1518	1e-23	0.0012114999699406326
1519	1e-23	0.0010614999919198453
1520	1e-23	0.0013342999736778438
1521	1e-23	0.0011275000288151205
1522	1e-23	0.0011842000531032681
1523	1e-23	0.0011764999944716692
1524	1e-23	0.0013355999835766852
1525	1e-23	0.0011691999970935285
1526	1e-23	0.0012192000285722315
1527	1e-23	0.0012422999716363847
1528	1e-23	0.0011770999990403652
1529	1e-23	0.0011203999747522175
1530	1e-23	0.0013969000428915024
1531	1e-23	0.0011970000341534615
1532	1e-23	0.0011746999807655811
1533	1e-23	0.0016204999992623925
1534	1e-23	0.0012458999990485609
1535	1e-23	0.0012268000282347202
1536	1e-23	0.001218399964272976
1537	1e-23	0.0016558999777771533
1538	1e-23	0.0012295999913476408
1539	1e-23	0.0017102999845519662
1540	1e-23	0.0012320999521762133
1541	1e-23	0.0011904000421054661
1542	1e-23	0.0014951999764889479
1543	1e-23	0.0012035999679937959
1544	1e-23	0.001207199995405972
1545	1e-23	0.0011647000210359693
1546	1e-23	0.0012250000145286322
1547	1e-23	0.0012046999763697386
1548	1e-23	0.0012352000339888036
1549	1e-23	0.0013803000329062343
1550	1e-23	0.0011575999669730663
1551	1e-23	0.0011528999893926084
1552	1e-23	0.001285300008021295
1553	1e-23	0.0012110999668948352
1554	1e-23	0.0010170000023208559
1555	1e-23	0.0011960999690927565
1556	1e-23	0.0012221999932080507
1557	1e-23	0.0010424000211060047
1558	1e-23	0.0010026000090874732
1559	1e-23	0.0012280999799259007
1560	1e-23	0.0011596999829635024
1561	1e-23	0.0011977999820373952
1562	1e-23	0.0012885000323876739
1563	1e-23	0.0013035000301897526
1564	1e-23	0.0011516999802552164
1565	1e-23	0.0013608000008389354
1566	1e-23	0.0013781000161543489
1567	1e-23	0.0011961999698542058
1568	1e-23	0.001159299979917705
1569	1e-23	0.0013058999902568758
1570	1e-23	0.0011653999681584537
1571	1e-23	0.0010760999866761267
1572	1e-23	0.0013297999976202846
1573	1e-23	0.0011638000141829252
1574	1e-23	0.0011291000409983099
1575	1e-23	0.001126500021200627
1576	1e-23	0.0011839999933727086
1577	1e-23	0.00120009999955073
1578	1e-23	0.0011408000136725605
1579	1e-23	0.0012735999771393836
1580	1e-23	0.0011590999783948064
1581	1e-23	0.0010442999773658812
1582	1e-23	0.0014429999864660203
1583	1e-23	0.001151299977209419
1584	1e-23	0.0011605999898165464
1585	1e-23	0.001711699995212257
1586	1e-23	0.0015270999865606427
1587	1e-23	0.001214299991261214
1588	1e-23	0.0012916999985463917
1589	1e-23	0.0012195000308565795
1590	1e-23	0.0012240000069141388
1591	1e-23	0.0011931000044569373
1592	1e-23	0.0013077000039629638
1593	1e-23	0.0012193999718874693
1594	1e-23	0.0011838999926112592
1595	1e-23	0.0012889000354334712
1596	1e-23	0.00122519995784387
1597	1e-23	0.0015045000473037362
1598	1e-23	0.0013457000022754073
1599	1e-23	0.0012089000083506107
1600	1e-23	0.0011236999998800457
1601	1e-23	0.0016148999566212296
1602	1e-23	0.0012635000166483223
1603	1e-23	0.0011012000031769276
1604	1e-23	0.0012054000399075449
1605	1e-23	0.0011787000112235546
1606	1e-23	0.0009729000157676637
1607	1e-23	0.0010875000152736902
1608	1e-23	0.0013424999779090285
1609	1e-23	0.0014673999976366758
1610	1e-23	0.0015694000176154077
1611	1e-23	0.0012280999799259007
1612	1e-23	0.001171100011561066
1613	1e-23	0.0010689999908208847
1614	1e-23	0.0013362999889068305
1615	1e-23	0.0012043000315316021
1616	1e-23	0.0012389000039547682
1617	1e-23	0.001290599990170449
1618	1e-23	0.0011808000272139907
1619	1e-23	0.0009698999929241836
1620	1e-23	0.001005500031169504
1621	1e-23	0.0015255999751389027
1622	1e-23	0.0012280999799259007
1623	1e-23	0.0011426000273786485
1624	1e-23	0.0013660999829880893
1625	1e-23	0.0010995999909937382
1626	1e-23	0.0010260000126436353
1627	1e-23	0.0012175000156275928
1628	1e-23	0.0011467000003904104
1629	1e-23	0.0010607999865897
1630	1e-23	0.0010383999906480312
1631	1e-23	0.0012945999624207616
1632	1e-23	0.001128799980506301
1633	1e-23	0.0011505999718792737
1634	1e-23	0.0014329999685287476
1635	1e-23	0.001192099996842444
1636	1e-23	0.0010463999933563173
1637	1e-23	0.0010408000089228153
1638	1e-23	0.0012782999547198415
1639	1e-23	0.0011987999896518886
1640	1e-23	0.0011127999750897288
1641	1e-23	0.0010949000134132802
1642	1e-23	0.0012030999641865492
1643	1e-23	0.0011434000334702432
1644	1e-23	0.0012053000391460955
1645	1e-23	0.0011890000314451754
1646	1e-23	0.0011540999985300004
1647	1e-23	0.0011644999613054097
1648	1e-23	0.0011946999584324658
1649	1e-23	0.0011899999808520079
1650	1e-23	0.0010935000027529895
1651	1e-23	0.0011937999515794218
1652	1e-23	0.0012826000456698239
1653	1e-23	0.001089799974579364
1654	1e-23	0.001117899955715984
1655	1e-23	0.0013177000219002366
1656	1e-23	0.0011665999772958457
1657	1e-23	0.0010800000163726509
1658	1e-23	0.0014012999599799514
1659	1e-23	0.001325500023085624
1660	1e-23	0.0012488000211305916
1661	1e-23	0.0011358000338077545
1662	1e-23	0.0017262999899685383
1663	1e-23	0.0012288999860174954
1664	1e-23	0.0011537999962456524
1665	1e-23	0.0015921999583952129
1666	1e-23	0.0014387000119313598
1667	1e-23	0.0012166999513283372
1668	1e-23	0.001331999956164509
1669	1e-23	0.0011858000070787966
1670	1e-23	0.0012708999565802515
1671	1e-23	0.0014315999578684568
1672	1e-23	0.001242399972397834
1673	1e-23	0.0012483999598771334
1674	1e-23	0.0015901000006124377
1675	1e-23	0.0012601999915204942
1676	1e-23	0.0011992999934591353
1677	1e-23	0.001310100022237748
1678	1e-23	0.0011485000140964985
1679	1e-23	0.0011821999796666205
1680	1e-23	0.0012570000253617764
1681	1e-23	0.0011478000087663531
1682	1e-23	0.0013005000073462725
1683	1e-23	0.0012611999991349876
1684	1e-23	0.0013223999994806945
1685	1e-23	0.0011471000034362078
1686	1e-23	0.00136749999364838
1687	1e-23	0.0013225000002421439
1688	1e-23	0.0010798999574035406
1689	1e-23	0.0011113000218756497
1690	1e-23	0.001293000008445233
1691	1e-23	0.0011638000141829252
1692	1e-23	0.0011190000222995877
1693	1e-23	0.0012449999921955168
1694	1e-23	0.001359499990940094
1695	1e-23	0.0011670999811030924
1696	1e-23	0.0012064999900758266
1697	1e-23	0.0012576000299304724
1698	1e-23	0.0012166000087745488
1699	1e-23	0.0011206999770365655
1700	1e-23	0.0014092999626882374
1701	1e-23	0.0010929999989457428
1702	1e-23	0.0010109000140801072
1703	1e-23	0.001601399970240891
1704	1e-23	0.0011264999629929662
1705	1e-23	0.0011017999495379627
1706	1e-23	0.0013666999875567853
1707	1e-23	0.0014856000198051333
1708	1e-23	0.0013685000012628734
1709	1e-23	0.0016975999460555613
1710	1e-23	0.0012303999974392354
1711	1e-23	0.0011586000327952206
1712	1e-23	0.0011475000064820051
1713	1e-23	0.0012713999603874981
1714	1e-23	0.0011723999632522464
1715	1e-23	0.0011980999843217432
1716	1e-23	0.0012876999680884182
1717	1e-23	0.0011570000206120312
1718	1e-23	0.0013654999784193933
1719	1e-23	0.0013724000309593976
1720	1e-23	0.0012097000144422054
1721	1e-23	0.001197699981275946
1722	1e-23	0.001240900019183755
1723	1e-23	0.001138300052843988
1724	1e-23	0.001178800011985004
1725	1e-23	0.0012801000266335905
1726	1e-23	0.00135570002021268
1727	1e-23	0.0012475000112317502
1728	1e-23	0.0012393000070005655
1729	1e-23	0.0012427999754436314
1730	1e-23	0.0011675000423565507
1731	1e-23	0.0011427000281400979
1732	1e-23	0.001241799967829138
1733	1e-23	0.0011148000485263765
1734	1e-23	0.001150999974925071
1735	1e-23	0.0013942999648861587
1736	1e-23	0.001416300015989691
1737	1e-23	0.001158399973064661
1738	1e-23	0.0013696000096388161
1739	1e-23	0.0013414000277407467
1740	1e-23	0.0011943000135943294
1741	1e-23	0.0012483999598771334
1742	1e-23	0.0013546000118367374
1743	1e-23	0.0011829999857582152
1744	1e-23	0.0010687000467441976
1745	1e-23	0.0012374999932944775
1746	1e-23	0.001070300000719726
1747	1e-23	0.0010631000041030347
1748	1e-23	0.0011257999576628208
1749	1e-23	0.0012349000317044556
1750	1e-23	0.0011478000087663531
1751	1e-23	0.0011424999684095383
1752	1e-23	0.0012478000135160983
1753	1e-23	0.001237100048456341
1754	1e-23	0.0013834999990649521
1755	1e-23	0.0012178999604657292
1756	1e-23	0.0012026000185869634
1757	1e-23	0.0011785999522544444
1758	1e-23	0.0012144999927841127
1759	1e-23	0.0012069999938830733
1760	1e-23	0.0010872000129893422
1761	1e-23	0.0010853999992832541
1762	1e-23	0.0012334000202827156
1763	1e-23	0.0010897000320255756
1764	1e-23	0.0010153999901376665
1765	1e-23	0.0011402000091038644
1766	1e-23	0.0013288999907672405
1767	1e-23	0.0013095000176690519
1768	1e-23	0.0012569999671541154
1769	1e-23	0.00133350002579391
1770	1e-23	0.001218699966557324
1771	1e-23	0.0012387000024318695
1772	1e-23	0.0013561999658122659
1773	1e-23	0.0012653999729081988
1774	1e-23	0.0011631000088527799
1775	1e-23	0.0013142999960109591
1776	1e-23	0.001129399985074997
1777	1e-23	0.001151299977209419
1778	1e-23	0.001260999997612089
1779	1e-23	0.0013464000076055527
1780	1e-23	0.0011656000278890133
1781	1e-23	0.0011555000091902912
1782	1e-23	0.0012692000018432736
1783	1e-23	0.0010905000381171703
1784	1e-23	0.0010946000111289322
1785	1e-23	0.0012268000282347202
1786	1e-23	0.0011563000152818859
1787	1e-23	0.001151600037701428
1788	1e-23	0.0010930999997071922
1789	1e-23	0.0011544000008143485
1790	1e-23	0.001168200047686696
1791	1e-23	0.001132700010202825
1792	1e-23	0.0014239000156521797
1793	1e-23	0.001108099997509271
1794	1e-23	0.0010674000368453562
1795	1e-23	0.0011002999963238835
1796	1e-23	0.0011620000004768372
1797	1e-23	0.00108149996958673
1798	1e-23	0.0011252000113017857
1799	1e-23	0.001316299953032285
1800	1e-23	0.0011112000211142004
1801	1e-23	0.0010757999843917787
1802	1e-23	0.0011944000143557787
1803	1e-23	0.0017071000183932483
1804	1e-23	0.001240900019183755
1805	1e-23	0.0011748999822884798
1806	1e-23	0.0013678999966941774
1807	1e-23	0.001312199980020523
1808	1e-23	0.0013317999546416104
1809	1e-23	0.0012331000179983675
1810	1e-23	0.0011358000338077545
1811	1e-23	0.0011980000417679548
1812	1e-23	0.0012965999776497483
1813	1e-23	0.0012413000222295523
1814	1e-23	0.0013150000013411045
1815	1e-23	0.0013819000450894237
1816	1e-23	0.0013501999783329666
1817	1e-23	0.0013555000186897814
1818	1e-23	0.0012598999892361462
1819	1e-23	0.0012727000284940004
1820	1e-23	0.0011220000451430678
1821	1e-23	0.0012280999799259007
1822	1e-23	0.001316600013524294
1823	1e-23	0.001221999991685152
1824	1e-23	0.0012215999886393547
1825	1e-23	0.0012703000102192163
1826	1e-23	0.0013555000186897814
1827	1e-23	0.0013661999837495387
1828	1e-23	0.0014937999658286572
1829	1e-23	0.0013993000029586256
1830	1e-23	0.0013975999900139868
1831	1e-23	0.0015403999714180827
1832	1e-23	0.0012728000292554498
1833	1e-23	0.0012741000391542912
1834	1e-23	0.0012797000235877931
1835	1e-23	0.0013232000055722892
1836	1e-23	0.0011851000017486513
1837	1e-23	0.0011924999998882413
1838	1e-23	0.001364199968520552
1839	1e-23	0.0013424999779090285
1840	1e-23	0.0017804999952204525
1841	1e-23	0.0012563999625854194
1842	1e-23	0.0013701000134460628
1843	1e-23	0.0013256000238470733
1844	1e-23	0.0011981000425294042
1845	1e-23	0.0015652999863959849
1846	1e-23	0.0016796000418253243
1847	1e-23	0.001188000023830682
1848	1e-23	0.0012929000076837838
1849	1e-23	0.001479000027757138
1850	1e-23	0.0011955999652855098
1851	1e-23	0.0012043999740853906
1852	1e-23	0.001269900007173419
1853	1e-23	0.0011896999785676599
1854	1e-23	0.001673899998422712
1855	1e-23	0.0014500999823212624
1856	1e-23	0.001426599978003651
1857	1e-23	0.001249500026460737
1858	1e-23	0.0012676999904215336
1859	1e-23	0.0010427000233903527
1860	1e-23	0.0015829000039957464
1861	1e-23	0.0016880999901331961
1862	1e-23	0.0012660000356845558
1863	1e-23	0.0015875999815762043
1864	1e-23	0.0012907999916933477
1865	1e-23	0.0012170000118203461
1866	1e-23	0.0016362000023946166
1867	1e-23	0.0013236000086180866
1868	1e-23	0.0011489999596960843
1869	1e-23	0.0015066000050865114
1870	1e-23	0.0012824999867007136
1871	1e-23	0.0012732999748550355
1872	1e-23	0.0015379000105895102
1873	1e-23	0.0012414000229910016
1874	1e-23	0.0011839999933727086
1875	1e-23	0.0018538000294938684
1876	1e-23	0.0015360999968834221
1877	1e-23	0.001359799993224442
1878	1e-23	0.0012006000033579767
1879	1e-23	0.0009219999774359167
1880	1e-23	0.0010938000050373375
1881	1e-23	0.0019061999628320336
1882	1e-23	0.0013789000222459435
1883	1e-23	0.0011766999959945679
1884	1e-23	0.0012402000138536096
1885	1e-23	0.001193299947772175
1886	1e-23	0.0010850999969989061
1887	1e-23	0.0013426999794319272
1888	1e-23	0.0012189000262878835
1889	1e-23	0.001135899976361543
1890	1e-23	0.001226099964696914
1891	1e-23	0.0013779000146314502
1892	1e-23	0.001241799967829138
1893	1e-23	0.0012545999488793314
1894	1e-23	0.00136900000507012
1895	1e-23	0.0011865999549627304
1896	1e-23	0.001128499978221953
1897	1e-23	0.001244200044311583
1898	1e-23	0.0013201000401750207
1899	1e-23	0.0012648000265471637
1900	1e-23	0.0012353999773040414
1901	1e-23	0.00125629996182397
1902	1e-23	0.0011427000281400979
1903	1e-23	0.0013174000196158886
1904	1e-23	0.001311000029090792
1905	1e-23	0.0016886999947018921
1906	1e-23	0.0013926000101491809
1907	1e-23	0.0013623000122606754
1908	1e-23	0.0013004999491386116
1909	1e-23	0.0013151000021025538
1910	1e-23	0.0013669999898411334
1911	1e-23	0.0012280999799259007
1912	1e-23	0.00135709997266531
1913	1e-23	0.001247400010470301
1914	1e-23	0.00122969999210909
1915	1e-23	0.001201300008688122
1916	1e-23	0.0012456999975256622
1917	1e-23	0.0012529999949038029
1918	1e-23	0.0013869000249542296
1919	1e-23	0.0013981999945826828
1920	1e-23	0.0013782999594695866
1921	1e-23	0.0014290999970398843
1922	1e-23	0.001374600047711283
1923	1e-23	0.0012772000045515597
1924	1e-23	0.0013219000538811088
1925	1e-23	0.0013107999693602324
1926	1e-23	0.0012324000126682222
1927	1e-23	0.001208700006827712
1928	1e-23	0.001443799992557615
1929	1e-23	0.0012672000448219478
1930	1e-23	0.0012399000115692616
1931	1e-23	0.0013827999937348068
1932	1e-23	0.0014364999951794744
1933	1e-23	0.0013689000043086708
1934	1e-23	0.001477500016335398
1935	1e-23	0.0013398000155575573
1936	1e-23	0.0013497999752871692
1937	1e-23	0.0017711999826133251
1938	1e-23	0.0014602000010199845
1939	1e-23	0.0015228000120259821
1940	1e-23	0.0013608000008389354
1941	1e-23	0.0011876000207848847
1942	1e-23	0.0013922000071033835
1943	1e-23	0.0012433999800123274
1944	1e-23	0.0011973999789915979
1945	1e-23	0.0013562000240199268
1946	1e-23	0.001236199983395636
1947	1e-23	0.0011607999913394451
1948	1e-23	0.0011699000024236739
1949	1e-23	0.0012873000232502818
1950	1e-23	0.00131280004279688
1951	1e-23	0.0013149000005796552
1952	1e-23	0.0012989999959245324
1953	1e-23	0.0013065999955870211
1954	1e-23	0.0013147999998182058
1955	1e-23	0.00132760003907606
1956	1e-23	0.0012623000075109303
1957	1e-23	0.0011860000086016953
1958	1e-23	0.0013094000169076025
1959	1e-23	0.001360700000077486
1960	1e-23	0.0011752000427804887
1961	1e-23	0.0012731999740935862
1962	1e-23	0.001473100041039288
1963	1e-23	0.0012212999863550067
1964	1e-23	0.001269000000320375
1965	1e-23	0.00120449997484684
1966	1e-23	0.001026199955958873
1967	1e-23	0.0009593999711796641
1968	1e-23	0.0012352000339888036
1969	1e-23	0.0011912999907508492
1970	1e-23	0.0011040999670512974
1971	1e-23	0.0011264000204391778
1972	1e-23	0.0011540999985300004
1973	1e-23	0.0010130000300705433
1974	1e-23	0.0011285999789834023
1975	1e-23	0.0013777000131085515
1976	1e-23	0.0013087000115774572
1977	1e-23	0.001253599999472499
1978	1e-23	0.0013724000309593976
1979	1e-23	0.0012443999876268208
1980	1e-23	0.0012179000186733902
1981	1e-23	0.0012508000363595784
1982	1e-23	0.0012882000301033258
1983	1e-23	0.001184399996418506
1984	1e-23	0.0011473000049591064
1985	1e-23	0.0012548999511636794
1986	1e-23	0.0011766999959945679
1987	1e-23	0.0011263999622315168
1988	1e-23	0.0013983999961055815
1989	1e-23	0.0012301999959163368
1990	1e-23	0.0010799000156112015
1991	1e-23	0.0012459999998100102
1992	1e-23	0.0011713000130839646
1993	1e-23	0.0011476000072434545
1994	1e-23	0.0014130999916233122
1995	1e-23	0.001103999966289848
1996	1e-23	0.0009961999603547156
1997	1e-23	0.0013637999654747546
1998	1e-23	0.0014955999795347452
1999	1e-23	0.0012163000064902008
2000	1e-23	0.0012873999658040702
2001	1e-23	0.0013153000036254525
2002	1e-23	0.0013389000087045133
2003	1e-23	0.0015989000094123185
2004	1e-23	0.001284400001168251
2005	1e-23	0.001491100003477186
2006	1e-23	0.0015598000027239323
2007	1e-23	0.0017172999796457589
2008	1e-23	0.0011282999766990542
2009	1e-23	0.0013217999949119985
2010	1e-23	0.0018185999942943454
2011	1e-23	0.0012772000045515597
2012	1e-23	0.0015659999917261302
2013	1e-23	0.002045599976554513
2014	1e-23	0.0012459999998100102
2015	1e-23	0.001358299981802702
2016	1e-23	0.0014136999961920083
2017	1e-23	0.0013464000076055527
2018	1e-23	0.0014413000317290425
2019	1e-23	0.00120599998626858
2020	1e-23	0.0012042000307701528
2021	1e-23	0.0017340999911539257
2022	1e-23	0.0017754999571479857
2023	1e-23	0.0012704000109806657
2024	1e-23	0.0012954000267200172
2025	1e-23	0.001275499991606921
2026	1e-23	0.0013797999708913267
2027	1e-23	0.0013367000501602888
2028	1e-23	0.0012061999877914786
2029	1e-23	0.001616799971088767
2030	1e-23	0.001359800051432103
2031	1e-23	0.0012786000152118504
2032	1e-23	0.0018582000047899783
2033	1e-23	0.0013817999861203134
2034	1e-23	0.0014147000038065016
2035	1e-23	0.0014329999685287476
2036	1e-23	0.0011403999524191022
2037	1e-23	0.0012583999778144062
2038	1e-23	0.0013335999683476985
2039	1e-23	0.0011721999617293477
2040	1e-23	0.0011799000203609467
2041	1e-23	0.0013809000374749303
2042	1e-23	0.0012576999724842608
2043	1e-23	0.0012086000060662627
2044	1e-23	0.001327000034507364
2045	1e-23	0.0012877999688498676
2046	1e-23	0.0012615000014193356
2047	1e-23	0.0013332999660633504
2048	1e-23	0.001319600036367774
2049	1e-23	0.0011971999774686992
2050	1e-23	0.0011440000380389392
2051	1e-23	0.0013425999786704779
2052	1e-23	0.0012433999800123274
2053	1e-23	0.0012652999721467495
2054	1e-23	0.00197500002104789
2055	1e-23	0.0011696000001393259
2056	1e-23	0.0011554000084288418
2057	1e-23	0.0017110999906435609
2058	1e-23	0.001245700055733323
2059	1e-23	0.0013300999999046326
2060	1e-23	0.0013203999842517078
2061	1e-23	0.001208400004543364
2062	1e-23	0.0012262999662198126
2063	1e-23	0.0012892999802716076
2064	1e-23	0.00117790000513196
2065	1e-23	0.0012163000064902008
2066	1e-23	0.0013585000415332615
2067	1e-23	0.0011532999924384058
2068	1e-23	0.0011937000090256333
2069	1e-23	0.0014696000143885612
2070	1e-23	0.0013011000119149685
2071	1e-23	0.0010797000140883029
2072	1e-23	0.0013188000302761793
2073	1e-23	0.0012737000361084938
2074	1e-23	0.0011885999701917171
2075	1e-23	0.0011867000139318407
2076	1e-23	0.0012305999989621341
2077	1e-23	0.0012379999971017241
2078	1e-23	0.0011932000052183867
2079	1e-23	0.001349999976810068
2080	1e-23	0.0012379999971017241
2081	1e-23	0.001061999995727092
2082	1e-23	0.0014771000132896006
2083	1e-23	0.0011692999978549778
2084	1e-23	0.001076499989721924
2085	1e-23	0.0012611999991349876
2086	1e-23	0.0013386000064201653
2087	1e-23	0.001249499968253076
2088	1e-23	0.0015020999708212912
2089	1e-23	0.0013907999964430928
2090	1e-23	0.0011833999888040125
2091	1e-23	0.0011758999899029732
2092	1e-23	0.0012029000208713114
2093	1e-23	0.0011210999800823629
2094	1e-23	0.001241200021468103
2095	1e-23	0.0012688999995589256
2096	1e-23	0.0011217999854125082
2097	1e-23	0.0010432999697513878
2098	1e-23	0.0012226999970152974
2099	1e-23	0.0011719000176526606
2100	1e-23	0.00123559997882694
2101	1e-23	0.001473400043323636
2102	1e-23	0.0014680999447591603
2103	1e-23	0.001243600039742887
2104	1e-23	0.0012222999939695
2105	1e-23	0.0016450000111944973
2106	1e-23	0.0012301999959163368
2107	1e-23	0.0012250999570824206
2108	1e-23	0.001291199994739145
2109	1e-23	0.0011355000315234065
2110	1e-23	0.0010615999926812947
2111	1e-23	0.0013666999875567853
2112	1e-23	0.0011424000258557498
2113	1e-23	0.0012340000248514116
2114	1e-23	0.0016423999913968146
2115	1e-23	0.0012020000140182674
2116	1e-23	0.0010988000431098044
2117	1e-23	0.0012177000171504915
2118	1e-23	0.001305399986449629
2119	1e-23	0.0011767999967560172
2120	1e-23	0.0011567000183276832
2121	1e-23	0.001213999988976866
2122	1e-23	0.0012296000495553017
2123	1e-23	0.001109900011215359
2124	1e-23	0.0012998000020161271
2125	1e-23	0.0012795999646186829
2126	1e-23	0.00133200001437217
2127	1e-23	0.0014430999872274697
2128	1e-23	0.0014043000410310924
2129	1e-23	0.0011269000242464244
2130	1e-23	0.0012833999935537577
2131	1e-23	0.0013394999550655484
2132	1e-23	0.001130299991928041
2133	1e-23	0.0011674999841488898
2134	1e-23	0.0013332999660633504
2135	1e-23	0.0011443000403232872
2136	1e-23	0.0016869999817572534
2137	1e-23	0.0017979000112973154
2138	1e-23	0.001361000002361834
2139	1e-23	0.0013232000055722892
2140	1e-23	0.001347100012935698
2141	1e-23	0.00121489999582991
2142	1e-23	0.0016342999879270792
2143	1e-23	0.0012166000087745488
2144	1e-23	0.0011481000110507011
2145	1e-23	0.0013629999593831599
2146	1e-23	0.0013744000461883843
2147	1e-23	0.0011842999956570566
2148	1e-23	0.0021808999590575695
2149	1e-23	0.0015511999954469502
2150	1e-23	0.001139800006058067
2151	1e-23	0.001397700048983097
2152	1e-23	0.0012032000231556594
2153	1e-23	0.00134830002207309
2154	1e-23	0.0014158000121824443
2155	1e-23	0.0013330000219866633
2156	1e-23	0.0012362999841570854
2157	1e-23	0.0013065999955870211
2158	1e-23	0.0013371999957598746
2159	1e-23	0.001417500025127083
2160	1e-23	0.0013758999994024634
2161	1e-23	0.0012723999680019915
2162	1e-23	0.0011573999654501677
2163	1e-23	0.001336999994236976
2164	1e-23	0.0015456000110134482
2165	1e-23	0.0012326000141911209
2166	1e-23	0.0014149000053294003
2167	1e-23	0.001255400013178587
2168	1e-23	0.0011733999708667397
2169	1e-23	0.0014288999955169857
2170	1e-23	0.001297699986025691
2171	1e-23	0.0011893999762833118
2172	1e-23	0.0012983999913558364
2173	1e-23	0.0013212999911047518
2174	1e-23	0.00119420001283288
2175	1e-23	0.0012907999916933477
2176	1e-23	0.0013269999762997031
2177	1e-23	0.001143299974501133
2178	1e-23	0.0011408000136725605
2179	1e-23	0.001361300004646182
2180	1e-23	0.00117790000513196
2181	1e-23	0.0013846000074408948
2182	1e-23	0.0014452000032179058
2183	1e-23	0.0012572999694384634
2184	1e-23	0.001159300038125366
2185	1e-23	0.0013948000269010663
2186	1e-23	0.0013370999949984252
2187	1e-23	0.0012342999689280987
2188	1e-23	0.0013705000164918602
2189	1e-23	0.0012443999876268208
2190	1e-23	0.001147200004197657
2191	1e-23	0.0012431000359356403
2192	1e-23	0.0012008999474346638
2193	1e-23	0.0014476999640464783
2194	1e-23	0.001443799992557615
2195	1e-23	0.001434899982996285
2196	1e-23	0.0011808000272139907
2197	1e-23	0.0015618999605067074
2198	1e-23	0.0013979999930597842
2199	1e-23	0.0012434000382199883
2200	1e-23	0.0012098000152036548
2201	1e-23	0.0012751000467687845
2202	1e-23	0.0012034000246785581
2203	1e-23	0.0014463000115938485
2204	1e-23	0.0018337999936193228
2205	1e-23	0.001236799987964332
2206	1e-23	0.0012814000365324318
2207	1e-23	0.0014178999699652195
2208	1e-23	0.0012370999902486801
2209	1e-23	0.0012245000107213855
2210	1e-23	0.0011831999872811139
2211	1e-23	0.001166400033980608
2212	1e-23	0.0012455999967642128
2213	1e-23	0.001395000028423965
2214	1e-23	0.0012400000123307109
2215	1e-23	0.001219599973410368
2216	1e-23	0.0014735999866388738
2217	1e-23	0.0015645999810658395
2218	1e-23	0.0015036999830044806
2219	1e-23	0.0015033999807201326
2220	1e-23	0.0012556000147014856
2221	1e-23	0.0014087000163272023
2222	1e-23	0.0012963000335730612
2223	1e-23	0.0012329000164754689
2224	1e-23	0.0013035000301897526
2225	1e-23	0.0012939000152982771
2226	1e-23	0.0012451999937184155
2227	1e-23	0.0012217999901622534
2228	1e-23	0.0013885999796912074
2229	1e-23	0.0013006000081077218
2230	1e-23	0.0013245000154711306
2231	1e-23	0.0014958999818190932
2232	1e-23	0.0013286999892443419
2233	1e-23	0.001310699968598783
2234	1e-23	0.001428099989425391
2235	1e-23	0.0012730000307783484
2236	1e-23	0.0013010999537073076
2237	1e-23	0.0015007000183686614
2238	1e-23	0.001401200017426163
2239	1e-23	0.001267499988898635
2240	1e-23	0.0013476999592967331
2241	1e-23	0.0012166000087745488
2242	1e-23	0.0012584999785758555
2243	1e-23	0.0013699000119231641
2244	1e-23	0.0011904999846592546
2245	1e-23	0.0012377999955788255
2246	1e-23	0.0014208999928086996
2247	1e-23	0.001248900021892041
2248	1e-23	0.001213099982123822
2249	1e-23	0.0014704999630339444
2250	1e-23	0.0014052999904379249
2251	1e-23	0.0013615000061690807
2252	1e-23	0.001361300004646182
2253	1e-23	0.0013090000138618052
2254	1e-23	0.0012305999989621341
2255	1e-23	0.0014359999913722277
2256	1e-23	0.0013486999669112265
2257	1e-23	0.00116020004497841
2258	1e-23	0.0013497999752871692
2259	1e-23	0.0011408999562263489
2260	1e-23	0.001574199995957315
2261	1e-23	0.001519199984613806
2262	1e-23	0.0012704000109806657
2263	1e-23	0.0011934999492950737
2264	1e-23	0.001394700026139617
2265	1e-23	0.0012835999950766563
2266	1e-23	0.0011834999895654619
2267	1e-23	0.0015222000074572861
2268	1e-23	0.0012929000076837838
2269	1e-23	0.0011384999961592257
2270	1e-23	0.0015195999876596034
2271	1e-23	0.0015503999893553555
2272	1e-23	0.0011968999751843512
2273	1e-23	0.001401800021994859
2274	1e-23	0.0012899000430479646
2275	1e-23	0.0011579999700188637
2276	1e-23	0.001403000031132251
2277	1e-23	0.0013417000300250947
2278	1e-23	0.0012683000531978905
2279	1e-23	0.0014100999687798321
2280	1e-23	0.0013595999917015433
2281	1e-23	0.0012321000103838742
2282	1e-23	0.001281699980609119
2283	1e-23	0.0016964999958872795
2284	1e-23	0.0012755999923683703
2285	1e-23	0.001465100038331002
2286	1e-23	0.0013219000538811088
2287	1e-23	0.0012639999622479081
2288	1e-23	0.001362200011499226
2289	1e-23	0.0012097999569959939
2290	1e-23	0.0011452999897301197
2291	1e-23	0.0012203999795019627
2292	1e-23	0.0013340999721549451
2293	1e-23	0.0011211999808438122
2294	1e-23	0.0012856999528594315
2295	1e-23	0.0014712000265717506
2296	1e-23	0.0012816000380553305
2297	1e-23	0.0010833999840542674
2298	1e-23	0.0012728000292554498
2299	1e-23	0.0011476000072434545
2300	1e-23	0.001151599979493767
2301	1e-23	0.0014301000046543777
2302	1e-23	0.001201000006403774
2303	1e-23	0.0010915999882854521
2304	1e-23	0.0016654999926686287
2305	1e-23	0.0013233000063337386
2306	1e-23	0.0012467000051401556
2307	1e-23	0.0012325000134296715
2308	1e-23	0.0016302999574691057
2309	1e-23	0.001416300015989691
2310	1e-23	0.001337299996521324
2311	1e-23	0.0017816000035963953
2312	1e-23	0.001421900000423193
2313	1e-23	0.0013484000228345394
2314	1e-23	0.0011752999853342772
2315	1e-23	0.0012529999949038029
2316	1e-23	0.0013928000116720796
2317	1e-23	0.001599599956534803
2318	1e-23	0.0012647999683395028
2319	1e-23	0.0013096999609842896
2320	1e-23	0.001073799969162792
2321	1e-23	0.0009204999660141766
2322	1e-23	0.0013239000109024346
2323	1e-23	0.0013581000384874642
2324	1e-23	0.0012764999992214143
2325	1e-23	0.0013612000038847327
2326	1e-23	0.0014498999807983637
2327	1e-23	0.0012975999852642417
2328	1e-23	0.0012861999566666782
2329	1e-23	0.0018995999707840383
2330	1e-23	0.0013921000063419342
2331	1e-23	0.0015805999864824116
2332	1e-23	0.001319000031799078
2333	1e-23	0.0014007000136189163
2334	1e-23	0.0013324000174179673
2335	1e-23	0.0011644000187516212
2336	1e-23	0.0012574000284075737
2337	1e-23	0.0013439999893307686
2338	1e-23	0.0012059000437147915
2339	1e-23	0.0012392000062391162
2340	1e-23	0.0015237000188790262
2341	1e-23	0.0014654999831691384
2342	1e-23	0.0016577000496909022
2343	1e-23	0.0013713000225834548
2344	1e-23	0.0012470000074245036
2345	1e-23	0.0013392000109888613
2346	1e-23	0.0014358999906107783
2347	1e-23	0.0011184000177308917
2348	1e-23	0.001362200011499226
2349	1e-23	0.001283799996599555
2350	1e-23	0.0010720999562181532
2351	1e-23	0.0011283999774605036
2352	1e-23	0.0017509000026620924
2353	1e-23	0.001220200036186725
2354	1e-23	0.0011727999662980437
2355	1e-23	0.0012796000228263438
2356	1e-23	0.0012029000208713114
2357	1e-23	0.0011896999785676599
2358	1e-23	0.0013179000234231353
2359	1e-23	0.001165200024843216
2360	1e-23	0.0010987999849021435
2361	1e-23	0.0011298999888822436
2362	1e-23	0.001293000008445233
2363	1e-23	0.0012191000278107822
2364	1e-23	0.0014479000237770379
2365	1e-23	0.0012498999712988734
2366	1e-23	0.0011617999989539385
2367	1e-23	0.0010891000274568796
2368	1e-23	0.0012292999890632927
2369	1e-23	0.0012199000339023769
2370	1e-23	0.0009682999807409942
2371	1e-23	0.0011760999914258718
2372	1e-23	0.0013080000062473118
2373	1e-23	0.0011575999669730663
2374	1e-23	0.0011235999991185963
2375	1e-23	0.0013162000104784966
2376	1e-23	0.0013244999572634697
2377	1e-23	0.0013287999900057912
2378	1e-23	0.0012956999707967043
2379	1e-23	0.0012650999706238508
2380	1e-23	0.0012225000537000597
2381	1e-23	0.0012451999937184155
2382	1e-23	0.0012577000306919217
2383	1e-23	0.0011256999569013715
2384	1e-23	0.0011353999725542963
2385	1e-23	0.001192399999126792
2386	1e-23	0.0011894000344909728
2387	1e-23	0.001089200028218329
2388	1e-23	0.0016669000033289194
2389	1e-23	0.0016550000291317701
2390	1e-23	0.001139800006058067
2391	1e-23	0.0012939999578520656
2392	1e-23	0.0012055999832227826
2393	1e-23	0.0012336000218056142
2394	1e-23	0.001458599988836795
2395	1e-23	0.001282599987462163
2396	1e-23	0.001184099994134158
2397	1e-23	0.0011258000158704817
2398	1e-23	0.0012376999948173761
2399	1e-23	0.0010736000258475542
2400	1e-23	0.0013294999953359365
2401	1e-23	0.001514200004749
2402	1e-23	0.0012378999963402748
2403	1e-23	0.0012784000136889517
2404	1e-23	0.0013196999789215624
2405	1e-23	0.0011732999701052904
2406	1e-23	0.0012912999955005944
2407	1e-23	0.0014955000369809568
2408	1e-23	0.0011965999729000032
2409	1e-23	0.0012409999617375433
2410	1e-23	0.0013576000346802175
2411	1e-23	0.0014939000247977674
2412	1e-23	0.0013998000067658722
2413	1e-23	0.0013637999654747546
2414	1e-23	0.0013216999941505492
2415	1e-23	0.0012826999882236123
2416	1e-23	0.0012523999903351068
2417	1e-23	0.0017499999958090484
2418	1e-23	0.001415400009136647
2419	1e-23	0.0013428000384010375
2420	1e-23	0.0012503000325523317
2421	1e-23	0.0013304000021889806
2422	1e-23	0.0016396999708376825
2423	1e-23	0.001285000005736947
2424	1e-23	0.0012011000071652234
2425	1e-23	0.001588399987667799
2426	1e-23	0.0013572000316344202
2427	1e-23	0.001470999966841191
2428	1e-23	0.0013926000101491809
2429	1e-23	0.0013699000119231641
2430	1e-23	0.0014266999787651002
2431	1e-23	0.001407400006428361
2432	1e-23	0.0013011000119149685
2433	1e-23	0.0014967999886721373
2434	1e-23	0.0017042999970726669
2435	1e-23	0.001327300036791712
2436	1e-23	0.0013282999861985445
2437	1e-23	0.00132460001623258
2438	1e-23	0.0013761000009253621
2439	1e-23	0.0014192000380717218
2440	1e-23	0.001302699965890497
2441	1e-23	0.0012597999884746969
2442	1e-23	0.0015827000024728477
2443	1e-23	0.0016003999626263976
2444	1e-23	0.0012912999955005944
2445	1e-23	0.0013086999533697963
2446	1e-23	0.0011484000133350492
2447	1e-23	0.0012928000069223344
2448	1e-23	0.0012808000319637358
2449	1e-23	0.0012648000265471637
2450	1e-23	0.0012624000082723796
2451	1e-23	0.0012303999974392354
2452	1e-23	0.0015864999732002616
2453	1e-23	0.0012502000317908823
2454	1e-23	0.0014304000069387257
2455	1e-23	0.0013982000527903438
2456	1e-23	0.001253599999472499
2457	1e-23	0.0014377000043168664
2458	1e-23	0.0011481000110507011
2459	1e-23	0.0012063000467605889
2460	1e-23	0.0012931000092066824
2461	1e-23	0.001187100016977638
2462	1e-23	0.001248599961400032
2463	1e-23	0.001323700009379536
2464	1e-23	0.0012621000059880316
2465	1e-23	0.0010593000333756208
2466	1e-23	0.0014053999911993742
2467	1e-23	0.0014545000158250332
2468	1e-23	0.0011606999905779958
2469	1e-23	0.0012283000396564603
2470	1e-23	0.0012446999899111688
2471	1e-23	0.0010875000152736902
2472	1e-23	0.0011141999857500196
2473	1e-23	0.0012793999630957842
2474	1e-23	0.001261299999896437
2475	1e-23	0.0011808999697677791
2476	1e-23	0.0016680000117048621
2477	1e-23	0.0012750999885611236
2478	1e-23	0.001188000023830682
2479	1e-23	0.001424000016413629
2480	1e-23	0.001263400015886873
2481	1e-23	0.001249799970537424
2482	1e-23	0.0011376000475138426
2483	1e-23	0.0012282999814487994
2484	1e-23	0.001173800032120198
2485	1e-23	0.0011508000316098332
2486	1e-23	0.0012720999657176435
2487	1e-23	0.0012289000442251563
2488	1e-23	0.0011320000048726797
2489	1e-23	0.001242699974682182
2490	1e-23	0.0012898999848403037
2491	1e-23	0.0011818999773822725
2492	1e-23	0.0011757000465877354
2493	1e-23	0.0012644000235013664
2494	1e-23	0.0012617000029422343
2495	1e-23	0.0011829000432044268
2496	1e-23	0.0012832999927923083
2497	1e-23	0.0011579000274650753
2498	1e-23	0.0011568000190891325
2499	1e-23	0.0013088000123389065
2500	1e-23	0.0012456999975256622
2501	1e-23	0.0012772000045515597
2502	1e-23	0.0014815999893471599
2503	1e-23	0.001336999994236976
2504	1e-23	0.0011645000195130706
2505	1e-23	0.0011827999842353165
2506	1e-23	0.0011449999874457717
2507	1e-23	0.001139500003773719
2508	1e-23	0.001281099976040423
2509	1e-23	0.0012715000193566084
2510	1e-23	0.0012250000145286322
2511	1e-23	0.001096300024073571
2512	1e-23	0.001243299979250878
2513	1e-23	0.0011553000076673925
2514	1e-23	0.001087999960873276
2515	1e-23	0.0014486000291071832
2516	1e-23	0.001279100019019097
2517	1e-23	0.0011736000305972993
2518	1e-23	0.0011977000394836068
2519	1e-23	0.001229099987540394
2520	1e-23	0.0011289999820291996
2521	1e-23	0.001110200013499707
2522	1e-23	0.0013079000054858625
2523	1e-23	0.0011186000192537904
2524	1e-23	0.0010848999954760075
2525	1e-23	0.001166399975772947
2526	1e-23	0.0013278999831527472
2527	1e-23	0.0012965999776497483
2528	1e-23	0.0012679999927058816
2529	1e-23	0.0017309999675489962
2530	1e-23	0.0011641000164672732
2531	1e-23	0.0013120999792590737
2532	1e-23	0.0013702000142075121
2533	1e-23	0.0012621000059880316
2534	1e-23	0.0012957999715581536
2535	1e-23	0.0012300999951548874
2536	1e-23	0.0011564000160433352
2537	1e-23	0.001074399973731488
2538	1e-23	0.0013235000078566372
2539	1e-23	0.001442599983420223
2540	1e-23	0.0011824999819509685
2541	1e-23	0.001466000045184046
2542	1e-23	0.0011283999774605036
2543	1e-23	0.0011400000075809658
2544	1e-23	0.00126369995996356
2545	1e-23	0.0011137000401504338
2546	1e-23	0.0010341000161133707
2547	1e-23	0.0010600999812595546
2548	1e-23	0.0013089000131003559
2549	1e-23	0.0010998999932780862
2550	1e-23	0.0011053999769501388
2551	1e-23	0.0014646999770775437
2552	1e-23	0.0013534999452531338
2553	1e-23	0.0011696000001393259
2554	1e-23	0.001353300001937896
2555	1e-23	0.0013571999734267592
2556	1e-23	0.0011494000209495425
2557	1e-23	0.0014367999974638224
2558	1e-23	0.0013642999692820013
2559	1e-23	0.0012490999652072787
2560	1e-23	0.0012233000015839934
2561	1e-23	0.0015091000241227448
2562	1e-23	0.0013570000301115215
2563	1e-23	0.001298599992878735
2564	1e-23	0.0012925000046379864
2565	1e-23	0.0011901000398211181
2566	1e-23	0.0011825999827124178
2567	1e-23	0.0012555000139400363
2568	1e-23	0.0012206999817863107
2569	1e-23	0.0011359999771229923
2570	1e-23	0.0013855999568477273
2571	1e-23	0.0011212999816052616
2572	1e-23	0.0010517000337131321
2573	1e-23	0.001235000032465905
2574	1e-23	0.0014249999658204615
2575	1e-23	0.001206899993121624
2576	1e-23	0.0012018999550491571
2577	1e-23	0.001269600004889071
2578	1e-23	0.0011686999932862818
2579	1e-23	0.0011790000135079026
2580	1e-23	0.0017729999963194132
2581	1e-23	0.0012832999927923083
2582	1e-23	0.0012254000175744295
2583	1e-23	0.001267199986614287
2584	1e-23	0.0011510999756865203
2585	1e-23	0.001146299997344613
2586	1e-23	0.0017138999537564814
2587	1e-23	0.0013634000206366181
2588	1e-23	0.0012227999977767467
2589	1e-23	0.0014939999673515558
2590	1e-23	0.0012694000033661723
2591	1e-23	0.0012238000053912401
2592	1e-23	0.0013467000098899007
2593	1e-23	0.0013405999634414911
2594	1e-23	0.0011841999948956072
2595	1e-23	0.0012738000368699431
2596	1e-23	0.0012694000033661723
2597	1e-23	0.0015700999647378922
2598	1e-23	0.0016573999891988933
2599	1e-23	0.001262500009033829
2600	1e-23	0.001132700010202825
2601	1e-23	0.001283799996599555
2602	1e-23	0.0013078000047244132
2603	1e-23	0.001158100028987974
2604	1e-23	0.001193600008264184
2605	1e-23	0.001304200035519898
2606	1e-23	0.001131199998781085
2607	1e-23	0.0010872000129893422
2608	1e-23	0.0012688999995589256
2609	1e-23	0.0012321000103838742
2610	1e-23	0.0011825000401586294
2611	1e-23	0.0012933000107295811
2612	1e-23	0.0012615000014193356
2613	1e-23	0.001144200039561838
2614	1e-23	0.0012214999878779054
2615	1e-23	0.0011786000104621053
2616	1e-23	0.0010850999969989061
2617	1e-23	0.0011857000063173473
2618	1e-23	0.0013393000117503107
2619	1e-23	0.0011913999915122986
2620	1e-23	0.0011128000332973897
2621	1e-23	0.0012260000221431255
2622	1e-23	0.0012009000056423247
2623	1e-23	0.0012456999975256622
2624	1e-23	0.0014533000066876411
2625	1e-23	0.0016080000204965472
2626	1e-23	0.0011679999879561365
2627	1e-23	0.0012193000293336809
2628	1e-23	0.0014610000071115792
2629	1e-23	0.0012570999679155648
2630	1e-23	0.0012160000042058527
2631	1e-23	0.0017047000001184642
2632	1e-23	0.0011743999784812331
2633	1e-23	0.0012557999580167234
2634	1e-23	0.0014230000087991357
2635	1e-23	0.0011998999980278313
2636	1e-23	0.0012925000046379864
2637	1e-23	0.0012806000304408371
2638	1e-23	0.0011989000486209989
2639	1e-23	0.001274899987038225
2640	1e-23	0.0013098999625071883
2641	1e-23	0.0011242000036872923
2642	1e-23	0.0011666000355035067
2643	1e-23	0.0012496000272221863
2644	1e-23	0.0011436999775469303
2645	1e-23	0.0012203999795019627
2646	1e-23	0.0016061000060290098
2647	1e-23	0.001249200024176389
2648	1e-23	0.0011229999945499003
2649	1e-23	0.0012134999851696193
2650	1e-23	0.0012572999694384634
2651	1e-23	0.0011224999907426536
2652	1e-23	0.0010277999681420624
2653	1e-23	0.0013309999485500157
2654	1e-23	0.0012644000235013664
2655	1e-23	0.0012288999860174954
2656	1e-23	0.0016086000250652432
2657	1e-23	0.0017056999495252967
2658	1e-23	0.001243900042027235
2659	1e-23	0.0010843999916687608
2660	1e-23	0.0010102000087499619
2661	1e-23	0.00090819998877123
2662	1e-23	0.0011789000127464533
2663	1e-23	0.001269600004889071
2664	1e-23	0.0012691000010818243
2665	1e-23	0.0011633000103756785
2666	1e-23	0.0013792000245302916
2667	1e-23	0.0012294999905861914
2668	1e-23	0.0011660000309348106
2669	1e-23	0.0011741999769583344
2670	1e-23	0.001384599949233234
2671	1e-23	0.0012969999806955457
2672	1e-23	0.0013070999993942678
2673	1e-23	0.0012914000544697046
2674	1e-23	0.0011897000367753208
2675	1e-23	0.001673299993854016
2676	1e-23	0.0013019999605603516
2677	1e-23	0.0012326000141911209
2678	1e-23	0.0014158000121824443
2679	1e-23	0.0012416000245139003
2680	1e-23	0.0011320000048726797
2681	1e-23	0.0014555000234395266
2682	1e-23	0.0014555000234395266
2683	1e-23	0.001325199962593615
2684	1e-23	0.0014119999832473695
2685	1e-23	0.00134240003535524
2686	1e-23	0.0012021000147797167
2687	1e-23	0.0013214999926276505
2688	1e-23	0.0012816000380553305
2689	1e-23	0.0012398000108078122
2690	1e-23	0.0012570000253617764
2691	1e-23	0.001346500008367002
2692	1e-23	0.001291799999307841
2693	1e-23	0.0012601999915204942
2694	1e-23	0.0014253999688662589
2695	1e-23	0.0012772000045515597
2696	1e-23	0.0012889000354334712
2697	1e-23	0.0013188999728299677
2698	1e-23	0.0011747999815270305
2699	1e-23	0.0010590999736450613
2700	1e-23	0.001388799981214106
2701	1e-23	0.0011604000465013087
2702	1e-23	0.0011233999975956976
2703	1e-23	0.001368400000501424
2704	1e-23	0.0013714999658986926
2705	1e-23	0.0011594999814406037
2706	1e-23	0.0012171999551355839
2707	1e-23	0.0011632000096142292
2708	1e-23	0.0011919999960809946
2709	1e-23	0.0011312999995425344
2710	1e-23	0.0013561999658122659
2711	1e-23	0.0011003999970853329
2712	1e-23	0.0011579999700188637
2713	1e-23	0.0012932000099681318
2714	1e-23	0.0012100000167265534
2715	1e-23	0.00120160001097247
2716	1e-23	0.0011402999516576529
2717	1e-23	0.0015041999868117273
2718	1e-23	0.0012608999968506396
2719	1e-23	0.001159899984486401
2720	1e-23	0.001260699995327741
2721	1e-23	0.0011387999984435737
2722	1e-23	0.0011683999910019338
2723	1e-23	0.0012126999790780246
2724	1e-23	0.0012386000016704202
2725	1e-23	0.0011440999805927277
2726	1e-23	0.0012990999966859818
2727	1e-23	0.0012915999977849424
2728	1e-23	0.001104900031350553
2729	1e-23	0.001443499990273267
2730	1e-23	0.0015418000402860343
2731	1e-23	0.0013495000312104821
2732	1e-23	0.001225799962412566
2733	1e-23	0.0012901000445708632
2734	1e-23	0.0012304999982006848
2735	1e-23	0.0011986000463366508
2736	1e-23	0.0013235000078566372
2737	1e-23	0.0012107999646104872
2738	1e-23	0.0011251000105403364
2739	1e-23	0.0012793000205419958
2740	1e-23	0.0012240000069141388
2741	1e-23	0.001260999997612089
2742	1e-23	0.0012386000016704202
2743	1e-23	0.001285000005736947
2744	1e-23	0.0012414000229910016
2745	1e-23	0.0011726999655365944
2746	1e-23	0.0013269999762997031
2747	1e-23	0.0011712000123225152
2748	1e-23	0.0013688000035472214
2749	1e-23	0.001221699989400804
2750	1e-23	0.001199499994982034
2751	1e-23	0.0011384999961592257
2752	1e-23	0.0013269999762997031
2753	1e-23	0.0015107000363059342
2754	1e-23	0.001184099994134158
2755	1e-23	0.0015586999943479896
2756	1e-23	0.0013055999879725277
2757	1e-23	0.0012130000395700336
2758	1e-23	0.0014642999740317464
2759	1e-23	0.0013222999987192452
2760	1e-23	0.0013513999874703586
2761	1e-23	0.00137039995752275
2762	1e-23	0.0012839999981224537
2763	1e-23	0.0013017000164836645
2764	1e-23	0.0015974999987520278
2765	1e-23	0.0012820999836549163
2766	1e-23	0.001359199988655746
2767	1e-23	0.0015201999922282994
2768	1e-23	0.0014474999625235796
2769	1e-23	0.0011009000008925796
2770	1e-23	0.001552000001538545
2771	1e-23	0.0013779000146314502
2772	1e-23	0.0011364000383764505
2773	1e-23	0.0013681999989785254
2774	1e-23	0.0009674999746493995
2775	1e-23	0.0019104999955743551
2776	1e-23	0.0014598999987356365
2777	1e-23	0.0011955999652855098
2778	1e-23	0.001236199983395636
2779	1e-23	0.0012562000192701817
2780	1e-23	0.0011946000158786774
2781	1e-23	0.0014527000021189451
2782	1e-23	0.0013235000078566372
2783	1e-23	0.0016886999947018921
2784	1e-23	0.0014932999620214105
2785	1e-23	0.0017220000154338777
2786	1e-23	0.0018927999772131443
2787	1e-23	0.0014945999719202518
2788	1e-23	0.001281099976040423
2789	1e-23	0.0015382000128738582
2790	1e-23	0.0013712000218220055
2791	1e-23	0.0013232000055722892
2792	1e-23	0.001525700034108013
2793	1e-23	0.0014050999889150262
2794	1e-23	0.0012402000138536096
2795	1e-23	0.0012738999794237316
2796	1e-23	0.0015926000196486712
2797	1e-23	0.0016749000060372055
2798	1e-23	0.0015399999683722854
2799	1e-23	0.0018452000222168863
2800	1e-23	0.0016339999856427312
2801	1e-23	0.0016191000468097627
2802	1e-23	0.0013160000089555979
2803	1e-23	0.0013675999944098294
2804	1e-23	0.0013559000217355788
2805	1e-23	0.0012692000018432736
2806	1e-23	0.0015971999964676797
2807	1e-23	0.0013682999997399747
2808	1e-23	0.001234399969689548
2809	1e-23	0.0015750000020489097
2810	1e-23	0.0011664999765343964
2811	1e-23	0.0011127000325359404
2812	1e-23	0.0013034999719820917
2813	1e-23	0.0013927000109106302
2814	1e-23	0.0012419999693520367
2815	1e-23	0.0016116999904625118
2816	1e-23	0.0013211999903433025
2817	1e-23	0.0012183000217191875
2818	1e-23	0.00164309999672696
2819	1e-23	0.0014300000038929284
2820	1e-23	0.0012794999638572335
2821	1e-23	0.0013783000176772475
2822	1e-23	0.0013998000067658722
2823	1e-23	0.0011954999645240605
2824	1e-23	0.0014790999703109264
2825	1e-23	0.0012339999666437507
2826	1e-23	0.0011524000437930226
2827	1e-23	0.0015305000124499202
2828	1e-23	0.0012504999758675694
2829	1e-23	0.0013796999701298773
2830	1e-23	0.0015870000352151692
2831	1e-23	0.0013199999812059104
2832	1e-23	0.001289999985601753
2833	1e-23	0.001347700017504394
2834	1e-23	0.0012657999759539962
2835	1e-23	0.0011821999796666205
2836	1e-23	0.0014685000060126185
2837	1e-23	0.001243600039742887
2838	1e-23	0.0011838999926112592
2839	1e-23	0.0012518999865278602
2840	1e-23	0.0012389999465085566
2841	1e-23	0.0012277000350877643
2842	1e-23	0.0012313000042922795
2843	1e-23	0.0013572999741882086
2844	1e-23	0.001402700028847903
2845	1e-23	0.0013097000191919506
2846	1e-23	0.001250700035598129
2847	1e-23	0.0011110000195913017
2848	1e-23	0.0011172000085934997
2849	1e-23	0.0012573999701999128
2850	1e-23	0.0011889999732375145
2851	1e-23	0.0011769999982789159
2852	1e-23	0.0017862999811768532
2853	1e-23	0.001360700000077486
2854	1e-23	0.0010803000186569989
2855	1e-23	0.0017100999830290675
2856	1e-23	0.001242399972397834
2857	1e-23	0.0011936999508179724
2858	1e-23	0.0012515999842435122
2859	1e-23	0.001212199975270778
2860	1e-23	0.0011345999664627016
2861	1e-23	0.0011467000003904104
2862	1e-23	0.0011969999759458005
2863	1e-23	0.0011408999562263489
2864	1e-23	0.0011563999578356743
2865	1e-23	0.0013499000342562795
2866	1e-23	0.0012312000035308301
2867	1e-23	0.0011131999781355262
2868	1e-23	0.0013394999550655484
2869	1e-23	0.0013966000406071544
2870	1e-23	0.0014110999763943255
2871	1e-23	0.001332900021225214
2872	1e-23	0.0013760000001639128
2873	1e-23	0.0012954000267200172
2874	1e-23	0.001352099992800504
2875	1e-23	0.0011915999930351973
2876	1e-23	0.0013495999737642705
2877	1e-23	0.0013211999903433025
2878	1e-23	0.00145650003105402
2879	1e-23	0.0012345000286586583
2880	1e-23	0.001215199998114258
2881	1e-23	0.001339700014796108
2882	1e-23	0.0013086000108160079
2883	1e-23	0.0012391000054776669
2884	1e-23	0.0013923000078648329
2885	1e-23	0.0012351000332273543
2886	1e-23	0.001289999985601753
2887	1e-23	0.0014069000026211143
2888	1e-23	0.0013055999879725277
2889	1e-23	0.001329899998381734
2890	1e-23	0.001403300033416599
2891	1e-23	0.0013583999825641513
2892	1e-23	0.0012944000191055238
2893	1e-23	0.001357999979518354
2894	1e-23	0.0012865999597124755
2895	1e-23	0.001193000003695488
2896	1e-23	0.0012357999803498387
2897	1e-23	0.0011897000367753208
2898	1e-23	0.001164599962066859
2899	1e-23	0.0016017000307329
2900	1e-23	0.0013374999980442226
2901	1e-23	0.0011752999853342772
2902	1e-23	0.0013507999829016626
2903	1e-23	0.001187400019261986
2904	1e-23	0.0010486000101082027
2905	1e-23	0.0012948000221513212
2906	1e-23	0.0011378000490367413
2907	1e-23	0.0011270999675616622
2908	1e-23	0.0010845999931916595
2909	1e-23	0.0012160000042058527
2910	1e-23	0.0010776999988593161
2911	1e-23	0.0010212999768555164
2912	1e-23	0.0018684999668039382
2913	1e-23	0.0014281999901868403
2914	1e-23	0.0011517000384628773
2915	1e-23	0.0014681000029668212
2916	1e-23	0.0012608999968506396
2917	1e-23	0.0011418999638408422
2918	1e-23	0.001408900017850101
2919	1e-23	0.0012034999672323465
2920	1e-23	0.001159599982202053
2921	1e-23	0.0012531999964267015
2922	1e-23	0.0012404000153765082
2923	1e-23	0.0012932000099681318
2924	1e-23	0.0011895999778062105
2925	1e-23	0.0012818000395782292
2926	1e-23	0.0012717999634332955
2927	1e-23	0.0015596000012010336
2928	1e-23	0.0015981000033207238
2929	1e-23	0.0011389999999664724
2930	1e-23	0.0011873000185005367
2931	1e-23	0.0012885999749414623
2932	1e-23	0.001125300012063235
2933	1e-23	0.001172899967059493
2934	1e-23	0.0012947000213898718
2935	1e-23	0.0012611999991349876
2936	1e-23	0.001166399975772947
2937	1e-23	0.0012445999891497195
2938	1e-23	0.001269900007173419
2939	1e-23	0.0011790000135079026
2940	1e-23	0.0012936000130139291
2941	1e-23	0.0011983999866060913
2942	1e-23	0.0010469999979250133
2943	1e-23	0.0011004999978467822
2944	1e-23	0.0013510999851860106
2945	1e-23	0.001131800003349781
2946	1e-23	0.0011195999686606228
2947	1e-23	0.0013427000376395881
2948	1e-23	0.0011764999944716692
2949	1e-23	0.0010718000121414661
2950	1e-23	0.0010639999527484179
2951	1e-23	0.0011764999944716692
2952	1e-23	0.0010369999799877405
2953	1e-23	0.0011761999921873212
2954	1e-23	0.0013586999848484993
2955	1e-23	0.0012320000096224248
2956	1e-23	0.0011442999821156263
2957	1e-23	0.0011588999768719077
2958	1e-23	0.0012706000125035644
2959	1e-23	0.0011824999819509685
2960	1e-23	0.0012980000465177
2961	1e-23	0.00137779995566234
2962	1e-23	0.0011513999779708683
2963	1e-23	0.001117300009354949
2964	1e-23	0.0011989999911747873
2965	1e-23	0.0011751999845728278
2966	1e-23	0.0010858000023290515
2967	1e-23	0.0012150999973528087
2968	1e-23	0.0016124999965541065
2969	1e-23	0.001117300009354949
2970	1e-23	0.0010120999650098383
2971	1e-23	0.0012333000195212662
2972	1e-23	0.0010918999905698001
2973	1e-23	0.0013810000382363796
2974	1e-23	0.0015215999446809292
2975	1e-23	0.0012182000209577382
2976	1e-23	0.0011109999613836408
2977	1e-23	0.001541700039524585
2978	1e-23	0.0014744999934919178
2979	1e-23	0.001159900042694062
2980	1e-23	0.0014031999744474888
2981	1e-23	0.0012669999850913882
2982	1e-23	0.001208100002259016
2983	1e-23	0.0015180000336840749
2984	1e-23	0.0013149000005796552
2985	1e-23	0.001222899998538196
2986	1e-23	0.0015146000077947974
2987	1e-23	0.0014713000273332
2988	1e-23	0.001131800003349781
2989	1e-23	0.0012879999703727663
2990	1e-23	0.0012045999756082892
2991	1e-23	0.0009530000388622284
2992	1e-23	0.0009963000193238258
2993	1e-23	0.0011871999595314264
2994	1e-23	0.0012067999923601747
2995	1e-23	0.0010614999919198453
2996	1e-23	0.0013863000203855336
2997	1e-23	0.0012873999658040702
2998	1e-23	0.001097200030926615
2999	1e-23	0.0012132000410929322
3000	1e-23	0.001290299987886101
