epoch	total	seconds
1	1e-23	0.20989090000512078
2	1e-23	0.0023033000179566443
3	1e-23	0.0015483000315725803
4	1e-23	0.0012784000136889517
5	1e-23	0.0015623000217601657
6	1e-23	0.0014876999775879085
7	1e-23	0.001428399991709739
8	1e-23	0.0014555000234395266
9	1e-23	0.0012715999619103968
10	1e-23	0.0017510000034235418
11	1e-23	0.0013876999728381634
12	1e-23	0.0011860000086016953
13	1e-23	0.0011661999742500484
14	1e-23	0.001216100004967302
15	1e-23	0.001325200020801276
16	1e-23	0.0012615000014193356
17	1e-23	0.0011867000139318407
18	1e-23	0.0012812999775633216
19	1e-23	0.0012149999965913594
20	1e-23	0.0014266000362113118
21	1e-23	0.0015150000108405948
22	1e-23	0.0015289000002667308
23	1e-23	0.0014871000312268734
24	1e-23	0.0013337999698705971
25	1e-23	0.0013098000199534
26	1e-23	0.0015501999878324568
27	1e-23	0.0015648999833501875
28	1e-23	0.0016839999589137733
29	1e-23	0.0013657000381499529
30	1e-23	0.0011005999986082315
31	1e-23	0.0012684999965131283
32	1e-23	0.0014575000386685133
33	1e-23	0.0026141999987885356
34	1e-23	0.0012817999813705683
35	1e-23	0.001718799991067499
36	1e-23	0.001944500021636486
37	1e-23	0.001234699971973896
38	1e-23	0.0012030000216327608
39	1e-23	0.0012253999593667686
40	1e-23	0.001194800017401576
41	1e-23	0.0012468999484553933
42	1e-23	0.001164900022558868
43	1e-23	0.0013161000097170472
44	1e-23	0.001325800025369972
45	1e-23	0.0012162000057287514
46	1e-23	0.0012229999992996454
47	1e-23	0.0013842000043950975
48	1e-23	0.00136599998222664
49	1e-23	0.001206899993121624
50	1e-23	0.0012365999864414334
51	1e-23	0.001216700009535998
52	1e-23	0.0012733000330626965
53	1e-23	0.0013001000043004751
54	1e-23	0.0012049999786540866
55	1e-23	0.001352399995084852
56	1e-23	0.001097800035495311
57	1e-23	0.0013277000398375094
58	1e-23	0.0012157000019215047
59	1e-23	0.0011824999819509685
60	1e-23	0.0012111999676562846
61	1e-23	0.001260999997612089
62	1e-23	0.0012969000381417572
63	1e-23	0.0011030000168830156
64	1e-23	0.0012373999925330281
65	1e-23	0.0013294999953359365
66	1e-23	0.0011644000187516212
67	1e-23	0.0012944999616593122
68	1e-23	0.0013781000161543489
69	1e-23	0.0012075999984517694
70	1e-23	0.0011892999755218625
71	1e-23	0.0012003000010736287
72	1e-23	0.00135570002021268
73	1e-23	0.0011480000102892518
74	1e-23	0.0012812000350095332
75	1e-23	0.0011348999687470496
76	1e-23	0.0011692999978549778
77	1e-23	0.001222899998538196
78	1e-23	0.0012529999949038029
79	1e-23	0.0011372999870218337
80	1e-23	0.0013702000142075121
81	1e-23	0.001331700012087822
82	1e-23	0.001299199997447431
83	1e-23	0.0011913999915122986
84	1e-23	0.0012152999988757074
85	1e-23	0.00117500004125759
86	1e-23	0.001212199975270778
87	1e-23	0.0017766999662853777
88	1e-23	0.0013103000237606466
89	1e-23	0.0012701000086963177
90	1e-23	0.0013052000431343913
91	1e-23	0.0019729999476112425
92	1e-23	0.0014492999762296677
93	1e-23	0.0017105999868363142
94	1e-23	0.0013676999951712787
95	1e-23	0.0028975000022910535
96	1e-23	0.0011930999462492764
97	1e-23	0.0012728000292554498
98	1e-23	0.0012436999822966754
99	1e-23	0.0011557000107131898
100	1e-23	0.0010942000080831349
101	1e-23	0.0014971000491641462
102	1e-23	0.0011646999628283083
103	1e-23	0.0012116999714635313
104	1e-23	0.0013917000032961369
105	1e-23	0.001146299997344613
106	1e-23	0.0011085000005550683
107	1e-23	0.002685000014025718
108	1e-23	0.0016684000147506595
109	1e-23	0.0012618000037036836
110	1e-23	0.0012028999626636505
111	1e-23	0.0014082000125199556
112	1e-23	0.0014275999856181443
113	1e-23	0.0011968000326305628
114	1e-23	0.0011559000122360885
115	1e-23	0.0013401000178419054
116	1e-23	0.001222899998538196
117	1e-23	0.0011041999678127468
118	1e-23	0.0012305999989621341
119	1e-23	0.0014949999749660492
120	1e-23	0.0012107999646104872
121	1e-23	0.0012129999813623726
122	1e-23	0.0017869999865069985
123	1e-23	0.0013108000275678933
124	1e-23	0.0013561000232584774
125	1e-23	0.0017003999673761427
126	1e-23	0.001303299970459193
127	1e-23	0.0012156000011600554
128	1e-23	0.001213699986692518
129	1e-23	0.001276099996175617
130	1e-23	0.0013494000304490328
131	1e-23	0.001417800027411431
132	1e-23	0.001202800020109862
133	1e-23	0.0016071000136435032
134	1e-23	0.0012589999823831022
135	1e-23	0.001202200015541166
136	1e-23	0.003189200011547655
137	1e-23	0.0014040000387467444
138	1e-23	0.0014133999939076602
139	1e-23	0.0011861000093631446
140	1e-23	0.001193300005979836
141	1e-23	0.0011719000176526606
142	1e-23	0.00118680001469329
143	1e-23	0.001224899955559522
144	1e-23	0.0013445999938994646
145	1e-23	0.0015782999689690769
146	1e-23	0.0013269000337459147
147	1e-23	0.001476300007198006
148	1e-23	0.002655700023751706
149	1e-23	0.0014971999917179346
150	1e-23	0.0015383000136353076
151	1e-23	0.0015070000081323087
152	1e-23	0.0015849000192247331
153	1e-23	0.0026359999901615083
154	1e-23	0.001296799979172647
155	1e-23	0.001192399999126792
156	1e-23	0.0012673999881371856
157	1e-23	0.001381699985358864
158	1e-23	0.0014458000077866018
159	1e-23	0.0012524999910965562
160	1e-23	0.0011486000148579478
161	1e-23	0.0011907999869436026
162	1e-23	0.0011346000246703625
163	1e-23	0.0011829999857582152
164	1e-23	0.0011816999758593738
165	1e-23	0.001242399972397834
166	1e-23	0.0012490000226534903
167	1e-23	0.0012395000085234642
168	1e-23	0.0013752999948337674
169	1e-23	0.0011958000250160694
170	1e-23	0.0012438999838195741
171	1e-23	0.0011288999812677503
172	1e-23	0.002104200015310198
173	1e-23	0.0017982000135816634
174	1e-23	0.001464199973270297
175	1e-23	0.001199499994982034
176	1e-23	0.0013839000021107495
177	1e-23	0.001414199999999255
178	1e-23	0.0013628000160679221
179	1e-23	0.0013321000151336193
180	1e-23	0.0012724000262096524
181	1e-23	0.0013129999861121178
182	1e-23	0.0011897999793291092
183	1e-23	0.0012111999676562846
184	1e-23	0.0013821000466123223
185	1e-23	0.005255600030068308
186	1e-23	0.0017834999598562717
187	1e-23	0.0013982999953441322
188	1e-23	0.0014399000210687518
189	1e-23	0.001193000003695488
190	1e-23	0.0011604000465013087
191	1e-23	0.002118400007020682
192	1e-23	0.0017684000195004046
193	1e-23	0.001323700009379536
194	1e-23	0.0014940000255592167
195	1e-23	0.0018752000178210437
196	1e-23	0.0013907999964430928
197	1e-23	0.001396800042130053
198	1e-23	0.0012599999899975955
199	1e-23	0.0011808999697677791
200	1e-23	0.0013555000186897814
201	1e-23	0.001165799971204251
202	1e-23	0.0011491000186651945
203	1e-23	0.0013541000080294907
204	1e-23	0.0013775000115856528
205	1e-23	0.0013589999871328473
206	1e-23	0.0012488000211305916
207	1e-23	0.0013420999748632312
208	1e-23	0.0012063999893143773
209	1e-23	0.0013371999957598746
210	1e-23	0.0011344999657012522
211	1e-23	0.0010652000200934708
212	1e-23	0.0011478000087663531
213	1e-23	0.001171099953353405
214	1e-23	0.0012326000141911209
215	1e-23	0.0020680000307038426
216	1e-23	0.0036678999895229936
217	1e-23	0.0012238999479450285
218	1e-23	0.0011591999791562557
219	1e-23	0.0010883999639190733
220	1e-23	0.0011485000140964985
221	1e-23	0.0009549999958835542
222	1e-23	0.001347400015220046
223	1e-23	0.0011267999652773142
224	1e-23	0.0012273999745957553
225	1e-23	0.0016618999652564526
226	1e-23	0.0026446999981999397
227	1e-23	0.003014700021594763
228	1e-23	0.004537299973890185
229	1e-23	0.0020006000413559377
230	1e-23	0.0015171999693848193
231	1e-23	0.001825899991672486
232	1e-23	0.001346500008367002
233	1e-23	0.0014129000483080745
234	1e-23	0.0011888999724760652
235	1e-23	0.001164900022558868
236	1e-23	0.0013124000397510827
237	1e-23	0.001311899977736175
238	1e-23	0.0013202999834902585
239	1e-23	0.0013838999439030886
240	1e-23	0.002051799965556711
241	1e-23	0.0019035000004805624
242	1e-23	0.0011263000196777284
243	1e-23	0.0011811000294983387
244	1e-23	0.001190899987705052
245	1e-23	0.0011828999849967659
246	1e-23	0.0012393000070005655
247	1e-23	0.0011686000507324934
248	1e-23	0.0012632999569177628
249	1e-23	0.0013370999949984252
250	1e-23	0.001167600043118
251	1e-23	0.0013563000247813761
252	1e-23	0.0015740999951958656
253	1e-23	0.0013260000268928707
254	1e-23	0.0012012000079266727
255	1e-23	0.0012464000028558075
256	1e-23	0.0012658999767154455
257	1e-23	0.001109600008931011
258	1e-23	0.0011126999743282795
259	1e-23	0.0014708999660797417
260	1e-23	0.0011044999700970948
261	1e-23	0.0011287000379525125
262	1e-23	0.00114540004869923
263	1e-23	0.0012021000147797167
264	1e-23	0.001223200000822544
265	1e-23	0.001196000026538968
266	1e-23	0.001390000048559159
267	1e-23	0.001303300028666854
268	1e-23	0.0013207000447437167
269	1e-23	0.0011967000318691134
270	1e-23	0.0014538000104948878
271	1e-23	0.0011849000002257526
272	1e-23	0.0018979000160470605
273	1e-23	0.0012273999745957553
274	1e-23	0.001341200026217848
275	1e-23	0.0011557000107131898
276	1e-23	0.0013921000063419342
277	1e-23	0.001262800011318177
278	1e-23	0.0015011000214144588
279	1e-23	0.0012547000078484416
280	1e-23	0.0011162000009790063
281	1e-23	0.0011792000150308013
282	1e-23	0.0012732000323012471
283	1e-23	0.0011416999623179436
284	1e-23	0.0011947999591939151
285	1e-23	0.0012197999749332666
286	1e-23	0.0011883999686688185
287	1e-23	0.001254500006325543
288	1e-23	0.0012184999650344253
289	1e-23	0.0013645999715663493
290	1e-23	0.001330800005234778
291	1e-23	0.0015438999980688095
292	1e-23	0.001284400001168251
293	1e-23	0.0012801999691873789
294	1e-23	0.001303599972743541
295	1e-23	0.0012704000109806657
296	1e-23	0.0013967999839223921
297	1e-23	0.0013012999552302063
298	1e-23	0.0012502999743446708
299	1e-23	0.001516199961770326
300	1e-23	0.0018684000242501497
301	1e-23	0.001830600027460605
302	1e-23	0.0012868000194430351
303	1e-23	0.0012206999817863107
304	1e-23	0.0012904999894089997
305	1e-23	0.0012698000064119697
306	1e-23	0.0012446999899111688
307	1e-23	0.0012126999790780246
308	1e-23	0.0012038000277243555
309	1e-23	0.0015174000291153789
310	1e-23	0.0011894000344909728
311	1e-23	0.001348900026641786
312	1e-23	0.001328500045929104
313	1e-23	0.001658799999859184
314	1e-23	0.001228499982971698
315	1e-23	0.0012293000472709537
316	1e-23	0.0013350999797694385
317	1e-23	0.0013954999740235507
318	1e-23	0.0012487999629229307
319	1e-23	0.0011699000024236739
320	1e-23	0.0013815000420436263
321	1e-23	0.0012433999800123274
322	1e-23	0.0014161999570205808
323	1e-23	0.0011566000175662339
324	1e-23	0.0013043000362813473
325	1e-23	0.0012461000005714595
326	1e-23	0.0013620999525301158
327	1e-23	0.0015347999869845808
328	1e-23	0.0012295000487938523
329	1e-23	0.0029567000456154346
330	1e-23	0.0017856999766081572
331	1e-23	0.0015882000443525612
332	1e-23	0.0012708999565802515
333	1e-23	0.0014383000088855624
334	1e-23	0.0014023000258021057
335	1e-23	0.0012505000340752304
336	1e-23	0.0013031999696977437
337	1e-23	0.0013753999955952168
338	1e-23	0.0013936000177636743
339	1e-23	0.0015573999844491482
340	1e-23	0.0012681999942287803
341	1e-23	0.0013091000146232545
342	1e-23	0.001289999985601753
343	1e-23	0.0014653000398539007
344	1e-23	0.0013100000214762986
345	1e-23	0.0012094000121578574
346	1e-23	0.0011755000450648367
347	1e-23	0.001393200014717877
348	1e-23	0.0013029000256210566
349	1e-23	0.0011743999784812331
350	1e-23	0.0014987000031396747
351	1e-23	0.0013515999889932573
352	1e-23	0.0018515000119805336
353	1e-23	0.0016015000292100012
354	1e-23	0.0015063000028021634
355	1e-23	0.0013265000307001173
356	1e-23	0.0016601000097580254
357	1e-23	0.0012040000292472541
358	1e-23	0.0012857000110670924
359	1e-23	0.00121640000725165
360	1e-23	0.001265500031877309
361	1e-23	0.0011294999858364463
362	1e-23	0.0012070999946445227
363	1e-23	0.0014229999505914748
364	1e-23	0.0014564000302925706
365	1e-23	0.0011961000273004174
366	1e-23	0.0013445999938994646
367	1e-23	0.0012252999586053193
368	1e-23	0.0012514999834820628
369	1e-23	0.0012620000052265823
370	1e-23	0.001429299998562783
371	1e-23	0.0010915999882854521
372	1e-23	0.0012315000058151782
373	1e-23	0.0011835999903269112
374	1e-23	0.001325499964877963
375	1e-23	0.0012029000208713114
376	1e-23	0.0010322000016458333
377	1e-23	0.0011751999845728278
378	1e-23	0.0016471000271849334
379	1e-23	0.0011971999774686992
380	1e-23	0.0010639999527484179
381	1e-23	0.0012231000000610948
382	1e-23	0.0014054999919608235
383	1e-23	0.0013063999940641224
384	1e-23	0.0011798000195994973
385	1e-23	0.0013501000357791781
386	1e-23	0.0012784000136889517
387	1e-23	0.0018199000041931868
388	1e-23	0.0011995999957434833
389	1e-23	0.0012094000121578574
390	1e-23	0.0010676999809220433
391	1e-23	0.0012324000126682222
392	1e-23	0.0012407000176608562
393	1e-23	0.0012618000037036836
394	1e-23	0.0011995999957434833
395	1e-23	0.001332900021225214
396	1e-23	0.0011953999637626112
397	1e-23	0.0013286999892443419
398	1e-23	0.0013319000136107206
399	1e-23	0.0022086999961175025
400	1e-23	0.0013109000283293426
401	1e-23	0.0013953999732621014
402	1e-23	0.0013062000507488847
403	1e-23	0.0012984999921172857
404	1e-23	0.001858400006312877
405	1e-23	0.0013818999868817627
406	1e-23	0.0013436000444926322
407	1e-23	0.001187700021546334
408	1e-23	0.0018032999942079186
409	1e-23	0.0016231000190600753
410	1e-23	0.0013581999810412526
411	1e-23	0.0013079000054858625
412	1e-23	0.0012568000238388777
413	1e-23	0.001350899983663112
414	1e-23	0.0016617000219412148
415	1e-23	0.0012420000275596976
416	1e-23	0.0011207999777980149
417	1e-23	0.0011482000118121505
418	1e-23	0.0011626000050455332
419	1e-23	0.0014421999803744256
420	1e-23	0.0017251999815925956
421	1e-23	0.001421299995854497
422	1e-23	0.0012713000178337097
423	1e-23	0.0012051999801769853
424	1e-23	0.002674999996088445
425	1e-23	0.002361199993174523
426	1e-23	0.0011762999929487705
427	1e-23	0.0012498999712988734
428	1e-23	0.001516499964054674
429	1e-23	0.00118530000327155
430	1e-23	0.0012590999831445515
431	1e-23	0.001289399981033057
432	1e-23	0.0010782000026665628
433	1e-23	0.0014284999924711883
434	1e-23	0.0012410000199452043
435	1e-23	0.0034898000303655863
436	1e-23	0.001754599972628057
437	1e-23	0.0013404999626800418
438	1e-23	0.0018987000221386552
439	1e-23	0.0013611000031232834
440	1e-23	0.0012319000088609755
441	1e-23	0.001250100031029433
442	1e-23	0.001276700000744313
443	1e-23	0.0014605000033043325
444	1e-23	0.0012796999653801322
445	1e-23	0.0013616999494843185
446	1e-23	0.0013472000136971474
447	1e-23	0.0011436000349931419
448	1e-23	0.0012255000183358788
449	1e-23	0.0012333999620750546
450	1e-23	0.001199799997266382
451	1e-23	0.0012140999897383153
452	1e-23	0.001286200014874339
453	1e-23	0.001179100014269352
454	1e-23	0.0012796000228263438
455	1e-23	0.0013233000063337386
456	1e-23	0.0011656000278890133
457	1e-23	0.0015639999764971435
458	1e-23	0.0014340000343509018
459	1e-23	0.0014803000376559794
460	1e-23	0.0013518999912776053
461	1e-23	0.0017036999925039709
462	1e-23	0.001550900051370263
463	1e-23	0.0017873999895527959
464	1e-23	0.0014731999835930765
465	1e-23	0.0014719999744556844
466	1e-23	0.0016441000043414533
467	1e-23	0.0011470000026747584
468	1e-23	0.0011659999727271497
469	1e-23	0.0010950000141747296
470	1e-23	0.0010834999848157167
471	1e-23	0.0012400999548844993
472	1e-23	0.001815199968405068
473	1e-23	0.0012156000011600554
474	1e-23	0.0012467000051401556
475	1e-23	0.0012189000262878835
476	1e-23	0.0012041000300087035
477	1e-23	0.001212499977555126
478	1e-23	0.001260999997612089
479	1e-23	0.001239399949554354
480	1e-23	0.001221699989400804
481	1e-23	0.0011916999937966466
482	1e-23	0.001328800048213452
483	1e-23	0.0012282999814487994
484	1e-23	0.001274899987038225
485	1e-23	0.0011323999497108161
486	1e-23	0.0011484999558888376
487	1e-23	0.0011626000050455332
488	1e-23	0.0011894000344909728
489	1e-23	0.0011248000082559884
490	1e-23	0.0010701999999582767
491	1e-23	0.001200400001835078
492	1e-23	0.0012220999924466014
493	1e-23	0.0012121000327169895
494	1e-23	0.0013727000332437456
495	1e-23	0.0013407000224106014
496	1e-23	0.0013196999789215624
497	1e-23	0.0012315999483689666
498	1e-23	0.0014557000249624252
499	1e-23	0.001500000013038516
500	1e-23	0.0017118999967351556
501	1e-23	0.0011645000195130706
502	1e-23	0.0013215999933890998
503	1e-23	0.0021215000306256115
504	1e-23	0.0013528999988920987
505	1e-23	0.0012691000010818243
506	1e-23	0.002931400027591735
507	1e-23	0.005801499995868653
508	1e-23	0.0011771999998018146
509	1e-23	0.0013213999918662012
510	1e-23	0.0013940000208094716
511	1e-23	0.002805600001011044
512	1e-23	0.003092500031925738
513	1e-23	0.002375299984123558
514	1e-23	0.0015714999753981829
515	1e-23	0.0013396000140346587
516	1e-23	0.0011548000038601458
517	1e-23	0.0011623000027611852
518	1e-23	0.0011540999985300004
519	1e-23	0.001193300005979836
520	1e-23	0.0022163999965414405
521	1e-23	0.0012839999981224537
522	1e-23	0.0011628000065684319
523	1e-23	0.0013000000035390258
524	1e-23	0.0013417000300250947
525	1e-23	0.001259000040590763
526	1e-23	0.0012292999890632927
527	1e-23	0.001306300051510334
528	1e-23	0.001386700023431331
529	1e-23	0.001213099982123822
530	1e-23	0.0013715000241063535
531	1e-23	0.0012781000114046037
532	1e-23	0.0012114999699406326
533	1e-23	0.0014213999966159463
534	1e-23	0.0013565000263042748
535	1e-23	0.001233800023328513
536	1e-23	0.0011543000000528991
537	1e-23	0.0013349000364542007
538	1e-23	0.0013210999895818532
539	1e-23	0.001209300011396408
540	1e-23	0.0010695000528357923
541	1e-23	0.001153399993199855
542	1e-23	0.0015906000044196844
543	1e-23	0.001185900007840246
544	1e-23	0.0011630000080913305
545	1e-23	0.001156599959358573
546	1e-23	0.001573299989104271
547	1e-23	0.0013534000026993454
548	1e-23	0.001233500021044165
549	1e-23	0.0010835000430233777
550	1e-23	0.001184099994134158
551	1e-23	0.0011647000210359693
552	1e-23	0.001185900007840246
553	1e-23	0.0014548999606631696
554	1e-23	0.001534599985461682
555	1e-23	0.0013075000024400651
556	1e-23	0.00137339998036623
557	1e-23	0.0014039999805390835
558	1e-23	0.0011946000158786774
559	1e-23	0.0012373000499792397
560	1e-23	0.00134529999922961
561	1e-23	0.001196300028823316
562	1e-23	0.0011875999625772238
563	1e-23	0.0012340999674052
564	1e-23	0.0014356999890878797
565	1e-23	0.001303600030951202
566	1e-23	0.0014838999486528337
567	1e-23	0.0012002000003121793
568	1e-23	0.0012107999646104872
569	1e-23	0.0012246000114828348
570	1e-23	0.0013510999851860106
571	1e-23	0.0013598999939858913
572	1e-23	0.00131130003137514
573	1e-23	0.0019131000153720379
574	1e-23	0.0016367000062018633
575	1e-23	0.0017914000200107694
576	1e-23	0.001106100040487945
577	1e-23	0.0015578000457026064
578	1e-23	0.0012654000311158597
579	1e-23	0.001160499989055097
580	1e-23	0.0011777000036090612
581	1e-23	0.0015403000288642943
582	1e-23	0.0013393000117503107
583	1e-23	0.001311899977736175
584	1e-23	0.0012969999806955457
585	1e-23	0.0010729999630711973
586	1e-23	0.0012887000339105725
587	1e-23	0.0012392000062391162
588	1e-23	0.001465399982407689
589	1e-23	0.0021312999888323247
590	1e-23	0.0012179999612271786
591	1e-23	0.0011707000085152686
592	1e-23	0.0013964000390842557
593	1e-23	0.0010968000278808177
594	1e-23	0.0011309999972581863
595	1e-23	0.0011698000016622245
596	1e-23	0.0013021000195294619
597	1e-23	0.0011597000411711633
598	1e-23	0.0013582000392489135
599	1e-23	0.0012639000196941197
600	1e-23	0.0014472000184468925
601	1e-23	0.0013253999641165137
602	1e-23	0.0012727999710477889
603	1e-23	0.0012894999817945063
604	1e-23	0.001385799958370626
605	1e-23	0.001274299982469529
606	1e-23	0.0012796000228263438
607	1e-23	0.0014188000350259244
608	1e-23	0.0012751000467687845
609	1e-23	0.0011300999904051423
610	1e-23	0.0011543000000528991
611	1e-23	0.0011740999761968851
612	1e-23	0.0013171000173315406
613	1e-23	0.0011811000294983387
614	1e-23	0.0011932000052183867
615	1e-23	0.0013116999762132764
616	1e-23	0.0014028999721631408
617	1e-23	0.001389100041706115
618	1e-23	0.001248299959115684
619	1e-23	0.001221699989400804
620	1e-23	0.0013062000507488847
621	1e-23	0.001104900031350553
622	1e-23	0.0013128999853506684
623	1e-23	0.0015570999821648002
624	1e-23	0.0012057000421918929
625	1e-23	0.0013104999670758843
626	1e-23	0.0013281999854370952
627	1e-23	0.0013309000059962273
628	1e-23	0.0016189999878406525
629	1e-23	0.0015782000264152884
630	1e-23	0.0017496999935247004
631	1e-23	0.00154079997446388
632	1e-23	0.001769400027114898
633	1e-23	0.0013207999872975051
634	1e-23	0.0014327000244520605
635	1e-23	0.0012399000115692616
636	1e-23	0.0011918999953195453
637	1e-23	0.0011879999656230211
638	1e-23	0.0012954999692738056
639	1e-23	0.0013367999927140772
640	1e-23	0.0011952999630011618
641	1e-23	0.0012636000174097717
642	1e-23	0.001243299979250878
643	1e-23	0.0011844999971799552
644	1e-23	0.0012177000171504915
645	1e-23	0.0010748000349849463
646	1e-23	0.001808699977118522
647	1e-23	0.001567700004670769
648	1e-23	0.0011740999761968851
649	1e-23	0.001176200050394982
650	1e-23	0.0011806999682448804
651	1e-23	0.0014113999786786735
652	1e-23	0.00122819998068735
653	1e-23	0.0013814999838359654
654	1e-23	0.001392900012433529
655	1e-23	0.0012032999657094479
656	1e-23	0.0014093999634496868
657	1e-23	0.0018586000078357756
658	1e-23	0.0018391000339761376
659	1e-23	0.001406499999575317
660	1e-23	0.0015849000192247331
661	1e-23	0.0013467000098899007
662	1e-23	0.0012617000029422343
663	1e-23	0.0012706000125035644
664	1e-23	0.0012165000080130994
665	1e-23	0.0014202999882400036
666	1e-23	0.0014044999843463302
667	1e-23	0.0012701000086963177
668	1e-23	0.00122819998068735
669	1e-23	0.0013242000131867826
670	1e-23	0.0012600999907590449
671	1e-23	0.0013307000044733286
672	1e-23	0.0012082000030204654
673	1e-23	0.0012835999950766563
674	1e-23	0.0011823999811895192
675	1e-23	0.0011878999648615718
676	1e-23	0.0011461999965831637
677	1e-23	0.0012724999687634408
678	1e-23	0.0014055999927222729
679	1e-23	0.0014539000112563372
680	1e-23	0.0012750999885611236
681	1e-23	0.0012986999936401844
682	1e-23	0.0013309000059962273
683	1e-23	0.001285600010305643
684	1e-23	0.0014332000282593071
685	1e-23	0.0016059000045061111
686	1e-23	0.0012425999739207327
687	1e-23	0.0018122000037692487
688	1e-23	0.0017602000152692199
689	1e-23	0.0017040999955497682
690	1e-23	0.0013058000477030873
691	1e-23	0.0011303999926894903
692	1e-23	0.001637800014577806
693	1e-23	0.0016284000012092292
694	1e-23	0.001197699981275946
695	1e-23	0.0012600000482052565
696	1e-23	0.0011861000093631446
697	1e-23	0.0015853999648243189
698	1e-23	0.0014381999499164522
699	1e-23	0.001243599981535226
700	1e-23	0.0013131999876350164
701	1e-23	0.0012260000221431255
702	1e-23	0.0011895999778062105
703	1e-23	0.0012440999853424728
704	1e-23	0.0012848000042140484
705	1e-23	0.0013525999966077507
706	1e-23	0.001417200022842735
707	1e-23	0.0012157000019215047
708	1e-23	0.0011763999937102199
709	1e-23	0.0014773000148124993
710	1e-23	0.0014797999756410718
711	1e-23	0.0012886999757029116
712	1e-23	0.0015515000559389591
713	1e-23	0.0013811999815516174
714	1e-23	0.0012030000216327608
715	1e-23	0.0012190000270493329
716	1e-23	0.0015678000054322183
717	1e-23	0.0016822000034153461
718	1e-23	0.0011748999822884798
719	1e-23	0.0013350999797694385
720	1e-23	0.0012060999870300293
721	1e-23	0.0014798999764025211
722	1e-23	0.0013274999801069498
723	1e-23	0.0013202999834902585
724	1e-23	0.0012414000229910016
725	1e-23	0.001487900037318468
726	1e-23	0.0012459999998100102
727	1e-23	0.0014168999623507261
728	1e-23	0.0012014000094495714
729	1e-23	0.001418100029695779
730	1e-23	0.0011697000009007752
731	1e-23	0.001375499996356666
732	1e-23	0.0012208999833092093
733	1e-23	0.001302399963606149
734	1e-23	0.0014401000225916505
735	1e-23	0.0017732999986037612
736	1e-23	0.0012374999932944775
737	1e-23	0.0013492999714799225
738	1e-23	0.0012171999551355839
739	1e-23	0.0011569000198505819
740	1e-23	0.0016638000379316509
741	1e-23	0.0014490000321529806
742	1e-23	0.001658499997574836
743	1e-23	0.0014537000097334385
744	1e-23	0.002392799942754209
745	1e-23	0.0013899000477977097
746	1e-23	0.0011703000054694712
747	1e-23	0.001146299997344613
748	1e-23	0.0012718999641947448
749	1e-23	0.0012462000013329089
750	1e-23	0.001171100011561066
751	1e-23	0.0017301999614574015
752	1e-23	0.001245100051164627
753	1e-23	0.0012370999902486801
754	1e-23	0.0013272999785840511
755	1e-23	0.001617999980226159
756	1e-23	0.001268099993467331
757	1e-23	0.0012379999971017241
758	1e-23	0.001105200033634901
759	1e-23	0.0017216000123880804
760	1e-23	0.0011796000180765986
761	1e-23	0.0012934999540448189
762	1e-23	0.0012263000244274735
763	1e-23	0.0012503999751061201
764	1e-23	0.0011749999830499291
765	1e-23	0.0012929000076837838
766	1e-23	0.001449400035198778
767	1e-23	0.0012462000013329089
768	1e-23	0.0013226000010035932
769	1e-23	0.0014117999817244709
770	1e-23	0.0038592999917455018
771	1e-23	0.0019385999767109752
772	1e-23	0.0016354999970644712
773	1e-23	0.0011175000108778477
774	1e-23	0.0011942999553866684
775	1e-23	0.0016144000110216439
776	1e-23	0.0013872000272385776
777	1e-23	0.0014687000075355172
778	1e-23	0.001193900010548532
779	1e-23	0.001213099982123822
780	1e-23	0.0012125999783165753
781	1e-23	0.001387599972076714
782	1e-23	0.001404500042553991
783	1e-23	0.001276399998459965
784	1e-23	0.0011863000108860433
785	1e-23	0.0013755999971181154
786	1e-23	0.0011334000155329704
787	1e-23	0.0014662999892607331
788	1e-23	0.001277600007597357
789	1e-23	0.001427799987141043
790	1e-23	0.0014277000445872545
791	1e-23	0.00134830002207309
792	1e-23	0.0012850999482907355
793	1e-23	0.0014042999828234315
794	1e-23	0.0016966999974101782
795	1e-23	0.0015780000248923898
796	1e-23	0.001289099978748709
797	1e-23	0.0022007999941706657
798	1e-23	0.001356799970380962
799	1e-23	0.0011587999761104584
800	1e-23	0.0010803000186569989
801	1e-23	0.0011378999915905297
802	1e-23	0.0012490999652072787
803	1e-23	0.001290900050662458
804	1e-23	0.001316900015808642
805	1e-23	0.0012877000262960792
806	1e-23	0.0014809000422246754
807	1e-23	0.0012860000133514404
808	1e-23	0.0012764999992214143
809	1e-23	0.001994099991861731
810	1e-23	0.0020513999625109136
811	1e-23	0.0013175999629311264
812	1e-23	0.0013496999745257199
813	1e-23	0.0012872000224888325
814	1e-23	0.0012294999905861914
815	1e-23	0.0012716000201180577
816	1e-23	0.0012365999864414334
817	1e-23	0.0012020000140182674
818	1e-23	0.002568199997767806
819	1e-23	0.001501200022175908
820	1e-23	0.0014325000229291618
821	1e-23	0.0018973000114783645
822	1e-23	0.0013153000036254525
823	1e-23	0.0013201999827288091
824	1e-23	0.0015843999572098255
825	1e-23	0.0012094999547116458
826	1e-23	0.0015029000351205468
827	1e-23	0.0016250999760814011
828	1e-23	0.001261600002180785
829	1e-23	0.0013894999865442514
830	1e-23	0.0013089000131003559
831	1e-23	0.0012034000246785581
832	1e-23	0.0013024999643675983
833	1e-23	0.0012340000248514116
834	1e-23	0.0013037999742664397
835	1e-23	0.0018576999427750707
836	1e-23	0.0012108999653719366
837	1e-23	0.0012268999707885087
838	1e-23	0.0012749999877996743
839	1e-23	0.0012393000070005655
840	1e-23	0.001407700008712709
841	1e-23	0.0016343999886885285
842	1e-23	0.001428700052201748
843	1e-23	0.001254500006325543
844	1e-23	0.0013296999968588352
845	1e-23	0.0014188000350259244
846	1e-23	0.0011899000382982194
847	1e-23	0.001326400029938668
848	1e-23	0.001303299970459193
849	1e-23	0.001630100014153868
850	1e-23	0.001711999997496605
851	1e-23	0.0017875000485219061
852	1e-23	0.0011256999569013715
853	1e-23	0.001189200032968074
854	1e-23	0.0011286000371910632
855	1e-23	0.0011326000094413757
856	1e-23	0.0012093999539501965
857	1e-23	0.0012497000279836357
858	1e-23	0.0010732999653555453
859	1e-23	0.0011810000287368894
860	1e-23	0.001152500044554472
861	1e-23	0.0012094000121578574
862	1e-23	0.0013026000233367085
863	1e-23	0.001541699981316924
864	1e-23	0.0014044000417925417
865	1e-23	0.0013213999918662012
866	1e-23	0.001898599963169545
867	1e-23	0.0012030000216327608
868	1e-23	0.0012294999905861914
869	1e-23	0.0011486000148579478
870	1e-23	0.0012488000211305916
871	1e-23	0.001402400026563555
872	1e-23	0.0012248000130057335
873	1e-23	0.001984100032132119
874	1e-23	0.0014441999956034124
875	1e-23	0.0017960999975912273
876	1e-23	0.0013020000187680125
877	1e-23	0.0014900999958626926
878	1e-23	0.0018973999540321529
879	1e-23	0.0014584999880753458
880	1e-23	0.001352099992800504
881	1e-23	0.001379600027576089
882	1e-23	0.0013832999975420535
883	1e-23	0.0013030999689362943
884	1e-23	0.0013361999881453812
885	1e-23	0.001635399996303022
886	1e-23	0.0016150999581441283
887	1e-23	0.0013140999944880605
888	1e-23	0.001299499999731779
889	1e-23	0.0015496999840252101
890	1e-23	0.0011898999800905585
891	1e-23	0.0012048999778926373
892	1e-23	0.0014093000208958983
893	1e-23	0.0017272999975830317
894	1e-23	0.001423700014129281
895	1e-23	0.0014547999599017203
896	1e-23	0.001281099976040423
897	1e-23	0.001446999958716333
898	1e-23	0.0012615000014193356
899	1e-23	0.0011130000348202884
900	1e-23	0.0013515999889932573
901	1e-23	0.0013516999897547066
902	1e-23	0.0015201999922282994
903	1e-23	0.0013058999902568758
904	1e-23	0.0017489000456407666
905	1e-23	0.00120749999769032
906	1e-23	0.0012144999927841127
907	1e-23	0.001157500024419278
908	1e-23	0.0011252999538555741
909	1e-23	0.0011337000178173184
910	1e-23	0.001878199982456863
911	1e-23	0.0019762999727390707
912	1e-23	0.0012583999778144062
913	1e-23	0.0012359999818727374
914	1e-23	0.0012214999878779054
915	1e-23	0.001387899974361062
916	1e-23	0.001209600013680756
917	1e-23	0.001310400024522096
918	1e-23	0.0013057999894954264
919	1e-23	0.0011694999993778765
920	1e-23	0.0011836999910883605
921	1e-23	0.0013561999658122659
922	1e-23	0.0012944000191055238
923	1e-23	0.0012851000064983964
924	1e-23	0.001249800028745085
925	1e-23	0.001142699969932437
926	1e-23	0.0016815999988466501
927	1e-23	0.0014133999939076602
928	1e-23	0.0012706000125035644
929	1e-23	0.0012892999802716076
930	1e-23	0.0012454999960027635
931	1e-23	0.001171100011561066
932	1e-23	0.001129699987359345
933	1e-23	0.0010923999943770468
934	1e-23	0.0014424999826587737
935	1e-23	0.001146599999628961
936	1e-23	0.0011721000191755593
937	1e-23	0.0017108999891206622
938	1e-23	0.002886700036469847
939	1e-23	0.001206599990837276
940	1e-23	0.0011757999891415238
941	1e-23	0.0010932000004686415
942	1e-23	0.001150700030848384
943	1e-23	0.0011366000398993492
944	1e-23	0.0012841999996453524
945	1e-23	0.0011907999869436026
946	1e-23	0.0011666000355035067
947	1e-23	0.001228200038895011
948	1e-23	0.0013019000180065632
949	1e-23	0.0014189999783411622
950	1e-23	0.0013072000001557171
951	1e-23	0.001608500024303794
952	1e-23	0.0013507000403478742
953	1e-23	0.0012716000201180577
954	1e-23	0.001346199947874993
955	1e-23	0.0012885000323876739
956	1e-23	0.0013541000080294907
957	1e-23	0.0014738999889232218
958	1e-23	0.001197699981275946
959	1e-23	0.0016301999567076564
960	1e-23	0.0019706000457517803
961	1e-23	0.001261299999896437
962	1e-23	0.0011633000103756785
963	1e-23	0.0014307000092230737
964	1e-23	0.001357699977234006
965	1e-23	0.0012784000136889517
966	1e-23	0.0011629000073298812
967	1e-23	0.0012264999677427113
968	1e-23	0.0009731000172905624
969	1e-23	0.0015328999725170434
970	1e-23	0.0015369000029750168
971	1e-23	0.0015450000064447522
972	1e-23	0.0014040999813005328
973	1e-23	0.0015696000191383064
974	1e-23	0.0012573000276461244
975	1e-23	0.0012919000000692904
976	1e-23	0.0011289999820291996
977	1e-23	0.001159000035841018
978	1e-23	0.0011952000204473734
979	1e-23	0.0012623000075109303
980	1e-23	0.00120749999769032
981	1e-23	0.0013494999730028212
982	1e-23	0.001433099969290197
983	1e-23	0.0011956000234931707
984	1e-23	0.001596699992660433
985	1e-23	0.0013316000113263726
986	1e-23	0.001585699967108667
987	1e-23	0.0011967999744229019
988	1e-23	0.0013286999892443419
989	1e-23	0.00152749998960644
990	1e-23	0.0012855000095441937
991	1e-23	0.0012047000345773995
992	1e-23	0.0012276999768801033
993	1e-23	0.0012520999880507588
994	1e-23	0.001198299985844642
995	1e-23	0.0011470000026747584
996	1e-23	0.001167300040833652
997	1e-23	0.0011959000257775187
998	1e-23	0.0011831000447273254
999	1e-23	0.0012666000402532518
1000	1e-23	0.0012190000270493329
1001	1e-23	0.0011304000508971512
1002	1e-23	0.0014614000101573765
1003	1e-23	0.001172899967059493
1004	1e-23	0.0014710999676026404
1005	1e-23	0.0014805999817326665
1006	1e-23	0.0012739000376313925
1007	1e-23	0.0011857000063173473
1008	1e-23	0.0012706000125035644
1009	1e-23	0.0014088000170886517
1010	1e-23	0.0014844000106677413
1011	1e-23	0.001253900001756847
1012	1e-23	0.0011523000430315733
1013	1e-23	0.001451199990697205
1014	1e-23	0.0015847999602556229
1015	1e-23	0.0014185000327415764
1016	1e-23	0.002041200001258403
1017	1e-23	0.0014394000172615051
1018	1e-23	0.0018005000310949981
1019	1e-23	0.0015107999788597226
1020	1e-23	0.0011452999897301197
1021	1e-23	0.0011911000474356115
1022	1e-23	0.001269900007173419
1023	1e-23	0.0011515000369399786
1024	1e-23	0.0013073000009171665
1025	1e-23	0.0011420000228099525
1026	1e-23	0.0013245000154711306
1027	1e-23	0.001519199984613806
1028	1e-23	0.0015231000143103302
1029	1e-23	0.001248900021892041
1030	1e-23	0.0011278000310994685
1031	1e-23	0.0012444999883882701
1032	1e-23	0.0013617000076919794
1033	1e-23	0.001450899988412857
1034	1e-23	0.0011644999613054097
1035	1e-23	0.0011485000140964985
1036	1e-23	0.003835099982097745
1037	1e-23	0.0012282999814487994
1038	1e-23	0.0012614000006578863
1039	1e-23	0.0013778000138700008
1040	1e-23	0.0012736000353470445
1041	1e-23	0.0012546000070869923
1042	1e-23	0.0013242000131867826
1043	1e-23	0.0015759000089019537
1044	1e-23	0.0022677999804727733
1045	1e-23	0.001845699967816472
1046	1e-23	0.0013996000052429736
1047	1e-23	0.0012372999917715788
1048	1e-23	0.001157199963927269
1049	1e-23	0.0012565000215545297
1050	1e-23	0.0012249999563209713
1051	1e-23	0.0013614000054076314
1052	1e-23	0.002539800014346838
1053	1e-23	0.001278800016734749
1054	1e-23	0.0012169000110588968
1055	1e-23	0.0013158000074326992
1056	1e-23	0.0014114999794401228
1057	1e-23	0.0016739999991841614
1058	1e-23	0.0014383000088855624
1059	1e-23	0.001249800028745085
1060	1e-23	0.0013540999498218298
1061	1e-23	0.0014033999759703875
1062	1e-23	0.0015730000450275838
1063	1e-23	0.001428399991709739
1064	1e-23	0.0015064000035636127
1065	1e-23	0.0011955000227317214
1066	1e-23	0.0014912000042386353
1067	1e-23	0.0013973000459372997
1068	1e-23	0.0012055999832227826
1069	1e-23	0.0011769999982789159
1070	1e-23	0.0010136999771930277
1071	1e-23	0.001109300006646663
1072	1e-23	0.0012249999563209713
1073	1e-23	0.0012479000142775476
1074	1e-23	0.0012870000209659338
1075	1e-23	0.0012005000025965273
1076	1e-23	0.0013236000086180866
1077	1e-23	0.001340600021649152
1078	1e-23	0.001158399973064661
1079	1e-23	0.0015095999697223306
1080	1e-23	0.002631800016388297
1081	1e-23	0.0017426999984309077
1082	1e-23	0.0012762999976985157
1083	1e-23	0.0012957999715581536
1084	1e-23	0.0014290999970398843
1085	1e-23	0.001291199994739145
1086	1e-23	0.0011289999820291996
1087	1e-23	0.0011073999921791255
1088	1e-23	0.0014146000030450523
1089	1e-23	0.0017908000154420733
1090	1e-23	0.0013046999811194837
1091	1e-23	0.0013047000393271446
1092	1e-23	0.001483700005337596
1093	1e-23	0.0012848000042140484
1094	1e-23	0.0012309000012464821
1095	1e-23	0.0017446999554522336
1096	1e-23	0.0018256999901495874
1097	1e-23	0.0014749000547453761
1098	1e-23	0.0012714999611489475
1099	1e-23	0.0011998999980278313
1100	1e-23	0.0013086000108160079
1101	1e-23	0.0013927000109106302
1102	1e-23	0.0012365999864414334
1103	1e-23	0.001345600001513958
1104	1e-23	0.00122819998068735
1105	1e-23	0.001196000026538968
1106	1e-23	0.0060724999639205635
1107	1e-23	0.001982000016141683
1108	1e-23	0.0014022000250406563
1109	1e-23	0.001306299993302673
1110	1e-23	0.0025384000036865473
1111	1e-23	0.0013359999866224825
1112	1e-23	0.0017355000018142164
1113	1e-23	0.0022034000139683485
1114	1e-23	0.00198679999448359
1115	1e-23	0.0019901000196114182
1116	1e-23	0.0014779000193811953
1117	1e-23	0.0014664999907836318
1118	1e-23	0.0012635999592021108
1119	1e-23	0.0016797000425867736
1120	1e-23	0.0013855000142939389
1121	1e-23	0.0011813000310212374
1122	1e-23	0.0012886999757029116
1123	1e-23	0.0020037000067532063
1124	1e-23	0.0014387000119313598
1125	1e-23	0.0017107000458054245
1126	1e-23	0.0013516999897547066
1127	1e-23	0.0013618000084534287
1128	1e-23	0.0011346000246703625
1129	1e-23	0.0011555000091902912
1130	1e-23	0.0012491000234149396
1131	1e-23	0.0012007999466732144
1132	1e-23	0.0014657999854534864
1133	1e-23	0.0011400000075809658
1134	1e-23	0.0012772000045515597
1135	1e-23	0.0013869000249542296
1136	1e-23	0.001305699988733977
1137	1e-23	0.0013534000026993454
1138	1e-23	0.0014130999916233122
1139	1e-23	0.001164299959782511
1140	1e-23	0.001178200007416308
1141	1e-23	0.0014900999958626926
1142	1e-23	0.001264900027308613
1143	1e-23	0.001261900004465133
1144	1e-23	0.0013599999947473407
1145	1e-23	0.001466300047468394
1146	1e-23	0.0011631000088527799
1147	1e-23	0.0011868999572470784
1148	1e-23	0.0013266999740153551
1149	1e-23	0.001160499989055097
1150	1e-23	0.0012200999772176147
1151	1e-23	0.0013744999887421727
1152	1e-23	0.0013048999826423824
1153	1e-23	0.0015622999635525048
1154	1e-23	0.0012094000121578574
1155	1e-23	0.0012258000206202269
1156	1e-23	0.0011233999975956976
1157	1e-23	0.001153099990915507
1158	1e-23	0.001161400054115802
1159	1e-23	0.0014958999818190932
1160	1e-23	0.001344699994660914
1161	1e-23	0.0011946999584324658
1162	1e-23	0.001794499985408038
1163	1e-23	0.0013003000058233738
1164	1e-23	0.0012969999806955457
1165	1e-23	0.0012251000152900815
1166	1e-23	0.0013913000002503395
1167	1e-23	0.0013638000236824155
1168	1e-23	0.001428099989425391
1169	1e-23	0.001450000039767474
1170	1e-23	0.0030386000289581716
1171	1e-23	0.001981400011572987
1172	1e-23	0.0011363000376150012
1173	1e-23	0.0014487000298686326
1174	1e-23	0.001312799984589219
1175	1e-23	0.0013004000065848231
1176	1e-23	0.0012443999876268208
1177	1e-23	0.0011427000281400979
1178	1e-23	0.0011195000261068344
1179	1e-23	0.0013060999917797744
1180	1e-23	0.0016892999992705882
1181	1e-23	0.0012581999762915075
1182	1e-23	0.0012556000147014856
1183	1e-23	0.001324000011663884
1184	1e-23	0.0013493000296875834
1185	1e-23	0.0011158999986946583
1186	1e-23	0.0012472000089474022
1187	1e-23	0.001096900028642267
1188	1e-23	0.0015376000083051622
1189	1e-23	0.0011932000052183867
1190	1e-23	0.0012374999932944775
1191	1e-23	0.0013216000515967607
1192	1e-23	0.0012442999868653715
1193	1e-23	0.0014276999863795936
1194	1e-23	0.0013865000219084322
1195	1e-23	0.001501500024460256
1196	1e-23	0.001234700030181557
1197	1e-23	0.0011801000218838453
1198	1e-23	0.0013242000131867826
1199	1e-23	0.0013760000001639128
1200	1e-23	0.00136749999364838
1201	1e-23	0.0012332000187598169
1202	1e-23	0.001113200036343187
1203	1e-23	0.002174299967009574
1204	1e-23	0.0017069000168703496
1205	1e-23	0.0012425999739207327
1206	1e-23	0.0012063999893143773
1207	1e-23	0.0014945999719202518
1208	1e-23	0.0010999999940395355
1209	1e-23	0.0014955000369809568
1210	1e-23	0.001347400015220046
1211	1e-23	0.0010713000083342195
1212	1e-23	0.0011458999942988157
1213	1e-23	0.001213099982123822
1214	1e-23	0.0013226000010035932
1215	1e-23	0.0013823999906890094
1216	1e-23	0.001658199995290488
1217	1e-23	0.0015703999670222402
1218	1e-23	0.00508790003368631
1219	1e-23	0.003919900045730174
1220	1e-23	0.0021031000069342554
1221	1e-23	0.0016790999798104167
1222	1e-23	0.0011485000140964985
1223	1e-23	0.0011597999837249517
1224	1e-23	0.00122669996926561
1225	1e-23	0.0016725999885238707
1226	1e-23	0.001423100009560585
1227	1e-23	0.0012010999489575624
1228	1e-23	0.0012738999794237316
1229	1e-23	0.0012566999648697674
1230	1e-23	0.0014208999928086996
1231	1e-23	0.001415700011420995
1232	1e-23	0.002121900033671409
1233	1e-23	0.002032899996265769
1234	1e-23	0.0012225000537000597
1235	1e-23	0.0012347999727353454
1236	1e-23	0.0011644999613054097
1237	1e-23	0.001247400010470301
1238	1e-23	0.0011458999942988157
1239	1e-23	0.0012030999641865492
1240	1e-23	0.001229099987540394
1241	1e-23	0.0012567000230774283
1242	1e-23	0.0013702000142075121
1243	1e-23	0.001261899946257472
1244	1e-23	0.0014438999933190644
1245	1e-23	0.0013389999512583017
1246	1e-23	0.0016300000133924186
1247	1e-23	0.0013101999647915363
1248	1e-23	0.001269900007173419
1249	1e-23	0.001136799983214587
1250	1e-23	0.0012116000289097428
1251	1e-23	0.0012136000441387296
1252	1e-23	0.0012755999923683703
1253	1e-23	0.001533999980892986
1254	1e-23	0.0011849000002257526
1255	1e-23	0.0011919999960809946
1256	1e-23	0.0011088000028394163
1257	1e-23	0.0013696000096388161
1258	1e-23	0.0013097000191919506
1259	1e-23	0.0013459999463520944
1260	1e-23	0.0010466999956406653
1261	1e-23	0.0012818000395782292
1262	1e-23	0.0015918000135570765
1263	1e-23	0.0011678000446408987
1264	1e-23	0.0015503999893553555
1265	1e-23	0.0014188999775797129
1266	1e-23	0.0011910999892279506
1267	1e-23	0.001435799989849329
1268	1e-23	0.0014315999578684568
1269	1e-23	0.0013386000064201653
1270	1e-23	0.0014193999813869596
1271	1e-23	0.0018071999656967819
1272	1e-23	0.001333199965301901
1273	1e-23	0.0015100999735295773
1274	1e-23	0.0019199999514967203
1275	1e-23	0.001247700012754649
1276	1e-23	0.0012224999954923987
1277	1e-23	0.0011916999937966466
1278	1e-23	0.0013873999705538154
1279	1e-23	0.0015558000304736197
1280	1e-23	0.001256000017747283
1281	1e-23	0.0012202999787405133
1282	1e-23	0.0013221999979577959
1283	1e-23	0.001194199954625219
1284	1e-23	0.0011919999960809946
1285	1e-23	0.0014462999533861876
1286	1e-23	0.0016431999974884093
1287	1e-23	0.0012053000391460955
1288	1e-23	0.0010997999925166368
1289	1e-23	0.0011030000168830156
1290	1e-23	0.0012605999945662916
1291	1e-23	0.0012457999982871115
1292	1e-23	0.0010737000266090035
1293	1e-23	0.0011207000352442265
1294	1e-23	0.0014690999523736537
1295	1e-23	0.001483400003053248
1296	1e-23	0.0012455999967642128
1297	1e-23	0.001102799957152456
1298	1e-23	0.0022077999892644584
1299	1e-23	0.0013904999941587448
1300	1e-23	0.0012564000207930803
1301	1e-23	0.0011986999888904393
1302	1e-23	0.0013313000090420246
1303	1e-23	0.0017534999642521143
1304	1e-23	0.0013851000112481415
1305	1e-23	0.001243599981535226
1306	1e-23	0.001579199975822121
1307	1e-23	0.0012688999995589256
1308	1e-23	0.0014248999650590122
1309	1e-23	0.0013987999991513789
1310	1e-23	0.0013003000058233738
1311	1e-23	0.0012073999969288707
1312	1e-23	0.0011885999701917171
1313	1e-23	0.0012462000013329089
1314	1e-23	0.0013117000344209373
1315	1e-23	0.001338200003374368
1316	1e-23	0.0012516999850049615
1317	1e-23	0.001429600000847131
1318	1e-23	0.001207199995405972
1319	1e-23	0.0013280999846756458
1320	1e-23	0.0013088000123389065
1321	1e-23	0.0013036999735049903
1322	1e-23	0.0010777999996207654
1323	1e-23	0.001579799980390817
1324	1e-23	0.0012494000256992877
1325	1e-23	0.0011784000089392066
1326	1e-23	0.001290599990170449
1327	1e-23	0.0014402000233530998
1328	1e-23	0.0015686999540776014
1329	1e-23	0.0017404000391252339
1330	1e-23	0.0014842000091448426
1331	1e-23	0.0014897999935783446
1332	1e-23	0.0013137999922037125
1333	1e-23	0.0013528999988920987
1334	1e-23	0.0011041000252589583
1335	1e-23	0.0011166000040248036
1336	1e-23	0.0012637999607250094
1337	1e-23	0.0012401000130921602
1338	1e-23	0.0012276999768801033
1339	1e-23	0.0012827999889850616
1340	1e-23	0.0011962000280618668
1341	1e-23	0.001268099993467331
1342	1e-23	0.0012248000130057335
1343	1e-23	0.001393499958794564
1344	1e-23	0.0012485000188462436
1345	1e-23	0.0014536000089719892
1346	1e-23	0.0012238999479450285
1347	1e-23	0.0012799999676644802
1348	1e-23	0.0013631999609060585
1349	1e-23	0.0011351000284776092
1350	1e-23	0.0010710000060498714
1351	1e-23	0.0012395999510772526
1352	1e-23	0.0012503999751061201
1353	1e-23	0.0010873000137507915
1354	1e-23	0.0012064000475220382
1355	1e-23	0.0015868000336922705
1356	1e-23	0.002736800001002848
1357	1e-23	0.0013004000065848231
1358	1e-23	0.001198899990413338
1359	1e-23	0.0014566000318154693
1360	1e-23	0.002282200031913817
1361	1e-23	0.001184099994134158
1362	1e-23	0.0013123999815434217
1363	1e-23	0.0010991999879479408
1364	1e-23	0.002140500000678003
1365	1e-23	0.0013893000432290137
1366	1e-23	0.001173199969343841
1367	1e-23	0.0012863999581895769
1368	1e-23	0.0013652999768964946
1369	1e-23	0.0014184999745339155
1370	1e-23	0.0012024000170640647
1371	1e-23	0.0013791000237688422
1372	1e-23	0.001205099979415536
1373	1e-23	0.0013476999592967331
1374	1e-23	0.0013373999972827733
1375	1e-23	0.0013376999995671213
1376	1e-23	0.0012815000372938812
1377	1e-23	0.0018298000213690102
1378	1e-23	0.0013832999975420535
1379	1e-23	0.0012703000102192163
1380	1e-23	0.0011664999765343964
1381	1e-23	0.0012768999440595508
1382	1e-23	0.0012251000152900815
1383	1e-23	0.0014800000353716314
1384	1e-23	0.0015482999733649194
1385	1e-23	0.0014701999607495964
1386	1e-23	0.0011473000049591064
1387	1e-23	0.0017974000074900687
1388	1e-23	0.0013642999692820013
1389	1e-23	0.0011697000009007752
1390	1e-23	0.0012126999790780246
1391	1e-23	0.0011759999906644225
1392	1e-23	0.0013307000044733286
1393	1e-23	0.0012014000094495714
1394	1e-23	0.0012496999697759748
1395	1e-23	0.0013288999907672405
1396	1e-23	0.001386100018862635
1397	1e-23	0.0013225000002421439
1398	1e-23	0.001445300003979355
1399	1e-23	0.002227200020570308
1400	1e-23	0.0012845000019297004
1401	1e-23	0.0013662000419571996
1402	1e-23	0.0013219999964348972
1403	1e-23	0.0011771999998018146
1404	1e-23	0.0012478000135160983
1405	1e-23	0.0014860999654047191
1406	1e-23	0.0013126000412739813
1407	1e-23	0.00124889996368438
1408	1e-23	0.0014319999609142542
1409	1e-23	0.0012865000171586871
1410	1e-23	0.0011900999816134572
1411	1e-23	0.001084800052922219
1412	1e-23	0.0012707000132650137
1413	1e-23	0.0013496000319719315
1414	1e-23	0.0011202000314369798
1415	1e-23	0.001296800037380308
1416	1e-23	0.0012441000435501337
1417	1e-23	0.0021769999875687063
1418	1e-23	0.0013132999883964658
1419	1e-23	0.0011888000299222767
1420	1e-23	0.0012086000060662627
1421	1e-23	0.0012676999904215336
1422	1e-23	0.0013065999955870211
1423	1e-23	0.0012467000051401556
1424	1e-23	0.0012692000018432736
1425	1e-23	0.0013657000381499529
1426	1e-23	0.0012528999941423535
1427	1e-23	0.0011628000065684319
1428	1e-23	0.0011943000135943294
1429	1e-23	0.0013917000032961369
1430	1e-23	0.0012370000476948917
1431	1e-23	0.0017448000144213438
1432	1e-23	0.0011701000039465725
1433	1e-23	0.0013874999713152647
1434	1e-23	0.0011981999850831926
1435	1e-23	0.0015554000274278224
1436	1e-23	0.0013310000067576766
1437	1e-23	0.0012109000235795975
1438	1e-23	0.0011804000241681933
1439	1e-23	0.0014106000307947397
1440	1e-23	0.0013772000093013048
1441	1e-23	0.0017071000183932483
1442	1e-23	0.0021621999912895262
1443	1e-23	0.0014937000232748687
1444	1e-23	0.0019471000414341688
1445	1e-23	0.0013676999951712787
1446	1e-23	0.0011984999873675406
1447	1e-23	0.0011505000293254852
1448	1e-23	0.0012060000444762409
1449	1e-23	0.0012626000097952783
1450	1e-23	0.001313100045081228
1451	1e-23	0.0011429000296629965
1452	1e-23	0.0013578000362031162
1453	1e-23	0.001410100026987493
1454	1e-23	0.0013688000035472214
1455	1e-23	0.0012864000163972378
1456	1e-23	0.0012291999883018434
1457	1e-23	0.0012496000272221863
1458	1e-23	0.001080599962733686
1459	1e-23	0.0012598999892361462
1460	1e-23	0.0013611000031232834
1461	1e-23	0.0012286000419408083
1462	1e-23	0.0012476000119931996
1463	1e-23	0.0013125999830663204
1464	1e-23	0.0013261999702081084
1465	1e-23	0.001121999986935407
1466	1e-23	0.002699800010304898
1467	1e-23	0.0025506000383757055
1468	1e-23	0.001102800015360117
1469	1e-23	0.0014532000059261918
1470	1e-23	0.0013389000087045133
1471	1e-23	0.0016687000170350075
1472	1e-23	0.0011973000364378095
1473	1e-23	0.0017104999860748649
1474	1e-23	0.0014409999712370336
1475	1e-23	0.0014461999526247382
1476	1e-23	0.0013985999976284802
1477	1e-23	0.0012868000194430351
1478	1e-23	0.00119859998812899
1479	1e-23	0.0013143999967724085
1480	1e-23	0.0012570999679155648
1481	1e-23	0.0011605999898165464
1482	1e-23	0.001375199994072318
1483	1e-23	0.0012314000050537288
1484	1e-23	0.0014054999919608235
1485	1e-23	0.0015276000485755503
1486	1e-23	0.001386400021146983
1487	1e-23	0.0013160000089555979
1488	1e-23	0.0018069000216200948
1489	1e-23	0.0012300999951548874
1490	1e-23	0.005054899957031012
1491	1e-23	0.0015782999689690769
1492	1e-23	0.0028652999899350107
1493	1e-23	0.0024997000000439584
1494	1e-23	0.001761099963914603
1495	1e-23	0.0017908000154420733
1496	1e-23	0.001478100020904094
1497	1e-23	0.002935199998319149
1498	1e-23	0.001440799969714135
1499	1e-23	0.0014133999939076602
1500	1e-23	0.0016564999823458493
1501	1e-23	0.0013503999798558652
1502	1e-23	0.0012903999886475503
1503	1e-23	0.0013173999614082277
1504	1e-23	0.0016357999993488193
1505	1e-23	0.0012579999747686088
1506	1e-23	0.0012668000417761505
1507	1e-23	0.0013210999895818532
1508	1e-23	0.0018283000099472702
1509	1e-23	0.0013898999895900488
1510	1e-23	0.0013546999543905258
1511	1e-23	0.0012960999738425016
1512	1e-23	0.0013525999966077507
1513	1e-23	0.0013911999994888902
1514	1e-23	0.0012493999674916267
1515	1e-23	0.0012688999995589256
1516	1e-23	0.0016107000410556793
1517	1e-23	0.001173199969343841
1518	1e-23	0.0017151999636553228
1519	1e-23	0.0016037000459618866
1520	1e-23	0.0015601000050082803
1521	1e-23	0.0033665000228211284
1522	1e-23	0.003569299995433539
1523	1e-23	0.0025009000091813505
1524	1e-23	0.002053599979262799
1525	1e-23	0.0021351000177673995
1526	1e-23	0.0023447999847121537
1527	1e-23	0.0017869999865069985
1528	1e-23	0.0017319000326097012
1529	1e-23	0.0013618000084534287
1530	1e-23	0.0013528999988920987
1531	1e-23	0.0012692000018432736
1532	1e-23	0.0012990999966859818
1533	1e-23	0.0014603000017814338
1534	1e-23	0.0013805999769829214
1535	1e-23	0.0025470999535173178
1536	1e-23	0.0016812999965623021
1537	1e-23	0.0012765999999828637
1538	1e-23	0.0012056000414304435
1539	1e-23	0.001117600011639297
1540	1e-23	0.0019295000238344073
1541	1e-23	0.0025741999852471054
1542	1e-23	0.0016712999786250293
1543	1e-23	0.001254800008609891
1544	1e-23	0.0013014000141993165
1545	1e-23	0.0019978000200353563
1546	1e-23	0.001561200013384223
1547	1e-23	0.0017597999540157616
1548	1e-23	0.0014330000267364085
1549	1e-23	0.0013540000072680414
1550	1e-23	0.0016263999859802425
1551	1e-23	0.0014946000301279128
1552	1e-23	0.0012935000122524798
1553	1e-23	0.0012555999564938247
1554	1e-23	0.0013028999674133956
1555	1e-23	0.0021553999977186322
1556	1e-23	0.0017741999472491443
1557	1e-23	0.0012258999631740153
1558	1e-23	0.0013102999655529857
1559	1e-23	0.0013651000335812569
1560	1e-23	0.0014405999681912363
1561	1e-23	0.0021314999903552234
1562	1e-23	0.001249200024176389
1563	1e-23	0.00179569999454543
1564	1e-23	0.0014866999699734151
1565	1e-23	0.0012848000042140484
1566	1e-23	0.001374599989503622
1567	1e-23	0.0011948999599553645
1568	1e-23	0.0024455999955534935
1569	1e-23	0.0017014999757520854
1570	1e-23	0.0015267999842762947
1571	1e-23	0.002910399984102696
1572	1e-23	0.001648399978876114
1573	1e-23	0.0016864000353962183
1574	1e-23	0.0015524000045843422
1575	1e-23	0.002965599996969104
1576	1e-23	0.0017375000170432031
1577	1e-23	0.0019191000028513372
1578	1e-23	0.0013639000244438648
1579	1e-23	0.0018151000258512795
1580	1e-23	0.001340000017080456
1581	1e-23	0.0017717000446282327
1582	1e-23	0.0021410000044852495
1583	1e-23	0.0021182000054977834
1584	1e-23	0.001354500011075288
1585	1e-23	0.0011799000203609467
1586	1e-23	0.0012733000330626965
1587	1e-23	0.002061300037894398
1588	1e-23	0.0013672999921254814
1589	1e-23	0.0011689000530168414
1590	1e-23	0.001440499967429787
1591	1e-23	0.0013937000185251236
1592	1e-23	0.0011397000052966177
1593	1e-23	0.0011566000175662339
1594	1e-23	0.001213999988976866
1595	1e-23	0.0012208999833092093
1596	1e-23	0.0016701000276952982
1597	1e-23	0.0019343000021763146
1598	1e-23	0.001332600018940866
1599	1e-23	0.0020038000075146556
1600	1e-23	0.0014598999987356365
1601	1e-23	0.00137489999178797
1602	1e-23	0.0013960999785922468
1603	1e-23	0.0016207000007852912
1604	1e-23	0.001986499992199242
1605	1e-23	0.0012373999925330281
1606	1e-23	0.0012809000327251852
1607	1e-23	0.0012073999969288707
1608	1e-23	0.0013409000239335
1609	1e-23	0.0019258999964222312
1610	1e-23	0.005216900026425719
1611	1e-23	0.0015238000196404755
1612	1e-23	0.001675899955444038
1613	1e-23	0.0014314999571070075
1614	1e-23	0.0014098999672569335
1615	1e-23	0.0015583999920636415
1616	1e-23	0.0014227000065147877
1617	1e-23	0.0014802999794483185
1618	1e-23	0.0016908999532461166
1619	1e-23	0.0016163999680429697
1620	1e-23	0.001718499988783151
1621	1e-23	0.001874400011729449
1622	1e-23	0.0014267000369727612
1623	1e-23	0.0032799000036902726
1624	1e-23	0.0018342999974265695
1625	1e-23	0.0022428000229410827
1626	1e-23	0.0015146000077947974
1627	1e-23	0.0013008000096306205
1628	1e-23	0.0012894999817945063
1629	1e-23	0.0013159000081941485
1630	1e-23	0.0013028999674133956
1631	1e-23	0.0015701999654993415
1632	1e-23	0.001408599957358092
1633	1e-23	0.0016882999916560948
1634	1e-23	0.0013286999892443419
1635	1e-23	0.001547299965750426
1636	1e-23	0.002063299994915724
1637	1e-23	0.0016094999737106264
1638	1e-23	0.0014823000528849661
1639	1e-23	0.0014179999707266688
1640	1e-23	0.0012470000074245036
1641	1e-23	0.0032645000028423965
1642	1e-23	0.0014344000373966992
1643	1e-23	0.0012031999649479985
1644	1e-23	0.0012919000000692904
1645	1e-23	0.0014358999906107783
1646	1e-23	0.0014283000491559505
1647	1e-23	0.001878799987025559
1648	1e-23	0.002042899955995381
1649	1e-23	0.001422500004991889
1650	1e-23	0.0012288999860174954
1651	1e-23	0.001265200029592961
1652	1e-23	0.0012838999973610044
1653	1e-23	0.0014152000076137483
1654	1e-23	0.0011863000108860433
1655	1e-23	0.0015119999879971147
1656	1e-23	0.0013486999669112265
1657	1e-23	0.0012877000262960792
1658	1e-23	0.0013639999669976532
1659	1e-23	0.0013330999645404518
1660	1e-23	0.0027950999792665243
1661	1e-23	0.0012120999745093286
1662	1e-23	0.0013297999976202846
1663	1e-23	0.001387600030284375
1664	1e-23	0.0012794999638572335
1665	1e-23	0.0011973999789915979
1666	1e-23	0.001698999956715852
1667	1e-23	0.0016083999653346837
1668	1e-23	0.0016833000117912889
1669	1e-23	0.0018147000228054821
1670	1e-23	0.0017447000136598945
1671	1e-23	0.0018341999966651201
1672	1e-23	0.0012662999797612429
1673	1e-23	0.0012365999864414334
1674	1e-23	0.0011982000432908535
1675	1e-23	0.0022974000312387943
1676	1e-23	0.0029851000290364027
1677	1e-23	0.0017630999791435897
1678	1e-23	0.0013676999951712787
1679	1e-23	0.001243599981535226
1680	1e-23	0.0011522999848239124
1681	1e-23	0.0013114999746903777
1682	1e-23	0.0012107999646104872
1683	1e-23	0.0015197000466287136
1684	1e-23	0.001444699999410659
1685	1e-23	0.0012599000474438071
1686	1e-23	0.0023344000219367445
1687	1e-23	0.0016172000323422253
1688	1e-23	0.0026904999976977706
1689	1e-23	0.002275700040627271
1690	1e-23	0.0012379000545479357
1691	1e-23	0.0013577999779954553
1692	1e-23	0.0015773999621160328
1693	1e-23	0.0018204000080004334
1694	1e-23	0.001387299969792366
1695	1e-23	0.0012587999808602035
1696	1e-23	0.0013445999938994646
1697	1e-23	0.0013170000165700912
1698	1e-23	0.0013966999831609428
1699	1e-23	0.0013193999766372144
1700	1e-23	0.0012194999726489186
1701	1e-23	0.0013214999926276505
1702	1e-23	0.0011354999733157456
1703	1e-23	0.0014012999599799514
1704	1e-23	0.0013281999854370952
1705	1e-23	0.001304199977312237
1706	1e-23	0.0010202000266872346
1707	1e-23	0.0011691999970935285
1708	1e-23	0.0011999999987892807
1709	1e-23	0.0010724000167101622
1710	1e-23	0.0013998000067658722
1711	1e-23	0.0012947999639436603
1712	1e-23	0.0013190999743528664
1713	1e-23	0.0012100000167265534
1714	1e-23	0.001310099964030087
1715	1e-23	0.0014654999831691384
1716	1e-23	0.0016214000061154366
1717	1e-23	0.0015456999535672367
1718	1e-23	0.001726499991491437
1719	1e-23	0.0014979999978095293
1720	1e-23	0.001429900003131479
1721	1e-23	0.001787999994121492
1722	1e-23	0.0011165000032633543
1723	1e-23	0.0011193999671377242
1724	1e-23	0.001943300012499094
1725	1e-23	0.0013386000064201653
1726	1e-23	0.0015017999685369432
1727	1e-23	0.0014097000239416957
1728	1e-23	0.0012434999807737768
1729	1e-23	0.0015485999756492674
1730	1e-23	0.001229700050316751
1731	1e-23	0.0013682999997399747
1732	1e-23	0.0012663999805226922
1733	1e-23	0.001565599988680333
1734	1e-23	0.0013404000201262534
1735	1e-23	0.0014822999946773052
1736	1e-23	0.0014168000197969377
1737	1e-23	0.0013895000447519124
1738	1e-23	0.0012733999756164849
1739	1e-23	0.001408900017850101
1740	1e-23	0.0010544999968260527
1741	1e-23	0.0012413000222295523
1742	1e-23	0.0015341999824158847
1743	1e-23	0.0014466000138781965
1744	1e-23	0.001417200022842735
1745	1e-23	0.001509999972768128
1746	1e-23	0.0011286999797448516
1747	1e-23	0.0018766999710351229
1748	1e-23	0.002293700003065169
1749	1e-23	0.0017228000215254724
1750	1e-23	0.001361000002361834
1751	1e-23	0.0015787999727763236
1752	1e-23	0.0013405000208877027
1753	1e-23	0.0012809999752789736
1754	1e-23	0.0014415999758057296
1755	1e-23	0.0012880999711342156
1756	1e-23	0.0018167999805882573
1757	1e-23	0.001278800016734749
1758	1e-23	0.001386099960654974
1759	1e-23	0.004182200005743653
1760	1e-23	0.0017515000072307885
1761	1e-23	0.0015640999772585928
1762	1e-23	0.001104299968574196
1763	1e-23	0.0009153999853879213
1764	1e-23	0.0011938000097870827
1765	1e-23	0.0015968999941833317
1766	1e-23	0.0014259999734349549
1767	1e-23	0.0013223999994806945
1768	1e-23	0.0014359000488184392
1769	1e-23	0.0014847000129520893
1770	1e-23	0.0020730000105686486
1771	1e-23	0.0012100000167265534
1772	1e-23	0.00115720002213493
1773	1e-23	0.0012506999773904681
1774	1e-23	0.0011691999970935285
1775	1e-23	0.0015472000231966376
1776	1e-23	0.001541099976748228
1777	1e-23	0.0015113999834284186
1778	1e-23	0.0013945000246167183
1779	1e-23	0.0014481000252999365
1780	1e-23	0.0013034000294283032
1781	1e-23	0.0013582000392489135
1782	1e-23	0.0012668999843299389
1783	1e-23	0.0012658999767154455
1784	1e-23	0.0013644999708049
1785	1e-23	0.0011440000380389392
1786	1e-23	0.002159200026653707
1787	1e-23	0.0012679999927058816
1788	1e-23	0.00197339995065704
1789	1e-23	0.001458899991121143
1790	1e-23	0.001450899988412857
1791	1e-23	0.0014344999799504876
1792	1e-23	0.00427750003291294
1793	1e-23	0.001756699988618493
1794	1e-23	0.0012373999925330281
1795	1e-23	0.0013178999652154744
1796	1e-23	0.0011868999572470784
1797	1e-23	0.0014325000229291618
1798	1e-23	0.0012871000217273831
1799	1e-23	0.0011828999849967659
1800	1e-23	0.0012654000311158597
1801	1e-23	0.0014327000244520605
1802	1e-23	0.0013293999945744872
1803	1e-23	0.0012555000139400363
1804	1e-23	0.0015008000191301107
1805	1e-23	0.001229399989824742
1806	1e-23	0.0013971999869681895
1807	1e-23	0.001227899978403002
1808	1e-23	0.0013698000111617148
1809	1e-23	0.0013139999937266111
1810	1e-23	0.001204799977131188
1811	1e-23	0.001788900000974536
1812	1e-23	0.0012191000278107822
1813	1e-23	0.001194500015117228
1814	1e-23	0.0011560000129975379
1815	1e-23	0.0013203000416979194
1816	1e-23	0.0013287999900057912
1817	1e-23	0.0014612000086344779
1818	1e-23	0.0018754000193439424
1819	1e-23	0.0012841999996453524
1820	1e-23	0.00163130002329126
1821	1e-23	0.001456200028769672
1822	1e-23	0.0013534000026993454
1823	1e-23	0.0011297999881207943
1824	1e-23	0.00122819998068735
1825	1e-23	0.0011895999778062105
1826	1e-23	0.0014870999730192125
1827	1e-23	0.0013544000103138387
1828	1e-23	0.001305399986449629
1829	1e-23	0.0014009999576956034
1830	1e-23	0.001420099986717105
1831	1e-23	0.0012573999701999128
1832	1e-23	0.0013702000142075121
1833	1e-23	0.0012006000033579767
1834	1e-23	0.0013495000312104821
1835	1e-23	0.0011783999507315457
1836	1e-23	0.001189200032968074
1837	1e-23	0.0014199999859556556
1838	1e-23	0.001382300048135221
1839	1e-23	0.0015293000033125281
1840	1e-23	0.001394100021570921
1841	1e-23	0.001371299964375794
1842	1e-23	0.001180599967483431
1843	1e-23	0.0012546000070869923
1844	1e-23	0.0014610000071115792
1845	1e-23	0.0012964000343345106
1846	1e-23	0.001573599991388619
1847	1e-23	0.0013068999978713691
1848	1e-23	0.001260999997612089
1849	1e-23	0.0016672000056132674
1850	1e-23	0.0014251000247895718
1851	1e-23	0.0014622000162489712
1852	1e-23	0.001318399969022721
1853	1e-23	0.0013824999914504588
1854	1e-23	0.0011091000051237643
1855	1e-23	0.0014833000022917986
1856	1e-23	0.0013661999837495387
1857	1e-23	0.0013894999865442514
1858	1e-23	0.0013718000263907015
1859	1e-23	0.001548200030811131
1860	1e-23	0.001402400026563555
1861	1e-23	0.0013900999911129475
1862	1e-23	0.0014043999835848808
1863	1e-23	0.0012132999836467206
1864	1e-23	0.0012761999969370663
1865	1e-23	0.0014063999988138676
1866	1e-23	0.001566799997817725
1867	1e-23	0.0014270000392571092
1868	1e-23	0.0013552000164054334
1869	1e-23	0.0012390000047162175
1870	1e-23	0.0016816999996080995
1871	1e-23	0.0016920000198297203
1872	1e-23	0.00280770001700148
1873	1e-23	0.001409500022418797
1874	1e-23	0.0016338999848812819
1875	1e-23	0.0013453999999910593
1876	1e-23	0.0011630000080913305
1877	1e-23	0.0010538000497035682
1878	1e-23	0.0012881000293418765
1879	1e-23	0.0014130000490695238
1880	1e-23	0.0013102000229991972
1881	1e-23	0.0016738000558689237
1882	1e-23	0.0012570000253617764
1883	1e-23	0.0012324000126682222
1884	1e-23	0.0014155000098980963
1885	1e-23	0.001323700009379536
1886	1e-23	0.0013820999884046614
1887	1e-23	0.0012653000303544104
1888	1e-23	0.0011622000019997358
1889	1e-23	0.0013436999870464206
1890	1e-23	0.003932399966288358
1891	1e-23	0.001805200008675456
1892	1e-23	0.001329899998381734
1893	1e-23	0.0012888999772258103
1894	1e-23	0.001179399958346039
1895	1e-23	0.0012885999749414623
1896	1e-23	0.0013328000204637647
1897	1e-23	0.0014441999956034124
1898	1e-23	0.0012604999938048422
1899	1e-23	0.0011260999599471688
1900	1e-23	0.001242399972397834
1901	1e-23	0.001989700016565621
1902	1e-23	0.0013575999764725566
1903	1e-23	0.0011739999754354358
1904	1e-23	0.0011992999934591353
1905	1e-23	0.0013429999817162752
1906	1e-23	0.0015349999885074794
1907	1e-23	0.0013032000279054046
1908	1e-23	0.0014792000292800367
1909	1e-23	0.0012987999944016337
1910	1e-23	0.0012894999817945063
1911	1e-23	0.0013006000081077218
1912	1e-23	0.0014474999625235796
1913	1e-23	0.001557400042656809
1914	1e-23	0.0012315000058151782
1915	1e-23	0.001180300023406744
1916	1e-23	0.0014331000274978578
1917	1e-23	0.0011576000251807272
1918	1e-23	0.0016573000466451049
1919	1e-23	0.0016826000064611435
1920	1e-23	0.0015870000352151692
1921	1e-23	0.0013335999683476985
1922	1e-23	0.001255399954970926
1923	1e-23	0.0013004000065848231
1924	1e-23	0.0012774000060744584
1925	1e-23	0.0016949999844655395
1926	1e-23	0.0014223000034689903
1927	1e-23	0.0014979999978095293
1928	1e-23	0.0016632000333629549
1929	1e-23	0.0013892999850213528
1930	1e-23	0.0011240000021643937
1931	1e-23	0.001121999986935407
1932	1e-23	0.00118240003939718
1933	1e-23	0.0011617999989539385
1934	1e-23	0.0010038000182248652
1935	1e-23	0.0015029000351205468
1936	1e-23	0.0014729999820701778
1937	1e-23	0.001330800005234778
1938	1e-23	0.0011987999896518886
1939	1e-23	0.00132170005235821
1940	1e-23	0.0013678999966941774
1941	1e-23	0.001318099966738373
1942	1e-23	0.0012874999665655196
1943	1e-23	0.0012663999805226922
1944	1e-23	0.0012301999959163368
1945	1e-23	0.0012348000309430063
1946	1e-23	0.0015463000163435936
1947	1e-23	0.0011975999805144966
1948	1e-23	0.0011835999903269112
1949	1e-23	0.0013846000074408948
1950	1e-23	0.001387900032568723
1951	1e-23	0.0012496000272221863
1952	1e-23	0.001463600026909262
1953	1e-23	0.0014889000449329615
1954	1e-23	0.0011765999952331185
1955	1e-23	0.001291799999307841
1956	1e-23	0.001402099966071546
1957	1e-23	0.0017438000068068504
1958	1e-23	0.0011805000249296427
1959	1e-23	0.0012425999739207327
1960	1e-23	0.0013322000158950686
1961	1e-23	0.0014191999798640609
1962	1e-23	0.001423400011844933
1963	1e-23	0.0015813999925740063
1964	1e-23	0.001378399960231036
1965	1e-23	0.001213700044900179
1966	1e-23	0.001373099978081882
1967	1e-23	0.0012348000309430063
1968	1e-23	0.0014105000300332904
1969	1e-23	0.0012316000065766275
1970	1e-23	0.001135599974077195
1971	1e-23	0.0013577999779954553
1972	1e-23	0.001416900020558387
1973	1e-23	0.0014049000455997884
1974	1e-23	0.0015727999852970243
1975	1e-23	0.0015508999931626022
1976	1e-23	0.0012948999647051096
1977	1e-23	0.0014557999675162137
1978	1e-23	0.0011812999728135765
1979	1e-23	0.0014870999730192125
1980	1e-23	0.001580099982675165
1981	1e-23	0.0015201999922282994
1982	1e-23	0.001384899951517582
1983	1e-23	0.0016164000262506306
1984	1e-23	0.0018480999860912561
1985	1e-23	0.001579499978106469
1986	1e-23	0.0010962000233121216
1987	1e-23	0.001243000035174191
1988	1e-23	0.0012734999763779342
1989	1e-23	0.0011984000448137522
1990	1e-23	0.0012355000362731516
1991	1e-23	0.0013448999961838126
1992	1e-23	0.001236200041603297
1993	1e-23	0.0012321000103838742
1994	1e-23	0.0011906999861821532
1995	1e-23	0.001235299976542592
1996	1e-23	0.0013024999643675983
1997	1e-23	0.0012621000059880316
1998	1e-23	0.0011106999590992928
1999	1e-23	0.0011477000080049038
2000	1e-23	0.0013367999927140772
2001	1e-23	0.0012806999729946256
2002	1e-23	0.0016801999881863594
2003	1e-23	0.0011024000123143196
2004	1e-23	0.0012085000053048134
2005	1e-23	0.0014685000060126185
2006	1e-23	0.0012268000282347202
2007	1e-23	0.0012385000009089708
2008	1e-23	0.001304800040088594
2009	1e-23	0.0012177000171504915
2010	1e-23	0.0014485999708995223
2011	1e-23	0.0012255000183358788
2012	1e-23	0.0014385999529622495
2013	1e-23	0.0013173999614082277
2014	1e-23	0.0018152999691665173
2015	1e-23	0.0013151000021025538
2016	1e-23	0.001178199949208647
2017	1e-23	0.00134680001065135
2018	1e-23	0.001399400003720075
2019	1e-23	0.00137039995752275
2020	1e-23	0.0014060999965295196
2021	1e-23	0.0013317999546416104
2022	1e-23	0.001319899980444461
2023	1e-23	0.0013650000328198075
2024	1e-23	0.0013275999808683991
2025	1e-23	0.001232899958267808
2026	1e-23	0.0012190999696031213
2027	1e-23	0.0015944999759085476
2028	1e-23	0.001335600041784346
2029	1e-23	0.0012363999849185348
2030	1e-23	0.0013020000187680125
2031	1e-23	0.001587799983099103
2032	1e-23	0.0015421000425703824
2033	1e-23	0.0013327000197023153
2034	1e-23	0.001297699986025691
2035	1e-23	0.001525099971331656
2036	1e-23	0.0012424999731592834
2037	1e-23	0.00151859998004511
2038	1e-23	0.0017540999688208103
2039	1e-23	0.0015421999851241708
2040	1e-23	0.0013805999769829214
2041	1e-23	0.0017643999890424311
2042	1e-23	0.0012783999554812908
2043	1e-23	0.0012186000240035355
2044	1e-23	0.0010498999617993832
2045	1e-23	0.001253900001756847
2046	1e-23	0.0012418999685905874
2047	1e-23	0.001222899998538196
2048	1e-23	0.0012681000516749918
2049	1e-23	0.001194500015117228
2050	1e-23	0.001158400031272322
2051	1e-23	0.0013722000294364989
2052	1e-23	0.0012054000399075449
2053	1e-23	0.0012135999859310687
2054	1e-23	0.0011736999731510878
2055	1e-23	0.0023410000139847398
2056	1e-23	0.001651099999435246
2057	1e-23	0.0014256000285968184
2058	1e-23	0.0012351000332273543
2059	1e-23	0.001248299959115684
2060	1e-23	0.00120599998626858
2061	1e-23	0.0011648000217974186
2062	1e-23	0.0013384000048972666
2063	1e-23	0.0012235000031068921
2064	1e-23	0.0012369999894872308
2065	1e-23	0.0013214999926276505
2066	1e-23	0.0012750999885611236
2067	1e-23	0.0012617000029422343
2068	1e-23	0.002012200013268739
2069	1e-23	0.0014663999900221825
2070	1e-23	0.0013633000198751688
2071	1e-23	0.0012300999951548874
2072	1e-23	0.0020551999914459884
2073	1e-23	0.0012176999589428306
2074	1e-23	0.0012878000270575285
2075	1e-23	0.0011600999860092998
2076	1e-23	0.0010335000115446746
2077	1e-23	0.0010560000082477927
2078	1e-23	0.0011659000301733613
2079	1e-23	0.0012938000145368278
2080	1e-23	0.0013233000063337386
2081	1e-23	0.0013501000357791781
2082	1e-23	0.0014127999893389642
2083	1e-23	0.0013093000161461532
2084	1e-23	0.0013956999755464494
2085	1e-23	0.001159899984486401
2086	1e-23	0.0012490999652072787
2087	1e-23	0.0017858999781310558
2088	1e-23	0.0013284999877214432
2089	1e-23	0.0012333000195212662
2090	1e-23	0.0014499000390060246
2091	1e-23	0.0014726999797858298
2092	1e-23	0.0018279000069014728
2093	1e-23	0.001606099947821349
2094	1e-23	0.0016895000007934868
2095	1e-23	0.001921699964441359
2096	1e-23	0.0019697999814525247
2097	1e-23	0.001274899987038225
2098	1e-23	0.0012723999680019915
2099	1e-23	0.00133790000109002
2100	1e-23	0.0013439999893307686
2101	1e-23	0.0011363000376150012
2102	1e-23	0.00135420000879094
2103	1e-23	0.0012498999712988734
2104	1e-23	0.001525100029539317
2105	1e-23	0.0012190000270493329
2106	1e-23	0.0012618000037036836
2107	1e-23	0.0014014000189490616
2108	1e-23	0.0016208000015467405
2109	1e-23	0.0012423000298440456
2110	1e-23	0.0012827999889850616
2111	1e-23	0.0014841000083833933
2112	1e-23	0.0013221999979577959
2113	1e-23	0.0012521999888122082
2114	1e-23	0.001338200003374368
2115	1e-23	0.0013787999632768333
2116	1e-23	0.0014537000097334385
2117	1e-23	0.0012173000141046941
2118	1e-23	0.0012395000085234642
2119	1e-23	0.001374299987219274
2120	1e-23	0.0012171000125817955
2121	1e-23	0.0015285999979823828
2122	1e-23	0.00234840001212433
2123	1e-23	0.0013188000302761793
2124	1e-23	0.0021997999865561724
2125	1e-23	0.0012005000025965273
2126	1e-23	0.0012999000027775764
2127	1e-23	0.001332900021225214
2128	1e-23	0.0013164000120013952
2129	1e-23	0.0013020000187680125
2130	1e-23	0.0011603999882936478
2131	1e-23	0.0013667999883182347
2132	1e-23	0.0013755999971181154
2133	1e-23	0.0014468000154010952
2134	1e-23	0.001357399974949658
2135	1e-23	0.0014208999928086996
2136	1e-23	0.0012092999531887472
2137	1e-23	0.0011599999852478504
2138	1e-23	0.0012166999513283372
2139	1e-23	0.001352399995084852
2140	1e-23	0.0013121000374667346
2141	1e-23	0.001430500007700175
2142	1e-23	0.00179720000596717
2143	1e-23	0.0014953000354580581
2144	1e-23	0.001159900042694062
2145	1e-23	0.0011910000466741621
2146	1e-23	0.0011901000398211181
2147	1e-23	0.001511499984189868
2148	1e-23	0.001401799963787198
2149	1e-23	0.001552900008391589
2150	1e-23	0.0018396999803371727
2151	1e-23	0.0012952000251971185
2152	1e-23	0.0010663000284694135
2153	1e-23	0.0013533999444916844
2154	1e-23	0.001193300005979836
2155	1e-23	0.001381699985358864
2156	1e-23	0.0011966999736614525
2157	1e-23	0.0013073000009171665
2158	1e-23	0.001319299975875765
2159	1e-23	0.0012138999882154167
2160	1e-23	0.0011924999998882413
2161	1e-23	0.0012221999932080507
2162	1e-23	0.0011831999872811139
2163	1e-23	0.0012601999915204942
2164	1e-23	0.0011440999805927277
2165	1e-23	0.0012340999674052
2166	1e-23	0.0013392999535426497
2167	1e-23	0.0013750000507570803
2168	1e-23	0.0012845000019297004
2169	1e-23	0.001240900019183755
2170	1e-23	0.0013374999980442226
2171	1e-23	0.0012405000161379576
2172	1e-23	0.0011420000228099525
2173	1e-23	0.001180000021122396
2174	1e-23	0.0011687999940477312
2175	1e-23	0.001081500027794391
2176	1e-23	0.0015381000121124089
2177	1e-23	0.0012473000097088516
2178	1e-23	0.0014058999950066209
2179	1e-23	0.0012184999650344253
2180	1e-23	0.001424900023266673
2181	1e-23	0.0011811999720521271
2182	1e-23	0.001365099975373596
2183	1e-23	0.001265800034161657
2184	1e-23	0.0012670999858528376
2185	1e-23	0.0012335999635979533
2186	1e-23	0.0013953999732621014
2187	1e-23	0.0011585999745875597
2188	1e-23	0.0011682999902404845
2189	1e-23	0.0012201000354252756
2190	1e-23	0.0013007000088691711
2191	1e-23	0.001202800020109862
2192	1e-23	0.0011122000287286937
2193	1e-23	0.0011184000177308917
2194	1e-23	0.001595799985807389
2195	1e-23	0.0014900999958626926
2196	1e-23	0.0012073999969288707
2197	1e-23	0.001456199970562011
2198	1e-23	0.0013730000355280936
2199	1e-23	0.001173199969343841
2200	1e-23	0.00133050000295043
2201	1e-23	0.0013856000150553882
2202	1e-23	0.0013235000078566372
2203	1e-23	0.0028167999698780477
2204	1e-23	0.003430899989325553
2205	1e-23	0.0013803000329062343
2206	1e-23	0.0018004999728873372
2207	1e-23	0.0013392000109888613
2208	1e-23	0.001143899979069829
2209	1e-23	0.001185600005555898
2210	1e-23	0.0012960000312887132
2211	1e-23	0.001338500005658716
2212	1e-23	0.0014082000125199556
2213	1e-23	0.0012314000050537288
2214	1e-23	0.001199199992697686
2215	1e-23	0.0011468000011518598
2216	1e-23	0.001188900030683726
2217	1e-23	0.0013841000036336482
2218	1e-23	0.0012618000037036836
2219	1e-23	0.0023859000066295266
2220	1e-23	0.001792500028386712
2221	1e-23	0.0012339000240899622
2222	1e-23	0.00133940001251176
2223	1e-23	0.0012752999900840223
2224	1e-23	0.001153399993199855
2225	1e-23	0.0013404000201262534
2226	1e-23	0.001198299985844642
2227	1e-23	0.001248599961400032
2228	1e-23	0.0012203000369481742
2229	1e-23	0.002743199991527945
2230	1e-23	0.001348000019788742
2231	1e-23	0.001373999984934926
2232	1e-23	0.0013667000457644463
2233	1e-23	0.0012998000020161271
2234	1e-23	0.001357999979518354
2235	1e-23	0.0014669999945908785
2236	1e-23	0.0012989999959245324
2237	1e-23	0.0012218999909237027
2238	1e-23	0.0011144999880343676
2239	1e-23	0.0011555000091902912
2240	1e-23	0.00253510003676638
2241	1e-23	0.002786399971228093
2242	1e-23	0.0015619000187143683
2243	1e-23	0.001362500013783574
2244	1e-23	0.0011854000040329993
2245	1e-23	0.0012147999950684607
2246	1e-23	0.0011995999957434833
2247	1e-23	0.0012680000509135425
2248	1e-23	0.0014672999968752265
2249	1e-23	0.0012866999604739249
2250	1e-23	0.0015627999673597515
2251	1e-23	0.0012722999672405422
2252	1e-23	0.0011510999756865203
2253	1e-23	0.0013215999933890998
2254	1e-23	0.001304799981880933
2255	1e-23	0.0012458999990485609
2256	1e-23	0.0014085000148043036
2257	1e-23	0.0018438000115565956
2258	1e-23	0.0019384000333957374
2259	1e-23	0.0012381999986246228
2260	1e-23	0.0012788999592885375
2261	1e-23	0.0012678000493906438
2262	1e-23	0.0012137999874539673
2263	1e-23	0.001249500026460737
2264	1e-23	0.0025003000046126544
2265	1e-23	0.002215399988926947
2266	1e-23	0.0012775000068359077
2267	1e-23	0.0014109999756328762
2268	1e-23	0.0015020999708212912
2269	1e-23	0.0011263000196777284
2270	1e-23	0.0014140999992378056
2271	1e-23	0.0013664000434800982
2272	1e-23	0.0014402000233530998
2273	1e-23	0.0012061999877914786
2274	1e-23	0.0013250000192783773
2275	1e-23	0.0014595999964512885
2276	1e-23	0.001236200041603297
2277	1e-23	0.001263100013602525
2278	1e-23	0.0012474999530240893
2279	1e-23	0.0013346999767236412
2280	1e-23	0.0012469000066630542
2281	1e-23	0.0011436000349931419
2282	1e-23	0.0014681000029668212
2283	1e-23	0.0014259999734349549
2284	1e-23	0.001208100002259016
2285	1e-23	0.0013100000214762986
2286	1e-23	0.0011879000230692327
2287	1e-23	0.0012102000182494521
2288	1e-23	0.0012098000152036548
2289	1e-23	0.0013907999964430928
2290	1e-23	0.001191499992273748
2291	1e-23	0.0013460000045597553
2292	1e-23	0.0013346000341698527
2293	1e-23	0.0017896000063046813
2294	1e-23	0.001698400010354817
2295	1e-23	0.0014020000235177577
2296	1e-23	0.0014750999980606139
2297	1e-23	0.0012027999619022012
2298	1e-23	0.0014486000291071832
2299	1e-23	0.0013005000073462725
2300	1e-23	0.0017862999811768532
2301	1e-23	0.0014253999688662589
2302	1e-23	0.0016047999961301684
2303	1e-23	0.0015218000044114888
2304	1e-23	0.0014093000208958983
2305	1e-23	0.0014948999742045999
2306	1e-23	0.0016567999846301973
2307	1e-23	0.0014749999972991645
2308	1e-23	0.0014929999597370625
2309	1e-23	0.0012932000099681318
2310	1e-23	0.001361900009214878
2311	1e-23	0.0012586000375449657
2312	1e-23	0.0011594999814406037
2313	1e-23	0.0012120999745093286
2314	1e-23	0.0013417000300250947
2315	1e-23	0.001196300028823316
2316	1e-23	0.0014152000076137483
2317	1e-23	0.0012335999635979533
2318	1e-23	0.0012713999603874981
2319	1e-23	0.00122079998254776
2320	1e-23	0.001290899992454797
2321	1e-23	0.0011131999781355262
2322	1e-23	0.0012533999979496002
2323	1e-23	0.0011197999701835215
2324	1e-23	0.001342100033070892
2325	1e-23	0.0013331000227481127
2326	1e-23	0.0014727000379934907
2327	1e-23	0.0012618000037036836
2328	1e-23	0.0012355000362731516
2329	1e-23	0.001381699985358864
2330	1e-23	0.0024358000373467803
2331	1e-23	0.0011751999845728278
2332	1e-23	0.0012687999987974763
2333	1e-23	0.0016976000042632222
2334	1e-23	0.0014435999910347164
2335	1e-23	0.0013908999972045422
2336	1e-23	0.0011724999640136957
2337	1e-23	0.0013043999788351357
2338	1e-23	0.0015350999892689288
2339	1e-23	0.0014888999867253006
2340	1e-23	0.0012852000072598457
2341	1e-23	0.0012703000102192163
2342	1e-23	0.001192099996842444
2343	1e-23	0.0014430999872274697
2344	1e-23	0.0013906999956816435
2345	1e-23	0.001286200014874339
2346	1e-23	0.0018396999803371727
2347	1e-23	0.0013185999705456197
2348	1e-23	0.0013088000123389065
2349	1e-23	0.0014347999822348356
2350	1e-23	0.0014202999882400036
2351	1e-23	0.001296799979172647
2352	1e-23	0.0012502000317908823
2353	1e-23	0.0013903999933972955
2354	1e-23	0.0011204999755136669
2355	1e-23	0.0018128999508917332
2356	1e-23	0.0015662999940104783
2357	1e-23	0.0015893999952822924
2358	1e-23	0.001288499974180013
2359	1e-23	0.0013082000077702105
2360	1e-23	0.0013978999922983348
2361	1e-23	0.001504399988334626
2362	1e-23	0.0017870999872684479
2363	1e-23	0.0013156000059098005
2364	1e-23	0.0014894999912939966
2365	1e-23	0.001817599986679852
2366	1e-23	0.0012220999924466014
2367	1e-23	0.0015746999997645617
2368	1e-23	0.001298299990594387
2369	1e-23	0.0011425000266171992
2370	1e-23	0.0012895999825559556
2371	1e-23	0.0012875000247731805
2372	1e-23	0.0012707000132650137
2373	1e-23	0.001230000052601099
2374	1e-23	0.001243300037458539
2375	1e-23	0.0011972999782301486
2376	1e-23	0.0013445999938994646
2377	1e-23	0.0013006000081077218
2378	1e-23	0.0018631999846547842
2379	1e-23	0.0013575999764725566
2380	1e-23	0.0012947000213898718
2381	1e-23	0.0013432999840006232
2382	1e-23	0.0011775000020861626
2383	1e-23	0.0012391000054776669
2384	1e-23	0.0011350999702699482
2385	1e-23	0.0011833999888040125
2386	1e-23	0.001187100016977638
2387	1e-23	0.001520999998319894
2388	1e-23	0.0013494999730028212
2389	1e-23	0.0012431999784894288
2390	1e-23	0.0013797999708913267
2391	1e-23	0.001423400011844933
2392	1e-23	0.0014350000419653952
2393	1e-23	0.0012340000248514116
2394	1e-23	0.001894199987873435
2395	1e-23	0.001184699998702854
2396	1e-23	0.0013051999849267304
2397	1e-23	0.0011975999805144966
2398	1e-23	0.00122969999210909
2399	1e-23	0.00120599998626858
2400	1e-23	0.0012638999614864588
2401	1e-23	0.0014675999991595745
2402	1e-23	0.0016965999966487288
2403	1e-23	0.0012333000195212662
2404	1e-23	0.001255399954970926
2405	1e-23	0.001255699957255274
2406	1e-23	0.0013161000097170472
2407	1e-23	0.001413299993146211
2408	1e-23	0.0013681999989785254
2409	1e-23	0.0015299000078812242
2410	1e-23	0.0016834000125527382
2411	1e-23	0.00135709997266531
2412	1e-23	0.001637500012293458
2413	1e-23	0.001298299990594387
2414	1e-23	0.0011812999728135765
2415	1e-23	0.0011783999507315457
2416	1e-23	0.0012727000284940004
2417	1e-23	0.0013072000001557171
2418	1e-23	0.0018350000027567148
2419	1e-23	0.0013633999624289572
2420	1e-23	0.001660300011280924
2421	1e-23	0.0018621999770402908
2422	1e-23	0.0011986999888904393
2423	1e-23	0.0012036000262014568
2424	1e-23	0.0013166999560780823
2425	1e-23	0.0014010000159032643
2426	1e-23	0.0013407000224106014
2427	1e-23	0.0013776999549008906
2428	1e-23	0.001298300048802048
2429	1e-23	0.0013216999941505492
2430	1e-23	0.0016629000310786068
2431	1e-23	0.0013611000031232834
2432	1e-23	0.0014684000052511692
2433	1e-23	0.001442300039343536
2434	1e-23	0.0018748000147752464
2435	1e-23	0.0013487000251188874
2436	1e-23	0.0016586999990977347
2437	1e-23	0.001304800040088594
2438	1e-23	0.001227899978403002
2439	1e-23	0.0013973999884910882
2440	1e-23	0.0013123999815434217
2441	1e-23	0.0012901999871246517
2442	1e-23	0.0013785000192001462
2443	1e-23	0.0015111000393517315
2444	1e-23	0.0015217000036500394
2445	1e-23	0.001680399989709258
2446	1e-23	0.0017124000005424023
2447	1e-23	0.0016612999606877565
2448	1e-23	0.0016914000152610242
2449	1e-23	0.0012913999962620437
2450	1e-23	0.0013293999945744872
2451	1e-23	0.001353300001937896
2452	1e-23	0.0013963999808765948
2453	1e-23	0.0013806999777443707
2454	1e-23	0.0016060000052675605
2455	1e-23	0.0015836000093258917
2456	1e-23	0.0012648000265471637
2457	1e-23	0.0012098999577574432
2458	1e-23	0.00119270000141114
2459	1e-23	0.0015241000219248235
2460	1e-23	0.0011752999853342772
2461	1e-23	0.0012153999996371567
2462	1e-23	0.001347700017504394
2463	1e-23	0.0013083999510854483
2464	1e-23	0.001276399998459965
2465	1e-23	0.0014722999767400324
2466	1e-23	0.0013629000168293715
2467	1e-23	0.0013171000173315406
2468	1e-23	0.001490199996624142
2469	1e-23	0.0013546999543905258
2470	1e-23	0.0013001000043004751
2471	1e-23	0.0013069999986328185
2472	1e-23	0.001585699967108667
2473	1e-23	0.0015585999935865402
2474	1e-23	0.0017464000266045332
2475	1e-23	0.0014792000292800367
2476	1e-23	0.0013738999841734767
2477	1e-23	0.001171400013845414
2478	1e-23	0.0012741000391542912
2479	1e-23	0.0011786000104621053
2480	1e-23	0.0011478000087663531
2481	1e-23	0.0011960999690927565
2482	1e-23	0.0012752999900840223
2483	1e-23	0.0013002999476157129
2484	1e-23	0.001205099979415536
2485	1e-23	0.0012610999983735383
2486	1e-23	0.0012684999965131283
2487	1e-23	0.0016994000179693103
2488	1e-23	0.0017053000046871603
2489	1e-23	0.0013213000493124127
2490	1e-23	0.00118980003753677
2491	1e-23	0.0015858000260777771
2492	1e-23	0.0012631999561563134
2493	1e-23	0.0011015000054612756
2494	1e-23	0.0011741999769583344
2495	1e-23	0.0011243000044487417
2496	1e-23	0.0014655999839305878
2497	1e-23	0.001254800008609891
2498	1e-23	0.0014414000324904919
2499	1e-23	0.0016219999524764717
2500	1e-23	0.001596099988091737
2501	1e-23	0.0014188999775797129
2502	1e-23	0.0016099000349640846
2503	1e-23	0.0023808000260032713
2504	1e-23	0.00146240001777187
2505	1e-23	0.0011693999986164272
2506	1e-23	0.0012033999664708972
2507	1e-23	0.0011989999911747873
2508	1e-23	0.0011617999989539385
2509	1e-23	0.0013976999907754362
2510	1e-23	0.0013004000065848231
2511	1e-23	0.0011725000222213566
2512	1e-23	0.0013060999917797744
2513	1e-23	0.0012697000056505203
2514	1e-23	0.0013857000158168375
2515	1e-23	0.0015696000191383064
2516	1e-23	0.0013276999816298485
2517	1e-23	0.0011828999849967659
2518	1e-23	0.0013762000016868114
2519	1e-23	0.0012511000386439264
2520	1e-23	0.0018045999458990991
2521	1e-23	0.001384899951517582
2522	1e-23	0.001515100011602044
2523	1e-23	0.0012759999954141676
2524	1e-23	0.0011813999735750258
2525	1e-23	0.001151299977209419
2526	1e-23	0.001261600002180785
2527	1e-23	0.001450299983844161
2528	1e-23	0.0016898000030778348
2529	1e-23	0.001395899977069348
2530	1e-23	0.00166090001584962
2531	1e-23	0.0019471999839879572
2532	1e-23	0.001250100031029433
2533	1e-23	0.0011190000222995877
2534	1e-23	0.0012242000084370375
2535	1e-23	0.0014126999885775149
2536	1e-23	0.0011550000053830445
2537	1e-23	0.0012959999730810523
2538	1e-23	0.0011475000064820051
2539	1e-23	0.0012293000472709537
2540	1e-23	0.00120160001097247
2541	1e-23	0.0011816999758593738
2542	1e-23	0.0012793000205419958
2543	1e-23	0.0012821999844163656
2544	1e-23	0.0011211999808438122
2545	1e-23	0.0012346000294201076
2546	1e-23	0.002082600025460124
2547	1e-23	0.0012493000249378383
2548	1e-23	0.0010730000212788582
2549	1e-23	0.0009806000161916018
2550	1e-23	0.0011766999959945679
2551	1e-23	0.0011718000168912113
2552	1e-23	0.001520400051958859
2553	1e-23	0.0013800999731756747
2554	1e-23	0.0014189999783411622
2555	1e-23	0.0012111999676562846
2556	1e-23	0.0013064999948255718
2557	1e-23	0.001240900019183755
2558	1e-23	0.0012300999951548874
2559	1e-23	0.0013519999920390546
2560	1e-23	0.0014905999996699393
2561	1e-23	0.0018005000310949981
2562	1e-23	0.001800999976694584
2563	1e-23	0.0012024000170640647
2564	1e-23	0.0014786000247113407
2565	1e-23	0.0014051999896764755
2566	1e-23	0.0013719000271521509
2567	1e-23	0.0012253000168129802
2568	1e-23	0.0011849000002257526
2569	1e-23	0.001438500010408461
2570	1e-23	0.0014430999872274697
2571	1e-23	0.0015553999692201614
2572	1e-23	0.0015943999751470983
2573	1e-23	0.002165400015655905
2574	1e-23	0.0014173000236041844
2575	1e-23	0.0014372000005096197
2576	1e-23	0.0013351999805308878
2577	1e-23	0.0014217999996617436
2578	1e-23	0.0012698000064119697
2579	1e-23	0.0013089999556541443
2580	1e-23	0.001311600033659488
2581	1e-23	0.001518299977760762
2582	1e-23	0.0012032000231556594
2583	1e-23	0.0016475000302307308
2584	1e-23	0.0013911999994888902
2585	1e-23	0.0019557999912649393
2586	1e-23	0.0011813999735750258
2587	1e-23	0.0011279999744147062
2588	1e-23	0.001206899993121624
2589	1e-23	0.0012316000065766275
2590	1e-23	0.001319899980444461
2591	1e-23	0.001222899998538196
2592	1e-23	0.0012269000289961696
2593	1e-23	0.0012923000031150877
2594	1e-23	0.0011690999963320792
2595	1e-23	0.0011623000027611852
2596	1e-23	0.0011745999800041318
2597	1e-23	0.001617999980226159
2598	1e-23	0.001250099972821772
2599	1e-23	0.0013149000005796552
2600	1e-23	0.0013612000038847327
2601	1e-23	0.0014666999923065305
2602	1e-23	0.001478100020904094
2603	1e-23	0.0012478000135160983
2604	1e-23	0.0014606999466195703
2605	1e-23	0.0011762999929487705
2606	1e-23	0.0011685999925248325
2607	1e-23	0.001325500023085624
2608	1e-23	0.0015039999852888286
2609	1e-23	0.0015655000461265445
2610	1e-23	0.001507400011178106
2611	1e-23	0.0014828999992460012
2612	1e-23	0.0011885999701917171
2613	1e-23	0.001438500010408461
2614	1e-23	0.0016540000215172768
2615	1e-23	0.0014657999854534864
2616	1e-23	0.0012435000389814377
2617	1e-23	0.0013827000511810184
2618	1e-23	0.0013136999914422631
2619	1e-23	0.001381099980790168
2620	1e-23	0.0011875000200234354
2621	1e-23	0.0012252999586053193
2622	1e-23	0.001343499985523522
2623	1e-23	0.001316299953032285
2624	1e-23	0.0012390000047162175
2625	1e-23	0.0010105999535880983
2626	1e-23	0.0011899999808520079
2627	1e-23	0.001255400013178587
2628	1e-23	0.0012176000163890421
2629	1e-23	0.001158400031272322
2630	1e-23	0.002066599961835891
2631	1e-23	0.0014043999835848808
2632	1e-23	0.0015571999829262495
2633	1e-23	0.0015678000054322183
2634	1e-23	0.0012577999732457101
2635	1e-23	0.0013535000034607947
2636	1e-23	0.001393200014717877
2637	1e-23	0.0012017999542877078
2638	1e-23	0.0014394000172615051
2639	1e-23	0.002050900016911328
2640	1e-23	0.0012701000086963177
2641	1e-23	0.0014533000066876411
2642	1e-23	0.001649899990297854
2643	1e-23	0.0013726000324822962
2644	1e-23	0.0010678000398911536
2645	1e-23	0.0012528999941423535
2646	1e-23	0.001560300006531179
2647	1e-23	0.0013785999617539346
2648	1e-23	0.0012289999867789447
2649	1e-23	0.0013519000494852662
2650	1e-23	0.0013439999893307686
2651	1e-23	0.0013756999978795648
2652	1e-23	0.0015853000222705305
2653	1e-23	0.001269300002604723
2654	1e-23	0.0012504999758675694
2655	1e-23	0.0014347999822348356
2656	1e-23	0.001193000003695488
2657	1e-23	0.0012544000055640936
2658	1e-23	0.0012959000305272639
2659	1e-23	0.0012397000100463629
2660	1e-23	0.001110200013499707
2661	1e-23	0.001236800046171993
2662	1e-23	0.0013272000360302627
2663	1e-23	0.00137489999178797
2664	1e-23	0.0013480999623425305
2665	1e-23	0.0012841999996453524
2666	1e-23	0.0011764000519178808
2667	1e-23	0.0011756999883800745
2668	1e-23	0.0013398000155575573
2669	1e-23	0.0011745000374503434
2670	1e-23	0.0011512000346556306
2671	1e-23	0.0013395999558269978
2672	1e-23	0.0014648999786004424
2673	1e-23	0.0011882999679073691
2674	1e-23	0.0010734000243246555
2675	1e-23	0.0011358000338077545
2676	1e-23	0.0013922000071033835
2677	1e-23	0.001382599992211908
2678	1e-23	0.001275799993891269
2679	1e-23	0.001305999991018325
2680	1e-23	0.0012932000099681318
2681	1e-23	0.0013649999746121466
2682	1e-23	0.0012448999914340675
2683	1e-23	0.0012058999855071306
2684	1e-23	0.0011702000047080219
2685	1e-23	0.0011764999944716692
2686	1e-23	0.0011539999977685511
2687	1e-23	0.0012915999977849424
2688	1e-23	0.0014833000022917986
2689	1e-23	0.00219580001430586
2690	1e-23	0.001250400033313781
2691	1e-23	0.0011400000075809658
2692	1e-23	0.0012325000134296715
2693	1e-23	0.0013699000119231641
2694	1e-23	0.001355400017928332
2695	1e-23	0.0014466000138781965
2696	1e-23	0.0016610000166110694
2697	1e-23	0.0012675999896600842
2698	1e-23	0.0018392999772913754
2699	1e-23	0.001335300039499998
2700	1e-23	0.0011170999496243894
2701	1e-23	0.0010808000224642456
2702	1e-23	0.0012663000379689038
2703	1e-23	0.00103859999217093
2704	1e-23	0.0012876999680884182
2705	1e-23	0.001082699978724122
2706	1e-23	0.001110500015784055
2707	1e-23	0.0012955000274814665
2708	1e-23	0.0010384000488556921
2709	1e-23	0.001234699971973896
2710	1e-23	0.001534599985461682
2711	1e-23	0.0013714000233449042
2712	1e-23	0.0013182999682612717
2713	1e-23	0.0014412999735213816
2714	1e-23	0.00122079998254776
2715	1e-23	0.00117790000513196
2716	1e-23	0.0010850999969989061
2717	1e-23	0.0012778000091202557
2718	1e-23	0.0010602999827824533
2719	1e-23	0.0011629999498836696
2720	1e-23	0.0012774000060744584
2721	1e-23	0.0015561999753117561
2722	1e-23	0.0013922000071033835
2723	1e-23	0.0013365999911911786
2724	1e-23	0.0013363000471144915
2725	1e-23	0.0013137999922037125
2726	1e-23	0.0013190999743528664
2727	1e-23	0.0013370999949984252
2728	1e-23	0.001193300005979836
2729	1e-23	0.0018162999767810106
2730	1e-23	0.00112439994700253
2731	1e-23	0.0016376000130549073
2732	1e-23	0.0011959000257775187
2733	1e-23	0.0015399999683722854
2734	1e-23	0.0012529999949038029
2735	1e-23	0.0011781000066548586
2736	1e-23	0.001209600013680756
2737	1e-23	0.0014130999916233122
2738	1e-23	0.0013084000092931092
2739	1e-23	0.0011541999992914498
2740	1e-23	0.001211299968417734
2741	1e-23	0.0015863000298850238
2742	1e-23	0.0011854000040329993
2743	1e-23	0.001235300034750253
2744	1e-23	0.0015150000108405948
2745	1e-23	0.0014232000103220344
2746	1e-23	0.001491700008045882
2747	1e-23	0.0014664999907836318
2748	1e-23	0.0012629000120796263
2749	1e-23	0.0012123999767936766
2750	1e-23	0.0011740999761968851
2751	1e-23	0.0013203000416979194
2752	1e-23	0.0014863999676890671
2753	1e-23	0.0013744999887421727
2754	1e-23	0.0016157000209204853
2755	1e-23	0.0013525999966077507
2756	1e-23	0.0016426999936811626
2757	1e-23	0.001140100008342415
2758	1e-23	0.001276399998459965
2759	1e-23	0.001097199972718954
2760	1e-23	0.0013435999862849712
2761	1e-23	0.0012503999751061201
2762	1e-23	0.0010845999931916595
2763	1e-23	0.001426299975719303
2764	1e-23	0.0012882999726571143
2765	1e-23	0.001172599964775145
2766	1e-23	0.001447899965569377
2767	1e-23	0.0014811999863013625
2768	1e-23	0.0013657999807037413
2769	1e-23	0.001166999980341643
2770	1e-23	0.0012730999733321369
2771	1e-23	0.0011117999674752355
2772	1e-23	0.001289099978748709
2773	1e-23	0.001215800002682954
2774	1e-23	0.001231699949130416
2775	1e-23	0.0012144999927841127
2776	1e-23	0.0011720999609678984
2777	1e-23	0.001160499989055097
2778	1e-23	0.0015401000273413956
2779	1e-23	0.0014689000090584159
2780	1e-23	0.0012484000180847943
2781	1e-23	0.0012959000305272639
2782	1e-23	0.0014744999934919178
2783	1e-23	0.0013611000031232834
2784	1e-23	0.0013749999925494194
2785	1e-23	0.0014337000320665538
2786	1e-23	0.0011297999881207943
2787	1e-23	0.0013363999896682799
2788	1e-23	0.0015777999651618302
2789	1e-23	0.0012271999730728567
2790	1e-23	0.0015259000356309116
2791	1e-23	0.0012992999982088804
2792	1e-23	0.0012692000018432736
2793	1e-23	0.0012112000258639455
2794	1e-23	0.0011841999948956072
2795	1e-23	0.0011800999636761844
2796	1e-23	0.0011115000233985484
2797	1e-23	0.0013277999823912978
2798	1e-23	0.0013160000089555979
2799	1e-23	0.001230000052601099
2800	1e-23	0.0014297000016085804
2801	1e-23	0.0013090999564155936
2802	1e-23	0.0015454000094905496
2803	1e-23	0.0017317000310868025
2804	1e-23	0.0021082000457681715
2805	1e-23	0.0013045999803580344
2806	1e-23	0.001578899973537773
2807	1e-23	0.0014224000042304397
2808	1e-23	0.0014452000032179058
2809	1e-23	0.0038616000092588365
2810	1e-23	0.0021960000158287585
2811	1e-23	0.0013559000217355788
2812	1e-23	0.001248600019607693
2813	1e-23	0.0011413999600335956
2814	1e-23	0.0014250000240281224
2815	1e-23	0.0011024000123143196
2816	1e-23	0.0013105000252835453
2817	1e-23	0.0012561000185087323
2818	1e-23	0.001116100000217557
2819	1e-23	0.0019109999993816018
2820	1e-23	0.0014370999997481704
2821	1e-23	0.0014250000240281224
2822	1e-23	0.0012410000199452043
2823	1e-23	0.0013915000017732382
2824	1e-23	0.001339700014796108
2825	1e-23	0.001146299997344613
2826	1e-23	0.0012027999619022012
2827	1e-23	0.0013568000285886228
2828	1e-23	0.001064100011717528
2829	1e-23	0.001422800007276237
2830	1e-23	0.0011381999938748777
2831	1e-23	0.0015499999863095582
2832	1e-23	0.001263400015886873
2833	1e-23	0.001303599972743541
2834	1e-23	0.0013280999846756458
2835	1e-23	0.001158999977633357
2836	1e-23	0.0013061999925412238
2837	1e-23	0.001282900047954172
2838	1e-23	0.001227000029757619
2839	1e-23	0.0014059999957680702
2840	1e-23	0.0015364999999292195
2841	1e-23	0.001359799993224442
2842	1e-23	0.0013262000284157693
2843	1e-23	0.0012839999981224537
2844	1e-23	0.001240599958691746
2845	1e-23	0.0011321999481879175
2846	1e-23	0.001152799988631159
2847	1e-23	0.0011876999633386731
2848	1e-23	0.0014486999716609716
2849	1e-23	0.0012939000152982771
2850	1e-23	0.0011529999901540577
2851	1e-23	0.0013371999957598746
2852	1e-23	0.001221699989400804
2853	1e-23	0.001318999973591417
2854	1e-23	0.0014445999986492097
2855	1e-23	0.0011677999864332378
2856	1e-23	0.0011910999892279506
2857	1e-23	0.001242699974682182
2858	1e-23	0.0012621000059880316
2859	1e-23	0.0016798999859020114
2860	1e-23	0.0014611000078730285
2861	1e-23	0.0012576999724842608
2862	1e-23	0.0011702999472618103
2863	1e-23	0.0014197000418789685
2864	1e-23	0.0016757000121288002
2865	1e-23	0.0014840999501757324
2866	1e-23	0.0016232000198215246
2867	1e-23	0.0013592999894171953
2868	1e-23	0.0013633999624289572
2869	1e-23	0.001801899983547628
2870	1e-23	0.0013212999911047518
2871	1e-23	0.0010807000217027962
2872	1e-23	0.0011503000278025866
2873	1e-23	0.0011428999714553356
2874	1e-23	0.001340600021649152
2875	1e-23	0.001504099986050278
2876	1e-23	0.0011593999806791544
2877	1e-23	0.0013914000010117888
2878	1e-23	0.0013498000334948301
2879	1e-23	0.001251300040166825
2880	1e-23	0.0011647000210359693
2881	1e-23	0.0012537999427877367
2882	1e-23	0.0012274999753572047
2883	1e-23	0.00131870002951473
2884	1e-23	0.0014550000196322799
2885	1e-23	0.001158100028987974
2886	1e-23	0.0010752000380307436
2887	1e-23	0.0013772000093013048
2888	1e-23	0.0012532999971881509
2889	1e-23	0.0011637000134214759
2890	1e-23	0.0013022000202909112
2891	1e-23	0.0011660000309348106
2892	1e-23	0.001241500023752451
2893	1e-23	0.0012240999494679272
2894	1e-23	0.0012663999805226922
2895	1e-23	0.0012698000064119697
2896	1e-23	0.001251000037882477
2897	1e-23	0.0013577999779954553
2898	1e-23	0.0013328000204637647
2899	1e-23	0.0017043999978341162
2900	1e-23	0.0013814999838359654
2901	1e-23	0.0012538000009953976
2902	1e-23	0.0012276999768801033
2903	1e-23	0.0014256999711506069
2904	1e-23	0.0012935999548062682
2905	1e-23	0.0014532000059261918
2906	1e-23	0.0011829999857582152
2907	1e-23	0.0013081999495625496
2908	1e-23	0.0012329000164754689
2909	1e-23	0.0013695000088773668
2910	1e-23	0.0013990000006742775
2911	1e-23	0.0012476000119931996
2912	1e-23	0.0012868999619968235
2913	1e-23	0.001437900005839765
2914	1e-23	0.0013072000001557171
2915	1e-23	0.001478100020904094
2916	1e-23	0.001552600006107241
2917	1e-23	0.0014779999619349837
2918	1e-23	0.0012620999477803707
2919	1e-23	0.0015920999576337636
2920	1e-23	0.0034374999813735485
2921	1e-23	0.0042548999772407115
2922	1e-23	0.0013998999493196607
2923	1e-23	0.0013093999586999416
2924	1e-23	0.0013001000043004751
2925	1e-23	0.0011322000063955784
2926	1e-23	0.0013306000037118793
2927	1e-23	0.0014492000336758792
2928	1e-23	0.0011559000122360885
2929	1e-23	0.0022821000311523676
2930	1e-23	0.0031515000155195594
2931	1e-23	0.0022835000418126583
2932	1e-23	0.0015653000446036458
2933	1e-23	0.0012607999960891902
2934	1e-23	0.0022865000064484775
2935	1e-23	0.0013839000021107495
2936	1e-23	0.0014272999833337963
2937	1e-23	0.001236499985679984
2938	1e-23	0.0013620000099763274
2939	1e-23	0.0012320000096224248
2940	1e-23	0.001312200038228184
2941	1e-23	0.001273999980185181
2942	1e-23	0.0011795000173151493
2943	1e-23	0.0014110999763943255
2944	1e-23	0.0013521999935619533
2945	1e-23	0.0015698999632149935
2946	1e-23	0.0017933999770320952
2947	1e-23	0.001470400020480156
2948	1e-23	0.001331400009803474
2949	1e-23	0.0012869000202044845
2950	1e-23	0.0018745000124908984
2951	1e-23	0.0012846000026911497
2952	1e-23	0.001226700027473271
2953	1e-23	0.0012568000238388777
2954	1e-23	0.0011762999929487705
2955	1e-23	0.0011045000283047557
2956	1e-23	0.0016723000444471836
2957	1e-23	0.001269600004889071
2958	1e-23	0.0012160000042058527
2959	1e-23	0.0012474999530240893
2960	1e-23	0.001420099986717105
2961	1e-23	0.0011887999717146158
2962	1e-23	0.001441099971998483
2963	1e-23	0.001395000028423965
2964	1e-23	0.0014594999956898391
2965	1e-23	0.0014415000332519412
2966	1e-23	0.0014062999980524182
2967	1e-23	0.0020259000011719763
2968	1e-23	0.0013568000285886228
2969	1e-23	0.0014127999893389642
2970	1e-23	0.001832999987527728
2971	1e-23	0.001539899967610836
2972	1e-23	0.001335300039499998
2973	1e-23	0.0017927999724633992
2974	1e-23	0.0012173000141046941
2975	1e-23	0.001284099998883903
2976	1e-23	0.0011582999723032117
2977	1e-23	0.0014189000357873738
2978	1e-23	0.001361300004646182
2979	1e-23	0.0012824000441469252
2980	1e-23	0.0023728999658487737
2981	1e-23	0.0022273000213317573
2982	1e-23	0.001298599992878735
2983	1e-23	0.0012746999855153263
2984	1e-23	0.0013402000186033547
2985	1e-23	0.0013424999779090285
2986	1e-23	0.001199799997266382
2987	1e-23	0.0011817999766208231
2988	1e-23	0.0013114000321365893
2989	1e-23	0.0013027000240981579
2990	1e-23	0.0011047999723814428
2991	1e-23	0.001197699981275946
2992	1e-23	0.0011781000066548586
2993	1e-23	0.00118830002611503
2994	1e-23	0.0011893999762833118
2995	1e-23	0.001852799963671714
2996	1e-23	0.0013309000059962273
2997	1e-23	0.001295599970035255
2998	1e-23	0.001159299979917705
2999	1e-23	0.0016469999682158232
3000	1e-23	0.0016414999845437706
