epoch	total	seconds
1	1e-23	0.18571170000359416
2	1e-23	0.0018597000162117183
3	1e-23	0.0016222000122070312
4	1e-23	0.0016199999954551458
5	1e-23	0.001664699986577034
6	1e-23	0.0010529000428505242
7	1e-23	0.001268399995751679
8	1e-23	0.0014615000109188259
9	1e-23	0.001082399976439774
10	1e-23	0.0012814000365324318
11	1e-23	0.0010118000209331512
12	1e-23	0.001150400028564036
13	1e-23	0.0015987000078894198
14	1e-23	0.0010525000398047268
15	1e-23	0.0014537000097334385
16	1e-23	0.0013102999655529857
17	1e-23	0.0016261999844573438
18	1e-23	0.0016382000176236033
19	1e-23	0.0011323000071570277
20	1e-23	0.0010034000151790679
21	1e-23	0.0010407999507151544
22	1e-23	0.0008769999840296805
23	1e-23	0.000860300031490624
24	1e-23	0.0010162999969907105
25	1e-23	0.0010093000018969178
26	1e-23	0.0007997999782674015
27	1e-23	0.0009410000056959689
28	1e-23	0.0010711000068113208
29	1e-23	0.0010152000468224287
30	1e-23	0.0008891000179573894
31	1e-23	0.0010207999730482697
32	1e-23	0.0011644999613054097
33	1e-23	0.001351499988231808
34	1e-23	0.0014059999957680702
35	1e-23	0.0012036000262014568
36	1e-23	0.001281699980609119
37	1e-23	0.0013689000043086708
38	1e-23	0.001398000051267445
39	1e-23	0.0014163999585434794
40	1e-23	0.0008838999783620238
41	1e-23	0.0009706999990157783
42	1e-23	0.0010125000262632966
43	1e-23	0.000970599998254329
44	1e-23	0.0012020000140182674
45	1e-23	0.0015890999929979444
46	1e-23	0.0012444999883882701
47	1e-23	0.0008711999980732799
48	1e-23	0.0007919000345282257
49	1e-23	0.001185000000987202
50	1e-23	0.0009417000110261142
51	1e-23	0.000881000014487654
52	1e-23	0.0008533999789506197
53	1e-23	0.001353300001937896
54	1e-23	0.0012238000053912401
55	1e-23	0.0011476000072434545
56	1e-23	0.0010988999856635928
57	1e-23	0.0013337000273168087
58	1e-23	0.0008962000138126314
59	1e-23	0.0008981999708339572
60	1e-23	0.001110200013499707
61	1e-23	0.000956399948336184
62	1e-23	0.0008846999844536185
63	1e-23	0.0009124000207521021
64	1e-23	0.0010662999702617526
65	1e-23	0.0012839999981224537
66	1e-23	0.0009415000095032156
67	1e-23	0.0007992000319063663
68	1e-23	0.0008538999827578664
69	1e-23	0.0010677999816834927
70	1e-23	0.0010185999562963843
71	1e-23	0.0008396000484935939
72	1e-23	0.0008378999773412943
73	1e-23	0.0015353999915532768
74	1e-23	0.0013247999595478177
75	1e-23	0.0013903999933972955
76	1e-23	0.0011744999792426825
77	1e-23	0.0009979999740608037
78	1e-23	0.0008217000286094844
79	1e-23	0.0008885999559424818
80	1e-23	0.001164900022558868
81	1e-23	0.0010821999749168754
82	1e-23	0.0008849999867379665
83	1e-23	0.000930099980905652
84	1e-23	0.001082099974155426
85	1e-23	0.0010212999768555164
86	1e-23	0.0011822999804280698
87	1e-23	0.0012073999969288707
88	1e-23	0.001171100011561066
89	1e-23	0.0010278000263497233
90	1e-23	0.0008689999813213944
91	1e-23	0.0012122999760322273
92	1e-23	0.001271400018595159
93	1e-23	0.0008919000392779708
94	1e-23	0.0008449999731965363
95	1e-23	0.0012243000091984868
96	1e-23	0.0010704000014811754
97	1e-23	0.0010462000500410795
98	1e-23	0.0008480999968014657
99	1e-23	0.0011904999846592546
100	1e-23	0.0009411000064574182
101	1e-23	0.001365699979942292
102	1e-23	0.001261299999896437
103	1e-23	0.0012141999904997647
104	1e-23	0.0012245000107213855
105	1e-23	0.0009472999954596162
106	1e-23	0.001180599967483431
107	1e-23	0.0011356000322848558
108	1e-23	0.0008741000201553106
109	1e-23	0.0011255999561399221
110	1e-23	0.0010088999988511205
111	1e-23	0.0009978999732993543
112	1e-23	0.0008937999955378473
113	1e-23	0.0009124000207521021
114	1e-23	0.0010235999943688512
115	1e-23	0.0014758000033907592
116	1e-23	0.000971200002823025
117	1e-23	0.0009961000178009272
118	1e-23	0.0010093000018969178
119	1e-23	0.0009812999633140862
120	1e-23	0.0008441000245511532
121	1e-23	0.0010020000045187771
122	1e-23	0.0013027999666519463
123	1e-23	0.0012046999763697386
124	1e-23	0.000983899983111769
125	1e-23	0.0012048000353388488
126	1e-23	0.0009929000516422093
127	1e-23	0.0008934999932534993
128	1e-23	0.0008782999939285219
129	1e-23	0.0013083000085316598
130	1e-23	0.0014057999942451715
131	1e-23	0.0012109000235795975
132	1e-23	0.0014750999980606139
133	1e-23	0.0011597000411711633
134	1e-23	0.0012925000046379864
135	1e-23	0.0012102000182494521
136	1e-23	0.0011929000029340386
137	1e-23	0.001222899998538196
138	1e-23	0.0013263000291772187
139	1e-23	0.001344399992376566
140	1e-23	0.0014740999904461205
141	1e-23	0.0013605999993160367
142	1e-23	0.0013352000387385488
143	1e-23	0.0011519999825395644
144	1e-23	0.0011317000025883317
145	1e-23	0.00133790000109002
146	1e-23	0.001186200010124594
147	1e-23	0.0009553999989293516
148	1e-23	0.001178500009700656
149	1e-23	0.0015805000439286232
150	1e-23	0.0016816999996080995
151	1e-23	0.0016237000236287713
152	1e-23	0.0013765999465249479
153	1e-23	0.001646700024139136
154	1e-23	0.00137339998036623
155	1e-23	0.0009546000510454178
156	1e-23	0.0008403999963775277
157	1e-23	0.001357399974949658
158	1e-23	0.0011974000371992588
159	1e-23	0.0008558000554330647
160	1e-23	0.0009254000033251941
161	1e-23	0.0009218999766744673
162	1e-23	0.0009470999939367175
163	1e-23	0.0008700999896973372
164	1e-23	0.0008866999996826053
165	1e-23	0.0010959000210277736
166	1e-23	0.0009497000137344003
167	1e-23	0.0008703999919816852
168	1e-23	0.0008531000348739326
169	1e-23	0.0010162999969907105
170	1e-23	0.001028900034725666
171	1e-23	0.0009409000049345195
172	1e-23	0.0008261000039055943
173	1e-23	0.0010982999810948968
174	1e-23	0.0012630000128410757
175	1e-23	0.0009281000238843262
176	1e-23	0.0008549999911338091
177	1e-23	0.0010433999705128372
178	1e-23	0.001281999982893467
179	1e-23	0.00119420001283288
180	1e-23	0.0011156999971717596
181	1e-23	0.0015811000484973192
182	1e-23	0.0011288999812677503
183	1e-23	0.0008933000499382615
184	1e-23	0.0009416000102646649
185	1e-23	0.001095400017220527
186	1e-23	0.0010741999722085893
187	1e-23	0.0008981000282801688
188	1e-23	0.000979500007815659
189	1e-23	0.0011455999920144677
190	1e-23	0.0011006999993696809
191	1e-23	0.000985399994533509
192	1e-23	0.0013558999635279179
193	1e-23	0.0009730000165291131
194	1e-23	0.0014685000060126185
195	1e-23	0.0012327000149525702
196	1e-23	0.0012851000064983964
197	1e-23	0.0014880999806337059
198	1e-23	0.0011705999495461583
199	1e-23	0.0013561000232584774
200	1e-23	0.0011046999716199934
201	1e-23	0.0009730999590829015
202	1e-23	0.001143299974501133
203	1e-23	0.0012713000178337097
204	1e-23	0.0014730999828316271
205	1e-23	0.0014005000120960176
206	1e-23	0.0014877000357955694
207	1e-23	0.0014384000096470118
208	1e-23	0.0014069000026211143
209	1e-23	0.0013501999783329666
210	1e-23	0.0012615000014193356
211	1e-23	0.0013276999816298485
212	1e-23	0.0009955000132322311
213	1e-23	0.0015829000039957464
214	1e-23	0.0014821999939158559
215	1e-23	0.0011928000021725893
216	1e-23	0.001082100032363087
217	1e-23	0.0013634000206366181
218	1e-23	0.0014081000117585063
219	1e-23	0.0014251000247895718
220	1e-23	0.0013472000136971474
221	1e-23	0.0010943000088445842
222	1e-23	0.0014182000304572284
223	1e-23	0.001281399978324771
224	1e-23	0.00132610002765432
225	1e-23	0.0012549000093713403
226	1e-23	0.001192099996842444
227	1e-23	0.0012581999762915075
228	1e-23	0.0013853000127710402
229	1e-23	0.001437600003555417
230	1e-23	0.0011729999678209424
231	1e-23	0.001011099957395345
232	1e-23	0.0008694000425748527
233	1e-23	0.0012188000255264342
234	1e-23	0.0010671999771147966
235	1e-23	0.0008945000008679926
236	1e-23	0.000930099980905652
237	1e-23	0.0011937000090256333
238	1e-23	0.0011667999788187444
239	1e-23	0.0013360999873839319
240	1e-23	0.0011894999770447612
241	1e-23	0.0011393000022508204
242	1e-23	0.0010021000052802265
243	1e-23	0.0008511000196449459
244	1e-23	0.0013576000346802175
245	1e-23	0.0012515999842435122
246	1e-23	0.0010489000123925507
247	1e-23	0.0011701000039465725
248	1e-23	0.001337599998805672
249	1e-23	0.0010574999614618719
250	1e-23	0.0008889999589882791
251	1e-23	0.0013731999788433313
252	1e-23	0.0014014000189490616
253	1e-23	0.0012132999836467206
254	1e-23	0.0016145999543368816
255	1e-23	0.0011051000328734517
256	1e-23	0.0010213000350631773
257	1e-23	0.0010979999788105488
258	1e-23	0.0011609000503085554
259	1e-23	0.0009276000200770795
260	1e-23	0.0008786999969743192
261	1e-23	0.0010640000109560788
262	1e-23	0.0010443000355735421
263	1e-23	0.0009783999994397163
264	1e-23	0.0010560000082477927
265	1e-23	0.0012685999972745776
266	1e-23	0.0014686000067740679
267	1e-23	0.001055800006724894
268	1e-23	0.001235600037034601
269	1e-23	0.0015599000034853816
270	1e-23	0.0009572000126354396
271	1e-23	0.0009523999760858715
272	1e-23	0.0013022999628446996
273	1e-23	0.0012638000189326704
274	1e-23	0.0010731000220403075
275	1e-23	0.0011029000161215663
276	1e-23	0.001319599978160113
277	1e-23	0.0011915000504814088
278	1e-23	0.0011406000121496618
279	1e-23	0.001292100001592189
280	1e-23	0.0016577999922446907
281	1e-23	0.0011694999993778765
282	1e-23	0.0011508000316098332
283	1e-23	0.0010460999910719693
284	1e-23	0.0011264000204391778
285	1e-23	0.001402400026563555
286	1e-23	0.0013706000172533095
287	1e-23	0.0010242999996989965
288	1e-23	0.0011959999683313072
289	1e-23	0.001283199992030859
290	1e-23	0.0010306999902240932
291	1e-23	0.0014863000251352787
292	1e-23	0.0012753999908454716
293	1e-23	0.0011079999967478216
294	1e-23	0.0009029999491758645
295	1e-23	0.0013899999903514981
296	1e-23	0.00103859999217093
297	1e-23	0.0008983999723568559
298	1e-23	0.0010907999821938574
299	1e-23	0.0011036000214517117
300	1e-23	0.0009433000232093036
301	1e-23	0.0013616999494843185
302	1e-23	0.001062900002580136
303	1e-23	0.0010092000011354685
304	1e-23	0.0013063999940641224
305	1e-23	0.0011550000053830445
306	1e-23	0.0012467000051401556
307	1e-23	0.001033600012306124
308	1e-23	0.0009312999900430441
309	1e-23	0.0013417999725788832
310	1e-23	0.0012512999819591641
311	1e-23	0.001416600018274039
312	1e-23	0.0010148000437766314
313	1e-23	0.0009753000340424478
314	1e-23	0.0014739999896846712
315	1e-23	0.0014958000392653048
316	1e-23	0.0011579000274650753
317	1e-23	0.0012630000128410757
318	1e-23	0.0013061999925412238
319	1e-23	0.0013122999807819724
320	1e-23	0.0012120000319555402
321	1e-23	0.0010912000434473157
322	1e-23	0.0009759999811649323
323	1e-23	0.0010813000262714922
324	1e-23	0.0012311000027693808
325	1e-23	0.00090230000205338
326	1e-23	0.001179699960630387
327	1e-23	0.001209600013680756
328	1e-23	0.0009744000271894038
329	1e-23	0.0008886000141501427
330	1e-23	0.0016839000163599849
331	1e-23	0.0010509999701753259
332	1e-23	0.0008923999848775566
333	1e-23	0.0012940000160597265
334	1e-23	0.0010605999850668013
335	1e-23	0.0010733000235632062
336	1e-23	0.0013414000277407467
337	1e-23	0.0013390000094659626
338	1e-23	0.0012357999803498387
339	1e-23	0.0012092000106349587
340	1e-23	0.0013407000224106014
341	1e-23	0.0013015000149607658
342	1e-23	0.0010334000107832253
343	1e-23	0.0011197999701835215
344	1e-23	0.0013611000031232834
345	1e-23	0.0010572000173851848
346	1e-23	0.0009768999880179763
347	1e-23	0.00150090001989156
348	1e-23	0.0013911999994888902
349	1e-23	0.0009831999777816236
350	1e-23	0.0012639000196941197
351	1e-23	0.0012410000199452043
352	1e-23	0.0008979000267572701
353	1e-23	0.0009327000007033348
354	1e-23	0.0010780000011436641
355	1e-23	0.0012205999810248613
356	1e-23	0.0016998000210151076
357	1e-23	0.0018779999809339643
358	1e-23	0.0017379999626427889
359	1e-23	0.0016667000018060207
360	1e-23	0.0010950000141747296
361	1e-23	0.0010387000511400402
362	1e-23	0.0012476000119931996
363	1e-23	0.0014533000066876411
364	1e-23	0.0011128000332973897
365	1e-23	0.0011574000236578286
366	1e-23	0.0010562000097706914
367	1e-23	0.0011180000146850944
368	1e-23	0.001561500015668571
369	1e-23	0.0013342999736778438
370	1e-23	0.001174700038973242
371	1e-23	0.0010740000288933516
372	1e-23	0.0011171000078320503
373	1e-23	0.0012147999950684607
374	1e-23	0.0010979000362567604
375	1e-23	0.001573599991388619
376	1e-23	0.0010863000061362982
377	1e-23	0.0010869999532587826
378	1e-23	0.000943700026255101
379	1e-23	0.0015384000143967569
380	1e-23	0.000935699965339154
381	1e-23	0.0008694000425748527
382	1e-23	0.0012031999649479985
383	1e-23	0.0013389999512583017
384	1e-23	0.000915299984626472
385	1e-23	0.000818300002720207
386	1e-23	0.0010590000310912728
387	1e-23	0.0013315000105649233
388	1e-23	0.0008319999906234443
389	1e-23	0.0008730000117793679
390	1e-23	0.0009809000184759498
391	1e-23	0.0010323000024072826
392	1e-23	0.0008931999909691513
393	1e-23	0.001705800008494407
394	1e-23	0.0010349999647587538
395	1e-23	0.0009707999997772276
396	1e-23	0.0008687000372447073
397	1e-23	0.000825099996291101
398	1e-23	0.0012883999734185636
399	1e-23	0.0014495999785140157
400	1e-23	0.0008298999746330082
401	1e-23	0.0009649999556131661
402	1e-23	0.0013294999953359365
403	1e-23	0.0010220000403933227
404	1e-23	0.0008423000108450651
405	1e-23	0.001201000006403774
406	1e-23	0.0010674999793991446
407	1e-23	0.0009375999798066914
408	1e-23	0.0009104000055231154
409	1e-23	0.0013765000039711595
410	1e-23	0.0011769000557251275
411	1e-23	0.0008690000395290554
412	1e-23	0.0008333000005222857
413	1e-23	0.0012987999944016337
414	1e-23	0.0009348000166937709
415	1e-23	0.0008213000255636871
416	1e-23	0.0007816999568603933
417	1e-23	0.0009291000314988196
418	1e-23	0.0010145000414922833
419	1e-23	0.0008333000005222857
420	1e-23	0.0007955000037327409
421	1e-23	0.0009743000264279544
422	1e-23	0.0014384999522008002
423	1e-23	0.0009534000419080257
424	1e-23	0.0008741999627090991
425	1e-23	0.00108149996958673
426	1e-23	0.0013664999860338867
427	1e-23	0.0009469999931752682
428	1e-23	0.0007993999752216041
429	1e-23	0.0011970000341534615
430	1e-23	0.0014523999998345971
431	1e-23	0.0008815999608486891
432	1e-23	0.0008341000066138804
433	1e-23	0.0012663999805226922
434	1e-23	0.0015652999863959849
435	1e-23	0.00118090002797544
436	1e-23	0.001271100016310811
437	1e-23	0.0010585000272840261
438	1e-23	0.0008221999742090702
439	1e-23	0.0010403000051155686
440	1e-23	0.0012577999732457101
441	1e-23	0.00104010000359267
442	1e-23	0.0007961999508552253
443	1e-23	0.0008265000069513917
444	1e-23	0.0013623000122606754
445	1e-23	0.0012515999842435122
446	1e-23	0.0008808999555185437
447	1e-23	0.0008378999773412943
448	1e-23	0.0013044000370427966
449	1e-23	0.0011236999998800457
450	1e-23	0.0012771000037901103
451	1e-23	0.001359799993224442
452	1e-23	0.0012378999963402748
453	1e-23	0.0010127000277861953
454	1e-23	0.001163099950645119
455	1e-23	0.001339100010227412
456	1e-23	0.0009056999697349966
457	1e-23	0.0008406999986618757
458	1e-23	0.0013580999802798033
459	1e-23	0.0012176000163890421
460	1e-23	0.0010607999865897
461	1e-23	0.001074399973731488
462	1e-23	0.0013988999999128282
463	1e-23	0.0013578999787569046
464	1e-23	0.0011883999686688185
465	1e-23	0.0013238000101409853
466	1e-23	0.000958800024818629
467	1e-23	0.0008131000213325024
468	1e-23	0.0008215000270865858
469	1e-23	0.0011900999816134572
470	1e-23	0.001270200009457767
471	1e-23	0.00090970000019297
472	1e-23	0.0008906999719329178
473	1e-23	0.0009594999719411135
474	1e-23	0.0009991999831981957
475	1e-23	0.0008822999661788344
476	1e-23	0.001031799998600036
477	1e-23	0.001159899984486401
478	1e-23	0.0010685999877750874
479	1e-23	0.0009030000073835254
480	1e-23	0.0009120000177063048
481	1e-23	0.001157499966211617
482	1e-23	0.0010697999969124794
483	1e-23	0.000797899963799864
484	1e-23	0.0009125000215135515
485	1e-23	0.0010107000125572085
486	1e-23	0.0013371999957598746
487	1e-23	0.0009679999784566462
488	1e-23	0.0010277999681420624
489	1e-23	0.0013223999994806945
490	1e-23	0.00101200002245605
491	1e-23	0.0009932999964803457
492	1e-23	0.0013067999971099198
493	1e-23	0.0009819000260904431
494	1e-23	0.000873899960424751
495	1e-23	0.0008400999940931797
496	1e-23	0.0011085000005550683
497	1e-23	0.0009748000302352011
498	1e-23	0.0009193000150844455
499	1e-23	0.0008268000092357397
500	1e-23	0.0012654999736696482
501	1e-23	0.0013709000195376575
502	1e-23	0.0008112999494187534
503	1e-23	0.0008169000502675772
504	1e-23	0.0012522999895736575
505	1e-23	0.001575700007379055
506	1e-23	0.0016673000063747168
507	1e-23	0.0012249000137671828
508	1e-23	0.0012241000076755881
509	1e-23	0.00091409997548908
510	1e-23	0.0009565000073052943
511	1e-23	0.0011666000355035067
512	1e-23	0.0008577000116929412
513	1e-23	0.00079109997022897
514	1e-23	0.000993399997241795
515	1e-23	0.000916499993763864
516	1e-23	0.0010252000065520406
517	1e-23	0.0008570000063627958
518	1e-23	0.0008622999885119498
519	1e-23	0.0010606999858282506
520	1e-23	0.0010563000105321407
521	1e-23	0.0008979000267572701
522	1e-23	0.0008169999928213656
523	1e-23	0.0013428999809548259
524	1e-23	0.0013355999835766852
525	1e-23	0.0008354000165127218
526	1e-23	0.0009212999721057713
527	1e-23	0.001304799981880933
528	1e-23	0.0009447000338695943
529	1e-23	0.0008738000178709626
530	1e-23	0.0009441999718546867
531	1e-23	0.0009602000354789197
532	1e-23	0.0008552999934181571
533	1e-23	0.0008940999978221953
534	1e-23	0.001241800026036799
535	1e-23	0.0010521000367589295
536	1e-23	0.0009157999884337187
537	1e-23	0.0008566000033169985
538	1e-23	0.0008184000034816563
539	1e-23	0.0012195000308565795
540	1e-23	0.0010233999928459525
541	1e-23	0.0008409000001847744
542	1e-23	0.0008663999615237117
543	1e-23	0.001046899997163564
544	1e-23	0.001083299983292818
545	1e-23	0.0008752000285312533
546	1e-23	0.0008823999669402838
547	1e-23	0.0008170999935828149
548	1e-23	0.001287599967326969
549	1e-23	0.001267499988898635
550	1e-23	0.0009657999617047608
551	1e-23	0.0011575999669730663
552	1e-23	0.0009147999808192253
553	1e-23	0.0008588000200688839
554	1e-23	0.0008451000321656466
555	1e-23	0.0011317000025883317
556	1e-23	0.0011193000245839357
557	1e-23	0.0009114999556913972
558	1e-23	0.0008275000145658851
559	1e-23	0.0009716000058688223
560	1e-23	0.001173499971628189
561	1e-23	0.0009073999826796353
562	1e-23	0.0007889000116847456
563	1e-23	0.0009885000181384385
564	1e-23	0.001315999950747937
565	1e-23	0.0012029000208713114
566	1e-23	0.0013438999885693192
567	1e-23	0.00092299998505041
568	1e-23	0.0009977000299841166
569	1e-23	0.0008502000127919018
570	1e-23	0.0008453000336885452
571	1e-23	0.0010144999832846224
572	1e-23	0.0008843000396154821
573	1e-23	0.0008524999720975757
574	1e-23	0.000862100045196712
575	1e-23	0.0008507000165991485
576	1e-23	0.0010460999910719693
577	1e-23	0.000869500043336302
578	1e-23	0.0008024999988265336
579	1e-23	0.000844899972435087
580	1e-23	0.0015061000012792647
581	1e-23	0.001319000031799078
582	1e-23	0.0012864999589510262
583	1e-23	0.001208400004543364
584	1e-23	0.0012983999913558364
585	1e-23	0.00090970000019297
586	1e-23	0.0008589999633841217
587	1e-23	0.0012709000147879124
588	1e-23	0.0011693999986164272
589	1e-23	0.0008394999895244837
590	1e-23	0.000840499997138977
591	1e-23	0.001165799971204251
592	1e-23	0.0011987999896518886
593	1e-23	0.0014782999642193317
594	1e-23	0.0012413999647833407
595	1e-23	0.0012821999844163656
596	1e-23	0.0012983999913558364
597	1e-23	0.0014249999658204615
598	1e-23	0.0012865000171586871
599	1e-23	0.0011060000397264957
600	1e-23	0.0012704000109806657
601	1e-23	0.0013288999907672405
602	1e-23	0.001227000029757619
603	1e-23	0.0011136999819427729
604	1e-23	0.0012252999586053193
605	1e-23	0.0011882000253535807
606	1e-23	0.0012771000037901103
607	1e-23	0.001276700000744313
608	1e-23	0.0012330000172369182
609	1e-23	0.001177600002847612
610	1e-23	0.0009494000114500523
611	1e-23	0.0011891999747604132
612	1e-23	0.001108700002077967
613	1e-23	0.000929799978621304
614	1e-23	0.0008749999688006938
615	1e-23	0.0009898000280372798
616	1e-23	0.0008540999842807651
617	1e-23	0.000826300005428493
618	1e-23	0.0009340000106021762
619	1e-23	0.0015247000264935195
620	1e-23	0.0013040000339969993
621	1e-23	0.001141499960795045
622	1e-23	0.0009576999582350254
623	1e-23	0.0010212999768555164
624	1e-23	0.0009115999564528465
625	1e-23	0.0009046000195667148
626	1e-23	0.0008865999989211559
627	1e-23	0.001130599994212389
628	1e-23	0.0011963999713771045
629	1e-23	0.001199799997266382
630	1e-23	0.0011700000031851232
631	1e-23	0.0011285000364296138
632	1e-23	0.0010824999772012234
633	1e-23	0.0013348999782465398
634	1e-23	0.0012457999982871115
635	1e-23	0.0012295999913476408
636	1e-23	0.0009076000424101949
637	1e-23	0.0008713999995961785
638	1e-23	0.0008957000100053847
639	1e-23	0.0008897000225260854
640	1e-23	0.0014662999892607331
641	1e-23	0.0012573999701999128
642	1e-23	0.0012692000018432736
643	1e-23	0.001533099974039942
644	1e-23	0.0010505999671295285
645	1e-23	0.0009619999909773469
646	1e-23	0.0010646999580785632
647	1e-23	0.0013017000164836645
648	1e-23	0.0010137000354006886
649	1e-23	0.0009076999849639833
650	1e-23	0.0009130999678745866
651	1e-23	0.0011201000306755304
652	1e-23	0.0009852999937720597
653	1e-23	0.0008850999874994159
654	1e-23	0.0008300000336021185
655	1e-23	0.0009668999700807035
656	1e-23	0.0012055000406689942
657	1e-23	0.0012517999857664108
658	1e-23	0.0009350000182166696
659	1e-23	0.0010122000239789486
660	1e-23	0.0008220999734476209
661	1e-23	0.00101350003387779
662	1e-23	0.001033000007737428
663	1e-23	0.0010721000144258142
664	1e-23	0.0008689999813213944
665	1e-23	0.0008885000133886933
666	1e-23	0.0008886000141501427
667	1e-23	0.0008800000068731606
668	1e-23	0.0009603999787941575
669	1e-23	0.0009318999946117401
670	1e-23	0.0008869000012055039
671	1e-23	0.0008174999966286123
672	1e-23	0.0012463000020943582
673	1e-23	0.000868000031914562
674	1e-23	0.0008800000068731606
675	1e-23	0.0008504000143148005
676	1e-23	0.0009094999986700714
677	1e-23	0.0008070999756455421
678	1e-23	0.001256899966392666
679	1e-23	0.0011183000169694424
680	1e-23	0.001559700001962483
681	1e-23	0.0013892999850213528
682	1e-23	0.0009615999879315495
683	1e-23	0.0009881000150926411
684	1e-23	0.0009389999904669821
685	1e-23	0.0008550999918952584
686	1e-23	0.0008711999980732799
687	1e-23	0.0008356000180356205
688	1e-23	0.0010208000312559307
689	1e-23	0.0009905999759212136
690	1e-23	0.0009135999716818333
691	1e-23	0.0009085999918170273
692	1e-23	0.0008593000238761306
693	1e-23	0.0012410000199452043
694	1e-23	0.0017528999596834183
695	1e-23	0.0015347999869845808
696	1e-23	0.0016674999496899545
697	1e-23	0.001751899952068925
698	1e-23	0.0013417000300250947
699	1e-23	0.0014005000120960176
700	1e-23	0.0013958000345155597
701	1e-23	0.0014101999695412815
702	1e-23	0.0012570000253617764
703	1e-23	0.0014732999843545258
704	1e-23	0.000983299978543073
705	1e-23	0.0008631999953649938
706	1e-23	0.0009509999654255807
707	1e-23	0.0009704999974928796
708	1e-23	0.0013691000058315694
709	1e-23	0.0013500999775715172
710	1e-23	0.0013493999722413719
711	1e-23	0.001186200010124594
712	1e-23	0.001120000029914081
713	1e-23	0.0011165000032633543
714	1e-23	0.0010378000442869961
715	1e-23	0.0011286999797448516
716	1e-23	0.0011608999921008945
717	1e-23	0.0010745000327005982
718	1e-23	0.0011355000315234065
719	1e-23	0.0011362999794073403
720	1e-23	0.0013459999463520944
721	1e-23	0.0013753999955952168
722	1e-23	0.0012172999558970332
723	1e-23	0.0009395999950356781
724	1e-23	0.0011419000220485032
725	1e-23	0.0010794000118039548
726	1e-23	0.0009230999858118594
727	1e-23	0.0008560999995097518
728	1e-23	0.0008552999934181571
729	1e-23	0.0014420000370591879
730	1e-23	0.001579199975822121
731	1e-23	0.001140100008342415
732	1e-23	0.0014857000205665827
733	1e-23	0.001444699999410659
734	1e-23	0.0013156000059098005
735	1e-23	0.0011884999694302678
736	1e-23	0.0013374999980442226
737	1e-23	0.0012526999926194549
738	1e-23	0.00104750000173226
739	1e-23	0.0010523999808356166
740	1e-23	0.00149940000846982
741	1e-23	0.001512999995611608
742	1e-23	0.0010802000178955495
743	1e-23	0.0008861999958753586
744	1e-23	0.0009485000045970082
745	1e-23	0.0013349000364542007
746	1e-23	0.0012042999733239412
747	1e-23	0.0011832999880425632
748	1e-23	0.0013993000029586256
749	1e-23	0.0013330999645404518
750	1e-23	0.0012873000232502818
751	1e-23	0.0013185999705456197
752	1e-23	0.0013521999935619533
753	1e-23	0.0012285999837331474
754	1e-23	0.001415400009136647
755	1e-23	0.001427799987141043
756	1e-23	0.0012646999675780535
757	1e-23	0.0012597999884746969
758	1e-23	0.0013210999895818532
759	1e-23	0.0011635999544523656
760	1e-23	0.0014732000418007374
761	1e-23	0.0011824999819509685
762	1e-23	0.0014045999851077795
763	1e-23	0.0014402999659068882
764	1e-23	0.0016414000419899821
765	1e-23	0.0008911999757401645
766	1e-23	0.001207799999974668
767	1e-23	0.001275799993891269
768	1e-23	0.0009600999765098095
769	1e-23	0.0008976000244729221
770	1e-23	0.001173200027551502
771	1e-23	0.001344999996945262
772	1e-23	0.0010009000543504953
773	1e-23	0.0012097000144422054
774	1e-23	0.0013060999917797744
775	1e-23	0.0013462999486364424
776	1e-23	0.0012385000009089708
777	1e-23	0.0013487000251188874
778	1e-23	0.0015722999814897776
779	1e-23	0.0012479000142775476
780	1e-23	0.001202200015541166
781	1e-23	0.0010228999890387058
782	1e-23	0.0009156999876722693
783	1e-23	0.0011623000027611852
784	1e-23	0.001122299989219755
785	1e-23	0.0009455999825149775
786	1e-23	0.0008628999930806458
787	1e-23	0.0013286999892443419
788	1e-23	0.0012301999959163368
789	1e-23	0.0010163000551983714
790	1e-23	0.0010048000258393586
791	1e-23	0.0010674000368453562
792	1e-23	0.0012406999594531953
793	1e-23	0.0009533999837003648
794	1e-23	0.0013159000081941485
795	1e-23	0.0012442999868653715
796	1e-23	0.0009076999849639833
797	1e-23	0.0009311000467278063
798	1e-23	0.0010723999585025012
799	1e-23	0.0012493999674916267
800	1e-23	0.001006399979814887
801	1e-23	0.0010763999889604747
802	1e-23	0.0012792000197805464
803	1e-23	0.0009858999983407557
804	1e-23	0.0009230999858118594
805	1e-23	0.0009677000343799591
806	1e-23	0.0015546000213362277
807	1e-23	0.0013142999960109591
808	1e-23	0.0009874000097624958
809	1e-23	0.0010119000216946006
810	1e-23	0.0009803000139072537
811	1e-23	0.0008874000050127506
812	1e-23	0.0009453999809920788
813	1e-23	0.001248900021892041
814	1e-23	0.0012298999936319888
815	1e-23	0.0009685000404715538
816	1e-23	0.0009824999724514782
817	1e-23	0.001250099972821772
818	1e-23	0.0009307999862357974
819	1e-23	0.0011056999792344868
820	1e-23	0.0011134999804198742
821	1e-23	0.0010266000172123313
822	1e-23	0.0009017999982461333
823	1e-23	0.0012964000343345106
824	1e-23	0.001109300006646663
825	1e-23	0.0009370999759994447
826	1e-23	0.0008177999989129603
827	1e-23	0.0012949000229127705
828	1e-23	0.0012317999498918653
829	1e-23	0.0010079999919980764
830	1e-23	0.0014739999896846712
831	1e-23	0.0011804000241681933
832	1e-23	0.0010127000277861953
833	1e-23	0.0014196000411175191
834	1e-23	0.0013862000196240842
835	1e-23	0.0011707000085152686
836	1e-23	0.0010081999935209751
837	1e-23	0.000881000014487654
838	1e-23	0.0012134999851696193
839	1e-23	0.0009343999554403126
840	1e-23	0.0009613999864086509
841	1e-23	0.0008167999912984669
842	1e-23	0.0010491000139154494
843	1e-23	0.0010111000156030059
844	1e-23	0.0012864999589510262
845	1e-23	0.0009421000140719116
846	1e-23	0.0009561000042594969
847	1e-23	0.0011811999720521271
848	1e-23	0.001046599994879216
849	1e-23	0.0008786999969743192
850	1e-23	0.0011421000235714018
851	1e-23	0.0012365999864414334
852	1e-23	0.000932200055103749
853	1e-23	0.0009787000017240644
854	1e-23	0.001105800038203597
855	1e-23	0.0009972000261768699
856	1e-23	0.0009357000235468149
857	1e-23	0.0008855999913066626
858	1e-23	0.0012369999894872308
859	1e-23	0.0010244000004604459
860	1e-23	0.0010590999736450613
861	1e-23	0.001206299988552928
862	1e-23	0.0010718999546952546
863	1e-23	0.000936899974476546
864	1e-23	0.0008599000284448266
865	1e-23	0.001171400013845414
866	1e-23	0.0009735000203363597
867	1e-23	0.0009746000287123024
868	1e-23	0.0010264000156894326
869	1e-23	0.0011460999958217144
870	1e-23	0.0012893000384792686
871	1e-23	0.0013038000324741006
872	1e-23	0.0010352999670431018
873	1e-23	0.0011752999853342772
874	1e-23	0.0010111000156030059
875	1e-23	0.000958500022534281
876	1e-23	0.0009189999545924366
877	1e-23	0.0011156999971717596
878	1e-23	0.0011600999860092998
879	1e-23	0.0009100999450311065
880	1e-23	0.0012735999771393836
881	1e-23	0.0010381000465713441
882	1e-23	0.0009544999920763075
883	1e-23	0.0008012000471353531
884	1e-23	0.0012208999833092093
885	1e-23	0.0013461000053212047
886	1e-23	0.0008830000297166407
887	1e-23	0.0007878000033088028
888	1e-23	0.0010746000334620476
889	1e-23	0.000977399991825223
890	1e-23	0.0011627000058069825
891	1e-23	0.0014708999660797417
892	1e-23	0.0017271999968215823
893	1e-23	0.0014106999733485281
894	1e-23	0.0014374000020325184
895	1e-23	0.0011730000260286033
896	1e-23	0.0009889000211842358
897	1e-23	0.0008947000023908913
898	1e-23	0.0010889999684877694
899	1e-23	0.0010761000448837876
900	1e-23	0.0008978000259958208
901	1e-23	0.00138079997850582
902	1e-23	0.0013657999807037413
903	1e-23	0.0013358999858610332
904	1e-23	0.0011112000211142004
905	1e-23	0.0012235000031068921
906	1e-23	0.00122519995784387
907	1e-23	0.0009661000221967697
908	1e-23	0.001025600009597838
909	1e-23	0.0010544999968260527
910	1e-23	0.0012372999917715788
911	1e-23	0.001005200028885156
912	1e-23	0.0011233999975956976
913	1e-23	0.0013409999664872885
914	1e-23	0.0010721000144258142
915	1e-23	0.0014913000050000846
916	1e-23	0.0012326000141911209
917	1e-23	0.0011663000332191586
918	1e-23	0.0009350000182166696
919	1e-23	0.0011973000364378095
920	1e-23	0.0012231000000610948
921	1e-23	0.0012243000091984868
922	1e-23	0.0013355999835766852
923	1e-23	0.0013776000123471022
924	1e-23	0.0010141999810002744
925	1e-23	0.001285000005736947
926	1e-23	0.0013992000021971762
927	1e-23	0.0014107999741099775
928	1e-23	0.0011804000241681933
929	1e-23	0.0013878000318072736
930	1e-23	0.001080299960449338
931	1e-23	0.001068499987013638
932	1e-23	0.0014300000038929284
933	1e-23	0.001343499985523522
934	1e-23	0.0010262999567203224
935	1e-23	0.0012189000262878835
936	1e-23	0.0012428999762050807
937	1e-23	0.0010882000206038356
938	1e-23	0.0010095000034198165
939	1e-23	0.0009664999670349061
940	1e-23	0.0011006999993696809
941	1e-23	0.0010449000401422381
942	1e-23	0.0011669000377878547
943	1e-23	0.0011644000187516212
944	1e-23	0.0011073999921791255
945	1e-23	0.0011076999944634736
946	1e-23	0.0010916999890469015
947	1e-23	0.001130900054704398
948	1e-23	0.0009277000208385289
949	1e-23	0.0010024000075645745
950	1e-23	0.00108299998100847
951	1e-23	0.000952300033532083
952	1e-23	0.0010038999607786536
953	1e-23	0.0011002000537700951
954	1e-23	0.0013992000021971762
955	1e-23	0.0013682999997399747
956	1e-23	0.001232899958267808
957	1e-23	0.0010103999520651996
958	1e-23	0.001289099978748709
959	1e-23	0.0011360999778844416
960	1e-23	0.0011175000108778477
961	1e-23	0.001207799999974668
962	1e-23	0.0010293000377714634
963	1e-23	0.0010066000395454466
964	1e-23	0.0010430999682284892
965	1e-23	0.0010239999974146485
966	1e-23	0.0009034000104293227
967	1e-23	0.0015023999731056392
968	1e-23	0.0017072000191546977
969	1e-23	0.0009726000134833157
970	1e-23	0.0008839000365696847
971	1e-23	0.000987800012808293
972	1e-23	0.0010019000037573278
973	1e-23	0.0010430999682284892
974	1e-23	0.0010506999678909779
975	1e-23	0.0015681000077165663
976	1e-23	0.0013072000001557171
977	1e-23	0.000948999950196594
978	1e-23	0.001094500010367483
979	1e-23	0.0014322000206448138
980	1e-23	0.0013854000135324895
981	1e-23	0.0012497000279836357
982	1e-23	0.0014896999928168952
983	1e-23	0.0009340999531559646
984	1e-23	0.0011136999819427729
985	1e-23	0.0011941000120714307
986	1e-23	0.0014161000144667923
987	1e-23	0.001319299975875765
988	1e-23	0.001427499984856695
989	1e-23	0.0009944000048562884
990	1e-23	0.0009303999831900001
991	1e-23	0.0012209999840706587
992	1e-23	0.0012602999922819436
993	1e-23	0.0014010000159032643
994	1e-23	0.0011209000367671251
995	1e-23	0.0011320000048726797
996	1e-23	0.0014392000157386065
997	1e-23	0.0013457000022754073
998	1e-23	0.0013013999559916556
999	1e-23	0.0010359999723732471
1000	1e-23	0.0011565000168047845
1001	1e-23	0.0011446999851614237
1002	1e-23	0.0009466999908909202
1003	1e-23	0.0009054999682120979
1004	1e-23	0.0010128000285476446
1005	1e-23	0.0011422999668866396
1006	1e-23	0.0014455000055022538
1007	1e-23	0.001297399983741343
1008	1e-23	0.0014742999919690192
1009	1e-23	0.0014304999494925141
1010	1e-23	0.0015527000068686903
1011	1e-23	0.001685399969574064
1012	1e-23	0.0014740999904461205
1013	1e-23	0.0015350999892689288
1014	1e-23	0.0013864999637007713
1015	1e-23	0.0009091999963857234
1016	1e-23	0.0011746000382117927
1017	1e-23	0.0013132999883964658
1018	1e-23	0.001368700002785772
1019	1e-23	0.0010673999786376953
1020	1e-23	0.001206599990837276
1021	1e-23	0.0013512999867089093
1022	1e-23	0.001431100012268871
1023	1e-23	0.0011647999635897577
1024	1e-23	0.001330200000666082
1025	1e-23	0.0013043999788351357
1026	1e-23	0.001340000017080456
1027	1e-23	0.0014420000370591879
1028	1e-23	0.001570100022945553
1029	1e-23	0.0011978999827988446
1030	1e-23	0.0010724000167101622
1031	1e-23	0.0013898000470362604
1032	1e-23	0.0012317999498918653
1033	1e-23	0.0012732000323012471
1034	1e-23	0.0010588000295683742
1035	1e-23	0.0011143999872729182
1036	1e-23	0.0010836999863386154
1037	1e-23	0.0010013999999500811
1038	1e-23	0.0010465000523254275
1039	1e-23	0.0012334000202827156
1040	1e-23	0.0013502000365406275
1041	1e-23	0.0016562999808229506
1042	1e-23	0.0013789000222459435
1043	1e-23	0.0015053999959491193
1044	1e-23	0.0010463999933563173
1045	1e-23	0.0012108000228181481
1046	1e-23	0.0016461999621242285
1047	1e-23	0.001368099998217076
1048	1e-23	0.0015167000237852335
1049	1e-23	0.0010436999727971852
1050	1e-23	0.0011507999734021723
1051	1e-23	0.0013485999661497772
1052	1e-23	0.0013567000278271735
1053	1e-23	0.0012294999905861914
1054	1e-23	0.0013054999872110784
1055	1e-23	0.0011339000193402171
1056	1e-23	0.001002199947834015
1057	1e-23	0.0009105000062845647
1058	1e-23	0.0010733999661169946
1059	1e-23	0.001026500016450882
1060	1e-23	0.0009640000062063336
1061	1e-23	0.0008297999738715589
1062	1e-23	0.001292100001592189
1063	1e-23	0.000957300013396889
1064	1e-23	0.0008568000048398972
1065	1e-23	0.000839299988001585
1066	1e-23	0.0014403000241145492
1067	1e-23	0.0012089000083506107
1068	1e-23	0.0008569000056013465
1069	1e-23	0.0008707999950274825
1070	1e-23	0.0013367999927140772
1071	1e-23	0.0009641999495215714
1072	1e-23	0.0008676000288687646
1073	1e-23	0.0008796999463811517
1074	1e-23	0.001111100020352751
1075	1e-23	0.0012122999760322273
1076	1e-23	0.0009358000243082643
1077	1e-23	0.0009752999758347869
1078	1e-23	0.000998699979390949
1079	1e-23	0.0009629999985918403
1080	1e-23	0.000895800010766834
1081	1e-23	0.0009748000302352011
1082	1e-23	0.0012285999837331474
1083	1e-23	0.0009588999673724174
1084	1e-23	0.0010922999936155975
1085	1e-23	0.0015922000166028738
1086	1e-23	0.0009397999965585768
1087	1e-23	0.0008956000092439353
1088	1e-23	0.0009483000030741096
1089	1e-23	0.0010437999735586345
1090	1e-23	0.0010419999598525465
1091	1e-23	0.0009740999666973948
1092	1e-23	0.0009088999941013753
1093	1e-23	0.0011569000198505819
1094	1e-23	0.0010304999887011945
1095	1e-23	0.0011644000187516212
1096	1e-23	0.001297399983741343
1097	1e-23	0.0013809999800287187
1098	1e-23	0.0016398000298067927
1099	1e-23	0.0014761000056751072
1100	1e-23	0.0014580999850295484
1101	1e-23	0.0014039999805390835
1102	1e-23	0.0012623000075109303
1103	1e-23	0.001374299987219274
1104	1e-23	0.001248900021892041
1105	1e-23	0.0011499000247567892
1106	1e-23	0.0011681999894790351
1107	1e-23	0.001443499990273267
1108	1e-23	0.0012190000270493329
1109	1e-23	0.0011715000146068633
1110	1e-23	0.0011249000090174377
1111	1e-23	0.0014057999942451715
1112	1e-23	0.0011349000269547105
1113	1e-23	0.0012416000245139003
1114	1e-23	0.001372499973513186
1115	1e-23	0.0013522999943234026
1116	1e-23	0.00182229996426031
1117	1e-23	0.0013736000400967896
1118	1e-23	0.001282899989746511
1119	1e-23	0.0011252000113017857
1120	1e-23	0.0009098000009544194
1121	1e-23	0.0010160999954678118
1122	1e-23	0.0013898999895900488
1123	1e-23	0.001066099968738854
1124	1e-23	0.0009236999903805554
1125	1e-23	0.0010273000225424767
1126	1e-23	0.0009423000155948102
1127	1e-23	0.000880400009918958
1128	1e-23	0.0008931999909691513
1129	1e-23	0.0011947000166401267
1130	1e-23	0.0009535999852232635
1131	1e-23	0.0008944000001065433
1132	1e-23	0.0017736000008881092
1133	1e-23	0.001679200038779527
1134	1e-23	0.0008995000389404595
1135	1e-23	0.000894600001629442
1136	1e-23	0.0013981999945826828
1137	1e-23	0.0012258000206202269
1138	1e-23	0.0009182000067085028
1139	1e-23	0.0008846999844536185
1140	1e-23	0.0013512000441551208
1141	1e-23	0.0013982999953441322
1142	1e-23	0.0015228000120259821
1143	1e-23	0.001271700020879507
1144	1e-23	0.0010607000440359116
1145	1e-23	0.0009716000058688223
1146	1e-23	0.0009666999685578048
1147	1e-23	0.0009537999867461622
1148	1e-23	0.0012734000338241458
1149	1e-23	0.0008891000179573894
1150	1e-23	0.0012330000172369182
1151	1e-23	0.0009911999804899096
1152	1e-23	0.001010799955110997
1153	1e-23	0.0008634999976493418
1154	1e-23	0.001337599998805672
1155	1e-23	0.0009634000016376376
1156	1e-23	0.0008712999988347292
1157	1e-23	0.0011059999815188348
1158	1e-23	0.001593099965248257
1159	1e-23	0.0013711999636143446
1160	1e-23	0.0010862999479286373
1161	1e-23	0.0013506999821402133
1162	1e-23	0.001313100045081228
1163	1e-23	0.0009739000233821571
1164	1e-23	0.0010330999502912164
1165	1e-23	0.0010126999695785344
1166	1e-23	0.0008613999816589057
1167	1e-23	0.0008380000363104045
1168	1e-23	0.0008841000380925834
1169	1e-23	0.0010201000259257853
1170	1e-23	0.000977399991825223
1171	1e-23	0.0009926999919116497
1172	1e-23	0.0017093999776989222
1173	1e-23	0.0012793000205419958
1174	1e-23	0.0009189000120386481
1175	1e-23	0.0008299999753944576
1176	1e-23	0.0011511999764479697
1177	1e-23	0.0009181000059470534
1178	1e-23	0.0009667999693192542
1179	1e-23	0.0010251000057905912
1180	1e-23	0.0012614000006578863
1181	1e-23	0.001256000017747283
1182	1e-23	0.0010065999813377857
1183	1e-23	0.0011063000420108438
1184	1e-23	0.0010591000318527222
1185	1e-23	0.0010175000061281025
1186	1e-23	0.0010795999551191926
1187	1e-23	0.0012986999936401844
1188	1e-23	0.001061099988874048
1189	1e-23	0.000986300001386553
1190	1e-23	0.0008625999907962978
1191	1e-23	0.0011968999751843512
1192	1e-23	0.0009537999867461622
1193	1e-23	0.001007599988952279
1194	1e-23	0.0010233999928459525
1195	1e-23	0.0011968000326305628
1196	1e-23	0.001184699998702854
1197	1e-23	0.0008372000302188098
1198	1e-23	0.0008880000095814466
1199	1e-23	0.0010717000113800168
1200	1e-23	0.0011529999901540577
1201	1e-23	0.0009133999701589346
1202	1e-23	0.0009340000106021762
1203	1e-23	0.0011332000140100718
1204	1e-23	0.0009400999988429248
1205	1e-23	0.0008746999665163457
1206	1e-23	0.0009069999796338379
1207	1e-23	0.0009739000233821571
1208	1e-23	0.0009580000187270343
1209	1e-23	0.000804700015578419
1210	1e-23	0.0008496000082232058
1211	1e-23	0.0011036999640055
1212	1e-23	0.0013014000141993165
1213	1e-23	0.0009375999798066914
1214	1e-23	0.0008572000078856945
1215	1e-23	0.0012771000037901103
1216	1e-23	0.001381099980790168
1217	1e-23	0.001019700022879988
1218	1e-23	0.0011987999896518886
1219	1e-23	0.0012484999606385827
1220	1e-23	0.0010494000161997974
1221	1e-23	0.000882800028193742
1222	1e-23	0.0014430999872274697
1223	1e-23	0.0010219999821856618
1224	1e-23	0.000983599980827421
1225	1e-23	0.0010177000076510012
1226	1e-23	0.001275799993891269
1227	1e-23	0.0011565000168047845
1228	1e-23	0.0012321999529376626
1229	1e-23	0.0012877000262960792
1230	1e-23	0.001038299989886582
1231	1e-23	0.0008339000050909817
1232	1e-23	0.000916199991479516
1233	1e-23	0.0013667000457644463
1234	1e-23	0.001014099980238825
1235	1e-23	0.0008508000173605978
1236	1e-23	0.0008763999794609845
1237	1e-23	0.001358899986371398
1238	1e-23	0.0010091000003740191
1239	1e-23	0.0008205999620258808
1240	1e-23	0.0008740000193938613
1241	1e-23	0.0014905999996699393
1242	1e-23	0.0016194999916478992
1243	1e-23	0.0008688999805599451
1244	1e-23	0.001366899989079684
1245	1e-23	0.0009880000143311918
1246	1e-23	0.0009166999952867627
1247	1e-23	0.0007905000238679349
1248	1e-23	0.0016746000037528574
1249	1e-23	0.001005200028885156
1250	1e-23	0.000949900015257299
1251	1e-23	0.001145100046414882
1252	1e-23	0.0010689000482670963
1253	1e-23	0.0009565000073052943
1254	1e-23	0.0007959000067785382
1255	1e-23	0.0010197999654337764
1256	1e-23	0.0015965000493451953
1257	1e-23	0.0009054000256583095
1258	1e-23	0.0011935000075027347
1259	1e-23	0.0012442999868653715
1260	1e-23	0.0011703000054694712
1261	1e-23	0.00088900001719594
1262	1e-23	0.0009699999936856329
1263	1e-23	0.0012889999779872596
1264	1e-23	0.000942499958910048
1265	1e-23	0.000812700018286705
1266	1e-23	0.0010705000022426248
1267	1e-23	0.0010028999531641603
1268	1e-23	0.0009848999907262623
1269	1e-23	0.0007948999991640449
1270	1e-23	0.001386099960654974
1271	1e-23	0.0013701000134460628
1272	1e-23	0.0011934000067412853
1273	1e-23	0.0009760999819263816
1274	1e-23	0.0010950000141747296
1275	1e-23	0.0009456999832764268
1276	1e-23	0.0008897000225260854
1277	1e-23	0.0008618999854661524
1278	1e-23	0.001207199995405972
1279	1e-23	0.0009485000045970082
1280	1e-23	0.0008805000106804073
1281	1e-23	0.0008132999646477401
1282	1e-23	0.0013352999812923372
1283	1e-23	0.0010012999991886318
1284	1e-23	0.0009966000216081738
1285	1e-23	0.0010093000018969178
1286	1e-23	0.0012359999818727374
1287	1e-23	0.0011569000198505819
1288	1e-23	0.0008373000309802592
1289	1e-23	0.0009728999575600028
1290	1e-23	0.0011902000405825675
1291	1e-23	0.0010506999678909779
1292	1e-23	0.0008685000357218087
1293	1e-23	0.0009280999656766653
1294	1e-23	0.001205699983984232
1295	1e-23	0.001227900036610663
1296	1e-23	0.0008824000251479447
1297	1e-23	0.001108099997509271
1298	1e-23	0.0012586999800987542
1299	1e-23	0.0013052999856881797
1300	1e-23	0.0008668000227771699
1301	1e-23	0.0012336999643594027
1302	1e-23	0.001214000047184527
1303	1e-23	0.0009654000168666244
1304	1e-23	0.0011528999893926084
1305	1e-23	0.0012108999653719366
1306	1e-23	0.0010528999846428633
1307	1e-23	0.0008836999768391252
1308	1e-23	0.0014176000258885324
1309	1e-23	0.0011734000290744007
1310	1e-23	0.0008616000413894653
1311	1e-23	0.0009382999851368368
1312	1e-23	0.0011932000052183867
1313	1e-23	0.0009911000379361212
1314	1e-23	0.0008073999779298902
1315	1e-23	0.0008103000000119209
1316	1e-23	0.0010577999637462199
1317	1e-23	0.0011328000109642744
1318	1e-23	0.0012967000366188586
1319	1e-23	0.0009512999677099288
1320	1e-23	0.0010531999869272113
1321	1e-23	0.0009510000236332417
1322	1e-23	0.0007954000029712915
1323	1e-23	0.0008137999684549868
1324	1e-23	0.0014046999858692288
1325	1e-23	0.001164899964351207
1326	1e-23	0.0008873000042513013
1327	1e-23	0.0011788999545387924
1328	1e-23	0.0011733999708667397
1329	1e-23	0.001153099990915507
1330	1e-23	0.001232299953699112
1331	1e-23	0.0014402000233530998
1332	1e-23	0.0015634000301361084
1333	1e-23	0.0014187999768182635
1334	1e-23	0.001173199969343841
1335	1e-23	0.0013644000282511115
1336	1e-23	0.0014021999668329954
1337	1e-23	0.0013213999918662012
1338	1e-23	0.0013586999848484993
1339	1e-23	0.0009330000029876828
1340	1e-23	0.0010359999723732471
1341	1e-23	0.0012969000381417572
1342	1e-23	0.0011410000151954591
1343	1e-23	0.0010597000364214182
1344	1e-23	0.0012212999863550067
1345	1e-23	0.000999300042167306
1346	1e-23	0.000900499988347292
1347	1e-23	0.0012528999941423535
1348	1e-23	0.001025900011882186
1349	1e-23	0.0008569000056013465
1350	1e-23	0.0009627999970689416
1351	1e-23	0.0012193000293336809
1352	1e-23	0.0014602000010199845
1353	1e-23	0.0009608999826014042
1354	1e-23	0.0009166000527329743
1355	1e-23	0.0009366999729536474
1356	1e-23	0.0011121999705210328
1357	1e-23	0.0008555999957025051
1358	1e-23	0.0008941999985836446
1359	1e-23	0.0015994999557733536
1360	1e-23	0.0012537000002339482
1361	1e-23	0.0008985999738797545
1362	1e-23	0.001024700002744794
1363	1e-23	0.0009626999963074923
1364	1e-23	0.0009384999866597354
1365	1e-23	0.0011669000377878547
1366	1e-23	0.0010533000458963215
1367	1e-23	0.0009890000219456851
1368	1e-23	0.0009962000185623765
1369	1e-23	0.0009101000032387674
1370	1e-23	0.0011618999997153878
1371	1e-23	0.001436099992133677
1372	1e-23	0.0012489999644458294
1373	1e-23	0.0012523999903351068
1374	1e-23	0.0016291000065393746
1375	1e-23	0.0012792000197805464
1376	1e-23	0.0012089999509043992
1377	1e-23	0.0011906999861821532
1378	1e-23	0.0013429000391624868
1379	1e-23	0.0018236999749206007
1380	1e-23	0.0012083999463357031
1381	1e-23	0.0010031000128947198
1382	1e-23	0.0010151999886147678
1383	1e-23	0.0011488000163808465
1384	1e-23	0.001292100001592189
1385	1e-23	0.0009994999854825437
1386	1e-23	0.0011265999637544155
1387	1e-23	0.0011162000009790063
1388	1e-23	0.0009766999864950776
1389	1e-23	0.0009384999866597354
1390	1e-23	0.0014247000217437744
1391	1e-23	0.00149049999890849
1392	1e-23	0.0009371999767608941
1393	1e-23	0.001208100002259016
1394	1e-23	0.0014126999885775149
1395	1e-23	0.0009420000133104622
1396	1e-23	0.001082099974155426
1397	1e-23	0.0012670000432990491
1398	1e-23	0.0010136000346392393
1399	1e-23	0.0008792000007815659
1400	1e-23	0.0010700999991968274
1401	1e-23	0.001178499951492995
1402	1e-23	0.0009473999962210655
1403	1e-23	0.000963500002399087
1404	1e-23	0.0013012000126764178
1405	1e-23	0.0013408000231720507
1406	1e-23	0.0013516999897547066
1407	1e-23	0.0012669999850913882
1408	1e-23	0.0013016999582760036
1409	1e-23	0.0013903999933972955
1410	1e-23	0.0012639000196941197
1411	1e-23	0.0014097999664954841
1412	1e-23	0.0012003000010736287
1413	1e-23	0.001196000026538968
1414	1e-23	0.0009339000098407269
1415	1e-23	0.0010547999991104007
1416	1e-23	0.0012450999929569662
1417	1e-23	0.0013716999674215913
1418	1e-23	0.0012247999547980726
1419	1e-23	0.001332300016656518
1420	1e-23	0.001157499966211617
1421	1e-23	0.0011406000121496618
1422	1e-23	0.001090100035071373
1423	1e-23	0.0009465999901294708
1424	1e-23	0.0010563000105321407
1425	1e-23	0.00088900001719594
1426	1e-23	0.0008427000138908625
1427	1e-23	0.0009098000009544194
1428	1e-23	0.0010540999937802553
1429	1e-23	0.0013632999616675079
1430	1e-23	0.0009442999726161361
1431	1e-23	0.0008030999451875687
1432	1e-23	0.0010428999667055905
1433	1e-23	0.0009360999683849514
1434	1e-23	0.0008672999683767557
1435	1e-23	0.0008423000108450651
1436	1e-23	0.0009379999828524888
1437	1e-23	0.0012266000267118216
1438	1e-23	0.0014161000144667923
1439	1e-23	0.001297999988310039
1440	1e-23	0.0013119999784976244
1441	1e-23	0.0012193999718874693
1442	1e-23	0.001193299947772175
1443	1e-23	0.001277600007597357
1444	1e-23	0.0013099999632686377
1445	1e-23	0.0012067999923601747
1446	1e-23	0.0013877000310458243
1447	1e-23	0.0009050000226125121
1448	1e-23	0.0008819999638944864
1449	1e-23	0.0008395000477321446
1450	1e-23	0.0008626999915577471
1451	1e-23	0.0009045000188052654
1452	1e-23	0.0009117000154219568
1453	1e-23	0.001003699959255755
1454	1e-23	0.00107559998286888
1455	1e-23	0.001174400036688894
1456	1e-23	0.0015066000050865114
1457	1e-23	0.0018188999965786934
1458	1e-23	0.001387599972076714
1459	1e-23	0.001247099949978292
1460	1e-23	0.0014911999460309744
1461	1e-23	0.0016567999846301973
1462	1e-23	0.0013403999619185925
1463	1e-23	0.0013948000269010663
1464	1e-23	0.0013355000410228968
1465	1e-23	0.0012118000304326415
1466	1e-23	0.0012971999822184443
1467	1e-23	0.0011566999601200223
1468	1e-23	0.0009272000170312822
1469	1e-23	0.001117300009354949
1470	1e-23	0.0015284999972209334
1471	1e-23	0.0009373000357300043
1472	1e-23	0.0010023000068031251
1473	1e-23	0.0011436999775469303
1474	1e-23	0.0013219999964348972
1475	1e-23	0.0010985999833792448
1476	1e-23	0.0011291999835520983
1477	1e-23	0.0009990999824367464
1478	1e-23	0.0010372999822720885
1479	1e-23	0.0011396000045351684
1480	1e-23	0.0011609999928623438
1481	1e-23	0.0013720999704673886
1482	1e-23	0.0010374999837949872
1483	1e-23	0.0010825999779626727
1484	1e-23	0.0012231000000610948
1485	1e-23	0.0011946000158786774
1486	1e-23	0.0016029999824240804
1487	1e-23	0.001416300015989691
1488	1e-23	0.0012878000270575285
1489	1e-23	0.001208100002259016
1490	1e-23	0.0012895999825559556
1491	1e-23	0.001610899984370917
1492	1e-23	0.001558799995109439
1493	1e-23	0.0009760000393725932
1494	1e-23	0.0010517999762669206
1495	1e-23	0.0009873999515548348
1496	1e-23	0.0010861000046133995
1497	1e-23	0.0012396000092849135
1498	1e-23	0.0009381999843753874
1499	1e-23	0.0009006999898701906
1500	1e-23	0.0011136999819427729
1501	1e-23	0.0010443000355735421
1502	1e-23	0.0014788000262342393
1503	1e-23	0.001366599986795336
1504	1e-23	0.001220200036186725
1505	1e-23	0.0014547000173479319
1506	1e-23	0.0011070999898947775
1507	1e-23	0.000995999958831817
1508	1e-23	0.0012094000121578574
1509	1e-23	0.0010038000182248652
1510	1e-23	0.0011901000398211181
1511	1e-23	0.001006999984383583
1512	1e-23	0.000970900000538677
1513	1e-23	0.0008457000367343426
1514	1e-23	0.0012596999877132475
1515	1e-23	0.0009602000354789197
1516	1e-23	0.0008853000472299755
1517	1e-23	0.001034500019159168
1518	1e-23	0.0014434000477194786
1519	1e-23	0.0013122999807819724
1520	1e-23	0.001241500023752451
1521	1e-23	0.0013005000073462725
1522	1e-23	0.001247100008185953
1523	1e-23	0.0012678999919444323
1524	1e-23	0.001012899971101433
1525	1e-23	0.001333200023509562
1526	1e-23	0.00150090001989156
1527	1e-23	0.000935699965339154
1528	1e-23	0.0011876999633386731
1529	1e-23	0.0011733000283129513
1530	1e-23	0.0010355000267736614
1531	1e-23	0.0011344000231474638
1532	1e-23	0.0011829999857582152
1533	1e-23	0.0010695999953895807
1534	1e-23	0.0008670000243000686
1535	1e-23	0.0012534999987110496
1536	1e-23	0.0010804999619722366
1537	1e-23	0.0008575000101700425
1538	1e-23	0.0008435000199824572
1539	1e-23	0.0012495999690145254
1540	1e-23	0.0015196000458672643
1541	1e-23	0.0009749000309966505
1542	1e-23	0.0009256000048480928
1543	1e-23	0.001061699993442744
1544	1e-23	0.0009450999787077308
1545	1e-23	0.0015319999656639993
1546	1e-23	0.0013972999877296388
1547	1e-23	0.001213999988976866
1548	1e-23	0.001011699961964041
1549	1e-23	0.0010136000346392393
1550	1e-23	0.0010100000072270632
1551	1e-23	0.0010283999727107584
1552	1e-23	0.0009746000287123024
1553	1e-23	0.0010436000302433968
1554	1e-23	0.0016011000261642039
1555	1e-23	0.0012764999992214143
1556	1e-23	0.0010600999812595546
1557	1e-23	0.001249199965968728
1558	1e-23	0.0012814000365324318
1559	1e-23	0.0010534999892115593
1560	1e-23	0.0012961000320501626
1561	1e-23	0.0013525999966077507
1562	1e-23	0.00133790000109002
1563	1e-23	0.0012156000011600554
1564	1e-23	0.001253599999472499
1565	1e-23	0.0009830999770201743
1566	1e-23	0.0009655000176280737
1567	1e-23	0.0012449999921955168
1568	1e-23	0.0012109000235795975
1569	1e-23	0.0010914999875240028
1570	1e-23	0.001234399969689548
1571	1e-23	0.0012234000023454428
1572	1e-23	0.0013210999895818532
1573	1e-23	0.001294099958613515
1574	1e-23	0.0014584999880753458
1575	1e-23	0.001492900017183274
1576	1e-23	0.0013516999897547066
1577	1e-23	0.001386399962939322
1578	1e-23	0.0014815999893471599
1579	1e-23	0.0014625999610871077
1580	1e-23	0.0012379999971017241
1581	1e-23	0.0012682999949902296
1582	1e-23	0.0015359999961219728
1583	1e-23	0.0014716999721713364
1584	1e-23	0.001263100013602525
1585	1e-23	0.0012526000500656664
1586	1e-23	0.0008699999889358878
1587	1e-23	0.0011824999819509685
1588	1e-23	0.0013417999725788832
1589	1e-23	0.0012387000024318695
1590	1e-23	0.0009743000264279544
1591	1e-23	0.0009315999923273921
1592	1e-23	0.001115199993364513
1593	1e-23	0.0015482999733649194
1594	1e-23	0.00117500004125759
1595	1e-23	0.001150400028564036
1596	1e-23	0.001316899957600981
1597	1e-23	0.001750199997331947
1598	1e-23	0.0014478000230155885
1599	1e-23	0.0011754999868571758
1600	1e-23	0.0010110000148415565
1601	1e-23	0.0011483000125735998
1602	1e-23	0.0011789000127464533
1603	1e-23	0.0013991000014357269
1604	1e-23	0.001254800008609891
1605	1e-23	0.0014144000015221536
1606	1e-23	0.0010458000469952822
1607	1e-23	0.0010017000022344291
1608	1e-23	0.001313099986873567
1609	1e-23	0.0015314999618567526
1610	1e-23	0.0009910999797284603
1611	1e-23	0.0012179999612271786
1612	1e-23	0.0014463000115938485
1613	1e-23	0.0015121999895200133
1614	1e-23	0.0015745999990031123
1615	1e-23	0.0013147999998182058
1616	1e-23	0.0013626000145450234
1617	1e-23	0.0012979000457562506
1618	1e-23	0.0013333000242710114
1619	1e-23	0.0012592999846674502
1620	1e-23	0.0012387000024318695
1621	1e-23	0.0010905999806709588
1622	1e-23	0.0014285999932326376
1623	1e-23	0.0012808999745175242
1624	1e-23	0.0011451999889686704
1625	1e-23	0.0010914000449702144
1626	1e-23	0.0009959000162780285
1627	1e-23	0.001228200038895011
1628	1e-23	0.0010009999969042838
1629	1e-23	0.0012104999623261392
1630	1e-23	0.000935399963054806
1631	1e-23	0.0011745999800041318
1632	1e-23	0.0011365999816916883
1633	1e-23	0.0008752999710850418
1634	1e-23	0.0010474000009708107
1635	1e-23	0.0012376999948173761
1636	1e-23	0.0011799000203609467
1637	1e-23	0.0012168000102974474
1638	1e-23	0.0016233999631367624
1639	1e-23	0.001115199993364513
1640	1e-23	0.0008719000034034252
1641	1e-23	0.0012053000391460955
1642	1e-23	0.0015072000096552074
1643	1e-23	0.0014619000139646232
1644	1e-23	0.0010482000070624053
1645	1e-23	0.001350299979094416
1646	1e-23	0.000826000003144145
1647	1e-23	0.0008468999876640737
1648	1e-23	0.0010858000023290515
1649	1e-23	0.0012583000352606177
1650	1e-23	0.0010432000271975994
1651	1e-23	0.000902600004337728
1652	1e-23	0.001158099970780313
1653	1e-23	0.0012162000057287514
1654	1e-23	0.0008673000265844166
1655	1e-23	0.000986300001386553
1656	1e-23	0.0015697000198997557
1657	1e-23	0.0013522000517696142
1658	1e-23	0.0011343000223860145
1659	1e-23	0.0012798000243492424
1660	1e-23	0.0013630000175908208
1661	1e-23	0.0010227999882772565
1662	1e-23	0.0009667000267654657
1663	1e-23	0.0011112999636679888
1664	1e-23	0.0009171999990940094
1665	1e-23	0.0008710999973118305
1666	1e-23	0.0015100999735295773
1667	1e-23	0.0010474000009708107
1668	1e-23	0.0010449999826960266
1669	1e-23	0.0009330000029876828
1670	1e-23	0.0012256000190973282
1671	1e-23	0.0009959000162780285
1672	1e-23	0.0013310000067576766
1673	1e-23	0.0010782000026665628
1674	1e-23	0.0011742000351659954
1675	1e-23	0.000901399995200336
1676	1e-23	0.0008592000231146812
1677	1e-23	0.0012182999635115266
1678	1e-23	0.0011329000117257237
1679	1e-23	0.0009142999770119786
1680	1e-23	0.0008200000156648457
1681	1e-23	0.0010893999715335667
1682	1e-23	0.0013354999828152359
1683	1e-23	0.0010300999856553972
1684	1e-23	0.0010261000134050846
1685	1e-23	0.0011537999962456524
1686	1e-23	0.001033600012306124
1687	1e-23	0.0008860999951139092
1688	1e-23	0.0008583999588154256
1689	1e-23	0.0010932000004686415
1690	1e-23	0.0009774999925866723
1691	1e-23	0.0008860999951139092
1692	1e-23	0.0008130999631248415
1693	1e-23	0.001448800030630082
1694	1e-23	0.0011071999906562269
1695	1e-23	0.0008279000176116824
1696	1e-23	0.0008095999946817756
1697	1e-23	0.0015121999895200133
1698	1e-23	0.0009971000254154205
1699	1e-23	0.0008601000299677253
1700	1e-23	0.0008288000244647264
1701	1e-23	0.001007299986667931
1702	1e-23	0.0009231999865733087
1703	1e-23	0.0008238000445999205
1704	1e-23	0.0014987000031396747
1705	1e-23	0.0013222999987192452
1706	1e-23	0.000979200005531311
1707	1e-23	0.0008103000000119209
1708	1e-23	0.0010889999684877694
1709	1e-23	0.0014284999924711883
1710	1e-23	0.0008406999986618757
1711	1e-23	0.0008694999851286411
1712	1e-23	0.0011516999802552164
1713	1e-23	0.001223200000822544
1714	1e-23	0.0009679000359028578
1715	1e-23	0.0008581000147387385
1716	1e-23	0.0011081999982707202
1717	1e-23	0.0011499000247567892
1718	1e-23	0.0008659000159241259
1719	1e-23	0.0008128999616019428
1720	1e-23	0.0015002000145614147
1721	1e-23	0.0009400000562891364
1722	1e-23	0.0008923000423237681
1723	1e-23	0.0008421000093221664
1724	1e-23	0.001326700032223016
1725	1e-23	0.001075299980584532
1726	1e-23	0.0011394000030122697
1727	1e-23	0.0008937999955378473
1728	1e-23	0.0012274999753572047
1729	1e-23	0.0009399999980814755
1730	1e-23	0.0007880999473854899
1731	1e-23	0.0007859000470489264
1732	1e-23	0.0010285999742336571
1733	1e-23	0.0009834999800659716
1734	1e-23	0.0008987999754026532
1735	1e-23	0.0008941999985836446
1736	1e-23	0.0010575000196695328
1737	1e-23	0.0012892999802716076
1738	1e-23	0.001038299989886582
1739	1e-23	0.0010584999690763652
1740	1e-23	0.0016927000251598656
1741	1e-23	0.0015246999682858586
1742	1e-23	0.0010272999643348157
1743	1e-23	0.0009774999925866723
1744	1e-23	0.0013895999873057008
1745	1e-23	0.0008776000468060374
1746	1e-23	0.0009376999805681407
1747	1e-23	0.0010023000068031251
1748	1e-23	0.0012270999723114073
1749	1e-23	0.0008595000253990293
1750	1e-23	0.0011369999847374856
1751	1e-23	0.0012915999977849424
1752	1e-23	0.001123199996072799
1753	1e-23	0.0017584000015631318
1754	1e-23	0.00163720001000911
1755	1e-23	0.0012102000182494521
1756	1e-23	0.0014621000154875219
1757	1e-23	0.0012614000006578863
1758	1e-23	0.0015472000231966376
1759	1e-23	0.0013236000086180866
1760	1e-23	0.001503199979197234
1761	1e-23	0.0013599999947473407
1762	1e-23	0.001139500003773719
1763	1e-23	0.0012326000141911209
1764	1e-23	0.0017960999975912273
1765	1e-23	0.001109900011215359
1766	1e-23	0.001243300037458539
1767	1e-23	0.0012472999515011907
1768	1e-23	0.001325499964877963
1769	1e-23	0.0010998999932780862
1770	1e-23	0.0009643999510444701
1771	1e-23	0.0008019000524654984
1772	1e-23	0.001470400020480156
1773	1e-23	0.0009546999935992062
1774	1e-23	0.0009067000355571508
1775	1e-23	0.0008032000041566789
1776	1e-23	0.0009752999758347869
1777	1e-23	0.0011776999454014003
1778	1e-23	0.0013254000223241746
1779	1e-23	0.0011672000400722027
1780	1e-23	0.001145399990491569
1781	1e-23	0.001166399975772947
1782	1e-23	0.0009030000073835254
1783	1e-23	0.0009179000044241548
1784	1e-23	0.0010290000354871154
1785	1e-23	0.0009956000139936805
1786	1e-23	0.0008827999699860811
1787	1e-23	0.0013534000026993454
1788	1e-23	0.0011729999678209424
1789	1e-23	0.000928599969483912
1790	1e-23	0.0008074000361375511
1791	1e-23	0.0014649000368081033
1792	1e-23	0.0016598000074736774
1793	1e-23	0.0012097999569959939
1794	1e-23	0.0009414999512955546
1795	1e-23	0.000970900000538677
1796	1e-23	0.0008223000331781805
1797	1e-23	0.0009240999934263527
1798	1e-23	0.001331699953880161
1799	1e-23	0.0011863000108860433
1800	1e-23	0.0009071999811567366
1801	1e-23	0.0009576999582350254
1802	1e-23	0.0011080000549554825
1803	1e-23	0.0010204999707639217
1804	1e-23	0.000895500008482486
1805	1e-23	0.0010030000121332705
1806	1e-23	0.001362500013783574
1807	1e-23	0.001281699980609119
1808	1e-23	0.0008541999850422144
1809	1e-23	0.0012173000141046941
1810	1e-23	0.0015044999890960753
1811	1e-23	0.0012912999955005944
1812	1e-23	0.0012523999903351068
1813	1e-23	0.0011993000516667962
1814	1e-23	0.0008688000380061567
1815	1e-23	0.0008497000089846551
1816	1e-23	0.001061399991158396
1817	1e-23	0.0009435999672859907
1818	1e-23	0.0012951000244356692
1819	1e-23	0.0013817999861203134
1820	1e-23	0.0013562999665737152
1821	1e-23	0.0008981999708339572
1822	1e-23	0.0008077999809756875
1823	1e-23	0.0010165999992750585
1824	1e-23	0.0010584999690763652
1825	1e-23	0.0010037999600172043
1826	1e-23	0.0009012999944388866
1827	1e-23	0.0011947000166401267
1828	1e-23	0.0014256000285968184
1829	1e-23	0.0009503999608568847
1830	1e-23	0.0008333000005222857
1831	1e-23	0.0012025999603793025
1832	1e-23	0.0014189999783411622
1833	1e-23	0.0009479000000283122
1834	1e-23	0.0009270000155083835
1835	1e-23	0.00146390002919361
1836	1e-23	0.0012221999932080507
1837	1e-23	0.0008828999707475305
1838	1e-23	0.0012642000219784677
1839	1e-23	0.0010703999432735145
1840	1e-23	0.0008489000028930604
1841	1e-23	0.0008801000076346099
1842	1e-23	0.0009843999869190156
1843	1e-23	0.0009488999494351447
1844	1e-23	0.001042200019583106
1845	1e-23	0.0008918000385165215
1846	1e-23	0.0015100999735295773
1847	1e-23	0.0013559999642893672
1848	1e-23	0.0015923000173643231
1849	1e-23	0.001346199947874993
1850	1e-23	0.0013470000121742487
1851	1e-23	0.0012799999676644802
1852	1e-23	0.0013126000412739813
1853	1e-23	0.0015235000173561275
1854	1e-23	0.0012954000267200172
1855	1e-23	0.0012515999842435122
1856	1e-23	0.0014658000436611474
1857	1e-23	0.0016015000292100012
1858	1e-23	0.0012565000215545297
1859	1e-23	0.0013113999739289284
1860	1e-23	0.0015793999773450196
1861	1e-23	0.0011947000166401267
1862	1e-23	0.0011554999509826303
1863	1e-23	0.0009286999702453613
1864	1e-23	0.0014248999650590122
1865	1e-23	0.0010885000228881836
1866	1e-23	0.0013349999790079892
1867	1e-23	0.0010950000141747296
1868	1e-23	0.0015293000033125281
1869	1e-23	0.001389399985782802
1870	1e-23	0.0011573999654501677
1871	1e-23	0.0009545999928377569
1872	1e-23	0.0011191999656148255
1873	1e-23	0.0015759999514557421
1874	1e-23	0.0013661999837495387
1875	1e-23	0.0010045000235550106
1876	1e-23	0.0009449999779462814
1877	1e-23	0.0010294999810867012
1878	1e-23	0.0009651000145822763
1879	1e-23	0.0009111000108532608
1880	1e-23	0.0012412999640218914
1881	1e-23	0.0014406000263988972
1882	1e-23	0.001080299960449338
1883	1e-23	0.0009385000448673964
1884	1e-23	0.0010115999612025917
1885	1e-23	0.0012694000033661723
1886	1e-23	0.001267499988898635
1887	1e-23	0.0009303999831900001
1888	1e-23	0.0010364999761804938
1889	1e-23	0.0009680000366643071
1890	1e-23	0.0009993999847210944
1891	1e-23	0.0014043999835848808
1892	1e-23	0.0012041000300087035
1893	1e-23	0.0010728000197559595
1894	1e-23	0.0014702000189572573
1895	1e-23	0.001318999973591417
1896	1e-23	0.0011406000121496618
1897	1e-23	0.0012935000122524798
1898	1e-23	0.0012528999941423535
1899	1e-23	0.0011600999860092998
1900	1e-23	0.0013494999730028212
1901	1e-23	0.001249500026460737
1902	1e-23	0.001390000048559159
1903	1e-23	0.00132020004093647
1904	1e-23	0.001505899999756366
1905	1e-23	0.0016346000484190881
1906	1e-23	0.0013894999865442514
1907	1e-23	0.0011339999618940055
1908	1e-23	0.0012621000059880316
1909	1e-23	0.0012441000435501337
1910	1e-23	0.0013378000003285706
1911	1e-23	0.001137700048275292
1912	1e-23	0.00104750000173226
1913	1e-23	0.0009254000033251941
1914	1e-23	0.0009994999854825437
1915	1e-23	0.000976799987256527
1916	1e-23	0.0009649000130593777
1917	1e-23	0.0009489000076428056
1918	1e-23	0.0012009000056423247
1919	1e-23	0.0012354999780654907
1920	1e-23	0.0012944999616593122
1921	1e-23	0.001353300001937896
1922	1e-23	0.001152199984062463
1923	1e-23	0.0010428999667055905
1924	1e-23	0.001269000000320375
1925	1e-23	0.0011625000042840838
1926	1e-23	0.001010199950542301
1927	1e-23	0.0009700999944470823
1928	1e-23	0.0008588999626226723
1929	1e-23	0.0014232000103220344
1930	1e-23	0.0012385000009089708
1931	1e-23	0.0010212999768555164
1932	1e-23	0.0012517000432126224
1933	1e-23	0.0009964000200852752
1934	1e-23	0.000994000001810491
1935	1e-23	0.0010130999726243317
1936	1e-23	0.0011517999810166657
1937	1e-23	0.001150399970356375
1938	1e-23	0.0009504000190645456
1939	1e-23	0.0009424000163562596
1940	1e-23	0.0012152999988757074
1941	1e-23	0.000958200020249933
1942	1e-23	0.0008713999995961785
1943	1e-23	0.0008825999684631824
1944	1e-23	0.001346500008367002
1945	1e-23	0.0013666999875567853
1946	1e-23	0.0010983999818563461
1947	1e-23	0.0011742000351659954
1948	1e-23	0.0012295999913476408
1949	1e-23	0.0011109000188298523
1950	1e-23	0.0009704999974928796
1951	1e-23	0.0012599999899975955
1952	1e-23	0.0008997999830171466
1953	1e-23	0.0011489000171422958
1954	1e-23	0.0011624000035226345
1955	1e-23	0.0012515999842435122
1956	1e-23	0.000986600003670901
1957	1e-23	0.0010689999908208847
1958	1e-23	0.001171100011561066
1959	1e-23	0.001278800016734749
1960	1e-23	0.001254800008609891
1961	1e-23	0.001251000037882477
1962	1e-23	0.0012349000317044556
1963	1e-23	0.0012444999883882701
1964	1e-23	0.0010433000279590487
1965	1e-23	0.001123499998357147
1966	1e-23	0.0009213999728672206
1967	1e-23	0.000909099995624274
1968	1e-23	0.0012256000190973282
1969	1e-23	0.0011725000222213566
1970	1e-23	0.00135420000879094
1971	1e-23	0.0013565000263042748
1972	1e-23	0.0015264000394381583
1973	1e-23	0.001076199987437576
1974	1e-23	0.000902600004337728
1975	1e-23	0.0015426999889314175
1976	1e-23	0.0015308000147342682
1977	1e-23	0.0013598999939858913
1978	1e-23	0.0016920999623835087
1979	1e-23	0.0013125999830663204
1980	1e-23	0.0013985999976284802
1981	1e-23	0.0012537000002339482
1982	1e-23	0.0015697999624535441
1983	1e-23	0.001573599991388619
1984	1e-23	0.0015181999769993126
1985	1e-23	0.0013223999994806945
1986	1e-23	0.001307699945755303
1987	1e-23	0.0014227000065147877
1988	1e-23	0.0012739000376313925
1989	1e-23	0.0013146999990567565
1990	1e-23	0.0013884000363759696
1991	1e-23	0.0012796999653801322
1992	1e-23	0.0015977000002749264
1993	1e-23	0.001434899982996285
1994	1e-23	0.0009807999595068395
1995	1e-23	0.0011878000223077834
1996	1e-23	0.0011557000107131898
1997	1e-23	0.0012313000042922795
1998	1e-23	0.0013940000208094716
1999	1e-23	0.0014333000290207565
2000	1e-23	0.001041300012730062
2001	1e-23	0.001083899987861514
2002	1e-23	0.0012399000115692616
2003	1e-23	0.0012741999817080796
2004	1e-23	0.0009442000300623477
2005	1e-23	0.0011597999837249517
2006	1e-23	0.001159599982202053
2007	1e-23	0.000998400035314262
2008	1e-23	0.0008829000289551914
2009	1e-23	0.0015822999994270504
2010	1e-23	0.001366899989079684
2011	1e-23	0.000922699982766062
2012	1e-23	0.0011100000119768083
2013	1e-23	0.00120009999955073
2014	1e-23	0.0010069000418297946
2015	1e-23	0.0009966999641619623
2016	1e-23	0.0012518999865278602
2017	1e-23	0.001172899967059493
2018	1e-23	0.0012045000330545008
2019	1e-23	0.001110200013499707
2020	1e-23	0.0011975000379607081
2021	1e-23	0.001253900001756847
2022	1e-23	0.0008694999851286411
2023	1e-23	0.0008713999995961785
2024	1e-23	0.0011008000001311302
2025	1e-23	0.0016733999946154654
2026	1e-23	0.001615599961951375
2027	1e-23	0.0010374000412411988
2028	1e-23	0.0011044000275433064
2029	1e-23	0.0010124999680556357
2030	1e-23	0.001215500000398606
2031	1e-23	0.001131500001065433
2032	1e-23	0.0009662999655120075
2033	1e-23	0.0009762999834492803
2034	1e-23	0.0012273999745957553
2035	1e-23	0.0010125000262632966
2036	1e-23	0.0009982000337913632
2037	1e-23	0.0011342000216245651
2038	1e-23	0.0012459999998100102
2039	1e-23	0.001067899982444942
2040	1e-23	0.000971200002823025
2041	1e-23	0.0010403000051155686
2042	1e-23	0.001040700008161366
2043	1e-23	0.0010117999627254903
2044	1e-23	0.0008926999871619046
2045	1e-23	0.0009697999921627343
2046	1e-23	0.0011458999942988157
2047	1e-23	0.000970900000538677
2048	1e-23	0.0010089999996125698
2049	1e-23	0.0012083000037819147
2050	1e-23	0.0010497999610379338
2051	1e-23	0.0011260000173933804
2052	1e-23	0.0010952000156976283
2053	1e-23	0.0010143000399693847
2054	1e-23	0.0010201000259257853
2055	1e-23	0.0008935000514611602
2056	1e-23	0.001115499995648861
2057	1e-23	0.0011460999958217144
2058	1e-23	0.0012258000206202269
2059	1e-23	0.0014809000422246754
2060	1e-23	0.0015515999984927475
2061	1e-23	0.0011310000554658473
2062	1e-23	0.0011014000046998262
2063	1e-23	0.0012270999723114073
2064	1e-23	0.0012811999768018723
2065	1e-23	0.0013562000240199268
2066	1e-23	0.0015762000111863017
2067	1e-23	0.0013041000347584486
2068	1e-23	0.0010466999956406653
2069	1e-23	0.0016784999752417207
2070	1e-23	0.001271700020879507
2071	1e-23	0.001152200042270124
2072	1e-23	0.0014629000215791166
2073	1e-23	0.0015851000207476318
2074	1e-23	0.0014488999731838703
2075	1e-23	0.00130540004465729
2076	1e-23	0.0011205000337213278
2077	1e-23	0.0014750999980606139
2078	1e-23	0.0016612000181339681
2079	1e-23	0.001403000031132251
2080	1e-23	0.0010834000422619283
2081	1e-23	0.0012289999867789447
2082	1e-23	0.0012719000224024057
2083	1e-23	0.001399700006004423
2084	1e-23	0.0011563000152818859
2085	1e-23	0.0014749999972991645
2086	1e-23	0.0012716999626718462
2087	1e-23	0.0012193000293336809
2088	1e-23	0.0011950000189244747
2089	1e-23	0.001305699988733977
2090	1e-23	0.0011104000150226057
2091	1e-23	0.0011798000195994973
2092	1e-23	0.0011038000229746103
2093	1e-23	0.0014322000206448138
2094	1e-23	0.0014785999665036798
2095	1e-23	0.0012805999722331762
2096	1e-23	0.0014675999991595745
2097	1e-23	0.0016204999992623925
2098	1e-23	0.0015229000127874315
2099	1e-23	0.0013371999957598746
2100	1e-23	0.001411000033840537
2101	1e-23	0.0011778000043705106
2102	1e-23	0.0018246000399813056
2103	1e-23	0.001279400021303445
2104	1e-23	0.0011158999986946583
2105	1e-23	0.0014796999748796225
2106	1e-23	0.001632500032428652
2107	1e-23	0.0010323000024072826
2108	1e-23	0.0013620000099763274
2109	1e-23	0.0011550000053830445
2110	1e-23	0.001067900040652603
2111	1e-23	0.0013546000118367374
2112	1e-23	0.0012717999634332955
2113	1e-23	0.0013112000306136906
2114	1e-23	0.0011112000211142004
2115	1e-23	0.0009688999853096902
2116	1e-23	0.0011329000117257237
2117	1e-23	0.001284099998883903
2118	1e-23	0.00152009999146685
2119	1e-23	0.0012027999619022012
2120	1e-23	0.0009296999778598547
2121	1e-23	0.001040700008161366
2122	1e-23	0.0009739000233821571
2123	1e-23	0.0012519999872893095
2124	1e-23	0.0009144999785348773
2125	1e-23	0.001141499960795045
2126	1e-23	0.0011433000327087939
2127	1e-23	0.0010884000221267343
2128	1e-23	0.0012675000471062958
2129	1e-23	0.0013152000028640032
2130	1e-23	0.0013975000474601984
2131	1e-23	0.0014589999918825924
2132	1e-23	0.0012624000082723796
2133	1e-23	0.001088300021365285
2134	1e-23	0.0008879000088199973
2135	1e-23	0.0012769000022672117
2136	1e-23	0.001449399976991117
2137	1e-23	0.0008965999586507678
2138	1e-23	0.0010463999933563173
2139	1e-23	0.0009680999792180955
2140	1e-23	0.0010174999479204416
2141	1e-23	0.0008898999658413231
2142	1e-23	0.0010089999996125698
2143	1e-23	0.0016092999721877277
2144	1e-23	0.001547299965750426
2145	1e-23	0.0013665000442415476
2146	1e-23	0.0012521999888122082
2147	1e-23	0.0010562000097706914
2148	1e-23	0.000895200006198138
2149	1e-23	0.0013766000047326088
2150	1e-23	0.001414800004567951
2151	1e-23	0.0013128999853506684
2152	1e-23	0.001259000040590763
2153	1e-23	0.0011981999850831926
2154	1e-23	0.0011947000166401267
2155	1e-23	0.001136799983214587
2156	1e-23	0.0010198000236414373
2157	1e-23	0.0013303000014275312
2158	1e-23	0.0009907999774441123
2159	1e-23	0.0012137999874539673
2160	1e-23	0.0012721999664790928
2161	1e-23	0.0010105999535880983
2162	1e-23	0.001263700018171221
2163	1e-23	0.001140400010626763
2164	1e-23	0.0014188000350259244
2165	1e-23	0.0013830999960191548
2166	1e-23	0.001235300034750253
2167	1e-23	0.0012479000142775476
2168	1e-23	0.0012645000242628157
2169	1e-23	0.0012596999877132475
2170	1e-23	0.0010129999718628824
2171	1e-23	0.0010369999799877405
2172	1e-23	0.0014122999855317175
2173	1e-23	0.0014796999748796225
2174	1e-23	0.0012527999933809042
2175	1e-23	0.0011187999625690281
2176	1e-23	0.0013982999953441322
2177	1e-23	0.0010714999516494572
2178	1e-23	0.0010795999551191926
2179	1e-23	0.001290899992454797
2180	1e-23	0.0014136999961920083
2181	1e-23	0.0010077999904751778
2182	1e-23	0.0011977999820373952
2183	1e-23	0.0010430000256747007
2184	1e-23	0.0011278000310994685
2185	1e-23	0.001491100003477186
2186	1e-23	0.0017389999702572823
2187	1e-23	0.0012658999767154455
2188	1e-23	0.0014114000368863344
2189	1e-23	0.0012043999740853906
2190	1e-23	0.0013225000002421439
2191	1e-23	0.0017254999838769436
2192	1e-23	0.0016329999780282378
2193	1e-23	0.0013020000187680125
2194	1e-23	0.0010844999924302101
2195	1e-23	0.0011720999609678984
2196	1e-23	0.0011709000100381672
2197	1e-23	0.0016198999946936965
2198	1e-23	0.0011059999815188348
2199	1e-23	0.0010464999941177666
2200	1e-23	0.0013765000039711595
2201	1e-23	0.0014358999906107783
2202	1e-23	0.0012870999635197222
2203	1e-23	0.001170799951069057
2204	1e-23	0.0012498999712988734
2205	1e-23	0.0011283000349067152
2206	1e-23	0.0010738999699242413
2207	1e-23	0.0012753999908454716
2208	1e-23	0.0013738000416196883
2209	1e-23	0.0016178999794647098
2210	1e-23	0.001469499955419451
2211	1e-23	0.000987200008239597
2212	1e-23	0.0010400000028312206
2213	1e-23	0.0014469000161625445
2214	1e-23	0.0014939999673515558
2215	1e-23	0.0010337000130675733
2216	1e-23	0.0012632999569177628
2217	1e-23	0.001041299954522401
2218	1e-23	0.0010241999989375472
2219	1e-23	0.0013750000507570803
2220	1e-23	0.001298899995163083
2221	1e-23	0.0012737999786622822
2222	1e-23	0.0013763000024482608
2223	1e-23	0.0011095000081695616
2224	1e-23	0.001011999964248389
2225	1e-23	0.0012400000123307109
2226	1e-23	0.0014738999889232218
2227	1e-23	0.0014302999479696155
2228	1e-23	0.0013151000021025538
2229	1e-23	0.001289399981033057
2230	1e-23	0.0011895999778062105
2231	1e-23	0.001308599952608347
2232	1e-23	0.0013957000337541103
2233	1e-23	0.0014486999716609716
2234	1e-23	0.0015722999814897776
2235	1e-23	0.0012199000339023769
2236	1e-23	0.0013626000145450234
2237	1e-23	0.0014351000427268445
2238	1e-23	0.0016171999741345644
2239	1e-23	0.001052199979312718
2240	1e-23	0.0009244999964721501
2241	1e-23	0.0010692999931052327
2242	1e-23	0.0012796000228263438
2243	1e-23	0.0013865999644622207
2244	1e-23	0.0013147999998182058
2245	1e-23	0.0013011000119149685
2246	1e-23	0.0013867999659851193
2247	1e-23	0.0010816999711096287
2248	1e-23	0.0009813999640755355
2249	1e-23	0.0013418999733403325
2250	1e-23	0.0013556000194512308
2251	1e-23	0.001420099986717105
2252	1e-23	0.0013067999971099198
2253	1e-23	0.0012621000059880316
2254	1e-23	0.001337599998805672
2255	1e-23	0.0013441999908536673
2256	1e-23	0.0013093000161461532
2257	1e-23	0.001099000044632703
2258	1e-23	0.000958500022534281
2259	1e-23	0.0014093999634496868
2260	1e-23	0.0012650000280700624
2261	1e-23	0.0014475000207312405
2262	1e-23	0.0013096999609842896
2263	1e-23	0.001275499991606921
2264	1e-23	0.0011074999929405749
2265	1e-23	0.0012623000075109303
2266	1e-23	0.0014084999565966427
2267	1e-23	0.0012183000217191875
2268	1e-23	0.001329899998381734
2269	1e-23	0.0014418999780900776
2270	1e-23	0.0012152999988757074
2271	1e-23	0.001221699989400804
2272	1e-23	0.0015180999762378633
2273	1e-23	0.0014136999961920083
2274	1e-23	0.001548500033095479
2275	1e-23	0.0008904000278562307
2276	1e-23	0.0013276999816298485
2277	1e-23	0.0013420000323094428
2278	1e-23	0.0009796000085771084
2279	1e-23	0.00122079998254776
2280	1e-23	0.001128799980506301
2281	1e-23	0.0009492000099271536
2282	1e-23	0.0008642000029794872
2283	1e-23	0.0015237000188790262
2284	1e-23	0.0014036999782547355
2285	1e-23	0.0010464999941177666
2286	1e-23	0.0013350999797694385
2287	1e-23	0.001221399987116456
2288	1e-23	0.001379600027576089
2289	1e-23	0.0015033999807201326
2290	1e-23	0.0010769999935291708
2291	1e-23	0.0010230999905616045
2292	1e-23	0.0012796999653801322
2293	1e-23	0.0011961000273004174
2294	1e-23	0.0011928000021725893
2295	1e-23	0.0012972999829798937
2296	1e-23	0.0014838000060990453
2297	1e-23	0.0016330999787896872
2298	1e-23	0.001227599976118654
2299	1e-23	0.0010883999639190733
2300	1e-23	0.0012692000018432736
2301	1e-23	0.001422200002707541
2302	1e-23	0.0013361999881453812
2303	1e-23	0.001291499997023493
2304	1e-23	0.0012986999936401844
2305	1e-23	0.0012882999726571143
2306	1e-23	0.0014519999967887998
2307	1e-23	0.0013509000418707728
2308	1e-23	0.001272600027732551
2309	1e-23	0.0013395000132732093
2310	1e-23	0.0013300999999046326
2311	1e-23	0.0012216000468470156
2312	1e-23	0.0012157000019215047
2313	1e-23	0.0012083999463357031
2314	1e-23	0.0012186000240035355
2315	1e-23	0.0010550000006332994
2316	1e-23	0.0009317999938502908
2317	1e-23	0.0009190000128000975
2318	1e-23	0.001157800026703626
2319	1e-23	0.0013636000221595168
2320	1e-23	0.0013549000141210854
2321	1e-23	0.0011966999736614525
2322	1e-23	0.0011209999793209136
2323	1e-23	0.0013150000013411045
2324	1e-23	0.0013229000032879412
2325	1e-23	0.0012986999936401844
2326	1e-23	0.0013089000131003559
2327	1e-23	0.0012476000119931996
2328	1e-23	0.0008986999746412039
2329	1e-23	0.0012592999846674502
2330	1e-23	0.0010074999881908298
2331	1e-23	0.0010234999936074018
2332	1e-23	0.0011548000038601458
2333	1e-23	0.0013791000237688422
2334	1e-23	0.0011182999587617815
2335	1e-23	0.0014136999961920083
2336	1e-23	0.0016796999843791127
2337	1e-23	0.001331400009803474
2338	1e-23	0.0010991999879479408
2339	1e-23	0.0012064000475220382
2340	1e-23	0.0010130000300705433
2341	1e-23	0.0012176999589428306
2342	1e-23	0.0012168000102974474
2343	1e-23	0.001285900012589991
2344	1e-23	0.0014875999768264592
2345	1e-23	0.0012088000075891614
2346	1e-23	0.001083599985577166
2347	1e-23	0.0009834000375121832
2348	1e-23	0.0009401999996043742
2349	1e-23	0.0009830999770201743
2350	1e-23	0.0009053000248968601
2351	1e-23	0.0008554999949410558
2352	1e-23	0.0012331000179983675
2353	1e-23	0.001199199992697686
2354	1e-23	0.0008443999686278403
2355	1e-23	0.0009263000101782382
2356	1e-23	0.0012102999608032405
2357	1e-23	0.00116460002027452
2358	1e-23	0.0015316000208258629
2359	1e-23	0.0014876999775879085
2360	1e-23	0.00103420001687482
2361	1e-23	0.0013843000051565468
2362	1e-23	0.0012024999596178532
2363	1e-23	0.0012464000028558075
2364	1e-23	0.0011995999957434833
2365	1e-23	0.0013021999620832503
2366	1e-23	0.0011611999943852425
2367	1e-23	0.0013046999811194837
2368	1e-23	0.0014008000143803656
2369	1e-23	0.001339100010227412
2370	1e-23	0.0012523999903351068
2371	1e-23	0.001440499967429787
2372	1e-23	0.0012923000031150877
2373	1e-23	0.0015742999967187643
2374	1e-23	0.0014376999461092055
2375	1e-23	0.0015664000529795885
2376	1e-23	0.001216700009535998
2377	1e-23	0.0012332000187598169
2378	1e-23	0.0014129000483080745
2379	1e-23	0.0015004000160843134
2380	1e-23	0.0013139999937266111
2381	1e-23	0.0012574000284075737
2382	1e-23	0.0012599999899975955
2383	1e-23	0.001077399996574968
2384	1e-23	0.0014189000357873738
2385	1e-23	0.001408900017850101
2386	1e-23	0.0013774000108242035
2387	1e-23	0.001117600011639297
2388	1e-23	0.0012833999935537577
2389	1e-23	0.0013453999999910593
2390	1e-23	0.0012632000143639743
2391	1e-23	0.0013425999786704779
2392	1e-23	0.0014492000336758792
2393	1e-23	0.0013195000356063247
2394	1e-23	0.0013855000142939389
2395	1e-23	0.0015492000384256244
2396	1e-23	0.0011188999633304775
2397	1e-23	0.0013235000078566372
2398	1e-23	0.001576600014232099
2399	1e-23	0.0013733000378124416
2400	1e-23	0.001300899952184409
2401	1e-23	0.0012362999841570854
2402	1e-23	0.0014683000044897199
2403	1e-23	0.0013167999568395317
2404	1e-23	0.0011808000272139907
2405	1e-23	0.001256900024600327
2406	1e-23	0.0009629999985918403
2407	1e-23	0.0012223999947309494
2408	1e-23	0.001358899986371398
2409	1e-23	0.0011963999713771045
2410	1e-23	0.0018910999642685056
2411	1e-23	0.0016171999741345644
2412	1e-23	0.001341800030786544
2413	1e-23	0.001151299977209419
2414	1e-23	0.0012854000087827444
2415	1e-23	0.0011502000270411372
2416	1e-23	0.0011129999766126275
2417	1e-23	0.001287899969611317
2418	1e-23	0.00138229998992756
2419	1e-23	0.0012238000053912401
2420	1e-23	0.001449400035198778
2421	1e-23	0.0010781000019051135
2422	1e-23	0.0012333999620750546
2423	1e-23	0.0014155000098980963
2424	1e-23	0.001472500036470592
2425	1e-23	0.0015016000252217054
2426	1e-23	0.0022665999713353813
2427	1e-23	0.0010819999733939767
2428	1e-23	0.0012883000308647752
2429	1e-23	0.0012185000232420862
2430	1e-23	0.0015301000094041228
2431	1e-23	0.001283199992030859
2432	1e-23	0.0014779000193811953
2433	1e-23	0.0014041000395081937
2434	1e-23	0.0014247999642975628
2435	1e-23	0.0011918999953195453
2436	1e-23	0.001367199991364032
2437	1e-23	0.0013310000067576766
2438	1e-23	0.0012373000499792397
2439	1e-23	0.0013227000017650425
2440	1e-23	0.0017865000409074128
2441	1e-23	0.0016227999585680664
2442	1e-23	0.0013716000248678029
2443	1e-23	0.0013242000131867826
2444	1e-23	0.0012565000215545297
2445	1e-23	0.0014325999654829502
2446	1e-23	0.0012941000168211758
2447	1e-23	0.0016669000033289194
2448	1e-23	0.0013492000289261341
2449	1e-23	0.0013744000461883843
2450	1e-23	0.0013111000298522413
2451	1e-23	0.0012430999777279794
2452	1e-23	0.001211299968417734
2453	1e-23	0.0012793999630957842
2454	1e-23	0.0012935000122524798
2455	1e-23	0.0014088000170886517
2456	1e-23	0.001353900006506592
2457	1e-23	0.0016398999723605812
2458	1e-23	0.0013057999894954264
2459	1e-23	0.0011905000428669155
2460	1e-23	0.001275199989322573
2461	1e-23	0.001426299975719303
2462	1e-23	0.0013404999626800418
2463	1e-23	0.0013908999972045422
2464	1e-23	0.0014796999748796225
2465	1e-23	0.0011742000351659954
2466	1e-23	0.0013127000420354307
2467	1e-23	0.0011291999835520983
2468	1e-23	0.0011858000070787966
2469	1e-23	0.0011684000492095947
2470	1e-23	0.0013559000217355788
2471	1e-23	0.0011210000375285745
2472	1e-23	0.00131720001809299
2473	1e-23	0.0013155000051483512
2474	1e-23	0.0012289999867789447
2475	1e-23	0.001636300003156066
2476	1e-23	0.0015036999830044806
2477	1e-23	0.001303600030951202
2478	1e-23	0.001324300013948232
2479	1e-23	0.0012039999710395932
2480	1e-23	0.0015183999785222113
2481	1e-23	0.0015814999933354557
2482	1e-23	0.0012451999937184155
2483	1e-23	0.0012663999805226922
2484	1e-23	0.0014251000247895718
2485	1e-23	0.0012556000147014856
2486	1e-23	0.0014120999840088189
2487	1e-23	0.0015097999712452292
2488	1e-23	0.0011826999834738672
2489	1e-23	0.0010975999757647514
2490	1e-23	0.0015428999904543161
2491	1e-23	0.0014451000024564564
2492	1e-23	0.0013505000388249755
2493	1e-23	0.0013570000301115215
2494	1e-23	0.0011873000185005367
2495	1e-23	0.0012684999965131283
2496	1e-23	0.0013535000034607947
2497	1e-23	0.0012586000375449657
2498	1e-23	0.0012472999515011907
2499	1e-23	0.0014476999640464783
2500	1e-23	0.0012459999998100102
2501	1e-23	0.0012964000343345106
2502	1e-23	0.0014185000327415764
2503	1e-23	0.0013427999801933765
2504	1e-23	0.0015386000159196556
2505	1e-23	0.0015390999615192413
2506	1e-23	0.001576000009663403
2507	1e-23	0.0012312000035308301
2508	1e-23	0.0013658999814651906
2509	1e-23	0.0013398000155575573
2510	1e-23	0.0017039999947883189
2511	1e-23	0.0013108999701216817
2512	1e-23	0.0011965000303462148
2513	1e-23	0.0012866000179201365
2514	1e-23	0.0014025000273250043
2515	1e-23	0.001337299996521324
2516	1e-23	0.0015654999879188836
2517	1e-23	0.0012959999730810523
2518	1e-23	0.001207799999974668
2519	1e-23	0.001206899993121624
2520	1e-23	0.0013549000141210854
2521	1e-23	0.0013438999885693192
2522	1e-23	0.0013918000040575862
2523	1e-23	0.0009503999608568847
2524	1e-23	0.001899799972306937
2525	1e-23	0.0014552000211551785
2526	1e-23	0.0014062999980524182
2527	1e-23	0.0015599000034853816
2528	1e-23	0.0013868999667465687
2529	1e-23	0.0013103000237606466
2530	1e-23	0.0012526999926194549
2531	1e-23	0.0014208999928086996
2532	1e-23	0.0013731999788433313
2533	1e-23	0.0013925000093877316
2534	1e-23	0.0013458000030368567
2535	1e-23	0.0013216999941505492
2536	1e-23	0.0012789000174961984
2537	1e-23	0.001348600024357438
2538	1e-23	0.001511799986474216
2539	1e-23	0.001332899963017553
2540	1e-23	0.0013241999549791217
2541	1e-23	0.0015484000323340297
2542	1e-23	0.0011989999911747873
2543	1e-23	0.0014728999813087285
2544	1e-23	0.0015369000029750168
2545	1e-23	0.0012809999752789736
2546	1e-23	0.0013278999831527472
2547	1e-23	0.0012507999781519175
2548	1e-23	0.0012038000277243555
2549	1e-23	0.001315399946179241
2550	1e-23	0.0012389000039547682
2551	1e-23	0.001089199970010668
2552	1e-23	0.001366299984510988
2553	1e-23	0.0012805000296793878
2554	1e-23	0.0013667999883182347
2555	1e-23	0.0012627000105567276
2556	1e-23	0.0016873999848030508
2557	1e-23	0.0013151000021025538
2558	1e-23	0.0013899999903514981
2559	1e-23	0.0014026000280864537
2560	1e-23	0.001327000034507364
2561	1e-23	0.0014668999938294291
2562	1e-23	0.001339700014796108
2563	1e-23	0.0015633999719284475
2564	1e-23	0.001325799967162311
2565	1e-23	0.0012309000012464821
2566	1e-23	0.0014256000285968184
2567	1e-23	0.0017127000028267503
2568	1e-23	0.0014436999917961657
2569	1e-23	0.0014587999903596938
2570	1e-23	0.0013361999881453812
2571	1e-23	0.00134529999922961
2572	1e-23	0.0015199999907054007
2573	1e-23	0.001374900049995631
2574	1e-23	0.0015018999692983925
2575	1e-23	0.0013473999570123851
2576	1e-23	0.0012628999538719654
2577	1e-23	0.0012054999824613333
2578	1e-23	0.0015798999811522663
2579	1e-23	0.0013537000049836934
2580	1e-23	0.0011667999788187444
2581	1e-23	0.0012852000072598457
2582	1e-23	0.0012532999971881509
2583	1e-23	0.0011906999861821532
2584	1e-23	0.0014248999650590122
2585	1e-23	0.0009717000066302717
2586	1e-23	0.0009880999568849802
2587	1e-23	0.0011616999981924891
2588	1e-23	0.0012792000197805464
2589	1e-23	0.0009976999717764556
2590	1e-23	0.0011902999831363559
2591	1e-23	0.0012336999643594027
2592	1e-23	0.0009910999797284603
2593	1e-23	0.0009280999656766653
2594	1e-23	0.0013360999873839319
2595	1e-23	0.001186799956485629
2596	1e-23	0.0009280000231228769
2597	1e-23	0.0010510000283829868
2598	1e-23	0.0010915999882854521
2599	1e-23	0.0009660000214353204
2600	1e-23	0.0009797999518923461
2601	1e-23	0.0012758999946527183
2602	1e-23	0.0010912999860011041
2603	1e-23	0.0009012999944388866
2604	1e-23	0.0009554999996908009
2605	1e-23	0.0019901000196114182
2606	1e-23	0.0015740999951958656
2607	1e-23	0.001406800001859665
2608	1e-23	0.0014109999756328762
2609	1e-23	0.0013003000058233738
2610	1e-23	0.0015301999519579113
2611	1e-23	0.0013156000059098005
2612	1e-23	0.0011301000486128032
2613	1e-23	0.001236199983395636
2614	1e-23	0.0014186000335030258
2615	1e-23	0.0014426999841816723
2616	1e-23	0.001408900017850101
2617	1e-23	0.001285000005736947
2618	1e-23	0.0012728000292554498
2619	1e-23	0.0012510999804362655
2620	1e-23	0.0012786999577656388
2621	1e-23	0.0018279000069014728
2622	1e-23	0.0012737000361084938
2623	1e-23	0.0013854000135324895
2624	1e-23	0.0012101000174880028
2625	1e-23	0.0011986999888904393
2626	1e-23	0.0011546000023372471
2627	1e-23	0.001747799979057163
2628	1e-23	0.001352999999653548
2629	1e-23	0.00143580004805699
2630	1e-23	0.001271100016310811
2631	1e-23	0.001192099996842444
2632	1e-23	0.0013291999930515885
2633	1e-23	0.0012638999614864588
2634	1e-23	0.001438800012692809
2635	1e-23	0.0011922999983653426
2636	1e-23	0.0012795999646186829
2637	1e-23	0.0015289000002667308
2638	1e-23	0.0011972999782301486
2639	1e-23	0.0014306000084616244
2640	1e-23	0.0015585999935865402
2641	1e-23	0.0013686000020243227
2642	1e-23	0.0011910999892279506
2643	1e-23	0.0015244000242091715
2644	1e-23	0.0016466000233776867
2645	1e-23	0.0013818999868817627
2646	1e-23	0.001378699962515384
2647	1e-23	0.0012042999733239412
2648	1e-23	0.0016932999715209007
2649	1e-23	0.001319600036367774
2650	1e-23	0.001404800044838339
2651	1e-23	0.0013504999806173146
2652	1e-23	0.0012250999570824206
2653	1e-23	0.0013312000082805753
2654	1e-23	0.0013852000120095909
2655	1e-23	0.0013253000215627253
2656	1e-23	0.0015208000550046563
2657	1e-23	0.0012297999928705394
2658	1e-23	0.001489899994339794
2659	1e-23	0.0014158000121824443
2660	1e-23	0.0013332999660633504
2661	1e-23	0.0014510999899357557
2662	1e-23	0.001584000012371689
2663	1e-23	0.001316899957600981
2664	1e-23	0.0013441999908536673
2665	1e-23	0.0013441999908536673
2666	1e-23	0.0013297999976202846
2667	1e-23	0.0012342999689280987
2668	1e-23	0.0013976999907754362
2669	1e-23	0.001319899980444461
2670	1e-23	0.0014655000413767993
2671	1e-23	0.0014242000179365277
2672	1e-23	0.0012577000306919217
2673	1e-23	0.0016321000293828547
2674	1e-23	0.001353900006506592
2675	1e-23	0.0012777000083588064
2676	1e-23	0.0013165000127628446
2677	1e-23	0.0013005000073462725
2678	1e-23	0.001413899997714907
2679	1e-23	0.0014822999946773052
2680	1e-23	0.001193600008264184
2681	1e-23	0.0014956999802961946
2682	1e-23	0.001416900020558387
2683	1e-23	0.0014614000101573765
2684	1e-23	0.001444699999410659
2685	1e-23	0.0012888999772258103
2686	1e-23	0.001400300010573119
2687	1e-23	0.0015022999723441899
2688	1e-23	0.0014823999954387546
2689	1e-23	0.0016223000129684806
2690	1e-23	0.0014818999916315079
2691	1e-23	0.0015119999879971147
2692	1e-23	0.0016719000414013863
2693	1e-23	0.0013038000324741006
2694	1e-23	0.0009930000524036586
2695	1e-23	0.0011557000107131898
2696	1e-23	0.001280499971471727
2697	1e-23	0.0011040999670512974
2698	1e-23	0.0008582000155001879
2699	1e-23	0.0011030000168830156
2700	1e-23	0.00109039997914806
2701	1e-23	0.0010024000075645745
2702	1e-23	0.0011671999818645418
2703	1e-23	0.0012745000422000885
2704	1e-23	0.001624800032004714
2705	1e-23	0.001445300003979355
2706	1e-23	0.001279400021303445
2707	1e-23	0.001587799983099103
2708	1e-23	0.0012716000201180577
2709	1e-23	0.001294999965466559
2710	1e-23	0.001352999999653548
2711	1e-23	0.001284099998883903
2712	1e-23	0.0012510999804362655
2713	1e-23	0.0015443000011146069
2714	1e-23	0.0012904999894089997
2715	1e-23	0.0013399000163190067
2716	1e-23	0.001442300039343536
2717	1e-23	0.0012715999619103968
2718	1e-23	0.001149499963503331
2719	1e-23	0.001403600035700947
2720	1e-23	0.001216700009535998
2721	1e-23	0.0011561999563127756
2722	1e-23	0.0011769999982789159
2723	1e-23	0.0009477999992668629
2724	1e-23	0.0010241999989375472
2725	1e-23	0.0012822000426240265
2726	1e-23	0.0011441000388003886
2727	1e-23	0.0009153999853879213
2728	1e-23	0.0015973999979905784
2729	1e-23	0.0013165000127628446
2730	1e-23	0.0009343000128865242
2731	1e-23	0.0010217999806627631
2732	1e-23	0.0013911999994888902
2733	1e-23	0.0012353999773040414
2734	1e-23	0.0008480999968014657
2735	1e-23	0.00120009999955073
2736	1e-23	0.0011668999795801938
2737	1e-23	0.000909099995624274
2738	1e-23	0.000970900000538677
2739	1e-23	0.001165799971204251
2740	1e-23	0.0008948000031523407
2741	1e-23	0.0008870999445207417
2742	1e-23	0.000982699973974377
2743	1e-23	0.0011113000218756497
2744	1e-23	0.0012797000235877931
2745	1e-23	0.0008741999627090991
2746	1e-23	0.0010569999576546252
2747	1e-23	0.0013733000378124416
2748	1e-23	0.0011428000289015472
2749	1e-23	0.0008716000011190772
2750	1e-23	0.0009700000518932939
2751	1e-23	0.0010977000347338617
2752	1e-23	0.0008909999742172658
2753	1e-23	0.0008564000017940998
2754	1e-23	0.0010039000189863145
2755	1e-23	0.0013204999850131571
2756	1e-23	0.001271100016310811
2757	1e-23	0.0009741000249050558
2758	1e-23	0.001131199998781085
2759	1e-23	0.0012372999917715788
2760	1e-23	0.0008504000143148005
2761	1e-23	0.0010088999988511205
2762	1e-23	0.0011337000178173184
2763	1e-23	0.0010765999904833734
2764	1e-23	0.0008771999855525792
2765	1e-23	0.0011142999865114689
2766	1e-23	0.0011693000560626388
2767	1e-23	0.0010029000113718212
2768	1e-23	0.0009440999710932374
2769	1e-23	0.0014953999780118465
2770	1e-23	0.0013120000367052853
2771	1e-23	0.0009697999921627343
2772	1e-23	0.0008051000186242163
2773	1e-23	0.0012524999910965562
2774	1e-23	0.0013212999911047518
2775	1e-23	0.001121699984651059
2776	1e-23	0.0008960000122897327
2777	1e-23	0.0010781000019051135
2778	1e-23	0.00101350003387779
2779	1e-23	0.0008786999969743192
2780	1e-23	0.0011733000283129513
2781	1e-23	0.0011939999531023204
2782	1e-23	0.0013052999856881797
2783	1e-23	0.0012776999501511455
2784	1e-23	0.0011205999762751162
2785	1e-23	0.0013727000332437456
2786	1e-23	0.0013469000114127994
2787	1e-23	0.001282599987462163
2788	1e-23	0.0011257000151090324
2789	1e-23	0.0008465999853797257
2790	1e-23	0.0012253999593667686
2791	1e-23	0.0010915999882854521
2792	1e-23	0.0008980999700725079
2793	1e-23	0.0008635999984107912
2794	1e-23	0.0009476999985054135
2795	1e-23	0.0011296000448055565
2796	1e-23	0.0014194999821484089
2797	1e-23	0.0009910999797284603
2798	1e-23	0.0012238000053912401
2799	1e-23	0.0013245000154711306
2800	1e-23	0.0010084999958053231
2801	1e-23	0.0011492000194266438
2802	1e-23	0.001323400007095188
2803	1e-23	0.0008434999617747962
2804	1e-23	0.0008656000136397779
2805	1e-23	0.0011331000132486224
2806	1e-23	0.0010372999822720885
2807	1e-23	0.0008010999881662428
2808	1e-23	0.0008544999873265624
2809	1e-23	0.0013999000075273216
2810	1e-23	0.00133500003721565
2811	1e-23	0.0014333000290207565
2812	1e-23	0.0011413000174798071
2813	1e-23	0.0011769999982789159
2814	1e-23	0.0008541999850422144
2815	1e-23	0.0008539999835193157
2816	1e-23	0.001114899991080165
2817	1e-23	0.0013537000049836934
2818	1e-23	0.0009216000325977802
2819	1e-23	0.0008443999686278403
2820	1e-23	0.001046599994879216
2821	1e-23	0.0008821000228635967
2822	1e-23	0.000825099996291101
2823	1e-23	0.0008429000154137611
2824	1e-23	0.001591400010511279
2825	1e-23	0.0013005000073462725
2826	1e-23	0.0008611999801360071
2827	1e-23	0.0007878000033088028
2828	1e-23	0.001277300005313009
2829	1e-23	0.0012274999753572047
2830	1e-23	0.0008529000333510339
2831	1e-23	0.0008986000320874155
2832	1e-23	0.001333200023509562
2833	1e-23	0.0009262000094167888
2834	1e-23	0.0008780999924056232
2835	1e-23	0.0008436999632976949
2836	1e-23	0.000956700008828193
2837	1e-23	0.0009417000110261142
2838	1e-23	0.0010772999958135188
2839	1e-23	0.0010233999928459525
2840	1e-23	0.0010998999932780862
2841	1e-23	0.0011931000044569373
2842	1e-23	0.001069100049789995
2843	1e-23	0.0012920000008307397
2844	1e-23	0.0012398000108078122
2845	1e-23	0.001048100006300956
2846	1e-23	0.0011236999998800457
2847	1e-23	0.0011836999910883605
2848	1e-23	0.0012716000201180577
2849	1e-23	0.0010061999782919884
2850	1e-23	0.0009880000143311918
2851	1e-23	0.0013194999773986638
2852	1e-23	0.0011872000177390873
2853	1e-23	0.0008668999653309584
2854	1e-23	0.0011659999727271497
2855	1e-23	0.001104300026781857
2856	1e-23	0.000881900021340698
2857	1e-23	0.0008222000324167311
2858	1e-23	0.0012962000328116119
2859	1e-23	0.001152199984062463
2860	1e-23	0.0008829999715089798
2861	1e-23	0.0008461999823339283
2862	1e-23	0.001208700006827712
2863	1e-23	0.0010369999799877405
2864	1e-23	0.0008205000194720924
2865	1e-23	0.0008705999935045838
2866	1e-23	0.0014070000033825636
2867	1e-23	0.001298299990594387
2868	1e-23	0.0009406000026501715
2869	1e-23	0.0009493999532423913
2870	1e-23	0.0013065000530332327
2871	1e-23	0.0010596000356599689
2872	1e-23	0.0010649000178091228
2873	1e-23	0.0011965999729000032
2874	1e-23	0.0010882000206038356
2875	1e-23	0.0010102000087499619
2876	1e-23	0.0010553000029176474
2877	1e-23	0.001335300039499998
2878	1e-23	0.0012066999915987253
2879	1e-23	0.0011415999615564942
2880	1e-23	0.001489299989771098
2881	1e-23	0.0013457000022754073
2882	1e-23	0.0014221000019460917
2883	1e-23	0.0012730000307783484
2884	1e-23	0.0015255999751389027
2885	1e-23	0.0015154000138863921
2886	1e-23	0.0011153999948874116
2887	1e-23	0.0014417999773286283
2888	1e-23	0.0013419999741017818
2889	1e-23	0.001214600051753223
2890	1e-23	0.001402699970640242
2891	1e-23	0.0011246000067330897
2892	1e-23	0.0012211999855935574
2893	1e-23	0.0012957999715581536
2894	1e-23	0.0008557999972254038
2895	1e-23	0.000840199994854629
2896	1e-23	0.0012581999762915075
2897	1e-23	0.0009557000012136996
2898	1e-23	0.0010412000119686127
2899	1e-23	0.0011805000249296427
2900	1e-23	0.0011608999921008945
2901	1e-23	0.0012455999967642128
2902	1e-23	0.0009665999677963555
2903	1e-23	0.0012284000404179096
2904	1e-23	0.0012504999758675694
2905	1e-23	0.0013283999869599938
2906	1e-23	0.0011631999514065683
2907	1e-23	0.0011135999811813235
2908	1e-23	0.0008496000082232058
2909	1e-23	0.0010972999734804034
2910	1e-23	0.0016240999684669077
2911	1e-23	0.0014281999901868403
2912	1e-23	0.001007000042591244
2913	1e-23	0.001267499988898635
2914	1e-23	0.0014414000324904919
2915	1e-23	0.000914999982342124
2916	1e-23	0.0015745999990031123
2917	1e-23	0.0014109999756328762
2918	1e-23	0.001547899970319122
2919	1e-23	0.001550000044517219
2920	1e-23	0.001142699969932437
2921	1e-23	0.0014256999711506069
2922	1e-23	0.0014106000307947397
2923	1e-23	0.0011561000137589872
2924	1e-23	0.0012583999778144062
2925	1e-23	0.0014646000345237553
2926	1e-23	0.001186199951916933
2927	1e-23	0.0010079999919980764
2928	1e-23	0.0012792000197805464
2929	1e-23	0.0013352999812923372
2930	1e-23	0.001151000033132732
2931	1e-23	0.0015636999742127955
2932	1e-23	0.0015963000478222966
2933	1e-23	0.0014108000323176384
2934	1e-23	0.0011252000113017857
2935	1e-23	0.0015004999586381018
2936	1e-23	0.0010333999525755644
2937	1e-23	0.0011935000075027347
2938	1e-23	0.0011666000355035067
2939	1e-23	0.0010926999966613948
2940	1e-23	0.0013435000437311828
2941	1e-23	0.001291499997023493
2942	1e-23	0.0012055999832227826
2943	1e-23	0.0012398000108078122
2944	1e-23	0.001250400033313781
2945	1e-23	0.0012561000185087323
2946	1e-23	0.000908499991055578
2947	1e-23	0.001554100017528981
2948	1e-23	0.001303300028666854
2949	1e-23	0.001380199973937124
2950	1e-23	0.0011954999645240605
2951	1e-23	0.0015909999492578208
2952	1e-23	0.001451499992981553
2953	1e-23	0.001288499974180013
2954	1e-23	0.001244200044311583
2955	1e-23	0.0014350000419653952
2956	1e-23	0.0011664999765343964
2957	1e-23	0.0011931000044569373
2958	1e-23	0.0011092000058852136
2959	1e-23	0.0011062000412493944
2960	1e-23	0.0012514999834820628
2961	1e-23	0.0010722000151872635
2962	1e-23	0.0009548999951221049
2963	1e-23	0.0014414999750442803
2964	1e-23	0.0014092999626882374
2965	1e-23	0.0013608000008389354
2966	1e-23	0.0012318000080995262
2967	1e-23	0.001144500041846186
2968	1e-23	0.0010395999997854233
2969	1e-23	0.0010652999626472592
2970	1e-23	0.001391699945088476
2971	1e-23	0.0011068999883718789
2972	1e-23	0.0012234000023454428
2973	1e-23	0.00137039995752275
2974	1e-23	0.0015208999975584447
2975	1e-23	0.0016156999627128243
2976	1e-23	0.0012524999910965562
2977	1e-23	0.0011532999924384058
2978	1e-23	0.0010308999917469919
2979	1e-23	0.0011484000133350492
2980	1e-23	0.0013904999941587448
2981	1e-23	0.001394100021570921
2982	1e-23	0.0012750999885611236
2983	1e-23	0.0012058999855071306
2984	1e-23	0.0014059999957680702
2985	1e-23	0.001382599992211908
2986	1e-23	0.0011246000067330897
2987	1e-23	0.0012735999771393836
2988	1e-23	0.0010017000022344291
2989	1e-23	0.0011650999658741057
2990	1e-23	0.0010742000304162502
2991	1e-23	0.0013026000233367085
2992	1e-23	0.001227600034326315
2993	1e-23	0.0011336999596096575
2994	1e-23	0.0011163000017404556
2995	1e-23	0.0009595000301487744
2996	1e-23	0.0011448999866843224
2997	1e-23	0.0011446000426076353
2998	1e-23	0.0010543999960646033
2999	1e-23	0.0011645000195130706
3000	1e-23	0.0014505000435747206
