epoch	total	seconds
1	1e-23	0.18558469996787608
2	1e-23	0.0023137000389397144
3	1e-23	0.0016573999891988933
4	1e-23	0.0014922000118531287
5	1e-23	0.0016843999619595706
6	1e-23	0.0013362999889068305
7	1e-23	0.0017342999926768243
8	1e-23	0.0016679000109434128
9	1e-23	0.0013722999719902873
10	1e-23	0.0015271000447683036
11	1e-23	0.0015959000447764993
12	1e-23	0.0013252999633550644
13	1e-23	0.0013496000319719315
14	1e-23	0.0012885000323876739
15	1e-23	0.0014817000483162701
16	1e-23	0.0014610000071115792
17	1e-23	0.0015424999874085188
18	1e-23	0.0017479999805800617
19	1e-23	0.0013295999960973859
20	1e-23	0.0013155000051483512
21	1e-23	0.0014206000487320125
22	1e-23	0.00136009999550879
23	1e-23	0.0012043999740853906
24	1e-23	0.0018425000016577542
25	1e-23	0.0013414000277407467
26	1e-23	0.001097199972718954
27	1e-23	0.0016159999649971724
28	1e-23	0.0016247000312432647
29	1e-23	0.0013198000378906727
30	1e-23	0.001259300042875111
31	1e-23	0.0010937000042758882
32	1e-23	0.001271700020879507
33	1e-23	0.001362200011499226
34	1e-23	0.001269600004889071
35	1e-23	0.0011672000400722027
36	1e-23	0.0015150000108405948
37	1e-23	0.0013856000150553882
38	1e-23	0.0012594999861903489
39	1e-23	0.0015970999957062304
40	1e-23	0.0014391000149771571
41	1e-23	0.0017891000024974346
42	1e-23	0.00163720001000911
43	1e-23	0.0013144999975338578
44	1e-23	0.0014712000265717506
45	1e-23	0.0013453999999910593
46	1e-23	0.0012657000334002078
47	1e-23	0.0018007999751716852
48	1e-23	0.0013408999657258391
49	1e-23	0.0012076999992132187
50	1e-23	0.0017794999876059592
51	1e-23	0.0013784000184386969
52	1e-23	0.001193900010548532
53	1e-23	0.0013244000147096813
54	1e-23	0.0015311000170186162
55	1e-23	0.0011749999830499291
56	1e-23	0.0013135000481270254
57	1e-23	0.0012715000193566084
58	1e-23	0.0011989999911747873
59	1e-23	0.0013564999680966139
60	1e-23	0.0013209999888204038
61	1e-23	0.0012304999982006848
62	1e-23	0.0012283000396564603
63	1e-23	0.00152009999146685
64	1e-23	0.0011682999902404845
65	1e-23	0.001264600025024265
66	1e-23	0.0014030999736860394
67	1e-23	0.0011694999993778765
68	1e-23	0.001151299977209419
69	1e-23	0.001292100001592189
70	1e-23	0.001159299979917705
71	1e-23	0.0012260000221431255
72	1e-23	0.001289999985601753
73	1e-23	0.0013662000419571996
74	1e-23	0.001115199993364513
75	1e-23	0.0013428999809548259
76	1e-23	0.001215199998114258
77	1e-23	0.001290000043809414
78	1e-23	0.0013358999858610332
79	1e-23	0.0013933999580331147
80	1e-23	0.0012752000475302339
81	1e-23	0.001408600015565753
82	1e-23	0.0012386999442242086
83	1e-23	0.0011689999955706298
84	1e-23	0.0012012000079266727
85	1e-23	0.0017665000050328672
86	1e-23	0.0013803999754600227
87	1e-23	0.0013976000482216477
88	1e-23	0.0014161999570205808
89	1e-23	0.0012993999989703298
90	1e-23	0.001386700023431331
91	1e-23	0.0012963000335730612
92	1e-23	0.001368099998217076
93	1e-23	0.0014265000354498625
94	1e-23	0.0012261000229045749
95	1e-23	0.0011325000086799264
96	1e-23	0.0020029000006616116
97	1e-23	0.0014180000289343297
98	1e-23	0.0016246999730356038
99	1e-23	0.0012734000338241458
100	1e-23	0.0011042000260204077
101	1e-23	0.001395600032992661
102	1e-23	0.0012998000020161271
103	1e-23	0.0013290999922901392
104	1e-23	0.0013321000151336193
105	1e-23	0.001556200033519417
106	1e-23	0.001713799952995032
107	1e-23	0.0018787000444717705
108	1e-23	0.0011999999987892807
109	1e-23	0.0011754000443033874
110	1e-23	0.0013233000063337386
111	1e-23	0.0011562000145204365
112	1e-23	0.0011805000249296427
113	1e-23	0.0012630000128410757
114	1e-23	0.0013260000268928707
115	1e-23	0.0011377999908290803
116	1e-23	0.0012932000099681318
117	1e-23	0.001504099986050278
118	1e-23	0.0012716000201180577
119	1e-23	0.0018942999886348844
120	1e-23	0.0013076000032015145
121	1e-23	0.0011792000150308013
122	1e-23	0.001378099957946688
123	1e-23	0.0012795000220648944
124	1e-23	0.0011909999884665012
125	1e-23	0.001297999988310039
126	1e-23	0.0011949999607168138
127	1e-23	0.001095100014936179
128	1e-23	0.0012289000442251563
129	1e-23	0.0014679000014439225
130	1e-23	0.0012815999798476696
131	1e-23	0.0012561000185087323
132	1e-23	0.0013231000048108399
133	1e-23	0.0013221999979577959
134	1e-23	0.0012821000418625772
135	1e-23	0.0012038000277243555
136	1e-23	0.0011359000345692039
137	1e-23	0.0010765999904833734
138	1e-23	0.0017900000093504786
139	1e-23	0.0013292999938130379
140	1e-23	0.0012761999969370663
141	1e-23	0.0017544000293128192
142	1e-23	0.001323400007095188
143	1e-23	0.001290899992454797
144	1e-23	0.0012698000064119697
145	1e-23	0.0011235999991185963
146	1e-23	0.0011181999580003321
147	1e-23	0.0013628000160679221
148	1e-23	0.0011471000034362078
149	1e-23	0.0010858000023290515
150	1e-23	0.0013281000428833067
151	1e-23	0.0012971999822184443
152	1e-23	0.0012588999816216528
153	1e-23	0.001282900047954172
154	1e-23	0.0012159000034444034
155	1e-23	0.0010509999701753259
156	1e-23	0.0010883999639190733
157	1e-23	0.001304800040088594
158	1e-23	0.0011096999514847994
159	1e-23	0.0010447999811731279
160	1e-23	0.0011784000089392066
161	1e-23	0.0011835999903269112
162	1e-23	0.0010810000239871442
163	1e-23	0.0010883999639190733
164	1e-23	0.0015353999915532768
165	1e-23	0.0012954000267200172
166	1e-23	0.001166399975772947
167	1e-23	0.001604400051292032
168	1e-23	0.0012743999832309783
169	1e-23	0.0012073999969288707
170	1e-23	0.0013077000039629638
171	1e-23	0.0012169999536126852
172	1e-23	0.0010976999765262008
173	1e-23	0.0014168999623507261
174	1e-23	0.001165199966635555
175	1e-23	0.0010572999599389732
176	1e-23	0.0011178000131621957
177	1e-23	0.001737200014758855
178	1e-23	0.001394699967931956
179	1e-23	0.0012958000297658145
180	1e-23	0.001240299956407398
181	1e-23	0.0010662999702617526
182	1e-23	0.0010918999905698001
183	1e-23	0.001427799987141043
184	1e-23	0.0011700000031851232
185	1e-23	0.0012114999699406326
186	1e-23	0.0011764999944716692
187	1e-23	0.0012028999626636505
188	1e-23	0.0010138999787159264
189	1e-23	0.001068499987013638
190	1e-23	0.0015190000412985682
191	1e-23	0.0013762000016868114
192	1e-23	0.0011415000190027058
193	1e-23	0.001284099998883903
194	1e-23	0.0011591999791562557
195	1e-23	0.001152500044554472
196	1e-23	0.00122079998254776
197	1e-23	0.001106100040487945
198	1e-23	0.0010511999716982245
199	1e-23	0.0010932000004686415
200	1e-23	0.0012193999718874693
201	1e-23	0.001119400025345385
202	1e-23	0.001195400021970272
203	1e-23	0.0016368000069633126
204	1e-23	0.0011807000264525414
205	1e-23	0.0010898999753408134
206	1e-23	0.0010995999909937382
207	1e-23	0.0011038999655283988
208	1e-23	0.0010302999871782959
209	1e-23	0.0010640999535098672
210	1e-23	0.0015422999858856201
211	1e-23	0.001284099998883903
212	1e-23	0.0010793000110425055
213	1e-23	0.0012758999946527183
214	1e-23	0.0012534000561572611
215	1e-23	0.001603499986231327
216	1e-23	0.0016497999895364046
217	1e-23	0.0012500000302679837
218	1e-23	0.001128199975937605
219	1e-23	0.0017874999903142452
220	1e-23	0.0011341000208631158
221	1e-23	0.0010229999898001552
222	1e-23	0.0011995999957434833
223	1e-23	0.0011769999982789159
224	1e-23	0.0014171999646350741
225	1e-23	0.0013318000128492713
226	1e-23	0.0014170999638736248
227	1e-23	0.0012452999944798648
228	1e-23	0.0015625000232830644
229	1e-23	0.0012630000128410757
230	1e-23	0.0010862000053748488
231	1e-23	0.0010871000122278929
232	1e-23	0.0012339999666437507
233	1e-23	0.0011140999849885702
234	1e-23	0.0010358000290580094
235	1e-23	0.0013060999917797744
236	1e-23	0.0011374999885447323
237	1e-23	0.0010531999869272113
238	1e-23	0.0011292000417597592
239	1e-23	0.00132460001623258
240	1e-23	0.0011412000167183578
241	1e-23	0.001048100006300956
242	1e-23	0.001374599989503622
243	1e-23	0.0014022999675944448
244	1e-23	0.0010994000476785004
245	1e-23	0.0011665999772958457
246	1e-23	0.0012168000102974474
247	1e-23	0.0010588999721221626
248	1e-23	0.0016071000136435032
249	1e-23	0.00120900000911206
250	1e-23	0.0013082000077702105
251	1e-23	0.0012633000151254237
252	1e-23	0.0012607999960891902
253	1e-23	0.0010911999852396548
254	1e-23	0.0010392999975010753
255	1e-23	0.0012223999947309494
256	1e-23	0.001247400010470301
257	1e-23	0.001533700036816299
258	1e-23	0.001400900015141815
259	1e-23	0.0012953999685123563
260	1e-23	0.001249200024176389
261	1e-23	0.001146599999628961
262	1e-23	0.0014875999768264592
263	1e-23	0.0013316000113263726
264	1e-23	0.0011139000416733325
265	1e-23	0.001221699989400804
266	1e-23	0.0011613999959081411
267	1e-23	0.0010201000259257853
268	1e-23	0.0013271000352688134
269	1e-23	0.0012740999809466302
270	1e-23	0.001199799997266382
271	1e-23	0.0011684999917633832
272	1e-23	0.00118530000327155
273	1e-23	0.0010324999457225204
274	1e-23	0.001427499984856695
275	1e-23	0.0016896000015549362
276	1e-23	0.0012938000145368278
277	1e-23	0.0012370999902486801
278	1e-23	0.0013858000165782869
279	1e-23	0.0013681999989785254
280	1e-23	0.001392900012433529
281	1e-23	0.0014029000303708017
282	1e-23	0.0012600999907590449
283	1e-23	0.0011821999796666205
284	1e-23	0.0013405000208877027
285	1e-23	0.0011554000084288418
286	1e-23	0.001274299982469529
287	1e-23	0.0012072999961674213
288	1e-23	0.0012076999992132187
289	1e-23	0.0011529999901540577
290	1e-23	0.0013428999809548259
291	1e-23	0.001146900001913309
292	1e-23	0.001089799974579364
293	1e-23	0.001198299985844642
294	1e-23	0.00131130003137514
295	1e-23	0.00108299998100847
296	1e-23	0.0012246000114828348
297	1e-23	0.0012783000129275024
298	1e-23	0.0013409999664872885
299	1e-23	0.0011703000054694712
300	1e-23	0.001417800027411431
301	1e-23	0.0011918999953195453
302	1e-23	0.0010559999500401318
303	1e-23	0.0012470000074245036
304	1e-23	0.0012371999910101295
305	1e-23	0.0011626000050455332
306	1e-23	0.0012192000285722315
307	1e-23	0.0012792000197805464
308	1e-23	0.0011295999865978956
309	1e-23	0.0010149999870918691
310	1e-23	0.0012095000129193068
311	1e-23	0.001525699975900352
312	1e-23	0.0011775000020861626
313	1e-23	0.0013628000160679221
314	1e-23	0.001339100010227412
315	1e-23	0.001305699988733977
316	1e-23	0.0014047999866306782
317	1e-23	0.0012848000042140484
318	1e-23	0.001179100014269352
319	1e-23	0.0011597999837249517
320	1e-23	0.001249799970537424
321	1e-23	0.0012413000222295523
322	1e-23	0.0013729999773204327
323	1e-23	0.0014367999974638224
324	1e-23	0.0012231000000610948
325	1e-23	0.0011377999908290803
326	1e-23	0.0012598999892361462
327	1e-23	0.0011900999816134572
328	1e-23	0.0012701000086963177
329	1e-23	0.0011736999731510878
330	1e-23	0.0011548000038601458
331	1e-23	0.0011355000315234065
332	1e-23	0.0011813000310212374
333	1e-23	0.0011703000054694712
334	1e-23	0.0011137999827042222
335	1e-23	0.0013291000504978001
336	1e-23	0.0012897999840788543
337	1e-23	0.0013004000065848231
338	1e-23	0.0012456999975256622
339	1e-23	0.0011871999595314264
340	1e-23	0.001167299982625991
341	1e-23	0.0010810999665409327
342	1e-23	0.0012113999691791832
343	1e-23	0.0012487000203691423
344	1e-23	0.0012441999861039221
345	1e-23	0.0012422000290825963
346	1e-23	0.0012879999703727663
347	1e-23	0.0013011000119149685
348	1e-23	0.001344699994660914
349	1e-23	0.001437900005839765
350	1e-23	0.0011952000204473734
351	1e-23	0.001471599971409887
352	1e-23	0.0013620000099763274
353	1e-23	0.0010861000046133995
354	1e-23	0.00101500004529953
355	1e-23	0.0016061000060290098
356	1e-23	0.0011440000380389392
357	1e-23	0.0010572000173851848
358	1e-23	0.0011517000384628773
359	1e-23	0.001591100008226931
360	1e-23	0.001440799969714135
361	1e-23	0.0013422000338323414
362	1e-23	0.0013084000092931092
363	1e-23	0.0012604999938048422
364	1e-23	0.001470400020480156
365	1e-23	0.001408300013281405
366	1e-23	0.0012011000071652234
367	1e-23	0.0014727999805472791
368	1e-23	0.001177300000563264
369	1e-23	0.0014700000174343586
370	1e-23	0.0013416999718174338
371	1e-23	0.0014967999886721373
372	1e-23	0.0012152999988757074
373	1e-23	0.0013049000408500433
374	1e-23	0.001366000040434301
375	1e-23	0.0012200000346638262
376	1e-23	0.0012884000316262245
377	1e-23	0.0014084999565966427
378	1e-23	0.001139500003773719
379	1e-23	0.0011232999968342483
380	1e-23	0.001272600027732551
381	1e-23	0.0011959999683313072
382	1e-23	0.0016867999802343547
383	1e-23	0.0013775000115856528
384	1e-23	0.0011306999949738383
385	1e-23	0.0014886999852024019
386	1e-23	0.0012827000464312732
387	1e-23	0.0012815000372938812
388	1e-23	0.0012509999796748161
389	1e-23	0.0012780000106431544
390	1e-23	0.0012963000335730612
391	1e-23	0.0012428999762050807
392	1e-23	0.0011947000166401267
393	1e-23	0.0012103000190109015
394	1e-23	0.0012576000299304724
395	1e-23	0.0017763000214472413
396	1e-23	0.0012326000141911209
397	1e-23	0.0011217999854125082
398	1e-23	0.0012637999607250094
399	1e-23	0.0014084000140428543
400	1e-23	0.0011431000311858952
401	1e-23	0.0011442999821156263
402	1e-23	0.0012858000118285418
403	1e-23	0.001484000007621944
404	1e-23	0.0017307999660260975
405	1e-23	0.0012800999684259295
406	1e-23	0.0015756000066176057
407	1e-23	0.001209300011396408
408	1e-23	0.0013914000010117888
409	1e-23	0.0012749999877996743
410	1e-23	0.0012553000124171376
411	1e-23	0.0012737000361084938
412	1e-23	0.0011882000253535807
413	1e-23	0.0012871000217273831
414	1e-23	0.0011476000072434545
415	1e-23	0.0011899999808520079
416	1e-23	0.0015567999798804522
417	1e-23	0.001527799991890788
418	1e-23	0.001440199965145439
419	1e-23	0.0012805000296793878
420	1e-23	0.0014055999927222729
421	1e-23	0.001345600001513958
422	1e-23	0.0014663999900221825
423	1e-23	0.0013662000419571996
424	1e-23	0.0011572999646887183
425	1e-23	0.0013283000444062054
426	1e-23	0.0011949000181630254
427	1e-23	0.0011968999751843512
428	1e-23	0.0016660999972373247
429	1e-23	0.0013095999602228403
430	1e-23	0.0012515999842435122
431	1e-23	0.001202800020109862
432	1e-23	0.0013432999840006232
433	1e-23	0.0011733999708667397
434	1e-23	0.0011427999706938863
435	1e-23	0.0012503000325523317
436	1e-23	0.0011841999948956072
437	1e-23	0.001098100037779659
438	1e-23	0.001244800048880279
439	1e-23	0.001133300014771521
440	1e-23	0.0011205000337213278
441	1e-23	0.0011498000239953399
442	1e-23	0.0013507999829016626
443	1e-23	0.0012576999724842608
444	1e-23	0.001165799971204251
445	1e-23	0.0013161999522708356
446	1e-23	0.0014723000349476933
447	1e-23	0.001166099973488599
448	1e-23	0.0014628000208176672
449	1e-23	0.0012080000014975667
450	1e-23	0.00120449997484684
451	1e-23	0.0016024000360630453
452	1e-23	0.0014213999966159463
453	1e-23	0.0013951999717392027
454	1e-23	0.0014667999930679798
455	1e-23	0.0011963999713771045
456	1e-23	0.0010580000234767795
457	1e-23	0.001313700049649924
458	1e-23	0.0011471000034362078
459	1e-23	0.001118800020776689
460	1e-23	0.001193900010548532
461	1e-23	0.0012934000114910305
462	1e-23	0.001236500043887645
463	1e-23	0.0020055000204592943
464	1e-23	0.0013692000065930188
465	1e-23	0.0013864999637007713
466	1e-23	0.0011989000486209989
467	1e-23	0.0013781999587081373
468	1e-23	0.0011594999814406037
469	1e-23	0.001439899962861091
470	1e-23	0.0016716999816708267
471	1e-23	0.001209600013680756
472	1e-23	0.0014147000038065016
473	1e-23	0.001741899992339313
474	1e-23	0.0014386000111699104
475	1e-23	0.0014403999666683376
476	1e-23	0.0014682000037282705
477	1e-23	0.0013998000067658722
478	1e-23	0.0017114999936893582
479	1e-23	0.0012024999596178532
480	1e-23	0.0013670999906025827
481	1e-23	0.0014127999893389642
482	1e-23	0.0015948000364005566
483	1e-23	0.0016056000022217631
484	1e-23	0.0013621000107377768
485	1e-23	0.0011608999921008945
486	1e-23	0.001400600012857467
487	1e-23	0.0012867000186815858
488	1e-23	0.001253899943549186
489	1e-23	0.001143899979069829
490	1e-23	0.001304799981880933
491	1e-23	0.0011902000405825675
492	1e-23	0.0012906999909318984
493	1e-23	0.0013979999930597842
494	1e-23	0.0012095000129193068
495	1e-23	0.0012038000277243555
496	1e-23	0.0013108999701216817
497	1e-23	0.001230300054885447
498	1e-23	0.0012848000042140484
499	1e-23	0.0013154000043869019
500	1e-23	0.001270200009457767
501	1e-23	0.0012434999807737768
502	1e-23	0.0013978999922983348
503	1e-23	0.0012705999542959034
504	1e-23	0.0011556000099517405
505	1e-23	0.0012437999830581248
506	1e-23	0.001540200028102845
507	1e-23	0.0011617999989539385
508	1e-23	0.0015715999761596322
509	1e-23	0.0013490000274032354
510	1e-23	0.0011912000481970608
511	1e-23	0.0015296000055968761
512	1e-23	0.0011869000154547393
513	1e-23	0.00122669996926561
514	1e-23	0.001339099952019751
515	1e-23	0.0012061999877914786
516	1e-23	0.0011283999774605036
517	1e-23	0.0012527000508271158
518	1e-23	0.0020088000455871224
519	1e-23	0.0012437999830581248
520	1e-23	0.0016388000221922994
521	1e-23	0.0012416999670676887
522	1e-23	0.0011153999948874116
523	1e-23	0.0013527999981306493
524	1e-23	0.001213400042615831
525	1e-23	0.0010869000107049942
526	1e-23	0.0011928000021725893
527	1e-23	0.0012746999855153263
528	1e-23	0.001604399993084371
529	1e-23	0.0016380000161007047
530	1e-23	0.0012857000110670924
531	1e-23	0.0010691999923437834
532	1e-23	0.0013834999990649521
533	1e-23	0.0011159999994561076
534	1e-23	0.0010509999701753259
535	1e-23	0.0011197999701835215
536	1e-23	0.001310699968598783
537	1e-23	0.0010926999966613948
538	1e-23	0.0010159999947063625
539	1e-23	0.0013259000261314213
540	1e-23	0.001575100002810359
541	1e-23	0.0012218999909237027
542	1e-23	0.001221999991685152
543	1e-23	0.0012816000380553305
544	1e-23	0.0011519999825395644
545	1e-23	0.0012274999753572047
546	1e-23	0.001381999987643212
547	1e-23	0.0011320000048726797
548	1e-23	0.0011980999843217432
549	1e-23	0.0011781000066548586
550	1e-23	0.0012165000080130994
551	1e-23	0.0011295999865978956
552	1e-23	0.00186669995309785
553	1e-23	0.0017013000324368477
554	1e-23	0.0012341999681666493
555	1e-23	0.0011712000123225152
556	1e-23	0.0011412000167183578
557	1e-23	0.0011149999918416142
558	1e-23	0.0014293999993242323
559	1e-23	0.0011239000014029443
560	1e-23	0.0010225000442005694
561	1e-23	0.0012323999544605613
562	1e-23	0.0013271999778226018
563	1e-23	0.001159599982202053
564	1e-23	0.0013244999572634697
565	1e-23	0.001340600021649152
566	1e-23	0.0012222999939695
567	1e-23	0.0011258000158704817
568	1e-23	0.0014233000110834837
569	1e-23	0.0013128999853506684
570	1e-23	0.0011487000156193972
571	1e-23	0.0012271000305190682
572	1e-23	0.0012335999635979533
573	1e-23	0.001158099970780313
574	1e-23	0.0013939000200480223
575	1e-23	0.0014727000379934907
576	1e-23	0.0012627000105567276
577	1e-23	0.0018563999910838902
578	1e-23	0.0011694999993778765
579	1e-23	0.0011002999963238835
580	1e-23	0.0012800999684259295
581	1e-23	0.0013018000172451138
582	1e-23	0.001208100002259016
583	1e-23	0.0014496000367216766
584	1e-23	0.0013797999708913267
585	1e-23	0.0011544000008143485
586	1e-23	0.0011609000503085554
587	1e-23	0.0015032000374048948
588	1e-23	0.0011535999947227538
589	1e-23	0.0011502999695949256
590	1e-23	0.0013239000109024346
591	1e-23	0.0010600999812595546
592	1e-23	0.0010517999762669206
593	1e-23	0.0018171000410802662
594	1e-23	0.0012803999707102776
595	1e-23	0.0012041000300087035
596	1e-23	0.0014185999752953649
597	1e-23	0.001216100004967302
598	1e-23	0.0012354999780654907
599	1e-23	0.002231899998150766
600	1e-23	0.0012259999639354646
601	1e-23	0.0012595999869517982
602	1e-23	0.001242100028321147
603	1e-23	0.0011346000246703625
604	1e-23	0.0011246000067330897
605	1e-23	0.001324300013948232
606	1e-23	0.0010440999758429825
607	1e-23	0.0010871999547816813
608	1e-23	0.0014654999831691384
609	1e-23	0.0012969999806955457
610	1e-23	0.001576300011947751
611	1e-23	0.0013207000447437167
612	1e-23	0.001243299979250878
613	1e-23	0.0011258999584242702
614	1e-23	0.0013343999744392931
615	1e-23	0.0011770999990403652
616	1e-23	0.001274599984753877
617	1e-23	0.0012871999642811716
618	1e-23	0.0013744999887421727
619	1e-23	0.0010980999795719981
620	1e-23	0.0011091000051237643
621	1e-23	0.0013983999961055815
622	1e-23	0.0012591999839060009
623	1e-23	0.0012657000334002078
624	1e-23	0.0013407000224106014
625	1e-23	0.0011551000061444938
626	1e-23	0.0010591000318527222
627	1e-23	0.0013939000200480223
628	1e-23	0.0013795000268146396
629	1e-23	0.001416300015989691
630	1e-23	0.0015330000314861536
631	1e-23	0.0013012000126764178
632	1e-23	0.0013902999926358461
633	1e-23	0.0016845999634824693
634	1e-23	0.0012802000273950398
635	1e-23	0.0012397999526001513
636	1e-23	0.001380200032144785
637	1e-23	0.001250099972821772
638	1e-23	0.001221999991685152
639	1e-23	0.0015830000047571957
640	1e-23	0.0012342000263743103
641	1e-23	0.001067299977876246
642	1e-23	0.0014460000093095005
643	1e-23	0.001227899978403002
644	1e-23	0.0012607999960891902
645	1e-23	0.0016802999889478087
646	1e-23	0.0013323999592103064
647	1e-23	0.0011867000139318407
648	1e-23	0.0013312000082805753
649	1e-23	0.0013828999944962561
650	1e-23	0.0011570000206120312
651	1e-23	0.0017777999746613204
652	1e-23	0.001207199995405972
653	1e-23	0.0012580999755300581
654	1e-23	0.0013560000224970281
655	1e-23	0.001274299982469529
656	1e-23	0.0012319000088609755
657	1e-23	0.0012388000031933188
658	1e-23	0.0013495000312104821
659	1e-23	0.0011824999819509685
660	1e-23	0.0013697999529540539
661	1e-23	0.0013541000080294907
662	1e-23	0.001177899946924299
663	1e-23	0.0012197999749332666
664	1e-23	0.001278200012166053
665	1e-23	0.0011789000127464533
666	1e-23	0.0012947999639436603
667	1e-23	0.0016967999981716275
668	1e-23	0.0014374000020325184
669	1e-23	0.002037100028246641
670	1e-23	0.0014780000201426446
671	1e-23	0.0012316000065766275
672	1e-23	0.0013785000192001462
673	1e-23	0.0011567000183276832
674	1e-23	0.0011410000151954591
675	1e-23	0.0012222999939695
676	1e-23	0.0012244000099599361
677	1e-23	0.001227600034326315
678	1e-23	0.0014525000005960464
679	1e-23	0.001325500023085624
680	1e-23	0.0011556000099517405
681	1e-23	0.001204799977131188
682	1e-23	0.0012945000198669732
683	1e-23	0.001166699978057295
684	1e-23	0.001382900052703917
685	1e-23	0.0015427999896928668
686	1e-23	0.0014147000038065016
687	1e-23	0.0012778999516740441
688	1e-23	0.0013349999790079892
689	1e-23	0.00120900000911206
690	1e-23	0.0015495999832637608
691	1e-23	0.0014288999955169857
692	1e-23	0.0013500999775715172
693	1e-23	0.0015984000056050718
694	1e-23	0.001382599992211908
695	1e-23	0.0011860000086016953
696	1e-23	0.001220199977979064
697	1e-23	0.0012793000205419958
698	1e-23	0.00135420000879094
699	1e-23	0.0011412000167183578
700	1e-23	0.001285000005736947
701	1e-23	0.0014563000295311213
702	1e-23	0.0013082000077702105
703	1e-23	0.0013980999938212335
704	1e-23	0.001173499971628189
705	1e-23	0.0012456999975256622
706	1e-23	0.0015217000036500394
707	1e-23	0.0012658999767154455
708	1e-23	0.0012038000277243555
709	1e-23	0.0014732999843545258
710	1e-23	0.0012336000218056142
711	1e-23	0.0012274000328034163
712	1e-23	0.0013581000384874642
713	1e-23	0.0013153000036254525
714	1e-23	0.0011607999913394451
715	1e-23	0.0012642000219784677
716	1e-23	0.0013067999971099198
717	1e-23	0.0012126999790780246
718	1e-23	0.0013823999906890094
719	1e-23	0.0012785999570041895
720	1e-23	0.0012492999667301774
721	1e-23	0.0012990999966859818
722	1e-23	0.0012430999777279794
723	1e-23	0.0011824999819509685
724	1e-23	0.001485799963120371
725	1e-23	0.00153189996490255
726	1e-23	0.0012466000043787062
727	1e-23	0.0013014000141993165
728	1e-23	0.0014794999733567238
729	1e-23	0.0011455999920144677
730	1e-23	0.0011833999888040125
731	1e-23	0.0014312999555841088
732	1e-23	0.0012439999845810235
733	1e-23	0.001325200020801276
734	1e-23	0.0013453999999910593
735	1e-23	0.0011559000122360885
736	1e-23	0.0013929999549873173
737	1e-23	0.0013537000049836934
738	1e-23	0.0012610999983735383
739	1e-23	0.001222899998538196
740	1e-23	0.001414800004567951
741	1e-23	0.0012681999942287803
742	1e-23	0.0011952999630011618
743	1e-23	0.0012055999832227826
744	1e-23	0.0012584999785758555
745	1e-23	0.0010926999966613948
746	1e-23	0.0011531999916769564
747	1e-23	0.0013093000161461532
748	1e-23	0.0011662999750114977
749	1e-23	0.0012857000110670924
750	1e-23	0.0014958000392653048
751	1e-23	0.001246799947693944
752	1e-23	0.0011606999905779958
753	1e-23	0.001193600008264184
754	1e-23	0.0011368999839760363
755	1e-23	0.0011001999955624342
756	1e-23	0.001303899975027889
757	1e-23	0.0012560999603010714
758	1e-23	0.001228499982971698
759	1e-23	0.0011571000213734806
760	1e-23	0.0014943000278435647
761	1e-23	0.0013339000288397074
762	1e-23	0.001255400013178587
763	1e-23	0.0013214999926276505
764	1e-23	0.0012648999691009521
765	1e-23	0.0011896000360138714
766	1e-23	0.0016043000505305827
767	1e-23	0.0012212999863550067
768	1e-23	0.001728900009766221
769	1e-23	0.0013445999938994646
770	1e-23	0.001247699954546988
771	1e-23	0.0014121000422164798
772	1e-23	0.00149789999704808
773	1e-23	0.0012796000228263438
774	1e-23	0.0012362999841570854
775	1e-23	0.0013147999998182058
776	1e-23	0.0012323000119067729
777	1e-23	0.0017973000067286193
778	1e-23	0.0013711000210605562
779	1e-23	0.0011659999727271497
780	1e-23	0.0011426000273786485
781	1e-23	0.0012652999721467495
782	1e-23	0.0012200000346638262
783	1e-23	0.0013431999832391739
784	1e-23	0.001520699996035546
785	1e-23	0.0013503999798558652
786	1e-23	0.001131800003349781
787	1e-23	0.0012215999886393547
788	1e-23	0.001630700018722564
789	1e-23	0.0013592999894171953
790	1e-23	0.0014732999843545258
791	1e-23	0.0012235999456606805
792	1e-23	0.0012173000141046941
793	1e-23	0.0014817999908700585
794	1e-23	0.0012097000144422054
795	1e-23	0.0013805999769829214
796	1e-23	0.0014054999919608235
797	1e-23	0.0012650000280700624
798	1e-23	0.0013567000278271735
799	1e-23	0.0013484000228345394
800	1e-23	0.0012327000149525702
801	1e-23	0.0011593999806791544
802	1e-23	0.0012562000192701817
803	1e-23	0.0012438999838195741
804	1e-23	0.0011256999569013715
805	1e-23	0.0015279999934136868
806	1e-23	0.001433999976143241
807	1e-23	0.0012687999987974763
808	1e-23	0.0014326999662443995
809	1e-23	0.00132020004093647
810	1e-23	0.0011706000077538192
811	1e-23	0.0012869000202044845
812	1e-23	0.0013814999838359654
813	1e-23	0.0011881000245921314
814	1e-23	0.0012310000020079315
815	1e-23	0.0013409000239335
816	1e-23	0.0012036999687552452
817	1e-23	0.0012173000141046941
818	1e-23	0.0014114999794401228
819	1e-23	0.001263700018171221
820	1e-23	0.00118090002797544
821	1e-23	0.00137339998036623
822	1e-23	0.001108399999793619
823	1e-23	0.0011095000081695616
824	1e-23	0.0015289000002667308
825	1e-23	0.0011871999595314264
826	1e-23	0.0011704000062309206
827	1e-23	0.0014540000120177865
828	1e-23	0.0012347999727353454
829	1e-23	0.0011760000488720834
830	1e-23	0.0013904999941587448
831	1e-23	0.001492300012614578
832	1e-23	0.0011978999827988446
833	1e-23	0.0012966000358574092
834	1e-23	0.0014323000214062631
835	1e-23	0.0012332000187598169
836	1e-23	0.0014079000102356076
837	1e-23	0.001485499960836023
838	1e-23	0.0012446999899111688
839	1e-23	0.0013186000287532806
840	1e-23	0.0013888999819755554
841	1e-23	0.0015579999890178442
842	1e-23	0.0016635000356473029
843	1e-23	0.0013086000108160079
844	1e-23	0.0014720999752171338
845	1e-23	0.0014125999878160655
846	1e-23	0.001284700003452599
847	1e-23	0.0012363999849185348
848	1e-23	0.0013424999779090285
849	1e-23	0.0012903999886475503
850	1e-23	0.0011546000023372471
851	1e-23	0.0014108999748714268
852	1e-23	0.0013364999904297292
853	1e-23	0.0011768999975174665
854	1e-23	0.0016666000010445714
855	1e-23	0.0013207999872975051
856	1e-23	0.0015488999779336154
857	1e-23	0.001593999972101301
858	1e-23	0.0013688000035472214
859	1e-23	0.0013604999985545874
860	1e-23	0.001359499990940094
861	1e-23	0.0011844999971799552
862	1e-23	0.0012519999872893095
863	1e-23	0.0016805999912321568
864	1e-23	0.0013808999792672694
865	1e-23	0.0013135999906808138
866	1e-23	0.0013716000248678029
867	1e-23	0.0012208999833092093
868	1e-23	0.0011680999887175858
869	1e-23	0.0013518999912776053
870	1e-23	0.0013278999831527472
871	1e-23	0.0014033999759703875
872	1e-23	0.0013460000045597553
873	1e-23	0.0012526999926194549
874	1e-23	0.0014233999536372721
875	1e-23	0.0014586999895982444
876	1e-23	0.0012796000228263438
877	1e-23	0.0013370999949984252
878	1e-23	0.0013022999628446996
879	1e-23	0.0011975999805144966
880	1e-23	0.001242699974682182
881	1e-23	0.0013294999953359365
882	1e-23	0.0012821999844163656
883	1e-23	0.0011610999936237931
884	1e-23	0.0013686000020243227
885	1e-23	0.0016624999698251486
886	1e-23	0.0013303000014275312
887	1e-23	0.0014140999992378056
888	1e-23	0.0012549000093713403
889	1e-23	0.0013151000021025538
890	1e-23	0.0013633000198751688
891	1e-23	0.0012358000385574996
892	1e-23	0.0012832999927923083
893	1e-23	0.0013574999757111073
894	1e-23	0.0012676000478677452
895	1e-23	0.0012944999616593122
896	1e-23	0.0015333000337705016
897	1e-23	0.001298899995163083
898	1e-23	0.0012515000416897237
899	1e-23	0.0013692000065930188
900	1e-23	0.0012780999531969428
901	1e-23	0.0012677000486291945
902	1e-23	0.0014859000220894814
903	1e-23	0.0012812999775633216
904	1e-23	0.001172900025267154
905	1e-23	0.0013581999810412526
906	1e-23	0.001354500011075288
907	1e-23	0.0012861999566666782
908	1e-23	0.00119270000141114
909	1e-23	0.0012996000004932284
910	1e-23	0.0011949999607168138
911	1e-23	0.001298899995163083
912	1e-23	0.0013522999943234026
913	1e-23	0.0011717999586835504
914	1e-23	0.0012177000171504915
915	1e-23	0.001349999976810068
916	1e-23	0.0011639000149443746
917	1e-23	0.0011440000380389392
918	1e-23	0.0021450999774970114
919	1e-23	0.0014059999957680702
920	1e-23	0.0013262000284157693
921	1e-23	0.0013006000081077218
922	1e-23	0.0012172000133432448
923	1e-23	0.001249500026460737
924	1e-23	0.001276399998459965
925	1e-23	0.0012128999806009233
926	1e-23	0.0012525999918580055
927	1e-23	0.0012920000008307397
928	1e-23	0.0012365999864414334
929	1e-23	0.001277000003028661
930	1e-23	0.0015782999689690769
931	1e-23	0.0012919000000692904
932	1e-23	0.001248000015038997
933	1e-23	0.0014768000110052526
934	1e-23	0.001323700009379536
935	1e-23	0.001240300014615059
936	1e-23	0.0014355999883264303
937	1e-23	0.0012185999657958746
938	1e-23	0.0012157000019215047
939	1e-23	0.0014873999753035605
940	1e-23	0.0013442999916151166
941	1e-23	0.0013478999608196318
942	1e-23	0.0013614000054076314
943	1e-23	0.0012799000251106918
944	1e-23	0.001373999984934926
945	1e-23	0.0014201999874785542
946	1e-23	0.0012118000304326415
947	1e-23	0.0011610999936237931
948	1e-23	0.001319900038652122
949	1e-23	0.0013623000122606754
950	1e-23	0.0011867000139318407
951	1e-23	0.001568300009239465
952	1e-23	0.0019399000448174775
953	1e-23	0.0021964999614283442
954	1e-23	0.0012070000520907342
955	1e-23	0.0012373999925330281
956	1e-23	0.0015078000142239034
957	1e-23	0.0013822000473737717
958	1e-23	0.0012313000042922795
959	1e-23	0.0015159999602474272
960	1e-23	0.0012431000359356403
961	1e-23	0.0012591999839060009
962	1e-23	0.0016137000056914985
963	1e-23	0.0013404999626800418
964	1e-23	0.001180000021122396
965	1e-23	0.0013866000226698816
966	1e-23	0.001157199963927269
967	1e-23	0.0011908000451512635
968	1e-23	0.0013496999745257199
969	1e-23	0.0013280999846756458
970	1e-23	0.0011651000240817666
971	1e-23	0.0016193999908864498
972	1e-23	0.0013024999643675983
973	1e-23	0.0012482000165618956
974	1e-23	0.001888300001155585
975	1e-23	0.0013948999694548547
976	1e-23	0.0013500999775715172
977	1e-23	0.0016702000284567475
978	1e-23	0.0013306000037118793
979	1e-23	0.0014336000313051045
980	1e-23	0.0015255999751389027
981	1e-23	0.0016092999721877277
982	1e-23	0.0013297999976202846
983	1e-23	0.0012997000012546778
984	1e-23	0.0013659000396728516
985	1e-23	0.0014765000087209046
986	1e-23	0.0014352999860420823
987	1e-23	0.0012049999786540866
988	1e-23	0.0012700000079348683
989	1e-23	0.0012692000018432736
990	1e-23	0.001151900039985776
991	1e-23	0.0011677000438794494
992	1e-23	0.0012097000144422054
993	1e-23	0.001233800023328513
994	1e-23	0.0012815999798476696
995	1e-23	0.0012848000042140484
996	1e-23	0.0012438999838195741
997	1e-23	0.001196000026538968
998	1e-23	0.0014106999733485281
999	1e-23	0.0013107999693602324
1000	1e-23	0.0011651000240817666
1001	1e-23	0.0012786000152118504
1002	1e-23	0.0013001000043004751
1003	1e-23	0.0012021000147797167
1004	1e-23	0.0012059000437147915
1005	1e-23	0.001375799998641014
1006	1e-23	0.0011804000241681933
1007	1e-23	0.0019008999806828797
1008	1e-23	0.001292400003876537
1009	1e-23	0.0011275000288151205
1010	1e-23	0.0012562000192701817
1011	1e-23	0.0012899000430479646
1012	1e-23	0.001117900013923645
1013	1e-23	0.0010680999839678407
1014	1e-23	0.0012256000190973282
1015	1e-23	0.0010729000205174088
1016	1e-23	0.0011454999912530184
1017	1e-23	0.001193900010548532
1018	1e-23	0.0011399000068195164
1019	1e-23	0.0010514000314287841
1020	1e-23	0.0012024999596178532
1021	1e-23	0.001287299965042621
1022	1e-23	0.0011474999482743442
1023	1e-23	0.0010936000035144389
1024	1e-23	0.0013566000270657241
1025	1e-23	0.0010881000198423862
1026	1e-23	0.0010771999950520694
1027	1e-23	0.0011296000448055565
1028	1e-23	0.0012079999432899058
1029	1e-23	0.0010255000088363886
1030	1e-23	0.0010258000111207366
1031	1e-23	0.0011629000073298812
1032	1e-23	0.0012064000475220382
1033	1e-23	0.0012294999905861914
1034	1e-23	0.0013034999719820917
1035	1e-23	0.001442599983420223
1036	1e-23	0.0013078000047244132
1037	1e-23	0.0015286999987438321
1038	1e-23	0.0013572999741882086
1039	1e-23	0.0011463999981060624
1040	1e-23	0.0015398000250570476
1041	1e-23	0.0013776000123471022
1042	1e-23	0.0011427999706938863
1043	1e-23	0.0014138000551611185
1044	1e-23	0.0014008000143803656
1045	1e-23	0.0013122999807819724
1046	1e-23	0.0012419999693520367
1047	1e-23	0.0013782000169157982
1048	1e-23	0.0011698000016622245
1049	1e-23	0.0011810999712906778
1050	1e-23	0.0013557999627664685
1051	1e-23	0.0013139999937266111
1052	1e-23	0.0012141999904997647
1053	1e-23	0.0012461000005714595
1054	1e-23	0.0011574000236578286
1055	1e-23	0.0010916999890469015
1056	1e-23	0.0014103999710641801
1057	1e-23	0.001340000017080456
1058	1e-23	0.0011517999810166657
1059	1e-23	0.0012451999937184155
1060	1e-23	0.0014844000106677413
1061	1e-23	0.001143899979069829
1062	1e-23	0.001132700010202825
1063	1e-23	0.0013140999944880605
1064	1e-23	0.0012886000331491232
1065	1e-23	0.0011885999701917171
1066	1e-23	0.0013152000028640032
1067	1e-23	0.0011872000177390873
1068	1e-23	0.0013077000039629638
1069	1e-23	0.0014442000538110733
1070	1e-23	0.0011681000469252467
1071	1e-23	0.0011229000519961119
1072	1e-23	0.0012522999895736575
1073	1e-23	0.001228799985256046
1074	1e-23	0.0011341000208631158
1075	1e-23	0.0012738999794237316
1076	1e-23	0.0012106000212952495
1077	1e-23	0.0011397000052966177
1078	1e-23	0.001062600000295788
1079	1e-23	0.0014637999702244997
1080	1e-23	0.0013323999592103064
1081	1e-23	0.0011526999878697097
1082	1e-23	0.0014158999547362328
1083	1e-23	0.0011706000077538192
1084	1e-23	0.0010759999859146774
1085	1e-23	0.001305399986449629
1086	1e-23	0.0012449999921955168
1087	1e-23	0.0011362999794073403
1088	1e-23	0.0011434999760240316
1089	1e-23	0.0012769000022672117
1090	1e-23	0.0010586000280454755
1091	1e-23	0.0011059999815188348
1092	1e-23	0.0014791999710723758
1093	1e-23	0.0013741999864578247
1094	1e-23	0.0012186000240035355
1095	1e-23	0.0014356999890878797
1096	1e-23	0.0012104999623261392
1097	1e-23	0.0011243000044487417
1098	1e-23	0.001859000010881573
1099	1e-23	0.0012220999924466014
1100	1e-23	0.0014251000247895718
1101	1e-23	0.0011932000052183867
1102	1e-23	0.0011905999854207039
1103	1e-23	0.0010482000070624053
1104	1e-23	0.0012607000535354018
1105	1e-23	0.0013981999945826828
1106	1e-23	0.001247400010470301
1107	1e-23	0.0012879000278189778
1108	1e-23	0.001277000003028661
1109	1e-23	0.0012035000254400074
1110	1e-23	0.0011876999633386731
1111	1e-23	0.0015359999961219728
1112	1e-23	0.0011839000508189201
1113	1e-23	0.0011481000110507011
1114	1e-23	0.0014131999923847616
1115	1e-23	0.0011770999990403652
1116	1e-23	0.001171400013845414
1117	1e-23	0.001742799999192357
1118	1e-23	0.0013085000100545585
1119	1e-23	0.0012050000368617475
1120	1e-23	0.00136900000507012
1121	1e-23	0.0011836000485345721
1122	1e-23	0.0011529999901540577
1123	1e-23	0.0012132999836467206
1124	1e-23	0.001227000029757619
1125	1e-23	0.001247100008185953
1126	1e-23	0.0012731000315397978
1127	1e-23	0.0013958000345155597
1128	1e-23	0.0012841999996453524
1129	1e-23	0.0012034000246785581
1130	1e-23	0.0012989999959245324
1131	1e-23	0.0011227000504732132
1132	1e-23	0.001063200004864484
1133	1e-23	0.001262800011318177
1134	1e-23	0.0011748999822884798
1135	1e-23	0.0010418000165373087
1136	1e-23	0.001155399950221181
1137	1e-23	0.0013365999911911786
1138	1e-23	0.0011363999801687896
1139	1e-23	0.0011334999580867589
1140	1e-23	0.0013663999852724373
1141	1e-23	0.0012668999843299389
1142	1e-23	0.0012143999920226634
1143	1e-23	0.0012140999897383153
1144	1e-23	0.0011656000278890133
1145	1e-23	0.0011054000351577997
1146	1e-23	0.0010572000173851848
1147	1e-23	0.0011470000026747584
1148	1e-23	0.0010461000492796302
1149	1e-23	0.0010383999906480312
1150	1e-23	0.0012356999795883894
1151	1e-23	0.00118830002611503
1152	1e-23	0.0011059000389650464
1153	1e-23	0.001015300047583878
1154	1e-23	0.0015422999858856201
1155	1e-23	0.001291499997023493
1156	1e-23	0.0011778000043705106
1157	1e-23	0.0012830000487156212
1158	1e-23	0.0012928000069223344
1159	1e-23	0.0010869999532587826
1160	1e-23	0.0011752999853342772
1161	1e-23	0.0012822000426240265
1162	1e-23	0.0011343999649398029
1163	1e-23	0.0012648999691009521
1164	1e-23	0.0012727000284940004
1165	1e-23	0.0011292999843135476
1166	1e-23	0.0011232000542804599
1167	1e-23	0.0022333000088110566
1168	1e-23	0.0013432999840006232
1169	1e-23	0.0012132000410929322
1170	1e-23	0.0011808999697677791
1171	1e-23	0.001051599974744022
1172	1e-23	0.0010914999875240028
1173	1e-23	0.0015141000039875507
1174	1e-23	0.0012480999575927854
1175	1e-23	0.0012006000033579767
1176	1e-23	0.0013411000254563987
1177	1e-23	0.0011430000304244459
1178	1e-23	0.001568000006955117
1179	1e-23	0.001665599993430078
1180	1e-23	0.0011579999700188637
1181	1e-23	0.0011001999955624342
1182	1e-23	0.0014058999950066209
1183	1e-23	0.0012236000038683414
1184	1e-23	0.0010795999551191926
1185	1e-23	0.001212799979839474
1186	1e-23	0.0011492000194266438
1187	1e-23	0.0010947000118903816
1188	1e-23	0.0010084999958053231
1189	1e-23	0.0016512000001966953
1190	1e-23	0.001424000016413629
1191	1e-23	0.0012529999949038029
1192	1e-23	0.0013378000003285706
1193	1e-23	0.001096600026357919
1194	1e-23	0.0010376999853178859
1195	1e-23	0.0013190999743528664
1196	1e-23	0.0011682999902404845
1197	1e-23	0.001056700013577938
1198	1e-23	0.001147200004197657
1199	1e-23	0.0012755999923683703
1200	1e-23	0.0011941000120714307
1201	1e-23	0.001080599962733686
1202	1e-23	0.0022330000065267086
1203	1e-23	0.0013567000278271735
1204	1e-23	0.0014338999753817916
1205	1e-23	0.0013648999738506973
1206	1e-23	0.0011122000287286937
1207	1e-23	0.0011380999931134284
1208	1e-23	0.0015505999908782542
1209	1e-23	0.001251300040166825
1210	1e-23	0.0011507999734021723
1211	1e-23	0.0012408000184223056
1212	1e-23	0.001070900005288422
1213	1e-23	0.0011082999990321696
1214	1e-23	0.0018700999789871275
1215	1e-23	0.0013760000001639128
1216	1e-23	0.0011696000001393259
1217	1e-23	0.0013691000058315694
1218	1e-23	0.0011405000113882124
1219	1e-23	0.001102200010791421
1220	1e-23	0.0011595000396482646
1221	1e-23	0.0011592000373639166
1222	1e-23	0.0011128000332973897
1223	1e-23	0.0011827999842353165
1224	1e-23	0.0012265000259503722
1225	1e-23	0.0011217000428587198
1226	1e-23	0.001457699981983751
1227	1e-23	0.0012109000235795975
1228	1e-23	0.0011320000048726797
1229	1e-23	0.0011280999751761556
1230	1e-23	0.001108700002077967
1231	1e-23	0.0014491999754682183
1232	1e-23	0.0012327000149525702
1233	1e-23	0.0011886999709531665
1234	1e-23	0.001292700006160885
1235	1e-23	0.001290000043809414
1236	1e-23	0.0012125000357627869
1237	1e-23	0.0013457000022754073
1238	1e-23	0.0016281999996863306
1239	1e-23	0.001636000000871718
1240	1e-23	0.0019037000020034611
1241	1e-23	0.0011819999781437218
1242	1e-23	0.001480500039178878
1243	1e-23	0.0012398999533616006
1244	1e-23	0.0011713000130839646
1245	1e-23	0.0011860999511554837
1246	1e-23	0.001159899984486401
1247	1e-23	0.0010650000185705721
1248	1e-23	0.001003999961540103
1249	1e-23	0.001275199989322573
1250	1e-23	0.001423100009560585
1251	1e-23	0.0011229999945499003
1252	1e-23	0.0011631999514065683
1253	1e-23	0.0012456999975256622
1254	1e-23	0.001158099970780313
1255	1e-23	0.0012512999819591641
1256	1e-23	0.0012544000055640936
1257	1e-23	0.0011310999980196357
1258	1e-23	0.0011875000200234354
1259	1e-23	0.001489899994339794
1260	1e-23	0.0012493000249378383
1261	1e-23	0.0011605999898165464
1262	1e-23	0.0018949999939650297
1263	1e-23	0.001290899992454797
1264	1e-23	0.001276100054383278
1265	1e-23	0.0013815999845974147
1266	1e-23	0.001226700027473271
1267	1e-23	0.0011655999696813524
1268	1e-23	0.0014828999992460012
1269	1e-23	0.0011635000118985772
1270	1e-23	0.0011272000265307724
1271	1e-23	0.0013283999869599938
1272	1e-23	0.0012381999986246228
1273	1e-23	0.0013409000239335
1274	1e-23	0.001433099969290197
1275	1e-23	0.0012434000382199883
1276	1e-23	0.0010859000030905008
1277	1e-23	0.0015054999967105687
1278	1e-23	0.0012729999725706875
1279	1e-23	0.001191499992273748
1280	1e-23	0.0011973000364378095
1281	1e-23	0.0011891999747604132
1282	1e-23	0.0011491000186651945
1283	1e-23	0.001104000024497509
1284	1e-23	0.0015195999876596034
1285	1e-23	0.0013636999647133052
1286	1e-23	0.0013376999995671213
1287	1e-23	0.0016462000203318894
1288	1e-23	0.001233800023328513
1289	1e-23	0.0011415000190027058
1290	1e-23	0.0012459999998100102
1291	1e-23	0.0012778000091202557
1292	1e-23	0.0012014000094495714
1293	1e-23	0.0011207000352442265
1294	1e-23	0.0011838999926112592
1295	1e-23	0.0011424999684095383
1296	1e-23	0.0011934000067412853
1297	1e-23	0.0014393000165000558
1298	1e-23	0.0011777000036090612
1299	1e-23	0.001061699993442744
1300	1e-23	0.0013983999961055815
1301	1e-23	0.0012054999824613333
1302	1e-23	0.001103400019928813
1303	1e-23	0.0012617999454960227
1304	1e-23	0.001262200006749481
1305	1e-23	0.0012687999987974763
1306	1e-23	0.001457399979699403
1307	1e-23	0.0012376999948173761
1308	1e-23	0.0010541999945417047
1309	1e-23	0.0013012000126764178
1310	1e-23	0.001347100012935698
1311	1e-23	0.0012123000342398882
1312	1e-23	0.0010297000408172607
1313	1e-23	0.001487300032749772
1314	1e-23	0.0012052000383846462
1315	1e-23	0.0010835000430233777
1316	1e-23	0.001218099961988628
1317	1e-23	0.0012803000281564891
1318	1e-23	0.0013004000065848231
1319	1e-23	0.0015515999984927475
1320	1e-23	0.0014535000082105398
1321	1e-23	0.0012897999840788543
1322	1e-23	0.00178390002110973
1323	1e-23	0.001201000006403774
1324	1e-23	0.0011765999952331185
1325	1e-23	0.0013001000043004751
1326	1e-23	0.0013804000336676836
1327	1e-23	0.0010847999947145581
1328	1e-23	0.001167600043118
1329	1e-23	0.0013420000323094428
1330	1e-23	0.0012029999634250998
1331	1e-23	0.0013927000109106302
1332	1e-23	0.0013902999926358461
1333	1e-23	0.0012289999867789447
1334	1e-23	0.0011690000537782907
1335	1e-23	0.001316900015808642
1336	1e-23	0.001039499999023974
1337	1e-23	0.0010725000174716115
1338	1e-23	0.001621800009161234
1339	1e-23	0.0012582999770529568
1340	1e-23	0.0012523999903351068
1341	1e-23	0.0015583999920636415
1342	1e-23	0.0011411000159569085
1343	1e-23	0.0010903000365942717
1344	1e-23	0.0015657000476494431
1345	1e-23	0.0012889999779872596
1346	1e-23	0.0013122999807819724
1347	1e-23	0.001348000019788742
1348	1e-23	0.0012055000406689942
1349	1e-23	0.0011440999805927277
1350	1e-23	0.0012242000084370375
1351	1e-23	0.0012466000043787062
1352	1e-23	0.0011289000394754112
1353	1e-23	0.001104300026781857
1354	1e-23	0.001348600024357438
1355	1e-23	0.0011314000003039837
1356	1e-23	0.0018415999948047101
1357	1e-23	0.001299499999731779
1358	1e-23	0.001132400007918477
1359	1e-23	0.001073799969162792
1360	1e-23	0.001595199981238693
1361	1e-23	0.0011690999963320792
1362	1e-23	0.0011004999978467822
1363	1e-23	0.001335600041784346
1364	1e-23	0.0012987999944016337
1365	1e-23	0.0012206999817863107
1366	1e-23	0.0012849000049754977
1367	1e-23	0.0013713000225834548
1368	1e-23	0.0013466000091284513
1369	1e-23	0.0012719999649561942
1370	1e-23	0.0013747999910265207
1371	1e-23	0.0011637000134214759
1372	1e-23	0.0011526999878697097
1373	1e-23	0.0011990000493824482
1374	1e-23	0.0011125999735668302
1375	1e-23	0.0012423000298440456
1376	1e-23	0.0015158000169321895
1377	1e-23	0.0012332000187598169
1378	1e-23	0.0011285000364296138
1379	1e-23	0.0013708000187762082
1380	1e-23	0.0013020000187680125
1381	1e-23	0.0012404000153765082
1382	1e-23	0.00199570000404492
1383	1e-23	0.0011902999831363559
1384	1e-23	0.0010776999988593161
1385	1e-23	0.0013167999568395317
1386	1e-23	0.0012079000007361174
1387	1e-23	0.001047800004016608
1388	1e-23	0.001172900025267154
1389	1e-23	0.0012700000079348683
1390	1e-23	0.0011269000242464244
1391	1e-23	0.0010869000107049942
1392	1e-23	0.0015753000043332577
1393	1e-23	0.0013692000065930188
1394	1e-23	0.0011425999691709876
1395	1e-23	0.001354500011075288
1396	1e-23	0.0013130000443197787
1397	1e-23	0.0011901000398211181
1398	1e-23	0.001325799967162311
1399	1e-23	0.0010961999651044607
1400	1e-23	0.001075299980584532
1401	1e-23	0.0011344999657012522
1402	1e-23	0.0012241000076755881
1403	1e-23	0.0013016000157222152
1404	1e-23	0.0011346000246703625
1405	1e-23	0.0012741999817080796
1406	1e-23	0.0012329000164754689
1407	1e-23	0.001165499968919903
1408	1e-23	0.001167299982625991
1409	1e-23	0.0012318000080995262
1410	1e-23	0.0010483000078238547
1411	1e-23	0.0011847999994643033
1412	1e-23	0.001289399981033057
1413	1e-23	0.0011809999705292284
1414	1e-23	0.0011568000190891325
1415	1e-23	0.001347700017504394
1416	1e-23	0.0013343000318855047
1417	1e-23	0.0012442999868653715
1418	1e-23	0.0012785999570041895
1419	1e-23	0.0012048000353388488
1420	1e-23	0.0010710000060498714
1421	1e-23	0.0011047000298276544
1422	1e-23	0.0012400000123307109
1423	1e-23	0.001134999969508499
1424	1e-23	0.0011443000403232872
1425	1e-23	0.0015086999628692865
1426	1e-23	0.001273999980185181
1427	1e-23	0.001393799961078912
1428	1e-23	0.0014887999859638512
1429	1e-23	0.0012684999965131283
1430	1e-23	0.0011211999808438122
1431	1e-23	0.0013775000115856528
1432	1e-23	0.001297099981456995
1433	1e-23	0.0011831999872811139
1434	1e-23	0.0011852000025101006
1435	1e-23	0.0012423000298440456
1436	1e-23	0.0010953000164590776
1437	1e-23	0.0011612999951466918
1438	1e-23	0.0012800000258721411
1439	1e-23	0.001531599962618202
1440	1e-23	0.00163720001000911
1441	1e-23	0.0014569999766536057
1442	1e-23	0.0012199999764561653
1443	1e-23	0.0012586000375449657
1444	1e-23	0.0012538000009953976
1445	1e-23	0.0012302999966777861
1446	1e-23	0.0013287999900057912
1447	1e-23	0.0013162000104784966
1448	1e-23	0.0011291999835520983
1449	1e-23	0.001026500016450882
1450	1e-23	0.0016992000164464116
1451	1e-23	0.0012817999813705683
1452	1e-23	0.001180000021122396
1453	1e-23	0.0013507000403478742
1454	1e-23	0.0012438999838195741
1455	1e-23	0.0011276999721303582
1456	1e-23	0.0015801999834366143
1457	1e-23	0.001297699986025691
1458	1e-23	0.0011560000129975379
1459	1e-23	0.0015682000084780157
1460	1e-23	0.0011863000108860433
1461	1e-23	0.0012735000345855951
1462	1e-23	0.0018357999506406486
1463	1e-23	0.0011852000025101006
1464	1e-23	0.0011137000401504338
1465	1e-23	0.001532800029963255
1466	1e-23	0.001202200015541166
1467	1e-23	0.0010556000052019954
1468	1e-23	0.0012596000451594591
1469	1e-23	0.001361300004646182
1470	1e-23	0.0011547000030986965
1471	1e-23	0.0012822000426240265
1472	1e-23	0.0012737999786622822
1473	1e-23	0.0013176000211387873
1474	1e-23	0.0011479000095278025
1475	1e-23	0.0013155999477021396
1476	1e-23	0.001214000047184527
1477	1e-23	0.0011115000233985484
1478	1e-23	0.001353300001937896
1479	1e-23	0.0012506999773904681
1480	1e-23	0.0011995999957434833
1481	1e-23	0.001393500017002225
1482	1e-23	0.0012171000125817955
1483	1e-23	0.0011617999989539385
1484	1e-23	0.0016343999886885285
1485	1e-23	0.0016055000014603138
1486	1e-23	0.0013475000159814954
1487	1e-23	0.0014325000229291618
1488	1e-23	0.0013478000182658434
1489	1e-23	0.001244800048880279
1490	1e-23	0.0014236000133678317
1491	1e-23	0.001346200006082654
1492	1e-23	0.0012509999796748161
1493	1e-23	0.0011761999921873212
1494	1e-23	0.0013921999488957226
1495	1e-23	0.001268099993467331
1496	1e-23	0.0013164000120013952
1497	1e-23	0.0011967000318691134
1498	1e-23	0.0010417000157758594
1499	1e-23	0.0016367000062018633
1500	1e-23	0.0013608000008389354
1501	1e-23	0.0012194000300951302
1502	1e-23	0.0014619000139646232
1503	1e-23	0.0013061999925412238
1504	1e-23	0.0012314000050537288
1505	1e-23	0.001435199985280633
1506	1e-23	0.0012944999616593122
1507	1e-23	0.001341800030786544
1508	1e-23	0.0012942000175826252
1509	1e-23	0.0012661999789997935
1510	1e-23	0.0011409000144340098
1511	1e-23	0.0012704000109806657
1512	1e-23	0.001312499982304871
1513	1e-23	0.001206299988552928
1514	1e-23	0.001073199964594096
1515	1e-23	0.00152749998960644
1516	1e-23	0.0011264000204391778
1517	1e-23	0.001102800015360117
1518	1e-23	0.0012294999905861914
1519	1e-23	0.0015450000064447522
1520	1e-23	0.0013058000477030873
1521	1e-23	0.0017899000085890293
1522	1e-23	0.0013104999670758843
1523	1e-23	0.0011839999933727086
1524	1e-23	0.0013654999784193933
1525	1e-23	0.0011854000040329993
1526	1e-23	0.0011781000066548586
1527	1e-23	0.0014489999739453197
1528	1e-23	0.0012981999898329377
1529	1e-23	0.0011984999873675406
1530	1e-23	0.0013082000077702105
1531	1e-23	0.0014159000129438937
1532	1e-23	0.0012289999867789447
1533	1e-23	0.0011894000344909728
1534	1e-23	0.0012604999938048422
1535	1e-23	0.0012051000376231968
1536	1e-23	0.0012578999740071595
1537	1e-23	0.0012326000141911209
1538	1e-23	0.001139200001489371
1539	1e-23	0.0010621999972499907
1540	1e-23	0.0014586999895982444
1541	1e-23	0.0012439999845810235
1542	1e-23	0.0011866000131703913
1543	1e-23	0.001242399972397834
1544	1e-23	0.0013473000144585967
1545	1e-23	0.0012049999786540866
1546	1e-23	0.0011297999881207943
1547	1e-23	0.0011753999860957265
1548	1e-23	0.0011809999705292284
1549	1e-23	0.0011828999849967659
1550	1e-23	0.0013518999912776053
1551	1e-23	0.0012506000348366797
1552	1e-23	0.0012316000065766275
1553	1e-23	0.0012472000089474022
1554	1e-23	0.0012405000161379576
1555	1e-23	0.001282299985177815
1556	1e-23	0.0012796000228263438
1557	1e-23	0.0014326000236906111
1558	1e-23	0.0012794999638572335
1559	1e-23	0.0011655999696813524
1560	1e-23	0.001326400029938668
1561	1e-23	0.0012561000185087323
1562	1e-23	0.0013541000080294907
1563	1e-23	0.0013351999805308878
1564	1e-23	0.0011857000063173473
1565	1e-23	0.0018368999590165913
1566	1e-23	0.0014282999909482896
1567	1e-23	0.001250099972821772
1568	1e-23	0.001159599982202053
1569	1e-23	0.0013637999654747546
1570	1e-23	0.0012003000010736287
1571	1e-23	0.0011980999843217432
1572	1e-23	0.0011969000333920121
1573	1e-23	0.0011506000300869346
1574	1e-23	0.001117900013923645
1575	1e-23	0.0012476000119931996
1576	1e-23	0.0012496999697759748
1577	1e-23	0.0012476000119931996
1578	1e-23	0.0013496999745257199
1579	1e-23	0.0015435999957844615
1580	1e-23	0.0013019999605603516
1581	1e-23	0.0015868000336922705
1582	1e-23	0.0013196999789215624
1583	1e-23	0.0011297000455670059
1584	1e-23	0.0013295999960973859
1585	1e-23	0.0012651000288315117
1586	1e-23	0.0011679999879561365
1587	1e-23	0.0011258999584242702
1588	1e-23	0.0012675000471062958
1589	1e-23	0.0012342000263743103
1590	1e-23	0.0012990999966859818
1591	1e-23	0.0012472000089474022
1592	1e-23	0.0012932999525219202
1593	1e-23	0.0011969000333920121
1594	1e-23	0.0012957000290043652
1595	1e-23	0.0012881000293418765
1596	1e-23	0.0012302999966777861
1597	1e-23	0.001394400023855269
1598	1e-23	0.001270800014026463
1599	1e-23	0.0012780000106431544
1600	1e-23	0.0017025999841280282
1601	1e-23	0.001535199990030378
1602	1e-23	0.0013363999896682799
1603	1e-23	0.0014874000335112214
1604	1e-23	0.0012960999738425016
1605	1e-23	0.001414199999999255
1606	1e-23	0.0011995999957434833
1607	1e-23	0.001072899962309748
1608	1e-23	0.0010235999943688512
1609	1e-23	0.0012239000061526895
1610	1e-23	0.0013236000086180866
1611	1e-23	0.0013021000195294619
1612	1e-23	0.0013482000213116407
1613	1e-23	0.001400900015141815
1614	1e-23	0.001117300009354949
1615	1e-23	0.0012887000339105725
1616	1e-23	0.001298899995163083
1617	1e-23	0.0010798000148497522
1618	1e-23	0.0011770999990403652
1619	1e-23	0.001354500011075288
1620	1e-23	0.0012386000016704202
1621	1e-23	0.0010445999796502292
1622	1e-23	0.0016069000121206045
1623	1e-23	0.0013916000025346875
1624	1e-23	0.0013540000072680414
1625	1e-23	0.0014512999914586544
1626	1e-23	0.0010990999871864915
1627	1e-23	0.0010988000431098044
1628	1e-23	0.0013171000173315406
1629	1e-23	0.0011641000164672732
1630	1e-23	0.0010383999906480312
1631	1e-23	0.0011479000095278025
1632	1e-23	0.001256599964108318
1633	1e-23	0.0010908999829553068
1634	1e-23	0.0010857000015676022
1635	1e-23	0.0015888999914750457
1636	1e-23	0.0012875000247731805
1637	1e-23	0.0011122999712824821
1638	1e-23	0.0012841999996453524
1639	1e-23	0.00115720002213493
1640	1e-23	0.001040700008161366
1641	1e-23	0.0011436999775469303
1642	1e-23	0.0013785000192001462
1643	1e-23	0.0011405000113882124
1644	1e-23	0.0010668999748304486
1645	1e-23	0.001616799971088767
1646	1e-23	0.0012250999570824206
1647	1e-23	0.0011792000150308013
1648	1e-23	0.001417200022842735
1649	1e-23	0.0014475000207312405
1650	1e-23	0.0011658999719657004
1651	1e-23	0.0011631000088527799
1652	1e-23	0.0012589000398293138
1653	1e-23	0.001206599990837276
1654	1e-23	0.0012784000136889517
1655	1e-23	0.001264900027308613
1656	1e-23	0.001193300005979836
1657	1e-23	0.0012873999658040702
1658	1e-23	0.0013144999975338578
1659	1e-23	0.0011936999508179724
1660	1e-23	0.001348900026641786
1661	1e-23	0.0013740999856963754
1662	1e-23	0.0012175000156275928
1663	1e-23	0.0011387999984435737
1664	1e-23	0.0013758999994024634
1665	1e-23	0.0013200999819673598
1666	1e-23	0.0011755000450648367
1667	1e-23	0.0013791000237688422
1668	1e-23	0.001253900001756847
1669	1e-23	0.0011994000524282455
1670	1e-23	0.001177300000563264
1671	1e-23	0.0014179000281728804
1672	1e-23	0.0013125999830663204
1673	1e-23	0.0012046000338159502
1674	1e-23	0.0011783000081777573
1675	1e-23	0.0011786000104621053
1676	1e-23	0.0010445999796502292
1677	1e-23	0.0015369000029750168
1678	1e-23	0.001253900001756847
1679	1e-23	0.0011965999729000032
1680	1e-23	0.0013039999757893384
1681	1e-23	0.0011290000402368605
1682	1e-23	0.0012787999585270882
1683	1e-23	0.0012362999841570854
1684	1e-23	0.0014405999681912363
1685	1e-23	0.0013337999698705971
1686	1e-23	0.0012922000023536384
1687	1e-23	0.0012740999809466302
1688	1e-23	0.0011891000322066247
1689	1e-23	0.0014284999924711883
1690	1e-23	0.0017670999513939023
1691	1e-23	0.00145060004433617
1692	1e-23	0.001424000016413629
1693	1e-23	0.0010696000535972416
1694	1e-23	0.0010093000018969178
1695	1e-23	0.0015085999621078372
1696	1e-23	0.0018520000157877803
1697	1e-23	0.0013153000036254525
1698	1e-23	0.001364799973089248
1699	1e-23	0.0012829999905079603
1700	1e-23	0.0012832999927923083
1701	1e-23	0.001287599967326969
1702	1e-23	0.001270800014026463
1703	1e-23	0.001221699989400804
1704	1e-23	0.0012313000042922795
1705	1e-23	0.0012584999785758555
1706	1e-23	0.0012919000000692904
1707	1e-23	0.0012682999949902296
1708	1e-23	0.001287599967326969
1709	1e-23	0.0011781000066548586
1710	1e-23	0.001221999991685152
1711	1e-23	0.0013351999805308878
1712	1e-23	0.001268699998036027
1713	1e-23	0.0012226999970152974
1714	1e-23	0.0012706999550573528
1715	1e-23	0.0012982000480405986
1716	1e-23	0.0011387999984435737
1717	1e-23	0.001213699986692518
1718	1e-23	0.0011926000006496906
1719	1e-23	0.001489299989771098
1720	1e-23	0.0014428000431507826
1721	1e-23	0.0016555999754928052
1722	1e-23	0.0012470000074245036
1723	1e-23	0.001274599984753877
1724	1e-23	0.0012037000269629061
1725	1e-23	0.0011134999804198742
1726	1e-23	0.0012521999888122082
1727	1e-23	0.00133350002579391
1728	1e-23	0.0012026000185869634
1729	1e-23	0.001192399999126792
1730	1e-23	0.0018582000047899783
1731	1e-23	0.0012441999861039221
1732	1e-23	0.0013469000114127994
1733	1e-23	0.0013360999873839319
1734	1e-23	0.0011483000125735998
1735	1e-23	0.0016376000130549073
1736	1e-23	0.0013223999994806945
1737	1e-23	0.0010705000022426248
1738	1e-23	0.0017340999911539257
1739	1e-23	0.0012932000099681318
1740	1e-23	0.0011677999864332378
1741	1e-23	0.0016638999804854393
1742	1e-23	0.0013054999872110784
1743	1e-23	0.0010919999913312495
1744	1e-23	0.00120160001097247
1745	1e-23	0.0014564000302925706
1746	1e-23	0.0011851000017486513
1747	1e-23	0.0011743000359274447
1748	1e-23	0.0012278000358492136
1749	1e-23	0.0011975000379607081
1750	1e-23	0.0010668999748304486
1751	1e-23	0.0014211999950930476
1752	1e-23	0.0010865000076591969
1753	1e-23	0.0013827999937348068
1754	1e-23	0.001187400019261986
1755	1e-23	0.0012493999674916267
1756	1e-23	0.0012168999528512359
1757	1e-23	0.0012783000129275024
1758	1e-23	0.0011725000222213566
1759	1e-23	0.0010568000143393874
1760	1e-23	0.0010456000454723835
1761	1e-23	0.0015508999931626022
1762	1e-23	0.0013737999834120274
1763	1e-23	0.001236799987964332
1764	1e-23	0.0013310000067576766
1765	1e-23	0.0012252000160515308
1766	1e-23	0.001160800049547106
1767	1e-23	0.0012915999977849424
1768	1e-23	0.0011840000515803695
1769	1e-23	0.0012011000071652234
1770	1e-23	0.0012735000345855951
1771	1e-23	0.0012339999666437507
1772	1e-23	0.0012125000357627869
1773	1e-23	0.0010486000101082027
1774	1e-23	0.0013847000082023442
1775	1e-23	0.0011095000081695616
1776	1e-23	0.0011208999785594642
1777	1e-23	0.002222199982497841
1778	1e-23	0.0013402000186033547
1779	1e-23	0.001272000023163855
1780	1e-23	0.0015474000247195363
1781	1e-23	0.001188600028399378
1782	1e-23	0.0012237000046297908
1783	1e-23	0.0014124999870546162
1784	1e-23	0.0011366000398993492
1785	1e-23	0.001061399991158396
1786	1e-23	0.0014773000148124993
1787	1e-23	0.0011699000024236739
1788	1e-23	0.0011800999636761844
1789	1e-23	0.0017946999869309366
1790	1e-23	0.00121489999582991
1791	1e-23	0.0011236999998800457
1792	1e-23	0.0016074000159278512
1793	1e-23	0.0012194999726489186
1794	1e-23	0.0011883999686688185
1795	1e-23	0.001287899969611317
1796	1e-23	0.0012400000123307109
1797	1e-23	0.0011224999907426536
1798	1e-23	0.001614699955098331
1799	1e-23	0.001375199994072318
1800	1e-23	0.0015477999695576727
1801	1e-23	0.0017265999922528863
1802	1e-23	0.001248000015038997
1803	1e-23	0.0010996999917551875
1804	1e-23	0.0015178999747149646
1805	1e-23	0.0012350999750196934
1806	1e-23	0.0011270999675616622
1807	1e-23	0.0014406000263988972
1808	1e-23	0.0012890000361949205
1809	1e-23	0.0011783000081777573
1810	1e-23	0.0014756000018678606
1811	1e-23	0.0015173000283539295
1812	1e-23	0.0012106999638490379
1813	1e-23	0.0017093000351451337
1814	1e-23	0.0013102000229991972
1815	1e-23	0.0012086000060662627
1816	1e-23	0.0012507999781519175
1817	1e-23	0.0012591000413522124
1818	1e-23	0.0013201999827288091
1819	1e-23	0.001305999991018325
1820	1e-23	0.0013243999565020204
1821	1e-23	0.0012739000376313925
1822	1e-23	0.0015420999843627214
1823	1e-23	0.0013465999509207904
1824	1e-23	0.0011712999548763037
1825	1e-23	0.001185000000987202
1826	1e-23	0.0012451999937184155
1827	1e-23	0.0011347999679856002
1828	1e-23	0.0011838999926112592
1829	1e-23	0.0012846000026911497
1830	1e-23	0.001317500020377338
1831	1e-23	0.001196600031107664
1832	1e-23	0.0012578999740071595
1833	1e-23	0.0012416000245139003
1834	1e-23	0.0011775000020861626
1835	1e-23	0.0013189000310376287
1836	1e-23	0.0014270000392571092
1837	1e-23	0.0011464999988675117
1838	1e-23	0.0013219999964348972
1839	1e-23	0.0012741999817080796
1840	1e-23	0.0011422999668866396
1841	1e-23	0.0012871999642811716
1842	1e-23	0.001286200014874339
1843	1e-23	0.0012160000042058527
1844	1e-23	0.0011545000015757978
1845	1e-23	0.0015882999869063497
1846	1e-23	0.0013955000322312117
1847	1e-23	0.0011915999930351973
1848	1e-23	0.0012956000282429159
1849	1e-23	0.0012892999802716076
1850	1e-23	0.0013176000211387873
1851	1e-23	0.001306299993302673
1852	1e-23	0.001282299985177815
1853	1e-23	0.0012709000147879124
1854	1e-23	0.0013152999454177916
1855	1e-23	0.0012250999570824206
1856	1e-23	0.001345600001513958
1857	1e-23	0.001431700016837567
1858	1e-23	0.0012035000254400074
1859	1e-23	0.001218399964272976
1860	1e-23	0.001722700020764023
1861	1e-23	0.0013766000047326088
1862	1e-23	0.0013410000246949494
1863	1e-23	0.0014232000103220344
1864	1e-23	0.0013027000240981579
1865	1e-23	0.0016203999985009432
1866	1e-23	0.0014427999849431217
1867	1e-23	0.0018814000068232417
1868	1e-23	0.0018705999827943742
1869	1e-23	0.0016562999808229506
1870	1e-23	0.0015280000516213477
1871	1e-23	0.0014421999803744256
1872	1e-23	0.0012054999824613333
1873	1e-23	0.0013752999948337674
1874	1e-23	0.0013078000047244132
1875	1e-23	0.0012046000338159502
1876	1e-23	0.0015473999665118754
1877	1e-23	0.001541099976748228
1878	1e-23	0.0012191999703645706
1879	1e-23	0.0012424999731592834
1880	1e-23	0.0013409999664872885
1881	1e-23	0.0012890000361949205
1882	1e-23	0.0014802999794483185
1883	1e-23	0.0013433000422082841
1884	1e-23	0.0011797999613918364
1885	1e-23	0.0011492999619804323
1886	1e-23	0.0013140999944880605
1887	1e-23	0.001220800040755421
1888	1e-23	0.0012978000449948013
1889	1e-23	0.0017921000253409147
1890	1e-23	0.0013909999979659915
1891	1e-23	0.00133200001437217
1892	1e-23	0.0015322999679483473
1893	1e-23	0.0013899999903514981
1894	1e-23	0.00156739994417876
1895	1e-23	0.0013646000297740102
1896	1e-23	0.0012528999941423535
1897	1e-23	0.0014255999703891575
1898	1e-23	0.0013210999895818532
1899	1e-23	0.0014430999872274697
1900	1e-23	0.001586899976246059
1901	1e-23	0.0014043000410310924
1902	1e-23	0.0013499000342562795
1903	1e-23	0.001447899965569377
1904	1e-23	0.0012752999900840223
1905	1e-23	0.0012852999498136342
1906	1e-23	0.0013399000163190067
1907	1e-23	0.0013222999987192452
1908	1e-23	0.0012778000091202557
1909	1e-23	0.002111000008881092
1910	1e-23	0.0014501000405289233
1911	1e-23	0.00135859998408705
1912	1e-23	0.0013290999922901392
1913	1e-23	0.0012428999762050807
1914	1e-23	0.0014186000335030258
1915	1e-23	0.0014198999851942062
1916	1e-23	0.0012495999690145254
1917	1e-23	0.0012063999893143773
1918	1e-23	0.0014351000427268445
1919	1e-23	0.0013002000050619245
1920	1e-23	0.0017573999939486384
1921	1e-23	0.0018474999815225601
1922	1e-23	0.0013776000123471022
1923	1e-23	0.0013654999784193933
1924	1e-23	0.001305699988733977
1925	1e-23	0.0011647000210359693
1926	1e-23	0.0013526999973692
1927	1e-23	0.0013313000090420246
1928	1e-23	0.0013243999565020204
1929	1e-23	0.0014415000332519412
1930	1e-23	0.0011887999717146158
1931	1e-23	0.0011092000058852136
1932	1e-23	0.001603800046723336
1933	1e-23	0.0013144999975338578
1934	1e-23	0.0011602999875321984
1935	1e-23	0.001713500008918345
1936	1e-23	0.001235600037034601
1937	1e-23	0.001145999995060265
1938	1e-23	0.001465100038331002
1939	1e-23	0.0011439999798312783
1940	1e-23	0.0011495000217109919
1941	1e-23	0.0012787000159732997
1942	1e-23	0.001386100018862635
1943	1e-23	0.0014246999635361135
1944	1e-23	0.001651400001719594
1945	1e-23	0.0019703000434674323
1946	1e-23	0.0027875000378116965
1947	1e-23	0.001514800009317696
1948	1e-23	0.002189600025303662
1949	1e-23	0.0016380000161007047
1950	1e-23	0.0014942000270821154
1951	1e-23	0.0017906000139191747
1952	1e-23	0.0017748999525792897
1953	1e-23	0.0015765999560244381
1954	1e-23	0.0014659999869763851
1955	1e-23	0.0013153000036254525
1956	1e-23	0.0016557000344619155
1957	1e-23	0.0012385999434627593
1958	1e-23	0.0014032999752089381
1959	1e-23	0.0012111999676562846
1960	1e-23	0.001288499974180013
1961	1e-23	0.0012430999777279794
1962	1e-23	0.0014615000109188259
1963	1e-23	0.0013910999987274408
1964	1e-23	0.0012503000325523317
1965	1e-23	0.0014531000051647425
1966	1e-23	0.0013120999792590737
1967	1e-23	0.0012868000194430351
1968	1e-23	0.0012935000122524798
1969	1e-23	0.0013518999912776053
1970	1e-23	0.0017025999841280282
1971	1e-23	0.0021665000240318477
1972	1e-23	0.0015660999924875796
1973	1e-23	0.0015937000280246139
1974	1e-23	0.0011125999735668302
1975	1e-23	0.001151600037701428
1976	1e-23	0.0013580999802798033
1977	1e-23	0.0012182000209577382
1978	1e-23	0.001116400002501905
1979	1e-23	0.0011764999944716692
1980	1e-23	0.0014078000094741583
1981	1e-23	0.0012983999913558364
1982	1e-23	0.002017499995417893
1983	1e-23	0.002178700000513345
1984	1e-23	0.0013507999829016626
1985	1e-23	0.0013691000058315694
1986	1e-23	0.001568600011523813
1987	1e-23	0.001607599959243089
1988	1e-23	0.0013710999628528953
1989	1e-23	0.0015243000234477222
1990	1e-23	0.00163569999858737
1991	1e-23	0.0013349999790079892
1992	1e-23	0.00124299997696653
1993	1e-23	0.002162399992812425
1994	1e-23	0.0012317000073380768
1995	1e-23	0.001989399956073612
1996	1e-23	0.001297699986025691
1997	1e-23	0.0012117999722249806
1998	1e-23	0.001907499972730875
1999	1e-23	0.00138229998992756
2000	1e-23	0.001359499990940094
2001	1e-23	0.0013806999777443707
2002	1e-23	0.0012182000209577382
2003	1e-23	0.001701099972706288
2004	1e-23	0.0014352999860420823
2005	1e-23	0.0014230000087991357
2006	1e-23	0.0013453999999910593
2007	1e-23	0.0015021000290289521
2008	1e-23	0.0018344999989494681
2009	1e-23	0.0014967999886721373
2010	1e-23	0.001229100045748055
2011	1e-23	0.0016459999606013298
2012	1e-23	0.0014629000215791166
2013	1e-23	0.0012811000342480838
2014	1e-23	0.001347700017504394
2015	1e-23	0.001143299974501133
2016	1e-23	0.0012473000097088516
2017	1e-23	0.0013002000050619245
2018	1e-23	0.0011365999816916883
2019	1e-23	0.0010993999894708395
2020	1e-23	0.0013510999851860106
2021	1e-23	0.001208700006827712
2022	1e-23	0.001261599943973124
2023	1e-23	0.0011327999527566135
2024	1e-23	0.0013828999944962561
2025	1e-23	0.0014848000137135386
2026	1e-23	0.0011555000091902912
2027	1e-23	0.0012194999726489186
2028	1e-23	0.001142099965363741
2029	1e-23	0.0010730000212788582
2030	1e-23	0.0016123999957926571
2031	1e-23	0.0015239000204019248
2032	1e-23	0.0011261000181548297
2033	1e-23	0.0013374999980442226
2034	1e-23	0.001124700007494539
2035	1e-23	0.0011546000023372471
2036	1e-23	0.0012727000284940004
2037	1e-23	0.0013092999579384923
2038	1e-23	0.001146299997344613
2039	1e-23	0.001369300007354468
2040	1e-23	0.0014072000049054623
2041	1e-23	0.0011680000461637974
2042	1e-23	0.0011634000111371279
2043	1e-23	0.0012495999690145254
2044	1e-23	0.0011569999624043703
2045	1e-23	0.0010766999912448227
2046	1e-23	0.0014989000046625733
2047	1e-23	0.001177300000563264
2048	1e-23	0.002307299990206957
2049	1e-23	0.0014948999742045999
2050	1e-23	0.001256599964108318
2051	1e-23	0.0015207999967969954
2052	1e-23	0.001253599999472499
2053	1e-23	0.0011019999510608613
2054	1e-23	0.0015773999621160328
2055	1e-23	0.0012961000320501626
2056	1e-23	0.0010444999788887799
2057	1e-23	0.0011568000190891325
2058	1e-23	0.0012808000319637358
2059	1e-23	0.0013157000066712499
2060	1e-23	0.0013866000226698816
2061	1e-23	0.0012641000212170184
2062	1e-23	0.0013173999614082277
2063	1e-23	0.0010191999608650804
2064	1e-23	0.0014652999816462398
2065	1e-23	0.0012626000097952783
2066	1e-23	0.001291199994739145
2067	1e-23	0.0017036999925039709
2068	1e-23	0.0012954000267200172
2069	1e-23	0.0012137999874539673
2070	1e-23	0.0016473999712616205
2071	1e-23	0.0012885999749414623
2072	1e-23	0.0012166000087745488
2073	1e-23	0.0012762000551447272
2074	1e-23	0.0011564999585971236
2075	1e-23	0.001150699972640723
2076	1e-23	0.0014423999818973243
2077	1e-23	0.0011481000110507011
2078	1e-23	0.0010673000360839069
2079	1e-23	0.0011554000084288418
2080	1e-23	0.0013339000288397074
2081	1e-23	0.001171400013845414
2082	1e-23	0.0010234000510536134
2083	1e-23	0.0018437000107951462
2084	1e-23	0.0013639000244438648
2085	1e-23	0.0013392000109888613
2086	1e-23	0.0013357999850995839
2087	1e-23	0.0012788999592885375
2088	1e-23	0.0011550000053830445
2089	1e-23	0.0013189000310376287
2090	1e-23	0.0012784000136889517
2091	1e-23	0.0011658999719657004
2092	1e-23	0.0016393999685533345
2093	1e-23	0.0013306000037118793
2094	1e-23	0.0014529000036418438
2095	1e-23	0.0014306000084616244
2096	1e-23	0.0013381000026129186
2097	1e-23	0.0013342000311240554
2098	1e-23	0.0012583000352606177
2099	1e-23	0.0012740999809466302
2100	1e-23	0.0010869000107049942
2101	1e-23	0.0014139999984763563
2102	1e-23	0.00116460002027452
2103	1e-23	0.0012102999608032405
2104	1e-23	0.0015402999706566334
2105	1e-23	0.001436100050341338
2106	1e-23	0.0014349999837577343
2107	1e-23	0.001294699963182211
2108	1e-23	0.0012280000373721123
2109	1e-23	0.0010883999639190733
2110	1e-23	0.0016237999661825597
2111	1e-23	0.001312199980020523
2112	1e-23	0.0010882000206038356
2113	1e-23	0.0016749000060372055
2114	1e-23	0.0011550000053830445
2115	1e-23	0.0011724000214599073
2116	1e-23	0.0015122999902814627
2117	1e-23	0.0014383000088855624
2118	1e-23	0.0013110999716445804
2119	1e-23	0.0014384000096470118
2120	1e-23	0.0013212999911047518
2121	1e-23	0.0011731000267900527
2122	1e-23	0.0014325000229291618
2123	1e-23	0.0012402000138536096
2124	1e-23	0.0011059000389650464
2125	1e-23	0.0013895999873057008
2126	1e-23	0.0014247000217437744
2127	1e-23	0.0018689000280573964
2128	1e-23	0.0014609000063501298
2129	1e-23	0.0015241000219248235
2130	1e-23	0.0012274999753572047
2131	1e-23	0.001219899975694716
2132	1e-23	0.0010630000033415854
2133	1e-23	0.00102240004343912
2134	1e-23	0.0011965000303462148
2135	1e-23	0.0013945000246167183
2136	1e-23	0.0012620000052265823
2137	1e-23	0.0015294000040739775
2138	1e-23	0.0013227000017650425
2139	1e-23	0.0011232999968342483
2140	1e-23	0.0014307000092230737
2141	1e-23	0.0013943000230938196
2142	1e-23	0.0012261000229045749
2143	1e-23	0.001278500014450401
2144	1e-23	0.0013123999815434217
2145	1e-23	0.00133500003721565
2146	1e-23	0.0014055999927222729
2147	1e-23	0.001397100044414401
2148	1e-23	0.0013644000282511115
2149	1e-23	0.0013010000111535192
2150	1e-23	0.0013105000252835453
2151	1e-23	0.0013712000218220055
2152	1e-23	0.0017860999796539545
2153	1e-23	0.0013427999801933765
2154	1e-23	0.0012538000009953976
2155	1e-23	0.0013238999526947737
2156	1e-23	0.0013438000460155308
2157	1e-23	0.001083599985577166
2158	1e-23	0.0011443999828770757
2159	1e-23	0.001519199984613806
2160	1e-23	0.0016533000161871314
2161	1e-23	0.0017985000158660114
2162	1e-23	0.0015013999654911458
2163	1e-23	0.0011863000108860433
2164	1e-23	0.0013721000286750495
2165	1e-23	0.0011580000282265246
2166	1e-23	0.0011494000209495425
2167	1e-23	0.0014845000114291906
2168	1e-23	0.0013656000373885036
2169	1e-23	0.001166099973488599
2170	1e-23	0.0013487999676726758
2171	1e-23	0.0013726999750360847
2172	1e-23	0.0011193000245839357
2173	1e-23	0.001145099988207221
2174	1e-23	0.001184099994134158
2175	1e-23	0.001117000007070601
2176	1e-23	0.0010650999611243606
2177	1e-23	0.0015855000237934291
2178	1e-23	0.0012473000097088516
2179	1e-23	0.0011596999829635024
2180	1e-23	0.0014078000094741583
2181	1e-23	0.0011070000473409891
2182	1e-23	0.001046899997163564
2183	1e-23	0.0016052999999374151
2184	1e-23	0.0016434999997727573
2185	1e-23	0.0016264999867416918
2186	1e-23	0.0013907999964430928
2187	1e-23	0.0013067999971099198
2188	1e-23	0.001507100008893758
2189	1e-23	0.0014878999791108072
2190	1e-23	0.0013681999989785254
2191	1e-23	0.0012243000091984868
2192	1e-23	0.0013279999839141965
2193	1e-23	0.0013021000195294619
2194	1e-23	0.0012953999685123563
2195	1e-23	0.0014507000450976193
2196	1e-23	0.001254500006325543
2197	1e-23	0.0011739999754354358
2198	1e-23	0.001285300008021295
2199	1e-23	0.001240300014615059
2200	1e-23	0.0011230999953113496
2201	1e-23	0.0016240999684669077
2202	1e-23	0.0012518999865278602
2203	1e-23	0.001157500024419278
2204	1e-23	0.0013108999701216817
2205	1e-23	0.0015893999952822924
2206	1e-23	0.001152500044554472
2207	1e-23	0.0011743999784812331
2208	1e-23	0.0012578999740071595
2209	1e-23	0.0012107000220566988
2210	1e-23	0.0013029000256210566
2211	1e-23	0.0012965999776497483
2212	1e-23	0.0011929000029340386
2213	1e-23	0.0012249000137671828
2214	1e-23	0.0012993999989703298
2215	1e-23	0.00121339998440817
2216	1e-23	0.0011091000051237643
2217	1e-23	0.0013348999782465398
2218	1e-23	0.0012960999738425016
2219	1e-23	0.001138899999205023
2220	1e-23	0.001435799989849329
2221	1e-23	0.001192399999126792
2222	1e-23	0.0011947000166401267
2223	1e-23	0.001188000023830682
2224	1e-23	0.0012999000027775764
2225	1e-23	0.001140400010626763
2226	1e-23	0.0014106999733485281
2227	1e-23	0.0013156000059098005
2228	1e-23	0.001269000000320375
2229	1e-23	0.0015999999595806003
2230	1e-23	0.0013222999987192452
2231	1e-23	0.001112600031774491
2232	1e-23	0.0013411000254563987
2233	1e-23	0.0019311000360175967
2234	1e-23	0.0012513999827206135
2235	1e-23	0.0017757000168785453
2236	1e-23	0.0012411000207066536
2237	1e-23	0.0011517000384628773
2238	1e-23	0.0013837000005878508
2239	1e-23	0.001227299973834306
2240	1e-23	0.0012802000273950398
2241	1e-23	0.0013253999641165137
2242	1e-23	0.0012009000056423247
2243	1e-23	0.0010580000234767795
2244	1e-23	0.0010233999928459525
2245	1e-23	0.001262500009033829
2246	1e-23	0.0011215000413358212
2247	1e-23	0.0010614999919198453
2248	1e-23	0.0012094000121578574
2249	1e-23	0.0012006000033579767
2250	1e-23	0.0010443999781273305
2251	1e-23	0.0015758999506942928
2252	1e-23	0.001552600006107241
2253	1e-23	0.0010871000122278929
2254	1e-23	0.0011282000341452658
2255	1e-23	0.001303300028666854
2256	1e-23	0.0011637000134214759
2257	1e-23	0.001138599996920675
2258	1e-23	0.0015425999881699681
2259	1e-23	0.0011845999979414046
2260	1e-23	0.0011002999963238835
2261	1e-23	0.0015614000149071217
2262	1e-23	0.0011181000154465437
2263	1e-23	0.0010248000035062432
2264	1e-23	0.0017506000003777444
2265	1e-23	0.0012607999960891902
2266	1e-23	0.001054300053510815
2267	1e-23	0.0011485000140964985
2268	1e-23	0.0013045999803580344
2269	1e-23	0.0011813000310212374
2270	1e-23	0.0012945000198669732
2271	1e-23	0.0011810999712906778
2272	1e-23	0.0010730000212788582
2273	1e-23	0.0010940000065602362
2274	1e-23	0.0011829999857582152
2275	1e-23	0.0013005000073462725
2276	1e-23	0.001366599986795336
2277	1e-23	0.00120900000911206
2278	1e-23	0.0013353999820537865
2279	1e-23	0.0014660999877378345
2280	1e-23	0.001150700030848384
2281	1e-23	0.0012598999892361462
2282	1e-23	0.0012326999567449093
2283	1e-23	0.0011959999683313072
2284	1e-23	0.0013339999713934958
2285	1e-23	0.001109300006646663
2286	1e-23	0.0011049999739043415
2287	1e-23	0.0012511000386439264
2288	1e-23	0.0014190000365488231
2289	1e-23	0.0012806000304408371
2290	1e-23	0.0012249000137671828
2291	1e-23	0.0011453000479377806
2292	1e-23	0.0010452999849803746
2293	1e-23	0.0011810000287368894
2294	1e-23	0.001283199992030859
2295	1e-23	0.001168200047686696
2296	1e-23	0.001116700004786253
2297	1e-23	0.0012577999732457101
2298	1e-23	0.001213699986692518
2299	1e-23	0.0010667999740689993
2300	1e-23	0.0014533000066876411
2301	1e-23	0.0014107999741099775
2302	1e-23	0.0012157000019215047
2303	1e-23	0.0013156000059098005
2304	1e-23	0.0012527999933809042
2305	1e-23	0.0010926999966613948
2306	1e-23	0.0010011999984271824
2307	1e-23	0.0013146999990567565
2308	1e-23	0.0011063000420108438
2309	1e-23	0.0010016000014729798
2310	1e-23	0.0011661999742500484
2311	1e-23	0.0013747999910265207
2312	1e-23	0.0011448999866843224
2313	1e-23	0.0015150999533943832
2314	1e-23	0.001539300021249801
2315	1e-23	0.0013823999906890094
2316	1e-23	0.0012867000186815858
2317	1e-23	0.0014464999549090862
2318	1e-23	0.0013347999774850905
2319	1e-23	0.0011635000118985772
2320	1e-23	0.0014259999734349549
2321	1e-23	0.0013435999862849712
2322	1e-23	0.0013312000082805753
2323	1e-23	0.0011887000291608274
2324	1e-23	0.0012553000124171376
2325	1e-23	0.0013804000336676836
2326	1e-23	0.0013852000120095909
2327	1e-23	0.0014353999868035316
2328	1e-23	0.0015613999566994607
2329	1e-23	0.0014167000190354884
2330	1e-23	0.0011721000191755593
2331	1e-23	0.0011112000211142004
2332	1e-23	0.0012400999548844993
2333	1e-23	0.0011149000492878258
2334	1e-23	0.0011751000420190394
2335	1e-23	0.0019634999916888773
2336	1e-23	0.0021023000008426607
2337	1e-23	0.0012501999735832214
2338	1e-23	0.0013355999835766852
2339	1e-23	0.0010857000015676022
2340	1e-23	0.0011591000366024673
2341	1e-23	0.0013763000024482608
2342	1e-23	0.0011899999808520079
2343	1e-23	0.0011716000153683126
2344	1e-23	0.0012311000027693808
2345	1e-23	0.0010689999908208847
2346	1e-23	0.001101300003938377
2347	1e-23	0.0012928000069223344
2348	1e-23	0.0016253999783657491
2349	1e-23	0.001240600016899407
2350	1e-23	0.0013387000071816146
2351	1e-23	0.001285000005736947
2352	1e-23	0.0011975999805144966
2353	1e-23	0.0013441999908536673
2354	1e-23	0.0013167999568395317
2355	1e-23	0.001048400008585304
2356	1e-23	0.001482799998484552
2357	1e-23	0.0013099000207148492
2358	1e-23	0.0010993999894708395
2359	1e-23	0.001344999996945262
2360	1e-23	0.0014251999673433602
2361	1e-23	0.0012178000179119408
2362	1e-23	0.0014158000121824443
2363	1e-23	0.0013432999840006232
2364	1e-23	0.0012256000190973282
2365	1e-23	0.0011614999966695905
2366	1e-23	0.0012934000114910305
2367	1e-23	0.0012203999795019627
2368	1e-23	0.0010807000217027962
2369	1e-23	0.0014662000467069447
2370	1e-23	0.0013856000150553882
2371	1e-23	0.0012792000197805464
2372	1e-23	0.0014539000112563372
2373	1e-23	0.001290899992454797
2374	1e-23	0.0011255000135861337
2375	1e-23	0.001631900027859956
2376	1e-23	0.0012111000251024961
2377	1e-23	0.001179699960630387
2378	1e-23	0.0016266999882645905
2379	1e-23	0.001259300042875111
2380	1e-23	0.0010766999912448227
2381	1e-23	0.0016536000184714794
2382	1e-23	0.0013984999968670309
2383	1e-23	0.0012002000003121793
2384	1e-23	0.0016762000159360468
2385	1e-23	0.0014250000240281224
2386	1e-23	0.0012649999698624015
2387	1e-23	0.0013526999973692
2388	1e-23	0.0012986999936401844
2389	1e-23	0.001268099993467331
2390	1e-23	0.0013296999968588352
2391	1e-23	0.001338200003374368
2392	1e-23	0.0013949000276625156
2393	1e-23	0.0014526000013574958
2394	1e-23	0.0012983999913558364
2395	1e-23	0.0011647000210359693
2396	1e-23	0.0013040999765507877
2397	1e-23	0.0012021000147797167
2398	1e-23	0.0010983999818563461
2399	1e-23	0.0014084999565966427
2400	1e-23	0.0012243000091984868
2401	1e-23	0.0011607999913394451
2402	1e-23	0.00108149996958673
2403	1e-23	0.0016416999860666692
2404	1e-23	0.001164899964351207
2405	1e-23	0.0013705000164918602
2406	1e-23	0.0014239000156521797
2407	1e-23	0.0013084000092931092
2408	1e-23	0.0011529000476002693
2409	1e-23	0.0012178000179119408
2410	1e-23	0.0011057999799959362
2411	1e-23	0.0010842999909073114
2412	1e-23	0.001451199990697205
2413	1e-23	0.0011877999641001225
2414	1e-23	0.001172900025267154
2415	1e-23	0.0015164000215008855
2416	1e-23	0.0013027000240981579
2417	1e-23	0.001137999992351979
2418	1e-23	0.0011960999690927565
2419	1e-23	0.0011561999563127756
2420	1e-23	0.0010077999904751778
2421	1e-23	0.0010270000202581286
2422	1e-23	0.0013208999880589545
2423	1e-23	0.0013652999768964946
2424	1e-23	0.001583100005518645
2425	1e-23	0.001131800003349781
2426	1e-23	0.001442899985704571
2427	1e-23	0.0014258999726735055
2428	1e-23	0.0014156000106595457
2429	1e-23	0.0012389000039547682
2430	1e-23	0.0012110999668948352
2431	1e-23	0.0012361000408418477
2432	1e-23	0.0012815000372938812
2433	1e-23	0.0010829000384546816
2434	1e-23	0.0014391000149771571
2435	1e-23	0.001171400013845414
2436	1e-23	0.001019099960103631
2437	1e-23	0.001281399978324771
2438	1e-23	0.0018394000362604856
2439	1e-23	0.0012111000251024961
2440	1e-23	0.0011826000409200788
2441	1e-23	0.0014468000154010952
2442	1e-23	0.0011169000063091516
2443	1e-23	0.001130299991928041
2444	1e-23	0.001186500012408942
2445	1e-23	0.0010675000376068056
2446	1e-23	0.0011483000125735998
2447	1e-23	0.00114540004869923
2448	1e-23	0.0012413999647833407
2449	1e-23	0.0011411000159569085
2450	1e-23	0.001159000035841018
2451	1e-23	0.001449399976991117
2452	1e-23	0.0011708999518305063
2453	1e-23	0.0011626000050455332
2454	1e-23	0.0013225000002421439
2455	1e-23	0.0012212999863550067
2456	1e-23	0.0012705999542959034
2457	1e-23	0.001732399978209287
2458	1e-23	0.0012700000079348683
2459	1e-23	0.0011649999651126564
2460	1e-23	0.0013839000021107495
2461	1e-23	0.0012512999819591641
2462	1e-23	0.0011249000090174377
2463	1e-23	0.001436999998986721
2464	1e-23	0.0014242999604903162
2465	1e-23	0.0011600999860092998
2466	1e-23	0.0012239000061526895
2467	1e-23	0.0012508999789133668
2468	1e-23	0.0011539999977685511
2469	1e-23	0.0015246999682858586
2470	1e-23	0.0013093000161461532
2471	1e-23	0.0010594000341370702
2472	1e-23	0.0011196000268682837
2473	1e-23	0.00120449997484684
2474	1e-23	0.001152499986346811
2475	1e-23	0.001254800008609891
2476	1e-23	0.0015196999884210527
2477	1e-23	0.0011382000520825386
2478	1e-23	0.0010824999772012234
2479	1e-23	0.0012540000025182962
2480	1e-23	0.0013364000478759408
2481	1e-23	0.001129999989643693
2482	1e-23	0.0014687000075355172
2483	1e-23	0.001317500020377338
2484	1e-23	0.0011414000182412565
2485	1e-23	0.0013338999706320465
2486	1e-23	0.0013596999924629927
2487	1e-23	0.0013413000269792974
2488	1e-23	0.0011905999854207039
2489	1e-23	0.001282299985177815
2490	1e-23	0.0012346000294201076
2491	1e-23	0.001055200002156198
2492	1e-23	0.0012936000130139291
2493	1e-23	0.0011540999985300004
2494	1e-23	0.001089200028218329
2495	1e-23	0.001130599994212389
2496	1e-23	0.0011644000187516212
2497	1e-23	0.0010766999912448227
2498	1e-23	0.001069399993866682
2499	1e-23	0.001325800025369972
2500	1e-23	0.001332600018940866
2501	1e-23	0.0011564999585971236
2502	1e-23	0.0011898999800905585
2503	1e-23	0.0011195000261068344
2504	1e-23	0.0011224999907426536
2505	1e-23	0.00104750000173226
2506	1e-23	0.0012929000076837838
2507	1e-23	0.0011687999940477312
2508	1e-23	0.0010609999881125987
2509	1e-23	0.0014191000373102725
2510	1e-23	0.0011745000374503434
2511	1e-23	0.0010769999935291708
2512	1e-23	0.0011888999724760652
2513	1e-23	0.0014049000455997884
2514	1e-23	0.0011682999902404845
2515	1e-23	0.0011879000230692327
2516	1e-23	0.0016288000042550266
2517	1e-23	0.0013098000199534
2518	1e-23	0.0011448999866843224
2519	1e-23	0.0012819000403396785
2520	1e-23	0.0012066999915987253
2521	1e-23	0.0011808999697677791
2522	1e-23	0.0012097000144422054
2523	1e-23	0.0013857000158168375
2524	1e-23	0.0014796999748796225
2525	1e-23	0.0014582000439986587
2526	1e-23	0.0012799000251106918
2527	1e-23	0.0011689999955706298
2528	1e-23	0.0012591999839060009
2529	1e-23	0.0012645000242628157
2530	1e-23	0.0011426000273786485
2531	1e-23	0.0012327000149525702
2532	1e-23	0.001360399997793138
2533	1e-23	0.0010828000376932323
2534	1e-23	0.0011066999868489802
2535	1e-23	0.0012462000013329089
2536	1e-23	0.001445600006263703
2537	1e-23	0.0013089000131003559
2538	1e-23	0.0014892000472173095
2539	1e-23	0.00149639998562634
2540	1e-23	0.0014189000357873738
2541	1e-23	0.0013094000169076025
2542	1e-23	0.0012059000437147915
2543	1e-23	0.0017296999576501548
2544	1e-23	0.0013698000111617148
2545	1e-23	0.00114540004869923
2546	1e-23	0.0012208999833092093
2547	1e-23	0.0012803000281564891
2548	1e-23	0.0011324999504722655
2549	1e-23	0.0010360999731346965
2550	1e-23	0.0013286999892443419
2551	1e-23	0.001187099958769977
2552	1e-23	0.001101000001654029
2553	1e-23	0.0012450999929569662
2554	1e-23	0.0012484000180847943
2555	1e-23	0.0010991999879479408
2556	1e-23	0.0010599999804981053
2557	1e-23	0.0014746999950148165
2558	1e-23	0.0012066999915987253
2559	1e-23	0.0011451999889686704
2560	1e-23	0.001547600026242435
2561	1e-23	0.0013760000001639128
2562	1e-23	0.0012598999892361462
2563	1e-23	0.0014974999940022826
2564	1e-23	0.0011877999641001225
2565	1e-23	0.0010800000163726509
2566	1e-23	0.001863999990746379
2567	1e-23	0.0011625999468378723
2568	1e-23	0.0010491000139154494
2569	1e-23	0.0014682000037282705
2570	1e-23	0.001272600027732551
2571	1e-23	0.001194800017401576
2572	1e-23	0.0013295999960973859
2573	1e-23	0.001193599950056523
2574	1e-23	0.001027100021019578
2575	1e-23	0.0011275000288151205
2576	1e-23	0.0014105999725870788
2577	1e-23	0.0010530000436119735
2578	1e-23	0.0010165999992750585
2579	1e-23	0.0012790999608114362
2580	1e-23	0.0011935000075027347
2581	1e-23	0.0010612999903969467
2582	1e-23	0.0010747999767772853
2583	1e-23	0.001401800021994859
2584	1e-23	0.0013442999916151166
2585	1e-23	0.0012313000042922795
2586	1e-23	0.001344399992376566
2587	1e-23	0.0012444999883882701
2588	1e-23	0.0011371999862603843
2589	1e-23	0.0013760000001639128
2590	1e-23	0.0011563999578356743
2591	1e-23	0.0010813999688252807
2592	1e-23	0.0012751000467687845
2593	1e-23	0.0012784000136889517
2594	1e-23	0.0011694999993778765
2595	1e-23	0.0011130999773740768
2596	1e-23	0.0018363000126555562
2597	1e-23	0.001278800016734749
2598	1e-23	0.0012304999982006848
2599	1e-23	0.0012857000110670924
2600	1e-23	0.0011035000206902623
2601	1e-23	0.0011291999835520983
2602	1e-23	0.001277300005313009
2603	1e-23	0.0011756999883800745
2604	1e-23	0.0010096000041812658
2605	1e-23	0.0012129000388085842
2606	1e-23	0.0012200999772176147
2607	1e-23	0.0010723000159487128
2608	1e-23	0.0012970000389032066
2609	1e-23	0.001654100022278726
2610	1e-23	0.0011939999531023204
2611	1e-23	0.0012093999539501965
2612	1e-23	0.0013068999978713691
2613	1e-23	0.001172299962490797
2614	1e-23	0.0010278999689035118
2615	1e-23	0.0014619000139646232
2616	1e-23	0.0011344000231474638
2617	1e-23	0.0014663999900221825
2618	1e-23	0.0013930999557487667
2619	1e-23	0.0014249999658204615
2620	1e-23	0.00107999995816499
2621	1e-23	0.0011883999686688185
2622	1e-23	0.0013373999972827733
2623	1e-23	0.0012403999571688473
2624	1e-23	0.0015404000296257436
2625	1e-23	0.0013707000180147588
2626	1e-23	0.0012305999989621341
2627	1e-23	0.0012386000016704202
2628	1e-23	0.0012728000292554498
2629	1e-23	0.0011904999846592546
2630	1e-23	0.0011851000017486513
2631	1e-23	0.0013341999729163945
2632	1e-23	0.0012203000369481742
2633	1e-23	0.0011486000148579478
2634	1e-23	0.0014091000193729997
2635	1e-23	0.001565599988680333
2636	1e-23	0.001222300052177161
2637	1e-23	0.00137489999178797
2638	1e-23	0.0012442999868653715
2639	1e-23	0.001159899984486401
2640	1e-23	0.0014144000015221536
2641	1e-23	0.0012455999967642128
2642	1e-23	0.0011746999807655811
2643	1e-23	0.0015326999709941447
2644	1e-23	0.0013841000036336482
2645	1e-23	0.0011978999827988446
2646	1e-23	0.0015020999708212912
2647	1e-23	0.0012242000084370375
2648	1e-23	0.0010730999638326466
2649	1e-23	0.001101900008507073
2650	1e-23	0.0012666000402532518
2651	1e-23	0.0011276999721303582
2652	1e-23	0.001108399999793619
2653	1e-23	0.0013420999748632312
2654	1e-23	0.0011677999864332378
2655	1e-23	0.0013775000115856528
2656	1e-23	0.0014392000157386065
2657	1e-23	0.0011870000162161887
2658	1e-23	0.0010768999927677214
2659	1e-23	0.00164899998344481
2660	1e-23	0.0011624000035226345
2661	1e-23	0.0011594999814406037
2662	1e-23	0.0014032999752089381
2663	1e-23	0.0011891000322066247
2664	1e-23	0.0010439000325277448
2665	1e-23	0.0011346000246703625
2666	1e-23	0.0014795999741181731
2667	1e-23	0.0013393000117503107
2668	1e-23	0.0011792000150308013
2669	1e-23	0.0012525999918580055
2670	1e-23	0.0012005000025965273
2671	1e-23	0.0012286000419408083
2672	1e-23	0.0012580999755300581
2673	1e-23	0.0011230999953113496
2674	1e-23	0.0011449999874457717
2675	1e-23	0.0011829999857582152
2676	1e-23	0.0012175000156275928
2677	1e-23	0.001145099988207221
2678	1e-23	0.0012479000142775476
2679	1e-23	0.0015079000149853528
2680	1e-23	0.0012456999975256622
2681	1e-23	0.0013015000149607658
2682	1e-23	0.0012906999909318984
2683	1e-23	0.001410700031556189
2684	1e-23	0.0016060000052675605
2685	1e-23	0.0013268000329844654
2686	1e-23	0.0012514999834820628
2687	1e-23	0.001254500006325543
2688	1e-23	0.0012640999630093575
2689	1e-23	0.0013202999834902585
2690	1e-23	0.001260999997612089
2691	1e-23	0.001763500040397048
2692	1e-23	0.0017657999997027218
2693	1e-23	0.0019404999911785126
2694	1e-23	0.001512700051534921
2695	1e-23	0.001344699994660914
2696	1e-23	0.0014616000116802752
2697	1e-23	0.0013672999921254814
2698	1e-23	0.0012984999921172857
2699	1e-23	0.0015246000257320702
2700	1e-23	0.0015616000164300203
2701	1e-23	0.0019549999851733446
2702	1e-23	0.0015350000467151403
2703	1e-23	0.0013225000002421439
2704	1e-23	0.0021988999797031283
2705	1e-23	0.0016747999470680952
2706	1e-23	0.0015261999797075987
2707	1e-23	0.0015112000401131809
2708	1e-23	0.0012521999888122082
2709	1e-23	0.0014143000007607043
2710	1e-23	0.0014773999573662877
2711	1e-23	0.0013504999806173146
2712	1e-23	0.0014209000510163605
2713	1e-23	0.002090799971483648
2714	1e-23	0.00146980001591146
2715	1e-23	0.001330200000666082
2716	1e-23	0.001367799995932728
2717	1e-23	0.0013939999626018107
2718	1e-23	0.0013647000305354595
2719	1e-23	0.0014792000292800367
2720	1e-23	0.0015784000279381871
2721	1e-23	0.0014312000130303204
2722	1e-23	0.0015717999776825309
2723	1e-23	0.0014448000001721084
2724	1e-23	0.0013109000283293426
2725	1e-23	0.001478400023188442
2726	1e-23	0.0013553000171668828
2727	1e-23	0.0012675999896600842
2728	1e-23	0.0019776999833993614
2729	1e-23	0.0012964000343345106
2730	1e-23	0.0014954000362195075
2731	1e-23	0.001507100008893758
2732	1e-23	0.0014748999965377152
2733	1e-23	0.0014143000007607043
2734	1e-23	0.001464500033762306
2735	1e-23	0.001265200029592961
2736	1e-23	0.001319600036367774
2737	1e-23	0.0013964999816380441
2738	1e-23	0.0012524999910965562
2739	1e-23	0.0012593999854288995
2740	1e-23	0.0017801999929361045
2741	1e-23	0.0013975999900139868
2742	1e-23	0.001332300016656518
2743	1e-23	0.0013535000034607947
2744	1e-23	0.001303599972743541
2745	1e-23	0.0014182000304572284
2746	1e-23	0.0013832999975420535
2747	1e-23	0.0012490000226534903
2748	1e-23	0.0012549000093713403
2749	1e-23	0.0013700000126846135
2750	1e-23	0.0012793000205419958
2751	1e-23	0.0013328000204637647
2752	1e-23	0.0017858000355772674
2753	1e-23	0.0013976999907754362
2754	1e-23	0.0014005000120960176
2755	1e-23	0.0012718000216409564
2756	1e-23	0.0012043000315316021
2757	1e-23	0.001273999980185181
2758	1e-23	0.0012630000128410757
2759	1e-23	0.001190899987705052
2760	1e-23	0.0013648000312969089
2761	1e-23	0.0012856999528594315
2762	1e-23	0.0012457999982871115
2763	1e-23	0.0014657999854534864
2764	1e-23	0.0013750999933108687
2765	1e-23	0.0012044000322930515
2766	1e-23	0.0012317000073380768
2767	1e-23	0.0012112000258639455
2768	1e-23	0.0012546000070869923
2769	1e-23	0.0012730999733321369
2770	1e-23	0.0013136999914422631
2771	1e-23	0.0012668000417761505
2772	1e-23	0.0012085999478586018
2773	1e-23	0.0015580000472255051
2774	1e-23	0.0012337000225670636
2775	1e-23	0.0011987999896518886
2776	1e-23	0.001501500024460256
2777	1e-23	0.0013000000035390258
2778	1e-23	0.0011972000356763601
2779	1e-23	0.0013386000064201653
2780	1e-23	0.0012421999708749354
2781	1e-23	0.0011760999914258718
2782	1e-23	0.0015246000257320702
2783	1e-23	0.0013158000074326992
2784	1e-23	0.0012801000266335905
2785	1e-23	0.0016496999887749553
2786	1e-23	0.0013815999845974147
2787	1e-23	0.0013092000153847039
2788	1e-23	0.0013866000226698816
2789	1e-23	0.0012469000066630542
2790	1e-23	0.0014744999934919178
2791	1e-23	0.0015536000137217343
2792	1e-23	0.0012060999870300293
2793	1e-23	0.001150700030848384
2794	1e-23	0.0013228000025264919
2795	1e-23	0.0012305999989621341
2796	1e-23	0.0011701000039465725
2797	1e-23	0.00175430002855137
2798	1e-23	0.0014801999786868691
2799	1e-23	0.001136799983214587
2800	1e-23	0.0018171999836340547
2801	1e-23	0.001344399992376566
2802	1e-23	0.0012581999762915075
2803	1e-23	0.001588399987667799
2804	1e-23	0.0011704000062309206
2805	1e-23	0.001473400043323636
2806	1e-23	0.0013084000092931092
2807	1e-23	0.001274599984753877
2808	1e-23	0.0013280999846756458
2809	1e-23	0.0014880000380799174
2810	1e-23	0.001178800011985004
2811	1e-23	0.0013592999894171953
2812	1e-23	0.0014255000278353691
2813	1e-23	0.0012645000242628157
2814	1e-23	0.0011918999953195453
2815	1e-23	0.001279400021303445
2816	1e-23	0.0012347999727353454
2817	1e-23	0.0012923000031150877
2818	1e-23	0.0016139999497681856
2819	1e-23	0.0012901999871246517
2820	1e-23	0.0013738999841734767
2821	1e-23	0.0013604999985545874
2822	1e-23	0.0011086000013165176
2823	1e-23	0.0011266000219620764
2824	1e-23	0.0013432000414468348
2825	1e-23	0.0013538000057451427
2826	1e-23	0.0013006000081077218
2827	1e-23	0.0015427999896928668
2828	1e-23	0.0012544000055640936
2829	1e-23	0.0013787000207230449
2830	1e-23	0.0017704999772831798
2831	1e-23	0.0012929000076837838
2832	1e-23	0.001512399991042912
2833	1e-23	0.0013996000052429736
2834	1e-23	0.001123499998357147
2835	1e-23	0.0016364000039175153
2836	1e-23	0.0013716999674215913
2837	1e-23	0.0011616999981924891
2838	1e-23	0.0012661999789997935
2839	1e-23	0.001277900009881705
2840	1e-23	0.0013008000096306205
2841	1e-23	0.0018250999855808914
2842	1e-23	0.0014791999710723758
2843	1e-23	0.0011608999921008945
2844	1e-23	0.0013046000385656953
2845	1e-23	0.0011748999822884798
2846	1e-23	0.0013418999733403325
2847	1e-23	0.001857499999459833
2848	1e-23	0.0013378000003285706
2849	1e-23	0.0012203999795019627
2850	1e-23	0.0014680000022053719
2851	1e-23	0.0015033999807201326
2852	1e-23	0.0012455999967642128
2853	1e-23	0.0011920000542886555
2854	1e-23	0.0015435999957844615
2855	1e-23	0.0011984999873675406
2856	1e-23	0.0014455000055022538
2857	1e-23	0.0012867999612353742
2858	1e-23	0.0012879000278189778
2859	1e-23	0.0012571000261232257
2860	1e-23	0.0011829999857582152
2861	1e-23	0.0010442999773658812
2862	1e-23	0.0012734000338241458
2863	1e-23	0.0013696000096388161
2864	1e-23	0.0011270000250078738
2865	1e-23	0.0011270999675616622
2866	1e-23	0.0013458000030368567
2867	1e-23	0.0011438000365160406
2868	1e-23	0.0010266000172123313
2869	1e-23	0.0015410000341944396
2870	1e-23	0.0011306999949738383
2871	1e-23	0.0010448000393807888
2872	1e-23	0.0011245000059716403
2873	1e-23	0.001344999996945262
2874	1e-23	0.0011573999654501677
2875	1e-23	0.0011670999811030924
2876	1e-23	0.0013226000010035932
2877	1e-23	0.0011770999990403652
2878	1e-23	0.0010591000318527222
2879	1e-23	0.001256600022315979
2880	1e-23	0.001164299959782511
2881	1e-23	0.0010742999729700387
2882	1e-23	0.001174100034404546
2883	1e-23	0.0012582000344991684
2884	1e-23	0.001088000019080937
2885	1e-23	0.0010492000146768987
2886	1e-23	0.0014659999869763851
2887	1e-23	0.00124299997696653
2888	1e-23	0.00117790000513196
2889	1e-23	0.0018526999629102647
2890	1e-23	0.0013119999784976244
2891	1e-23	0.001260999997612089
2892	1e-23	0.0014128999901004136
2893	1e-23	0.0012372999917715788
2894	1e-23	0.0012135999859310687
2895	1e-23	0.0012006000033579767
2896	1e-23	0.0012747000437229872
2897	1e-23	0.0011566000175662339
2898	1e-23	0.001463599968701601
2899	1e-23	0.0013587000430561602
2900	1e-23	0.0013617000076919794
2901	1e-23	0.0011771999998018146
2902	1e-23	0.0012182999635115266
2903	1e-23	0.0010367999784648418
2904	1e-23	0.0010168999433517456
2905	1e-23	0.0013894999865442514
2906	1e-23	0.0011829999857582152
2907	1e-23	0.001139200001489371
2908	1e-23	0.0015284999972209334
2909	1e-23	0.001606999954674393
2910	1e-23	0.0012602999922819436
2911	1e-23	0.0014964000438340008
2912	1e-23	0.0013974999892525375
2913	1e-23	0.0011632000096142292
2914	1e-23	0.00168599997414276
2915	1e-23	0.0013239000109024346
2916	1e-23	0.001258400036022067
2917	1e-23	0.0013304000021889806
2918	1e-23	0.0011881000245921314
2919	1e-23	0.0010600999812595546
2920	1e-23	0.0013126999838277698
2921	1e-23	0.0011573999654501677
2922	1e-23	0.001181200030259788
2923	1e-23	0.0013730000355280936
2924	1e-23	0.0014467000146396458
2925	1e-23	0.0015124999918043613
2926	1e-23	0.0011609999928623438
2927	1e-23	0.0011875999625772238
2928	1e-23	0.0013593999901786447
2929	1e-23	0.001297099981456995
2930	1e-23	0.0021197000169195235
2931	1e-23	0.0011860000086016953
2932	1e-23	0.0016033999854698777
2933	1e-23	0.0012874999665655196
2934	1e-23	0.0013494999730028212
2935	1e-23	0.001292700006160885
2936	1e-23	0.0011235999991185963
2937	1e-23	0.00105189997702837
2938	1e-23	0.001061399991158396
2939	1e-23	0.001193600008264184
2940	1e-23	0.0010685999877750874
2941	1e-23	0.0010370000381954014
2942	1e-23	0.0013481000205501914
2943	1e-23	0.0011282999766990542
2944	1e-23	0.0010306999902240932
2945	1e-23	0.0011971999774686992
2946	1e-23	0.0012177000171504915
2947	1e-23	0.0012023000163026154
2948	1e-23	0.0014795000315643847
2949	1e-23	0.0012454999960027635
2950	1e-23	0.0012093999539501965
2951	1e-23	0.0011857000063173473
2952	1e-23	0.0014889999874867499
2953	1e-23	0.0012802999699488282
2954	1e-23	0.0011389999999664724
2955	1e-23	0.001589299994520843
2956	1e-23	0.0012653000303544104
2957	1e-23	0.0011103000142611563
2958	1e-23	0.0016691000200808048
2959	1e-23	0.0012846999452449381
2960	1e-23	0.0011422999668866396
2961	1e-23	0.001724699977785349
2962	1e-23	0.0014750999980606139
2963	1e-23	0.0010447999811731279
2964	1e-23	0.0013513999874703586
2965	1e-23	0.0011634000111371279
2966	1e-23	0.0010902999783866107
2967	1e-23	0.0012642000219784677
2968	1e-23	0.001241199963260442
2969	1e-23	0.0011627000058069825
2970	1e-23	0.0014501000405289233
2971	1e-23	0.0013349000364542007
2972	1e-23	0.001238000055309385
2973	1e-23	0.001533100032247603
2974	1e-23	0.0013176000211387873
2975	1e-23	0.0011500000255182385
2976	1e-23	0.0014957999810576439
2977	1e-23	0.0012749999877996743
2978	1e-23	0.0011614999966695905
2979	1e-23	0.0011880999663844705
2980	1e-23	0.0014103000285103917
2981	1e-23	0.0014238000148907304
2982	1e-23	0.0015371000044979155
2983	1e-23	0.0013478000182658434
2984	1e-23	0.0012275000335648656
2985	1e-23	0.001478099962696433
2986	1e-23	0.0015873999800533056
2987	1e-23	0.0012398000108078122
2988	1e-23	0.001149199961218983
2989	1e-23	0.0011500000255182385
2990	1e-23	0.0010458999895490706
2991	1e-23	0.0010307999909855425
2992	1e-23	0.001359499990940094
2993	1e-23	0.001221699989400804
2994	1e-23	0.0013920000055804849
2995	1e-23	0.0013877999735996127
2996	1e-23	0.0012273999745957553
2997	1e-23	0.001069999998435378
2998	1e-23	0.001344699994660914
2999	1e-23	0.001323999953456223
3000	1e-23	0.001129999989643693
