epoch	total	seconds
1	1e-23	0.1916246999753639
2	1e-23	0.0022089999984018505
3	1e-23	0.0015770000172778964
4	1e-23	0.0017843000241555274
5	1e-23	0.001437900005839765
6	1e-23	0.0014097000239416957
7	1e-23	0.0016091999714262784
8	1e-23	0.0012933000107295811
9	1e-23	0.0012072999961674213
10	1e-23	0.0012730999733321369
11	1e-23	0.0015330000314861536
12	1e-23	0.001344399992376566
13	1e-23	0.001233499962836504
14	1e-23	0.0010617999942041934
15	1e-23	0.0012365999864414334
16	1e-23	0.0012131999828852713
17	1e-23	0.001191799994558096
18	1e-23	0.0013910999987274408
19	1e-23	0.001720000000204891
20	1e-23	0.0011896999785676599
21	1e-23	0.0011730000260286033
22	1e-23	0.0011815999750979245
23	1e-23	0.001180600025691092
24	1e-23	0.0012749999877996743
25	1e-23	0.0013627999578602612
26	1e-23	0.0012445999891497195
27	1e-23	0.0011413000174798071
28	1e-23	0.0012325000134296715
29	1e-23	0.00185339996824041
30	1e-23	0.0015413000364787877
31	1e-23	0.0013747999910265207
32	1e-23	0.0009822999709285796
33	1e-23	0.0010776999988593161
34	1e-23	0.0010637000086717308
35	1e-23	0.0009123999625444412
36	1e-23	0.0012102000182494521
37	1e-23	0.0013247999595478177
38	1e-23	0.0011140999849885702
39	1e-23	0.0014605000033043325
40	1e-23	0.0011989999911747873
41	1e-23	0.00109039997914806
42	1e-23	0.0012206000392325222
43	1e-23	0.0012108000228181481
44	1e-23	0.0012555000139400363
45	1e-23	0.0011838999926112592
46	1e-23	0.0015558000304736197
47	1e-23	0.0011970000341534615
48	1e-23	0.001540499972179532
49	1e-23	0.0015785000286996365
50	1e-23	0.0013171000173315406
51	1e-23	0.00145650003105402
52	1e-23	0.0014118999824859202
53	1e-23	0.0012508999789133668
54	1e-23	0.0013422999763861299
55	1e-23	0.0015468999627046287
56	1e-23	0.0016743999440222979
57	1e-23	0.0016326000331901014
58	1e-23	0.0020262000034563243
59	1e-23	0.0016173000331036747
60	1e-23	0.001583700010087341
61	1e-23	0.001032400003168732
62	1e-23	0.0011845999979414046
63	1e-23	0.001136799983214587
64	1e-23	0.001179999962914735
65	1e-23	0.0011884999694302678
66	1e-23	0.00119859998812899
67	1e-23	0.001223200000822544
68	1e-23	0.0013621999532915652
69	1e-23	0.0011980999843217432
70	1e-23	0.0015131999971345067
71	1e-23	0.0015404000296257436
72	1e-23	0.0013229000032879412
73	1e-23	0.001393800019286573
74	1e-23	0.0017616000259295106
75	1e-23	0.0015765999560244381
76	1e-23	0.0018604000215418637
77	1e-23	0.0012037999695166945
78	1e-23	0.0011845999979414046
79	1e-23	0.0012215999886393547
80	1e-23	0.001334100030362606
81	1e-23	0.0014116999809630215
82	1e-23	0.0012525999918580055
83	1e-23	0.0011907000443898141
84	1e-23	0.001212199975270778
85	1e-23	0.001207799999974668
86	1e-23	0.0011839000508189201
87	1e-23	0.0011974999797530472
88	1e-23	0.0011571000213734806
89	1e-23	0.0015706999693065882
90	1e-23	0.0011949000181630254
91	1e-23	0.0010032999562099576
92	1e-23	0.0013055999879725277
93	1e-23	0.0011582999723032117
94	1e-23	0.0010726000182330608
95	1e-23	0.0009824999724514782
96	1e-23	0.001080899965018034
97	1e-23	0.001417500025127083
98	1e-23	0.001775600016117096
99	1e-23	0.0013170000165700912
100	1e-23	0.000989799969829619
101	1e-23	0.0009236999903805554
102	1e-23	0.0008210000232793391
103	1e-23	0.0010586000280454755
104	1e-23	0.001358899986371398
105	1e-23	0.001241500023752451
106	1e-23	0.0012277999776415527
107	1e-23	0.0012665999820455909
108	1e-23	0.0012305999989621341
109	1e-23	0.0011798000195994973
110	1e-23	0.001301199954468757
111	1e-23	0.0012704000109806657
112	1e-23	0.0012670999858528376
113	1e-23	0.0011912999907508492
114	1e-23	0.0012345000286586583
115	1e-23	0.0011751999845728278
116	1e-23	0.0012054000399075449
117	1e-23	0.0013213999918662012
118	1e-23	0.0013212000485509634
119	1e-23	0.001276399998459965
120	1e-23	0.0012695000041276217
121	1e-23	0.001292100001592189
122	1e-23	0.0012454999960027635
123	1e-23	0.0012020000140182674
124	1e-23	0.0011109000188298523
125	1e-23	0.001185900007840246
126	1e-23	0.0011642000172287226
127	1e-23	0.0013537000049836934
128	1e-23	0.0014193999813869596
129	1e-23	0.0016479000332765281
130	1e-23	0.0011699000024236739
131	1e-23	0.0011071999906562269
132	1e-23	0.001416900020558387
133	1e-23	0.0012317000073380768
134	1e-23	0.0012313000042922795
135	1e-23	0.001310399966314435
136	1e-23	0.001303600030951202
137	1e-23	0.0012160000042058527
138	1e-23	0.0016217000083997846
139	1e-23	0.0012599999899975955
140	1e-23	0.0012454999960027635
141	1e-23	0.0012598999892361462
142	1e-23	0.001186200010124594
143	1e-23	0.0010390999959781766
144	1e-23	0.0010237999958917499
145	1e-23	0.00104010000359267
146	1e-23	0.0010819999733939767
147	1e-23	0.0015646999818272889
148	1e-23	0.0013349999790079892
149	1e-23	0.001057000015862286
150	1e-23	0.0012150999973528087
151	1e-23	0.001038899994455278
152	1e-23	0.001216700009535998
153	1e-23	0.0013162000104784966
154	1e-23	0.0012522999895736575
155	1e-23	0.0013008000096306205
156	1e-23	0.0012682999949902296
157	1e-23	0.0012435000389814377
158	1e-23	0.0012870999635197222
159	1e-23	0.0011955000227317214
160	1e-23	0.001597900001797825
161	1e-23	0.0012069999938830733
162	1e-23	0.0010813999688252807
163	1e-23	0.0014712000265717506
164	1e-23	0.0017330999835394323
165	1e-23	0.001289699983317405
166	1e-23	0.0012354999780654907
167	1e-23	0.0013655000366270542
168	1e-23	0.0012933000107295811
169	1e-23	0.0012069999938830733
170	1e-23	0.0013316000113263726
171	1e-23	0.0012156000011600554
172	1e-23	0.0011796000180765986
173	1e-23	0.00117500004125759
174	1e-23	0.0011680999887175858
175	1e-23	0.0011442999821156263
176	1e-23	0.0010905000381171703
177	1e-23	0.0011710000107996166
178	1e-23	0.0009791000047698617
179	1e-23	0.0010144999832846224
180	1e-23	0.001129999989643693
181	1e-23	0.0012514999834820628
182	1e-23	0.0010572999599389732
183	1e-23	0.0010780000011436641
184	1e-23	0.0011410000151954591
185	1e-23	0.0010109000140801072
186	1e-23	0.0012354999780654907
187	1e-23	0.0014097000239416957
188	1e-23	0.001180599967483431
189	1e-23	0.0016199999954551458
190	1e-23	0.0013563999673351645
191	1e-23	0.00141629995778203
192	1e-23	0.001150399970356375
193	1e-23	0.001313099986873567
194	1e-23	0.0011722000199370086
195	1e-23	0.0011504999711178243
196	1e-23	0.0010103000095114112
197	1e-23	0.0011882000253535807
198	1e-23	0.001532800029963255
199	1e-23	0.0012203999795019627
200	1e-23	0.001065499964170158
201	1e-23	0.0015048999921418726
202	1e-23	0.001308599952608347
203	1e-23	0.0018074000254273415
204	1e-23	0.0012241000076755881
205	1e-23	0.0013345000334084034
206	1e-23	0.001193300005979836
207	1e-23	0.0012103000190109015
208	1e-23	0.0012679000501520932
209	1e-23	0.001148299954365939
210	1e-23	0.0012501999735832214
211	1e-23	0.0011905999854207039
212	1e-23	0.0013336999691091478
213	1e-23	0.0014823999954387546
214	1e-23	0.0014097000239416957
215	1e-23	0.0012965999776497483
216	1e-23	0.0022936000023037195
217	1e-23	0.001500600017607212
218	1e-23	0.001258400036022067
219	1e-23	0.001214599993545562
220	1e-23	0.0012687999987974763
221	1e-23	0.0012365999864414334
222	1e-23	0.0012583000352606177
223	1e-23	0.0012381999986246228
224	1e-23	0.0014885999844409525
225	1e-23	0.0013817999861203134
226	1e-23	0.0013046000385656953
227	1e-23	0.0012923999456688762
228	1e-23	0.0012073999969288707
229	1e-23	0.0015425000456161797
230	1e-23	0.0012465999461710453
231	1e-23	0.0012904999894089997
232	1e-23	0.001233800023328513
233	1e-23	0.0013348000356927514
234	1e-23	0.0012687999987974763
235	1e-23	0.0011929000029340386
236	1e-23	0.0012835999950766563
237	1e-23	0.0014280000468716025
238	1e-23	0.0013167000142857432
239	1e-23	0.001576900016516447
240	1e-23	0.0013309000059962273
241	1e-23	0.001139200001489371
242	1e-23	0.0010649000178091228
243	1e-23	0.0012115000281482935
244	1e-23	0.0011794000165537
245	1e-23	0.0012933000107295811
246	1e-23	0.001993899990338832
247	1e-23	0.0017952999914996326
248	1e-23	0.0017362000071443617
249	1e-23	0.0012258000206202269
250	1e-23	0.0011307999957352877
251	1e-23	0.001192099996842444
252	1e-23	0.001381099980790168
253	1e-23	0.0014762000064365566
254	1e-23	0.001666199997998774
255	1e-23	0.0013868999667465687
256	1e-23	0.0010535000474192202
257	1e-23	0.002016899990849197
258	1e-23	0.0016388000221922994
259	1e-23	0.0014556999667547643
260	1e-23	0.001204199972562492
261	1e-23	0.001387899974361062
262	1e-23	0.0011911999899894
263	1e-23	0.001685700030066073
264	1e-23	0.001298599992878735
265	1e-23	0.001312199980020523
266	1e-23	0.0013981999945826828
267	1e-23	0.0015299000078812242
268	1e-23	0.002153499983251095
269	1e-23	0.0013762000016868114
270	1e-23	0.0011932000052183867
271	1e-23	0.001291499997023493
272	1e-23	0.0013162000104784966
273	1e-23	0.0014500999823212624
274	1e-23	0.0018090999801643193
275	1e-23	0.0014889999874867499
276	1e-23	0.0015984000056050718
277	1e-23	0.001477499958127737
278	1e-23	0.0012877000262960792
279	1e-23	0.0012304999982006848
280	1e-23	0.001366299984510988
281	1e-23	0.0011807000264525414
282	1e-23	0.0016683000139892101
283	1e-23	0.0013769000070169568
284	1e-23	0.001241500023752451
285	1e-23	0.0013167000142857432
286	1e-23	0.0012904000468552113
287	1e-23	0.001198299985844642
288	1e-23	0.0011734000290744007
289	1e-23	0.0013778000138700008
290	1e-23	0.0014001000090502203
291	1e-23	0.0012952000251971185
292	1e-23	0.0014839000068604946
293	1e-23	0.0011959000257775187
294	1e-23	0.0012020000140182674
295	1e-23	0.0012037000269629061
296	1e-23	0.0015221000066958368
297	1e-23	0.0012701000086963177
298	1e-23	0.0014532000059261918
299	1e-23	0.0014207000494934618
300	1e-23	0.0013752999948337674
301	1e-23	0.0013618000084534287
302	1e-23	0.0012734000338241458
303	1e-23	0.0012642999645322561
304	1e-23	0.0012807000312022865
305	1e-23	0.0012791999615728855
306	1e-23	0.0012176000163890421
307	1e-23	0.0014612000086344779
308	1e-23	0.0015830000047571957
309	1e-23	0.0015704999677836895
310	1e-23	0.0013756000553257763
311	1e-23	0.0012509999796748161
312	1e-23	0.00182679999852553
313	1e-23	0.0014444999978877604
314	1e-23	0.001282599987462163
315	1e-23	0.0012695000041276217
316	1e-23	0.0013054999872110784
317	1e-23	0.0012387000024318695
318	1e-23	0.0011953000212088227
319	1e-23	0.0012309000012464821
320	1e-23	0.0012347999727353454
321	1e-23	0.0013213999918662012
322	1e-23	0.0012861000141128898
323	1e-23	0.0013865000219084322
324	1e-23	0.0015378999523818493
325	1e-23	0.0013280000421218574
326	1e-23	0.00120900000911206
327	1e-23	0.0015865000314079225
328	1e-23	0.0012592999846674502
329	1e-23	0.0012092000106349587
330	1e-23	0.0013092999579384923
331	1e-23	0.0012237000046297908
332	1e-23	0.001211299968417734
333	1e-23	0.0011870000162161887
334	1e-23	0.0011242000036872923
335	1e-23	0.0017266999930143356
336	1e-23	0.0013026000233367085
337	1e-23	0.0012597999884746969
338	1e-23	0.001164899964351207
339	1e-23	0.0011672000400722027
340	1e-23	0.00150379998376593
341	1e-23	0.0012153999996371567
342	1e-23	0.0012092999531887472
343	1e-23	0.0014213999966159463
344	1e-23	0.001137999992351979
345	1e-23	0.0011110000195913017
346	1e-23	0.0012118000304326415
347	1e-23	0.0015282999956980348
348	1e-23	0.0012362999841570854
349	1e-23	0.0012421999708749354
350	1e-23	0.0012681999942287803
351	1e-23	0.0011545000015757978
352	1e-23	0.001111100020352751
353	1e-23	0.0012452999944798648
354	1e-23	0.001145099988207221
355	1e-23	0.0010297999833710492
356	1e-23	0.0015281999949365854
357	1e-23	0.0012233000015839934
358	1e-23	0.001393799961078912
359	1e-23	0.00209060002816841
360	1e-23	0.0012470000074245036
361	1e-23	0.0011847999994643033
362	1e-23	0.001484000007621944
363	1e-23	0.0011479000095278025
364	1e-23	0.0012469000066630542
365	1e-23	0.0012959000305272639
366	1e-23	0.0012209000415168703
367	1e-23	0.0011531999916769564
368	1e-23	0.0012550000101327896
369	1e-23	0.0012159000034444034
370	1e-23	0.0013161000097170472
371	1e-23	0.001282899989746511
372	1e-23	0.0014644000330008566
373	1e-23	0.0011900999816134572
374	1e-23	0.0012617000029422343
375	1e-23	0.001272000023163855
376	1e-23	0.0012370999902486801
377	1e-23	0.0012203999795019627
378	1e-23	0.0014703000197187066
379	1e-23	0.0012896000407636166
380	1e-23	0.0012138000456616282
381	1e-23	0.0012190999696031213
382	1e-23	0.0018933999817818403
383	1e-23	0.0013902000500820577
384	1e-23	0.0013021999620832503
385	1e-23	0.0012401000130921602
386	1e-23	0.0013556000194512308
387	1e-23	0.001243599981535226
388	1e-23	0.0012442999868653715
389	1e-23	0.0011009000008925796
390	1e-23	0.0015027999761514366
391	1e-23	0.0012438999838195741
392	1e-23	0.0011913999915122986
393	1e-23	0.0012647999683395028
394	1e-23	0.0013380000018514693
395	1e-23	0.0013084000092931092
396	1e-23	0.0012247000122442842
397	1e-23	0.0012580999755300581
398	1e-23	0.001291199994739145
399	1e-23	0.001308899954892695
400	1e-23	0.0011819000355899334
401	1e-23	0.0010927999974228442
402	1e-23	0.0011346000246703625
403	1e-23	0.0013003999483771622
404	1e-23	0.0011039000237360597
405	1e-23	0.0010441999766044319
406	1e-23	0.0012537000002339482
407	1e-23	0.001479000027757138
408	1e-23	0.001160499989055097
409	1e-23	0.0011394000030122697
410	1e-23	0.0012397000100463629
411	1e-23	0.0011483000125735998
412	1e-23	0.001088600023649633
413	1e-23	0.0012946000206284225
414	1e-23	0.001218699966557324
415	1e-23	0.0011608999921008945
416	1e-23	0.0012721000239253044
417	1e-23	0.0012452999944798648
418	1e-23	0.0014683000044897199
419	1e-23	0.001132100005634129
420	1e-23	0.001247400010470301
421	1e-23	0.0010857000015676022
422	1e-23	0.0010815999703481793
423	1e-23	0.0013760999427177012
424	1e-23	0.0012189000262878835
425	1e-23	0.0011560000129975379
426	1e-23	0.0012722000246867537
427	1e-23	0.0012188000255264342
428	1e-23	0.0011535999947227538
429	1e-23	0.001174400036688894
430	1e-23	0.0015957000432536006
431	1e-23	0.001166399975772947
432	1e-23	0.0010844999924302101
433	1e-23	0.0014483999693766236
434	1e-23	0.0011734000290744007
435	1e-23	0.0010821999749168754
436	1e-23	0.001159899984486401
437	1e-23	0.001104300026781857
438	1e-23	0.001074100029654801
439	1e-23	0.0010920999920926988
440	1e-23	0.0010996999917551875
441	1e-23	0.0011148000485263765
442	1e-23	0.0010440999758429825
443	1e-23	0.001271700020879507
444	1e-23	0.0012595000443980098
445	1e-23	0.0011755999876186252
446	1e-23	0.0012089000083506107
447	1e-23	0.0012037999695166945
448	1e-23	0.0011766999959945679
449	1e-23	0.001138899999205023
450	1e-23	0.0011384999961592257
451	1e-23	0.0011076999944634736
452	1e-23	0.0011377999908290803
453	1e-23	0.0011978999827988446
454	1e-23	0.0012753999908454716
455	1e-23	0.001249500026460737
456	1e-23	0.00120900000911206
457	1e-23	0.0012235000031068921
458	1e-23	0.0011525999871082604
459	1e-23	0.0012758000520989299
460	1e-23	0.001657600048929453
461	1e-23	0.001188600028399378
462	1e-23	0.001396199979353696
463	1e-23	0.0015923000173643231
464	1e-23	0.0011862999526783824
465	1e-23	0.0011454999912530184
466	1e-23	0.001198299985844642
467	1e-23	0.0015030000358819962
468	1e-23	0.001146599999628961
469	1e-23	0.0011617999989539385
470	1e-23	0.001138899999205023
471	1e-23	0.001118500018492341
472	1e-23	0.001234700030181557
473	1e-23	0.0012389999465085566
474	1e-23	0.0011203999747522175
475	1e-23	0.0011597999837249517
476	1e-23	0.0011906999861821532
477	1e-23	0.0012524999910965562
478	1e-23	0.0011463999981060624
479	1e-23	0.001240600016899407
480	1e-23	0.0013021999620832503
481	1e-23	0.0011209999793209136
482	1e-23	0.001061100047081709
483	1e-23	0.0011129999766126275
484	1e-23	0.0010477000032551587
485	1e-23	0.0010875000152736902
486	1e-23	0.0010806000209413469
487	1e-23	0.0012141999904997647
488	1e-23	0.0011854000040329993
489	1e-23	0.0011292000417597592
490	1e-23	0.0012469000066630542
491	1e-23	0.001311899977736175
492	1e-23	0.0012060999870300293
493	1e-23	0.0012181000201962888
494	1e-23	0.0011829999857582152
495	1e-23	0.0011755999876186252
496	1e-23	0.001103400019928813
497	1e-23	0.0012067999923601747
498	1e-23	0.0012490000226534903
499	1e-23	0.0011478999513201416
500	1e-23	0.001242099970113486
501	1e-23	0.0011871999595314264
502	1e-23	0.0010682999854907393
503	1e-23	0.001123800000641495
504	1e-23	0.001135599974077195
505	1e-23	0.001298299990594387
506	1e-23	0.001487300032749772
507	1e-23	0.0013352000387385488
508	1e-23	0.0012519999872893095
509	1e-23	0.001362500013783574
510	1e-23	0.0012792000197805464
511	1e-23	0.0011444000410847366
512	1e-23	0.0011475000064820051
513	1e-23	0.001117900013923645
514	1e-23	0.001450299983844161
515	1e-23	0.0012269000289961696
516	1e-23	0.0011754999868571758
517	1e-23	0.0013293000520206988
518	1e-23	0.0013017000164836645
519	1e-23	0.0012565000215545297
520	1e-23	0.0012487000203691423
521	1e-23	0.0011541000567376614
522	1e-23	0.0018427000031806529
523	1e-23	0.0012936000130139291
524	1e-23	0.001331100007519126
525	1e-23	0.0014560000272467732
526	1e-23	0.0012193999718874693
527	1e-23	0.001201300008688122
528	1e-23	0.001526299980469048
529	1e-23	0.0012700000079348683
530	1e-23	0.0012449999921955168
531	1e-23	0.0012386000016704202
532	1e-23	0.001264300022739917
533	1e-23	0.0013380000018514693
534	1e-23	0.0019356999546289444
535	1e-23	0.00123559997882694
536	1e-23	0.0010996999917551875
537	1e-23	0.0014115000376477838
538	1e-23	0.001411300036124885
539	1e-23	0.0012180000194348395
540	1e-23	0.001719099993351847
541	1e-23	0.0012255000183358788
542	1e-23	0.00119859998812899
543	1e-23	0.0011336999596096575
544	1e-23	0.001554700022097677
545	1e-23	0.0016775999683886766
546	1e-23	0.0011368000414222479
547	1e-23	0.0010998999932780862
548	1e-23	0.001116100000217557
549	1e-23	0.0008764999802224338
550	1e-23	0.0010463999933563173
551	1e-23	0.0015192999853752553
552	1e-23	0.001240300014615059
553	1e-23	0.0011874999618157744
554	1e-23	0.0014853000175207853
555	1e-23	0.001130599994212389
556	1e-23	0.001292100001592189
557	1e-23	0.0011820999789051712
558	1e-23	0.0012025999603793025
559	1e-23	0.0012173000141046941
560	1e-23	0.001290599990170449
561	1e-23	0.001139200001489371
562	1e-23	0.001680999994277954
563	1e-23	0.0013312000082805753
564	1e-23	0.0011053999769501388
565	1e-23	0.0010584000265225768
566	1e-23	0.0011554000084288418
567	1e-23	0.0011271999683231115
568	1e-23	0.0011097000096924603
569	1e-23	0.0011155999964103103
570	1e-23	0.0011320000048726797
571	1e-23	0.001097800035495311
572	1e-23	0.00116460002027452
573	1e-23	0.0010359999723732471
574	1e-23	0.0011515000369399786
575	1e-23	0.0016030999831855297
576	1e-23	0.0012984999921172857
577	1e-23	0.001193900010548532
578	1e-23	0.0011050000321120024
579	1e-23	0.001074699976015836
580	1e-23	0.0011564000160433352
581	1e-23	0.0010779000003822148
582	1e-23	0.0010448999819345772
583	1e-23	0.0011193000245839357
584	1e-23	0.0011921999976038933
585	1e-23	0.0011864000116474926
586	1e-23	0.0011279999744147062
587	1e-23	0.0011806999682448804
588	1e-23	0.0012980999890714884
589	1e-23	0.0011538999970071018
590	1e-23	0.001257800031453371
591	1e-23	0.0013184999697841704
592	1e-23	0.0011970000341534615
593	1e-23	0.0011136999819427729
594	1e-23	0.0011789000127464533
595	1e-23	0.0011564000160433352
596	1e-23	0.0011473000049591064
597	1e-23	0.001205099979415536
598	1e-23	0.0012796000228263438
599	1e-23	0.00119859998812899
600	1e-23	0.0012843000004068017
601	1e-23	0.0012194999726489186
602	1e-23	0.0011545000015757978
603	1e-23	0.0011855000047944486
604	1e-23	0.001240899960976094
605	1e-23	0.0012117999722249806
606	1e-23	0.0011246000067330897
607	1e-23	0.001215199998114258
608	1e-23	0.0011636000126600266
609	1e-23	0.0011687999940477312
610	1e-23	0.0010843999916687608
611	1e-23	0.0011663000332191586
612	1e-23	0.001380800036713481
613	1e-23	0.0014835000038146973
614	1e-23	0.0012473000097088516
615	1e-23	0.001151599979493767
616	1e-23	0.001179100014269352
617	1e-23	0.0012394000077620149
618	1e-23	0.0012852000072598457
619	1e-23	0.0012395000085234642
620	1e-23	0.001137699990067631
621	1e-23	0.0011211999808438122
622	1e-23	0.0011230000527575612
623	1e-23	0.0010946000111289322
624	1e-23	0.0012146999943070114
625	1e-23	0.0012129999813623726
626	1e-23	0.001115799997933209
627	1e-23	0.0011473000049591064
628	1e-23	0.0010748999775387347
629	1e-23	0.0010898999753408134
630	1e-23	0.0010551000013947487
631	1e-23	0.0011150999926030636
632	1e-23	0.0011555000091902912
633	1e-23	0.0010502999648451805
634	1e-23	0.0010723000159487128
635	1e-23	0.0010953000164590776
636	1e-23	0.001076199987437576
637	1e-23	0.0017130000051110983
638	1e-23	0.001173499971628189
639	1e-23	0.0010863000061362982
640	1e-23	0.0010830999817699194
641	1e-23	0.001184699998702854
642	1e-23	0.0012119000311940908
643	1e-23	0.0011028999579139054
644	1e-23	0.0011322000063955784
645	1e-23	0.0013472000136971474
646	1e-23	0.001450300042051822
647	1e-23	0.0010965000255964696
648	1e-23	0.0011325000086799264
649	1e-23	0.0014658999862149358
650	1e-23	0.0012407000176608562
651	1e-23	0.0010817000293172896
652	1e-23	0.0009747000294737518
653	1e-23	0.0012393000070005655
654	1e-23	0.00120009999955073
655	1e-23	0.0012156000011600554
656	1e-23	0.001096899970434606
657	1e-23	0.0009409000049345195
658	1e-23	0.0012614000006578863
659	1e-23	0.0012129000388085842
660	1e-23	0.0010127999703399837
661	1e-23	0.000965000013820827
662	1e-23	0.0012948000221513212
663	1e-23	0.0011815999750979245
664	1e-23	0.0012534999987110496
665	1e-23	0.0011757000465877354
666	1e-23	0.0011950000189244747
667	1e-23	0.001171400013845414
668	1e-23	0.0011030000168830156
669	1e-23	0.0011246000067330897
670	1e-23	0.0012045999756082892
671	1e-23	0.0011838999926112592
672	1e-23	0.0011346000246703625
673	1e-23	0.0011563999578356743
674	1e-23	0.0016374000115320086
675	1e-23	0.0011603999882936478
676	1e-23	0.001164300017990172
677	1e-23	0.0011849000002257526
678	1e-23	0.0010990999871864915
679	1e-23	0.0011436999775469303
680	1e-23	0.0010289999772794545
681	1e-23	0.0010159999947063625
682	1e-23	0.0010609999881125987
683	1e-23	0.0011271000257693231
684	1e-23	0.0010323000024072826
685	1e-23	0.001081199967302382
686	1e-23	0.0011185999610461295
687	1e-23	0.0011696000001393259
688	1e-23	0.001309799961745739
689	1e-23	0.001148899958934635
690	1e-23	0.0011523999855853617
691	1e-23	0.0010935000027529895
692	1e-23	0.0010987999849021435
693	1e-23	0.001152199984062463
694	1e-23	0.0011600000434555113
695	1e-23	0.0010509000276215374
696	1e-23	0.0010287000332027674
697	1e-23	0.0011931000044569373
698	1e-23	0.0011298999888822436
699	1e-23	0.001172900025267154
700	1e-23	0.001586899976246059
701	1e-23	0.0011436999775469303
702	1e-23	0.0009567999513819814
703	1e-23	0.0009045999613590539
704	1e-23	0.001331699953880161
705	1e-23	0.000837799976579845
706	1e-23	0.0008512000204063952
707	1e-23	0.0008991000358946621
708	1e-23	0.0012160000042058527
709	1e-23	0.001094500010367483
710	1e-23	0.0008769999840296805
711	1e-23	0.000846999988425523
712	1e-23	0.0012303999974392354
713	1e-23	0.001091600046493113
714	1e-23	0.001141499960795045
715	1e-23	0.0012100999592803419
716	1e-23	0.0012231000000610948
717	1e-23	0.0011365999816916883
718	1e-23	0.0011304999934509397
719	1e-23	0.0011917000520043075
720	1e-23	0.001240899960976094
721	1e-23	0.001144500041846186
722	1e-23	0.0010594999766908586
723	1e-23	0.0011582000297494233
724	1e-23	0.0010710999486036599
725	1e-23	0.001121699984651059
726	1e-23	0.0011140000424347818
727	1e-23	0.0013334000250324607
728	1e-23	0.001516799966339022
729	1e-23	0.0011252000113017857
730	1e-23	0.0011721999617293477
731	1e-23	0.0011039000237360597
732	1e-23	0.0010689999908208847
733	1e-23	0.0012517999857664108
734	1e-23	0.0010115000186488032
735	1e-23	0.001027400023303926
736	1e-23	0.0010730000212788582
737	1e-23	0.001112000027205795
738	1e-23	0.0010053000296466053
739	1e-23	0.0010799000156112015
740	1e-23	0.0016063000075519085
741	1e-23	0.001207799999974668
742	1e-23	0.001117299951147288
743	1e-23	0.0011944000143557787
744	1e-23	0.0011792999575845897
745	1e-23	0.0011289999820291996
746	1e-23	0.0011018000077456236
747	1e-23	0.0011354000307619572
748	1e-23	0.0010754999821074307
749	1e-23	0.001098400040064007
750	1e-23	0.001152199984062463
751	1e-23	0.0011964000295847654
752	1e-23	0.0011341000208631158
753	1e-23	0.0011726999655365944
754	1e-23	0.0012241000076755881
755	1e-23	0.0012508999789133668
756	1e-23	0.0011722000199370086
757	1e-23	0.0011458999942988157
758	1e-23	0.0011904999846592546
759	1e-23	0.0011630000080913305
760	1e-23	0.0012332000187598169
761	1e-23	0.0011973999789915979
762	1e-23	0.001414500002283603
763	1e-23	0.0011280999751761556
764	1e-23	0.0013019000180065632
765	1e-23	0.0013086000108160079
766	1e-23	0.001375499996356666
767	1e-23	0.001240299956407398
768	1e-23	0.0012190999696031213
769	1e-23	0.0012384000001475215
770	1e-23	0.001157500024419278
771	1e-23	0.0011557000107131898
772	1e-23	0.0011733000283129513
773	1e-23	0.0011652999673970044
774	1e-23	0.001143599976785481
775	1e-23	0.0012602999922819436
776	1e-23	0.001227899978403002
777	1e-23	0.0014731999835930765
778	1e-23	0.0014481000252999365
779	1e-23	0.001371299964375794
780	1e-23	0.0013691000058315694
781	1e-23	0.0015445000026375055
782	1e-23	0.0012266000267118216
783	1e-23	0.0012203999795019627
784	1e-23	0.0010492000146768987
785	1e-23	0.0013223999994806945
786	1e-23	0.001334100030362606
787	1e-23	0.0011849000002257526
788	1e-23	0.0011501000262796879
789	1e-23	0.001297999988310039
790	1e-23	0.0012962999753654003
791	1e-23	0.0012212999863550067
792	1e-23	0.0012718999641947448
793	1e-23	0.0013408000231720507
794	1e-23	0.0012295000487938523
795	1e-23	0.0011431000311858952
796	1e-23	0.001185600005555898
797	1e-23	0.0011633000103756785
798	1e-23	0.0011405000113882124
799	1e-23	0.0012110000243410468
800	1e-23	0.0011338000185787678
801	1e-23	0.001115799997933209
802	1e-23	0.0011719000176526606
803	1e-23	0.001213999988976866
804	1e-23	0.0010950000141747296
805	1e-23	0.0011106000165455043
806	1e-23	0.0011475000064820051
807	1e-23	0.0010744999744929373
808	1e-23	0.001093899947591126
809	1e-23	0.0010531000443734229
810	1e-23	0.0011682999902404845
811	1e-23	0.001195400021970272
812	1e-23	0.0011316000018268824
813	1e-23	0.001290899992454797
814	1e-23	0.0012178000179119408
815	1e-23	0.001218699966557324
816	1e-23	0.001186200010124594
817	1e-23	0.001207799999974668
818	1e-23	0.0011903000413440168
819	1e-23	0.001101000001654029
820	1e-23	0.0012425000313669443
821	1e-23	0.0010889999684877694
822	1e-23	0.0010963999666273594
823	1e-23	0.001061099988874048
824	1e-23	0.001214299991261214
825	1e-23	0.0011422000243328512
826	1e-23	0.0010853999992832541
827	1e-23	0.0011254000128246844
828	1e-23	0.0012495999690145254
829	1e-23	0.0011861000093631446
830	1e-23	0.0011119999689981341
831	1e-23	0.0011639000149443746
832	1e-23	0.0011206000344827771
833	1e-23	0.0011606999905779958
834	1e-23	0.0011224000481888652
835	1e-23	0.0011220999876968563
836	1e-23	0.0009898000280372798
837	1e-23	0.001316600013524294
838	1e-23	0.0011780000058934093
839	1e-23	0.0012419000267982483
840	1e-23	0.0011258999584242702
841	1e-23	0.0016153999604284763
842	1e-23	0.0012637999607250094
843	1e-23	0.0011521000415086746
844	1e-23	0.0011617999989539385
845	1e-23	0.0011668999795801938
846	1e-23	0.0011924999998882413
847	1e-23	0.0011634999536909163
848	1e-23	0.0011381999938748777
849	1e-23	0.0010899999761022627
850	1e-23	0.0010813000262714922
851	1e-23	0.0011107000173069537
852	1e-23	0.001209900015965104
853	1e-23	0.0011192000238224864
854	1e-23	0.001171700016129762
855	1e-23	0.001123800000641495
856	1e-23	0.0010695999953895807
857	1e-23	0.001053099986165762
858	1e-23	0.0011422000243328512
859	1e-23	0.001102800015360117
860	1e-23	0.0010678000398911536
861	1e-23	0.0010498000192455947
862	1e-23	0.0011347000254318118
863	1e-23	0.0011326000094413757
864	1e-23	0.0010590000310912728
865	1e-23	0.001067299977876246
866	1e-23	0.0012082000030204654
867	1e-23	0.0012188000255264342
868	1e-23	0.001367799995932728
869	1e-23	0.0013114999746903777
870	1e-23	0.0011742000351659954
871	1e-23	0.001281999982893467
872	1e-23	0.0011809999705292284
873	1e-23	0.001208100002259016
874	1e-23	0.001131199998781085
875	1e-23	0.0011035000206902623
876	1e-23	0.0011931000044569373
877	1e-23	0.001130299991928041
878	1e-23	0.0010910999844782054
879	1e-23	0.0011295000440441072
880	1e-23	0.0012894999817945063
881	1e-23	0.0011962999706156552
882	1e-23	0.00105339998845011
883	1e-23	0.0011044999700970948
884	1e-23	0.0010372999822720885
885	1e-23	0.0010605999850668013
886	1e-23	0.0010615999926812947
887	1e-23	0.0011854000040329993
888	1e-23	0.001166699978057295
889	1e-23	0.0011009000008925796
890	1e-23	0.001179700018838048
891	1e-23	0.0012532999971881509
892	1e-23	0.0010844999924302101
893	1e-23	0.0010392999975010753
894	1e-23	0.0012407000176608562
895	1e-23	0.001229099987540394
896	1e-23	0.0011320000048726797
897	1e-23	0.001470999966841191
898	1e-23	0.0011709000100381672
899	1e-23	0.0011931000044569373
900	1e-23	0.001236799987964332
901	1e-23	0.0014587000478059053
902	1e-23	0.001431400014553219
903	1e-23	0.001233500021044165
904	1e-23	0.0011952000204473734
905	1e-23	0.00104750000173226
906	1e-23	0.0017587000038474798
907	1e-23	0.0013022000202909112
908	1e-23	0.001305700046941638
909	1e-23	0.0013133999891579151
910	1e-23	0.0012922000023536384
911	1e-23	0.0012216000468470156
912	1e-23	0.0010691999923437834
913	1e-23	0.0011917000520043075
914	1e-23	0.001147200004197657
915	1e-23	0.0010585999698378146
916	1e-23	0.0011989999911747873
917	1e-23	0.0014480000245384872
918	1e-23	0.0014205999905243516
919	1e-23	0.001205399981699884
920	1e-23	0.001261600002180785
921	1e-23	0.0011492000194266438
922	1e-23	0.0010639000101946294
923	1e-23	0.0012834000517614186
924	1e-23	0.0012803000281564891
925	1e-23	0.0011288999812677503
926	1e-23	0.0013710000202991068
927	1e-23	0.001137399987783283
928	1e-23	0.0011608999921008945
929	1e-23	0.0014722999767400324
930	1e-23	0.001636000000871718
931	1e-23	0.0014856000198051333
932	1e-23	0.0014759000041522086
933	1e-23	0.0011834999895654619
934	1e-23	0.0011754999868571758
935	1e-23	0.0014303000061772764
936	1e-23	0.0011079999967478216
937	1e-23	0.001151599979493767
938	1e-23	0.0011833999888040125
939	1e-23	0.0011032999609597027
940	1e-23	0.0010993999894708395
941	1e-23	0.00119859998812899
942	1e-23	0.0012738999794237316
943	1e-23	0.0012381000560708344
944	1e-23	0.0011879999656230211
945	1e-23	0.0016321000293828547
946	1e-23	0.0012737000361084938
947	1e-23	0.0011558000114746392
948	1e-23	0.001156899961642921
949	1e-23	0.001254200004041195
950	1e-23	0.0011463999981060624
951	1e-23	0.0011590999783948064
952	1e-23	0.0012382999993860722
953	1e-23	0.0011538999970071018
954	1e-23	0.001255699957255274
955	1e-23	0.001221699989400804
956	1e-23	0.0014288999955169857
957	1e-23	0.0011715000146068633
958	1e-23	0.0012428999762050807
959	1e-23	0.0011690999963320792
960	1e-23	0.001027400023303926
961	1e-23	0.0011140999849885702
962	1e-23	0.001096000021789223
963	1e-23	0.0010460999910719693
964	1e-23	0.0010437999735586345
965	1e-23	0.0010790000087581575
966	1e-23	0.0012678999919444323
967	1e-23	0.001185600005555898
968	1e-23	0.0011735999723896384
969	1e-23	0.0011397999478504062
970	1e-23	0.0011911999899894
971	1e-23	0.0011550000053830445
972	1e-23	0.0012434000382199883
973	1e-23	0.0010786000057123601
974	1e-23	0.0012524999910965562
975	1e-23	0.0012455999967642128
976	1e-23	0.0011528999893926084
977	1e-23	0.0011590999783948064
978	1e-23	0.0010921999928541481
979	1e-23	0.0014664999907836318
980	1e-23	0.0013065999955870211
981	1e-23	0.0011544000008143485
982	1e-23	0.0015234000165946782
983	1e-23	0.0011496000224724412
984	1e-23	0.0011059999815188348
985	1e-23	0.0011623000027611852
986	1e-23	0.0011338999611325562
987	1e-23	0.0010644000140018761
988	1e-23	0.0010467000538483262
989	1e-23	0.0011741999769583344
990	1e-23	0.0011317000025883317
991	1e-23	0.0010803000186569989
992	1e-23	0.001262499950826168
993	1e-23	0.0015162000199779868
994	1e-23	0.0012023999588564038
995	1e-23	0.001108399999793619
996	1e-23	0.001430200005415827
997	1e-23	0.0011347000254318118
998	1e-23	0.0012008000048808753
999	1e-23	0.0011906999861821532
1000	1e-23	0.001116400002501905
1001	1e-23	0.0010793000110425055
1002	1e-23	0.0011124999728053808
1003	1e-23	0.001222000049892813
1004	1e-23	0.001409200020134449
1005	1e-23	0.0011994000524282455
1006	1e-23	0.001178499951492995
1007	1e-23	0.0011753999860957265
1008	1e-23	0.0011493000201880932
1009	1e-23	0.0012413000222295523
1010	1e-23	0.0010922999936155975
1011	1e-23	0.001116700004786253
1012	1e-23	0.0010968000278808177
1013	1e-23	0.0012023000163026154
1014	1e-23	0.0011307999957352877
1015	1e-23	0.001052199979312718
1016	1e-23	0.0014319000183604658
1017	1e-23	0.0012862999574281275
1018	1e-23	0.001200399943627417
1019	1e-23	0.001132100005634129
1020	1e-23	0.0011171000078320503
1021	1e-23	0.0010522000375203788
1022	1e-23	0.0010908999829553068
1023	1e-23	0.0011502999695949256
1024	1e-23	0.001095100014936179
1025	1e-23	0.0010881000198423862
1026	1e-23	0.0010597999789752066
1027	1e-23	0.001457399979699403
1028	1e-23	0.0011991000501438975
1029	1e-23	0.0011476000072434545
1030	1e-23	0.001138599996920675
1031	1e-23	0.0011208000360056758
1032	1e-23	0.0010822999756783247
1033	1e-23	0.0011615999974310398
1034	1e-23	0.0012052999809384346
1035	1e-23	0.0010746000334620476
1036	1e-23	0.0010885000228881836
1037	1e-23	0.001218999968841672
1038	1e-23	0.0011580000282265246
1039	1e-23	0.0010582999675534666
1040	1e-23	0.001051599974744022
1041	1e-23	0.0011049999739043415
1042	1e-23	0.0011242000036872923
1043	1e-23	0.0011681999894790351
1044	1e-23	0.0011133999796584249
1045	1e-23	0.0010820000316016376
1046	1e-23	0.0010621999972499907
1047	1e-23	0.0010659999679774046
1048	1e-23	0.001117900013923645
1049	1e-23	0.0012286000419408083
1050	1e-23	0.00114390003727749
1051	1e-23	0.0010923999943770468
1052	1e-23	0.001206299988552928
1053	1e-23	0.001115199993364513
1054	1e-23	0.0011468000011518598
1055	1e-23	0.001457400037907064
1056	1e-23	0.001221099984832108
1057	1e-23	0.0012214999878779054
1058	1e-23	0.0011944000143557787
1059	1e-23	0.0011363999801687896
1060	1e-23	0.0010783000034280121
1061	1e-23	0.0010861000046133995
1062	1e-23	0.001145999995060265
1063	1e-23	0.0010571000166237354
1064	1e-23	0.0010115000186488032
1065	1e-23	0.0009967000223696232
1066	1e-23	0.0010383999906480312
1067	1e-23	0.0011629000073298812
1068	1e-23	0.0011724000214599073
1069	1e-23	0.0016259000403806567
1070	1e-23	0.001152199984062463
1071	1e-23	0.0010533000458963215
1072	1e-23	0.001277900009881705
1073	1e-23	0.0011819999781437218
1074	1e-23	0.001101599948015064
1075	1e-23	0.0010277999681420624
1076	1e-23	0.00111109996214509
1077	1e-23	0.0011611999943852425
1078	1e-23	0.001164300017990172
1079	1e-23	0.0012032999657094479
1080	1e-23	0.0012188000255264342
1081	1e-23	0.0011422000243328512
1082	1e-23	0.0012953999685123563
1083	1e-23	0.0013172999606467783
1084	1e-23	0.0012360000400803983
1085	1e-23	0.0012675999896600842
1086	1e-23	0.0011482000118121505
1087	1e-23	0.0012240000069141388
1088	1e-23	0.001115799997933209
1089	1e-23	0.0011166000040248036
1090	1e-23	0.0011560999555513263
1091	1e-23	0.0010994999902322888
1092	1e-23	0.0012097000144422054
1093	1e-23	0.001153699995484203
1094	1e-23	0.0014773000148124993
1095	1e-23	0.0012561999610625207
1096	1e-23	0.0012129000388085842
1097	1e-23	0.0011449999874457717
1098	1e-23	0.0010618999949656427
1099	1e-23	0.0011113000218756497
1100	1e-23	0.0011137000401504338
1101	1e-23	0.0011162000009790063
1102	1e-23	0.001223200000822544
1103	1e-23	0.0012265000259503722
1104	1e-23	0.0011504999711178243
1105	1e-23	0.0010937000042758882
1106	1e-23	0.0011835999903269112
1107	1e-23	0.0012912999955005944
1108	1e-23	0.00106669997330755
1109	1e-23	0.0010917000472545624
1110	1e-23	0.0017728999955579638
1111	1e-23	0.0011798999621532857
1112	1e-23	0.0010597999789752066
1113	1e-23	0.0011407000129111111
1114	1e-23	0.0011085000005550683
1115	1e-23	0.0011554000084288418
1116	1e-23	0.001542000041808933
1117	1e-23	0.001261299999896437
1118	1e-23	0.0011691999970935285
1119	1e-23	0.0014531000051647425
1120	1e-23	0.0012039000284858048
1121	1e-23	0.0011051999754272401
1122	1e-23	0.001091600046493113
1123	1e-23	0.0011207999777980149
1124	1e-23	0.0011463999981060624
1125	1e-23	0.0011636000126600266
1126	1e-23	0.0011195999686606228
1127	1e-23	0.0011076999944634736
1128	1e-23	0.0009949000086635351
1129	1e-23	0.0014466000138781965
1130	1e-23	0.0014313000137917697
1131	1e-23	0.001167300040833652
1132	1e-23	0.0013147999998182058
1133	1e-23	0.0012738000368699431
1134	1e-23	0.0011736999731510878
1135	1e-23	0.0010925999958999455
1136	1e-23	0.0010551000013947487
1137	1e-23	0.0012772000045515597
1138	1e-23	0.0012157000019215047
1139	1e-23	0.0011823999811895192
1140	1e-23	0.0011756999883800745
1141	1e-23	0.0011074999929405749
1142	1e-23	0.001045099983457476
1143	1e-23	0.0010685999877750874
1144	1e-23	0.0012909999932162464
1145	1e-23	0.0011332000140100718
1146	1e-23	0.0010423000203445554
1147	1e-23	0.0012125999783165753
1148	1e-23	0.001261600002180785
1149	1e-23	0.0012513999827206135
1150	1e-23	0.0012263000244274735
1151	1e-23	0.0011934000067412853
1152	1e-23	0.0011686999932862818
1153	1e-23	0.0011999999987892807
1154	1e-23	0.0012328000157140195
1155	1e-23	0.001190899987705052
1156	1e-23	0.0011266999645158648
1157	1e-23	0.0013840999454259872
1158	1e-23	0.0012633000151254237
1159	1e-23	0.0012018999550491571
1160	1e-23	0.0011959000257775187
1161	1e-23	0.0011613999959081411
1162	1e-23	0.0011490000179037452
1163	1e-23	0.001098400040064007
1164	1e-23	0.001261600002180785
1165	1e-23	0.0011396000045351684
1166	1e-23	0.001258100033737719
1167	1e-23	0.001249199965968728
1168	1e-23	0.0012034999672323465
1169	1e-23	0.0012113999691791832
1170	1e-23	0.0012009000056423247
1171	1e-23	0.0012176000163890421
1172	1e-23	0.0011353999725542963
1173	1e-23	0.0010725999600254
1174	1e-23	0.0014728999813087285
1175	1e-23	0.001397100044414401
1176	1e-23	0.0012246999540366232
1177	1e-23	0.0012444000458344817
1178	1e-23	0.001233800023328513
1179	1e-23	0.0011787000112235546
1180	1e-23	0.0012334000202827156
1181	1e-23	0.0012117999722249806
1182	1e-23	0.0011718000168912113
1183	1e-23	0.0010817000293172896
1184	1e-23	0.0012441999861039221
1185	1e-23	0.0012472000089474022
1186	1e-23	0.001208400004543364
1187	1e-23	0.0011981999850831926
1188	1e-23	0.0011122000287286937
1189	1e-23	0.0010701999999582767
1190	1e-23	0.0012641999637708068
1191	1e-23	0.0013218999956734478
1192	1e-23	0.0011750999838113785
1193	1e-23	0.0011766999959945679
1194	1e-23	0.0013611000031232834
1195	1e-23	0.001165500027127564
1196	1e-23	0.0010609999881125987
1197	1e-23	0.0011836999910883605
1198	1e-23	0.0012156000011600554
1199	1e-23	0.0012098000152036548
1200	1e-23	0.0011424999684095383
1201	1e-23	0.0011721999617293477
1202	1e-23	0.0010914000449702144
1203	1e-23	0.0010648000170476735
1204	1e-23	0.0011212999816052616
1205	1e-23	0.0014678000006824732
1206	1e-23	0.0011463999981060624
1207	1e-23	0.0011983999866060913
1208	1e-23	0.0013307000044733286
1209	1e-23	0.0012374999932944775
1210	1e-23	0.0010904999799095094
1211	1e-23	0.0012143999920226634
1212	1e-23	0.0011583000305108726
1213	1e-23	0.0011366000398993492
1214	1e-23	0.0011812999728135765
1215	1e-23	0.0011907000443898141
1216	1e-23	0.0011584999738261104
1217	1e-23	0.001187700021546334
1218	1e-23	0.0011060000397264957
1219	1e-23	0.0011437000357545912
1220	1e-23	0.0013940000208094716
1221	1e-23	0.0015323000261560082
1222	1e-23	0.001213400042615831
1223	1e-23	0.0012304999982006848
1224	1e-23	0.0012305999989621341
1225	1e-23	0.001166699978057295
1226	1e-23	0.00106969999615103
1227	1e-23	0.001158399973064661
1228	1e-23	0.0011745999800041318
1229	1e-23	0.0012843000004068017
1230	1e-23	0.0012605999945662916
1231	1e-23	0.0012308000004850328
1232	1e-23	0.0015583999920636415
1233	1e-23	0.0014939000247977674
1234	1e-23	0.0013274000375531614
1235	1e-23	0.001199499994982034
1236	1e-23	0.0013092000153847039
1237	1e-23	0.0014644000330008566
1238	1e-23	0.0013907999964430928
1239	1e-23	0.0012177000171504915
1240	1e-23	0.001216100004967302
1241	1e-23	0.0011336999596096575
1242	1e-23	0.001137399987783283
1243	1e-23	0.0016170000308193266
1244	1e-23	0.001279400021303445
1245	1e-23	0.0012769000022672117
1246	1e-23	0.0015849000192247331
1247	1e-23	0.0012724999687634408
1248	1e-23	0.0011791999568231404
1249	1e-23	0.0012176000163890421
1250	1e-23	0.0013129000435583293
1251	1e-23	0.0013021000195294619
1252	1e-23	0.0012578999740071595
1253	1e-23	0.001311899977736175
1254	1e-23	0.0012346000294201076
1255	1e-23	0.0018797999946400523
1256	1e-23	0.0013506999821402133
1257	1e-23	0.001223200000822544
1258	1e-23	0.0012347999727353454
1259	1e-23	0.0013009000103920698
1260	1e-23	0.0012835999950766563
1261	1e-23	0.0012236000038683414
1262	1e-23	0.0011610999936237931
1263	1e-23	0.0011210000375285745
1264	1e-23	0.001097200030926615
1265	1e-23	0.0012340999674052
1266	1e-23	0.0012123999767936766
1267	1e-23	0.0012029999634250998
1268	1e-23	0.00120009999955073
1269	1e-23	0.0012706000125035644
1270	1e-23	0.0011471999459899962
1271	1e-23	0.0011727000237442553
1272	1e-23	0.0012132999836467206
1273	1e-23	0.00115130003541708
1274	1e-23	0.0012518999865278602
1275	1e-23	0.0012701000086963177
1276	1e-23	0.0010775999980978668
1277	1e-23	0.0015383000136353076
1278	1e-23	0.0012666999828070402
1279	1e-23	0.0013995000044815242
1280	1e-23	0.001240600016899407
1281	1e-23	0.0012799000251106918
1282	1e-23	0.0012197999749332666
1283	1e-23	0.001121399982366711
1284	1e-23	0.0013417999725788832
1285	1e-23	0.0012255000183358788
1286	1e-23	0.0012063999893143773
1287	1e-23	0.0010995000484399498
1288	1e-23	0.0012382999993860722
1289	1e-23	0.0010912999860011041
1290	1e-23	0.001236500043887645
1291	1e-23	0.0011862999526783824
1292	1e-23	0.0010417000157758594
1293	1e-23	0.0010864000068977475
1294	1e-23	0.0010975999757647514
1295	1e-23	0.001200400001835078
1296	1e-23	0.0012061999877914786
1297	1e-23	0.0012045999756082892
1298	1e-23	0.0012015000102110207
1299	1e-23	0.001171400013845414
1300	1e-23	0.001090099976863712
1301	1e-23	0.001186500012408942
1302	1e-23	0.001208700006827712
1303	1e-23	0.0011320000048726797
1304	1e-23	0.0015838000108487904
1305	1e-23	0.0012252000160515308
1306	1e-23	0.001190899987705052
1307	1e-23	0.0011279000318609178
1308	1e-23	0.0011929000029340386
1309	1e-23	0.0011650000233203173
1310	1e-23	0.0011780000058934093
1311	1e-23	0.0010717000113800168
1312	1e-23	0.0011703000054694712
1313	1e-23	0.0010993999894708395
1314	1e-23	0.0010724999592639506
1315	1e-23	0.0011534999939613044
1316	1e-23	0.0011609999928623438
1317	1e-23	0.001139800006058067
1318	1e-23	0.0011593999806791544
1319	1e-23	0.0011389999999664724
1320	1e-23	0.001108700002077967
1321	1e-23	0.0012202999787405133
1322	1e-23	0.0014750999980606139
1323	1e-23	0.0015604000072926283
1324	1e-23	0.0013888999819755554
1325	1e-23	0.0014850000152364373
1326	1e-23	0.0013153000036254525
1327	1e-23	0.001660600013565272
1328	1e-23	0.0013212999911047518
1329	1e-23	0.0011759999906644225
1330	1e-23	0.0011570000206120312
1331	1e-23	0.0013412999687716365
1332	1e-23	0.0012258000206202269
1333	1e-23	0.0011759999906644225
1334	1e-23	0.0011207999777980149
1335	1e-23	0.00120009999955073
1336	1e-23	0.0014604000025428832
1337	1e-23	0.00121640000725165
1338	1e-23	0.0011210000375285745
1339	1e-23	0.001110800018068403
1340	1e-23	0.0013211999903433025
1341	1e-23	0.0012212999863550067
1342	1e-23	0.0011172000085934997
1343	1e-23	0.0010383000480942428
1344	1e-23	0.0011100999545305967
1345	1e-23	0.0011399000068195164
1346	1e-23	0.0011701000039465725
1347	1e-23	0.001172299962490797
1348	1e-23	0.0011482000118121505
1349	1e-23	0.0011724000214599073
1350	1e-23	0.0011725000222213566
1351	1e-23	0.00123559997882694
1352	1e-23	0.0012003000010736287
1353	1e-23	0.0012948000221513212
1354	1e-23	0.0012321000103838742
1355	1e-23	0.0011881000245921314
1356	1e-23	0.0011821999796666205
1357	1e-23	0.0011435000342316926
1358	1e-23	0.0011479000095278025
1359	1e-23	0.001172300020698458
1360	1e-23	0.0011511999764479697
1361	1e-23	0.0011684999917633832
1362	1e-23	0.0010915999882854521
1363	1e-23	0.00119859998812899
1364	1e-23	0.0012555999564938247
1365	1e-23	0.0014337999746203423
1366	1e-23	0.0013615000061690807
1367	1e-23	0.0012756999931298196
1368	1e-23	0.001327000034507364
1369	1e-23	0.0012302999966777861
1370	1e-23	0.0013364999904297292
1371	1e-23	0.001227600034326315
1372	1e-23	0.0012482000165618956
1373	1e-23	0.0011027000145986676
1374	1e-23	0.0012379999971017241
1375	1e-23	0.0012559000169858336
1376	1e-23	0.001148599956650287
1377	1e-23	0.0022772999946027994
1378	1e-23	0.0013719000271521509
1379	1e-23	0.001214299991261214
1380	1e-23	0.00120009999955073
1381	1e-23	0.0011616999981924891
1382	1e-23	0.0010754999821074307
1383	1e-23	0.001171999960206449
1384	1e-23	0.0012811000342480838
1385	1e-23	0.0012170000118203461
1386	1e-23	0.0012064999900758266
1387	1e-23	0.0012169999536126852
1388	1e-23	0.00182229996426031
1389	1e-23	0.0012352000339888036
1390	1e-23	0.001222899998538196
1391	1e-23	0.0012083000037819147
1392	1e-23	0.0010831999825313687
1393	1e-23	0.0011795000173151493
1394	1e-23	0.0011320000048726797
1395	1e-23	0.0011480000102892518
1396	1e-23	0.0011417000205256045
1397	1e-23	0.0011513999779708683
1398	1e-23	0.0010804000194184482
1399	1e-23	0.0010828999802470207
1400	1e-23	0.0012604000512510538
1401	1e-23	0.0012537000002339482
1402	1e-23	0.0011043999693356454
1403	1e-23	0.0012018999550491571
1404	1e-23	0.0014603000017814338
1405	1e-23	0.0012505000340752304
1406	1e-23	0.001144800044130534
1407	1e-23	0.0011644999613054097
1408	1e-23	0.0012392000062391162
1409	1e-23	0.0009967000223696232
1410	1e-23	0.0013895999873057008
1411	1e-23	0.0014232000103220344
1412	1e-23	0.0018636999884620309
1413	1e-23	0.0012841999996453524
1414	1e-23	0.0011914000497199595
1415	1e-23	0.0010680999839678407
1416	1e-23	0.0010910999844782054
1417	1e-23	0.0010562000097706914
1418	1e-23	0.001116700004786253
1419	1e-23	0.0012194999726489186
1420	1e-23	0.0011478000087663531
1421	1e-23	0.0010855000000447035
1422	1e-23	0.0010172000038437545
1423	1e-23	0.00105339998845011
1424	1e-23	0.0012219000491313636
1425	1e-23	0.001341500028502196
1426	1e-23	0.001133300014771521
1427	1e-23	0.0012045999756082892
1428	1e-23	0.0010654000216163695
1429	1e-23	0.0009942000033333898
1430	1e-23	0.0013098999625071883
1431	1e-23	0.0012284000404179096
1432	1e-23	0.0011183000169694424
1433	1e-23	0.0010938000050373375
1434	1e-23	0.0011372999870218337
1435	1e-23	0.001060499984305352
1436	1e-23	0.001048100006300956
1437	1e-23	0.0012935000122524798
1438	1e-23	0.0012419000267982483
1439	1e-23	0.0011719000176526606
1440	1e-23	0.0011510999756865203
1441	1e-23	0.0012069999938830733
1442	1e-23	0.0011729999678209424
1443	1e-23	0.0012222000514157116
1444	1e-23	0.0011996999965049326
1445	1e-23	0.0011449000448919833
1446	1e-23	0.0011341000208631158
1447	1e-23	0.001110500015784055
1448	1e-23	0.0011508999741636217
1449	1e-23	0.0011174000101163983
1450	1e-23	0.001136499980930239
1451	1e-23	0.001061699993442744
1452	1e-23	0.0011047000298276544
1453	1e-23	0.0009568000095896423
1454	1e-23	0.0011110000195913017
1455	1e-23	0.0011559000122360885
1456	1e-23	0.0011231000535190105
1457	1e-23	0.0011021000100299716
1458	1e-23	0.0010463000508025289
1459	1e-23	0.001247700012754649
1460	1e-23	0.0011858000070787966
1461	1e-23	0.0011425999691709876
1462	1e-23	0.0012722999672405422
1463	1e-23	0.0012447999906726182
1464	1e-23	0.0011993999942205846
1465	1e-23	0.0013787000207230449
1466	1e-23	0.0012318999506533146
1467	1e-23	0.0010871000122278929
1468	1e-23	0.0010533000458963215
1469	1e-23	0.0011487000156193972
1470	1e-23	0.0010901999776251614
1471	1e-23	0.00105929997516796
1472	1e-23	0.0010846999939531088
1473	1e-23	0.0011668999795801938
1474	1e-23	0.0010840000468306243
1475	1e-23	0.0013108999701216817
1476	1e-23	0.0013095000176690519
1477	1e-23	0.0011901000398211181
1478	1e-23	0.0011259999591857195
1479	1e-23	0.001160199986770749
1480	1e-23	0.0011065000435337424
1481	1e-23	0.0010937000042758882
1482	1e-23	0.0010661000269465148
1483	1e-23	0.0011322000063955784
1484	1e-23	0.0011122999712824821
1485	1e-23	0.0011108999606221914
1486	1e-23	0.0010972999734804034
1487	1e-23	0.0013660999829880893
1488	1e-23	0.0012444999883882701
1489	1e-23	0.0013398000155575573
1490	1e-23	0.0011705999495461583
1491	1e-23	0.0011829999857582152
1492	1e-23	0.0011370000429451466
1493	1e-23	0.0015095000271685421
1494	1e-23	0.0011842999956570566
1495	1e-23	0.0011567999608814716
1496	1e-23	0.001179099956061691
1497	1e-23	0.0011072000488638878
1498	1e-23	0.0010861000046133995
1499	1e-23	0.0010718000121414661
1500	1e-23	0.0010855000000447035
1501	1e-23	0.0014019999653100967
1502	1e-23	0.0011419000220485032
1503	1e-23	0.001198299985844642
1504	1e-23	0.0010577000211924314
1505	1e-23	0.0010454000439494848
1506	1e-23	0.001013499975670129
1507	1e-23	0.0011089000036008656
1508	1e-23	0.0011484000133350492
1509	1e-23	0.0010457999887876213
1510	1e-23	0.0013894999865442514
1511	1e-23	0.001150699972640723
1512	1e-23	0.0010615999926812947
1513	1e-23	0.0010495000169612467
1514	1e-23	0.0012021000147797167
1515	1e-23	0.0013351999805308878
1516	1e-23	0.0011740999761968851
1517	1e-23	0.0013429000391624868
1518	1e-23	0.0011397000052966177
1519	1e-23	0.000990999978967011
1520	1e-23	0.001049300015438348
1521	1e-23	0.0010284999734722078
1522	1e-23	0.0009909000364132226
1523	1e-23	0.0010103000095114112
1524	1e-23	0.001046299992594868
1525	1e-23	0.001124400005210191
1526	1e-23	0.0009548999951221049
1527	1e-23	0.0009772999910637736
1528	1e-23	0.0016029999824240804
1529	1e-23	0.0011666000355035067
1530	1e-23	0.0010568999568931758
1531	1e-23	0.0010594999766908586
1532	1e-23	0.0011114999651908875
1533	1e-23	0.0010886999662034214
1534	1e-23	0.0010939000057987869
1535	1e-23	0.0010993999894708395
1536	1e-23	0.0011071999906562269
1537	1e-23	0.00104010000359267
1538	1e-23	0.000997199967969209
1539	1e-23	0.0012119000311940908
1540	1e-23	0.0010937000042758882
1541	1e-23	0.000991600041743368
1542	1e-23	0.0011057999799959362
1543	1e-23	0.0011942999553866684
1544	1e-23	0.0012107000220566988
1545	1e-23	0.0010776999988593161
1546	1e-23	0.001018200011458248
1547	1e-23	0.0010386999929323792
1548	1e-23	0.0010129999718628824
1549	1e-23	0.0009488000068813562
1550	1e-23	0.0010876000160351396
1551	1e-23	0.0011066999868489802
1552	1e-23	0.0010967999696731567
1553	1e-23	0.0010526999831199646
1554	1e-23	0.0010695000528357923
1555	1e-23	0.001110200013499707
1556	1e-23	0.0013547000125981867
1557	1e-23	0.0011345999664627016
1558	1e-23	0.0011245000059716403
1559	1e-23	0.001074100029654801
1560	1e-23	0.0010300000431016088
1561	1e-23	0.0009080999880097806
1562	1e-23	0.0010375999845564365
1563	1e-23	0.0009237000485882163
1564	1e-23	0.000909399997908622
1565	1e-23	0.0011943999561481178
1566	1e-23	0.0009717000066302717
1567	1e-23	0.0009470999939367175
1568	1e-23	0.0009496000129729509
1569	1e-23	0.000970299995969981
1570	1e-23	0.0016636000364087522
1571	1e-23	0.0011897999793291092
1572	1e-23	0.0010725000174716115
1573	1e-23	0.001180000021122396
1574	1e-23	0.001188000023830682
1575	1e-23	0.0011233999975956976
1576	1e-23	0.001137700048275292
1577	1e-23	0.0011249000090174377
1578	1e-23	0.0010498000192455947
1579	1e-23	0.0010843999916687608
1580	1e-23	0.0011308000539429486
1581	1e-23	0.0011479000095278025
1582	1e-23	0.0011042000260204077
1583	1e-23	0.0012719000224024057
1584	1e-23	0.0011585999745875597
1585	1e-23	0.001212799979839474
1586	1e-23	0.0011174000101163983
1587	1e-23	0.0011585999745875597
1588	1e-23	0.001048400008585304
1589	1e-23	0.0009888000204227865
1590	1e-23	0.0009762999834492803
1591	1e-23	0.001109600008931011
1592	1e-23	0.0010874000145122409
1593	1e-23	0.0009825999732129276
1594	1e-23	0.001000199990812689
1595	1e-23	0.0011893999762833118
1596	1e-23	0.0017054000054486096
1597	1e-23	0.0017219000146724284
1598	1e-23	0.0011486000148579478
1599	1e-23	0.0011023000115528703
1600	1e-23	0.0011762999929487705
1601	1e-23	0.001153099990915507
1602	1e-23	0.0011665999772958457
1603	1e-23	0.0010837999871000648
1604	1e-23	0.001146599999628961
1605	1e-23	0.0012231000000610948
1606	1e-23	0.0011831999872811139
1607	1e-23	0.0011131000355817378
1608	1e-23	0.0012799999676644802
1609	1e-23	0.0012526999926194549
1610	1e-23	0.0014419000362977386
1611	1e-23	0.0010985999833792448
1612	1e-23	0.0010899999761022627
1613	1e-23	0.001096599968150258
1614	1e-23	0.0015306000132113695
1615	1e-23	0.001198899990413338
1616	1e-23	0.0010969999711960554
1617	1e-23	0.0010124000255018473
1618	1e-23	0.0010513000306673348
1619	1e-23	0.0010893000289797783
1620	1e-23	0.0010535999899730086
1621	1e-23	0.0014708999660797417
1622	1e-23	0.001123499998357147
1623	1e-23	0.0010575000196695328
1624	1e-23	0.001047199999447912
1625	1e-23	0.0011272999690845609
1626	1e-23	0.0010479000047780573
1627	1e-23	0.0010323000024072826
1628	1e-23	0.0010765999904833734
1629	1e-23	0.0012651000288315117
1630	1e-23	0.001269300002604723
1631	1e-23	0.0011545000015757978
1632	1e-23	0.001124400005210191
1633	1e-23	0.0010689999908208847
1634	1e-23	0.0011119000264443457
1635	1e-23	0.001207799999974668
1636	1e-23	0.0011495000217109919
1637	1e-23	0.0010662000277079642
1638	1e-23	0.0011513999779708683
1639	1e-23	0.0012115000281482935
1640	1e-23	0.0011909999884665012
1641	1e-23	0.001211599970702082
1642	1e-23	0.001150699972640723
1643	1e-23	0.0011559000122360885
1644	1e-23	0.0011368999839760363
1645	1e-23	0.0012570999679155648
1646	1e-23	0.001104600029066205
1647	1e-23	0.0011195000261068344
1648	1e-23	0.0013482000213116407
1649	1e-23	0.0013024000218138099
1650	1e-23	0.0011454999912530184
1651	1e-23	0.0010803000186569989
1652	1e-23	0.0010377999860793352
1653	1e-23	0.0011497000232338905
1654	1e-23	0.0011842999956570566
1655	1e-23	0.0011986000463366508
1656	1e-23	0.001159299979917705
1657	1e-23	0.0011563000152818859
1658	1e-23	0.0010438999743200839
1659	1e-23	0.0010290999780409038
1660	1e-23	0.001774999953340739
1661	1e-23	0.0012302999966777861
1662	1e-23	0.001205099979415536
1663	1e-23	0.0012387000024318695
1664	1e-23	0.001103100017644465
1665	1e-23	0.0010851999977603555
1666	1e-23	0.0011817999766208231
1667	1e-23	0.001214599993545562
1668	1e-23	0.001190899987705052
1669	1e-23	0.0011543000000528991
1670	1e-23	0.0011355000315234065
1671	1e-23	0.0010975999757647514
1672	1e-23	0.000999000039882958
1673	1e-23	0.0015230000135488808
1674	1e-23	0.0012182999635115266
1675	1e-23	0.00117500004125759
1676	1e-23	0.0012375999940559268
1677	1e-23	0.0011128000332973897
1678	1e-23	0.0011522999848239124
1679	1e-23	0.0010579000227153301
1680	1e-23	0.0011325000086799264
1681	1e-23	0.0011370000429451466
1682	1e-23	0.0011944000143557787
1683	1e-23	0.001222599996253848
1684	1e-23	0.0012554999557323754
1685	1e-23	0.0013450999977067113
1686	1e-23	0.0012503000325523317
1687	1e-23	0.0012021999573335052
1688	1e-23	0.0010975999757647514
1689	1e-23	0.0010651000193320215
1690	1e-23	0.0011659000301733613
1691	1e-23	0.001215800002682954
1692	1e-23	0.0012227000552229583
1693	1e-23	0.0012120999745093286
1694	1e-23	0.0011771999998018146
1695	1e-23	0.001208700006827712
1696	1e-23	0.0011904999846592546
1697	1e-23	0.0011746000382117927
1698	1e-23	0.0014979999978095293
1699	1e-23	0.00119420001283288
1700	1e-23	0.0012058999855071306
1701	1e-23	0.001164000015705824
1702	1e-23	0.0010965000255964696
1703	1e-23	0.0012354999780654907
1704	1e-23	0.001208400004543364
1705	1e-23	0.001166699978057295
1706	1e-23	0.001146299997344613
1707	1e-23	0.0011699999449774623
1708	1e-23	0.0011197999701835215
1709	1e-23	0.0011794000165537
1710	1e-23	0.0012977999867871404
1711	1e-23	0.0015420999843627214
1712	1e-23	0.0012764999992214143
1713	1e-23	0.001267799991182983
1714	1e-23	0.0012592999846674502
1715	1e-23	0.001191499992273748
1716	1e-23	0.0011714999563992023
1717	1e-23	0.0011604000465013087
1718	1e-23	0.0010944000096060336
1719	1e-23	0.0010479000047780573
1720	1e-23	0.0010842999909073114
1721	1e-23	0.0010760999866761267
1722	1e-23	0.0010386999929323792
1723	1e-23	0.001069700054358691
1724	1e-23	0.0012375999940559268
1725	1e-23	0.0011814999743364751
1726	1e-23	0.0011464000563137233
1727	1e-23	0.0011050999746657908
1728	1e-23	0.0012387000024318695
1729	1e-23	0.0011177000124007463
1730	1e-23	0.001145699992775917
1731	1e-23	0.0011794000165537
1732	1e-23	0.0011940000113099813
1733	1e-23	0.0012488000211305916
1734	1e-23	0.0012688999995589256
1735	1e-23	0.0012363999849185348
1736	1e-23	0.0012628999538719654
1737	1e-23	0.0013051999849267304
1738	1e-23	0.001213099982123822
1739	1e-23	0.0012273999745957553
1740	1e-23	0.0010944000096060336
1741	1e-23	0.0011908000451512635
1742	1e-23	0.0011560999555513263
1743	1e-23	0.001290299987886101
1744	1e-23	0.0012242000084370375
1745	1e-23	0.0012384000001475215
1746	1e-23	0.0012351999757811427
1747	1e-23	0.001248300017323345
1748	1e-23	0.0017353000002913177
1749	1e-23	0.0013586999848484993
1750	1e-23	0.0013098000199534
1751	1e-23	0.0012691000010818243
1752	1e-23	0.001220500038471073
1753	1e-23	0.0011685999925248325
1754	1e-23	0.001205099979415536
1755	1e-23	0.0011540999985300004
1756	1e-23	0.00116610003169626
1757	1e-23	0.00121339998440817
1758	1e-23	0.001140100008342415
1759	1e-23	0.0012707000132650137
1760	1e-23	0.0012218999909237027
1761	1e-23	0.0015225999522954226
1762	1e-23	0.001167300040833652
1763	1e-23	0.0011476000072434545
1764	1e-23	0.0012938999570906162
1765	1e-23	0.0012425999739207327
1766	1e-23	0.0011255000135861337
1767	1e-23	0.0012022999580949545
1768	1e-23	0.0012462000013329089
1769	1e-23	0.0012211999855935574
1770	1e-23	0.0013546000118367374
1771	1e-23	0.001128499978221953
1772	1e-23	0.0012094000121578574
1773	1e-23	0.0012661999789997935
1774	1e-23	0.0012292999890632927
1775	1e-23	0.0011204999755136669
1776	1e-23	0.0011849000002257526
1777	1e-23	0.0011718000168912113
1778	1e-23	0.001151899981778115
1779	1e-23	0.0011220999876968563
1780	1e-23	0.0011867000139318407
1781	1e-23	0.0012324000126682222
1782	1e-23	0.0011600000434555113
1783	1e-23	0.001167299982625991
1784	1e-23	0.0011242000036872923
1785	1e-23	0.0012761999969370663
1786	1e-23	0.001209300011396408
1787	1e-23	0.001281999982893467
1788	1e-23	0.0012092999531887472
1789	1e-23	0.0011874999618157744
1790	1e-23	0.0011446999851614237
1791	1e-23	0.0011073999921791255
1792	1e-23	0.0010329000069759786
1793	1e-23	0.0010676999809220433
1794	1e-23	0.001197699981275946
1795	1e-23	0.0012126999790780246
1796	1e-23	0.0011591000366024673
1797	1e-23	0.0011334000155329704
1798	1e-23	0.001211299968417734
1799	1e-23	0.0013371999957598746
1800	1e-23	0.0011904000421054661
1801	1e-23	0.0011242000036872923
1802	1e-23	0.001125300012063235
1803	1e-23	0.0012841999996453524
1804	1e-23	0.0013108000275678933
1805	1e-23	0.0012025999603793025
1806	1e-23	0.0012141999904997647
1807	1e-23	0.0013003000058233738
1808	1e-23	0.0012424999731592834
1809	1e-23	0.0011958000250160694
1810	1e-23	0.001138599996920675
1811	1e-23	0.001639300025999546
1812	1e-23	0.0012721000239253044
1813	1e-23	0.0012651999713853002
1814	1e-23	0.0012258000206202269
1815	1e-23	0.0011801000218838453
1816	1e-23	0.0011981999850831926
1817	1e-23	0.0012334000202827156
1818	1e-23	0.0011800999636761844
1819	1e-23	0.0012257000198587775
1820	1e-23	0.0012384000001475215
1821	1e-23	0.0012021000147797167
1822	1e-23	0.001148599956650287
1823	1e-23	0.001429299998562783
1824	1e-23	0.0011627000058069825
1825	1e-23	0.0011949000181630254
1826	1e-23	0.00129650003509596
1827	1e-23	0.001195100019685924
1828	1e-23	0.001133000012487173
1829	1e-23	0.0011081999982707202
1830	1e-23	0.0010982999810948968
1831	1e-23	0.0011685999925248325
1832	1e-23	0.0010674999793991446
1833	1e-23	0.0010602000402286649
1834	1e-23	0.001103700022213161
1835	1e-23	0.0011413000174798071
1836	1e-23	0.0011493000201880932
1837	1e-23	0.0017397000337950885
1838	1e-23	0.0011297999881207943
1839	1e-23	0.0010863000061362982
1840	1e-23	0.0011066999868489802
1841	1e-23	0.0013658999814651906
1842	1e-23	0.0017236999701708555
1843	1e-23	0.0014591999934054911
1844	1e-23	0.0012498999712988734
1845	1e-23	0.001131800003349781
1846	1e-23	0.0012670999858528376
1847	1e-23	0.0017027999856509268
1848	1e-23	0.0012738999794237316
1849	1e-23	0.0012826999882236123
1850	1e-23	0.0011767999967560172
1851	1e-23	0.0011704000062309206
1852	1e-23	0.0012419999693520367
1853	1e-23	0.0012343000271357596
1854	1e-23	0.0011803999659605324
1855	1e-23	0.00120900000911206
1856	1e-23	0.0012445999891497195
1857	1e-23	0.00121779995970428
1858	1e-23	0.001241200021468103
1859	1e-23	0.0012425000313669443
1860	1e-23	0.0012366999872028828
1861	1e-23	0.0012465000036172569
1862	1e-23	0.0012599999899975955
1863	1e-23	0.001260399993043393
1864	1e-23	0.0011598000419326127
1865	1e-23	0.001219599973410368
1866	1e-23	0.0011820000363513827
1867	1e-23	0.001211299968417734
1868	1e-23	0.0012579999747686088
1869	1e-23	0.0013001000043004751
1870	1e-23	0.0013564000255428255
1871	1e-23	0.0011777000036090612
1872	1e-23	0.0012531999964267015
1873	1e-23	0.0014836000045761466
1874	1e-23	0.0012649999698624015
1875	1e-23	0.0015354999923147261
1876	1e-23	0.0012340000248514116
1877	1e-23	0.0010940000065602362
1878	1e-23	0.0015311999595724046
1879	1e-23	0.001180300023406744
1880	1e-23	0.0010326000046916306
1881	1e-23	0.0010815999703481793
1882	1e-23	0.0011280999751761556
1883	1e-23	0.0010771999950520694
1884	1e-23	0.001404800044838339
1885	1e-23	0.001644900010433048
1886	1e-23	0.0012174000148661435
1887	1e-23	0.001090699981432408
1888	1e-23	0.001101599948015064
1889	1e-23	0.0011532999924384058
1890	1e-23	0.0011134000378660858
1891	1e-23	0.0011369999847374856
1892	1e-23	0.001253900001756847
1893	1e-23	0.0012747999862767756
1894	1e-23	0.001139500003773719
1895	1e-23	0.0011537999962456524
1896	1e-23	0.0010647000162862241
1897	1e-23	0.0012713999603874981
1898	1e-23	0.0011246000067330897
1899	1e-23	0.001101000001654029
1900	1e-23	0.0012236000038683414
1901	1e-23	0.0012240999494679272
1902	1e-23	0.0011946999584324658
1903	1e-23	0.0011759999906644225
1904	1e-23	0.0011368999839760363
1905	1e-23	0.0011473000049591064
1906	1e-23	0.0011357999756000936
1907	1e-23	0.0010809999657794833
1908	1e-23	0.0011306999949738383
1909	1e-23	0.0012008000048808753
1910	1e-23	0.0012122999760322273
1911	1e-23	0.0013080000062473118
1912	1e-23	0.001145700050983578
1913	1e-23	0.001128199975937605
1914	1e-23	0.0010298999841324985
1915	1e-23	0.0010523000382818282
1916	1e-23	0.0012330000172369182
1917	1e-23	0.0011718999594449997
1918	1e-23	0.001128799980506301
1919	1e-23	0.0011819000355899334
1920	1e-23	0.0012282999814487994
1921	1e-23	0.0011230000527575612
1922	1e-23	0.0011452999897301197
1923	1e-23	0.0012371999910101295
1924	1e-23	0.00120749999769032
1925	1e-23	0.0011425000266171992
1926	1e-23	0.0015347000444307923
1927	1e-23	0.0012235000031068921
1928	1e-23	0.0011168000055477023
1929	1e-23	0.001049900020007044
1930	1e-23	0.001193600008264184
1931	1e-23	0.0011201999732293189
1932	1e-23	0.0011005999986082315
1933	1e-23	0.0011876000207848847
1934	1e-23	0.0011736000305972993
1935	1e-23	0.0011794000165537
1936	1e-23	0.001350899983663112
1937	1e-23	0.001153699995484203
1938	1e-23	0.0010927999974228442
1939	1e-23	0.0010377999860793352
1940	1e-23	0.0011089000036008656
1941	1e-23	0.0011224999907426536
1942	1e-23	0.001031799998600036
1943	1e-23	0.0010587999713607132
1944	1e-23	0.0011608999921008945
1945	1e-23	0.0011325000086799264
1946	1e-23	0.001070600003004074
1947	1e-23	0.0011497000232338905
1948	1e-23	0.0010960999643430114
1949	1e-23	0.0013666999875567853
1950	1e-23	0.0011546000023372471
1951	1e-23	0.0011558000114746392
1952	1e-23	0.001159599982202053
1953	1e-23	0.0010491000139154494
1954	1e-23	0.0011707000085152686
1955	1e-23	0.0010607999865897
1956	1e-23	0.0011777000036090612
1957	1e-23	0.0011132999788969755
1958	1e-23	0.0011496999650262296
1959	1e-23	0.0011051999754272401
1960	1e-23	0.0012150999973528087
1961	1e-23	0.001284700003452599
1962	1e-23	0.0012749999877996743
1963	1e-23	0.0012043999740853906
1964	1e-23	0.0011341999634169042
1965	1e-23	0.001208400004543364
1966	1e-23	0.0011014000046998262
1967	1e-23	0.0010676999809220433
1968	1e-23	0.0012116999714635313
1969	1e-23	0.001165200024843216
1970	1e-23	0.0011075999937020242
1971	1e-23	0.0011056999792344868
1972	1e-23	0.0015447000041604042
1973	1e-23	0.0010340000153519213
1974	1e-23	0.0010940000065602362
1975	1e-23	0.001242099970113486
1976	1e-23	0.0010765999904833734
1977	1e-23	0.001068800047505647
1978	1e-23	0.00105929997516796
1979	1e-23	0.0013727000332437456
1980	1e-23	0.0012048999778926373
1981	1e-23	0.0010433999705128372
1982	1e-23	0.0010485000093467534
1983	1e-23	0.0010306999902240932
1984	1e-23	0.0011242000036872923
1985	1e-23	0.0011003000545315444
1986	1e-23	0.0013085000100545585
1987	1e-23	0.0012034999672323465
1988	1e-23	0.0013018000172451138
1989	1e-23	0.0011635000118985772
1990	1e-23	0.0010856000008061528
1991	1e-23	0.0010028000106103718
1992	1e-23	0.001000199990812689
1993	1e-23	0.0010621999972499907
1994	1e-23	0.001297099981456995
1995	1e-23	0.0013826999929733574
1996	1e-23	0.0010771999950520694
1997	1e-23	0.0012388000031933188
1998	1e-23	0.0011974000371992588
1999	1e-23	0.0014095999649725854
2000	1e-23	0.001207799999974668
2001	1e-23	0.0011514000361785293
2002	1e-23	0.001113200036343187
2003	1e-23	0.0011063999845646322
2004	1e-23	0.001256599964108318
2005	1e-23	0.0011435000342316926
2006	1e-23	0.0011550000053830445
2007	1e-23	0.0011347000254318118
2008	1e-23	0.0011436999775469303
2009	1e-23	0.0010892999707721174
2010	1e-23	0.0015631999704055488
2011	1e-23	0.0011579999700188637
2012	1e-23	0.0010886999662034214
2013	1e-23	0.001284700003452599
2014	1e-23	0.0012614000006578863
2015	1e-23	0.001119400025345385
2016	1e-23	0.0011009000008925796
2017	1e-23	0.0011439999798312783
2018	1e-23	0.0012075999984517694
2019	1e-23	0.0011605999898165464
2020	1e-23	0.0012366999872028828
2021	1e-23	0.001146900001913309
2022	1e-23	0.0011002000537700951
2023	1e-23	0.0012173000141046941
2024	1e-23	0.0011800999636761844
2025	1e-23	0.0011448999866843224
2026	1e-23	0.0011282999766990542
2027	1e-23	0.0014195000403560698
2028	1e-23	0.001172599964775145
2029	1e-23	0.0011676999856717885
2030	1e-23	0.0011631000088527799
2031	1e-23	0.001110800018068403
2032	1e-23	0.0011565000168047845
2033	1e-23	0.0011825999827124178
2034	1e-23	0.0012281000381335616
2035	1e-23	0.001063500007148832
2036	1e-23	0.0010372000397183
2037	1e-23	0.0011664999765343964
2038	1e-23	0.0013782000169157982
2039	1e-23	0.001262800011318177
2040	1e-23	0.0010837999871000648
2041	1e-23	0.001132700010202825
2042	1e-23	0.0010732000228017569
2043	1e-23	0.0010606999858282506
2044	1e-23	0.001133000012487173
2045	1e-23	0.0011541999992914498
2046	1e-23	0.0011487000156193972
2047	1e-23	0.0010775999980978668
2048	1e-23	0.0011192000238224864
2049	1e-23	0.0010280999704264104
2050	1e-23	0.001006699982099235
2051	1e-23	0.0011886999709531665
2052	1e-23	0.0011696000001393259
2053	1e-23	0.0011159999994561076
2054	1e-23	0.001110800018068403
2055	1e-23	0.0011792000150308013
2056	1e-23	0.0011888000299222767
2057	1e-23	0.001277000003028661
2058	1e-23	0.0011972999782301486
2059	1e-23	0.0012011000071652234
2060	1e-23	0.0011860000086016953
2061	1e-23	0.001124700007494539
2062	1e-23	0.001102500013075769
2063	1e-23	0.0010762999881990254
2064	1e-23	0.0014125999878160655
2065	1e-23	0.001198299985844642
2066	1e-23	0.0009336000075563788
2067	1e-23	0.0012184999650344253
2068	1e-23	0.0013113999739289284
2069	1e-23	0.0012376999948173761
2070	1e-23	0.001235299976542592
2071	1e-23	0.0011956000234931707
2072	1e-23	0.001210999966133386
2073	1e-23	0.0012287000427022576
2074	1e-23	0.0011615999974310398
2075	1e-23	0.0012092000106349587
2076	1e-23	0.0011838999926112592
2077	1e-23	0.0012386000016704202
2078	1e-23	0.0012106000212952495
2079	1e-23	0.0012172000133432448
2080	1e-23	0.0012445999891497195
2081	1e-23	0.001199499994982034
2082	1e-23	0.0011633000103756785
2083	1e-23	0.0011929000029340386
2084	1e-23	0.0011072999914176762
2085	1e-23	0.0010486000101082027
2086	1e-23	0.0011698000016622245
2087	1e-23	0.0011672000400722027
2088	1e-23	0.001082399976439774
2089	1e-23	0.0011600000434555113
2090	1e-23	0.0011768999975174665
2091	1e-23	0.0010812999680638313
2092	1e-23	0.0010785999475046992
2093	1e-23	0.001227600034326315
2094	1e-23	0.001144199981354177
2095	1e-23	0.0010653999634087086
2096	1e-23	0.0011063000420108438
2097	1e-23	0.0011062999838031828
2098	1e-23	0.0010914000449702144
2099	1e-23	0.0011402000091038644
2100	1e-23	0.0011839999933727086
2101	1e-23	0.0011218999861739576
2102	1e-23	0.0011610999936237931
2103	1e-23	0.0012289999867789447
2104	1e-23	0.0013554999604821205
2105	1e-23	0.0012348999734967947
2106	1e-23	0.0011721999617293477
2107	1e-23	0.001264900027308613
2108	1e-23	0.0011230999953113496
2109	1e-23	0.0011507999734021723
2110	1e-23	0.0012796999653801322
2111	1e-23	0.0011766999959945679
2112	1e-23	0.0011594999814406037
2113	1e-23	0.0011661999742500484
2114	1e-23	0.0012530999956652522
2115	1e-23	0.0011748999822884798
2116	1e-23	0.0013451999984681606
2117	1e-23	0.0013694000081159174
2118	1e-23	0.001256899966392666
2119	1e-23	0.001177600002847612
2120	1e-23	0.0011511000338941813
2121	1e-23	0.0011769999982789159
2122	1e-23	0.0010976999765262008
2123	1e-23	0.0011525999871082604
2124	1e-23	0.0012138999882154167
2125	1e-23	0.001261299999896437
2126	1e-23	0.0012484000180847943
2127	1e-23	0.0012336000218056142
2128	1e-23	0.0012669999850913882
2129	1e-23	0.0010996999917551875
2130	1e-23	0.0010995999909937382
2131	1e-23	0.0010911000426858664
2132	1e-23	0.0010932000004686415
2133	1e-23	0.0010544999968260527
2134	1e-23	0.0010870000114664435
2135	1e-23	0.0010524000390432775
2136	1e-23	0.0011798000195994973
2137	1e-23	0.0011531999916769564
2138	1e-23	0.0011826999834738672
2139	1e-23	0.0011543000000528991
2140	1e-23	0.001186500012408942
2141	1e-23	0.0011830999865196645
2142	1e-23	0.0012268999707885087
2143	1e-23	0.0012463000020943582
2144	1e-23	0.0015290000010281801
2145	1e-23	0.0011750999838113785
2146	1e-23	0.001532500027678907
2147	1e-23	0.0012468000059016049
2148	1e-23	0.0012360999826341867
2149	1e-23	0.0012670999858528376
2150	1e-23	0.001687199983280152
2151	1e-23	0.0011750999838113785
2152	1e-23	0.0011553000076673925
2153	1e-23	0.0012578999740071595
2154	1e-23	0.0012963999761268497
2155	1e-23	0.00120900000911206
2156	1e-23	0.0014784999657422304
2157	1e-23	0.0012408000184223056
2158	1e-23	0.0015366000006906688
2159	1e-23	0.0011680999887175858
2160	1e-23	0.0015480000292882323
2161	1e-23	0.0012687999987974763
2162	1e-23	0.0016362000023946166
2163	1e-23	0.0012321999529376626
2164	1e-23	0.0016058000037446618
2165	1e-23	0.0018641999922692776
2166	1e-23	0.0013236000086180866
2167	1e-23	0.0013203999842517078
2168	1e-23	0.001441999978851527
2169	1e-23	0.0013227000017650425
2170	1e-23	0.0012937000137753785
2171	1e-23	0.0016099000349640846
2172	1e-23	0.0012773999478667974
2173	1e-23	0.0014681000029668212
2174	1e-23	0.0013716999674215913
2175	1e-23	0.0013637000229209661
2176	1e-23	0.0013191000325605273
2177	1e-23	0.0011784000089392066
2178	1e-23	0.0014686999493278563
2179	1e-23	0.0013141999952495098
2180	1e-23	0.0012719000224024057
2181	1e-23	0.0011523000430315733
2182	1e-23	0.0011990999919362366
2183	1e-23	0.0012458999990485609
2184	1e-23	0.0012571999686770141
2185	1e-23	0.0012043999740853906
2186	1e-23	0.0013440000475384295
2187	1e-23	0.0015435999957844615
2188	1e-23	0.0013239000109024346
2189	1e-23	0.0012458999990485609
2190	1e-23	0.0012066999915987253
2191	1e-23	0.001194800017401576
2192	1e-23	0.00118530000327155
2193	1e-23	0.001235899981111288
2194	1e-23	0.0011514999787323177
2195	1e-23	0.001341800030786544
2196	1e-23	0.0012934000114910305
2197	1e-23	0.001241800026036799
2198	1e-23	0.0013960999785922468
2199	1e-23	0.0012131999828852713
2200	1e-23	0.0011309999972581863
2201	1e-23	0.0010783000034280121
2202	1e-23	0.0011989999911747873
2203	1e-23	0.0012249000137671828
2204	1e-23	0.0012771000037901103
2205	1e-23	0.0012417000252753496
2206	1e-23	0.0013310000067576766
2207	1e-23	0.0012456999975256622
2208	1e-23	0.001229099987540394
2209	1e-23	0.0012619999470189214
2210	1e-23	0.001207500055897981
2211	1e-23	0.001303299970459193
2212	1e-23	0.0012140999897383153
2213	1e-23	0.0012269000289961696
2214	1e-23	0.0011489000171422958
2215	1e-23	0.0020961000118404627
2216	1e-23	0.0013975000474601984
2217	1e-23	0.0014893999905325472
2218	1e-23	0.00133050000295043
2219	1e-23	0.0013189000310376287
2220	1e-23	0.0013184999697841704
2221	1e-23	0.0012558000162243843
2222	1e-23	0.001483400003053248
2223	1e-23	0.0014661999884992838
2224	1e-23	0.0013191000325605273
2225	1e-23	0.0011952000204473734
2226	1e-23	0.0012372999917715788
2227	1e-23	0.0013367999927140772
2228	1e-23	0.001313099986873567
2229	1e-23	0.0015360999968834221
2230	1e-23	0.0013405999634414911
2231	1e-23	0.0012936000130139291
2232	1e-23	0.0015779999666847289
2233	1e-23	0.0014217999996617436
2234	1e-23	0.0012665999820455909
2235	1e-23	0.0013583999825641513
2236	1e-23	0.0012730000307783484
2237	1e-23	0.0013074000016786158
2238	1e-23	0.00133050000295043
2239	1e-23	0.0013115000328980386
2240	1e-23	0.0012865999597124755
2241	1e-23	0.0012285999837331474
2242	1e-23	0.0012419000267982483
2243	1e-23	0.0012762999976985157
2244	1e-23	0.0013664999860338867
2245	1e-23	0.0011878000223077834
2246	1e-23	0.0012215999886393547
2247	1e-23	0.0016074000159278512
2248	1e-23	0.0013146999990567565
2249	1e-23	0.0011149999918416142
2250	1e-23	0.0011335000162944198
2251	1e-23	0.0012591999839060009
2252	1e-23	0.0011955000227317214
2253	1e-23	0.002246700052637607
2254	1e-23	0.0015184000367298722
2255	1e-23	0.0011277999728918076
2256	1e-23	0.001429900003131479
2257	1e-23	0.0012625999515876174
2258	1e-23	0.0013560000224970281
2259	1e-23	0.0017137000104412436
2260	1e-23	0.0013418999733403325
2261	1e-23	0.0011903999838978052
2262	1e-23	0.001296799979172647
2263	1e-23	0.0013508000411093235
2264	1e-23	0.0011137999827042222
2265	1e-23	0.001333199965301901
2266	1e-23	0.0015221000066958368
2267	1e-23	0.0012790999608114362
2268	1e-23	0.0013401000178419054
2269	1e-23	0.0017071000183932483
2270	1e-23	0.0014044999843463302
2271	1e-23	0.001254800008609891
2272	1e-23	0.001351499988231808
2273	1e-23	0.001261600002180785
2274	1e-23	0.0012345999712124467
2275	1e-23	0.0012358000385574996
2276	1e-23	0.001310400024522096
2277	1e-23	0.0013268999755382538
2278	1e-23	0.0012617000029422343
2279	1e-23	0.0012344999704509974
2280	1e-23	0.001350299979094416
2281	1e-23	0.001593699969816953
2282	1e-23	0.0012832999927923083
2283	1e-23	0.0012813000357709825
2284	1e-23	0.0012459999998100102
2285	1e-23	0.0012630000128410757
2286	1e-23	0.001204799977131188
2287	1e-23	0.0012734000338241458
2288	1e-23	0.001313100045081228
2289	1e-23	0.0012312000035308301
2290	1e-23	0.0012248000130057335
2291	1e-23	0.001424000016413629
2292	1e-23	0.0013402000186033547
2293	1e-23	0.0014701999607495964
2294	1e-23	0.001394699967931956
2295	1e-23	0.0012662999797612429
2296	1e-23	0.0014300000038929284
2297	1e-23	0.001212799979839474
2298	1e-23	0.0011039000237360597
2299	1e-23	0.00133790000109002
2300	1e-23	0.001233500021044165
2301	1e-23	0.0011292999843135476
2302	1e-23	0.001108700002077967
2303	1e-23	0.001192099996842444
2304	1e-23	0.001179100014269352
2305	1e-23	0.001115199993364513
2306	1e-23	0.0011505000293254852
2307	1e-23	0.0010897000320255756
2308	1e-23	0.001204799977131188
2309	1e-23	0.0013365000486373901
2310	1e-23	0.0014596999972127378
2311	1e-23	0.001234399969689548
2312	1e-23	0.0013142999960109591
2313	1e-23	0.001253900001756847
2314	1e-23	0.0012366000446490943
2315	1e-23	0.0011616999981924891
2316	1e-23	0.0011851000017486513
2317	1e-23	0.0011827999842353165
2318	1e-23	0.0011855000047944486
2319	1e-23	0.0012189000262878835
2320	1e-23	0.0011251000105403364
2321	1e-23	0.001179100014269352
2322	1e-23	0.0012621000059880316
2323	1e-23	0.001188900030683726
2324	1e-23	0.0014378000050783157
2325	1e-23	0.0012682999949902296
2326	1e-23	0.0012384000001475215
2327	1e-23	0.00120900000911206
2328	1e-23	0.001193000003695488
2329	1e-23	0.0013708999613299966
2330	1e-23	0.0012548999511636794
2331	1e-23	0.0012566999648697674
2332	1e-23	0.0013402000186033547
2333	1e-23	0.0012102000182494521
2334	1e-23	0.0011000999948009849
2335	1e-23	0.001179100014269352
2336	1e-23	0.0013187999720685184
2337	1e-23	0.0012085000053048134
2338	1e-23	0.0015573999844491482
2339	1e-23	0.0012704000109806657
2340	1e-23	0.0011104000150226057
2341	1e-23	0.0011474000057205558
2342	1e-23	0.0010787000064738095
2343	1e-23	0.0011126999743282795
2344	1e-23	0.0010343999601900578
2345	1e-23	0.0011520999833010137
2346	1e-23	0.001130300050135702
2347	1e-23	0.0010492000146768987
2348	1e-23	0.0013451999984681606
2349	1e-23	0.001462700020056218
2350	1e-23	0.0011525999871082604
2351	1e-23	0.0010957999620586634
2352	1e-23	0.0011784000089392066
2353	1e-23	0.0011129999766126275
2354	1e-23	0.0011887999717146158
2355	1e-23	0.0011809999705292284
2356	1e-23	0.0010870000114664435
2357	1e-23	0.0010263000149279833
2358	1e-23	0.0010872000129893422
2359	1e-23	0.0010670000337995589
2360	1e-23	0.0010582000249996781
2361	1e-23	0.001554100017528981
2362	1e-23	0.0013313000090420246
2363	1e-23	0.0011694999993778765
2364	1e-23	0.0011100000119768083
2365	1e-23	0.0011680999887175858
2366	1e-23	0.0012034000246785581
2367	1e-23	0.0011626000050455332
2368	1e-23	0.0011389999999664724
2369	1e-23	0.00121640000725165
2370	1e-23	0.0011926000006496906
2371	1e-23	0.0011725000222213566
2372	1e-23	0.0011346000246703625
2373	1e-23	0.0017560000414960086
2374	1e-23	0.001212799979839474
2375	1e-23	0.0011248000082559884
2376	1e-23	0.0013322000158950686
2377	1e-23	0.0011070999898947775
2378	1e-23	0.001070600003004074
2379	1e-23	0.0011100000119768083
2380	1e-23	0.0010871000122278929
2381	1e-23	0.0010843999916687608
2382	1e-23	0.001020899973809719
2383	1e-23	0.0011446000426076353
2384	1e-23	0.001146299997344613
2385	1e-23	0.00107409997144714
2386	1e-23	0.0012015999527648091
2387	1e-23	0.0016768000205047429
2388	1e-23	0.0014752999995835125
2389	1e-23	0.0011774000013247132
2390	1e-23	0.001131500001065433
2391	1e-23	0.0010121999657712877
2392	1e-23	0.0010967999696731567
2393	1e-23	0.0013042999780736864
2394	1e-23	0.0013854000135324895
2395	1e-23	0.0011404999531805515
2396	1e-23	0.0013583999825641513
2397	1e-23	0.0011826000409200788
2398	1e-23	0.0012464000028558075
2399	1e-23	0.0013416999718174338
2400	1e-23	0.0012758999946527183
2401	1e-23	0.0012449000496417284
2402	1e-23	0.0015370000037364662
2403	1e-23	0.0012440999853424728
2404	1e-23	0.0011103000142611563
2405	1e-23	0.0010454000439494848
2406	1e-23	0.001101600006222725
2407	1e-23	0.0012406999594531953
2408	1e-23	0.0011426000273786485
2409	1e-23	0.0012577999732457101
2410	1e-23	0.0011421000235714018
2411	1e-23	0.0012120000319555402
2412	1e-23	0.0011861000093631446
2413	1e-23	0.0011491000186651945
2414	1e-23	0.0011577000259421766
2415	1e-23	0.0012023000163026154
2416	1e-23	0.0011501000262796879
2417	1e-23	0.0010865000076591969
2418	1e-23	0.0011269000242464244
2419	1e-23	0.001208400004543364
2420	1e-23	0.0011972999782301486
2421	1e-23	0.001133600017055869
2422	1e-23	0.0011149000492878258
2423	1e-23	0.0011709000100381672
2424	1e-23	0.001297099981456995
2425	1e-23	0.0010747999767772853
2426	1e-23	0.001115499995648861
2427	1e-23	0.0012585999793373048
2428	1e-23	0.001206899993121624
2429	1e-23	0.0010866000084206462
2430	1e-23	0.0011944000143557787
2431	1e-23	0.0012381999986246228
2432	1e-23	0.001172299962490797
2433	1e-23	0.0011807999690063298
2434	1e-23	0.001177300000563264
2435	1e-23	0.0011427000281400979
2436	1e-23	0.0012752999900840223
2437	1e-23	0.0012240000069141388
2438	1e-23	0.0011140999849885702
2439	1e-23	0.001134999969508499
2440	1e-23	0.001202500017825514
2441	1e-23	0.0012131000403314829
2442	1e-23	0.001239699951838702
2443	1e-23	0.0011330999550409615
2444	1e-23	0.001199499994982034
2445	1e-23	0.001121699984651059
2446	1e-23	0.001124700007494539
2447	1e-23	0.0011996999965049326
2448	1e-23	0.001159900042694062
2449	1e-23	0.0013555999612435699
2450	1e-23	0.0016055000014603138
2451	1e-23	0.0011647000210359693
2452	1e-23	0.001089500030502677
2453	1e-23	0.001117600011639297
2454	1e-23	0.0011147000477649271
2455	1e-23	0.0011047000298276544
2456	1e-23	0.0011056999792344868
2457	1e-23	0.0011702000047080219
2458	1e-23	0.001221999991685152
2459	1e-23	0.001104300026781857
2460	1e-23	0.001278500014450401
2461	1e-23	0.0011998999980278313
2462	1e-23	0.00117350002983585
2463	1e-23	0.0011531999916769564
2464	1e-23	0.0011225000489503145
2465	1e-23	0.0011138999834656715
2466	1e-23	0.0010750999790616333
2467	1e-23	0.0011078999959863722
2468	1e-23	0.0011166000040248036
2469	1e-23	0.0010383000480942428
2470	1e-23	0.0010389999952167273
2471	1e-23	0.0011473000049591064
2472	1e-23	0.0010559000074863434
2473	1e-23	0.0010122000239789486
2474	1e-23	0.001005799975246191
2475	1e-23	0.0011511999764479697
2476	1e-23	0.0012184000224806368
2477	1e-23	0.0010517999762669206
2478	1e-23	0.0010411000112071633
2479	1e-23	0.0011662000324577093
2480	1e-23	0.0011474000057205558
2481	1e-23	0.001200700004119426
2482	1e-23	0.0012069999938830733
2483	1e-23	0.0011532999924384058
2484	1e-23	0.0011146999895572662
2485	1e-23	0.0011763000511564314
2486	1e-23	0.0011440999805927277
2487	1e-23	0.0012250999570824206
2488	1e-23	0.0012086000060662627
2489	1e-23	0.0013937000185251236
2490	1e-23	0.001514500007033348
2491	1e-23	0.0012452999944798648
2492	1e-23	0.001199499994982034
2493	1e-23	0.001213999988976866
2494	1e-23	0.001171100011561066
2495	1e-23	0.0012795000220648944
2496	1e-23	0.0012404000153765082
2497	1e-23	0.0011463999981060624
2498	1e-23	0.0011552000069059432
2499	1e-23	0.0011490999604575336
2500	1e-23	0.0013834999990649521
2501	1e-23	0.0012597999884746969
2502	1e-23	0.0012446999899111688
2503	1e-23	0.0011399000068195164
2504	1e-23	0.0011175000108778477
2505	1e-23	0.001242099970113486
2506	1e-23	0.0013027000240981579
2507	1e-23	0.001258100033737719
2508	1e-23	0.0012717999634332955
2509	1e-23	0.0012181999627500772
2510	1e-23	0.0011690999963320792
2511	1e-23	0.0010430999682284892
2512	1e-23	0.0012337000225670636
2513	1e-23	0.0012939000152982771
2514	1e-23	0.001365699979942292
2515	1e-23	0.0012315000058151782
2516	1e-23	0.0011561000137589872
2517	1e-23	0.0011030000168830156
2518	1e-23	0.001146299997344613
2519	1e-23	0.0011334000155329704
2520	1e-23	0.001060199982021004
2521	1e-23	0.0010658000246621668
2522	1e-23	0.001139800006058067
2523	1e-23	0.0010992999887093902
2524	1e-23	0.0010544999968260527
2525	1e-23	0.0012080000014975667
2526	1e-23	0.0012114999699406326
2527	1e-23	0.0010868999524973333
2528	1e-23	0.0012328000157140195
2529	1e-23	0.0012102000182494521
2530	1e-23	0.001108399999793619
2531	1e-23	0.0011089000036008656
2532	1e-23	0.0011797999613918364
2533	1e-23	0.0012026000185869634
2534	1e-23	0.0011004999978467822
2535	1e-23	0.0010966999689117074
2536	1e-23	0.001049600017722696
2537	1e-23	0.0011094000074081123
2538	1e-23	0.001089500030502677
2539	1e-23	0.001395300030708313
2540	1e-23	0.0014034999767318368
2541	1e-23	0.0012517000432126224
2542	1e-23	0.0011645000195130706
2543	1e-23	0.00118680001469329
2544	1e-23	0.0011979000410065055
2545	1e-23	0.0011703000054694712
2546	1e-23	0.0011650999658741057
2547	1e-23	0.0011845999979414046
2548	1e-23	0.0012198000331409276
2549	1e-23	0.0011751999845728278
2550	1e-23	0.0011470000026747584
2551	1e-23	0.0011037999647669494
2552	1e-23	0.001180299965199083
2553	1e-23	0.0011929000029340386
2554	1e-23	0.0011676999856717885
2555	1e-23	0.0011001999955624342
2556	1e-23	0.0011170999496243894
2557	1e-23	0.0011267999652773142
2558	1e-23	0.0011683999910019338
2559	1e-23	0.0011716000153683126
2560	1e-23	0.0011878000223077834
2561	1e-23	0.0011703000054694712
2562	1e-23	0.0011789000127464533
2563	1e-23	0.0011572999646887183
2564	1e-23	0.0012006000033579767
2565	1e-23	0.001110500015784055
2566	1e-23	0.0010483000078238547
2567	1e-23	0.001257200026884675
2568	1e-23	0.001208100002259016
2569	1e-23	0.0011027000145986676
2570	1e-23	0.0010974000324495137
2571	1e-23	0.0011129999766126275
2572	1e-23	0.0012204000377096236
2573	1e-23	0.0011121000279672444
2574	1e-23	0.0010801000171341002
2575	1e-23	0.0011480000102892518
2576	1e-23	0.0010621999972499907
2577	1e-23	0.0012737999786622822
2578	1e-23	0.0013558999635279179
2579	1e-23	0.0014624999603256583
2580	1e-23	0.0012264999677427113
2581	1e-23	0.0011077000526711345
2582	1e-23	0.0011655999696813524
2583	1e-23	0.0010373999830335379
2584	1e-23	0.001069399993866682
2585	1e-23	0.001165499968919903
2586	1e-23	0.0011099999537691474
2587	1e-23	0.0010263000149279833
2588	1e-23	0.0010724000167101622
2589	1e-23	0.0010562000097706914
2590	1e-23	0.0010347000206820667
2591	1e-23	0.0010495000169612467
2592	1e-23	0.001285300008021295
2593	1e-23	0.0011501999688334763
2594	1e-23	0.0011327999527566135
2595	1e-23	0.0011659999727271497
2596	1e-23	0.0014714000280946493
2597	1e-23	0.0014263999764807522
2598	1e-23	0.0013405000208877027
2599	1e-23	0.0012565000215545297
2600	1e-23	0.0012289999867789447
2601	1e-23	0.00123259995598346
2602	1e-23	0.0015028000343590975
2603	1e-23	0.0013886999804526567
2604	1e-23	0.0014587999903596938
2605	1e-23	0.00133940001251176
2606	1e-23	0.0012146999943070114
2607	1e-23	0.001188600028399378
2608	1e-23	0.0012209999840706587
2609	1e-23	0.001178800011985004
2610	1e-23	0.0010877999593503773
2611	1e-23	0.0012522999895736575
2612	1e-23	0.0011384999961592257
2613	1e-23	0.0010679999832063913
2614	1e-23	0.0010766999912448227
2615	1e-23	0.0011260000173933804
2616	1e-23	0.0010214000358246267
2617	1e-23	0.001236499985679984
2618	1e-23	0.0013786000199615955
2619	1e-23	0.0012233000015839934
2620	1e-23	0.0011857000063173473
2621	1e-23	0.0011085000005550683
2622	1e-23	0.0011445999843999743
2623	1e-23	0.0011663000332191586
2624	1e-23	0.0011329000117257237
2625	1e-23	0.0011685999925248325
2626	1e-23	0.0011335000162944198
2627	1e-23	0.0010973000316880643
2628	1e-23	0.0011043999693356454
2629	1e-23	0.0011424000258557498
2630	1e-23	0.0012352000339888036
2631	1e-23	0.0011758999899029732
2632	1e-23	0.0011483000125735998
2633	1e-23	0.0011057999799959362
2634	1e-23	0.0010688999900594354
2635	1e-23	0.0011899000382982194
2636	1e-23	0.0011020000092685223
2637	1e-23	0.0011350999702699482
2638	1e-23	0.0010825999779626727
2639	1e-23	0.0011519999825395644
2640	1e-23	0.0011745000374503434
2641	1e-23	0.0010993999894708395
2642	1e-23	0.0010946000111289322
2643	1e-23	0.0017131000058725476
2644	1e-23	0.0012104000197723508
2645	1e-23	0.0011833999888040125
2646	1e-23	0.0012359999818727374
2647	1e-23	0.0012105000205338001
2648	1e-23	0.0011184000177308917
2649	1e-23	0.0011789000127464533
2650	1e-23	0.0011849000002257526
2651	1e-23	0.0011128000332973897
2652	1e-23	0.0010881000198423862
2653	1e-23	0.0011132999788969755
2654	1e-23	0.0010466999956406653
2655	1e-23	0.0010845999931916595
2656	1e-23	0.0014291999978013337
2657	1e-23	0.0012152999988757074
2658	1e-23	0.0010606000432744622
2659	1e-23	0.00104160001501441
2660	1e-23	0.001192099996842444
2661	1e-23	0.0011900999816134572
2662	1e-23	0.0011987999896518886
2663	1e-23	0.0012806999729946256
2664	1e-23	0.0016398999723605812
2665	1e-23	0.001352399995084852
2666	1e-23	0.0011255000135861337
2667	1e-23	0.0010928999981842935
2668	1e-23	0.0013463000068441033
2669	1e-23	0.0012225000537000597
2670	1e-23	0.0011350999702699482
2671	1e-23	0.0010374999837949872
2672	1e-23	0.0010532999876886606
2673	1e-23	0.0011107000173069537
2674	1e-23	0.0012173000141046941
2675	1e-23	0.0011643999605439603
2676	1e-23	0.0012304999982006848
2677	1e-23	0.0012095999554730952
2678	1e-23	0.0011705000069923699
2679	1e-23	0.001186500012408942
2680	1e-23	0.0012461000005714595
2681	1e-23	0.0016275999951176345
2682	1e-23	0.001184399996418506
2683	1e-23	0.0011879000230692327
2684	1e-23	0.0011255999561399221
2685	1e-23	0.0010867000091820955
2686	1e-23	0.0011915999930351973
2687	1e-23	0.0011935000075027347
2688	1e-23	0.0011431000311858952
2689	1e-23	0.0011198999709449708
2690	1e-23	0.0011624000035226345
2691	1e-23	0.0013658000389114022
2692	1e-23	0.0013366000493988395
2693	1e-23	0.001108099997509271
2694	1e-23	0.0012168000102974474
2695	1e-23	0.0010851999977603555
2696	1e-23	0.0010732000228017569
2697	1e-23	0.0011004999978467822
2698	1e-23	0.0010457999887876213
2699	1e-23	0.001004599966108799
2700	1e-23	0.001074399973731488
2701	1e-23	0.0010769000509753823
2702	1e-23	0.0010305999894626439
2703	1e-23	0.000999599986243993
2704	1e-23	0.0011371999862603843
2705	1e-23	0.0012586999800987542
2706	1e-23	0.0011306999949738383
2707	1e-23	0.00122669996926561
2708	1e-23	0.0012814999790862203
2709	1e-23	0.0011406000121496618
2710	1e-23	0.0014546000165864825
2711	1e-23	0.001207199995405972
2712	1e-23	0.0010772999958135188
2713	1e-23	0.0010094000026583672
2714	1e-23	0.0011185999610461295
2715	1e-23	0.0010145000414922833
2716	1e-23	0.0009775999933481216
2717	1e-23	0.0009742999682202935
2718	1e-23	0.0009879999561235309
2719	1e-23	0.0009510999661870301
2720	1e-23	0.000927999964915216
2721	1e-23	0.001469499955419451
2722	1e-23	0.0012824999867007136
2723	1e-23	0.001183000043965876
2724	1e-23	0.0011123999720439315
2725	1e-23	0.0012528999941423535
2726	1e-23	0.0012278000358492136
2727	1e-23	0.0011252000113017857
2728	1e-23	0.0011860000086016953
2729	1e-23	0.0011858000070787966
2730	1e-23	0.0011561000137589872
2731	1e-23	0.0011332000140100718
2732	1e-23	0.0013948000269010663
2733	1e-23	0.0015266999835148454
2734	1e-23	0.0012633000151254237
2735	1e-23	0.0011611999943852425
2736	1e-23	0.0012484000180847943
2737	1e-23	0.0011009000008925796
2738	1e-23	0.0011969000333920121
2739	1e-23	0.0011693999986164272
2740	1e-23	0.0011780000058934093
2741	1e-23	0.001112000027205795
2742	1e-23	0.0011969999759458005
2743	1e-23	0.0011294999858364463
2744	1e-23	0.0010915999882854521
2745	1e-23	0.0014497999800369143
2746	1e-23	0.0013091000146232545
2747	1e-23	0.0011801999644376338
2748	1e-23	0.001088000019080937
2749	1e-23	0.001121999986935407
2750	1e-23	0.0010551000013947487
2751	1e-23	0.0010107000125572085
2752	1e-23	0.0010716000106185675
2753	1e-23	0.0011180000146850944
2754	1e-23	0.0010206999722868204
2755	1e-23	0.0011448999866843224
2756	1e-23	0.0013487999676726758
2757	1e-23	0.001187100016977638
2758	1e-23	0.0011109000188298523
2759	1e-23	0.001512399991042912
2760	1e-23	0.0012654000311158597
2761	1e-23	0.001075900043360889
2762	1e-23	0.0011236999998800457
2763	1e-23	0.0011678999871946871
2764	1e-23	0.001254200004041195
2765	1e-23	0.0011523000430315733
2766	1e-23	0.0011797999613918364
2767	1e-23	0.0011869000154547393
2768	1e-23	0.0011045000283047557
2769	1e-23	0.0011879000230692327
2770	1e-23	0.0011638000141829252
2771	1e-23	0.0012038000277243555
2772	1e-23	0.0011645000195130706
2773	1e-23	0.0012262999662198126
2774	1e-23	0.001131800003349781
2775	1e-23	0.0010859000030905008
2776	1e-23	0.001306000049225986
2777	1e-23	0.001158099970780313
2778	1e-23	0.0011165000032633543
2779	1e-23	0.00109779997728765
2780	1e-23	0.0011069999891333282
2781	1e-23	0.0010989000438712537
2782	1e-23	0.0010656000231392682
2783	1e-23	0.0010697999969124794
2784	1e-23	0.0010986999841406941
2785	1e-23	0.0014533000066876411
2786	1e-23	0.0012162000057287514
2787	1e-23	0.0011798999621532857
2788	1e-23	0.0011650000233203173
2789	1e-23	0.001139800006058067
2790	1e-23	0.0014605000033043325
2791	1e-23	0.0011701000039465725
2792	1e-23	0.0010887999669648707
2793	1e-23	0.0010865000076591969
2794	1e-23	0.0010836999863386154
2795	1e-23	0.0010658000246621668
2796	1e-23	0.001024700002744794
2797	1e-23	0.0010869000107049942
2798	1e-23	0.0012286000419408083
2799	1e-23	0.001046899997163564
2800	1e-23	0.0010143000399693847
2801	1e-23	0.0012320000096224248
2802	1e-23	0.0012343000271357596
2803	1e-23	0.0012491000234149396
2804	1e-23	0.001152799988631159
2805	1e-23	0.0011758999899029732
2806	1e-23	0.001094500010367483
2807	1e-23	0.0010786000057123601
2808	1e-23	0.0011252000113017857
2809	1e-23	0.0012461000005714595
2810	1e-23	0.0011943999561481178
2811	1e-23	0.0013131999876350164
2812	1e-23	0.0011781000066548586
2813	1e-23	0.0012314999476075172
2814	1e-23	0.0011103999568149447
2815	1e-23	0.0012256000190973282
2816	1e-23	0.001243299979250878
2817	1e-23	0.0012076999992132187
2818	1e-23	0.0015098999720066786
2819	1e-23	0.001171400013845414
2820	1e-23	0.001164300017990172
2821	1e-23	0.0011683999910019338
2822	1e-23	0.0011752999853342772
2823	1e-23	0.001144800044130534
2824	1e-23	0.0012645000242628157
2825	1e-23	0.0012429000344127417
2826	1e-23	0.0011165000032633543
2827	1e-23	0.0011795000173151493
2828	1e-23	0.0011229999945499003
2829	1e-23	0.0011117999674752355
2830	1e-23	0.0011962999706156552
2831	1e-23	0.0012873000232502818
2832	1e-23	0.001163099950645119
2833	1e-23	0.001220800040755421
2834	1e-23	0.001145099988207221
2835	1e-23	0.0011732999701052904
2836	1e-23	0.0011558000114746392
2837	1e-23	0.0012782999547198415
2838	1e-23	0.0011477000080049038
2839	1e-23	0.0012172999558970332
2840	1e-23	0.00115870003355667
2841	1e-23	0.0011524000437930226
2842	1e-23	0.001269600004889071
2843	1e-23	0.0012540000025182962
2844	1e-23	0.001146299997344613
2845	1e-23	0.0012417000252753496
2846	1e-23	0.0011531999916769564
2847	1e-23	0.0010223999852314591
2848	1e-23	0.0012583000352606177
2849	1e-23	0.0011208999785594642
2850	1e-23	0.001316599955316633
2851	1e-23	0.001199199992697686
2852	1e-23	0.0012202999787405133
2853	1e-23	0.0010938000050373375
2854	1e-23	0.0010588999721221626
2855	1e-23	0.0013485999661497772
2856	1e-23	0.0014788999687880278
2857	1e-23	0.0012402000138536096
2858	1e-23	0.0011555000091902912
2859	1e-23	0.0011628000065684319
2860	1e-23	0.001107799995224923
2861	1e-23	0.0011299000470899045
2862	1e-23	0.001290599990170449
2863	1e-23	0.0012177000171504915
2864	1e-23	0.001075900043360889
2865	1e-23	0.0011561000137589872
2866	1e-23	0.0011204999755136669
2867	1e-23	0.0011415999615564942
2868	1e-23	0.001189500035252422
2869	1e-23	0.0011591999791562557
2870	1e-23	0.0011804000241681933
2871	1e-23	0.0012076999992132187
2872	1e-23	0.0014500999823212624
2873	1e-23	0.0012118000304326415
2874	1e-23	0.0011783000081777573
2875	1e-23	0.0011972999782301486
2876	1e-23	0.00118240003939718
2877	1e-23	0.0011397000052966177
2878	1e-23	0.001108700002077967
2879	1e-23	0.0011400000075809658
2880	1e-23	0.0013562000240199268
2881	1e-23	0.0014177000266499817
2882	1e-23	0.0012185999657958746
2883	1e-23	0.0011563000152818859
2884	1e-23	0.0011153999948874116
2885	1e-23	0.0011274999706074595
2886	1e-23	0.0011499000247567892
2887	1e-23	0.0010745000327005982
2888	1e-23	0.00118830002611503
2889	1e-23	0.0012217999901622534
2890	1e-23	0.0011638000141829252
2891	1e-23	0.0011131999781355262
2892	1e-23	0.001150999974925071
2893	1e-23	0.001188900030683726
2894	1e-23	0.001123499998357147
2895	1e-23	0.001123199996072799
2896	1e-23	0.001201000006403774
2897	1e-23	0.0012633000151254237
2898	1e-23	0.0011758999899029732
2899	1e-23	0.001199199992697686
2900	1e-23	0.0011650999658741057
2901	1e-23	0.001663499977439642
2902	1e-23	0.0012227000552229583
2903	1e-23	0.0011032000184059143
2904	1e-23	0.0011901999823749065
2905	1e-23	0.001202500017825514
2906	1e-23	0.0011944999569095671
2907	1e-23	0.0012372999917715788
2908	1e-23	0.0012089000083506107
2909	1e-23	0.0015385000151582062
2910	1e-23	0.0011824999819509685
2911	1e-23	0.0011192000238224864
2912	1e-23	0.0011878999648615718
2913	1e-23	0.0011817999766208231
2914	1e-23	0.0011217000428587198
2915	1e-23	0.0010591000318527222
2916	1e-23	0.0011332000140100718
2917	1e-23	0.0010640000109560788
2918	1e-23	0.0011421999661251903
2919	1e-23	0.0010907999821938574
2920	1e-23	0.00110959995072335
2921	1e-23	0.001088300021365285
2922	1e-23	0.0010497000184841454
2923	1e-23	0.0011107000173069537
2924	1e-23	0.00122969999210909
2925	1e-23	0.0011742999777197838
2926	1e-23	0.0011687999940477312
2927	1e-23	0.0011393000022508204
2928	1e-23	0.0011259999591857195
2929	1e-23	0.0010615999926812947
2930	1e-23	0.0011903000413440168
2931	1e-23	0.0012374999932944775
2932	1e-23	0.0011402000091038644
2933	1e-23	0.0011196000268682837
2934	1e-23	0.0012129999813623726
2935	1e-23	0.0011521000415086746
2936	1e-23	0.0011017000069841743
2937	1e-23	0.0012108000228181481
2938	1e-23	0.0011741999769583344
2939	1e-23	0.0018529999651946127
2940	1e-23	0.0012944999616593122
2941	1e-23	0.0014105999725870788
2942	1e-23	0.0010340000153519213
2943	1e-23	0.0012366999872028828
2944	1e-23	0.0012605999945662916
2945	1e-23	0.0012231000000610948
2946	1e-23	0.0011056999792344868
2947	1e-23	0.0010727000189945102
2948	1e-23	0.0012303999974392354
2949	1e-23	0.001264300022739917
2950	1e-23	0.0012003000010736287
2951	1e-23	0.0014160999562591314
2952	1e-23	0.0018690000288188457
2953	1e-23	0.0013933999580331147
2954	1e-23	0.0011662999750114977
2955	1e-23	0.0012846000026911497
2956	1e-23	0.0012217999901622534
2957	1e-23	0.001220200036186725
2958	1e-23	0.0012533999979496002
2959	1e-23	0.0015287999995052814
2960	1e-23	0.0012149999965913594
2961	1e-23	0.0013968999846838415
2962	1e-23	0.0016391000244766474
2963	1e-23	0.001352399995084852
2964	1e-23	0.0011409000144340098
2965	1e-23	0.0012747000437229872
2966	1e-23	0.0012268000282347202
2967	1e-23	0.0011984999873675406
2968	1e-23	0.0010653999634087086
2969	1e-23	0.0013797000283375382
2970	1e-23	0.0011476000072434545
2971	1e-23	0.001241500023752451
2972	1e-23	0.0011756999883800745
2973	1e-23	0.0011497000232338905
2974	1e-23	0.0012890000361949205
2975	1e-23	0.0013343999744392931
2976	1e-23	0.0014084000140428543
2977	1e-23	0.0012153999996371567
2978	1e-23	0.0011069999891333282
2979	1e-23	0.0009917999850586057
2980	1e-23	0.0011570000206120312
2981	1e-23	0.0013976999907754362
2982	1e-23	0.0012387000024318695
2983	1e-23	0.0011177000124007463
2984	1e-23	0.0009842999861575663
2985	1e-23	0.0011534999939613044
2986	1e-23	0.0014866000274196267
2987	1e-23	0.0011389999999664724
2988	1e-23	0.0011190000222995877
2989	1e-23	0.0011794999591074884
2990	1e-23	0.0010972999734804034
2991	1e-23	0.001061999995727092
2992	1e-23	0.0011640999582596123
2993	1e-23	0.0010708000045269728
2994	1e-23	0.0010495999595150352
2995	1e-23	0.0011725000222213566
2996	1e-23	0.0010956000187434256
2997	1e-23	0.0010439000325277448
2998	1e-23	0.0010011999984271824
2999	1e-23	0.0013111999724060297
3000	1e-23	0.0011888000299222767
