epoch	total	seconds
1	1e-23	0.22398200002498925
2	1e-23	0.0017065000138245523
3	1e-23	0.001625100034289062
4	1e-23	0.0013831999967806041
5	1e-23	0.0015264999819919467
6	1e-23	0.0015578999882563949
7	1e-23	0.001626600045710802
8	1e-23	0.0015435999957844615
9	1e-23	0.0016417000442743301
10	1e-23	0.0014353000442497432
11	1e-23	0.0016552000306546688
12	1e-23	0.001396199979353696
13	1e-23	0.0018108999938704073
14	1e-23	0.0017315000295639038
15	1e-23	0.0019830000237561762
16	1e-23	0.0014059999957680702
17	1e-23	0.001588700048159808
18	1e-23	0.0012945000198669732
19	1e-23	0.001680699991993606
20	1e-23	0.0017523000133223832
21	1e-23	0.0015715999761596322
22	1e-23	0.0015089000225998461
23	1e-23	0.0015392000204883516
24	1e-23	0.0018353000050410628
25	1e-23	0.0014158000121824443
26	1e-23	0.0013615000061690807
27	1e-23	0.0016312000225298107
28	1e-23	0.0014507999876514077
29	1e-23	0.0014545999583788216
30	1e-23	0.0014598999987356365
31	1e-23	0.001630999962799251
32	1e-23	0.0013669999898411334
33	1e-23	0.0018811000045388937
34	1e-23	0.0015546000213362277
35	1e-23	0.0016192999901250005
36	1e-23	0.0018114999984391034
37	1e-23	0.0014974999940022826
38	1e-23	0.0014833000022917986
39	1e-23	0.0016033000429160893
40	1e-23	0.0016406000358983874
41	1e-23	0.0014993000077083707
42	1e-23	0.0015352999907918274
43	1e-23	0.0014235000126063824
44	1e-23	0.0016580999945290387
45	1e-23	0.0013696000096388161
46	1e-23	0.0011922999983653426
47	1e-23	0.0015716999769210815
48	1e-23	0.0017312999698333442
49	1e-23	0.0014739999896846712
50	1e-23	0.0015072000096552074
51	1e-23	0.0018210000125691295
52	1e-23	0.001569800020661205
53	1e-23	0.0015109000378288329
54	1e-23	0.0014346999814733863
55	1e-23	0.0014965999871492386
56	1e-23	0.0015415000380016863
57	1e-23	0.0016840000171214342
58	1e-23	0.0014067000010982156
59	1e-23	0.0011700000031851232
60	1e-23	0.0015198999899439514
61	1e-23	0.002341900020837784
62	1e-23	0.0015095999697223306
63	1e-23	0.0014448000001721084
64	1e-23	0.0015512999962083995
65	1e-23	0.00120900000911206
66	1e-23	0.0015141000039875507
67	1e-23	0.0012152999988757074
68	1e-23	0.0015496000414714217
69	1e-23	0.001587199978530407
70	1e-23	0.0016922999639064074
71	1e-23	0.0014257000293582678
72	1e-23	0.001520399993751198
73	1e-23	0.0014797999756410718
74	1e-23	0.0017062999540939927
75	1e-23	0.002092299982905388
76	1e-23	0.0015353999915532768
77	1e-23	0.001292700006160885
78	1e-23	0.0017149999621324241
79	1e-23	0.0013772000093013048
80	1e-23	0.0015710999723523855
81	1e-23	0.0015357999945990741
82	1e-23	0.0017278000013902783
83	1e-23	0.0016552999732084572
84	1e-23	0.0014397000195458531
85	1e-23	0.0015335999778471887
86	1e-23	0.0014668999938294291
87	1e-23	0.001478400023188442
88	1e-23	0.0015507999924011528
89	1e-23	0.001488200039602816
90	1e-23	0.0012701000086963177
91	1e-23	0.0014995000092312694
92	1e-23	0.0022833000402897596
93	1e-23	0.0015287999995052814
94	1e-23	0.0016023999778553843
95	1e-23	0.001513299997895956
96	1e-23	0.0018976000137627125
97	1e-23	0.0015175000298768282
98	1e-23	0.0012255000183358788
99	1e-23	0.001470700022764504
100	1e-23	0.0015745999990031123
101	1e-23	0.0013221999979577959
102	1e-23	0.0015676000039093196
103	1e-23	0.00134529999922961
104	1e-23	0.0013359999866224825
105	1e-23	0.0014421000378206372
106	1e-23	0.0015853000222705305
107	1e-23	0.0011288999812677503
108	1e-23	0.0012992999982088804
109	1e-23	0.0015710999723523855
110	1e-23	0.001283499994315207
111	1e-23	0.0017066000145860016
112	1e-23	0.0014204999897629023
113	1e-23	0.0015013000229373574
114	1e-23	0.001352999999653548
115	1e-23	0.0015187999815680087
116	1e-23	0.0012846000026911497
117	1e-23	0.0021938999998383224
118	1e-23	0.001354500011075288
119	1e-23	0.0012962999753654003
120	1e-23	0.0014358999906107783
121	1e-23	0.001428399991709739
122	1e-23	0.0014974999940022826
123	1e-23	0.0014896999928168952
124	1e-23	0.0018381000263616443
125	1e-23	0.0018229999695904553
126	1e-23	0.0015409000334329903
127	1e-23	0.0018613999709486961
128	1e-23	0.0014979999978095293
129	1e-23	0.001736000005621463
130	1e-23	0.0015788000309839845
131	1e-23	0.001273999980185181
132	1e-23	0.0018840000266209245
133	1e-23	0.0014482000260613859
134	1e-23	0.0014735999866388738
135	1e-23	0.001448800030630082
136	1e-23	0.001368700002785772
137	1e-23	0.0014057999942451715
138	1e-23	0.0014276999863795936
139	1e-23	0.0014544000150635839
140	1e-23	0.0011806999682448804
141	1e-23	0.00139999995008111
142	1e-23	0.001598999951966107
143	1e-23	0.0013652999768964946
144	1e-23	0.0019058000179938972
145	1e-23	0.001886799989733845
146	1e-23	0.0015553999692201614
147	1e-23	0.0014249999658204615
148	1e-23	0.0014799999771639705
149	1e-23	0.001450599986128509
150	1e-23	0.0016231000190600753
151	1e-23	0.001261900004465133
152	1e-23	0.001629500009585172
153	1e-23	0.0017031999886967242
154	1e-23	0.0019648000015877187
155	1e-23	0.0017768999678082764
156	1e-23	0.0014577999827452004
157	1e-23	0.002139699994586408
158	1e-23	0.0018920000293292105
159	1e-23	0.0014007000136189163
160	1e-23	0.0022332000080496073
161	1e-23	0.0014678000006824732
162	1e-23	0.0015492999809794128
163	1e-23	0.0014565999736078084
164	1e-23	0.0014278999879024923
165	1e-23	0.0015804999857209623
166	1e-23	0.0016137000056914985
167	1e-23	0.002275399980135262
168	1e-23	0.001305999991018325
169	1e-23	0.001547599968034774
170	1e-23	0.0012997000012546778
171	1e-23	0.0013986999983899295
172	1e-23	0.0017336000455543399
173	1e-23	0.0014935999643057585
174	1e-23	0.001520699996035546
175	1e-23	0.0015613000141456723
176	1e-23	0.0019218000234104693
177	1e-23	0.0015907000051811337
178	1e-23	0.0015343999839387834
179	1e-23	0.0017050000024028122
180	1e-23	0.001316900015808642
181	1e-23	0.0013728999765589833
182	1e-23	0.001465099980123341
183	1e-23	0.001311599975451827
184	1e-23	0.001489599992055446
185	1e-23	0.0013887000386603177
186	1e-23	0.0014004000113345683
187	1e-23	0.0014762000064365566
188	1e-23	0.0012953999685123563
189	1e-23	0.001444699999410659
190	1e-23	0.0016683000139892101
191	1e-23	0.0015424999874085188
192	1e-23	0.0015423999866470695
193	1e-23	0.001593399967532605
194	1e-23	0.0013182000257074833
195	1e-23	0.0011478999513201416
196	1e-23	0.0013527999981306493
197	1e-23	0.0014267000369727612
198	1e-23	0.0015666999970562756
199	1e-23	0.0021182000054977834
200	1e-23	0.0016206000000238419
201	1e-23	0.001789200003258884
202	1e-23	0.0015032999799586833
203	1e-23	0.0014927999582141638
204	1e-23	0.0013946000253781676
205	1e-23	0.0012209000415168703
206	1e-23	0.0013810000382363796
207	1e-23	0.0015269999857991934
208	1e-23	0.001592499960679561
209	1e-23	0.002125500002875924
210	1e-23	0.0013013000134378672
211	1e-23	0.0014679000014439225
212	1e-23	0.0012127000372856855
213	1e-23	0.0013980999938212335
214	1e-23	0.0012057999847456813
215	1e-23	0.002151500026229769
216	1e-23	0.001998899970203638
217	1e-23	0.00118530000327155
218	1e-23	0.001510299975052476
219	1e-23	0.0016326999757438898
220	1e-23	0.001443199987988919
221	1e-23	0.001299199997447431
222	1e-23	0.0018288000137545168
223	1e-23	0.0024123999755829573
224	1e-23	0.0019923000363633037
225	1e-23	0.001595499983523041
226	1e-23	0.0016747000045143068
227	1e-23	0.001797800010535866
228	1e-23	0.001949500001501292
229	1e-23	0.0018347000004723668
230	1e-23	0.0018776000360958278
231	1e-23	0.0018048000056296587
232	1e-23	0.002283999987412244
233	1e-23	0.00207280000904575
234	1e-23	0.0022574999602511525
235	1e-23	0.003132999991066754
236	1e-23	0.0013659000396728516
237	1e-23	0.0017933000344783068
238	1e-23	0.0015300000086426735
239	1e-23	0.0015584999928250909
240	1e-23	0.001561800017952919
241	1e-23	0.0013764000032097101
242	1e-23	0.0016153999604284763
243	1e-23	0.0014743999927304685
244	1e-23	0.0015265000401996076
245	1e-23	0.0019554999889805913
246	1e-23	0.0013979000505059958
247	1e-23	0.0013290999922901392
248	1e-23	0.002045100030954927
249	1e-23	0.0014876999775879085
250	1e-23	0.001297699986025691
251	1e-23	0.0014436999917961657
252	1e-23	0.0015001000137999654
253	1e-23	0.001499700010754168
254	1e-23	0.0017527000163681805
255	1e-23	0.0016837000148370862
256	1e-23	0.0016327000339515507
257	1e-23	0.0015588999958708882
258	1e-23	0.0014594000531360507
259	1e-23	0.0013159000081941485
260	1e-23	0.0013021000195294619
261	1e-23	0.0014039999805390835
262	1e-23	0.0012449999921955168
263	1e-23	0.0018351000035181642
264	1e-23	0.001580399984959513
265	1e-23	0.0014871000312268734
266	1e-23	0.001414199999999255
267	1e-23	0.0015277000493369997
268	1e-23	0.0013004000065848231
269	1e-23	0.0014131999923847616
270	1e-23	0.001430500007700175
271	1e-23	0.0013925000093877316
272	1e-23	0.0015347999869845808
273	1e-23	0.0015910000074654818
274	1e-23	0.0016297000111080706
275	1e-23	0.0016950000426732004
276	1e-23	0.002111499954480678
277	1e-23	0.0016988999559544027
278	1e-23	0.0018750999588519335
279	1e-23	0.0022016000002622604
280	1e-23	0.0017520000110380352
281	1e-23	0.0014253000263124704
282	1e-23	0.0015852000215090811
283	1e-23	0.002157700015231967
284	1e-23	0.0014679000014439225
285	1e-23	0.0016499999910593033
286	1e-23	0.0016593000036664307
287	1e-23	0.0018180999904870987
288	1e-23	0.0015856000245548785
289	1e-23	0.0018000000272877514
290	1e-23	0.0013910999987274408
291	1e-23	0.0015323999687097967
292	1e-23	0.0015765000134706497
293	1e-23	0.001602600037585944
294	1e-23	0.00129650003509596
295	1e-23	0.001588399987667799
296	1e-23	0.0012806000304408371
297	1e-23	0.0016208000015467405
298	1e-23	0.001476600009482354
299	1e-23	0.0013524999958463013
300	1e-23	0.0014159000129438937
301	1e-23	0.0020022999960929155
302	1e-23	0.0014093000208958983
303	1e-23	0.0015110000385902822
304	1e-23	0.0013401000178419054
305	1e-23	0.0018951999954879284
306	1e-23	0.0016304999589920044
307	1e-23	0.0016394999693147838
308	1e-23	0.0015607000095769763
309	1e-23	0.0016297000111080706
310	1e-23	0.002369699999690056
311	1e-23	0.002993999980390072
312	1e-23	0.002958600001875311
313	1e-23	0.0018816000083461404
314	1e-23	0.0018085999763570726
315	1e-23	0.002363499952480197
316	1e-23	0.002141800010576844
317	1e-23	0.001507700013462454
318	1e-23	0.0018287000129930675
319	1e-23	0.0015366000006906688
320	1e-23	0.0015867000329308212
321	1e-23	0.0014616000116802752
322	1e-23	0.0016892999992705882
323	1e-23	0.001794499985408038
324	1e-23	0.0015280000516213477
325	1e-23	0.0012992999982088804
326	1e-23	0.0014812999870628119
327	1e-23	0.0020552999922074378
328	1e-23	0.0015595999429933727
329	1e-23	0.0015699000214226544
330	1e-23	0.0020614000386558473
331	1e-23	0.0015798999811522663
332	1e-23	0.001602000033017248
333	1e-23	0.0014515999937430024
334	1e-23	0.0016819000011309981
335	1e-23	0.0013111999724060297
336	1e-23	0.0022743000299669802
337	1e-23	0.0015308000147342682
338	1e-23	0.0014683000044897199
339	1e-23	0.0025753999943844974
340	1e-23	0.002286300004925579
341	1e-23	0.001527199987322092
342	1e-23	0.0015553999692201614
343	1e-23	0.0018836000235751271
344	1e-23	0.0016601000097580254
345	1e-23	0.0017399999778717756
346	1e-23	0.0019353999523445964
347	1e-23	0.0014711000258103013
348	1e-23	0.0016210000030696392
349	1e-23	0.001512999995611608
350	1e-23	0.0015999999595806003
351	1e-23	0.0014226000057533383
352	1e-23	0.0016297000111080706
353	1e-23	0.0014889999874867499
354	1e-23	0.001416000013705343
355	1e-23	0.0014761000056751072
356	1e-23	0.0015903000021353364
357	1e-23	0.0018696999759413302
358	1e-23	0.0016126999980770051
359	1e-23	0.0014341999776661396
360	1e-23	0.0015968999941833317
361	1e-23	0.0016197000513784587
362	1e-23	0.00133200001437217
363	1e-23	0.001324000011663884
364	1e-23	0.0014796999748796225
365	1e-23	0.001685699971858412
366	1e-23	0.0015171000268310308
367	1e-23	0.001421900000423193
368	1e-23	0.0014642999740317464
369	1e-23	0.0015977000002749264
370	1e-23	0.0015985000063665211
371	1e-23	0.0021403999999165535
372	1e-23	0.0018232000293210149
373	1e-23	0.0014820999931544065
374	1e-23	0.001648699981160462
375	1e-23	0.0016641999827697873
376	1e-23	0.0016660999972373247
377	1e-23	0.001572699984535575
378	1e-23	0.0016937999753281474
379	1e-23	0.0017666000057943165
380	1e-23	0.0025922999484464526
381	1e-23	0.002360899990890175
382	1e-23	0.0014588000485673547
383	1e-23	0.001961000030860305
384	1e-23	0.002349000016693026
385	1e-23	0.0013679999974556267
386	1e-23	0.0014288999955169857
387	1e-23	0.001852200017310679
388	1e-23	0.0013137999922037125
389	1e-23	0.0016439000028185546
390	1e-23	0.0016566000413149595
391	1e-23	0.0014353999868035316
392	1e-23	0.0016533000161871314
393	1e-23	0.0016962999943643808
394	1e-23	0.0016431999974884093
395	1e-23	0.0021170999971218407
396	1e-23	0.002231600054074079
397	1e-23	0.001899499970022589
398	1e-23	0.0015813999925740063
399	1e-23	0.001723000023048371
400	1e-23	0.001526299980469048
401	1e-23	0.0015024000313133001
402	1e-23	0.0016493999864906073
403	1e-23	0.0018995000282302499
404	1e-23	0.0016813999973237514
405	1e-23	0.0016784999752417207
406	1e-23	0.0019317999831400812
407	1e-23	0.0016754999523982406
408	1e-23	0.0016245999722741544
409	1e-23	0.001649599988013506
410	1e-23	0.001168200047686696
411	1e-23	0.0015830000047571957
412	1e-23	0.0014541000127792358
413	1e-23	0.0014122999855317175
414	1e-23	0.0015722999814897776
415	1e-23	0.0016006999649107456
416	1e-23	0.0018865999882109463
417	1e-23	0.0015067000058479607
418	1e-23	0.0015903000021353364
419	1e-23	0.0013735999818891287
420	1e-23	0.0013935999595560133
421	1e-23	0.0015273999888449907
422	1e-23	0.0015008999616838992
423	1e-23	0.0014835000038146973
424	1e-23	0.0022412999533116817
425	1e-23	0.0015903999446891248
426	1e-23	0.0015220000059343874
427	1e-23	0.0018281000084243715
428	1e-23	0.0014364999951794744
429	1e-23	0.0015575999859720469
430	1e-23	0.001559099997393787
431	1e-23	0.0019190000020898879
432	1e-23	0.0016865000361576676
433	1e-23	0.0020123999565839767
434	1e-23	0.001608500024303794
435	1e-23	0.002060399972833693
436	1e-23	0.002005099959205836
437	1e-23	0.0013652000343427062
438	1e-23	0.001797800010535866
439	1e-23	0.0016346000484190881
440	1e-23	0.0012246000114828348
441	1e-23	0.001525400031823665
442	1e-23	0.0016185999847948551
443	1e-23	0.001574800000526011
444	1e-23	0.0018845999729819596
445	1e-23	0.0018621999770402908
446	1e-23	0.001414800004567951
447	1e-23	0.0017095999792218208
448	1e-23	0.0018834000220522285
449	1e-23	0.0015619000187143683
450	1e-23	0.0014723000349476933
451	1e-23	0.001709400035906583
452	1e-23	0.0013692000065930188
453	1e-23	0.0015370000037364662
454	1e-23	0.0012948999647051096
455	1e-23	0.0015429999912157655
456	1e-23	0.0012525999918580055
457	1e-23	0.0012149999965913594
458	1e-23	0.0019053000141866505
459	1e-23	0.0015771999605931342
460	1e-23	0.0019042999483644962
461	1e-23	0.0025184000260196626
462	1e-23	0.001714400015771389
463	1e-23	0.0013173999614082277
464	1e-23	0.0014645999763160944
465	1e-23	0.0013090000138618052
466	1e-23	0.0017791999853216112
467	1e-23	0.0013917000032961369
468	1e-23	0.0013954999740235507
469	1e-23	0.0015273999888449907
470	1e-23	0.0015307000139728189
471	1e-23	0.0015221000066958368
472	1e-23	0.0014922000118531287
473	1e-23	0.0014417999773286283
474	1e-23	0.0015756000066176057
475	1e-23	0.0015333000337705016
476	1e-23	0.0015374000067822635
477	1e-23	0.0015335999778471887
478	1e-23	0.001280799973756075
479	1e-23	0.0013002000050619245
480	1e-23	0.0016642000409774482
481	1e-23	0.001563900033943355
482	1e-23	0.0019045000080950558
483	1e-23	0.0014674999983981252
484	1e-23	0.0015790999750606716
485	1e-23	0.0014992999495007098
486	1e-23	0.0015031000366434455
487	1e-23	0.0014246999635361135
488	1e-23	0.0017157000256702304
489	1e-23	0.001940299989655614
490	1e-23	0.0014266000362113118
491	1e-23	0.0014835000038146973
492	1e-23	0.0012266000267118216
493	1e-23	0.0017503999988548458
494	1e-23	0.0016066000098362565
495	1e-23	0.0012953999685123563
496	1e-23	0.001548499974887818
497	1e-23	0.0015147999511100352
498	1e-23	0.0012679000501520932
499	1e-23	0.0013132999883964658
500	1e-23	0.0015569999814033508
501	1e-23	0.0017843000241555274
502	1e-23	0.0014878000365570188
503	1e-23	0.0013987999991513789
504	1e-23	0.0015452000079676509
505	1e-23	0.0014442999963648617
506	1e-23	0.0018077000277116895
507	1e-23	0.0013360999873839319
508	1e-23	0.00165200000628829
509	1e-23	0.0017278000013902783
510	1e-23	0.0014758999459445477
511	1e-23	0.0014386000111699104
512	1e-23	0.0015514999977312982
513	1e-23	0.0015592999989166856
514	1e-23	0.0014368999982252717
515	1e-23	0.001725599984638393
516	1e-23	0.0013318000128492713
517	1e-23	0.0015308000147342682
518	1e-23	0.0016799000441096723
519	1e-23	0.0014430999872274697
520	1e-23	0.002300299995113164
521	1e-23	0.0016181999817490578
522	1e-23	0.0014869999722577631
523	1e-23	0.0017361000063829124
524	1e-23	0.0015472000231966376
525	1e-23	0.0017400000360794365
526	1e-23	0.001763800042681396
527	1e-23	0.0015614000149071217
528	1e-23	0.001854900037869811
529	1e-23	0.0015800000401213765
530	1e-23	0.001636600005440414
531	1e-23	0.0014751999988220632
532	1e-23	0.0016302000149153173
533	1e-23	0.001672999991569668
534	1e-23	0.0017608999623917043
535	1e-23	0.0013735999818891287
536	1e-23	0.0014122000429779291
537	1e-23	0.0016680000117048621
538	1e-23	0.0016198999946936965
539	1e-23	0.001469200011342764
540	1e-23	0.0012966999784111977
541	1e-23	0.0016573999891988933
542	1e-23	0.0016112999874167144
543	1e-23	0.0014645999763160944
544	1e-23	0.0017036999925039709
545	1e-23	0.0014860999654047191
546	1e-23	0.0014211000525392592
547	1e-23	0.0015572999836876988
548	1e-23	0.0018029999919235706
549	1e-23	0.0016869999817572534
550	1e-23	0.0017731999978423119
551	1e-23	0.0012301999959163368
552	1e-23	0.0014569999766536057
553	1e-23	0.0014344000373966992
554	1e-23	0.001796600001398474
555	1e-23	0.0012256000190973282
556	1e-23	0.0013777000131085515
557	1e-23	0.0015181000344455242
558	1e-23	0.0014535000082105398
559	1e-23	0.0014742999919690192
560	1e-23	0.0017362000071443617
561	1e-23	0.0016770000220276415
562	1e-23	0.0018176999874413013
563	1e-23	0.001604400051292032
564	1e-23	0.0025083000073209405
565	1e-23	0.002591900003608316
566	1e-23	0.0014315000153146684
567	1e-23	0.0013791999663226306
568	1e-23	0.0016821000026538968
569	1e-23	0.0016007000231184065
570	1e-23	0.0016321999719366431
571	1e-23	0.0013672999921254814
572	1e-23	0.0013486999669112265
573	1e-23	0.0012393000070005655
574	1e-23	0.0017739000031724572
575	1e-23	0.0016320000286214054
576	1e-23	0.0014799999771639705
577	1e-23	0.0014275999856181443
578	1e-23	0.0012771000037901103
579	1e-23	0.0013611000031232834
580	1e-23	0.0015259000356309116
581	1e-23	0.0014125999878160655
582	1e-23	0.002474099979735911
583	1e-23	0.0019898000173270702
584	1e-23	0.0017148000188171864
585	1e-23	0.0014560000272467732
586	1e-23	0.001282899989746511
587	1e-23	0.00124299997696653
588	1e-23	0.0015855999663472176
589	1e-23	0.0015547999646514654
590	1e-23	0.0014451000024564564
591	1e-23	0.001525699975900352
592	1e-23	0.001570100022945553
593	1e-23	0.0013704000157304108
594	1e-23	0.0019181999959982932
595	1e-23	0.0017690000240691006
596	1e-23	0.0013481000205501914
597	1e-23	0.001410100026987493
598	1e-23	0.0014242000179365277
599	1e-23	0.0013408999657258391
600	1e-23	0.0014113999786786735
601	1e-23	0.0013995000044815242
602	1e-23	0.0014954000362195075
603	1e-23	0.0013928000116720796
604	1e-23	0.0014730999828316271
605	1e-23	0.0014875999768264592
606	1e-23	0.0014285000506788492
607	1e-23	0.0022150000440888107
608	1e-23	0.002319999970495701
609	1e-23	0.00210829998832196
610	1e-23	0.001361000002361834
611	1e-23	0.0014537000097334385
612	1e-23	0.0012544000055640936
613	1e-23	0.0015169999678619206
614	1e-23	0.0019714999943971634
615	1e-23	0.0013823999906890094
616	1e-23	0.0013614000054076314
617	1e-23	0.0015568999806419015
618	1e-23	0.0015137000009417534
619	1e-23	0.0018845999729819596
620	1e-23	0.0014625000185333192
621	1e-23	0.0013577999779954553
622	1e-23	0.0020880000083707273
623	1e-23	0.0018915000255219638
624	1e-23	0.0014328999677672982
625	1e-23	0.0014182000304572284
626	1e-23	0.0012768000015057623
627	1e-23	0.0013469000114127994
628	1e-23	0.0023082999978214502
629	1e-23	0.0013102999655529857
630	1e-23	0.0013566999696195126
631	1e-23	0.0012678999919444323
632	1e-23	0.0018205000087618828
633	1e-23	0.001707599963992834
634	1e-23	0.0017852000310085714
635	1e-23	0.0017957999953068793
636	1e-23	0.0011940999538637698
637	1e-23	0.002010700001846999
638	1e-23	0.0014910000027157366
639	1e-23	0.0015406999737024307
640	1e-23	0.0017924999701790512
641	1e-23	0.0015121999895200133
642	1e-23	0.0014457000070251524
643	1e-23	0.0015912999515421689
644	1e-23	0.0022677999804727733
645	1e-23	0.0015108000370673835
646	1e-23	0.0014368999982252717
647	1e-23	0.0011760999914258718
648	1e-23	0.0013608999433927238
649	1e-23	0.0014709000242874026
650	1e-23	0.001462699961848557
651	1e-23	0.0015024999738670886
652	1e-23	0.0015639999764971435
653	1e-23	0.0015656999894417822
654	1e-23	0.0012261000229045749
655	1e-23	0.0015061000012792647
656	1e-23	0.0016715999809093773
657	1e-23	0.0014389000134542584
658	1e-23	0.0019620999810285866
659	1e-23	0.0014370999997481704
660	1e-23	0.0016956999897956848
661	1e-23	0.0013433999847620726
662	1e-23	0.0014742999919690192
663	1e-23	0.0012534999987110496
664	1e-23	0.0020101999980397522
665	1e-23	0.0012407999602146447
666	1e-23	0.001457699981983751
667	1e-23	0.001616200024727732
668	1e-23	0.00147280003875494
669	1e-23	0.001437600003555417
670	1e-23	0.0012827999889850616
671	1e-23	0.0019415999995544553
672	1e-23	0.0014501000405289233
673	1e-23	0.0014049000455997884
674	1e-23	0.0015024999738670886
675	1e-23	0.0016768000205047429
676	1e-23	0.001686899980995804
677	1e-23	0.001591400010511279
678	1e-23	0.0012017999542877078
679	1e-23	0.001471000025048852
680	1e-23	0.0012648000265471637
681	1e-23	0.0017625000327825546
682	1e-23	0.0014650000375695527
683	1e-23	0.0014405000256374478
684	1e-23	0.0014591999934054911
685	1e-23	0.0014869000297039747
686	1e-23	0.001503499981481582
687	1e-23	0.0012386000016704202
688	1e-23	0.0018338999943807721
689	1e-23	0.0020082000410184264
690	1e-23	0.0021054999670013785
691	1e-23	0.0017404999816790223
692	1e-23	0.0014512999914586544
693	1e-23	0.0013120999792590737
694	1e-23	0.0013682999997399747
695	1e-23	0.0013678999966941774
696	1e-23	0.0012434999807737768
697	1e-23	0.001616799971088767
698	1e-23	0.001679500041063875
699	1e-23	0.001458899991121143
700	1e-23	0.0019112000009045005
701	1e-23	0.0016305999597534537
702	1e-23	0.0022764999885112047
703	1e-23	0.0026100999675691128
704	1e-23	0.0014066000003367662
705	1e-23	0.0012731000315397978
706	1e-23	0.0012761999969370663
707	1e-23	0.001660600013565272
708	1e-23	0.0013897999888285995
709	1e-23	0.0015684000100009143
710	1e-23	0.001507400011178106
711	1e-23	0.0014820999931544065
712	1e-23	0.0012939000152982771
713	1e-23	0.0012886000331491232
714	1e-23	0.0012060000444762409
715	1e-23	0.0018573999986983836
716	1e-23	0.0015474999672733247
717	1e-23	0.0014836000045761466
718	1e-23	0.0014658999862149358
719	1e-23	0.0014544000150635839
720	1e-23	0.0015223999507725239
721	1e-23	0.0012658999767154455
722	1e-23	0.0014631999656558037
723	1e-23	0.0013060999917797744
724	1e-23	0.0014646000345237553
725	1e-23	0.0014444999978877604
726	1e-23	0.0012747999862767756
727	1e-23	0.0015964999911375344
728	1e-23	0.0015384000143967569
729	1e-23	0.0017860999796539545
730	1e-23	0.0016442000051029027
731	1e-23	0.0013271999778226018
732	1e-23	0.0011961000273004174
733	1e-23	0.001355100015643984
734	1e-23	0.0012040999718010426
735	1e-23	0.0012996000004932284
736	1e-23	0.001594299974385649
737	1e-23	0.0012046999763697386
738	1e-23	0.0013441999908536673
739	1e-23	0.0013496999745257199
740	1e-23	0.002245799987576902
741	1e-23	0.0014962999848648906
742	1e-23	0.0014396000187844038
743	1e-23	0.0015632999711669981
744	1e-23	0.0015745999990031123
745	1e-23	0.0016346999909728765
746	1e-23	0.002591500000562519
747	1e-23	0.001332899963017553
748	1e-23	0.0014229000080376863
749	1e-23	0.0011818999773822725
750	1e-23	0.001649599988013506
751	1e-23	0.0011794000165537
752	1e-23	0.001268099993467331
753	1e-23	0.0013497999752871692
754	1e-23	0.0013719999697059393
755	1e-23	0.0018091000383719802
756	1e-23	0.001570100022945553
757	1e-23	0.00151859998004511
758	1e-23	0.0017791999853216112
759	1e-23	0.0015646999818272889
760	1e-23	0.0015075000119395554
761	1e-23	0.001425200025551021
762	1e-23	0.0015434999950230122
763	1e-23	0.001434899982996285
764	1e-23	0.0013896999880671501
765	1e-23	0.0017952000489458442
766	1e-23	0.0015588999958708882
767	1e-23	0.001433699973858893
768	1e-23	0.0012725000269711018
769	1e-23	0.0014479000237770379
770	1e-23	0.0014808999840170145
771	1e-23	0.001298899995163083
772	1e-23	0.0014111999771557748
773	1e-23	0.0014956999802961946
774	1e-23	0.0019958000048063695
775	1e-23	0.0017694999696686864
776	1e-23	0.0014464000123552978
777	1e-23	0.0014511000481434166
778	1e-23	0.001470399962272495
779	1e-23	0.0014696999569423497
780	1e-23	0.0015431999927386642
781	1e-23	0.0014409000286832452
782	1e-23	0.0014276000438258052
783	1e-23	0.0016811999958008528
784	1e-23	0.0015169999678619206
785	1e-23	0.0013016999582760036
786	1e-23	0.0015493999817408621
787	1e-23	0.0014686000067740679
788	1e-23	0.0023706000065431
789	1e-23	0.0020044000120833516
790	1e-23	0.0014047999866306782
791	1e-23	0.001354500011075288
792	1e-23	0.0013416999718174338
793	1e-23	0.001400900015141815
794	1e-23	0.001297399983741343
795	1e-23	0.0013578999787569046
796	1e-23	0.0015804999857209623
797	1e-23	0.0013776000123471022
798	1e-23	0.0015088999643921852
799	1e-23	0.0015530000091530383
800	1e-23	0.0012972999829798937
801	1e-23	0.0015246999682858586
802	1e-23	0.0014831000007689
803	1e-23	0.0021253000013530254
804	1e-23	0.0016505000530742109
805	1e-23	0.0015445000026375055
806	1e-23	0.00149940000846982
807	1e-23	0.0015773999621160328
808	1e-23	0.0016616000211797655
809	1e-23	0.0019765999750234187
810	1e-23	0.0016577999922446907
811	1e-23	0.001500600017607212
812	1e-23	0.0013678999966941774
813	1e-23	0.0014233000110834837
814	1e-23	0.001487000030465424
815	1e-23	0.0016262999852187932
816	1e-23	0.0012557999580167234
817	1e-23	0.0014872999745421112
818	1e-23	0.0014964999863877892
819	1e-23	0.0012906999909318984
820	1e-23	0.0014720000326633453
821	1e-23	0.0014532000059261918
822	1e-23	0.0016045999946072698
823	1e-23	0.0016879999893717468
824	1e-23	0.001582199998665601
825	1e-23	0.0013232000055722892
826	1e-23	0.00161650002701208
827	1e-23	0.0014189999783411622
828	1e-23	0.0017855999758467078
829	1e-23	0.002567000046838075
830	1e-23	0.0017371000139974058
831	1e-23	0.0017340999911539257
832	1e-23	0.0012333000195212662
833	1e-23	0.0016098999767564237
834	1e-23	0.0016537000192329288
835	1e-23	0.0017633000388741493
836	1e-23	0.001761999970767647
837	1e-23	0.0014814999885857105
838	1e-23	0.001916100038215518
839	1e-23	0.0012679999927058816
840	1e-23	0.0014189999783411622
841	1e-23	0.001684500020928681
842	1e-23	0.0017792999860830605
843	1e-23	0.0020628999918699265
844	1e-23	0.0020628999918699265
845	1e-23	0.0014387000119313598
846	1e-23	0.0014441999956034124
847	1e-23	0.001569200016092509
848	1e-23	0.001440799969714135
849	1e-23	0.0015180999762378633
850	1e-23	0.0016395999700762331
851	1e-23	0.001150700030848384
852	1e-23	0.0016485000378452241
853	1e-23	0.002806000004056841
854	1e-23	0.0018431000062264502
855	1e-23	0.001437900005839765
856	1e-23	0.0014518999960273504
857	1e-23	0.0012040999718010426
858	1e-23	0.0016012999694794416
859	1e-23	0.0016065000090748072
860	1e-23	0.0016288000042550266
861	1e-23	0.0015430999919772148
862	1e-23	0.0013084000092931092
863	1e-23	0.0020227000350132585
864	1e-23	0.0015896999975666404
865	1e-23	0.0017139000119641423
866	1e-23	0.0020960000110790133
867	1e-23	0.0019898000173270702
868	1e-23	0.0014329000259749591
869	1e-23	0.001375199994072318
870	1e-23	0.001340300019364804
871	1e-23	0.0012373999925330281
872	1e-23	0.0017137000104412436
873	1e-23	0.0013304000021889806
874	1e-23	0.0015161000192165375
875	1e-23	0.0019349000067450106
876	1e-23	0.0015698999632149935
877	1e-23	0.0013430999824777246
878	1e-23	0.0014367999974638224
879	1e-23	0.001770599978044629
880	1e-23	0.0012242000084370375
881	1e-23	0.0012670999858528376
882	1e-23	0.0016404000343754888
883	1e-23	0.0014353000442497432
884	1e-23	0.0015774999628774822
885	1e-23	0.0016717000398784876
886	1e-23	0.0013860000181011856
887	1e-23	0.0015234999591484666
888	1e-23	0.0012109000235795975
889	1e-23	0.0015233000158332288
890	1e-23	0.0015699999639764428
891	1e-23	0.0014793999725952744
892	1e-23	0.0013596999924629927
893	1e-23	0.0014258000301197171
894	1e-23	0.0014916000072844326
895	1e-23	0.0017238999716937542
896	1e-23	0.0015119000454433262
897	1e-23	0.0014657999854534864
898	1e-23	0.0015501999878324568
899	1e-23	0.0013980999938212335
900	1e-23	0.0015172999701462686
901	1e-23	0.0015355999930761755
902	1e-23	0.002121300029102713
903	1e-23	0.0017002999666146934
904	1e-23	0.0013408000231720507
905	1e-23	0.0018774000345729291
906	1e-23	0.001824399980250746
907	1e-23	0.0018016999820247293
908	1e-23	0.0016107000410556793
909	1e-23	0.0020194000098854303
910	1e-23	0.00136009999550879
911	1e-23	0.0018550999811850488
912	1e-23	0.0013853999553248286
913	1e-23	0.0016959000495262444
914	1e-23	0.0017293000128120184
915	1e-23	0.0013254000223241746
916	1e-23	0.0015816999948583543
917	1e-23	0.0014099000254645944
918	1e-23	0.0015060000005178154
919	1e-23	0.0017110999906435609
920	1e-23	0.0012250999570824206
921	1e-23	0.0013424999779090285
922	1e-23	0.0014813000452704728
923	1e-23	0.001658199995290488
924	1e-23	0.0014216999989002943
925	1e-23	0.0013661999837495387
926	1e-23	0.0014868999714963138
927	1e-23	0.0014553999644704163
928	1e-23	0.0012457999982871115
929	1e-23	0.001297699986025691
930	1e-23	0.0012605999945662916
931	1e-23	0.0014394000172615051
932	1e-23	0.001494100026320666
933	1e-23	0.0016683000139892101
934	1e-23	0.0015982000040821731
935	1e-23	0.0013827999937348068
936	1e-23	0.001972600002773106
937	1e-23	0.0017720999894663692
938	1e-23	0.0014281000476330519
939	1e-23	0.0016948999837040901
940	1e-23	0.0012503999751061201
941	1e-23	0.0016093000303953886
942	1e-23	0.0014662999892607331
943	1e-23	0.0019379999721422791
944	1e-23	0.0015234999591484666
945	1e-23	0.0021631999989040196
946	1e-23	0.0015943000325933099
947	1e-23	0.0014770000125281513
948	1e-23	0.002382199978455901
949	1e-23	0.0017946000443771482
950	1e-23	0.0013624000130221248
951	1e-23	0.001555000024382025
952	1e-23	0.0016176000353880227
953	1e-23	0.0015557000297121704
954	1e-23	0.0012809000327251852
955	1e-23	0.0014815000467933714
956	1e-23	0.0012996000004932284
957	1e-23	0.0014996000099927187
958	1e-23	0.0012464000028558075
959	1e-23	0.0016825000056996942
960	1e-23	0.0014574999804608524
961	1e-23	0.0014835000038146973
962	1e-23	0.0015211999998427927
963	1e-23	0.0016127999988384545
964	1e-23	0.002209400001447648
965	1e-23	0.002195900015067309
966	1e-23	0.0014072000049054623
967	1e-23	0.0018687000265344977
968	1e-23	0.0015199999907054007
969	1e-23	0.0015350999892689288
970	1e-23	0.0021689999848604202
971	1e-23	0.0015668999985791743
972	1e-23	0.0014550000196322799
973	1e-23	0.0013257000246085227
974	1e-23	0.0012174999574199319
975	1e-23	0.001581599994096905
976	1e-23	0.001459200051613152
977	1e-23	0.0014776000170968473
978	1e-23	0.0014950999757274985
979	1e-23	0.0014179000281728804
980	1e-23	0.001261299999896437
981	1e-23	0.0014625000185333192
982	1e-23	0.0015050999936647713
983	1e-23	0.0017974000074900687
984	1e-23	0.001421900000423193
985	1e-23	0.0015719000366516411
986	1e-23	0.0016491999849677086
987	1e-23	0.0016152000171132386
988	1e-23	0.001572999986819923
989	1e-23	0.0017556999810039997
990	1e-23	0.0022684999858029187
991	1e-23	0.0017557000392116606
992	1e-23	0.0016379999578930438
993	1e-23	0.0013129999861121178
994	1e-23	0.001560600008815527
995	1e-23	0.0015722000389359891
996	1e-23	0.0015817999956198037
997	1e-23	0.0013678999966941774
998	1e-23	0.001445000001695007
999	1e-23	0.0017075000214390457
1000	1e-23	0.0015150000108405948
1001	1e-23	0.0016116999904625118
1002	1e-23	0.0014680000022053719
1003	1e-23	0.0015422999858856201
1004	1e-23	0.0014663999900221825
1005	1e-23	0.0015578999882563949
1006	1e-23	0.0014722999767400324
1007	1e-23	0.0014590999926440418
1008	1e-23	0.00153339997632429
1009	1e-23	0.0013321000151336193
1010	1e-23	0.0016294000088237226
1011	1e-23	0.0018272000015713274
1012	1e-23	0.001388499978929758
1013	1e-23	0.0018147999653592706
1014	1e-23	0.001698400010354817
1015	1e-23	0.0019483999931253493
1016	1e-23	0.0019806999480351806
1017	1e-23	0.0015236999606713653
1018	1e-23	0.0023107000160962343
1019	1e-23	0.0028119999915361404
1020	1e-23	0.0026931999600492418
1021	1e-23	0.0014963000430725515
1022	1e-23	0.0022066000383347273
1023	1e-23	0.0015921000158414245
1024	1e-23	0.00281360000371933
1025	1e-23	0.002040299994405359
1026	1e-23	0.0014563999720849097
1027	1e-23	0.0015687999548390508
1028	1e-23	0.001666199997998774
1029	1e-23	0.0014034000341780484
1030	1e-23	0.0014198999851942062
1031	1e-23	0.001584600016940385
1032	1e-23	0.00146690005203709
1033	1e-23	0.0023793999571353197
1034	1e-23	0.0030064000166021287
1035	1e-23	0.0016152000171132386
1036	1e-23	0.0015992000116966665
1037	1e-23	0.0014916000072844326
1038	1e-23	0.0015022000297904015
1039	1e-23	0.001486700028181076
1040	1e-23	0.0013161000097170472
1041	1e-23	0.0016155000193975866
1042	1e-23	0.0015511999954469502
1043	1e-23	0.0016805999912321568
1044	1e-23	0.0015890999929979444
1045	1e-23	0.0016763000166974962
1046	1e-23	0.001457700040191412
1047	1e-23	0.0014023000258021057
1048	1e-23	0.0014634000253863633
1049	1e-23	0.0013741000439040363
1050	1e-23	0.0013634000206366181
1051	1e-23	0.0013378000003285706
1052	1e-23	0.0012673999881371856
1053	1e-23	0.001496099983341992
1054	1e-23	0.001627200050279498
1055	1e-23	0.0014090999611653388
1056	1e-23	0.0014971999917179346
1057	1e-23	0.0015518000000156462
1058	1e-23	0.001616800029296428
1059	1e-23	0.0016771000227890909
1060	1e-23	0.0014924000133760273
1061	1e-23	0.0016271999920718372
1062	1e-23	0.001596099988091737
1063	1e-23	0.0017760000191628933
1064	1e-23	0.0019134999602101743
1065	1e-23	0.0015769999590702355
1066	1e-23	0.0015666999970562756
1067	1e-23	0.0014014000189490616
1068	1e-23	0.0015311999595724046
1069	1e-23	0.0013840000028721988
1070	1e-23	0.0016222000122070312
1071	1e-23	0.001616200024727732
1072	1e-23	0.0014736999874003232
1073	1e-23	0.00131870002951473
1074	1e-23	0.0014466000138781965
1075	1e-23	0.002298199979122728
1076	1e-23	0.002535400039050728
1077	1e-23	0.0016951999859884381
1078	1e-23	0.0014640999725088477
1079	1e-23	0.0014907000004313886
1080	1e-23	0.0014980999985709786
1081	1e-23	0.0014907000004313886
1082	1e-23	0.0013893000432290137
1083	1e-23	0.00151269999332726
1084	1e-23	0.0015687000122852623
1085	1e-23	0.001699900021776557
1086	1e-23	0.0015498999855481088
1087	1e-23	0.0015889000496827066
1088	1e-23	0.0032473999890498817
1089	1e-23	0.001768200017977506
1090	1e-23	0.002683500002603978
1091	1e-23	0.0014936000225134194
1092	1e-23	0.0013066999963484704
1093	1e-23	0.0015762000111863017
1094	1e-23	0.0014973999932408333
1095	1e-23	0.0012584999785758555
1096	1e-23	0.0014820999931544065
1097	1e-23	0.002177499991375953
1098	1e-23	0.0018207999528385699
1099	1e-23	0.001316900015808642
1100	1e-23	0.001992999983485788
1101	1e-23	0.002060400031041354
1102	1e-23	0.0017928999732248485
1103	1e-23	0.001635099994018674
1104	1e-23	0.0014882999821566045
1105	1e-23	0.0015215000021271408
1106	1e-23	0.001615900022443384
1107	1e-23	0.0019016999867744744
1108	1e-23	0.0014660999877378345
1109	1e-23	0.001615900022443384
1110	1e-23	0.001386400021146983
1111	1e-23	0.0021604999783448875
1112	1e-23	0.002070499991532415
1113	1e-23	0.0024244999513030052
1114	1e-23	0.0019847999792546034
1115	1e-23	0.0021711000008508563
1116	1e-23	0.0015537000144831836
1117	1e-23	0.0026194999809376895
1118	1e-23	0.001774400006979704
1119	1e-23	0.0019580000080168247
1120	1e-23	0.0018289000145159662
1121	1e-23	0.001819099998101592
1122	1e-23	0.0015087999636307359
1123	1e-23	0.001588999992236495
1124	1e-23	0.001574199995957315
1125	1e-23	0.0013642000267282128
1126	1e-23	0.0014099000254645944
1127	1e-23	0.0013828999944962561
1128	1e-23	0.0014383000088855624
1129	1e-23	0.0015563000342808664
1130	1e-23	0.0021215999731794
1131	1e-23	0.0017785999807529151
1132	1e-23	0.001283799996599555
1133	1e-23	0.0016521000070497394
1134	1e-23	0.001707000017631799
1135	1e-23	0.0015066000050865114
1136	1e-23	0.0016808999935165048
1137	1e-23	0.001850700005888939
1138	1e-23	0.0012854000087827444
1139	1e-23	0.001456799975130707
1140	1e-23	0.0013746999902650714
1141	1e-23	0.001427499984856695
1142	1e-23	0.001700500026345253
1143	1e-23	0.0016490000416524708
1144	1e-23	0.001642799994442612
1145	1e-23	0.0015676000039093196
1146	1e-23	0.0017392999725416303
1147	1e-23	0.0013300999999046326
1148	1e-23	0.0016680000117048621
1149	1e-23	0.0017920999671332538
1150	1e-23	0.0016273999935947359
1151	1e-23	0.0016690000193193555
1152	1e-23	0.001395299972500652
1153	1e-23	0.0014749999972991645
1154	1e-23	0.001524799969047308
1155	1e-23	0.0014574999804608524
1156	1e-23	0.0014501999830827117
1157	1e-23	0.0014353999868035316
1158	1e-23	0.0014678000006824732
1159	1e-23	0.0015827000024728477
1160	1e-23	0.0018884000019170344
1161	1e-23	0.0014910000027157366
1162	1e-23	0.001575400005094707
1163	1e-23	0.0020438999636098742
1164	1e-23	0.0015776999644003808
1165	1e-23	0.001661999966017902
1166	1e-23	0.001477500016335398
1167	1e-23	0.0012326000141911209
1168	1e-23	0.0014841000083833933
1169	1e-23	0.0012768000015057623
1170	1e-23	0.0017749000107869506
1171	1e-23	0.0016995000187307596
1172	1e-23	0.0016199999954551458
1173	1e-23	0.0016446000081487
1174	1e-23	0.002244999981485307
1175	1e-23	0.0029326999792829156
1176	1e-23	0.003121200017631054
1177	1e-23	0.0017254999838769436
1178	1e-23	0.0026706000207923353
1179	1e-23	0.0014690000098198652
1180	1e-23	0.0026311000110581517
1181	1e-23	0.0016678000101819634
1182	1e-23	0.0014896999928168952
1183	1e-23	0.0014470000169239938
1184	1e-23	0.0017361000063829124
1185	1e-23	0.0014961999841034412
1186	1e-23	0.0014493000344373286
1187	1e-23	0.001603800046723336
1188	1e-23	0.001492900017183274
1189	1e-23	0.0015131999971345067
1190	1e-23	0.0012439999845810235
1191	1e-23	0.0015475000254809856
1192	1e-23	0.0014755000011064112
1193	1e-23	0.0016344999894499779
1194	1e-23	0.0014996000099927187
1195	1e-23	0.0015439999988302588
1196	1e-23	0.0015784999704919755
1197	1e-23	0.0014381000073626637
1198	1e-23	0.001393499958794564
1199	1e-23	0.0014160999562591314
1200	1e-23	0.0013457000022754073
1201	1e-23	0.0019388000364415348
1202	1e-23	0.0014413000317290425
1203	1e-23	0.001423100009560585
1204	1e-23	0.0015089999651536345
1205	1e-23	0.001380200032144785
1206	1e-23	0.0016454000142402947
1207	1e-23	0.0013019000180065632
1208	1e-23	0.001488200039602816
1209	1e-23	0.0012482000165618956
1210	1e-23	0.001643399999011308
1211	1e-23	0.0015546000213362277
1212	1e-23	0.0016135000041685998
1213	1e-23	0.002311499963980168
1214	1e-23	0.0017143000150099397
1215	1e-23	0.0014884000411257148
1216	1e-23	0.0017010000301524997
1217	1e-23	0.0014514000504277647
1218	1e-23	0.0011213000398129225
1219	1e-23	0.001464799977838993
1220	1e-23	0.001327900041360408
1221	1e-23	0.001366300042718649
1222	1e-23	0.0015178000321611762
1223	1e-23	0.001367799995932728
1224	1e-23	0.0015411999775096774
1225	1e-23	0.0016641999827697873
1226	1e-23	0.0021249999990686774
1227	1e-23	0.0015780000248923898
1228	1e-23	0.0016296000103466213
1229	1e-23	0.0015511999954469502
1230	1e-23	0.001597900001797825
1231	1e-23	0.0015421999851241708
1232	1e-23	0.001403300033416599
1233	1e-23	0.0014656000421382487
1234	1e-23	0.0018673999584279954
1235	1e-23	0.001255700015462935
1236	1e-23	0.0016232000198215246
1237	1e-23	0.0017932000337168574
1238	1e-23	0.0017905000131577253
1239	1e-23	0.0019978000200353563
1240	1e-23	0.0015013000229373574
1241	1e-23	0.0014959000400267541
1242	1e-23	0.0014062999980524182
1243	1e-23	0.0016930000274442136
1244	1e-23	0.0023533999919891357
1245	1e-23	0.0023421000223606825
1246	1e-23	0.0016157000209204853
1247	1e-23	0.0013442999916151166
1248	1e-23	0.0015231000143103302
1249	1e-23	0.0014619000139646232
1250	1e-23	0.0013823999906890094
1251	1e-23	0.0024158000014722347
1252	1e-23	0.0014460000093095005
1253	1e-23	0.0015016999677754939
1254	1e-23	0.001302099961321801
1255	1e-23	0.0012433999800123274
1256	1e-23	0.0013510999851860106
1257	1e-23	0.001373699982650578
1258	1e-23	0.001525400031823665
1259	1e-23	0.001289399981033057
1260	1e-23	0.0015338999801315367
1261	1e-23	0.0012182000209577382
1262	1e-23	0.001575400005094707
1263	1e-23	0.0013572000316344202
1264	1e-23	0.0014887000434100628
1265	1e-23	0.0014637999702244997
1266	1e-23	0.001317799964454025
1267	1e-23	0.001714699959848076
1268	1e-23	0.0016550999716855586
1269	1e-23	0.0013324000174179673
1270	1e-23	0.0014254999696277082
1271	1e-23	0.001359499990940094
1272	1e-23	0.0014743999927304685
1273	1e-23	0.00164899998344481
1274	1e-23	0.001596700050868094
1275	1e-23	0.0014987000031396747
1276	1e-23	0.0014626000192947686
1277	1e-23	0.001546100014820695
1278	1e-23	0.001402700028847903
1279	1e-23	0.0013327999622561038
1280	1e-23	0.0014276999863795936
1281	1e-23	0.001885299978312105
1282	1e-23	0.0014147000038065016
1283	1e-23	0.00153929996304214
1284	1e-23	0.0015181000344455242
1285	1e-23	0.001458299986552447
1286	1e-23	0.0015514999977312982
1287	1e-23	0.0014196999836713076
1288	1e-23	0.0015304000116884708
1289	1e-23	0.0012064999900758266
1290	1e-23	0.001718799991067499
1291	1e-23	0.001214599993545562
1292	1e-23	0.0018047000048682094
1293	1e-23	0.0016077000182121992
1294	1e-23	0.0023873000172898173
1295	1e-23	0.0016036999877542257
1296	1e-23	0.001178800011985004
1297	1e-23	0.0015082999598234892
1298	1e-23	0.0014845000114291906
1299	1e-23	0.0014421999803744256
1300	1e-23	0.0014392000157386065
1301	1e-23	0.0015814999933354557
1302	1e-23	0.001707000017631799
1303	1e-23	0.0016441000043414533
1304	1e-23	0.001438800012692809
1305	1e-23	0.0014599999994970858
1306	1e-23	0.0016955999890342355
1307	1e-23	0.0014699000166729093
1308	1e-23	0.001635399996303022
1309	1e-23	0.0015673000016249716
1310	1e-23	0.0014418000355362892
1311	1e-23	0.0014724000357091427
1312	1e-23	0.0014865000266581774
1313	1e-23	0.0013942000223323703
1314	1e-23	0.0015459000132977962
1315	1e-23	0.0014657999854534864
1316	1e-23	0.0015596000012010336
1317	1e-23	0.001720900007057935
1318	1e-23	0.0019874999998137355
1319	1e-23	0.0021882999571971595
1320	1e-23	0.0017312000272795558
1321	1e-23	0.0016199000529013574
1322	1e-23	0.0014697000151500106
1323	1e-23	0.001631000021006912
1324	1e-23	0.001255699957255274
1325	1e-23	0.001707599963992834
1326	1e-23	0.0017265000496990979
1327	1e-23	0.0018031999934464693
1328	1e-23	0.0017384999664500356
1329	1e-23	0.0021637000027112663
1330	1e-23	0.0016274999943561852
1331	1e-23	0.002250599965918809
1332	1e-23	0.0021048999624326825
1333	1e-23	0.0010588999721221626
1334	1e-23	0.0014386000111699104
1335	1e-23	0.0014070000033825636
1336	1e-23	0.0013068999978713691
1337	1e-23	0.0016614000196568668
1338	1e-23	0.0016021999763324857
1339	1e-23	0.0012596999877132475
1340	1e-23	0.0013241999549791217
1341	1e-23	0.001629500009585172
1342	1e-23	0.0018350000027567148
1343	1e-23	0.0018353000050410628
1344	1e-23	0.0012681999942287803
1345	1e-23	0.0014403999666683376
1346	1e-23	0.0012818000395782292
1347	1e-23	0.0014531000051647425
1348	1e-23	0.001879999996162951
1349	1e-23	0.0014597999979741871
1350	1e-23	0.0012950999662280083
1351	1e-23	0.0014884999836795032
1352	1e-23	0.0018196000019088387
1353	1e-23	0.0013829999952577055
1354	1e-23	0.0016493000439368188
1355	1e-23	0.0012306999997235835
1356	1e-23	0.0015551999676972628
1357	1e-23	0.0016058999462984502
1358	1e-23	0.0015201999922282994
1359	1e-23	0.002254399994853884
1360	1e-23	0.0021321999956853688
1361	1e-23	0.0017185999895446002
1362	1e-23	0.0018128000083379447
1363	1e-23	0.002104800019878894
1364	1e-23	0.002375099982600659
1365	1e-23	0.0023409000132232904
1366	1e-23	0.0026731000398285687
1367	1e-23	0.0022517999750562012
1368	1e-23	0.002833200036548078
1369	1e-23	0.0021059999708086252
1370	1e-23	0.0016933000297285616
1371	1e-23	0.003597899980377406
1372	1e-23	0.0031660000095143914
1373	1e-23	0.002222699986305088
1374	1e-23	0.0016906000091694295
1375	1e-23	0.0018523999606259167
1376	1e-23	0.0014324000221677125
1377	1e-23	0.0017302000196650624
1378	1e-23	0.0014417999773286283
1379	1e-23	0.0026978999958373606
1380	1e-23	0.004057799989823252
1381	1e-23	0.0015406000311486423
1382	1e-23	0.0013863000203855336
1383	1e-23	0.0020324999932199717
1384	1e-23	0.001776200020685792
1385	1e-23	0.0031869999947957695
1386	1e-23	0.002780499984510243
1387	1e-23	0.002063399995677173
1388	1e-23	0.0020229999790899456
1389	1e-23	0.001632200030144304
1390	1e-23	0.00257650000276044
1391	1e-23	0.0015418999828398228
1392	1e-23	0.0015067999484017491
1393	1e-23	0.0017225999617949128
1394	1e-23	0.0017065999563783407
1395	1e-23	0.0015922000166028738
1396	1e-23	0.0020689000375568867
1397	1e-23	0.00146980001591146
1398	1e-23	0.0015827000024728477
1399	1e-23	0.002098000026308
1400	1e-23	0.0028025999781675637
1401	1e-23	0.001701099972706288
1402	1e-23	0.0017731999978423119
1403	1e-23	0.0022743999725207686
1404	1e-23	0.0033856999943964183
1405	1e-23	0.002321199979633093
1406	1e-23	0.00196899997536093
1407	1e-23	0.002094399998895824
1408	1e-23	0.001583100005518645
1409	1e-23	0.0013917000032961369
1410	1e-23	0.0016438000020571053
1411	1e-23	0.001715300022624433
1412	1e-23	0.0016896000015549362
1413	1e-23	0.0017124000005424023
1414	1e-23	0.0017710999818518758
1415	1e-23	0.0017358999466523528
1416	1e-23	0.0015515999984927475
1417	1e-23	0.0019919999758712947
1418	1e-23	0.0017463999683968723
1419	1e-23	0.002915100019890815
1420	1e-23	0.001727399998344481
1421	1e-23	0.0018714999896474183
1422	1e-23	0.001595499983523041
1423	1e-23	0.001349999976810068
1424	1e-23	0.0017511999467387795
1425	1e-23	0.0022599000367335975
1426	1e-23	0.001672999991569668
1427	1e-23	0.001671799982432276
1428	1e-23	0.001722400018479675
1429	1e-23	0.0015626000240445137
1430	1e-23	0.0014603000017814338
1431	1e-23	0.001452099997550249
1432	1e-23	0.0014596999972127378
1433	1e-23	0.00152160000288859
1434	1e-23	0.0015700000221841037
1435	1e-23	0.0016073999577201903
1436	1e-23	0.0013744999887421727
1437	1e-23	0.001198299985844642
1438	1e-23	0.0016836000140756369
1439	1e-23	0.0019467999809421599
1440	1e-23	0.0018531999667175114
1441	1e-23	0.0020132000208832324
1442	1e-23	0.0016905000084079802
1443	1e-23	0.0016431999974884093
1444	1e-23	0.0017096999799832702
1445	1e-23	0.0014140999992378056
1446	1e-23	0.0015647999825887382
1447	1e-23	0.001256000017747283
1448	1e-23	0.001996200007852167
1449	1e-23	0.0014551000203937292
1450	1e-23	0.001583400007802993
1451	1e-23	0.0017726999940350652
1452	1e-23	0.0019373999675735831
1453	1e-23	0.002639500016812235
1454	1e-23	0.0019029999966733158
1455	1e-23	0.0016657999949529767
1456	1e-23	0.0018982000183314085
1457	1e-23	0.0017126999446190894
1458	1e-23	0.0019375000265426934
1459	1e-23	0.0016607000143267214
1460	1e-23	0.0018079999717883766
1461	1e-23	0.0014992000069469213
1462	1e-23	0.0012644000235013664
1463	1e-23	0.0014544999576173723
1464	1e-23	0.0015104999765753746
1465	1e-23	0.0015932999667711556
1466	1e-23	0.0014189999783411622
1467	1e-23	0.0015693000168539584
1468	1e-23	0.0014626000192947686
1469	1e-23	0.0018263999954797328
1470	1e-23	0.0014964999863877892
1471	1e-23	0.003180700005032122
1472	1e-23	0.005002200021408498
1473	1e-23	0.0018457999685779214
1474	1e-23	0.002283699985127896
1475	1e-23	0.0017213999526575208
1476	1e-23	0.0019587999559007585
1477	1e-23	0.0014844999532215297
1478	1e-23	0.0016852000262588263
1479	1e-23	0.0013411999680101871
1480	1e-23	0.0015934999682940543
1481	1e-23	0.001588999992236495
1482	1e-23	0.0015827000024728477
1483	1e-23	0.002042599953711033
1484	1e-23	0.0014402999659068882
1485	1e-23	0.001582500000949949
1486	1e-23	0.0015066000050865114
1487	1e-23	0.0016709000337868929
1488	1e-23	0.0015251999720931053
1489	1e-23	0.002203900017775595
1490	1e-23	0.002152400033082813
1491	1e-23	0.0019228000310249627
1492	1e-23	0.0017828000127337873
1493	1e-23	0.0019677000236697495
1494	1e-23	0.002273299964144826
1495	1e-23	0.001593999972101301
1496	1e-23	0.0016565000405535102
1497	1e-23	0.001711399992927909
1498	1e-23	0.0016207000007852912
1499	1e-23	0.0018628999823704362
1500	1e-23	0.0015312000177800655
1501	1e-23	0.001769400027114898
1502	1e-23	0.001727100054267794
1503	1e-23	0.0014726000372320414
1504	1e-23	0.0015388999599963427
1505	1e-23	0.0014729999820701778
1506	1e-23	0.0016071999561972916
1507	1e-23	0.001516499964054674
1508	1e-23	0.0016148999566212296
1509	1e-23	0.0025304000009782612
1510	1e-23	0.0013700000126846135
1511	1e-23	0.0019766000332310796
1512	1e-23	0.002202100004069507
1513	1e-23	0.002217800007201731
1514	1e-23	0.0018285999540239573
1515	1e-23	0.0017878999933600426
1516	1e-23	0.001747499976772815
1517	1e-23	0.0018310999730601907
1518	1e-23	0.001434299978427589
1519	1e-23	0.0019404999911785126
1520	1e-23	0.0018637999892234802
1521	1e-23	0.0013487999676726758
1522	1e-23	0.002290799980983138
1523	1e-23	0.0015425999881699681
1524	1e-23	0.002164800011087209
1525	1e-23	0.003557200019713491
1526	1e-23	0.0027218000032007694
1527	1e-23	0.0016638999804854393
1528	1e-23	0.0016966999974101782
1529	1e-23	0.002208899997640401
1530	1e-23	0.0020102999988012016
1531	1e-23	0.002147699997294694
1532	1e-23	0.0019696999806910753
1533	1e-23	0.0016141000087372959
1534	1e-23	0.0018330999882891774
1535	1e-23	0.0014984000008553267
1536	1e-23	0.0021727000130340457
1537	1e-23	0.001664400042500347
1538	1e-23	0.001824399980250746
1539	1e-23	0.0014510999899357557
1540	1e-23	0.0018441000138409436
1541	1e-23	0.0016619000234641135
1542	1e-23	0.0015918000135570765
1543	1e-23	0.0016851999680511653
1544	1e-23	0.002003000001423061
1545	1e-23	0.001867900020442903
1546	1e-23	0.0016426999936811626
1547	1e-23	0.001659100002143532
1548	1e-23	0.0014566999743692577
1549	1e-23	0.0015471000224351883
1550	1e-23	0.0019001999753527343
1551	1e-23	0.00146240001777187
1552	1e-23	0.0018980000168085098
1553	1e-23	0.0015684999525547028
1554	1e-23	0.0015996999572962523
1555	1e-23	0.001783600018825382
1556	1e-23	0.0019018000457435846
1557	1e-23	0.0017448000144213438
1558	1e-23	0.0016890999977476895
1559	1e-23	0.0015078000142239034
1560	1e-23	0.0013676999951712787
1561	1e-23	0.0016412000404670835
1562	1e-23	0.002416200004518032
1563	1e-23	0.0016567999846301973
1564	1e-23	0.0019736000103875995
1565	1e-23	0.0015456999535672367
1566	1e-23	0.0017770000267773867
1567	1e-23	0.0017942999838851392
1568	1e-23	0.0021874000085517764
1569	1e-23	0.00178829999640584
1570	1e-23	0.0026727999793365598
1571	1e-23	0.002135200018528849
1572	1e-23	0.0020739000174216926
1573	1e-23	0.0019455999718047678
1574	1e-23	0.002064900007098913
1575	1e-23	0.0015445000026375055
1576	1e-23	0.0021975000272504985
1577	1e-23	0.001609399972949177
1578	1e-23	0.001762299973051995
1579	1e-23	0.0015853000222705305
1580	1e-23	0.0013777000131085515
1581	1e-23	0.0019570000004023314
1582	1e-23	0.00166529999114573
1583	1e-23	0.0017994999652728438
1584	1e-23	0.0014894999912939966
1585	1e-23	0.0016570000443607569
1586	1e-23	0.0023107000160962343
1587	1e-23	0.0014833000022917986
1588	1e-23	0.00196910003433004
1589	1e-23	0.0014603000017814338
1590	1e-23	0.001715300022624433
1591	1e-23	0.0016359000001102686
1592	1e-23	0.001632500032428652
1593	1e-23	0.0018647999968379736
1594	1e-23	0.0016204999992623925
1595	1e-23	0.0024305999977514148
1596	1e-23	0.001704599999357015
1597	1e-23	0.0023843999952077866
1598	1e-23	0.0015329999732784927
1599	1e-23	0.0019355000113137066
1600	1e-23	0.001872900000307709
1601	1e-23	0.0017832000157795846
1602	1e-23	0.0020259000011719763
1603	1e-23	0.0013316000113263726
1604	1e-23	0.0016446999507024884
1605	1e-23	0.0018362000118941069
1606	1e-23	0.0019314000383019447
1607	1e-23	0.0015561999753117561
1608	1e-23	0.00199570000404492
1609	1e-23	0.0018166000372730196
1610	1e-23	0.0018497999990358949
1611	1e-23	0.0015601999475620687
1612	1e-23	0.001740099978633225
1613	1e-23	0.0017928999732248485
1614	1e-23	0.0016019000322557986
1615	1e-23	0.00184009998338297
1616	1e-23	0.0014322000206448138
1617	1e-23	0.002314399986062199
1618	1e-23	0.0016175999771803617
1619	1e-23	0.0016784000326879323
1620	1e-23	0.0018146999645978212
1621	1e-23	0.0016882999916560948
1622	1e-23	0.0022602000390179455
1623	1e-23	0.0016451000119559467
1624	1e-23	0.0015569999814033508
1625	1e-23	0.001786000037100166
1626	1e-23	0.001879999996162951
1627	1e-23	0.0015543000190518796
1628	1e-23	0.001521300000604242
1629	1e-23	0.0013232999481260777
1630	1e-23	0.0016347999917343259
1631	1e-23	0.002129000029526651
1632	1e-23	0.0013493000296875834
1633	1e-23	0.0016733999946154654
1634	1e-23	0.001784200023394078
1635	1e-23	0.0015588999958708882
1636	1e-23	0.0020520000252872705
1637	1e-23	0.0019318999839015305
1638	1e-23	0.0020152999786660075
1639	1e-23	0.0017027000430971384
1640	1e-23	0.0019117000047117472
1641	1e-23	0.0016841000178828835
1642	1e-23	0.001899800030514598
1643	1e-23	0.0017457999638281763
1644	1e-23	0.0016977000050246716
1645	1e-23	0.0021456999820657074
1646	1e-23	0.001573299989104271
1647	1e-23	0.001846600032877177
1648	1e-23	0.001623600022867322
1649	1e-23	0.0019993999740108848
1650	1e-23	0.0014629000215791166
1651	1e-23	0.0017565999878570437
1652	1e-23	0.0017870000447146595
1653	1e-23	0.0015352999907918274
1654	1e-23	0.0018847000319510698
1655	1e-23	0.0014198999851942062
1656	1e-23	0.0020948000019416213
1657	1e-23	0.0014884999836795032
1658	1e-23	0.0016710000345483422
1659	1e-23	0.0017104999860748649
1660	1e-23	0.0016572000458836555
1661	1e-23	0.00181940000038594
1662	1e-23	0.0020189000060781837
1663	1e-23	0.002393700007814914
1664	1e-23	0.001438800012692809
1665	1e-23	0.0018325000419281423
1666	1e-23	0.0017902999534271657
1667	1e-23	0.0017608999623917043
1668	1e-23	0.00192760000936687
1669	1e-23	0.0018311000312678516
1670	1e-23	0.0017881999956443906
1671	1e-23	0.0023551000049337745
1672	1e-23	0.00185189995681867
1673	1e-23	0.0015411999775096774
1674	1e-23	0.002595099969767034
1675	1e-23	0.001887999998871237
1676	1e-23	0.0016004000208340585
1677	1e-23	0.0015100999735295773
1678	1e-23	0.001895399997010827
1679	1e-23	0.001617099973373115
1680	1e-23	0.0015639999764971435
1681	1e-23	0.0015918000135570765
1682	1e-23	0.0013853000127710402
1683	1e-23	0.0014841000083833933
1684	1e-23	0.0015435999957844615
1685	1e-23	0.0020526000298559666
1686	1e-23	0.001961899979505688
1687	1e-23	0.0014510999899357557
1688	1e-23	0.0016844000201672316
1689	1e-23	0.001575100002810359
1690	1e-23	0.0013728999765589833
1691	1e-23	0.0016001000185497105
1692	1e-23	0.001449700037483126
1693	1e-23	0.0023739999742247164
1694	1e-23	0.0018968000076711178
1695	1e-23	0.0022511000279337168
1696	1e-23	0.0017614999669604003
1697	1e-23	0.002293400000780821
1698	1e-23	0.0015078000142239034
1699	1e-23	0.0015014000236988068
1700	1e-23	0.0016650999896228313
1701	1e-23	0.0015514999977312982
1702	1e-23	0.0019525999668985605
1703	1e-23	0.001513600000180304
1704	1e-23	0.0017970000044442713
1705	1e-23	0.0016140000079758465
1706	1e-23	0.001594599976669997
1707	1e-23	0.0018469999777153134
1708	1e-23	0.001237400050740689
1709	1e-23	0.0019732999498955905
1710	1e-23	0.001443199987988919
1711	1e-23	0.0017547999741509557
1712	1e-23	0.001660300011280924
1713	1e-23	0.0015335999778471887
1714	1e-23	0.002500400005374104
1715	1e-23	0.0022287999745458364
1716	1e-23	0.001623899966944009
1717	1e-23	0.0014953000354580581
1718	1e-23	0.0019176999921910465
1719	1e-23	0.0014659999869763851
1720	1e-23	0.0022456999868154526
1721	1e-23	0.0016609999584034085
1722	1e-23	0.0018554000416770577
1723	1e-23	0.0017849999712780118
1724	1e-23	0.001715300022624433
1725	1e-23	0.0017131000058725476
1726	1e-23	0.0017601000145077705
1727	1e-23	0.0018749000155366957
1728	1e-23	0.0028300000121816993
1729	1e-23	0.0015199999907054007
1730	1e-23	0.0014795999741181731
1731	1e-23	0.0018619999755173922
1732	1e-23	0.0013988999999128282
1733	1e-23	0.0011989999911747873
1734	1e-23	0.0018774999771267176
1735	1e-23	0.0016395000275224447
1736	1e-23	0.0016873000422492623
1737	1e-23	0.0018971000099554658
1738	1e-23	0.0024929000064730644
1739	1e-23	0.0026427999837324023
1740	1e-23	0.002181100018788129
1741	1e-23	0.001693999976851046
1742	1e-23	0.002134400012437254
1743	1e-23	0.0012858000118285418
1744	1e-23	0.0015949999797157943
1745	1e-23	0.0017707999795675278
1746	1e-23	0.001678000029642135
1747	1e-23	0.001574199995957315
1748	1e-23	0.001982300018426031
1749	1e-23	0.0020188000053167343
1750	1e-23	0.0017650999943725765
1751	1e-23	0.002489500038791448
1752	1e-23	0.0017043999978341162
1753	1e-23	0.0017073999624699354
1754	1e-23	0.001497299992479384
1755	1e-23	0.0019363000174053013
1756	1e-23	0.001431400014553219
1757	1e-23	0.0018075999687425792
1758	1e-23	0.0019958000048063695
1759	1e-23	0.0015592999989166856
1760	1e-23	0.0018840000266209245
1761	1e-23	0.0016615000204183161
1762	1e-23	0.0023646000190638006
1763	1e-23	0.0015166999655775726
1764	1e-23	0.0014628000208176672
1765	1e-23	0.001788900000974536
1766	1e-23	0.0019002999761141837
1767	1e-23	0.0016419999883510172
1768	1e-23	0.0018128000083379447
1769	1e-23	0.0030764000257477164
1770	1e-23	0.0016676000086590648
1771	1e-23	0.0019528999691829085
1772	1e-23	0.001323699951171875
1773	1e-23	0.001824699982535094
1774	1e-23	0.001760800019837916
1775	1e-23	0.0015401000273413956
1776	1e-23	0.0015518000000156462
1777	1e-23	0.0016663999995216727
1778	1e-23	0.0019331999938003719
1779	1e-23	0.0015626000240445137
1780	1e-23	0.0015431999927386642
1781	1e-23	0.0016592999454587698
1782	1e-23	0.0015790000325068831
1783	1e-23	0.002065100008621812
1784	1e-23	0.0015151999541558325
1785	1e-23	0.0017034999909810722
1786	1e-23	0.0013073000009171665
1787	1e-23	0.0015589999966323376
1788	1e-23	0.0015025000320747495
1789	1e-23	0.0014518999960273504
1790	1e-23	0.001958399952854961
1791	1e-23	0.001693999976851046
1792	1e-23	0.0014905999996699393
1793	1e-23	0.0015578000457026064
1794	1e-23	0.0013486999669112265
1795	1e-23	0.00199419999262318
1796	1e-23	0.0016482999781146646
1797	1e-23	0.0016889999969862401
1798	1e-23	0.002009799994993955
1799	1e-23	0.0016826000064611435
1800	1e-23	0.0018449000199325383
1801	1e-23	0.0014435999910347164
1802	1e-23	0.0022006999934092164
1803	1e-23	0.0016123999957926571
1804	1e-23	0.001838900032453239
1805	1e-23	0.0015938999713398516
1806	1e-23	0.0011806999682448804
1807	1e-23	0.0015276999911293387
1808	1e-23	0.001596699992660433
1809	1e-23	0.0014480999670922756
1810	1e-23	0.002097400021739304
1811	1e-23	0.001579799980390817
1812	1e-23	0.0020426000119186938
1813	1e-23	0.001982000016141683
1814	1e-23	0.0029689999646507204
1815	1e-23	0.001955399988219142
1816	1e-23	0.0018714999896474183
1817	1e-23	0.0015243000234477222
1818	1e-23	0.00151269999332726
1819	1e-23	0.001401199959218502
1820	1e-23	0.0023388999979943037
1821	1e-23	0.0018553999834693968
1822	1e-23	0.0018424000008963048
1823	1e-23	0.0015991000109352171
1824	1e-23	0.0019924999796785414
1825	1e-23	0.0018545000348240137
1826	1e-23	0.001677399966865778
1827	1e-23	0.0024473000084981322
1828	1e-23	0.0019433999550528824
1829	1e-23	0.0018226999673061073
1830	1e-23	0.001547000021673739
1831	1e-23	0.0020753000280819833
1832	1e-23	0.002344299980904907
1833	1e-23	0.001878499984741211
1834	1e-23	0.001547000021673739
1835	1e-23	0.0020496000070124865
1836	1e-23	0.0015044999890960753
1837	1e-23	0.0014994999510236084
1838	1e-23	0.0016420000465586782
1839	1e-23	0.001552600006107241
1840	1e-23	0.001959000015631318
1841	1e-23	0.0015008999616838992
1842	1e-23	0.0022359000286087394
1843	1e-23	0.0015995000139810145
1844	1e-23	0.0014939000247977674
1845	1e-23	0.0020628999918699265
1846	1e-23	0.0015364999999292195
1847	1e-23	0.0020173999946564436
1848	1e-23	0.001714700018055737
1849	1e-23	0.0017517000087536871
1850	1e-23	0.0014907000004313886
1851	1e-23	0.0013738000416196883
1852	1e-23	0.001747500034980476
1853	1e-23	0.0015829000039957464
1854	1e-23	0.0018277000053785741
1855	1e-23	0.001911299943458289
1856	1e-23	0.0017152999644167721
1857	1e-23	0.001507400011178106
1858	1e-23	0.0011872999602928758
1859	1e-23	0.00178829999640584
1860	1e-23	0.001686899980995804
1861	1e-23	0.0014616000116802752
1862	1e-23	0.001693699974566698
1863	1e-23	0.0014287999947555363
1864	1e-23	0.0019437000155448914
1865	1e-23	0.0015370000037364662
1866	1e-23	0.0018712999881245196
1867	1e-23	0.001733599987346679
1868	1e-23	0.002631099952850491
1869	1e-23	0.0016338000423274934
1870	1e-23	0.0016067000105977058
1871	1e-23	0.0018273000023327768
1872	1e-23	0.001574199995957315
1873	1e-23	0.0019580000080168247
1874	1e-23	0.001517399970907718
1875	1e-23	0.0018770000315271318
1876	1e-23	0.0016986000118777156
1877	1e-23	0.0015681000077165663
1878	1e-23	0.0016607000143267214
1879	1e-23	0.0013263000291772187
1880	1e-23	0.001699000014923513
1881	1e-23	0.0018930000369437039
1882	1e-23	0.0023936000070534647
1883	1e-23	0.001622100011445582
1884	1e-23	0.0014601000002585351
1885	1e-23	0.0017355000018142164
1886	1e-23	0.0014758000033907592
1887	1e-23	0.001988500007428229
1888	1e-23	0.0013289999915286899
1889	1e-23	0.0015891999937593937
1890	1e-23	0.0021724000107496977
1891	1e-23	0.0018660000059753656
1892	1e-23	0.0014039999805390835
1893	1e-23	0.0015426999889314175
1894	1e-23	0.0025243000127375126
1895	1e-23	0.001726499991491437
1896	1e-23	0.0017556999810039997
1897	1e-23	0.0016134000034071505
1898	1e-23	0.0019179999944753945
1899	1e-23	0.0017183999880217016
1900	1e-23	0.001553500012960285
1901	1e-23	0.0017923999694176018
1902	1e-23	0.0012318000080995262
1903	1e-23	0.0018434000085107982
1904	1e-23	0.0018764999695122242
1905	1e-23	0.0017100999830290675
1906	1e-23	0.0024623999488539994
1907	1e-23	0.001934400002937764
1908	1e-23	0.002134400012437254
1909	1e-23	0.0015605000080540776
1910	1e-23	0.0020600000279955566
1911	1e-23	0.0013868999667465687
1912	1e-23	0.0015217999462038279
1913	1e-23	0.0013425999786704779
1914	1e-23	0.001541100034955889
1915	1e-23	0.0016096000326797366
1916	1e-23	0.0016518000047653913
1917	1e-23	0.0018344999989494681
1918	1e-23	0.001433999976143241
1919	1e-23	0.0012540000025182962
1920	1e-23	0.0017733999993652105
1921	1e-23	0.0014614000101573765
1922	1e-23	0.0015678000054322183
1923	1e-23	0.0014737999881617725
1924	1e-23	0.001500600017607212
1925	1e-23	0.0017490999889560044
1926	1e-23	0.001741600048262626
1927	1e-23	0.0015404000296257436
1928	1e-23	0.0016448000096715987
1929	1e-23	0.0013177000219002366
1930	1e-23	0.002074899966828525
1931	1e-23	0.0019172000465914607
1932	1e-23	0.002063599997200072
1933	1e-23	0.0015625000232830644
1934	1e-23	0.0014798999764025211
1935	1e-23	0.0020738999592140317
1936	1e-23	0.001552899950183928
1937	1e-23	0.0015531000099144876
1938	1e-23	0.0012403999571688473
1939	1e-23	0.0016321999719366431
1940	1e-23	0.0015841000131331384
1941	1e-23	0.0012488000211305916
1942	1e-23	0.002016900049056858
1943	1e-23	0.0012481999583542347
1944	1e-23	0.0015537000144831836
1945	1e-23	0.0016505999956279993
1946	1e-23	0.001269000000320375
1947	1e-23	0.0020147000323049724
1948	1e-23	0.0016811999958008528
1949	1e-23	0.0015849999617785215
1950	1e-23	0.0016976000042632222
1951	1e-23	0.0018526000203564763
1952	1e-23	0.0016947999829426408
1953	1e-23	0.0014060999965295196
1954	1e-23	0.0020480999955907464
1955	1e-23	0.001789500005543232
1956	1e-23	0.001980600005481392
1957	1e-23	0.0016179000376723707
1958	1e-23	0.0014310000115074217
1959	1e-23	0.0017702000332064927
1960	1e-23	0.0015171999693848193
1961	1e-23	0.0016388000221922994
1962	1e-23	0.001961600035429001
1963	1e-23	0.0015411999775096774
1964	1e-23	0.0016039999900385737
1965	1e-23	0.0015852000215090811
1966	1e-23	0.001470699964556843
1967	1e-23	0.001830599969252944
1968	1e-23	0.0014973999932408333
1969	1e-23	0.001881800009869039
1970	1e-23	0.0014122999855317175
1971	1e-23	0.0015599000034853816
1972	1e-23	0.0015685000107623637
1973	1e-23	0.001311600033659488
1974	1e-23	0.0017926000291481614
1975	1e-23	0.0014020000235177577
1976	1e-23	0.001360399997793138
1977	1e-23	0.002451099979225546
1978	1e-23	0.0025393000105395913
1979	1e-23	0.0016617000219412148
1980	1e-23	0.0014004000113345683
1981	1e-23	0.0017000000225380063
1982	1e-23	0.0013285999884828925
1983	1e-23	0.0015864000306464732
1984	1e-23	0.0015404000296257436
1985	1e-23	0.0018438000115565956
1986	1e-23	0.002294600009918213
1987	1e-23	0.0014290999970398843
1988	1e-23	0.0016533999587409198
1989	1e-23	0.0014632000238634646
1990	1e-23	0.0017777999746613204
1991	1e-23	0.001915500033646822
1992	1e-23	0.001553500012960285
1993	1e-23	0.0017526000156067312
1994	1e-23	0.0012928000069223344
1995	1e-23	0.0013058999902568758
1996	1e-23	0.0016009000246413052
1997	1e-23	0.0013806000351905823
1998	1e-23	0.0015169999678619206
1999	1e-23	0.00150090001989156
2000	1e-23	0.002230199985206127
2001	1e-23	0.0015645999810658395
2002	1e-23	0.0012898999848403037
2003	1e-23	0.001733599987346679
2004	1e-23	0.001258400036022067
2005	1e-23	0.0015035999822430313
2006	1e-23	0.0019818999571725726
2007	1e-23	0.0014075000071898103
2008	1e-23	0.0019033999997191131
2009	1e-23	0.001664099982008338
2010	1e-23	0.0015876999823376536
2011	1e-23	0.0015452999505214393
2012	1e-23	0.0013523000525310636
2013	1e-23	0.0017561999848112464
2014	1e-23	0.0013896999880671501
2015	1e-23	0.0018063999596051872
2016	1e-23	0.0016720000421628356
2017	1e-23	0.0014226000057533383
2018	1e-23	0.001726199989207089
2019	1e-23	0.0012415999663062394
2020	1e-23	0.001454399956855923
2021	1e-23	0.00177650002297014
2022	1e-23	0.0015890999929979444
2023	1e-23	0.0014615999534726143
2024	1e-23	0.0014773999573662877
2025	1e-23	0.0012290000449866056
2026	1e-23	0.0012326000141911209
2027	1e-23	0.0016605000128038228
2028	1e-23	0.0019093999871984124
2029	1e-23	0.0023711000103503466
2030	1e-23	0.002747100021224469
2031	1e-23	0.0015428999904543161
2032	1e-23	0.0015599000034853816
2033	1e-23	0.0024978999863378704
2034	1e-23	0.001681000052485615
2035	1e-23	0.0017742000054568052
2036	1e-23	0.0017711999826133251
2037	1e-23	0.002019900013692677
2038	1e-23	0.0015001000137999654
2039	1e-23	0.0016960999928414822
2040	1e-23	0.0018913999665528536
2041	1e-23	0.0015411999775096774
2042	1e-23	0.002171900006942451
2043	1e-23	0.0024004000006243587
2044	1e-23	0.0017031999886967242
2045	1e-23	0.0014548999606631696
2046	1e-23	0.0018618000322021544
2047	1e-23	0.0014486000291071832
2048	1e-23	0.00213489995803684
2049	1e-23	0.0014873999753035605
2050	1e-23	0.002321600040886551
2051	1e-23	0.0013576000346802175
2052	1e-23	0.0013899000477977097
2053	1e-23	0.001500000013038516
2054	1e-23	0.001526600040961057
2055	1e-23	0.0014883999829180539
2056	1e-23	0.0013620000099763274
2057	1e-23	0.0017223000177182257
2058	1e-23	0.001791000016964972
2059	1e-23	0.0019250999903306365
2060	1e-23	0.0021336000063456595
2061	1e-23	0.0017142000142484903
2062	1e-23	0.001692800025921315
2063	1e-23	0.0018972000107169151
2064	1e-23	0.0016209000023081899
2065	1e-23	0.0018416999955661595
2066	1e-23	0.0016330000362358987
2067	1e-23	0.001807799970265478
2068	1e-23	0.0018572999979369342
2069	1e-23	0.0015801000408828259
2070	1e-23	0.0017890999442897737
2071	1e-23	0.0021346999565139413
2072	1e-23	0.0021143999765627086
2073	1e-23	0.0017271999968215823
2074	1e-23	0.0014525000005960464
2075	1e-23	0.0012741000391542912
2076	1e-23	0.001795999996829778
2077	1e-23	0.001713800011202693
2078	1e-23	0.0013135000481270254
2079	1e-23	0.0018094999832101166
2080	1e-23	0.001693700032774359
2081	1e-23	0.0018937999848276377
2082	1e-23	0.0016529999556951225
2083	1e-23	0.0021059999708086252
2084	1e-23	0.0012648000265471637
2085	1e-23	0.0015947999781928957
2086	1e-23	0.0015857999678701162
2087	1e-23	0.0015081000165082514
2088	1e-23	0.001508000015746802
2089	1e-23	0.0013918000040575862
2090	1e-23	0.0013540999498218298
2091	1e-23	0.002521499991416931
2092	1e-23	0.0016015000292100012
2093	1e-23	0.0018746000132523477
2094	1e-23	0.0016923000221140683
2095	1e-23	0.002177800051867962
2096	1e-23	0.001589600055012852
2097	1e-23	0.0020917000365443528
2098	1e-23	0.0015435999957844615
2099	1e-23	0.0013473999570123851
2100	1e-23	0.0020607999758794904
2101	1e-23	0.0015361999976448715
2102	1e-23	0.0019236999796703458
2103	1e-23	0.0015554000274278224
2104	1e-23	0.001662899972870946
2105	1e-23	0.0018870000494644046
2106	1e-23	0.00207280000904575
2107	1e-23	0.0016039999900385737
2108	1e-23	0.001541399979032576
2109	1e-23	0.002036999969277531
2110	1e-23	0.002177600050345063
2111	1e-23	0.0022219999809749424
2112	1e-23	0.003075399959925562
2113	1e-23	0.0016154000186361372
2114	1e-23	0.0015387999592348933
2115	1e-23	0.0015650999848730862
2116	1e-23	0.0016878999886102974
2117	1e-23	0.0018877999973483384
2118	1e-23	0.0016398999723605812
2119	1e-23	0.0015452000079676509
2120	1e-23	0.0017555999802425504
2121	1e-23	0.0018330999882891774
2122	1e-23	0.0018151000258512795
2123	1e-23	0.0015372000052593648
2124	1e-23	0.0013321999576874077
2125	1e-23	0.0014465000131167471
2126	1e-23	0.0014094000216573477
2127	1e-23	0.0019114000024273992
2128	1e-23	0.0013775000115856528
2129	1e-23	0.0016127999988384545
2130	1e-23	0.0017686000210233033
2131	1e-23	0.0020786999957636
2132	1e-23	0.0019161999807693064
2133	1e-23	0.0016602000105194747
2134	1e-23	0.0016632999759167433
2135	1e-23	0.0019326999899931252
2136	1e-23	0.001407700008712709
2137	1e-23	0.0017946999869309366
2138	1e-23	0.001297100039664656
2139	1e-23	0.0026154000079259276
2140	1e-23	0.0015312000177800655
2141	1e-23	0.0018140000174753368
2142	1e-23	0.0014637999702244997
2143	1e-23	0.001637500012293458
2144	1e-23	0.0013943000230938196
2145	1e-23	0.0017198999994434416
2146	1e-23	0.002141700009815395
2147	1e-23	0.0017707000370137393
2148	1e-23	0.0025301999994553626
2149	1e-23	0.001555300026666373
2150	1e-23	0.0022184000117704272
2151	1e-23	0.0022672999766655266
2152	1e-23	0.0016087000258266926
2153	1e-23	0.0015639999764971435
2154	1e-23	0.0012329000164754689
2155	1e-23	0.0017724999925121665
2156	1e-23	0.0015069000073708594
2157	1e-23	0.0021690999856218696
2158	1e-23	0.0014323000214062631
2159	1e-23	0.0018293000175617635
2160	1e-23	0.0016380000161007047
2161	1e-23	0.0014466000138781965
2162	1e-23	0.0016192999901250005
2163	1e-23	0.0015926000196486712
2164	1e-23	0.0014085000148043036
2165	1e-23	0.0014750999980606139
2166	1e-23	0.0015749000012874603
2167	1e-23	0.0020655999542213976
2168	1e-23	0.001655799977015704
2169	1e-23	0.0019995999755337834
2170	1e-23	0.0013132000458426774
2171	1e-23	0.0018594000139273703
2172	1e-23	0.0017353000002913177
2173	1e-23	0.001594599976669997
2174	1e-23	0.0018792999908328056
2175	1e-23	0.001853099965956062
2176	1e-23	0.001716800034046173
2177	1e-23	0.0014353999868035316
2178	1e-23	0.0016774999676272273
2179	1e-23	0.0016502999933436513
2180	1e-23	0.0015228999545797706
2181	1e-23	0.001274299982469529
2182	1e-23	0.001443499990273267
2183	1e-23	0.0016300000133924186
2184	1e-23	0.0018199000041931868
2185	1e-23	0.0016720000421628356
2186	1e-23	0.001324300013948232
2187	1e-23	0.0015261999797075987
2188	1e-23	0.0014572000363841653
2189	1e-23	0.001922900031786412
2190	1e-23	0.0015584999928250909
2191	1e-23	0.0019021000480279326
2192	1e-23	0.002351099974475801
2193	1e-23	0.001915499975439161
2194	1e-23	0.001672999991569668
2195	1e-23	0.001409499964211136
2196	1e-23	0.0017867999849840999
2197	1e-23	0.001422500004991889
2198	1e-23	0.0015608000103384256
2199	1e-23	0.0017378000193275511
2200	1e-23	0.001472500036470592
2201	1e-23	0.0020744000212289393
2202	1e-23	0.0012947000213898718
2203	1e-23	0.001255399954970926
2204	1e-23	0.002195900015067309
2205	1e-23	0.001713800011202693
2206	1e-23	0.001441099971998483
2207	1e-23	0.0014643999747931957
2208	1e-23	0.0019487999961711466
2209	1e-23	0.0015312000177800655
2210	1e-23	0.0015836000093258917
2211	1e-23	0.001749599992763251
2212	1e-23	0.0017243999755010009
2213	1e-23	0.0017452000174671412
2214	1e-23	0.0017000000225380063
2215	1e-23	0.0023262000177055597
2216	1e-23	0.001471599971409887
2217	1e-23	0.0015724999830126762
2218	1e-23	0.0019914000295102596
2219	1e-23	0.002068699977826327
2220	1e-23	0.0016392999677918851
2221	1e-23	0.001581599994096905
2222	1e-23	0.0015926000196486712
2223	1e-23	0.0012592999846674502
2224	1e-23	0.0018028999911621213
2225	1e-23	0.0017038999940268695
2226	1e-23	0.0013463000068441033
2227	1e-23	0.001767900015693158
2228	1e-23	0.0022409000084735453
2229	1e-23	0.0017074000206775963
2230	1e-23	0.0018814000068232417
2231	1e-23	0.0017878999933600426
2232	1e-23	0.0016141000087372959
2233	1e-23	0.0013216999941505492
2234	1e-23	0.0018396000377833843
2235	1e-23	0.0016062000067904592
2236	1e-23	0.0019396999850869179
2237	1e-23	0.0018840000266209245
2238	1e-23	0.0014905999996699393
2239	1e-23	0.0017217000131495297
2240	1e-23	0.0015355999930761755
2241	1e-23	0.001921099959872663
2242	1e-23	0.0016112999874167144
2243	1e-23	0.0018846000311896205
2244	1e-23	0.0015422999858856201
2245	1e-23	0.0016070000128820539
2246	1e-23	0.0016749000060372055
2247	1e-23	0.0013991000014357269
2248	1e-23	0.0017788999830372632
2249	1e-23	0.0014875000342726707
2250	1e-23	0.0015340999816544354
2251	1e-23	0.0018411999917589128
2252	1e-23	0.0016408999799750745
2253	1e-23	0.0028984000091440976
2254	1e-23	0.0020401999936439097
2255	1e-23	0.001437900005839765
2256	1e-23	0.0013123000389896333
2257	1e-23	0.0014717999729327857
2258	1e-23	0.001483700005337596
2259	1e-23	0.0016697999672032893
2260	1e-23	0.0018856000388041139
2261	1e-23	0.0014536000089719892
2262	1e-23	0.001803699997253716
2263	1e-23	0.0017963999998755753
2264	1e-23	0.0015540000167675316
2265	1e-23	0.0016830999520607293
2266	1e-23	0.0015310999588109553
2267	1e-23	0.002066300017759204
2268	1e-23	0.0014736999874003232
2269	1e-23	0.0020441999658942223
2270	1e-23	0.0016104999813251197
2271	1e-23	0.0020271000103093684
2272	1e-23	0.0023077999940142035
2273	1e-23	0.0021197000169195235
2274	1e-23	0.0014347999822348356
2275	1e-23	0.0017214000108651817
2276	1e-23	0.0018062999588437378
2277	1e-23	0.0017578999977558851
2278	1e-23	0.0016980000073090196
2279	1e-23	0.0018096999847330153
2280	1e-23	0.0015654999879188836
2281	1e-23	0.002021899970714003
2282	1e-23	0.0016446000081487
2283	1e-23	0.0015353999915532768
2284	1e-23	0.0013581999810412526
2285	1e-23	0.0013778000138700008
2286	1e-23	0.00134529999922961
2287	1e-23	0.001249800028745085
2288	1e-23	0.0019896000158041716
2289	1e-23	0.00176470004953444
2290	1e-23	0.0021901000291109085
2291	1e-23	0.0012229999992996454
2292	1e-23	0.001528100052382797
2293	1e-23	0.0020545999868772924
2294	1e-23	0.0013774000108242035
2295	1e-23	0.0020997999818064272
2296	1e-23	0.001555900031235069
2297	1e-23	0.0015262000379152596
2298	1e-23	0.0020941999973729253
2299	1e-23	0.0015057999989949167
2300	1e-23	0.001960999972652644
2301	1e-23	0.0013360999873839319
2302	1e-23	0.0018523999606259167
2303	1e-23	0.0016639000386931002
2304	1e-23	0.0015116000431589782
2305	1e-23	0.002248799952212721
2306	1e-23	0.0017323000356554985
2307	1e-23	0.0018992999684996903
2308	1e-23	0.0017331999843008816
2309	1e-23	0.002332999953068793
2310	1e-23	0.002480399969499558
2311	1e-23	0.0019705999875441194
2312	1e-23	0.0015712999738752842
2313	1e-23	0.001968800032045692
2314	1e-23	0.001575400005094707
2315	1e-23	0.0020336000015959144
2316	1e-23	0.0017303999629803002
2317	1e-23	0.0019025999936275184
2318	1e-23	0.0014630999648943543
2319	1e-23	0.0014691000105813146
2320	1e-23	0.0018215000163763762
2321	1e-23	0.001420399989001453
2322	1e-23	0.00181049999082461
2323	1e-23	0.0016672000056132674
2324	1e-23	0.001656699983868748
2325	1e-23	0.0016519000055268407
2326	1e-23	0.001506200002040714
2327	1e-23	0.0017708000377751887
2328	1e-23	0.0014260999741964042
2329	1e-23	0.001227599976118654
2330	1e-23	0.0015685000107623637
2331	1e-23	0.0017081000260077417
2332	1e-23	0.002084399980958551
2333	1e-23	0.0016205000574700534
2334	1e-23	0.0016947999829426408
2335	1e-23	0.0015357999945990741
2336	1e-23	0.0012492999667301774
2337	1e-23	0.00211430003400892
2338	1e-23	0.0014322000206448138
2339	1e-23	0.002282800036482513
2340	1e-23	0.001448199967853725
2341	1e-23	0.0015519000007770956
2342	1e-23	0.0016047999961301684
2343	1e-23	0.0015375000075437129
2344	1e-23	0.0020611999789252877
2345	1e-23	0.0013351999805308878
2346	1e-23	0.0014244999620132148
2347	1e-23	0.002204400021582842
2348	1e-23	0.0013758999994024634
2349	1e-23	0.0018021000432781875
2350	1e-23	0.0014224000042304397
2351	1e-23	0.002005400019697845
2352	1e-23	0.0019460000330582261
2353	1e-23	0.0017526999581605196
2354	1e-23	0.001754899974912405
2355	1e-23	0.0014813000452704728
2356	1e-23	0.0018680999637581408
2357	1e-23	0.0016687000170350075
2358	1e-23	0.001987700001336634
2359	1e-23	0.002235999971162528
2360	1e-23	0.0018076000269502401
2361	1e-23	0.0016284000012092292
2362	1e-23	0.001396199979353696
2363	1e-23	0.0019339999998919666
2364	1e-23	0.0013661000411957502
2365	1e-23	0.0019338999991305172
2366	1e-23	0.00166680000256747
2367	1e-23	0.0014820999931544065
2368	1e-23	0.0019704000442288816
2369	1e-23	0.0013991000014357269
2370	1e-23	0.0018150000250898302
2371	1e-23	0.0017523000133223832
2372	1e-23	0.0015712999738752842
2373	1e-23	0.0015412999782711267
2374	1e-23	0.0016425999929197133
2375	1e-23	0.001756099984049797
2376	1e-23	0.001747500034980476
2377	1e-23	0.001960399968083948
2378	1e-23	0.001469799957703799
2379	1e-23	0.0014934999635443091
2380	1e-23	0.001687199983280152
2381	1e-23	0.0014744000509381294
2382	1e-23	0.0017647999920882285
2383	1e-23	0.001326099969446659
2384	1e-23	0.0016678000101819634
2385	1e-23	0.0023954000207595527
2386	1e-23	0.002547800017055124
2387	1e-23	0.002258799970149994
2388	1e-23	0.001895099994726479
2389	1e-23	0.0021188000100664794
2390	1e-23	0.0018973000114783645
2391	1e-23	0.001893300039228052
2392	1e-23	0.0015799999819137156
2393	1e-23	0.0015388000174425542
2394	1e-23	0.0015896999975666404
2395	1e-23	0.0014426999841816723
2396	1e-23	0.0014803999802097678
2397	1e-23	0.0017659000004641712
2398	1e-23	0.0018754000193439424
2399	1e-23	0.0015217000036500394
2400	1e-23	0.001947099983226508
2401	1e-23	0.0015724999830126762
2402	1e-23	0.0020771000417880714
2403	1e-23	0.0013480999623425305
2404	1e-23	0.0018924000323750079
2405	1e-23	0.0016801999881863594
2406	1e-23	0.0017375999595969915
2407	1e-23	0.001770900038536638
2408	1e-23	0.0013128999853506684
2409	1e-23	0.0015990000101737678
2410	1e-23	0.001949199999216944
2411	1e-23	0.0028169999714009464
2412	1e-23	0.0016248999745585024
2413	1e-23	0.0022119000204838812
2414	1e-23	0.0015278999926522374
2415	1e-23	0.002004800015129149
2416	1e-23	0.0016331999795511365
2417	1e-23	0.0016398000298067927
2418	1e-23	0.0019813000108115375
2419	1e-23	0.0014312000130303204
2420	1e-23	0.0018207000102847815
2421	1e-23	0.0013599999947473407
2422	1e-23	0.0015052000526338816
2423	1e-23	0.0013682999997399747
2424	1e-23	0.001413899997714907
2425	1e-23	0.001630400016438216
2426	1e-23	0.001614099950529635
2427	1e-23	0.0014959999825805426
2428	1e-23	0.0018943999893963337
2429	1e-23	0.0017104999860748649
2430	1e-23	0.0025371999945491552
2431	1e-23	0.0017939999816007912
2432	1e-23	0.0016616000211797655
2433	1e-23	0.0018045000033453107
2434	1e-23	0.0015712999738752842
2435	1e-23	0.0015973999979905784
2436	1e-23	0.0014779000193811953
2437	1e-23	0.0020867999992333353
2438	1e-23	0.0017078000237233937
2439	1e-23	0.0018714999896474183
2440	1e-23	0.0017305000219494104
2441	1e-23	0.002575000049546361
2442	1e-23	0.001716200029477477
2443	1e-23	0.0019927999819628894
2444	1e-23	0.0016116999904625118
2445	1e-23	0.001756700046826154
2446	1e-23	0.001450300042051822
2447	1e-23	0.001665899995714426
2448	1e-23	0.0018692999728955328
2449	1e-23	0.0015515999984927475
2450	1e-23	0.0019398999866098166
2451	1e-23	0.00180159998126328
2452	1e-23	0.0018410999909974635
2453	1e-23	0.002092899987474084
2454	1e-23	0.0019822000176645815
2455	1e-23	0.002334800024982542
2456	1e-23	0.00212760001886636
2457	1e-23	0.0017493999912403524
2458	1e-23	0.0017708000377751887
2459	1e-23	0.0019438000163063407
2460	1e-23	0.001520399993751198
2461	1e-23	0.0020904000266455114
2462	1e-23	0.0016966999974101782
2463	1e-23	0.0024902999866753817
2464	1e-23	0.0018108999938704073
2465	1e-23	0.0018266999977640808
2466	1e-23	0.001962199981790036
2467	1e-23	0.0021147000370547175
2468	1e-23	0.0013262999709695578
2469	1e-23	0.0022359000286087394
2470	1e-23	0.0016347999917343259
2471	1e-23	0.0016531999572180212
2472	1e-23	0.0018561999895609915
2473	1e-23	0.0016401999746449292
2474	1e-23	0.0020262000034563243
2475	1e-23	0.001673600054346025
2476	1e-23	0.0013799999724142253
2477	1e-23	0.0014441999956034124
2478	1e-23	0.0014301000046543777
2479	1e-23	0.0014573000371456146
2480	1e-23	0.0013340000296011567
2481	1e-23	0.0016727999900467694
2482	1e-23	0.0019005000358447433
2483	1e-23	0.0022163999965414405
2484	1e-23	0.002547800017055124
2485	1e-23	0.0016139000072143972
2486	1e-23	0.0026368999970145524
2487	1e-23	0.0020582000142894685
2488	1e-23	0.0018542999750934541
2489	1e-23	0.0015353000489994884
2490	1e-23	0.0014530000044032931
2491	1e-23	0.0018263999954797328
2492	1e-23	0.0015777000226080418
2493	1e-23	0.0014876999775879085
2494	1e-23	0.0015052000526338816
2495	1e-23	0.0017852999735623598
2496	1e-23	0.00143580004805699
2497	1e-23	0.0016822000034153461
2498	1e-23	0.0012107000220566988
2499	1e-23	0.0016872999840416014
2500	1e-23	0.0018489999929443002
2501	1e-23	0.0016604000120423734
2502	1e-23	0.0017386999679729342
2503	1e-23	0.0013319000136107206
2504	1e-23	0.002102099999319762
2505	1e-23	0.001464799977838993
2506	1e-23	0.0015168999671004713
2507	1e-23	0.00293220003368333
2508	1e-23	0.0015631999704055488
2509	1e-23	0.0018798999954015017
2510	1e-23	0.0016450999537482858
2511	1e-23	0.0023567999596707523
2512	1e-23	0.0014002000098116696
2513	1e-23	0.0013784999609924853
2514	1e-23	0.001762600033544004
2515	1e-23	0.0015225000097416341
2516	1e-23	0.0017332000425085425
2517	1e-23	0.002105899970047176
2518	1e-23	0.0017310999683104455
2519	1e-23	0.0014278999879024923
2520	1e-23	0.0017763000214472413
2521	1e-23	0.0019747999613173306
2522	1e-23	0.0013527999981306493
2523	1e-23	0.0014893999905325472
2524	1e-23	0.0015652999863959849
2525	1e-23	0.0016211000038310885
2526	1e-23	0.0017432000022381544
2527	1e-23	0.00139409996336326
2528	1e-23	0.0014734999858774245
2529	1e-23	0.0016919999616220593
2530	1e-23	0.001959900022484362
2531	1e-23	0.0021548999939113855
2532	1e-23	0.0013642999692820013
2533	1e-23	0.0018557999865151942
2534	1e-23	0.002027899958193302
2535	1e-23	0.001977600040845573
2536	1e-23	0.0016177999787032604
2537	1e-23	0.0017723999917507172
2538	1e-23	0.0022947000106796622
2539	1e-23	0.00166529999114573
2540	1e-23	0.0020145000307820737
2541	1e-23	0.0019153999746777117
2542	1e-23	0.002212400024291128
2543	1e-23	0.0017515000072307885
2544	1e-23	0.001881500007584691
2545	1e-23	0.0021235000458545983
2546	1e-23	0.0023716000141575933
2547	1e-23	0.0018452000222168863
2548	1e-23	0.001652600010856986
2549	1e-23	0.001852499961387366
2550	1e-23	0.0015047000488266349
2551	1e-23	0.0019079000339843333
2552	1e-23	0.001706999959424138
2553	1e-23	0.0012120999745093286
2554	1e-23	0.0016513000009581447
2555	1e-23	0.0014687000075355172
2556	1e-23	0.0012537000002339482
2557	1e-23	0.0021047000191174448
2558	1e-23	0.0014136999961920083
2559	1e-23	0.00147720001405105
2560	1e-23	0.0028122999938204885
2561	1e-23	0.0016377000138163567
2562	1e-23	0.0018090000376105309
2563	1e-23	0.0019343000021763146
2564	1e-23	0.001844500016886741
2565	1e-23	0.002503700030501932
2566	1e-23	0.00192760000936687
2567	1e-23	0.0023456999915651977
2568	1e-23	0.002030199975706637
2569	1e-23	0.0014832000015303493
2570	1e-23	0.0013473000144585967
2571	1e-23	0.002018400002270937
2572	1e-23	0.0014996000099927187
2573	1e-23	0.0015847000177018344
2574	1e-23	0.0016175999771803617
2575	1e-23	0.0014211999950930476
2576	1e-23	0.0016234999638982117
2577	1e-23	0.0015027000335976481
2578	1e-23	0.0017038999940268695
2579	1e-23	0.0014595000538975
2580	1e-23	0.00165350001771003
2581	1e-23	0.0015224999515339732
2582	1e-23	0.0018209999543614686
2583	1e-23	0.001485499960836023
2584	1e-23	0.0014361999928951263
2585	1e-23	0.0020867999992333353
2586	1e-23	0.0015785999712534249
2587	1e-23	0.0014818999916315079
2588	1e-23	0.0015285999979823828
2589	1e-23	0.0014640000299550593
2590	1e-23	0.001692800025921315
2591	1e-23	0.001477799960412085
2592	1e-23	0.0017854999750852585
2593	1e-23	0.0019797999993897974
2594	1e-23	0.003082200011704117
2595	1e-23	0.0015278999926522374
2596	1e-23	0.002036699966993183
2597	1e-23	0.0021165000507608056
2598	1e-23	0.0019028999959118664
2599	1e-23	0.001561800017952919
2600	1e-23	0.0019013999844901264
2601	1e-23	0.0014731999835930765
2602	1e-23	0.0014405000256374478
2603	1e-23	0.0018298999639227986
2604	1e-23	0.0016321000293828547
2605	1e-23	0.0018189999973401427
2606	1e-23	0.0018817000091075897
2607	1e-23	0.0019082999788224697
2608	1e-23	0.0015227000112645328
2609	1e-23	0.0018324999837204814
2610	1e-23	0.0017737000016495585
2611	1e-23	0.0018031999934464693
2612	1e-23	0.0015486999764107168
2613	1e-23	0.0016110000433400273
2614	1e-23	0.002196400018874556
2615	1e-23	0.001657299988437444
2616	1e-23	0.0016311000217683613
2617	1e-23	0.0018130000098608434
2618	1e-23	0.0016261999844573438
2619	1e-23	0.0021920999861322343
2620	1e-23	0.0017314000288024545
2621	1e-23	0.002588899980764836
2622	1e-23	0.0026541000115685165
2623	1e-23	0.0013835999998264015
2624	1e-23	0.001209900015965104
2625	1e-23	0.0016882999916560948
2626	1e-23	0.0015489000361412764
2627	1e-23	0.0016132000018842518
2628	1e-23	0.00152749998960644
2629	1e-23	0.0016036999877542257
2630	1e-23	0.0018518000142648816
2631	1e-23	0.0020356999593786895
2632	1e-23	0.0018323000404052436
2633	1e-23	0.0015453000087291002
2634	1e-23	0.0015557000297121704
2635	1e-23	0.0020038000075146556
2636	1e-23	0.0014038999797776341
2637	1e-23	0.0016879999893717468
2638	1e-23	0.0012126000365242362
2639	1e-23	0.0015817999956198037
2640	1e-23	0.002127200015820563
2641	1e-23	0.001960500027053058
2642	1e-23	0.001520999998319894
2643	1e-23	0.0019227000302635133
2644	1e-23	0.001694599981419742
2645	1e-23	0.0014183000312186778
2646	1e-23	0.0015756000066176057
2647	1e-23	0.0012221000506542623
2648	1e-23	0.002063399995677173
2649	1e-23	0.00200899998890236
2650	1e-23	0.0015581000479869545
2651	1e-23	0.0016633999766781926
2652	1e-23	0.0018405000446364284
2653	1e-23	0.0015929000219330192
2654	1e-23	0.001505599997472018
2655	1e-23	0.0015991000109352171
2656	1e-23	0.00215709995245561
2657	1e-23	0.001504999992903322
2658	1e-23	0.001660300011280924
2659	1e-23	0.0017597000114619732
2660	1e-23	0.0016346999909728765
2661	1e-23	0.003085800039116293
2662	1e-23	0.0017085999716073275
2663	1e-23	0.001574199995957315
2664	1e-23	0.0018814000068232417
2665	1e-23	0.0019467999809421599
2666	1e-23	0.0016126999980770051
2667	1e-23	0.002098800032399595
2668	1e-23	0.0016190999886021018
2669	1e-23	0.0019324999884702265
2670	1e-23	0.001625700038857758
2671	1e-23	0.001877599977888167
2672	1e-23	0.001552000001538545
2673	1e-23	0.0019419000018388033
2674	1e-23	0.0019553000456653535
2675	1e-23	0.002289000025484711
2676	1e-23	0.0020213000243529677
2677	1e-23	0.0014386000111699104
2678	1e-23	0.001985899987630546
2679	1e-23	0.0014815999893471599
2680	1e-23	0.0026942999684251845
2681	1e-23	0.0019648000015877187
2682	1e-23	0.0018603999633342028
2683	1e-23	0.00195430003805086
2684	1e-23	0.002604199980851263
2685	1e-23	0.0021553999977186322
2686	1e-23	0.0020877000060863793
2687	1e-23	0.001969899982213974
2688	1e-23	0.0022066999808885157
2689	1e-23	0.0024911999935284257
2690	1e-23	0.0018164999783039093
2691	1e-23	0.0022507000248879194
2692	1e-23	0.0020078999805264175
2693	1e-23	0.00176760001340881
2694	1e-23	0.00205060001462698
2695	1e-23	0.0019116000039502978
2696	1e-23	0.0016456999583169818
2697	1e-23	0.00136749999364838
2698	1e-23	0.001325199962593615
2699	1e-23	0.0014779000193811953
2700	1e-23	0.0013426999794319272
2701	1e-23	0.0015774000203236938
2702	1e-23	0.0018776999786496162
2703	1e-23	0.0013342000311240554
2704	1e-23	0.0017148000188171864
2705	1e-23	0.0016100999782793224
2706	1e-23	0.0016870999825187027
2707	1e-23	0.0017950000474229455
2708	1e-23	0.0015160000184550881
2709	1e-23	0.0014868000289425254
2710	1e-23	0.0015440999995917082
2711	1e-23	0.0018279999494552612
2712	1e-23	0.001443799992557615
2713	1e-23	0.0016123999957926571
2714	1e-23	0.001582199998665601
2715	1e-23	0.003306599974166602
2716	1e-23	0.001923199975863099
2717	1e-23	0.00259129999903962
2718	1e-23	0.001385499956086278
2719	1e-23	0.0021728999563492835
2720	1e-23	0.0015507000498473644
2721	1e-23	0.0015882999869063497
2722	1e-23	0.0015769999590702355
2723	1e-23	0.0016408999799750745
2724	1e-23	0.0015852000215090811
2725	1e-23	0.001694900041911751
2726	1e-23	0.001445000001695007
2727	1e-23	0.0019009000388905406
2728	1e-23	0.0017089999746531248
2729	1e-23	0.002394000010099262
2730	1e-23	0.0017345999949611723
2731	1e-23	0.0017923000268638134
2732	1e-23	0.0015195999876596034
2733	1e-23	0.0019047000096179545
2734	1e-23	0.002216199995018542
2735	1e-23	0.0018183999927714467
2736	1e-23	0.0015998000162653625
2737	1e-23	0.0017257999861612916
2738	1e-23	0.0016784999752417207
2739	1e-23	0.002238099987152964
2740	1e-23	0.0017314000288024545
2741	1e-23	0.0013790000230073929
2742	1e-23	0.001504399988334626
2743	1e-23	0.0014630999648943543
2744	1e-23	0.0019286000169813633
2745	1e-23	0.0015473999665118754
2746	1e-23	0.0018164000357501209
2747	1e-23	0.001794799987692386
2748	1e-23	0.0018585000070743263
2749	1e-23	0.0015675000031478703
2750	1e-23	0.0017284999485127628
2751	1e-23	0.001553200010675937
2752	1e-23	0.0016617000219412148
2753	1e-23	0.0014254000270739198
2754	1e-23	0.0017309000249952078
2755	1e-23	0.0016782000311650336
2756	1e-23	0.0019845000351779163
2757	1e-23	0.002201199997216463
2758	1e-23	0.0015770999598316848
2759	1e-23	0.0017282000044360757
2760	1e-23	0.0019161999807693064
2761	1e-23	0.001590200001373887
2762	1e-23	0.0028464000206440687
2763	1e-23	0.002949699992313981
2764	1e-23	0.0020841999794356525
2765	1e-23	0.001810199988540262
2766	1e-23	0.0014948999742045999
2767	1e-23	0.0021994999842718244
2768	1e-23	0.0029969000024721026
2769	1e-23	0.0018138000159524381
2770	1e-23	0.0021528000361286104
2771	1e-23	0.0015857999678701162
2772	1e-23	0.001510599977336824
2773	1e-23	0.0015173000283539295
2774	1e-23	0.001255400013178587
2775	1e-23	0.0018335000495426357
2776	1e-23	0.0014052999904379249
2777	1e-23	0.0015595000004395843
2778	1e-23	0.0018170999828726053
2779	1e-23	0.0016346000484190881
2780	1e-23	0.001781200000550598
2781	1e-23	0.0014157999539747834
2782	1e-23	0.001428399991709739
2783	1e-23	0.0017361000063829124
2784	1e-23	0.0015502999885939062
2785	1e-23	0.001471299969125539
2786	1e-23	0.0018482999876141548
2787	1e-23	0.0016256000380963087
2788	1e-23	0.0017536000232212245
2789	1e-23	0.0018316999776288867
2790	1e-23	0.0017148000188171864
2791	1e-23	0.002510500024072826
2792	1e-23	0.002097999968100339
2793	1e-23	0.0015384000143967569
2794	1e-23	0.0021386999869719148
2795	1e-23	0.0012024999596178532
2796	1e-23	0.0014155000098980963
2797	1e-23	0.0014617000124417245
2798	1e-23	0.0014372000005096197
2799	1e-23	0.0017789999837987125
2800	1e-23	0.0014615000109188259
2801	1e-23	0.0015172000275924802
2802	1e-23	0.0018282999517396092
2803	1e-23	0.0020741999614983797
2804	1e-23	0.001811699999962002
2805	1e-23	0.001213099982123822
2806	1e-23	0.0013368999934755266
2807	1e-23	0.002156200003810227
2808	1e-23	0.0018846000311896205
2809	1e-23	0.0024811000330373645
2810	1e-23	0.0018412999925203621
2811	1e-23	0.0016719999839551747
2812	1e-23	0.002194400003645569
2813	1e-23	0.001532499969471246
2814	1e-23	0.0014872000319883227
2815	1e-23	0.0019112000009045005
2816	1e-23	0.0016431999974884093
2817	1e-23	0.0017256999853998423
2818	1e-23	0.0017740000039339066
2819	1e-23	0.0018137000151909888
2820	1e-23	0.002013699966482818
2821	1e-23	0.0015334999770857394
2822	1e-23	0.0018469999777153134
2823	1e-23	0.0013473000144585967
2824	1e-23	0.002694799972232431
2825	1e-23	0.0015617000171914697
2826	1e-23	0.001874400011729449
2827	1e-23	0.0016339999856427312
2828	1e-23	0.0018596999580040574
2829	1e-23	0.0017877999925985932
2830	1e-23	0.0013917000032961369
2831	1e-23	0.0016080000204965472
2832	1e-23	0.0015720999799668789
2833	1e-23	0.0030415000510402024
2834	1e-23	0.0020146999740973115
2835	1e-23	0.0015801999834366143
2836	1e-23	0.001491400005761534
2837	1e-23	0.00179130001924932
2838	1e-23	0.0015205999952740967
2839	1e-23	0.001483700005337596
2840	1e-23	0.0020262000034563243
2841	1e-23	0.0017238999716937542
2842	1e-23	0.0023385999957099557
2843	1e-23	0.001921400020364672
2844	1e-23	0.0025052999844774604
2845	1e-23	0.0016058000037446618
2846	1e-23	0.0018698000349104404
2847	1e-23	0.001657900051213801
2848	1e-23	0.0012510999804362655
2849	1e-23	0.00163720001000911
2850	1e-23	0.001332599960733205
2851	1e-23	0.0014579000417143106
2852	1e-23	0.001574800000526011
2853	1e-23	0.001463300024624914
2854	1e-23	0.0012712999596260488
2855	1e-23	0.001439899962861091
2856	1e-23	0.0013933000154793262
2857	1e-23	0.001402400026563555
2858	1e-23	0.0013637999654747546
2859	1e-23	0.0014223000034689903
2860	1e-23	0.003057099995203316
2861	1e-23	0.001951900019776076
2862	1e-23	0.0015625000232830644
2863	1e-23	0.0015573000418953598
2864	1e-23	0.001633700041566044
2865	1e-23	0.0014952999772503972
2866	1e-23	0.0013481999631039798
2867	1e-23	0.001515100011602044
2868	1e-23	0.0013251000200398266
2869	1e-23	0.001967300020623952
2870	1e-23	0.0012703000102192163
2871	1e-23	0.0014397000195458531
2872	1e-23	0.0014617000124417245
2873	1e-23	0.0014266000362113118
2874	1e-23	0.001443199987988919
2875	1e-23	0.0015695999609306455
2876	1e-23	0.0013496999745257199
2877	1e-23	0.0015547999646514654
2878	1e-23	0.0017300000181421638
2879	1e-23	0.0016899000038392842
2880	1e-23	0.0014574999804608524
2881	1e-23	0.0012704000109806657
2882	1e-23	0.001214000047184527
2883	1e-23	0.0020466999849304557
2884	1e-23	0.0016449999529868364
2885	1e-23	0.0015514999977312982
2886	1e-23	0.0014078999520279467
2887	1e-23	0.0013524999958463013
2888	1e-23	0.0015634999726898968
2889	1e-23	0.0015973999979905784
2890	1e-23	0.0013760000001639128
2891	1e-23	0.00211280002258718
2892	1e-23	0.0016681000124663115
2893	1e-23	0.0014126999885775149
2894	1e-23	0.0013072000001557171
2895	1e-23	0.0014164999593049288
2896	1e-23	0.001568600011523813
2897	1e-23	0.0019903999636881053
2898	1e-23	0.001560000004246831
2899	1e-23	0.0017268999945372343
2900	1e-23	0.0018992999684996903
2901	1e-23	0.0013747000484727323
2902	1e-23	0.001262800011318177
2903	1e-23	0.0013085000100545585
2904	1e-23	0.0014395999605767429
2905	1e-23	0.0011875000200234354
2906	1e-23	0.001579499978106469
2907	1e-23	0.002027899958193302
2908	1e-23	0.0017719999887049198
2909	1e-23	0.0015490999794565141
2910	1e-23	0.0019860000465996563
2911	1e-23	0.0013714999658986926
2912	1e-23	0.0014863000251352787
2913	1e-23	0.00126369995996356
2914	1e-23	0.001528100052382797
2915	1e-23	0.0012727999710477889
2916	1e-23	0.0015099000302143395
2917	1e-23	0.001472200034186244
2918	1e-23	0.0014301000046543777
2919	1e-23	0.002138500043656677
2920	1e-23	0.0016041999915614724
2921	1e-23	0.001381999987643212
2922	1e-23	0.0014140999992378056
2923	1e-23	0.001221400045324117
2924	1e-23	0.001538700016681105
2925	1e-23	0.0017855999758467078
2926	1e-23	0.0017523999558761716
2927	1e-23	0.001608499966096133
2928	1e-23	0.0013553999597206712
2929	1e-23	0.0014177999692037702
2930	1e-23	0.0013541000080294907
2931	1e-23	0.0012440999853424728
2932	1e-23	0.001472199975978583
2933	1e-23	0.0013691000058315694
2934	1e-23	0.0013253999641165137
2935	1e-23	0.0022214999771676958
2936	1e-23	0.0013891999842599034
2937	1e-23	0.0013157999492250383
2938	1e-23	0.0014252999681048095
2939	1e-23	0.0013807000359520316
2940	1e-23	0.0013705999590456486
2941	1e-23	0.0013903999933972955
2942	1e-23	0.0013479000190272927
2943	1e-23	0.001344099990092218
2944	1e-23	0.0013367000501602888
2945	1e-23	0.00120160001097247
2946	1e-23	0.0018359999521635473
2947	1e-23	0.001816699979826808
2948	1e-23	0.001699899963568896
2949	1e-23	0.0016280999989248812
2950	1e-23	0.0015938000287860632
2951	1e-23	0.0017081000260077417
2952	1e-23	0.0015843999572098255
2953	1e-23	0.0014441999956034124
2954	1e-23	0.00180899997940287
2955	1e-23	0.0015090999659150839
2956	1e-23	0.0020743999630212784
2957	1e-23	0.0015290000010281801
2958	1e-23	0.0016069000121206045
2959	1e-23	0.0012193000293336809
2960	1e-23	0.0011798000195994973
2961	1e-23	0.00193349999608472
2962	1e-23	0.001349999976810068
2963	1e-23	0.0012857999536208808
2964	1e-23	0.0015344999847002327
2965	1e-23	0.001428399991709739
2966	1e-23	0.001411600038409233
2967	1e-23	0.0020693999831564724
2968	1e-23	0.0012971999822184443
2969	1e-23	0.0014676999999210238
2970	1e-23	0.0013574000331573188
2971	1e-23	0.0014431000454351306
2972	1e-23	0.0016953999875113368
2973	1e-23	0.0013750999933108687
2974	1e-23	0.0013274000375531614
2975	1e-23	0.001429600000847131
2976	1e-23	0.0014515999937430024
2977	1e-23	0.0017897000070661306
2978	1e-23	0.0013703000149689615
2979	1e-23	0.0012220999924466014
2980	1e-23	0.0021998999873176217
2981	1e-23	0.001413899997714907
2982	1e-23	0.001687500043772161
2983	1e-23	0.0014946999726817012
2984	1e-23	0.0014318000175990164
2985	1e-23	0.0012246000114828348
2986	1e-23	0.0014762000064365566
2987	1e-23	0.0014584999880753458
2988	1e-23	0.0012143999920226634
2989	1e-23	0.0019106999970972538
2990	1e-23	0.0011831000447273254
2991	1e-23	0.0016015000292100012
2992	1e-23	0.0014208999928086996
2993	1e-23	0.0015988000086508691
2994	1e-23	0.0013852000120095909
2995	1e-23	0.0013337000273168087
2996	1e-23	0.0015576999867334962
2997	1e-23	0.0014707999653182924
2998	1e-23	0.001236199983395636
2999	1e-23	0.0016933000297285616
3000	1e-23	0.0013244999572634697
