causal_min_weight	epoch	joint_current	joint_previous	kinematic	momentum	overlap_acceleration	overlap_consistency	overlap_physics	overlap_stress	seconds	slab	slab_epoch	total	traction
0.7965797464051153	1			0.0	42.811953345568206					0.9586194000003161	1	1	42.81197569865411	2.2353085902928015e-05
0.0001	2			0.001176512224111592	362.0787876869157					0.03226900000299793	1	2	362.08044512000515	0.0004809208653509853
0.0001	3			0.0038045691011240634	417.7394072090666					0.030252399999881163	1	3	417.74375351516187	0.0005417369941175281
0.0001	4			0.004830878628885492	395.6173540785812					0.029324800008907914	1	4	395.62266668416436	0.0004817269543474588
0.0001	5			0.004450721046183874	380.514147950367					0.02891039999667555	1	5	380.51905886580033	0.00046019438720665463
0.0001	6			0.004076630093387153	384.71186237585766					0.031788499996764585	1	6	384.7164112527075	0.00047224675643618073
0.0001	7			0.0037306884490677086	387.9419276493955					0.03174679999938235	1	7	387.9461370281805	0.0004786903359360376
0.0001	8			0.0033583035540647203	384.346407484179					0.031526400009170175	1	8	384.3502391394383	0.00047335170526240225
0.0018237968475214687	9			0.003000630961277975	390.24436361165107					0.03192599999601953	1	9	390.2478238092235	0.0004595666111818856
0.01249842897389053	10			0.003057771993192303	407.4133893389956					0.030981700008851476	1	10	407.4169097131239	0.00046260213509023506
0.01600611154225305	11			0.003056280625020185	403.5071145631303					0.031156299999565817	1	11	403.51062270480196	0.0004518610466438181
0.015122364401510139	12			0.002938488213000233	369.2619415458894					0.032572500000242144	1	12	369.26528570801213	0.0004056739097941377
0.02534101373928144	13			0.002897709047068719	319.3823963964167					0.03366159999859519	1	13	319.3856336515922	0.0003395461283838912
0.06377840558847195	14			0.003405092115535296	284.0451421149893					0.02935779999825172	1	14	284.0488464153747	0.0002992082698806848
0.151346258699591	15			0.0039052153998002247	280.57010443962537					0.03265999999712221	1	15	280.57433050117106	0.0003208461458542964
0.18895494990477563	16			0.0032242909776318447	291.8596132509258					0.03516400000080466	1	16	291.8632016060447	0.0003640641412460336
0.1435004381442126	17			0.003184113464804165	330.55067679769246					0.031100799998966977	1	17	330.5542798074781	0.0004188963208557194
0.12096932632238483	18			0.0030591192933214304	345.3337855626579					0.030373100002179854	1	18	345.3372820761917	0.0004373942404465591
0.13403099584878939	19			0.0026551829143926092	323.5080878455603					0.02810029999818653	1	19	323.5111491156041	0.00040608712942601983
0.177704181237842	20			0.0021090293610965213	286.0011324623082					0.03274759999476373	1	20	286.0035974770431	0.0003559853738019877
0.24337152392791409	21			0.0017672553821629934	239.07308003583856					0.029692399999476038	1	21	239.07514828409526	0.0003009928745326597
0.3437487483525148	22			0.0016706116145404357	185.77979794320058					0.03268880001269281	1	22	185.78170702109853	0.0002384662834025225
0.5069728270032172	23			0.0017909093337850296	127.18559236912688					0.030751599988434464	1	23	127.18754854992581	0.00016527146513970145
0.5565017134154489	24			0.00231504255664941	108.41600943968038					0.03141250000044238	1	24	108.41846111804325	0.00013663580622733752
0.5944879010439509	25			0.0028159635827871266	97.8378925016719					0.030878999998094514	1	25	97.8408241200859	0.00011565483120709851
0.6294293744592547	26			0.0029059081162990533	88.81187756330321					0.03453499999886844	1	26	88.81488218353262	9.87121130967535e-05
0.4863190456683285	27			0.0028679949339296394	128.65419036786216					0.035066399999777786	1	27	128.65720232709572	0.00014396429964385279
0.48076050736339043	28			0.0031940492882335148	131.99969279240378					0.0338668000040343	1	28	132.00303492170272	0.00014808001071165694
0.6457839159937269	29			0.0037475731946229897	88.41666832177239					0.03293420000409242	1	29	88.42051164599437	9.57510273612593e-05
0.6583354946275224	30			0.004396406943244573	83.9895435866659					0.03273779999290127	1	30	83.99403341147392	9.341786477060074e-05
0.6136664145206709	31			0.00431681863917394	95.10879505135968					0.03400620000320487	1	31	95.1132263646134	0.00011449461455645159
0.6876053490190981	32			0.003998061092106716	75.55696968432991					0.03580569999758154	1	32	75.56106204790703	9.430248500894133e-05
0.6822030257227764	33			0.0038723952792767786	78.03579714671632					0.03482190000067931	1	33	78.03975798509812	8.844310253120341e-05
0.6715731774347158	34			0.003925180939622605	79.6863378948665					0.03483729998697527	1	34	79.69034972733216	8.665152605031183e-05
0.793698822130175	35			0.004184046285544393	47.03206647520547					0.032214299993938766	1	35	47.036306191703105	5.567021209425252e-05
0.7351785617135976	36			0.004335548782581423	62.876984871005774					0.03425710000738036	1	36	62.881404842340764	8.442255240348375e-05
0.6676684581699516	37			0.004695948598837899	81.22443971062924					0.03454069999861531	1	37	81.22924363507457	0.00010797584648992681
0.7334747302330955	38			0.004716216603871902	64.68420566832596					0.03260980000777636	1	38	64.68900539090355	8.350597372546452e-05
0.6561532251329554	39			0.003981050943950017	80.5063093114153					0.03599190000386443	1	39	80.51038333667039	9.297431114233268e-05
0.6480267901901563	40			0.0036041121518233356	79.536570896395					0.03213210000831168	1	40	79.5402666956265	9.168707967877552e-05
0.7834698838349513	41			0.003819844373323293	48.020539238929075					0.03805900001316331	1	41	48.02441776332357	5.86800211691566e-05
0.7834606044982264	42			0.003949019440903053	47.575720314368084					0.04154039999411907	1	42	47.579732262038846	6.292822986092054e-05
0.7395781820986062	43			0.003934183245436614	57.899043211282084					0.03176759999769274	1	43	57.90305035921608	7.296468856490105e-05
0.8139650197664992	44			0.0039904107418088555	41.615073643077814					0.03338090000033844	1	44	41.61911514075338	5.108693376157077e-05
0.7845466710023462	45			0.003887561284782527	47.515328674850466					0.032596699995337985	1	45	47.51927398547184	5.774933659422956e-05
0.8309575066795913	46			0.004113821341878147	36.57196996092008					0.030936199997086078	1	46	36.57612708563368	4.3303371723087175e-05
0.8132395698120886	47			0.004545470298394939	41.998246663512475					0.032199900000705384	1	47	42.00284452832152	5.239451064781939e-05
0.7933436447620577	48			0.005009839282353423	46.04432527410197					0.03278899998986162	1	48	46.049395406377855	6.0292993534314964e-05
0.8730479235738765	49			0.005553931325723961	26.935727274727142					0.0332405000081053	1	49	26.941313663649204	3.245759633657527e-05
0.8763174357498558	50			0.005934567011044631	28.0761360471325					0.03066679999756161	1	50	28.082104254170627	3.364002708170678e-05
0.894099123587999	51			0.006116118061341972	24.767579254359767					0.030995599998277612	1	51	24.773729637580097	3.426515898805926e-05
0.8762988112057185	52			0.006610331344740034	26.799461668678738					0.03168329999607522	1	52	26.806101999524593	2.9999501117336028e-05
0.8459581930251279	53			0.006951197985227955	33.989019046070595					0.0314451000012923	1	53	33.99600556492692	3.5320871092736904e-05
0.8861638990326717	54			0.006994200429258806	25.704040458252788					0.029988700000103563	1	54	25.71106507123659	3.041255454309406e-05
0.8695277837642585	55			0.0068186126840652835	29.16635140899572					0.03135839999595191	1	55	29.173204393111092	3.437143130657583e-05
0.8634317302888391	56			0.006991506765914514	29.93839547589048					0.03112350001174491	1	56	29.945421489226817	3.4506570423573344e-05
0.8936907983318888	57			0.007901740139340337	22.337179728437054					0.03509539998776745	1	57	22.34510614395714	2.4675380748032905e-05
0.9026182341877012	58			0.008028005192849925	21.943814309872828					0.029925599999842234	1	58	21.951872889886992	3.0574821316436704e-05
0.8765874293477527	59			0.008256529439216937	29.49165496474448					0.035950499994214624	1	59	29.49994709220562	3.559802192304175e-05
0.8904238179373468	60			0.009082926465497115	25.232844406887814					0.030558500002371147	1	60	25.241958797249584	3.1463896273967634e-05
0.8552762783493207	61			0.009681994180916314	30.866399037711933					0.03459399999701418	1	61	30.876118878798486	3.784690563957385e-05
0.8916627230125266	62			0.0106355169416909	23.631166798863426					0.03502630000002682	1	62	23.641828090014425	2.5774209310173073e-05
0.7666976008380713	63			0.010548291488432142	50.0798827840266					0.031989099996280856	1	63	50.09048863103171	5.755551667272041e-05
0.7363137225701897	64			0.010019102734255976	56.96121925622999					0.03181810000387486	1	64	56.97130563910696	6.728014271436448e-05
0.9026103385253399	65			0.009853714736293411	22.257627674713234					0.03430849999131169	1	65	22.267503892517063	2.2503067532627e-05
0.775484845563995	66			0.008875058726453122	50.82306558474948					0.03102210001088679	1	66	50.83200073396254	6.009048660702973e-05
0.6511480692557448	67			0.008263222406313768	78.7665788524188					0.034493200000724755	1	67	78.77494287070812	0.00010079588299977108
0.7712546012881559	68			0.008568589361807127	50.33986666544757					0.032953099987935275	1	68	50.348503239211944	6.798440255953968e-05
0.831075645559594	69			0.008651288832004304	35.428421805084774					0.03007890000299085	1	69	35.43711537484873	4.228093195275591e-05
0.7819911292018699	70			0.007798114109079726	47.903065333689526					0.03160679999564309	1	70	47.91091372741905	5.027962044717735e-05
0.0001	71			0.008015635444039835	2877.6993218497764					0.0774840999947628	1	71	2877.711098336199	0.0037608509785932833
0.0001	72			0.008562209062903513	2428.6568816608356					0.045255000004544854	1	72	2428.6686531316504	0.0032092617522560428
0.0001	73			0.006472188111017325	2517.603389281595					0.04568130000552628	1	73	2517.6131878575134	0.0033263878076352188
0.0001	74			0.0062417701220227285	1833.6430925864283					0.0440929999895161	1	74	1833.6517528967108	0.002418540160511348
0.0001	75			0.002937464450590265	874.3552961699185					0.04236609999497887	1	75	874.359400524263	0.0011668898939640546
0.0001	76			0.005009103380708873	706.5801091970807					0.03940740000689402	1	76	706.5860579857326	0.000939685271182801
0.0001	77			0.002950285280677004	789.1290316776564					0.038522499991813675	1	77	789.1329939557769	0.0010119928398545743
0.0001	78			0.004160423059295555	685.8392881470137					0.04168789999675937	1	78	685.8443303340933	0.0008817640203622999
0.0001	79			0.048356009512281355	16973.845262778916					0.041707800002768636	1	79	16973.915852021368	0.02223323293868935
0.0001	80			0.016019515755264127	5690.705274389478					0.0444596999877831	1	80	5690.728753585228	0.00745967999465151
0.0001	81			0.016912090268703456	3735893.669930055					0.031305699987569824	2	1	3735898.535033524	4.848191379067658
0.0001	82			0.012486885588875696	3728851.4312337292					0.02946339998743497	2	2	3728856.2832395467	4.839518931500909
0.0001	83			0.009291315197285429	3721687.9678072254					0.028030000001308508	2	3	3721692.8077947916	4.830696251434591
0.0001	84			0.007403916117447354	3714429.580521678					0.028499400010332465	2	4	3714434.4096810804	4.821755486088171
0.0001	85			0.006883792028412369	3707092.0670916503					0.030085800011875108	2	5	3707096.8866914557	4.8127160134866305
0.0001	86			0.007780565410218034	3699681.85741029					0.029840600007446483	2	6	3699686.6687765284	4.803585673214272
0.0001	87			0.010142548745335675	3692198.0305087524					0.029320699992240407	2	7	3692202.835014556	4.794363254659378
0.0001	88			0.014021736734359502	3684636.016664743					0.02821659999608528	2	8	3684640.8157295515	4.785043071912551
0.0001	89			0.019477137073323113	3676988.144870295					0.028684499993687496	2	9	3676992.9399630628	4.775615630889112
0.0001	90			0.026575116810817385	3669246.597596544					0.029766600011498667	2	10	3669251.3902429217	4.766071260995395
0.0001	91			0.03538772971579362	3661405.135972784					0.027480199991259724	2	11	3661409.9277627487	4.756402234894386
0.0001	92			0.04599208418904949	3653458.5517121414					0.029993399992235936	2	12	3653463.3443063153	4.74660208981286
0.0001	93			0.05846953322634046	3645402.574233232					0.029221399992820807	2	13	3645407.369368276	4.736665510442904
0.0001	94			0.07290549228849331	3637233.527858238					0.029262299998663366	2	14	3637238.3273516363	4.726587905397168
0.0001	95			0.08938944518437364	3628948.106684909					0.02779630001168698	2	15	3628952.912439484	4.716365129751837
0.0001	96			0.10801522874530016	3620543.1471253554					0.031344199989689514	2	16	3620547.9611337893	4.705993205237844
0.0001	97			0.1288808854083667	3612015.6802002094					0.0288534000137588	2	17	3612020.5045494805	4.695468385671848
0.0001	98			0.15208845029778614	3603362.9645972233					0.027755899995099753	2	18	3603367.8014728716	4.684787198054961
0.0001	99			0.17774321116203787	3594582.6539309463					0.029741000005742535	2	19	3594587.505620812	4.673946654232347
0.0001	100			0.20595288499662984	3585672.9147051307					0.027222100005019456	2	20	3585677.783602415	4.662944399258305
0.0001	101			0.2368275308999701	3576632.2718299157					0.02879880000546109	2	21	3576637.160435968	4.651778521352698
0.0001	102			0.270479523429905	3567459.4962548297					0.03168010000081267	2	22	3567464.407181768	4.640447415044058
0.0001	103			0.3070230682140416	3558153.655051509					0.03325290000066161	2	23	3558158.59102442	4.6289498430649285
0.0001	104			0.3465738800260372	3548714.1105845547					0.02990999999747146	2	24	3548719.074443372	4.617284937099571
0.0001	105			0.3892491410340426	3539140.4531437405					0.028799899999285117	2	25	3539145.447844995	4.60545211399799
0.0001	106			0.4351674599719568	3529432.444394504					0.028675299996393733	2	26	3529437.4730129703	4.593451006433903
0.0001	107			0.4844485564682668	3519590.027304335					0.028988699996261857	2	27	3519595.093034367	4.581281475697857
0.0001	108			0.5372130578389053	3509613.297847309					0.02801029999682214	2	28	3509618.4040039424	4.568943575617045
0.0001	109			0.5935823146093191	3499502.482206866					0.028941999989910983	2	29	3499507.6322267056	4.556437525169682
0.0001	110			0.6536786812603373	3489257.838075072					0.02870959999563638	2	30	3489263.0355173396	4.5437635865168025
0.0001	111			0.7176259177981988	3478879.569683737					0.029365700000198558	2	31	3478884.818231615	4.530921959639469
0.0001	112			0.7855491502225711	3468367.815161885					0.02812879999692086	2	32	3468373.1186238024	4.517912767066765
0.0001	113			0.8575746304051318	3457722.682994913					0.031802600002265535	2	33	3457728.0453056423	4.504736099098704
0.0001	114			0.9338293765895316	3446944.2716619847					0.02680510000209324	2	34	3446949.696883398	4.491392037068322
0.0001	115			1.0144409679523294	3436032.659195726					0.026131799997529015	2	35	3436038.1515173363	4.477880642153334
0.0001	116			1.0995373031274605	3424987.906869969					0.026640199997927994	2	36	3424993.470609234	4.464201962116339
0.0001	117			1.1892463243804179	3413810.1135450434					0.02713880001101643	2	37	3413815.7531474647	4.450356096849699
0.0001	118			1.2836960497666108	3402499.3919585864					0.029354300000704825	2	38	3402505.111997805	4.436343168695069
0.0001	119			1.383014792645813	3391055.8341248785					0.026675200002500787	2	39	3391061.6393029513	4.422163279977522
0.0001	120			1.4873308891922152	3379479.5480770944					0.026184000002103858	2	40	3379485.4432245414	4.407816557832062
0.0001	121			1.5967730660395258	3367770.6152955727					0.02812600000470411	2	41	3367776.6053717397	4.393303101121371
0.0001	122			1.7114698374139201	3355929.1585384468					0.02776379999704659	2	42	3355935.2486313484	4.378623064269611
0.0001	123			1.8315489429560246	3343955.3854060913					0.026998799992725253	2	43	3343961.5807317477	4.363776713193445
0.0001	124			1.9571387111641427	3331849.4888641704					0.03381229999649804	2	44	3331855.7947671786	4.348764297166367
0.0001	125			2.0883681741460047	3319611.695298449					0.028257700003450736	2	45	3319618.117252731	4.33358610791952
0.0001	126			2.2253663947301487	3307242.2828279706					0.027827400001115166	2	46	3307248.8264368684	4.318242503338456
0.0001	127			2.3682613368725645	3294741.612648876					0.02765499999804888	2	47	3294748.283644162	4.30273394955697
0.0001	128			2.517182992291538	3282109.8784364914					0.028622800004086457	2	48	3282116.6826801905	4.28706070671302
0.0001	129			2.672261870053453	3269347.292538958					0.028131900005973876	2	49	3269354.2360238847	4.271223056610298
0.0001	130			2.8336277004428134	3256454.1632625903					0.02781400000094436	2	50	3256461.252111691	4.255221400629794
0.0001	131			3.001411150197904	3243430.812920108					0.027495200003613718	2	51	3243438.053387413	4.239056154387345
0.0001	132			3.175743793087437	3230277.542399711					0.02669630000309553	2	52	3230284.9408712094	4.2227277050802625
0.0001	133			3.3567585785245706	3216994.6489473977					0.02916380000533536	2	53	3217002.211942408	4.206236431147404
0.0001	134			3.5445902403230227	3203582.416888201					0.026412200008053333	2	54	3203590.151061131	4.189582689643565
0.0001	135			3.739373437850451	3190041.203626482					0.026531499999691732	2	55	3190049.115766845	4.172766925144129
0.0001	136			3.9412427348710812	3176371.460675451					0.02914319999399595	2	56	3176379.5577078806	4.155789694670839
0.0001	137			4.150333294091841	3162573.677771645					0.026975300002959557	2	57	3162581.966756537	4.138651597836331
0.0001	138			4.36678169844407	3148648.2965843673					0.028386699996190146	2	58	3148656.7847192376	4.121353171760079
0.0001	139			4.59072641490386	3134595.7730645593					0.028510299991467036	2	59	3134604.467685938	4.103894964032303
0.0001	140			4.822307496161029	3120416.596878291					0.027588299999479204	2	60	3120425.5054633464	4.086277559104748
0.0001	141			5.0616645810675776	3106111.33211406					0.02667769999243319	2	61	3106120.462280277	4.068501635814553
0.0001	142			5.308935911989257	3091680.609981861					0.02814080000098329	2	62	3091689.9694857444	4.050567971457362
0.0001	143			5.564257797944937	3077125.155046395					0.03034309999202378	2	63	3077134.7517816536	4.032477460747964
0.0001	144			5.827763436898881	3062445.922955597					0.027541700008441694	2	64	3062455.764950311	4.01423127701077
0.0001	145			6.099586451065493	3047643.9667970263					0.02894630000810139	2	65	3047654.0622141687	3.9958306912819546
0.0001	146			6.379863460376488	3032720.37097846					0.027629899996099994	2	66	3032730.7281189123	3.9772769915890906
0.0001	147			6.66873349372702	3017676.226179053					0.02921039999637287	2	67	3017686.8534840127	3.9585714656035598
0.0001	148			6.96634055713052	3002512.688926684					0.02819219999946654	2	68	3002523.594982708	3.93971546655606
0.0001	149			7.272830087850518	2987231.072916594					0.02835150000464637	2	69	2987242.266457215	3.920710533170307
0.0001	150			7.588350112005077	2971832.83911481					0.02774150000186637	2	70	2971844.329023298	3.9015583760701436
0.0001	151			8.678894119721342	3307158.9596689823					0.03617340000346303	2	71	3307171.9553673374	4.316804235186403
0.0001	152			20.75012525584923	2874828.589704206					0.03659460000926629	2	72	2874853.0993533307	3.759523868692923
0.0001	153			54.77637391261932	2449586.8724350207					0.04012460001104046	2	73	2449644.8637641254	3.214955192267212
0.0001	154			145.07655128352306	1837067.8586152396					0.037251200003083795	2	74	1837215.3623828022	2.4272162790072347
0.0001	155			1006.3778897679415	141147828.86572942					0.03843400000187103	2	75	141148855.17704278	19.93342356472155
0.0001	156			479.7788555555553	1981583.2181560907					0.03796620000503026	2	76	1982065.4668718122	2.4698601660479147
0.0001	157			514.8373488483224	1790839.001431703					0.036308700000518	2	77	1791356.1007410693	2.261960517769775
0.0001	158			726.0574403940785	1193867.0096511783					0.03753780000261031	2	78	1194594.6449475125	1.5778559402401395
0.0001	159			833.9000848208264	1212271.7796113451					0.042750900000100955	2	79	1213107.3034802026	1.6237840364986569
0.0001	160			827.4047268301144	1049778.2790616513					0.04049880000820849	2	80	1050607.096290991	1.4125025096144932
	161	2250779.8810840975	5749.84056759055			0.007702183947331275	0.04649778797064287	104345330.88073562	4.367170975669013	0.15613499999744818	2	72	315293397.80346835	
	162	2291092.2252861084	5738.935428171361			0.0077084371243271695	0.04646412293714004	103644456.85213807	4.357235928090869	0.13919549999991432	2	73	313231075.1706428	
	163	2331863.483730951	5728.0995274517445			0.007715045467533759	0.046430670124224804	102946603.40809472	4.347354617149741	0.13761849999718834	2	74	311178273.2857818	
	164	2373092.4814030086	5717.3346478270205			0.007722009907786134	0.04639742425148901	102251762.55014472	4.337526284492267	0.1379183999961242	2	75	309134966.9801181	
	165	2414778.3604392535	5706.637208366889			0.007729330420577253	0.046364386686919924	101559927.04902816	4.327750571761563	0.14341160000185482	2	76	307101133.7043564	
	166	2456920.01566662	5696.0064936428735			0.007737007573481465	0.04633156151046217	100871090.16252615	4.318027441951515	0.14241449999099132	2	77	305076752.12594426	
	167	2499516.3826946467	5685.442129392162			0.007745041389926345	0.04629895017100309	100185241.89203964	4.308356596192118	0.13726909999968484	2	78	303061791.18425995	
	168	2542566.2986639943	5674.94323028692			0.0077534160935278885	0.04626655204477781	99502377.65649633	4.298737447835152	0.1397107000084361	2	79	301056235.97222155	
	169	2586068.686219974	5664.510804339582			0.007762112912099588	0.046234360333023194	98822490.31042168	4.289168081003224	0.14019150000240188	2	80	299060063.9766717	
	170	2630022.1688281307	5654.145104686255			0.007771138198752912	0.04620237620903093	98145574.71189433	4.279648692853579	0.13584899999841582	2	81	297073258.3956058	
	171	2674425.6842127047	5643.84544053299			0.007780496590340725	0.04617060186184821	97471621.85002963	4.270179392466713	0.13974710000911728	2	82	295095791.13342595	
	172	2719278.116869352	5633.611216131831			0.007790191192502712	0.04613903851285956	96800624.40133187	4.260760144421483	0.14039380000031088	2	83	293127639.1035386	
	173	2764578.428181997	5623.441759286254			0.007800224054610445	0.04610768271686771	96132574.74754074	4.251390674713717	0.13631729999906383	2	84	291168778.4118201	
	174	2810325.6826390116	5613.336688277849			0.007810592627721063	0.046076533835793555	95467463.84501408	4.242070622997752	0.1480301999981748	2	85	289219180.99137795	
	175	2856518.942977613	5603.29620327102			0.007821285050123923	0.046045597548276085	94805287.33156933	4.232800626069445	0.14543969999067485	2	86	287278832.8187271	
	176	2903157.403190141	5593.320133772975			0.007832285107150842	0.04601487925419683	94146034.74093843	4.223580938482161	0.1383726000058232	2	87	285347701.6889327	
	177	2950239.8884199588	5583.409023418414			0.007843585978418579	0.04598438207070184	93489701.39856468	4.2144112102824325	0.1378949000063585	2	88	283425772.4039405	
	178	2997765.1538793985	5573.566843557847			0.007855195452592799	0.045954149441005364	92836278.59813489	4.20529387889479	0.1370790999935707	2	89	281513017.604484	
	179	3045732.378485923	5563.794408541611			0.007867118188728985	0.045924182999192056	92185755.36729194	4.196228026541111	0.13881069999479223	2	90	279609403.5530411	
	180	3094143.022202732	5554.091424323476			0.007879350571079418	0.04589449991655672	91538129.09727737	4.187214861498035	0.1399917000089772	2	91	277714923.88324654	
	181	3142995.640486065	5544.457472342758			0.00789189608909043	0.04586509119287854	90893391.70676053	4.178253480063997	0.14638409999315627	2	92	275829552.9059661	
0.0001	182			6.798422159057854	210577560.18880638					0.030939799995394424	3	1	210577820.3102464	253.323017874591
0.0001	183			6.782733731528531	210526773.67362216					0.029610400000819936	3	2	210527033.72311673	253.26676083880687
0.0001	184			6.768600669665847	210478312.4875805					0.02924410000559874	3	3	210478572.4692561	253.21307491854535
0.0001	185			6.75523819182332	210429948.0012374					0.027351500000804663	3	4	210430207.91596743	253.1594918387382
0.0001	186			6.742393226523119	210380826.89233854					0.02873550000367686	3	5	210381086.73979813	253.10506635984976
0.0001	187			6.73000042058938	210330572.5259799					0.029466599997249432	3	6	210330832.30536172	253.04938140112216
0.0001	188			6.718066459527801	210279004.9812625					0.0284821999957785	3	7	210279264.6915667	252.99223773965912
0.0001	189			6.7066305049534725	210226027.404832					0.02870319999055937	3	8	210226287.04499066	252.9335281574986
0.0001	190			6.695747374303516	210171574.2362864					0.026949300008709542	3	9	210171833.8052139	252.8731801337027
0.0001	191			6.685482652712442	210115598.35734516					0.031855300010647625	3	10	210115857.85396937	252.81114156479234
0.0001	192			6.675910351869987	210058065.16459146					0.026799600003869273	3	11	210058324.58787593	252.74737411953652
0.0001	193			6.667110907407464	209998946.74473223					0.02765759998874273	3	12	209999206.09368995	252.68184679942684
0.0001	194			6.659170173644944	209938220.39637196					0.02670669999497477	3	13	209938479.6700765	252.61453434918442
0.0001	195			6.652179022265639	209875868.47541195					0.027122700004838407	3	14	209876127.67300808	252.54541710209313
0.0001	196			6.646232807871348	209811876.83316067					0.027916300008655526	3	15	209812135.95387274	252.474479259041
0.0001	197			6.641431065882276	209746234.73446712					0.027156900003319606	3	16	209746493.777607	252.40170880137688
0.0001	198			6.637877240935514	209678934.2215548					0.027388399990741163	3	17	209679193.18652883	252.32709679424977
0.0001	199			6.635678422312277	209609969.41448423					0.025196600006893277	3	18	209610228.30079928	252.25063662697107
0.0001	200			6.634945145583612	209539336.33386448					0.028355000002193265	3	19	209539595.14113343	252.17232380643466
0.0001	201			6.635791242593746	209467032.79365605					0.027479199998197146	3	20	209467291.52160314	252.09215584432795
0.0001	202			6.638333708489226	209393058.5704264					0.02604760001122486	3	21	209393317.21889254	252.0101324312951
0.0001	203			6.642692692825212	209317414.91461623					0.027379699997254647	3	22	209317673.48356378	251.9262548821408
0.0001	204			6.648991403365194	209240101.76343197					0.028161700000055134	3	23	209240360.25294644	251.84052307031757
0.0001	205			6.6573562114586	209161118.1397431					0.027337499996065162	3	24	209161376.55003512	251.75293582522528
0.0001	206			6.667916686991383	209080462.69146872					0.02609939999820199	3	25	209080721.02287695	251.66349154545497
0.0001	207			6.680805526800569	208998134.64857733					0.027393099997425452	3	26	208998392.90157214	251.57218926466925
0.0001	208			6.696158628737974	208914133.22703314					0.027830799997900613	3	27	208914391.40221974	251.47902799810424
0.0001	209			6.714115134570894	208828457.5539114					0.025661400009994395	3	28	208828715.65203318	251.38400666353868
0.0001	210			6.734817502658552	208741106.60626274					0.02898319999803789	3	29	208741364.62820426	251.28712401047449
0.0001	211			6.758411562174479	208652079.2950284					0.0284762000082992	3	30	208652337.24181864	251.18837870249627
0.0001	212			6.78504624030778	208561374.90857214					0.02869430001010187	3	31	208561632.7813882	251.0877698182335
0.0001	213			6.814873886020489	208468992.12212038					0.026697500012232922	3	32	208469249.92229	250.98529574833492
0.0001	214			6.8480505526406406	208374928.2795295					0.026451099998666905	3	33	208375186.00853345	250.8809533832797
0.0001	215			6.884735912588365	208279180.36501133					0.027215999987674877	3	34	208279438.02448648	250.77473922217288
0.0001	216			6.925093152209787	208181745.38220468					0.02782899999874644	3	35	208182002.9739476	250.66664979452574
0.0001	217			6.969287715220914	208082623.239788					0.027334300000802614	3	36	208082880.7657606	250.5566848705489
0.0001	218			7.017487583848925	207981815.25515082					0.02819929999532178	3	37	207982072.71748418	250.44484577541368
0.0001	219			7.069863811176654	207879323.3654637					0.026949399994919077	3	38	207879580.766462	250.331134478833
0.0001	220			7.1265887563020955	207775152.35428426					0.027091900003142655	3	39	207775409.69642913	250.21555611406063
0.0001	221			7.187835726516022	207669309.70579162					0.026992500002961606	3	40	207669566.99174616	250.09811880527303
0.0001	222			7.253778607745048	207561805.4247694					0.027508600003784522	3	41	207562062.65738147	249.97883347203333
0.0001	223			7.32459378327717	207452648.63984683					0.02631709999695886	3	42	207452905.82215068	249.85771006622733
0.0001	224			7.4004595189653255	207341849.05397427					0.02637400000821799	3	43	207342106.18919298	249.73475917841384
0.0001	225			7.481557771992012	207229414.0765399					0.028097099988372065	3	44	207229671.16808656	249.60998885944804
0.0001	226			7.5680736511330915	207115350.1280293					0.029185799998231232	3	45	207115607.179509	249.483406062267
0.0001	227			7.660196561984198	206999661.39255786					0.028888600005302578	3	46	206999918.40776968	249.35501526122988
0.0001	228			7.7581167809237765	206882354.41689637					0.0313977000041632	3	47	206882611.3998367	249.22482354747447
0.0001	229			7.862026185727454	206763436.18047163					0.0277734999981476	3	48	206763693.13533628	249.09283847351674
0.0001	230			7.972119882944418	206642912.77100432					0.027045900002121925	3	49	206643169.70219082	248.95906660214283
0.0001	231			8.088597427374916	206520788.63224					0.026115899992873892	3	50	206521045.5443501	248.8235126763322
0.0001	232			8.211658393075304	206397070.48786727					0.02749469999980647	3	51	206397327.3857096	248.6861839657893
0.0001	233			8.341505170026336	206271763.79894137					0.02655189999495633	3	52	206272020.68753287	248.547086333091
0.0001	234			8.47834424783808	206144872.13990605					0.026867699998547323	3	53	206145129.02447388	248.40622355080717
0.0001	235			8.622384820616169	206016398.74005103					0.02611169998999685	3	54	206016655.6260348	248.26359895525607
0.0001	236			8.773836954158666	205886348.42365152					0.027645200010738336	3	55	205886605.31670612	248.11921765610452
0.0001	237			8.932911875431603	205754727.63918746					0.02734839999175165	3	56	205754984.5451859	247.97308655157178
0.0001	238			9.099823579395249	205621542.82584777					0.0269280000065919	3	57	205621799.75088388	247.82521251927534
0.0001	239			9.274780445632388	205486806.67970988					0.02588139999716077	3	58	205487063.6300997	247.67560937754803
0.0001	240			9.457991212775507	205350532.56095225					0.02569680000306107	3	59	205350789.54323515	247.52429170312504
0.0001	241			9.649669856187964	205212730.39612707					0.026595600007567555	3	60	205212987.4170672	247.37127026705633
0.0001	242			9.850032143117021	205073409.68230325					0.028138099994976074	3	61	205073666.7488908	247.21655537759887
0.0001	243			10.059295783341954	204932579.3222587					0.028338300005998462	3	62	204932836.4417112	247.06015668949757
0.0001	244			10.277682050580024	204790246.53157905					0.027931100004934706	3	63	204790503.71134308	246.90208198696035
0.0001	245			10.505407793505848	204646422.176934					0.02711759999510832	3	64	204646679.42468488	246.7423431108344
0.0001	246			10.74268596035998	204501120.36163756					0.027689300011843443	3	65	204501377.685279	246.58095548126835
0.0001	247			10.989734218964921	204354353.4635635					0.026794200006406754	3	66	204354610.87123033	246.4179325966738
0.0001	248			11.246775489575894	204206131.69789496					0.02615459999651648	3	67	204206389.197956	246.25328555901072
0.0001	249			11.514025311220221	204056469.98457032					0.026581099999020807	3	68	204056727.58562633	246.08703071629643
0.0001	250			11.79170376063668	203905380.25347006					0.0269681999925524	3	69	203905637.964355	245.91918115913828
0.0001	251			12.080029440999205	203752875.60507435					0.027291299993521534	3	70	203753133.43485507	245.74975129602961
0.0001	252			13.188660305881818	205767503.94584206					0.0374947000091197	3	71	205767765.09643307	247.96193072640258
0.0001	253			408.5246035242542	203036017.60022107					0.03680950000125449	3	72	203036647.09451765	220.9696930634058
0.0001	254			148.3563684782556	185804917.63422155					0.03785839999909513	3	73	185805290.93082738	224.94023735326925
0.0001	255			169.8500519296899	184544098.46595788					0.037382399998023175	3	74	184544491.86666784	223.5506580248657
0.0001	256			1490.550821715928	530200579.31574476					0.03789160000451375	3	75	530202270.5764531	200.70988660528803
0.0001	257			1029.511761488498	187474186.63983387					0.038797899993369356	3	76	187475409.47057876	193.31898340499097
0.0001	258			17.221572750976947	202436435.02369344					0.036755599998286925	3	77	202436696.37742272	244.13215650709344
0.0001	259			37.78965594077781	198257359.5163207					0.03771779999078717	3	78	198257636.85535836	239.5493817071711
0.0001	260			279647.612302206	120209912529.0628					0.0387534999899799	3	79	120210203097.41794	10920.742823833667
0.0001	261			71982.90514593948	35336591501.2022					0.0397917999944184	3	80	35336674659.08733	11174.979987535173
	262	15469316726.753813	3192288.8225111193			0.35973449703773985	15.333706549818125	637530928422.7291	104616.29613580486	0.1434265999996569	3	72	1928086217768.275	
	263	15500950466.357117	3191554.9806725075			0.35963021746526286	15.331711299397364	637178816520.6733	104598.88366571745	0.13862159999553114	3	73	1927061511585.3342	
	264	15537414132.828732	3190819.786495601			0.3595430299743914	15.330142477694377	636848893843.9829	104578.72653549231	0.14248100000259	3	74	1926108202455.081	
	265	15584619083.571335	3190152.3854357866			0.359428850521923	15.327855966072716	636777550206.5995	104548.06341124607	0.14008470000408124	3	75	1925941369693.6018	
	266	15589545859.415333	3189888.3765442166			0.35930259542268184	15.325368392952189	636731980945.3645	104531.2339197291	0.1401731999940239	3	76	1925809585055.7834	
	267	15564217129.78492	3189855.766954467			0.3591704683550882	15.322787630526157	636690054646.2076	104518.12195972605	0.13907530000142287	3	77	1925658474773.629	
	268	15525202010.062553	3189970.2403957			0.3590353962720771	15.320168868689501	636650264411.1224	104506.72000676788	0.1393236000003526	3	78	1925500086782.6802	
	269	15484255960.643993	3190155.524403303			0.3588966995643324	15.317489343864679	636611359968.6433	104496.3782772608	0.14628290000837296	3	79	1925342425522.708	
	270	15448439634.606377	3190332.9122124705			0.3587518560524791	15.314683936854687	636571982877.3754	104486.23442940954	0.16686149999441113	3	80	1925188476071.4277	
	271	15420552966.00519	3190421.3755575838			0.3586010171031262	15.311732447543235	636530909458.9962	104474.80291965272	0.20368880000023637	3	81	1925037366949.791	
	272	15399530763.37021	3190404.8234647326			0.35844787295494085	15.308707663936731	636487803249.5577	104461.45695401709	0.19738559999677818	3	82	1924887023433.0344	
	273	15383356411.712729	3190303.573272905			0.35829469586455737	15.305665605638405	636442999697.4275	104447.51222223934	0.18500629998743534	3	83	1924736435534.7285	
	274	15370876146.979872	3190127.1947072563			0.3581435630581957	15.302657840292142	636396716350.4174	104429.3017216813	0.18909770000027493	3	84	1924585101410.4263	
	275	15361213184.960234	3189899.4319751854			0.3579868013491121	15.299490254147264	636349316022.8334	104410.80665153785	0.1714088000007905	3	85	1924433233538.8147	
	276	15353857734.558681	3189627.5438796664			0.35782631480166455	15.296210679076745	636301039392.6965	104392.93074403798	0.1822829000011552	3	86	1924281044350.8684	
	277	15348342468.738668	3189317.4831477683			0.3576634553083249	15.292853220844476	636251947821.9344	104368.39259737474	0.1711873000022024	3	87	1924128249155.0059	
	278	15344500307.150742	3188983.8358419635			0.357495664990046	15.289339215971276	636202163681.411	104334.49815565742	0.1714559999963967	3	88	1923975047459.2432	
	279	15342310877.628479	3188631.2375458926			0.35732443233395517	15.285710103393079	636152074065.0248	104304.91159449096	0.16665449998981785	3	89	1923822582910.581	
	280	15341717557.451876	3188262.5490472005			0.35715056487064184	15.281991585355257	636101644155.7025	104270.47414323984	0.1597366000059992	3	90	1923670692606.187	
	281	15342693266.272734	3187882.254891649			0.35697195519644587	15.278124310217512	636051120470.3986	104237.32157689607	0.15887920001114253	3	91	1923520090248.2144	
	282	15345079360.437517	3187502.1507947887			0.356789380112996	15.274147039768915	636000769159.0989	104210.49205464225	0.15598209999734536	3	92	1923371416662.3953	
0.0001	283			11704.11742324159	5430756573771.107					0.03272669999569189	4	1	5430756585479.766	4.541063474289762
0.0001	284			11701.025212717452	5430641119929.595					0.03143380000256002	4	2	5430641131635.153	4.533557315806149
0.0001	285			11698.67355047999	5430529381755.745					0.030544900000677444	4	3	5430529393458.946	4.527217877968293
0.0001	286			11696.545572983794	5430413033967.586					0.03214539999316912	4	4	5430413045668.653	4.521197927963472
0.0001	287			11694.52165273332	5430290299527.011					0.032255500002065673	4	5	5430290311226.048	4.515262582804876
0.0001	288			11692.554858746998	5430163083680.553					0.0316471999976784	4	6	5430163095377.617	4.509313775447607
0.0001	289			11690.616656471831	5430031713078.418					0.03549889998976141	4	7	5430031724773.537	4.50330073208794
0.0001	290			11688.658006430886	5429896630538.075					0.03568700001051184	4	8	5429896642231.23	4.497199347603231
0.0001	291			11686.661600923597	5429756826573.424					0.03384309999819379	4	9	5429756838264.576	4.491011127698618
0.0001	292			11684.627006941157	5429612329319.222					0.03359930000442546	4	10	5429612341008.333	4.484719353919468
0.0001	293			11682.553178735758	5429463777361.377					0.03049980000650976	4	11	5429463789048.408	4.478307468054515
0.0001	294			11680.448986124977	5429311363837.169					0.03482029998849612	4	12	5429311375522.09	4.471752495958452
0.0001	295			11678.317654771858	5429154555206.469					0.03285730000061449	4	13	5429154566889.251	4.465051374291377
0.0001	296			11676.136915685629	5428995100399.296					0.0315000999980839	4	14	5428995112079.891	4.458201753770036
0.0001	297			11673.756959269207	5428831345121.868					0.02930739999283105	4	15	5428831356800.076	4.4513864329360135
0.0001	298			11671.197518350498	5428662839491.244					0.029160899997805245	4	16	5428662851166.886	4.444585291919873
0.0001	299			11668.47025380653	5428489650486.439					0.030289700007415377	4	17	5428489662159.348	4.437782179380081
0.0001	300			11665.584737324765	5428311848906.954					0.03432479999901261	4	18	5428311860576.97	4.430964312815639
0.0001	301			11662.52047068513	5428131969746.327					0.03548170000431128	4	19	5428131981413.271	4.4241202057712865
0.0001	302			11659.477877005143	5427947674280.97					0.03578259999630973	4	20	5427947685944.864	4.417057203191444
0.0001	303			11656.450267648708	5427758880701.272					0.032538400002522394	4	21	5427758892362.133	4.409782437176506
0.0001	304			11653.431111732232	5427565629696.2					0.033426499998313375	4	22	5427565641354.033	4.402302202388393
0.0001	305			11650.41476909064	5427367960871.992					0.030168900004355237	4	23	5427367972526.802	4.394621689492649
0.0001	306			11647.396170478356	5427165910931.75					0.031143199987127446	4	24	5427165922583.533	4.386745928661909
0.0001	307			11644.371016531837	5426959513261.75					0.035925300006056204	4	25	5426959524910.5	4.378679496630923
0.0001	308			11641.331626035531	5426748805681.767					0.03273430000990629	4	26	5426748817327.469	4.370426594537734
0.0001	309			11638.26640690684	5426533842266.444					0.034200599999167025	4	27	5426533853909.073	4.3619911084183265
0.0001	310			11635.183936788919	5426314631383.522					0.032144299999345094	4	28	5426314643023.06	4.3533766559722835
0.0001	311			11632.081658569707	5426091200509.48					0.032599199999822304	4	29	5426091212145.907	4.34458748282412
0.0001	312			11628.931649219248	5425865603622.466					0.031161699997028336	4	30	5425865615255.733	4.335625323740611
0.0001	313			11625.577838691032	5425635831582.578					0.029834399989340454	4	31	5425635843212.483	4.326689409680473
0.0001	314			11622.03309894751	5425401497443.569					0.030765599993173964	4	32	5425401509069.92	4.317767586332536
0.0001	315			11618.310523939741	5425162663854.428					0.03028380000614561	4	33	5425162675477.047	4.308848329947941
0.0001	316			11614.415364951936	5424919700113.261					0.032702800002880394	4	34	5424919711731.976	4.299922154742413
0.0001	317			11610.523717498416	5424674205937.793					0.03222290000121575	4	35	5424674217552.607	4.2907815789426245
0.0001	318			11606.649400670494	5424424444543.398					0.029668600007425994	4	36	5424424456154.329	4.281433844871781
0.0001	319			11602.787271822817	5424170458535.978					0.03300100000342354	4	37	5424170470143.036	4.271885285641326
0.0001	320			11598.9324844974	5423912285736.598					0.032673800000338815	4	38	5423912297339.792	4.262142452639174
0.0001	321			11595.080748564524	5423649968399.026					0.03153260001272429	4	39	5423649979998.359	4.252211490404795
0.0001	322			11591.228283255043	5423383546788.903					0.03234540000266861	4	40	5423383558384.374	4.24209812195864
0.0001	323			11587.363318839132	5423113814233.206					0.029578700006823055	4	41	5423113825824.801	4.231808661412471
0.0001	324			11583.288841141946	5422840434689.915					0.032196800006204285	4	42	5422840446277.426	4.221560715616377
0.0001	325			11579.025600556122	5422562667985.717					0.03020490000199061	4	43	5422562679568.953	4.211343067631907
0.0001	326			11574.562365527634	5422282415722.994					0.031955400001606904	4	44	5422282427301.758	4.201145727256933
0.0001	327			11570.1260313604	5421998128713.871					0.029798400006256998	4	45	5421998140288.1875	4.1907405971857905
0.0001	328			11565.715077441817	5421709742614.978					0.035594100001617335	4	46	5421709754184.872	4.180136145659729
0.0001	329			11561.32444030092	5421417314031.903					0.03046080000058282	4	47	5421417325597.396	4.169340233515968
0.0001	330			11556.94912775231	5421120888647.01					0.031173800001852214	4	48	5421120900208.117	4.158360248975127
0.0001	331			11552.584391968185	5420820510789.087					0.02788160000636708	4	49	5420820522345.818	4.147202971215277
0.0001	332			11548.226090132715	5420516222695.772					0.03326809999998659	4	50	5420516234248.135	4.1358748518508905
0.0001	333			11543.860362410314	5420208981545.4375					0.03057130001252517	4	51	5420208993093.422	4.124381969734677
0.0001	334			11539.271295583729	5419898375800.28					0.030977999995229766	4	52	5419898387343.665	4.112962316845903
0.0001	335			11534.482989896438	5419583506392.786					0.029150400005164556	4	53	5419583517931.371	4.101603291696041
0.0001	336			11529.485522068957	5419265917769.117					0.030522899993229657	4	54	5419265929302.692	4.090293539076997
0.0001	337			11524.523194082465	5418944915771.51					0.03100829999311827	4	55	5418944927300.112	4.078784882700668
0.0001	338			11519.599034065008	5418620009929.671					0.030577800003811717	4	56	5418620021453.337	4.067086836014094
0.0001	339			11514.705993652913	5418291238322.48					0.02942859999893699	4	57	5418291249841.242	4.0552047153094914
0.0001	340			11509.840286735733	5417958662875.983					0.03267270000651479	4	58	5417958674389.866	4.043148287919627
0.0001	341			11504.995604046122	5417622333259.734					0.029969399998662993	4	59	5417622344768.761	4.030924409136877
0.0001	342			11500.164727970987	5417282385755.148					0.03550120000727475	4	60	5417282397259.332	4.018541927584943
0.0001	343			11495.093557948574	5416939791055.961					0.034996799993677996	4	61	5416939802555.061	4.006257035742902
0.0001	344			11489.803498430641	5416594011203.1045					0.03181650000624359	4	62	5416594022696.902	3.9940520655154894
0.0001	345			11484.555630041845	5416244738421.354					0.03004979999968782	4	63	5416244749909.891	3.981691451631685
0.0001	346			11479.345134327012	5415891775119.814					0.03442830000130925	4	64	5415891786603.128	3.969131180256768
0.0001	347			11474.165092974266	5415535173797.197					0.034027900008368306	4	65	5415535185275.318	3.9564104925166266
0.0001	348			11469.001428945816	5415175810281.52					0.03174150000268128	4	66	5415175821754.464	3.943535662612323
0.0001	349			11463.600688274046	5414812831253.581					0.03271400000085123	4	67	5414812842721.112	3.9307617841682108
0.0001	350			11457.966846597761	5414446898934.892					0.029754600007436238	4	68	5414446910396.776	3.9180656716416493
0.0001	351			11452.385353490645	5414077920903.81					0.03403989999787882	4	69	5414077932360.101	3.905193790951329
0.0001	352			11446.854572153678	5413705347786.652					0.03590550000080839	4	70	5413705359237.399	3.8921575696981345
0.0001	353			11446.173338395485	5420244736836.266					0.04593519998888951	4	71	5420244748286.618	4.179956861478916
0.0001	354			4900417.254419762	13474871946988.121					0.04148269999132026	4	72	13474876847818.305	412.93063140535156
0.0001	355			7685642.899253909	1380648897090.9036					0.04308149999997113	4	73	1380656583044.498	310.69540000812833
0.0001	356			15336755.814028623	27808545674752.64					0.043788599999970756	4	74	27808589264676.473	28253168.01959542
0.0001	357			7417928.527234059	2734595219358.7095					0.04399859999830369	4	75	2734605542746.5176	2905459.280786168
0.0001	358			10654700.53393062	27078874277482.53					0.040268700002343394	4	76	27078888348359.664	3416176.596865587
0.0001	359			4563873.045719247	1747326255929.5344					0.04362399999808986	4	77	1747330850142.74	30340.16000270376
0.0001	360			6036804.250295159	25043385510949.97					0.04526929999701679	4	78	25043391548152.69	398.4714908011346
0.0001	361			7306519.548611335	13320150098120.06					0.047021100006531924	4	79	13320157607209.771	202570.16145654727
0.0001	362			8679046.903056812	13278526099880.713					0.04752059999736957	4	80	13278534790201.47	11273.855980470598
	363	13425139289669.928	15348601099.51174			665379.4402783245	2789.8540625580445	3536362623662.8613	246291353.08166957	0.16106119999312796	4	72	24098967136160.953	
	364	13425139225244.906	15342202813.707357			665379.4720599477	2789.847783226529	3535083233273.1484	246293063.43266404	0.1753826000058325	4	73	24095122844357.484	
	365	13425139160823.938	15335869355.76498			665379.5038930638	2789.8415079423266	3533804528834.2827	246294774.25372067	0.17800260000512935	4	74	24091280675332.492	
	366	13425139096407.36	15329597320.4247			665379.5357444809	2789.8352338184036	3532526511286.0107	246296485.45255947	0.16807349999726284	4	75	24087440628481.83	
	367	13425139031995.328	15323392578.379005			665379.567597827	2789.828960203481	3531249178574.962	246298197.05933288	0.15859930000442546	4	76	24083602703522.27	
	368	13425138967588.656	15317262103.953			665379.5994450162	2789.8226865080032	3529972528916.3687	246299909.07014886	0.1567635999963386	4	77	24079766902073.86	
	369	13425138903187.342	15311216570.548603			665379.6312866476	2789.8164140105278	3528696559337.908	246301621.54910895	0.1493488999985857	4	78	24075933225905.86	
	370	13425138838790.887	15305055575.94668			665379.6631157078	2789.8101421247015	3527421268152.9746	246303334.4717532	0.15378349999082275	4	79	24072101469550.836	
	371	13425138774398.908	15298653958.914322			665379.6949455629	2789.8038722807605	3526146653135.9277	246305047.95169526	0.1498797999956878	4	80	24068271501192.973	
	372	13425138710011.455	15292272280.376383			665379.726774427	2789.7976042541236	3524872712617.089	246306762.01327536	0.15393000000040047	4	81	24064443576389.086	
	373	13425138645628.582	15285913217.896242			665379.7585967666	2789.791338837308	3523599443784.521	246308476.66965014	0.14797229999385308	4	82	24060617689383.6	
	374	13425138581250.334	15279575433.929329			665379.7904124935	2789.7850757285805	3522326845170.849	246310191.96272185	0.14575750000949483	4	83	24056793834445.29	
	375	13425138516876.68	15273258284.174597			665379.8222218902	2789.7788146731064	3521054915131.578	246311907.94425005	0.13999250000051688	4	84	24052972006006.67	
	376	13425138452507.633	15266962884.437675			665379.854024833	2789.7725555021066	3519783652211.7627	246313624.67091167	0.14191809999465477	4	85	24049152200830.07	
	377	13425138388142.932	15260686995.861927			665379.885821068	2789.766298032551	3518513054755.8926	246315342.23156282	0.13828790000115987	4	86	24045334411727.61	
	378	13425138323782.922	15254429662.421204			665379.9176114966	2789.7600420412045	3517243133512.083	246317055.93663925	0.14082369999960065	4	87	24041518669050.043	
	379	13425138259427.734	15248181999.175747			665379.949395817	2789.753787595247	3515973881691.126	246318767.41777927	0.1457187000050908	4	88	24037704943871.26	
	380	13425138195077.166	15241937525.553293			665379.9811667938	2789.7475341009263	3514705291245.8364	246320479.14746907	0.13855499999772292	4	89	24033893206063.43	
	381	13425138130731.273	15235709213.129292			665380.0129256601	2789.7412798781356	3513437361965.3486	246322191.2289939	0.14662790000147652	4	90	24030083467986.246	
	382	13425138066390.09	15229496504.415434			665380.0446730609	2789.7350140646586	3512170102622.2583	246323904.34000713	0.13792790001025423	4	91	24026275755535.57	
	383	13425138002053.594	15223298887.11062			665380.0764095356	2789.728749261544	3510903499249.747	246325617.7078581	0.1385018000000855	4	92	24022470026144.086	
0.0001	384			2500000.0	1752087900107.886					0.02930239999841433	5	1	1752090400418.897	311.0110579818901
0.0001	385			2499981.92453562	1752058258126.3018					0.027401200000895187	5	2	1752060758419.2126	310.9864356906359
0.0001	386			2499972.149011558	1752020726738.1704					0.028775500002666377	5	3	1752023227021.2942	310.9747540073956
0.0001	387			2499965.4268858377	1751990716386.6152					0.02933370000391733	5	4	1751993216663.0078	310.9654666543333
0.0001	388			2499955.7359265117	1751956803425.7085					0.027612899997620843	5	5	1751959303692.3975	310.95321052044665
0.0001	389			2499943.1519447067	1751922950024.3604					0.027309600001899526	5	6	1751925450278.451	310.9386748677629
0.0001	390			2499928.880344407	1751886795593.4197					0.026219599996693432	5	7	1751889295833.2222	310.92220298526337
0.0001	391			2499912.928180484	1751847547470.1814					0.027070399999502115	5	8	1751850047694.0137	310.9040981199378
0.0001	392			2499895.47756675	1751805509509.9958					0.029088700001011603	5	9	1751808009716.358	310.88444016806795
0.0001	393			2499876.734275445	1751762942066.8857					0.027163900012965314	5	10	1751765442254.4836	310.86349357506316
0.0001	394			2499857.103073427	1751719094531.533					0.028553800002555363	5	11	1751721594699.4773	310.84122776573463
0.0001	395			2499836.44028772	1751672171519.059					0.027807899998151697	5	12	1751674671666.3171	310.817813874103
0.0001	396			2499817.0094675077	1751625285963.395					0.02756079999380745	5	13	1751627786091.1953	310.79070167373175
0.0001	397			2499798.3056330835	1751577246759.2678					0.027159200006281026	5	14	1751579746868.3374	310.76401023035953
0.0001	398			2499780.296488857	1751529952225.9011					0.02915220000431873	5	15	1751532452316.9377	310.74025201601415
0.0001	399			2499762.782676563	1751479516738.0154					0.02865399999427609	5	16	1751482016811.5037	310.7054652460811
0.0001	400			2499745.5805032174	1751425794115.216					0.028381900003296323	5	17	1751428294171.4707	310.67412679942004
0.0001	401			2499728.7973488	1751372404103.7153					0.030299500009277835	5	18	1751374904143.154	310.64145200233594
0.0001	402			2499712.5250840797	1751317425298.3823					0.029308400000445545	5	19	1751319925321.5151	310.60756025378134
0.0001	403			2499696.3636536268	1751260711010.5613					0.02881580000394024	5	20	1751263211017.4976	310.57247234138015
0.0001	404			2499680.3136119507	1751203382475.5796					0.028128199992352165	5	21	1751205882466.4297	310.53636731743745
0.0001	405			2499664.5792046306	1751144692905.4143					0.034926000007544644	5	22	1751147192880.4895	310.49610185774867
0.0001	406			2499649.07688512	1751084676801.765					0.02960900000471156	5	23	1751087176761.2947	310.4528661425123
0.0001	407			2499631.5674923477	1751022907866.2463					0.028117900001234375	5	24	1751025407808.2234	310.40956092052244
0.0001	408			2499612.1020117914	1750960135438.5396					0.02717549999943003	5	25	1750962635361.0076	310.3660259601839
0.0001	409			2499591.038173143	1750895350169.4421					0.0276062000048114	5	26	1750897850070.8027	310.3224508543081
0.0001	410			2499570.1107457513	1750830598363.2644					0.02644269999291282	5	27	1750833098243.6536	310.2783250606672
0.0001	411			2499549.4924433446	1750764271165.553					0.02691699999559205	5	28	1750766771025.2788	310.23350649036416
0.0001	412			2499529.0737790945	1750696886700.882					0.02646979999553878	5	29	1750699386540.1445	310.18868142533205
0.0001	413			2499508.372893778	1750628788281.5122					0.027602699992712587	5	30	1750631288100.0286	310.14351349623047
0.0001	414			2499487.6377541544	1750557255522.9377					0.027817800000775605	5	31	1750559755320.6736	310.09807008797947
0.0001	415			2499466.9811500045	1750486390841.6482					0.028325799998128787	5	32	1750488890618.73	310.1006156973485
0.0001	416			2499446.4499064493	1750413077801.7532					0.027565800002776086	5	33	1750415577558.2393	310.0360371640586
0.0001	417			2499426.3150402126	1750336746685.8362					0.029394700002740137	5	34	1750339246422.1035	309.95228401151206
0.0001	418			2499406.311334549	1750263744446.4885					0.02747419998922851	5	35	1750266244162.6487	309.8488325127773
0.0001	419			2499386.92068365	1750188673790.9082					0.02795940000214614	5	36	1750191173487.571	309.74216980921597
0.0001	420			2499367.0352692436	1750111114476.4062					0.02908329998899717	5	37	1750113614153.0989	309.6573817624285
0.0001	421			2499346.437648324	1750030434092.0032					0.028142399998614565	5	38	1750032933747.713	309.271994062625
0.0001	422			2499323.999145455	1749952925028.9556					0.027555300010135397	5	39	1749955424661.9949	309.0403697561797
0.0001	423			2499300.2293090066	1749872368066.828					0.027832399995531887	5	40	1749874867676.2083	309.15122597698087
0.0001	424			2499275.4965685545	1749787398545.0442					0.028825799992773682	5	41	1749789898129.6958	309.1550251773986
0.0001	425			2499250.425996383	1749700681356.919					0.0271296999999322	5	42	1749703180916.5117	309.16677610685196
0.0001	426			2499224.5837990576	1749615487636.8308					0.027626900002360344	5	43	1749617987170.491	309.076315415286
0.0001	427			2499197.985367854	1749527517195.351					0.026848199995583855	5	44	1749530016702.2268	308.8903831720521
0.0001	428			2499170.93872249	1749437514195.7747					0.027438100005383603	5	45	1749440013675.3293	308.615927648989
0.0001	429			2499143.3109062947	1749344843708.142					0.02664270000241231	5	46	1749347343159.7385	308.2857060756198
0.0001	430			2499113.3802994387	1749255759572.7375					0.029246499994769692	5	47	1749258258994.5562	308.43830251492705
0.0001	431			2499083.282064042	1749161906080.2727					0.028670800005784258	5	48	1749164405472.0237	308.46908638364516
0.0001	432			2499051.6326968507	1749064147400.634					0.027707599991117604	5	49	1749066646760.7183	308.4513441722929
0.0001	433			2499018.803769921	1748972632890.3818					0.02813130000140518	5	50	1748975132217.571	308.3855785074046
0.0001	434			2498987.0653583566	1748879675172.032					0.026830500006326474	5	51	1748882174467.2954	308.19806263911494
0.0001	435			2498955.4735013666	1748782913172.5608					0.026753099999041297	5	52	1748785412436.0251	307.9910295019164
0.0001	436			2498923.9564302065	1748682499378.118					0.026156399995670654	5	53	1748684998609.8416	307.76705335901215
0.0001	437			2498892.7141339094	1748578917343.1287					0.026893000002019107	5	54	1748581416543.3608	307.518027016682
0.0001	438			2498863.261721778	1748474807822.1794					0.02920970000559464	5	55	1748477306992.9807	307.5395077805197
0.0001	439			2498833.680201768	1748374650298.3823					0.028502800007117912	5	56	1748377149439.6504	307.58783937225877
0.0001	440			2498803.768854969	1748275862346.926					0.030240599997341633	5	57	1748278361458.3677	307.67279203640135
0.0001	441			2498773.5158098983	1748171848183.3064					0.027744799997890368	5	58	1748174347264.6125	307.7903890426572
0.0001	442			2498742.914187848	1748061887703.7842					0.029332699996302836	5	59	1748064386754.637	307.93839366870037
0.0001	443			2498711.7577147195	1747952007730.4473					0.02862029999960214	5	60	1747954506750.158	307.9527681413611
0.0001	444			2498679.7839377406	1747846398929.3604					0.02988099999492988	5	61	1747848897916.9885	307.8442307146438
0.0001	445			2498647.056718424	1747739768679.9814					0.028169799988972954	5	62	1747742267634.6616	307.6234632090519
0.0001	446			2498613.563344349	1747629965540.8086					0.02840949999517761	5	63	1747632464461.6726	307.30066399325233
0.0001	447			2498579.3172964677	1747517159968.8752					0.028133299987530336	5	64	1747519658855.076	306.8832488499828
0.0001	448			2498544.523823326	1747402376401.5796					0.026800199993886054	5	65	1747404875252.4854	306.38174284033727
0.0001	449			2498509.985834088	1747285695116.015					0.02638979999755975	5	66	1747288193932.4531	306.4523843245661
0.0001	450			2498475.9579791185	1747172578842.846					0.025177200004691258	5	67	1747175077625.319	306.5151794478046
0.0001	451			2498439.853938829	1747058062042.7747					0.027999800004181452	5	68	1747060560789.1382	306.5096154881078
0.0001	452			2498403.555938744	1746939139148.1797					0.029037200001766905	5	69	1746941637858.1091	306.3734141169636
0.0001	453			2498365.647253825	1746816721270.9448					0.027999099998851307	5	70	1746819219942.7607	306.16873631399744
0.0001	454			2498345.613755999	1748527364210.9563					0.03755910000472795	5	71	1748529862865.4158	308.8455867487124
0.0001	455			2498216.6933919964	1747700826486.7297					0.036937899989425205	5	72	1747703325013.7283	310.30517239613636
0.0001	456			2498080.1775560877	1746844908425.1938					0.03676840000844095	5	73	1746847406816.3162	310.94487226761146
0.0001	457			2497936.1710718437	1745869553707.929					0.03460149999591522	5	74	1745872051955.6455	311.5454599733127
0.0001	458			2497763.7721678335	1744624983126.0981					0.038932700001168996	5	75	1744627481201.1772	311.30683549091736
0.0001	459			2497575.6398485675	1743069337200.878					0.036597700003767386	5	76	1743071835087.6072	311.0893889703687
0.0001	460			2488386.8759179525	1711427154897.958					0.036820000008447096	5	77	1711429643594.5847	309.7506207590157
0.0001	461			2487802.577538367	1693797616335.4778					0.03737609999370761	5	78	1693800104447.7083	309.6529424310969
0.0001	462			2485098.7554933443	1685486489740.7546					0.03836510000110138	5	79	1685488975149.1018	309.5915406365286
0.0001	463			2473386.2684946856	1649151219136.6362					0.04059569998935331	5	80	1649153692832.4055	309.5008509299081
	464	1533378415797.185	13425137937721.795			326895.71905688604	3468.4521403738577	1885691631610.1682	162306126.81214368	0.13730069999292027	5	72	20648117887540.246	
	465	1533370603677.2017	13425137878606.986			326895.7233324426	3468.4545738295124	1885451228932.169	162306124.20833433	0.1431486999936169	5	73	20647388807751.57	
	466	1533362816273.2847	13425137819492.209			326895.7275972826	3468.457006369923	1885210950964.3557	162306121.60847986	0.1400757999945199	5	74	20646660126810.348	
	467	1533355048882.058	13425137760377.467			326895.7318482351	3468.459436604606	1884970798986.8638	162306119.00974986	0.1445671000110451	5	75	20645931843853.03	
	468	1533347304244.9868	13425137701262.732			326895.73608304234	3468.4618639532487	1884730771743.171	162306116.41408527	0.13472009998804424	5	76	20645203957851.883	
	469	1533339578712.591	13425137642148.01			326895.74030399375	3468.4642895871	1884490870207.7869	162306113.82154143	0.13866309999139048	5	77	20644476468080.973	
	470	1533331880578.0706	13425137583033.316			326895.7445204845	3468.4667145870912	1884251091390.9546	162306111.2332713	0.13658849999774247	5	78	20643749373864.477	
	471	1533324207092.3882	13425137523918.674			326895.74872885685	3468.469138030128	1884011435976.5889	162306108.6483081	0.13672249999945052	5	79	20643022674504.93	
	472	1533316554714.6826	13425137464804.03			326895.75292739685	3468.4715591200766	1883771904934.6484	162306106.0666904	0.13897289999295026	5	80	20642296369371.297	
	473	1533308921515.4004	13425137405689.396			326895.75711623655	3468.4739783421846	1883532498735.6294	162306103.4882896	0.13890109999920242	5	81	20641570457945.508	
	474	1533301313751.3186	13425137346574.797			326895.76129443845	3468.476394813035	1883293215083.4033	162306100.912038	0.13766029999533202	5	82	20640844939595.758	
	475	1533293728232.6902	13425137287460.244			326895.7654642948	3468.478809160183	1883054054830.0234	162306098.33813098	0.13449679999030195	5	83	20640119813688.516	
	476	1533286163115.8113	13425137228345.684			326895.76962759614	3468.48122184319	1882815018431.7854	162306095.76674017	0.13997559998824727	5	84	20639395079748.938	
	477	1533278617108.2297	13425137169231.148			326895.77378422004	3468.483633080743	1882576106196.7085	162306093.1979434	0.13735090001136996	5	85	20638670737408.688	
	478	1533271086210.6484	13425137110116.635			326895.7779320171	3468.4860425495817	1882337319353.7725	162306090.6314241	0.1387276000023121	5	86	20637946786355.332	
	479	1533263524227.0044	13425137051002.15			326895.7820618025	3468.4884490831964	1882098658075.4937	162306088.06716552	0.13798169999790844	5	87	20637223180910.367	
	480	1533255777327.5312	13425136991887.705			326895.7861636938	3468.4908518223565	1881860118138.0396	162306085.50572833	0.1396383999963291	5	88	20636499754572.64	
	481	1533248042536.1018	13425136932773.271			326895.79024186864	3468.493251365665	1881621700100.2222	162306082.94717276	0.13707529999373946	5	89	20635776706042.453	
	482	1533240321665.9087	13425136873658.842			326895.79430058476	3468.495648153503	1881383403610.2244	162306080.391716	0.13832659999025054	5	90	20635054036077.582	
	483	1533232619386.0647	13425136814544.447			326895.7983518049	3468.498043791048	1881145227277.6653	162306077.84060347	0.1369437000103062	5	91	20634331745176.28	
	484	1533224935821.594	13425136755430.094			326895.8024005565	3468.500438848712	1880907171167.0437	162306075.29411674	0.14113669999642298	5	92	20633609833657.125	
0.0001	485			2330497.941868049	2492632284557.2954					0.026585600004182197	6	1	2492634615539.3174	484.08001629882216
0.0001	486			2330511.629020421	2492523905505.4985					0.026448499993421137	6	2	2492526236501.2207	484.0933215849957
0.0001	487			2330515.697428058	2492418688912.9575					0.025258499998017214	6	3	2492421019912.7544	484.0996999586226
0.0001	488			2330514.8591693514	2492310315671.241					0.026151400001253933	6	4	2492312646670.204	484.10332328858414
0.0001	489			2330510.6481820373	2492197633030.429					0.02650819999689702	6	5	2492199964025.183	484.1060974214367
0.0001	490			2330503.9656775035	2492080504777.7495					0.025345699992612936	6	6	2492082835765.8247	484.1095052141717
0.0001	491			2330495.3281376953	2491958990094.3496					0.02495519998774398	6	7	2491961321073.79	484.11237106297995
0.0001	492			2330485.0604291377	2491833121235.9185					0.024863900005584583	6	8	2491835452205.0938	484.1145792674931
0.0001	493			2330473.402078294	2491703046776.288					0.028690799998003058	6	9	2491705377733.8076	484.1177920335318
0.0001	494			2330460.445129752	2491568892555.3955					0.026109700003871694	6	10	2491571223499.9604	484.1197955611514
0.0001	495			2330446.2799568707	2491430550210.6265					0.02596459999040235	6	11	2491432881140.8804	483.9738947069443
0.0001	496			2330430.8008161723	2491288655658.59					0.02605419998872094	6	12	2491290986573.531	484.140157702774
0.0001	497			2330414.073343249	2491142888170.0986					0.025590800010832027	6	13	2491145219068.488	484.3157144647539
0.0001	498			2330396.4317968446	2490993248302.6675					0.02461310000217054	6	14	2490995579183.542	484.4426285406497
0.0001	499			2330377.800548675	2490839779333.058					0.024654099994222634	6	15	2490842110195.378	484.5191829567497
0.0001	500			2330358.353890092	2490682553367.8706					0.02488499999162741	6	16	2490684884210.8223	484.5975613025102
0.0001	501			2330338.1267565466	2490521616193.7114					0.02542890000040643	6	17	2490523947016.516	484.67765040012415
0.0001	502			2330317.1628418	2490356995807.2095					0.025362400003359653	6	18	2490359326609.132	484.75946330757705
0.0001	503			2330295.4950621887	2490188712939.151					0.027562800009036437	6	19	2490191043719.4893	484.84301972711717
0.0001	504			2330273.1704629464	2490016757939.8047					0.025556700013112277	6	20	2490019088697.884	484.9084530252515
0.0001	505			2330249.9595139963	2489841119760.4487					0.02516950000426732	6	21	2489843450495.343	484.93452061471834
0.0001	506			2330226.125837819	2489661867621.4907					0.024289699998917058	6	22	2489664198332.5767	484.96017324552207
0.0001	507			2330201.6812710376	2489479022826.6772					0.024725000010221265	6	23	2489481353513.3438	484.98546729063406
0.0001	508			2330176.632069844	2489292603296.686					0.02584529999876395	6	24	2489294933958.328	485.0103035779179
0.0001	509			2330151.054475963	2489102618880.036					0.023985399995581247	6	25	2489104949516.1255	485.0346331440549
0.0001	510			2330124.950791657	2488909080649.4277					0.02492649998748675	6	26	2488911411259.437	485.05854561233525
0.0001	511			2330098.327046648	2488711984735.036					0.02471309999236837	6	27	2488714315318.4453	485.08210228084255
0.0001	512			2330071.201631173	2488511356009.8745					0.030212500001653098	6	28	2488513686566.1816	485.10524891865026
0.0001	513			2330043.5806541885	2488307199208.9585					0.03210279998893384	6	29	2488309529737.667	485.1281048507545
0.0001	514			2330015.4756001947	2488099525709.8887					0.028024999992339872	6	30	2488101856210.515	485.1507535581557
0.0001	515			2329986.8977125227	2487888333415.0103					0.02500500000314787	6	31	2487890663887.081	485.17304384785155
0.0001	516			2329957.8666723953	2487673633680.7847					0.028642500008572824	6	32	2487675964123.846	485.19494082814276
0.0001	517			2329928.382740292	2487455435822.9375					0.027067099988926202	6	33	2487457766236.537	485.2166874088037
0.0001	518			2329898.7466401476	2487234118039.0356					0.026786800008267164	6	34	2487236448423.0205	485.23830514793593
0.0001	519			2329868.3419426074	2487009454396.7407					0.02528780000284314	6	35	2487011784750.3545	485.27215904028344
0.0001	520			2329837.0796064525	2486781291034.7935					0.023803800009773113	6	36	2486783621357.191	485.3177396810058
0.0001	521			2329805.200356509	2486549639332.1406					0.02498129999730736	6	37	2486551969622.708	485.36718048878737
0.0001	522			2329772.7189610507	2486314511123.292					0.022834299990790896	6	38	2486316841381.4307	485.42012621809334
0.0001	523			2329739.6490827724	2486075917239.913					0.026518300001043826	6	39	2486078247465.039	485.47684566628675
0.0001	524			2329705.9981734175	2485833862324.4					0.025030100005096756	6	40	2485836192515.9346	485.536831574908
0.0001	525			2329671.797717391	2485588364761.454					0.024336799993761815	6	41	2485590694918.8516	485.59979575420493
0.0001	526			2329637.0470186295	2485339442865.323					0.027202600002055988	6	42	2485341772988.0356	485.6655081346411
0.0001	527			2329601.764238628	2485087106537.188					0.025169299988192506	6	43	2485089436624.686	485.73379830139044
0.0001	528			2329565.9615782555	2484831368095.3623					0.02632869999797549	6	44	2484833698147.1284	485.8044919600247
0.0001	529			2329529.6457195925	2484572236000.1245					0.023262599992449395	6	45	2484574566015.6475	485.8773768817066
0.0001	530			2329492.8499259	2484309723032.645					0.025010500001371838	6	46	2484312053011.4473	485.95203643646346
0.0001	531			2329455.579600107	2484043844751.714					0.028023399994708598	6	47	2484046174693.322	486.02824319239875
0.0001	532			2329417.8330485174	2483774612645.9385					0.02509219999774359	6	48	2483776942549.877	486.1053422427909
0.0001	533			2329379.6292842957	2483502043220.9253					0.025770500011276454	6	49	2483504373086.74	486.1857455958182
0.0001	534			2329340.983485954	2483226148894.3438					0.025028000003658235	6	50	2483228478721.5947	486.2675612519167
0.0001	535			2329301.796030515	2482946944744.1533					0.025030400007381104	6	51	2482949274532.3	486.35046242159166
0.0001	536			2329262.305330192	2482664682012.705					0.025350299998535775	6	52	2482667011761.441	486.43068169404023
0.0001	537			2329222.653319761	2482379086887.967					0.025572800004738383	6	53	2482381416597.1284	486.508114170977
0.0001	538			2329182.6735343295	2482090173048.9243					0.02690759999677539	6	54	2482092502718.181	486.58337829783153
0.0001	539			2329142.3595479685	2481797945879.4443					0.0285954999999376	6	55	2481800275508.4604	486.6567867914152
0.0001	540			2329101.698642087	2481502434636.8325					0.02454549999674782	6	56	2481504764225.26	486.728434678641
0.0001	541			2329060.698015517	2481203636264.4785					0.02443679999851156	6	57	2481205965811.975	486.79813423692093
0.0001	542			2329019.504967159	2480901542175.9805					0.03366200000164099	6	58	2480903871682.3525	486.86703835997656
0.0001	543			2328978.015581972	2480596350526.92					0.02804019999166485	6	59	2480598679991.87	486.9347726278263
0.0001	544			2328936.0800644425	2480287984116.5596					0.03062770000542514	6	60	2480290313539.6445	487.00489813185436
0.0001	545			2328893.7485940447	2479976370479.6216					0.02605240000411868	6	61	2479978699860.4473	487.07693230121333
0.0001	546			2328851.0438696863	2479661541949.418					0.028543899999931455	6	62	2479663871287.6123	487.15040604413076
0.0001	547			2328807.9848308056	2479343518009.2163					0.02717270000721328	6	63	2479345847304.426	487.2248303670709
0.0001	548			2328764.598846643	2479022320514.993					0.03027860001020599	6	64	2479024649766.892	487.3000597748677
0.0001	549			2328720.885754226	2478697966097.6406					0.033419799990952015	6	65	2478700295305.9023	487.3758522559064
0.0001	550			2328676.8348460845	2478370463552.8525					0.029903300004662015	6	66	2478372792717.1396	487.4523307803859
0.0001	551			2328632.4434069297	2478039828730.255					0.03197709999221843	6	67	2478042157850.2275	487.52954095482517
0.0001	552			2328587.70897803	2477706078279.3804					0.03061270000762306	6	68	2477708407354.697	487.6074852149921
0.0001	553			2328542.6650341917	2477369228603.547					0.03806859999895096	6	69	2477371557633.8975	487.68575520581663
0.0001	554			2328497.3390153768	2477029282763.3066					0.03115540000726469	6	70	2477031611748.4097	487.76397799266806
0.0001	555			2328454.667216807	2482455475651.4014					0.046011800004635006	6	71	2482457804592.405	486.33636151216905
0.0001	556			2316272.96920069	2377166152512.5737					0.045179300010204315	6	72	2377168469423.869	638.326006472377
0.0001	557			2281949.235040299	3579494105177.5815					0.04241140000522137	6	73	3579496389338.449	2211.6330117584043
0.0001	558			2289275.853706367	2576682318648.776					0.04457450000336394	6	74	2576684609829.961	1905.3314031719526
0.0001	559			2335611.7290991587	2526083810078.59					0.038569800002733245	6	75	2526086146237.2275	546.908873391849
0.0001	560			2334012.887997341	2512879409081.2134					0.05041029999847524	6	76	2512881743599.823	505.7215667481919
0.0001	561			2331852.7935632425	2502006308897.2686					0.04936439999437425	6	77	2502008641241.8	491.73764075261977
0.0001	562			2304164.473697853	2672916738336.1284					0.04681310000887606	6	78	2672919043052.2114	551.6094725243923
0.0001	563			2314659.6918604574	2517966629135.7773					0.04750960000092164	6	79	2517968944316.5444	521.0749726397341
0.0001	564			2321876.5227290494	2536942511138.692					0.052583000011509284	6	80	2536944833659.7886	644.5738111348625
	565	2503922224570.3413	1533217276380.1953			15.884098605907258	2.587500947679967	2038870024149.8662	313290.8304689623	0.16204160000779666	6	72	10153812234768.924	
	566	2489093840409.3857	1533195404570.7144			15.847461261800927	2.580526459943198	2028229366444.2517	312404.5838660044	0.1414855000039097	6	73	10107039828424.926	
	567	2474328638872.2666	1533173577583.4148			15.811089319795453	2.5735712002111155	2017638731728.7966	311300.4141039202	0.14488459999847692	6	74	10060480674912.846	
	568	2459622365217.219	1533153265491.0867			15.774741795420992	2.5666304621724016	2007100353345.6646	310049.1434453645	0.14379050000570714	6	75	10014138703754.604	
	569	2444973242361.1396	1533134068636.0674			15.738681534160428	2.5597007151340643	1996616195873.3901	308882.54200440727	0.17284090000612196	6	76	9968017678299.111	
	570	2430380223323.625	1533114486596.4062			15.703144610735658	2.5527896551551845	1986186290865.928	307769.06254327233	0.14845369999238756	6	77	9922115139496.48	
	571	2415841603294.7065	1533094957703.3718			15.667696701822635	2.54589621370145	1975809230259.768	306417.1643835293	0.15675510000437498	6	78	9876425538369.258	
	572	2401356314512.2495	1533076207444.1323			15.63186289258573	2.5390197465988265	1965486822258.8977	305108.7098008865	0.15233890000672545	6	79	9830954013626.797	
	573	2386927070424.897	1533058070754.1982			15.59615339752556	2.532152073469902	1955218511433.426	303863.50897246157	0.14758880001318175	6	80	9785701451325.719	
	574	2372553476943.496	1533040435863.9395			15.560489437151864	2.5252998375441895	1945004282754.4883	302671.8056946288	0.15029399999184534	6	81	9740667298569.39	
	575	2358235767238.728	1533023207725.2974			15.525155148228134	2.518459046073554	1934843288164.5708	301349.3285725313	0.14476399999693967	6	82	9695849112453.668	
	576	2343973106127.1353	1533006318310.9153			15.489732287905023	2.5116343759043183	1924738779668.064	300073.86192382075	0.13769250000768807	6	83	9651255781337.69	
	577	2329765728102.292	1532989723041.2952			15.454621698594467	2.5048250902555087	1910944733401.1265	298790.5314251314	0.13884210000105668	6	84	9595649412569.223	
	578	2316762038758.0303	1532972704607.538			15.422860119773258	2.4984381310434642	1891139737726.729	297441.4116580564	0.13519029998860788	6	85	9523213447937.645	
	579	2304647708077.6665	1532955372305.9634			15.393625569563616	2.4923540230071843	1872269390509.5264	295963.68733723654	0.14279719999467488	6	86	9454470447753.324	
	580	2293183428005.0405	1532937829506.7637			15.36617932187385	2.4864874042067555	1854684734076.3506	294370.65960760403	0.14768609999737237	6	87	9390234336970.879	
	581	2282156854421.1123	1532920256659.617			15.339551043340135	2.48075776484676	1838522795357.532	292732.7916421946	0.14377510000485927	6	88	9330704046804.371	
	582	2271349182205.889	1532902797175.659			15.31333801341458	2.475083870029161	1823797256330.0044	291120.2583747318	0.15554639999754727	6	89	9275701975510.654	
	583	2260596783295.8623	1532885419203.8877			15.287139997452957	2.4694103861673287	1810414888882.0657	289619.78393564513	0.15605919998779427	6	90	9224784796184.857	
	584	2249762004647.1533	1532865382634.0151			15.260808115709636	2.463690002912555	1798177014964.9917	288216.0475117647	0.16412560000026133	6	91	9177216078462.443	
	585	2238763328700.329	1532846401085.8645			15.234151711814174	2.4578975386827944	1786901368104.1577	286895.88424784713	0.17750469999737106	6	92	9132371216346.926	
0.0001	586			2334789.38563681	31513022357159.234					0.036769500002264977	7	1	31513024833420.1	141471.4814074912
0.0001	587			2334787.1508665024	31509190025259.95					0.03193849998933729	7	2	31509192501518.53	141471.42931496524
0.0001	588			2334778.475372896	31505710376573.74					0.0285987999959616	7	3	31505712852823.598	141471.3815225444
0.0001	589			2334766.1417437214	31502257630761.844					0.03004230000078678	7	4	31502260106999.316	141471.33377295596
0.0001	590			2334751.218408837	31498752051240.74					0.03428019999410026	7	5	31498754527463.242	141471.28517199817
0.0001	591			2334734.3103592345	31495163501344.73					0.0357168000045931	7	6	31495165977550.273	141471.2352812388
0.0001	592			2334715.834584867	31491478590567.72					0.03316340000310447	7	7	31491481066754.74	141471.1839726388
0.0001	593			2334696.0035710344	31487692056333.355					0.0317570000042906	7	8	31487694532500.492	141471.13116290967
0.0001	594			2334674.83377629	31483801882918.945					0.02997279999544844	7	9	31483804359064.855	141471.07685157118
0.0001	595			2334652.481061201	31479806905939.848					0.03100790000462439	7	10	31479809382063.348	141471.02100711898
0.0001	596			2334629.0700981766	31475706733821.113					0.031956099992385134	7	11	31475709209921.15	141470.96365713005
0.0001	597			2334604.580095081	31471501420088.297					0.03205520000483375	7	12	31471503896163.785	141470.9047368263
0.0001	598			2334579.157303607	31467191265410.73					0.033479999998235144	7	13	31467193741460.73	141470.84424227112
0.0001	599			2334552.8186909175	31462776724046.21					0.030610100002377294	7	14	31462779200069.812	141470.7821784191
0.0001	600			2334525.646116338	31458258342998.926					0.03707659999781754	7	15	31458260818995.29	141470.71857028455
0.0001	601			2334497.563287573	31453636720843.348					0.036165400000754744	7	16	31453639196811.562	141470.6534134449
0.0001	602			2334468.590198531	31448912500596.965					0.03679339999507647	7	17	31448914976536.14	141470.58665876585
0.0001	603			2334438.746937675	31444086362835.402					0.029848599995602854	7	18	31444088838744.668	141470.5183128799
0.0001	604			2334407.99069753	31439158987883.625					0.029707800000323914	7	19	31439161463762.066	141470.44842017913
0.0001	605			2334376.3372794027	31434131066761.297					0.02907069999491796	7	20	31434133542608.01	141470.3769691206
0.0001	606			2334343.8570142062	31429003333847.79					0.029199900003732182	7	21	31429005809661.95	141470.30398158368
0.0001	607			2334310.5607735715	31423776515743.17					0.03338920000533108	7	22	31423778991523.965	141470.22944058955
0.0001	608			2334276.459572142	31418451343421.996					0.03344269999070093	7	23	31418453819168.61	141470.15335323798
0.0001	609			2334241.5634450302	31413028561412.7					0.0475323999999091	7	24	31413031037124.336	141470.07572355238
0.0001	610			2334205.8815218774	31407508928301.625					0.035614199994597584	7	25	31407511403977.504	141469.99655572837
0.0001	611			2334169.4222605918	31401893215313.355					0.03085720000672154	7	26	31401895690952.69	141469.91585417444
0.0001	612			2334132.193696461	31396182209102.49					0.03180919999431353	7	27	31396184684704.516	141469.83362325543
0.0001	613			2334094.204245492	31390376708168.516					0.029546499994467013	7	28	31390379183732.47	141469.7498605093
0.0001	614			2334055.4609837355	31384477515811.56					0.02933669999765698	7	29	31384479991336.684	141469.66456389238
0.0001	615			2334015.9730134886	31378485413177.76					0.029764199993223883	7	30	31378487888663.312	141469.57775941244
0.0001	616			2333975.7447920362	31372401257323.652					0.02702290000161156	7	31	31372403732768.887	141469.48943343828
0.0001	617			2333934.7807499715	31366225884992.953					0.027728700006264262	7	32	31366228360397.133	141469.39955726077
0.0001	618			2333893.0910410685	31359960146575.76					0.029533399996580556	7	33	31359962621938.16	141469.308185948
0.0001	619			2333850.6801468814	31353604950357.477					0.028181799993035384	7	34	31353607425677.37	141469.21532258173
0.0001	620			2333807.553133656	31347161136271.47					0.032318199999281205	7	35	31347163611548.145	141469.12097081487
0.0001	621			2333763.7169437446	31340629611024.086					0.03356569999596104	7	36	31340632086256.83	141469.0251527685
0.0001	622			2333719.1731555043	31334011298653.89					0.03455210001266096	7	37	31334013773841.992	141468.92784415552
0.0001	623			2333673.926803888	31327307112390.8					0.03022080000664573	7	38	31327309587533.555	141468.82907856174
0.0001	624			2333627.9818075076	31320517965050.184					0.0337714000052074	7	39	31320520440146.895	141468.7288394351
0.0001	625			2333581.3419776545	31313644763002.13					0.032846299989614636	7	40	31313647238052.1	141468.62712646765
0.0001	626			2333534.0116805574	31306688414679.508					0.032760500005679205	7	41	31306690889682.043	141468.52394694832
0.0001	627			2333485.99542882	31299649851540.51					0.030716199995367788	7	42	31299652326494.926	141468.4193074489
0.0001	628			2333437.2977104047	31292529998704.91					0.03042270000150893	7	43	31292532473610.52	141468.31321552015
0.0001	629			2333387.9195687245	31285329718271.777					0.031126900008530356	7	44	31285332193127.902	141468.20564425839
0.0001	630			2333337.8658834053	31278050043159.773					0.031055699990247376	7	45	31278052517965.74	141468.09660330846
0.0001	631			2333287.1442257236	31270691874172.047					0.030130400002235547	7	46	31270694348927.176	141467.98613078994
0.0001	632			2333235.761788832	31263256188081.84					0.029505099999369122	7	47	31263258662785.477	141467.87425077468
0.0001	633			2333183.71618965	31255743884097.6					0.02913779999653343	7	48	31255746358749.08	141467.76090761635
0.0001	634			2333131.0191881033	31248155911118.504					0.027969299990218133	7	49	31248158385717.168	141467.64618840907
0.0001	635			2333077.676234681	31240493264832.95					0.031253599998308346	7	50	31240495739378.156	141467.53009608152
0.0001	636			2333023.688334256	31232756940997.465					0.03255859999626409	7	51	31232759415488.566	141467.41260282835
0.0001	637			2332969.0626755925	31224947939244.113					0.02967289999651257	7	52	31224950413680.47	141467.2937152031
0.0001	638			2332913.8036591047	31217067218298.285					0.030811800010269508	7	53	31217069692679.26	141467.17344067327
0.0001	639			2332857.913701351	31209115842783.777					0.03569299999799114	7	54	31209118317108.742	141467.05177053652
0.0001	640			2332801.3973335205	31201094935150.414					0.03061429999070242	7	55	31201097409418.742	141466.9287137293
0.0001	641			2332744.258362933	31193005565799.582					0.03191389999119565	7	56	31193008040010.645	141466.8042895504
0.0001	642			2332686.5003086017	31184848803341.113					0.029167999993660487	7	57	31184851277494.293	141466.67850713604
0.0001	643			2332628.130668972	31176625764787.965					0.03004319999308791	7	58	31176628238882.645	141466.5513760434
0.0001	644			2332569.151497269	31168337516180.06					0.02919820000533946	7	59	31168339990215.633	141466.42288057305
0.0001	645			2332509.560637902	31159985040519.6					0.02751999998872634	7	60	31159987514495.457	141466.29295099122
0.0001	646			2332449.3551121736	31151569521071.24					0.027411500006564893	7	61	31151571994986.754	141466.161522883
0.0001	647			2332388.5416091653	31143092112407.246					0.026612100002239458	7	62	31143094586261.816	141466.02861933355
0.0001	648			2332327.124401076	31134553879894.8					0.027786999999079853	7	63	31134556353687.82	141465.894238226
0.0001	649			2332265.1101463935	31125955886795.934					0.026296799987903796	7	64	31125958360526.8	141465.7584014104
0.0001	650			2332202.5057605095	31117299144996.746					0.025295800005551428	7	65	31117301618664.87	141465.6211317901
0.0001	651			2332139.320241326	31108584674307.67					0.025703899998916313	7	66	31108587147912.477	141465.4824602291
0.0001	652			2332075.5583214513	31099813639880.645					0.02534939999168273	7	67	31099816113421.547	141465.3424056132
0.0001	653			2332011.2283983883	31090987147059.793					0.029184600003645755	7	68	31090989620536.22	141465.2009809006
0.0001	654			2331946.328386573	31082106173160.074					0.029569399994215928	7	69	31082108646571.46	141465.05815322607
0.0001	655			2331880.868553714	31073172070593.348					0.029065099995932542	7	70	31073174543939.13	141464.9139133769
0.0001	656			2331603.941082046	31238316978067.805					0.03836859999864828	7	71	31238319451139.004	141467.2596016096
0.0001	657			2316474.844137898	30082666456554.67					0.03878269999404438	7	72	30082668914450.156	141420.64108615342
0.0001	658			2254869.0561673376	27742364248831.965					0.037495500000659376	7	73	27742366646062.54	142361.52057236154
0.0001	659			2232574.082927626	27188488647609.25					0.03900689999863971	7	74	27188491022628.758	142445.42412695798
0.0001	660			2207009.434937377	26676575876732.41					0.0391756000026362	7	75	26676578226200.895	142459.05160458482
0.0001	661			2154351.6149567333	26104982193261.11					0.03831689999788068	7	76	26104984489183.03	141570.3072288669
0.0001	662			2115666.720200595	25753847812532.473					0.03753760000108741	7	77	25753850068783.965	140584.77434543782
0.0001	663			2111197.197961431	25548451722412.02					0.040202800009865314	7	78	25548453974326.535	140717.31480343215
0.0001	664			2097776.14717981	24605389915485.508					0.051286400004755706	7	79	24605392153534.43	140272.77520167947
0.0001	665			2437157.019691451	20022189555624.105					0.04404590000922326	7	80	20022192132682.438	139901.31254096297
	666	16411939482487.844	2227556439208.515			990.0463066366442	126.70012504734495	68788292550390.195	167657387.14549384	0.14989089999289718	7	72	225037905249572.3	
	667	16363134678019.213	2227480120228.8228			993.3143587127412	126.64069133877032	68674786675509.914	167769095.3249818	0.15184299999964423	7	73	224648528843772.06	
	668	16314717486634.85	2227397823969.762			996.6097528212339	126.58123954328249	68557929257589.66	167844705.96275198	0.14624360000016168	7	74	224249472225153.9	
	669	16267418759095.695	2227319498323.633			999.9255043520511	126.52176125766033	68436558786275.586	167919553.93710005	0.14018580000265501	7	75	223837998728283.8	
	670	16220039418121.969	2227244778512.954			1003.2622841613872	126.46220241833552	68308422751009.28	167993329.00269854	0.135787999999593	7	76	223406151317380.38	
	671	16172772403169.46	2227173327716.8813			1006.6192224601443	126.40260704975506	68169814310177.63	168066616.91987476	0.1410654999926919	7	77	222943002187391.1	
	672	16125642493027.678	2227104146896.113			1009.998713983846	126.34303453260094	68014639976360.74	168139810.3464273	0.14209599999594502	7	78	222430294734338.47	
	673	16078673470022.975	2227037530912.0254			1013.3957339496615	126.28347383080711	67835340852876.08	168212451.7512536	0.13740370000596158	7	79	221845376253855.5	
	674	16031893131840.91	2226973449476.073			1016.8068315847007	126.22390001788814	67653239702977.49	168285437.5456172	0.1396455999929458	7	80	221252242982382.2	
	675	15984139047490.762	2226912325929.7505			1020.2362931098119	126.16427611899087	68074701955749.375	168366874.34736297	0.12743700000282843	7	81	222468830820847.0	
	676	15950831072670.98	2226872215220.229			1022.602118178689	126.12138467774888	72862660886404.27	168483491.74393263	0.14026339999691118	7	82	236799382851234.44	
	677	15915517978531.1	2226830878971.43			1025.1327025847556	126.07604060492358	72783564692359.34	168554985.11987826	0.14769610000075772	7	83	236526754137891.84	
	678	15878585147671.693	2226788942484.7554			1027.7991656547977	126.02866357504875	72700448672436.53	168624842.02279317	0.14307109999936074	7	84	236240445282690.72	
	679	15840330116704.145	2226746862546.084			1030.5871072548775	125.9796132431993	72614008951958.9	168681747.13517082	0.1420351999986451	7	85	235942840391931.2	
	680	15800984081735.457	2226704995629.46			1033.4812549434591	125.92917047986973	72524905585463.2	168742017.89980382	0.14307400000689086	7	86	235636154445290.06	
	681	15760659613106.5	2226663570973.1025			1036.4694802222762	125.87750686753674	72433547590746.8	168805220.59681872	0.1386161000118591	7	87	235321727208992.0	
	682	15719546332530.82	2226622760641.1016			1039.5440364390224	125.82477998334417	72340184494247.25	168863977.28754458	0.1305966000072658	7	88	235000495580538.25	
	683	15677795839336.264	2226582696292.748			1042.691887328776	125.77116978087233	72241167118307.56	168926534.36493823	0.14503510000940878	7	89	234661665407220.78	
	684	15635559785791.887	2226543358769.637			1045.9044878857876	125.71681206760053	72135815172115.81	168993545.51639825	0.1464813999918988	7	90	234303347580450.3	
	685	15592926831794.986	2226504717338.248			1049.1719322447275	125.66180495508797	72029147660931.19	169059797.91582447	0.1424948000058066	7	91	233940686702600.97	
	686	15549924689911.55	2226466998101.6016			1052.4921282357343	125.60620987556942	71921399657716.75	169120869.84503463	0.14258539999718778	7	92	233574415046886.9	
0.0001	687			2166091.1904213997	61622050710961.31					0.028367300008540042	8	1	61622052877815.83	763.3294780406197
0.0001	688			2166097.2468643226	61622033316785.44					0.02775919999112375	8	2	61622035483645.984	763.2945597823915
0.0001	689			2166101.877761136	61622003791133.26					0.027088800008641556	8	3	61622005957998.42	763.2863989319392
0.0001	690			2166106.15681481	61621966648064.27					0.026639600007911213	8	4	61621968814933.73	763.2930897736466
0.0001	691			2166107.8035435365	61621936068713.234					0.02703050000127405	8	5	61621938235584.34	763.3071786238887
0.0001	692			2166107.8310920475	61621905743248.625					0.025035099999513477	8	6	61621907910119.78	763.3310030544036
0.0001	693			2166107.4830801017	61621872377847.9					0.026991399994585663	8	7	61621874544718.72	763.3333492244152
0.0001	694			2166107.50422552	61621836240079.914					0.026705299998866394	8	8	61621838406950.77	763.3478909003504
0.0001	695			2166106.9509705883	61621797566771.984					0.026509699993766844	8	9	61621799733642.28	763.3438543723634
0.0001	696			2166105.457472665	61621755704608.76					0.026721999995061196	8	10	61621757871477.586	763.3645296088456
0.0001	697			2166103.2982513197	61621712593212.95					0.02587249998759944	8	11	61621714760079.66	763.4094699883404
0.0001	698			2166099.642578418	61621669938929.57					0.025422999999136664	8	12	61621672105792.66	763.4419801205194
0.0001	699			2166095.5965084736	61621623931295.04					0.025976400007493794	8	13	61621626098154.11	763.4786791540945
0.0001	700			2166092.441262266	61621581366927.06					0.02468810000573285	8	14	61621583533783.01	763.5109204777083
0.0001	701			2166090.262894261	61621536751023.47					0.02463990000251215	8	15	61621538917877.27	763.5393670837433
0.0001	702			2166087.669856706	61621490039427.555					0.024834600000758655	8	16	61621492206278.79	763.5655371140665
0.0001	703			2166085.2501242226	61621440924333.53					0.026027500003692694	8	17	61621443091182.37	763.5882315273362
0.0001	704			2166083.101887481	61621388974856.0					0.02615410000726115	8	18	61621391141702.71	763.6070456261227
0.0001	705			2166080.769552811	61621335564014.89					0.02627990000473801	8	19	61621337730859.3	763.6289260535376
0.0001	706			2166078.326814705	61621280007837.12					0.028672000000369735	8	20	61621282174679.09	763.6503948606316
0.0001	707			2166075.7020637994	61621225146865.03					0.025503999990178272	8	21	61621227313704.41	763.6701856469916
0.0001	708			2166072.755710578	61621168317394.7					0.028161200010799803	8	22	61621170484231.16	763.6936493485234
0.0001	709			2166069.382429659	61621109797581.66					0.026242499996442348	8	23	61621111964414.76	763.7202843250953
0.0001	710			2166065.8337257914	61621049281500.125					0.02536810000310652	8	24	61621051448329.7	763.7451847283139
0.0001	711			2166062.2080584047	61620986128191.875					0.02599019999615848	8	25	61620988295017.98	763.8915620513112
0.0001	712			2166058.3844397394	61620918977502.97					0.026880500008701347	8	26	61620921144325.31	763.9644288583636
0.0001	713			2166054.2636997993	61620851363479.26					0.027304700008244254	8	27	61620853530297.46	763.9368380277257
0.0001	714			2166049.7522290703	61620784348092.52					0.027029300006688572	8	28	61620786514906.164	763.8889527034075
0.0001	715			2166045.179088799	61620717680603.82					0.02610570000251755	8	29	61620719847412.85	763.8534568809301
0.0001	716			2166040.761611673	61620648508648.08					0.02747050000471063	8	30	61620650675452.77	763.9390598708159
0.0001	717			2166036.9387675016	61620577102691.03					0.025801700001466088	8	31	61620579269491.87	763.8957529630202
0.0001	718			2166033.8801604	61620505265897.92					0.028802600005292334	8	32	61620507432695.78	763.9763602481715
0.0001	719			2166032.3839295446	61620432313373.875					0.027240099996561185	8	33	61620434480170.234	763.9778609978813
0.0001	720			2166031.370112763	61620357250878.27					0.02875139999378007	8	34	61620359417673.7	764.06322984656
0.0001	721			2166030.525206032	61620282071392.66					0.0284339999925578	8	35	61620284238187.336	764.1542617881943
0.0001	722			2166028.176900982	61620205206644.21					0.03017600000021048	8	36	61620207373436.62	764.228705570545
0.0001	723			2166024.51457332	61620126237396.18					0.028574500000104308	8	37	61620128404184.97	764.2758520671176
0.0001	724			2166019.513377292	61620045178517.47					0.0273765000019921	8	38	61620047345301.3	764.3135617121101
0.0001	725			2166013.1586630717	61619962563173.516					0.02589550000266172	8	39	61619964729951.0	764.3278546840628
0.0001	726			2166006.9440551684	61619880570948.98					0.027355500002158806	8	40	61619882737720.266	764.3463363553255
0.0001	727			2166002.472233721	61619796915233.9					0.028938399991602637	8	41	61619799082000.71	764.3435415251535
0.0001	728			2165999.483081745	61619711675942.63					0.027617999992799014	8	42	61619713842706.37	764.2509602152134
0.0001	729			2165995.6568405144	61619624969563.28					0.02629259999957867	8	43	61619627136323.16	764.2199917639417
0.0001	730			2165991.1586569934	61619536205684.3					0.026862599988817237	8	44	61619538372439.65	764.1930576954205
0.0001	731			2165985.868781616	61619446712435.99					0.026386099998489954	8	45	61619448879186.03	764.1696861169785
0.0001	732			2165981.0187462843	61619355075101.41					0.025657999998657033	8	46	61619357241846.54	764.1150935727078
0.0001	733			2165976.534985073	61619261689241.13					0.026874899995164014	8	47	61619263855981.695	764.0351418382335
0.0001	734			2165971.4502244405	61619167688460.01					0.027184899998246692	8	48	61619169855195.65	764.1851471310687
0.0001	735			2165966.1934920778	61619072375619.15					0.026288499997463077	8	49	61619074542349.695	764.3512782589502
0.0001	736			2165961.995080675	61618976489936.22					0.02500049999798648	8	50	61618978656662.734	764.525462418262
0.0001	737			2165958.839848635	61618878026564.51					0.026242799998726696	8	51	61618880193287.914	764.5663994487088
0.0001	738			2165956.861319905	61618779356560.45					0.02512939998996444	8	52	61618781523281.8	764.4819282268556
0.0001	739			2165954.6386710154	61618679253206.625					0.025240899994969368	8	53	61618681419925.63	764.3638794203863
0.0001	740			2165951.884030374	61618577156727.5					0.024977399996714666	8	54	61618579323443.664	764.2839596170738
0.0001	741			2165948.678925506	61618474067027.08					0.025229899998521432	8	55	61618476233739.96	764.2014212673105
0.0001	742			2165945.0898160986	61618369452896.7					0.02568220000830479	8	56	61618371619606.08	764.2887717320016
0.0001	743			2165941.494592549	61618264218732.914					0.02680990000953898	8	57	61618266385438.766	764.35990026593
0.0001	744			2165938.411678345	61618157659760.81					0.02693120000185445	8	58	61618159826463.664	764.4386952307144
0.0001	745			2165933.516776214	61618050142636.27					0.027506500002346	8	59	61618052309334.27	764.48805377009
0.0001	746			2165926.953768011	61617942373968.1					0.026450000004842877	8	60	61617944540659.56	764.51106395846
0.0001	747			2165921.287394458	61617832141950.29					0.027907900002901442	8	61	61617834308636.125	764.5471356217919
0.0001	748			2165916.3136179266	61617721985449.734					0.025955899996915832	8	62	61617724152130.64	764.5944908840412
0.0001	749			2165909.6420775964	61617610050422.34					0.026940300012938678	8	63	61617612217096.6	764.6174249654777
0.0001	750			2165901.241363521	61617496268492.35					0.02737909999268595	8	64	61617498435158.21	764.6199283689896
0.0001	751			2165891.6439774805	61617381909630.58					0.026834400006919168	8	65	61617384076286.836	764.6156912065834
0.0001	752			2165882.7480617035	61617267739834.266					0.027438199991593137	8	66	61617269906481.59	764.5790177631729
0.0001	753			2165875.1024363074	61617149747642.93					0.02555690000008326	8	67	61617151914282.625	764.5954310477911
0.0001	754			2165868.5696629467	61617032933540.4					0.025292599995736964	8	68	61617035100173.625	764.659619451823
0.0001	755			2165860.496857056	61616915431715.03					0.027010499994503334	8	69	61616917598340.35	764.8191224596121
0.0001	756			2165852.80829075	61616796484026.9					0.025364700006321073	8	70	61616798650644.62	764.9110744751324
0.0001	757			2165873.093666884	61618401462259.68					0.03797230000782292	8	71	61618403628896.945	764.1754369773025
0.0001	758			2165855.4652294153	61617807408203.945					0.037120200009667315	8	72	61617809574823.65	764.2364391752428
0.0001	759			2149160.724132999	62027020820955.125					0.04707260000577662	8	73	62027022970991.516	875.6652140396166
0.0001	760			2154154.864083332	61815475955365.805					0.04060590000881348	8	74	61815478110358.16	837.4836686912878
0.0001	761			2840061.889354641	94540415195021.97					0.04043749999254942	8	75	94540418038582.81	3498.9456803250773
0.0001	762			7876412.474996928	92794969664871.27					0.03952369999024086	8	76	92794977544484.39	3200.654970694329
0.0001	763			7371782.852757706	95703764836368.4					0.03769019999890588	8	77	95703772480185.7	272034.4404137989
0.0001	764			3847506.624346777	101264327441960.8					0.03883180000411812	8	78	101264331291768.02	2300.589614400496
0.0001	765			2344592.8398854816	61681162822692.52					0.03834939999796916	8	79	61681165168584.12	1298.7464927586618
0.0001	766			11982856.2103043	156463293749649.5					0.04182150000997353	8	80	156463305892491.56	159985.85066044878
	767	190513235716929.84	15506468257840.186			420615.9133937694	3221.053601846595	73305896896098.23	943328481.7617668	0.13028390001272783	8	72	426126144514810.25	
	768	190478967983371.0	15506512195260.104			420461.6857092318	3221.204204196118	73295427201281.19	943064454.5516604	0.13188780000200495	8	73	426060458797934.2	
	769	190445012204313.03	15506556277914.52			420300.0901557737	3221.357056076368	73284517113340.3	943148137.9152782	0.13647139999375213	8	74	425993833542063.1	
	770	190411366055132.0	15506593730659.436			420131.71606314246	3221.50996106416	73272919497166.33	943239251.5298109	0.1363809000031324	8	75	425925450186154.75	
	771	190377926285384.12	15506623865111.967			419966.7074977765	3221.661899062279	73261015424047.36	943328369.6760832	0.14217780000763014	8	76	425856346122131.5	
	772	190344680595325.3	15506640154461.264			419805.16549941193	3221.815021781741	73248805187106.16	943418407.5321155	0.14670010001282208	8	77	425786503985862.75	
	773	190311609586300.5	15506657178438.531			419645.86161450646	3221.973454379959	73236288398896.97	943509564.8022877	0.14108670000860002	8	78	425715917835782.5	
	774	190278733111769.9	15506675023680.9			419489.88685369975	3222.135964902743	73223475158782.77	943602007.7719729	0.13969480000378098	8	79	425644637943552.25	
	775	190246035928986.22	15506693539702.936			419337.37448123854	3222.301587441655	73210390401086.03	943027357.8385721	0.13037210000038613	8	80	425572590043212.9	
	776	190213511416421.4	15506712647333.62			419185.8629610872	3222.4699735317945	73196853238711.25	942755014.1831883	0.13787390000652522	8	81	425499418652122.7	
	777	190181194355400.88	15506732352318.426			419037.2802275621	3222.6402830923225	73182975291302.94	942830680.0790933	0.1332622000045376	8	82	425425502557326.4	
	778	190149021854805.4	15506752634016.055			418892.4393513743	3222.8129821110256	73169047706725.89	942916588.6740847	0.14451769999868702	8	83	425351584737450.0	
	779	190116987588297.97	15506773480116.475			418751.3551667054	3222.987795223347	73154889247884.36	942998927.6647553	0.143546499995864	8	84	425277112380101.4	
	780	190085079761901.22	15506794905520.986			418614.08905135567	3223.1630632500105	73140462144196.5	943080293.1376371	0.13900730000750627	8	85	425201960913688.7	
	781	190053299537493.25	15506816886276.215			418480.68920774123	3223.3389559842467	73125729967470.39	943162911.7495378	0.1335932999936631	8	86	425126022636901.75	
	782	190021659783684.16	15506838981127.512			418350.95363107166	3223.5163564749823	73110635473308.67	943247145.4535364	0.12699449999490753	8	87	425049138316254.25	
	783	189990172077065.2	15506859810292.893			418224.32662002015	3223.695218259014	73095085165574.47	943333507.6734833	0.13452970000798814	8	88	424971037762718.44	
	784	189958834036890.9	15506875963091.027			418092.9003193772	3223.8755033061893	73078922827091.2	943422138.299304	0.13847909998730756	8	89	424891246559734.25	
	785	189927689811211.75	15506891356887.615			417965.1566065404	3224.0570652879646	73061850110073.34	943512384.6724303	0.13524920000054408	8	90	424808917600525.75	
	786	189896784390017.84	15506906150243.795			417841.21280636056	3224.2395430524775	73043279981063.92	943585874.2560802	0.13823290000436828	8	91	424722331258789.56	
	787	189866147980785.94	15506920328332.004			417721.13277133077	3224.423434750849	73025695457849.98	943665774.3873702	0.1385143999941647	8	92	424638971414016.1	
0.0001	788			2460899.435460771	50190952160600.35					0.02836699999170378	9	1	50190955977827.555	1356327.7634359451
0.0001	789			2460895.2650416717	50190924191281.586					0.02698229999805335	9	2	50190928008506.164	1356329.3105725904
0.0001	790			2460893.7070082226	50190886087292.82					0.026545500004431233	9	3	50190889904516.87	1356330.342233589
0.0001	791			2460892.6218144256	50190852977426.39					0.027300200003082864	9	4	50190856794650.37	1356331.3531280006
0.0001	792			2460891.725158753	50190819741864.36					0.028195299993967637	9	5	50190823559088.73	1356332.6401572493
0.0001	793			2460891.3203612203	50190787610373.38					0.024618800001917407	9	6	50190791427598.82	1356334.1161471864
0.0001	794			2460891.31038948	50190753263699.32					0.029204499995103106	9	7	50190757080926.266	1356335.629661886
0.0001	795			2460891.645147998	50190716983529.08					0.02533920000132639	9	8	50190720800757.914	1356337.1888424547
0.0001	796			2460892.253507125	50190677854889.71					0.031323999995947815	9	9	50190681672120.74	1356338.784124777
0.0001	797			2460893.0552475224	50190638220129.03					0.030520400003297254	9	10	50190642037362.5	1356340.415028878
0.0001	798			2460893.265491622	50190596866318.766					0.024026700004469603	9	11	50190600683554.18	1356342.1455741592
0.0001	799			2460893.1762297754	50190554065322.836					0.034425000005285256	9	12	50190557882560.016	1356343.9993659535
0.0001	800			2460892.621701555	50190508983247.336					0.030236900012823753	9	13	50190512800485.84	1356345.8811148445
0.0001	801			2460891.501047969	50190461698295.87					0.044680600010906346	9	14	50190465515534.32	1356346.9529198713
0.0001	802			2460889.8158642324	50190414439256.11					0.04009070000029169	9	15	50190418256493.88	1356347.96359609
0.0001	803			2460887.9352242243	50190366512625.78					0.03731759999936912	9	16	50190370329862.266	1356348.549735366
0.0001	804			2460886.18409061	50190317864360.9					0.0371341999998549	9	17	50190321681596.49	1356349.4027613515
0.0001	805			2460884.444699212	50190267450974.37					0.0454260999977123	9	18	50190271268208.695	1356349.8838957152
0.0001	806			2460882.5320146633	50190214613394.94					0.03519399999640882	9	19	50190218430627.49	1356350.0257116684
0.0001	807			2460880.5473607494	50190160067193.8					0.03790100000333041	9	20	50190163884424.17	1356349.8299314084
0.0001	808			2460878.6049750675	50190105580214.86					0.04505619998963084	9	21	50190109397443.26	1356349.8001199637
0.0001	809			2460876.7714479133	50190049310293.44					0.045939499992528	9	22	50190053127519.58	1356349.3660411413
0.0001	810			2460874.757873437	50189994002207.1					0.034848600000259466	9	23	50189997819430.77	1356348.9127307166
0.0001	811			2460872.7344905995	50189935651294.05					0.03503130000899546	9	24	50189939468514.78	1356348.0011768632
0.0001	812			2460870.944648449	50189875949857.125					0.03180399999837391	9	25	50189879767074.74	1356346.6731117202
0.0001	813			2460869.129644949	50189815858722.74					0.036985400001867674	9	26	50189819675937.016	1356345.1368659781
0.0001	814			2460867.2326824786	50189753680977.85					0.03218770000967197	9	27	50189757498189.11	1356344.024554369
0.0001	815			2460865.2448654505	50189693294369.484					0.03430309999384917	9	28	50189697111577.92	1356343.194480339
0.0001	816			2460863.1662770985	50189630534299.25					0.035661400004755706	9	29	50189634351504.46	1356342.0485759142
0.0001	817			2460860.940161161	50189565193522.35					0.035603900003479794	9	30	50189569010723.945	1356340.658988734
0.0001	818			2460858.6014029523	50189497191423.57					0.037723699992056936	9	31	50189501008621.21	1356339.037703357
0.0001	819			2460856.1272097803	50189427075870.1					0.03311260000918992	9	32	50189430893063.39	1356337.1623115689
0.0001	820			2460853.6137229064	50189357125927.44					0.03218330000527203	9	33	50189360943116.125	1356335.072280426
0.0001	821			2460851.2608472263	50189287623156.7					0.030094999994616956	9	34	50189291440341.46	1356333.4970957304
0.0001	822			2460848.935739045	50189216036950.445					0.043823100000736304	9	35	50189219854131.65	1356332.2651375562
0.0001	823			2460846.58132993	50189143839856.58					0.027466800005640835	9	36	50189147657033.76	1356330.6010034063
0.0001	824			2460844.1556011997	50189068253876.51					0.028706899989629164	9	37	50189072071049.2	1356328.5370356813
0.0001	825			2460841.912258604	50188991248971.75					0.028948699997272342	9	38	50188995066139.83	1356326.1658913644
0.0001	826			2460839.4739063154	50188916865090.75					0.028336499992292374	9	39	50188920682253.695	1356323.4720406134
0.0001	827			2460836.8211723114	50188839292182.78					0.033336200009216554	9	40	50188843109340.99	1356321.3874756864
0.0001	828			2460833.383779436	50188759478049.26					0.031350799996289425	9	41	50188763295202.445	1356319.8060711424
0.0001	829			2460829.337627657	50188680326452.78					0.029402400003164075	9	42	50188684143600.01	1356317.890825957
0.0001	830			2460824.5721863336	50188598483118.945					0.03130309999687597	9	43	50188602300259.18	1356315.6651399157
0.0001	831			2460819.813656736	50188513967676.98					0.032040599995525554	9	44	50188517784809.99	1356313.2043835903
0.0001	832			2460814.817944104	50188429315163.75					0.035589699997217394	9	45	50188433132289.09	1356310.5265538283
0.0001	833			2460809.9729508483	50188343320632.32					0.036437299990211613	9	46	50188347137750.47	1356308.1694015828
0.0001	834			2460805.3033002564	50188258340426.02					0.035282899989397265	9	47	50188262157537.58	1356306.2534297
0.0001	835			2460800.819475216	50188172305021.94					0.030070799999521114	9	48	50188176122126.72	1356303.9647306257
0.0001	836			2460796.3617628855	50188083317632.62					0.031594500003848225	9	49	50188087134730.14	1356301.1650705861
0.0001	837			2460792.2271757964	50187992237580.516					0.033950900004128926	9	50	50187996054670.625	1356297.8825791222
0.0001	838			2460788.148148238	50187898844391.42					0.03267629999027122	9	51	50187902661473.94	1356294.3645726063
0.0001	839			2460784.004958349	50187808044303.37					0.0325377999979537	9	52	50187811861378.01	1356290.6295271
0.0001	840			2460779.7722489582	50187714061143.67					0.036010199997690506	9	53	50187717878211.08	1356287.6297424072
0.0001	841			2460775.4183831722	50187616426571.97					0.03602899999532383	9	54	50187620243632.695	1356285.3082998549
0.0001	842			2460771.133803747	50187526353981.51					0.03695829999924172	9	55	50187530171036.195	1356283.557535692
0.0001	843			2460766.899779524	50187433033895.266					0.03881029998592567	9	56	50187436850943.42	1356281.2580806972
0.0001	844			2460762.820158779	50187336866802.29					0.03578890000062529	9	57	50187340683843.56	1356278.4492704382
0.0001	845			2460758.8420022978	50187237452163.53					0.031242399985785596	9	58	50187241269197.69	1356275.310437871
0.0001	846			2460754.7452846672	50187135314123.09					0.03100309999717865	9	59	50187139131149.69	1356271.8494313378
0.0001	847			2460750.2561477646	50187030817972.04					0.030077200004598126	9	60	50187034634990.45	1356268.15722192
0.0001	848			2460745.737182531	50186923416549.234					0.03159810000215657	9	61	50186927233559.22	1356264.2467657733
0.0001	849			2460741.1826991527	50186814205523.85					0.03310770000098273	9	62	50186818022525.164	1356260.1305965674
0.0001	850			2460736.607653912	50186708927164.664					0.033337499990011565	9	63	50186712744158.03	1356256.7558704594
0.0001	851			2460732.2209289456	50186602520713.04					0.027527500002179295	9	64	50186606337699.375	1356254.1176714338
0.0001	852			2460727.7063738923	50186496899162.62					0.02741019999666605	9	65	50186500716141.19	1356250.866701662
0.0001	853			2460722.9204524606	50186387447693.625					0.031523900004685856	9	66	50186391264663.76	1356247.2146366816
0.0001	854			2460718.0403668187	50186278812290.305					0.0290639999875566	9	67	50186282629252.59	1356244.2465978216
0.0001	855			2460713.021656404	50186166088868.7					0.027247599995462224	9	68	50186169905822.61	1356240.8829826433
0.0001	856			2460708.1332272133	50186051627436.62					0.02833110000938177	9	69	50186055444381.9	1356237.1509675106
0.0001	857			2460702.2926319595	50185934589518.91					0.032631400012178347	9	70	50185938406454.14	1356232.9455549978
0.0001	858			2460746.726812569	50187557175975.75					0.044074200006434694	9	71	50187560992975.64	1356253.1602696753
0.0001	859			2460763.484477048	50186684738878.64					0.040376500008278526	9	72	50186688555861.48	1356219.353218297
0.0001	860			2460793.0726444554	50183458686957.586					0.04470199999923352	9	73	50183462503824.48	1356073.8198998058
0.0001	861			2460787.5538230417	50180028244830.43					0.04451659999904223	9	74	50180032061530.52	1355912.535561954
0.0001	862			2460763.1155844843	50176451342018.46					0.04107330000260845	9	75	50176455158517.83	1355736.248784411
0.0001	863			2460734.552520554	50172765746569.55					0.04417529999045655	9	76	50172769562849.2	1355545.1027677814
0.0001	864			2460700.3998334617	50169031786376.75					0.04252130001259502	9	77	50169035602417.23	1355340.07463322
0.0001	865			2462994.507083083	50984910859214.76					0.04205000000365544	9	78	50984914770653.95	1448444.6898096635
0.0001	866			2579282.732812209	49876871515758.56					0.04454709999845363	9	79	49876875406317.984	1311276.691009785
0.0001	867			2540799.066181969	49966777790488.65					0.04190250000101514	9	80	49966781639681.17	1308393.4595395257
	868	49585670699532.53	189835084277718.0			5897.254921836837	281.02392101018717	132467033761194.44	462676095.5928225	0.15725870001188014	9	72	636914392662213.6	
	869	49584036311916.94	189830606437220.28			5909.820346257473	281.02696596889314	132465581554679.12	462801035.67776114	0.1745233000110602	9	73	636903948805084.5	
	870	49582403887347.35	189826132057437.1			5922.370262648151	281.02999183180475	132464173954467.45	462896947.30639064	0.15395529998932034	9	74	636893638384932.5	
	871	49580773429434.87	189821659536347.28			5932.751638070151	281.0309565763173	132462789567014.9	462956565.9623582	0.16001500000129454	9	75	636883394169380.0	
	872	49579145017432.79	189817188562848.16			5941.276466405682	281.030092911243	132461415104551.78	462993989.7010077	0.15691980000701733	9	76	636873178882942.1	
	873	49577518603687.26	189812718841265.9			5948.65425853038	281.0279930470197	132460048256318.11	463017523.9838298	0.157492700003786	9	77	636862986911245.4	
	874	49575894157822.664	189808250354099.75			5955.28139008965	281.02508657230106	132458689462862.61	463030676.42958075	0.15615260000049602	9	78	636852820229662.6	
	875	49574271651780.336	189803783040726.97			5961.451464366881	281.02176804912625	132457339641693.81	463036354.99094635	0.1484712999954354	9	79	636842682083687.5	
	876	49572651025778.03	189799316899677.2			5967.728587211875	281.0187495406244	132455998236571.6	463042520.09433943	0.1504323000117438	9	80	636832572335544.8	
	877	49571032273981.57	189794851833049.12			5974.943711645645	281.0166901671177	132454662526821.7	463058061.6829754	0.15196329999889713	9	81	636822484497631.2	
	878	49569415392623.305	189790387641586.03			5982.929584541295	281.0153883846212	132453331421799.66	463081702.81532717	0.15730289999919478	9	82	636812414839567.5	
	879	49567800985720.12	189785924050381.66			5991.496736929054	281.0146675397722	132452005283639.6	463111227.0404536	0.15425950000644661	9	83	636802364333538.1	
	880	49566188882639.5	189781461190102.28			6000.499114734185	281.0143489063068	132450685131173.16	463143475.2596044	0.1573463999957312	9	84	636792335364223.1	
	881	49564578887533.47	189776999057330.8			6009.090564442541	281.01365678482176	132449371257415.38	463169826.0634787	0.16563290001067799	9	85	636782326886951.4	
	882	49562970943867.836	189772537757952.06			6017.243048041631	281.0125289748381	132448062646161.69	463190513.4485999	0.14893350000784267	9	86	636772335949253.5	
	883	49561364981991.57	189768077167374.25			6024.937797733031	281.010897491319	132446758832588.58	463205167.77974385	0.15159480000147596	9	87	636762360888485.1	
	884	49559760946986.016	189763617379555.47			6032.24627277741	281.0088517255176	132445459632959.78	463214601.3622807	0.16558590000204276	9	88	636752401354952.8	
	885	49558153946400.086	189759158249972.16			6039.302199810264	281.0065753346691	132444165049526.47	463220666.75872064	0.172368200001074	9	89	636742452688973.9	
	886	49556541655120.55	189754699590188.84			6046.194390455801	281.00418032846045	132442875355780.66	463224238.55668527	0.1622981999971671	9	90	636732513372411.6	
	887	49554924461126.8	189750241706821.53			6053.2410201035345	281.00206188960124	132441590053296.8	463229626.5347605	0.1578393999952823	9	91	636722583466603.9	
	888	49553301820863.32	189745784591098.6			6060.818752182063	281.00044832061104	132440308775320.34	463240079.4589175	0.1699108999891905	9	92	636712661968788.5	
0.0001	889			2308286.5464868196	67278299844436.59					0.027852899991557933	10	1	67278302153486.484	763.3417772873537
0.0001	890			2308283.031040295	67278265689159.875					0.0275917999970261	10	2	67278267998206.266	763.362997741712
0.0001	891			2308282.3308982532	67278229353421.664					0.027442600010544993	10	3	67278231662467.375	763.3811847075589
0.0001	892			2308285.3093799883	67278194645230.77					0.028957899994566105	10	4	67278196954279.49	763.4058008359922
0.0001	893			2308286.9146296503	67278159476786.37					0.02705479999713134	10	5	67278161785836.71	763.430154289269
0.0001	894			2308287.632648413	67278122318267.016					0.02558060000592377	10	6	67278124627318.1	763.4560570176976
0.0001	895			2308287.91181448	67278084913163.06					0.03187459999753628	10	7	67278087222214.46	763.4815901690317
0.0001	896			2308289.317902004	67278048143888.01					0.030989400009275414	10	8	67278050452940.83	763.5032243393948
0.0001	897			2308291.7791662104	67278008271705.33					0.02784919999248814	10	9	67278010580760.73	763.6148783884588
0.0001	898			2308295.024761811	67277965440301.13					0.03061149999848567	10	10	67277967749359.695	763.5380018134424
0.0001	899			2308298.5536195613	67277922760097.94					0.030064999999012798	10	11	67277925069159.88	763.3876367504422
0.0001	900			2308302.402243858	67277879146501.375					0.027000100002624094	10	12	67277881455567.1	763.3285130990082
0.0001	901			2308306.4402866927	67277834107212.97					0.030310000001918525	10	13	67277836416282.67	763.2618913632496
0.0001	902			2308310.9944237745	67277789412862.42					0.028514899997389875	10	14	67277791721936.69	763.2713609193771
0.0001	903			2308314.419336076	67277745161040.78					0.02981119998730719	10	15	67277747470118.49	763.2854812990023
0.0001	904			2308316.749508934	67277696181853.234					0.031037400010973215	10	16	67277698490933.27	763.2922144904179
0.0001	905			2308319.2974849544	67277644028377.58					0.031319100002292544	10	17	67277646337460.21	763.3323933203303
0.0001	906			2308322.0122344866	67277593967276.65					0.029976399993756786	10	18	67277596276362.02	763.3560708862343
0.0001	907			2308325.33377463	67277542751382.17					0.03148499999952037	10	19	67277545060470.87	763.357941644002
0.0001	908			2308328.780873629	67277489815049.28					0.03185319999465719	10	20	67277492124141.414	763.3501750295375
0.0001	909			2308332.5011350056	67277435614411.23					0.029298299996298738	10	21	67277437923507.04	763.3097888785405
0.0001	910			2308337.094534605	67277379710767.695					0.028879099991172552	10	22	67277382019868.11	763.3198047386164
0.0001	911			2308341.9838885656	67277322090158.77					0.02983939999830909	10	23	67277324399264.08	763.3181665175156
0.0001	912			2308347.2361623263	67277263296578.05					0.03196829999797046	10	24	67277265605688.59	763.3089417079054
0.0001	913			2308352.916773733	67277202793926.48					0.028962399999727495	10	25	67277205103042.69	763.2954837816832
0.0001	914			2308359.100445175	67277140534214.69					0.03203919999941718	10	26	67277142843337.07	763.2786145211468
0.0001	915			2308365.9498399515	67277076656803.9					0.028500000000349246	10	27	67277078965933.11	763.2587962254657
0.0001	916			2308373.4395034118	67277013735755.14					0.029661900000064634	10	28	67277016044891.81	763.2370807398323
0.0001	917			2308379.4773510066	67276947658974.56					0.029849600003217347	10	29	67276949968117.26	763.2157520887272
0.0001	918			2308384.141695177	67276879049673.5					0.02857719999155961	10	30	67276881358820.836	763.1949967021843
0.0001	919			2308389.141681414	67276811004554.414					0.032499000008101575	10	31	67276813313706.73	763.1736877751623
0.0001	920			2308394.4547646604	67276744233321.54					0.02804170000308659	10	32	67276746542479.14	763.1522420185792
0.0001	921			2308400.181982479	67276674912050.98					0.02878769999369979	10	33	67276677221214.29	763.1297353688537
0.0001	922			2308406.3466856442	67276601056037.17					0.027425499996752478	10	34	67276603365206.625	763.1067626907186
0.0001	923			2308412.9681248143	67276528927473.95					0.02373960000113584	10	35	67276531236650.01	763.0828520980253
0.0001	924			2308418.5151467323	67276455998300.07					0.02501959999790415	10	36	67276458307481.65	763.0614289296916
0.0001	925			2308422.428935902	67276381215815.19					0.025868500000797212	10	37	67276383525000.664	763.0438063182595
0.0001	926			2308427.097012769	67276305021703.37					0.026059600000735372	10	38	67276307330893.484	763.0226225899271
0.0001	927			2308432.393841537	67276228485735.64					0.025093400006880984	10	39	67276230794931.03	762.9993542098368
0.0001	928			2308438.1711637955	67276150111830.02					0.026547200002823956	10	40	67276152421031.17	762.9736783296436
0.0001	929			2308444.4297508625	67276068922397.96					0.02362719998927787	10	41	67276071231605.336	762.9461915424969
0.0001	930			2308451.2440968	67275990098694.02					0.028352599998470396	10	42	67275992407908.19	762.9187769467118
0.0001	931			2308456.3933922	67275907646942.22					0.02836100000422448	10	43	67275909956161.5	762.8925405613991
0.0001	932			2308460.256222531	67275823865242.36					0.03049710000050254	10	44	67275826174465.484	762.8661261615154
0.0001	933			2308464.9241997586	67275739043411.67					0.028760700006387196	10	45	67275741352639.43	762.8384045003394
0.0001	934			2308470.2019700618	67275652456617.78					0.027576699998462573	10	46	67275654765850.8	762.8107389579907
0.0001	935			2308476.4380763285	67275564986998.44					0.027740699995774776	10	47	67275567296237.66	762.7832672388226
0.0001	936			2308483.386373567	67275476090639.32					0.02698680000321474	10	48	67275478399885.46	762.7552059513206
0.0001	937			2308489.4399350313	67275386732663.37					0.028260599996428937	10	49	67275389041915.54	762.7305906781189
0.0001	938			2308496.5074360007	67275296090416.664					0.02851649999502115	10	50	67275298399675.89	762.7202858763278
0.0001	939			2308503.473042258	67275203663165.39					0.027162700003827922	10	51	67275205972431.56	762.6971153838612
0.0001	940			2308510.470243371	67275110458843.86					0.02721540001221001	10	52	67275112768117.0	762.6736384317115
0.0001	941			2308516.2256489457	67275017073631.27					0.028267100002267398	10	53	67275019382910.164	762.6657662998468
0.0001	942			2308520.344489467	67274921457833.71					0.02808799999183975	10	54	67274923767116.71	762.6600588685412
0.0001	943			2308523.8436268438	67274823461463.61					0.027763099991716444	10	55	67274825770750.11	762.6591494410973
0.0001	944			2308526.628939214	67274723927364.99					0.028223900008015335	10	56	67274726236654.3	762.6749663887865
0.0001	945			2308529.535598967	67274627783612.71					0.028950099993380718	10	57	67274630092904.914	762.6665951080463
0.0001	946			2308534.337240891	67274528225802.18					0.02842899999814108	10	58	67274530535099.04	762.5203290453958
0.0001	947			2308541.1893511373	67274427108381.51					0.02806169999530539	10	59	67274429417685.21	762.5179698543334
0.0001	948			2308548.951985168	67274326286986.45					0.027704299995093606	10	60	67274328596297.92	762.5128172233174
0.0001	949			2308556.8049888243	67274223501020.555					0.028206499991938472	10	61	67274225810339.87	762.5077209252489
0.0001	950			2308564.8976757554	67274118796710.79					0.029898599997977726	10	62	67274121106038.19	762.502612963755
0.0001	951			2308573.200766574	67274012241088.69					0.029406500005279668	10	63	67274014550424.39	762.4980118907065
0.0001	952			2308581.579205548	67273903902530.17					0.02879479998955503	10	64	67273906211874.24	762.4946504043071
0.0001	953			2308590.354359615	67273794659013.445					0.027695299999322742	10	65	67273796968366.29	762.4903276325527
0.0001	954			2308597.914281671	67273689872813.81					0.028442499999073334	10	66	67273692182174.21	762.4840491861133
0.0001	955			2308603.7997394744	67273582748512.59					0.02911339999991469	10	67	67273585057878.87	762.4749010776056
0.0001	956			2308608.322877816	67273470034385.27					0.027184199992916547	10	68	67273472343756.055	762.4623047253442
0.0001	957			2308613.721862295	67273354607342.36					0.028089400002500042	10	69	67273356916718.52	762.4484303593767
0.0001	958			2308619.626063562	67273238907083.305					0.024978399989777245	10	70	67273241216465.37	762.4366915950869
0.0001	959			2308652.7973438795	67274931445602.25					0.03199279999535065	10	71	67274933755017.71	762.6631880304909
0.0001	960			2308626.9547451492	67271713961242.31					0.043583499995293096	10	72	67271716270632.164	762.9012530607035
0.0001	961			2308512.0789914993	67258806365930.836					0.03600569999252912	10	73	67258808675205.875	762.9643883565614
0.0001	962			2308387.694364379	67245512329318.24					0.03476819999923464	10	74	67245514638468.73	762.7908205878877
0.0001	963			2306440.2048985497	67509234873480.586					0.035565400001360103	10	75	67509237180680.44	759.6475899717952
0.0001	964			2307527.4067041143	67258616113232.1					0.037940900001558475	10	76	67258618421520.305	760.7973418037595
0.0001	965			2319818.393024535	67063732223659.25					0.03557880000153091	10	77	67063734544239.13	761.4894862607097
0.0001	966			2320373.6125624324	67045121047921.375					0.03947150000021793	10	78	67045123369056.44	761.4532029837056
0.0001	967			2320516.7097515753	67022247577179.07					0.039129199998569675	10	79	67022249898457.94	762.152681489852
0.0001	968			2320848.3775147595	67010319584217.9					0.03811719999066554	10	80	67010321905828.29	762.0180670698733
	969	66951630023871.52	49551679686350.875			15.98245686156349	3.668493908467801	67496260535500.914	81791517.59139517	0.14459909999277443	10	72	319008449623476.6	
	970	66951610359391.77	49551618795623.61			15.980983146371743	3.6680604309828744	67495719331563.44	81950526.21225318	0.14054580000811256	10	73	319006777258181.0	
	971	66951591111538.15	49551559913286.05			15.97951358413923	3.667627035457829	67495180711529.83	82100364.83632016	0.14376399999309797	10	74	319005113235613.5	
	972	66951572259558.1	49551502956674.27			15.978047603527788	3.6671935585645525	67494644263524.6	82241621.62617536	0.13589740000315942	10	75	319003456334363.7	
	973	66951553786790.95	49551447846219.78			15.976585069516645	3.6667599311565175	67494109277806.766	82374876.0880071	0.1314130000100704	10	76	319001804444880.6	
	974	66951535672677.56	49551394507582.69			15.975126325881073	3.666326261257124	67493576386879.37	82500665.22452344	0.1309521999937715	10	77	319000159477174.94	
	975	66951517901528.05	49551342852502.945			15.973671439373474	3.665892565004612	67493045497085.516	82619502.02157402	0.14015999999537598	10	78	318998521148923.25	
	976	66951500457218.82	49551292790186.03			15.972220305935474	3.665458810341255	67492516523405.56	82731866.72833751	0.1377879999927245	10	79	318996889194198.3	
	977	66951483321902.516	49551244298821.26			15.97077291657165	3.6650249999103703	67491989388709.31	82838207.9087185	0.13577290000102948	10	80	318995263431664.25	
	978	66951466478598.734	49551197316941.82			15.96932926468164	3.6645911334332557	67491464021815.59	82938941.93395546	0.1415868999902159	10	81	318993643652604.6	
	979	66951449914047.29	49551151785959.86			15.967889316548053	3.6641571840124367	67490940356375.03	83034450.72492024	0.13917780001065694	10	82	318992029662507.44	
	980	66951433613304.75	49551107650094.15			15.966453104282365	3.6637231661666076	67490418332641.55	83125091.61950131	0.13302259999909438	10	83	318990421282877.4	
	981	66951417562609.414	49551064856052.15			15.965020625195665	3.6632890832011493	67489897894653.03	83211194.51368348	0.13076519999594893	10	84	318988818344753.0	
	982	66951401749564.57	49551023353039.93			15.963591854608238	3.662854932958589	67489378991275.95	83293063.10507385	0.13624909998907242	10	85	318987220692282.75	
	983	66951386161800.09	49550983092629.33			15.962166639939309	3.662420674752657	67488861576080.766	83370977.32492483	0.13912189999246038	10	86	318985628181365.75	
	984	66951370789043.26	49550943979757.234			15.960745022196374	3.661986325911799	67488345605204.59	83445196.01039447	0.14073549999739043	10	87	318984040626845.1	
	985	66951355621510.54	49550905938082.19			15.959326964106932	3.661551876945705	67487831038319.91	83515957.53513977	0.14891280001029372	10	88	318982457869287.94	
	986	66951340652855.2	49550869006368.08			15.957912348032105	3.6611172998812402	67487317837599.734	83583482.28752598	0.13835629999812227	10	89	318980879871708.1	
	987	66951325871628.53	49550833144348.48			15.956501253662287	3.660682615224178	67486805970405.0	83647972.9637609	0.13787929998943582	10	90	318979306525012.6	
	988	66951311272874.14	49550798313456.69			15.955093559227086	3.660247793658202	67486295403346.95	83709617.99438246	0.1299213000020245	10	91	318977737723198.2	
	989	66951296847014.35	49550764476876.64			15.95368933087531	3.659812857001445	67485786108099.766	83768591.4031054	0.14092459999665152	10	92	318976173369698.25	
0.0001	990			2227854.8177844808	54808588376439.234					0.027080300002126023	11	1	54808590605020.55	726.4883907212716
0.0001	991			2227840.8311284464	54808557041815.305					0.02968559999135323	11	2	54808559270382.6	726.4648679080051
0.0001	992			2227825.8350593355	54808524593578.32					0.02910410000185948	11	3	54808526822130.61	726.449528932369
0.0001	993			2227809.8278758395	54808490062106.75					0.027907600000617094	11	4	54808492290643.016	726.4379129642751
0.0001	994			2227792.9726421004	54808453357588.97					0.027738399992813356	11	5	54808455586108.37	726.4283842515218
0.0001	995			2227775.6014831387	54808414526078.75					0.028062199999112636	11	6	54808416754580.77	726.4200861971744
0.0001	996			2227757.5565774394	54808373655366.83					0.029788700005155988	11	7	54808375883850.8	726.4126610920083
0.0001	997			2227738.6973110004	54808330832973.29					0.027360899999621324	11	8	54808333061438.39	726.4060022637531
0.0001	998			2227719.0282678087	54808286120606.43					0.029077600003802218	11	9	54808288349051.86	726.3998290898385
0.0001	999			2227698.5602819966	54808239569491.21					0.027215900001465343	11	10	54808241797916.164	726.3940482110162
0.0001	1000			2227677.296997096	54808191347342.21					0.026131999999051914	11	11	54808193575745.9	726.3887063319007
0.0001	1001			2227655.264569129	54808141480192.93					0.029202799996710382	11	12	54808143708574.58	726.3830822597412
0.0001	1002			2227632.4761827034	54808089945146.91					0.027260500006377697	11	13	54808092173505.76	726.3777499026836
0.0001	1003			2227608.912766799	54808036739341.19					0.02653200000349898	11	14	54808038967676.48	726.3726452942267
0.0001	1004			2227584.613307767	54807981894271.87					0.025981200000387616	11	15	54807984122582.85	726.367511045139
0.0001	1005			2227559.560653575	54807925416376.94					0.02680059999693185	11	16	54807927644662.86	726.3624141988828
0.0001	1006			2227533.757299399	54807867327618.016					0.027298300003167242	11	17	54807869555878.13	726.3578532229118
0.0001	1007			2227507.255575807	54807807617535.695					0.02651339999283664	11	18	54807809845769.31	726.357632681742
0.0001	1008			2227480.0017185807	54807746351778.39					0.02713789998961147	11	19	54807748579984.75	726.357507674581
0.0001	1009			2227452.0158451246	54807683498718.35					0.027346999995643273	11	20	54807685726896.73	726.3578492111412
0.0001	1010			2227423.3033612547	54807619077817.88					0.027272200008155778	11	21	54807621305967.55	726.3582812938529
0.0001	1011			2227393.8389506964	54807553155228.3					0.02738899999530986	11	22	54807555383348.49	726.3588839282314
0.0001	1012			2227363.631330006	54807485685128.125					0.026057199997012503	11	23	54807487913218.12	726.3596529528933
0.0001	1013			2227332.724109736	54807416677436.71					0.027763099991716444	11	24	54807418905495.8	726.3607012627864
0.0001	1014			2227301.076301561	54807346183710.54					0.02490580000448972	11	25	54807348411737.98	726.3620499798166
0.0001	1015			2227268.671777525	54807274179816.13					0.02496929999324493	11	26	54807276407811.164	726.3631171119796
0.0001	1016			2227235.6546037807	54807200724749.49					0.02468360000057146	11	27	54807202952711.5	726.3508841475297
0.0001	1017			2227201.9244931913	54807125750967.85					0.026037399991764687	11	28	54807127978896.11	726.3356251105696
0.0001	1018			2227167.426606586	54807049293606.87					0.0253318000031868	11	29	54807051521500.62	726.319839099714
0.0001	1019			2227132.2088893526	54806971344953.625					0.026663600001484156	11	30	54806973572812.14	726.3034482821403
0.0001	1020			2227096.328350365	54806891876279.1					0.026209299991023727	11	31	54806894104101.72	726.2862631148579
0.0001	1021			2227059.756876991	54806810923785.14					0.025666900008218363	11	32	54806813151571.164	726.2686606867131
0.0001	1022			2227022.463224999	54806728491698.65					0.02556680000270717	11	33	54806730719447.36	726.2507400187841
0.0001	1023			2226984.451699968	54806644562821.18					0.029144799991627224	11	34	54806646790531.87	726.2321257792098
0.0001	1024			2226945.7103767605	54806559136009.61					0.026234299992211163	11	35	54806561363681.53	726.2129123877243
0.0001	1025			2226906.247401379	54806472220339.38					0.0318628999957582	11	36	54806474447971.83	726.1933005203998
0.0001	1026			2226866.067392265	54806383832893.24					0.028772800011211075	11	37	54806386060485.484	726.1730029630621
0.0001	1027			2226825.1591107305	54806294000683.21					0.027189499989617616	11	38	54806296228234.516	726.1522555041574
0.0001	1028			2226783.4054689812	54806202707136.24					0.02714759999071248	11	39	54806204934645.78	726.1307178558837
0.0001	1029			2226740.833246493	54806109980714.195					0.027942499989876524	11	40	54806112208181.14	726.1087627737998
0.0001	1030			2226697.4590291833	54806015841766.29					0.028495200007455423	11	41	54806018069189.836	726.0861829681742
0.0001	1031			2226653.357318656	54805920252416.22					0.028503499997896142	11	42	54805922479795.64	726.06287449955
0.0001	1032			2226608.446642972	54805823231249.34					0.027776600007200614	11	43	54805825458583.81	726.0221133416148
0.0001	1033			2226562.7273695758	54805724771822.1					0.027423400009865873	11	44	54805726999110.805	725.9761064272058
0.0001	1034			2226516.307661904	54805624910077.35					0.028045799990650266	11	45	54805627137319.586	725.928589396269
0.0001	1035			2226469.208750194	54805523659569.4					0.028248799993889406	11	46	54805525886764.484	725.8788585491976
0.0001	1036			2226421.3959623566	54805420980789.5					0.029927399998996407	11	47	54805423207936.73	725.8275643617612
0.0001	1037			2226372.7609925084	54805316865914.12					0.030120200011879206	11	48	54805319093012.65	725.774433609977
0.0001	1038			2226323.418945967	54805211362421.734					0.028589200010173954	11	49	54805213589470.875	725.7192445165258
0.0001	1039			2226273.372397955	54805104449177.77					0.027691900002537295	11	50	54805106676176.81	725.6623146124859
0.0001	1040			2226222.6450560936	54804996161935.08					0.027527500002179295	11	51	54804998388883.33	725.6042974320407
0.0001	1041			2226171.2300817156	54804886537971.16					0.027440100006060675	11	52	54804888764867.93	725.5443450078632
0.0001	1042			2226119.05911334	54804775587688.23					0.026649399995221756	11	53	54804777814532.77	725.4829075901768
0.0001	1043			2226066.1970779267	54804663284314.26					0.027620700013358146	11	54	54804665511105.875	725.4199319066038
0.0001	1044			2226012.6493045106	54804549621569.85					0.024925099991378374	11	55	54804551848307.86	725.3557260760629
0.0001	1045			2225958.445611342	54804434599156.51					0.027138299992657267	11	56	54804436825840.24	725.2907466851692
0.0001	1046			2225903.563661661	54804318258751.76					0.02620269999897573	11	57	54804320485380.55	725.226377774134
0.0001	1047			2225848.0105453446	54804200602409.95					0.02667700000165496	11	58	54804202828983.125	725.1617772964014
0.0001	1048			2225791.773813686	54804081638618.45					0.026800999999977648	11	59	54804083865135.32	725.0969787475971
0.0001	1049			2225734.843098431	54803961377770.93					0.026160199995501898	11	60	54803963604230.805	725.0320050394829
0.0001	1050			2225677.2205888582	54803839828757.56					0.027044600006775	11	61	54803842055159.75	724.9667710908977
0.0001	1051			2225618.939463236	54803716998978.4					0.024724199989577755	11	62	54803719225322.234	724.9014698305743
0.0001	1052			2225560.005550634	54803592904286.98					0.02635849999205675	11	63	54803595130571.836	724.8544412871092
0.0001	1053			2225500.445614123	54803467576908.58					0.025937300000805408	11	64	54803469803133.875	724.8478679846004
0.0001	1054			2225440.231040315	54803340998947.734					0.025611300006858073	11	65	54803343225112.81	724.8398789510599
0.0001	1055			2225379.3452716866	54803213161935.61					0.025269700010539964	11	66	54803215388039.78	724.830522159226
0.0001	1056			2225317.813365573	54803084092680.38					0.025397999997949228	11	67	54803086318723.016	724.8199616030504
0.0001	1057			2225255.6367851524	54802953792469.21					0.024166200004401617	11	68	54802956018449.66	724.8082158081123
0.0001	1058			2225192.803325764	54802822278164.14					0.026871599999140017	11	69	54802824504081.74	724.7954014070973
0.0001	1059			2225129.339403482	54802689576992.555					0.026386199999251403	11	70	54802691802846.67	724.7816016729878
0.0001	1060			2224991.619837125	54804847292178.29					0.03670100000454113	11	71	54804849517895.02	725.1201379824331
0.0001	1061			2213245.5431205095	54819990258303.33					0.03725470000063069	11	72	54819992472274.75	725.8739168853896
0.0001	1062			2215838.418812113	54789678921207.4					0.03608290001284331	11	73	54789681137771.95	726.1325955607858
0.0001	1063			2215263.8036216497	54787922867885.49					0.036124299993389286	11	74	54787925083875.55	726.2496053709193
0.0001	1064			2189016.968313722	55017741694256.33					0.037931400001980364	11	75	55017743884000.14	726.8458370649472
0.0001	1065			2197919.6692176294	54859309183539.29					0.03423629999451805	11	76	54859311382185.25	726.2912995201292
0.0001	1066			2212995.1580745126	54786842253094.766					0.035420899992459454	11	77	54786844466818.12	728.1989516587005
0.0001	1067			2214215.6376063856	54784335739447.664					0.044797599999583326	11	78	54784337954391.63	728.3302861215211
0.0001	1068			2213406.480577586	54781437006057.61					0.040610599986393936	11	79	54781439220190.19	726.0951672577237
0.0001	1069			2212595.375229212	54778206887325.625					0.04065939999418333	11	80	54778209100647.28	726.2813766039509
	1070	54749874882185.41	66951282585109.87			44.52503806788951	7.928820396367732	54994499229085.09	57659250.44941977	0.14529549999861047	11	72	286696187013624.75	
	1071	54742004104192.875	66951277672692.914			44.445009435336615	7.926039759671926	54986971980170.7	57652939.18224974	0.14178639999590814	11	73	286665728314202.6	
	1072	54734306895645.76	66951272834804.836			44.363800339171775	7.923304312679767	54979548005392.91	57646789.99161996	0.1361557000054745	11	74	286635753113579.6	
	1073	54726783256825.82	66951268102145.77			44.28695545830047	7.9206199337872745	54972227322099.51	57640808.27831238	0.12461210000037681	11	75	286606261495862.4	
	1074	54719432999549.68	66951263414101.77			44.21245441925728	7.917987732470694	54965009989553.95	57634929.62346688	0.1374791000125697	11	76	286577253377159.7	
	1075	54712256156831.85	66951258707886.984			44.137599398360564	7.915407649870463	54957896096820.18	57629189.98508105	0.14010100001178216	11	77	286548729002083.06	
	1076	54705252699417.38	66951254047729.49			44.0622823545196	7.9128738930568945	54950885699671.22	57623546.80973415	0.14339100000506733	11	78	286520688564414.06	
	1077	54698422482673.23	66951249477140.03			43.98554860354567	7.910371081723573	54943978619866.625	57617960.86405001	0.14397579999058507	11	79	286493131420462.1	
	1078	54691765402464.51	66951245005307.71			43.90833020548722	7.907914251045968	54937175354238.836	57612502.750017956	0.13850270000693854	11	80	286466058979899.5	
	1079	54685281282843.87	66951240633108.89			43.831244343715674	7.9054988247366005	54930476020618.586	57607201.181983195	0.1368411000003107	11	81	286439471426890.2	
	1080	54678970123609.12	66951236364051.74			43.75642784701619	7.903123897033109	54923880962291.21	57602104.61965843	0.14846029999898747	11	82	286413369804288.75	
	1081	54672831918225.08	66951232195926.04			43.682270136734246	7.900780891088984	54917375272233.75	57597253.22912702	0.182064900000114	11	83	286387709390313.6	
	1082	54666866775039.02	66951228128645.88			43.60600057063924	7.898482403879755	54910966751016.984	57592677.45295013	0.1898028000141494	11	84	286362513701026.6	
	1083	54661083637609.125	66951224092791.36			43.533629905623876	7.896228708823448	54904661188848.64	57588413.18524279	0.18460290000075474	11	85	286337808988369.1	
	1084	54655475821610.29	66951220143231.4			43.46405022414437	7.89401824051257	54898458797050.164	57584501.08005678	0.21495900000445545	11	86	286313589264979.94	
	1085	54650038398684.64	66951216289908.32			43.38774113204109	7.891853828416441	54892359944106.81	57580996.21498524	0.1742501000117045	11	87	286289850728912.9	
	1086	54644771332289.5	66951212510857.76			43.309120746303776	7.889734716679963	54886364990702.11	57577945.79033633	0.18241130000387784	11	88	286266594413152.4	
	1087	54639674552037.71	66951208812391.2			43.22649560026313	7.887649343174177	54880449152621.016	57575412.203120135	0.17731320000893902	11	89	286243745913456.75	
	1088	54634748331894.28	66951205189630.4			43.146487241469586	7.885558462972428	54874627167578.71	57573495.44780417	0.16152340000553522	11	90	286221349732058.5	
	1089	54629997283341.375	66951201640178.98			43.06769701744813	7.881964956788573	54868904747868.29	57572239.79192768	0.1604254999983823	11	91	286199427623776.0	
	1090	54625416467594.73	66951198164003.61			42.9876085226756	7.878419101818749	54863282044562.38	57571757.919950366	0.17052879999391735	11	92	286177975125545.75	
0.0001	1091			2213450.5573833133	54617664075733.57					0.03158509999047965	12	1	54617666289716.23	532.1001451966173
0.0001	1092			2213473.930367162	54617629035266.09					0.02810529999260325	12	2	54617631249272.14	532.1164095056225
0.0001	1093			2213488.029890608	54617595030562.03					0.029286399992997758	12	3	54617597244582.195	532.1354795517509
0.0001	1094			2213503.582810437	54617562939587.67					0.02415589999873191	12	4	54617565153623.4	532.1395397503335
0.0001	1095			2213522.641049349	54617529168284.734					0.029533299995819107	12	5	54617531382339.516	532.1422510258749
0.0001	1096			2213542.143893804	54617495144204.25					0.028313900009379722	12	6	54617497358278.52	532.136663065033
0.0001	1097			2213562.0291564707	54617459945650.33					0.02688210000633262	12	7	54617462159744.484	532.1243882320363
0.0001	1098			2213582.411097611	54617423588748.16					0.02940259999013506	12	8	54617425802862.68	532.1064124267359
0.0001	1099			2213603.354543176	54617386098688.98					0.031016900000395253	12	9	54617388312824.414	532.0836301887273
0.0001	1100			2213624.790918414	54617347497363.484					0.030354800008353777	12	10	54617349711520.33	532.0568692667455
0.0001	1101			2213647.31227992	54617307818113.48					0.03494230000069365	12	11	54617310032292.82	532.0318071457332
0.0001	1102			2213671.7325015655	54617267357072.8					0.02982680000422988	12	12	54617269571276.664	532.1365754830607
0.0001	1103			2213697.155000227	54617225968640.305					0.03296329999284353	12	13	54617228182869.63	532.174172440698
0.0001	1104			2213722.7103794264	54617183850171.02					0.03431750000163447	12	14	54617186064425.89	532.1561523446038
0.0001	1105			2213748.152261067	54617140699113.63					0.03148979999241419	12	15	54617142913393.92	532.1401847319252
0.0001	1106			2213773.512832331	54617096534381.6					0.03240860000369139	12	16	54617098748687.24	532.1258966768772
0.0001	1107			2213798.862449979	54617051376237.64					0.029054300001007505	12	17	54617053590568.61	532.1132065681901
0.0001	1108			2213824.056948945	54617005239493.61					0.03614849998848513	12	18	54617007453849.766	532.1020546221679
0.0001	1109			2213849.1483711274	54616958141614.44					0.035763799998676404	12	19	54616960355995.68	532.0922218335015
0.0001	1110			2213874.150257603	54616910096132.03					0.03265850000025239	12	20	54616912310538.266	532.0837725881503
0.0001	1111			2213899.0983039443	54616861115940.164					0.03054179999162443	12	21	54616863330371.34	532.0766595105245
0.0001	1112			2213924.020114154	54616811214621.23					0.03379770000174176	12	22	54616813429077.32	532.0706998186216
0.0001	1113			2213948.9412968224	54616760405399.48					0.029461199999786913	12	23	54616762619880.48	532.0658096700867
0.0001	1114			2213973.897202596	54616708700677.39					0.031732300005387515	12	24	54616710915183.35	532.0618925214809
0.0001	1115			2213998.885539732	54616656113304.15					0.03143489999638405	12	25	54616658327835.09	532.0588226916805
0.0001	1116			2214023.944410138	54616602654718.836					0.03565639999578707	12	26	54616604869274.836	532.056602746622
0.0001	1117			2214049.0978533695	54616548337282.23					0.027745500003220513	12	27	54616550551863.38	532.0551599802902
0.0001	1118			2214074.3799194936	54616493172597.37					0.03010340000037104	12	28	54616495387203.805	532.054466886662
0.0001	1119			2214099.8179595773	54616437141164.8					0.03141049999976531	12	29	54616439355796.67	532.0545209275193
0.0001	1120			2214125.431890847	54616380111160.086					0.03165109999827109	12	30	54616382325817.57	532.0549205455358
0.0001	1121			2214151.4096100135	54616322041711.83					0.029720000005909242	12	31	54616324256395.29	532.0553565744907
0.0001	1122			2214177.736120711	54616263083482.58					0.031547199992928654	12	32	54616265298192.37	532.0552675010041
0.0001	1123			2214204.473676523	54616203373236.72					0.024684599993634038	12	33	54616205587973.234	532.0390415551814
0.0001	1124			2214232.7139052073	54616142884374.56					0.028565899992827326	12	34	54616145099139.29	532.0124978066827
0.0001	1125			2214262.223838821	54616081457697.26					0.031021100003272295	12	35	54616083672491.48	531.9944398938306
0.0001	1126			2214292.925826612	54616019067553.23					0.031825400001253	12	36	54616021282378.14	531.982980432762
0.0001	1127			2214324.759478283	54615955828974.516					0.03312230001029093	12	37	54615958043831.25	531.9778444017131
0.0001	1128			2214357.66638766	54615891753403.016					0.0267697999952361	12	38	54615893968292.66	531.9784579394246
0.0001	1129			2214391.605916419	54615826845639.27					0.03318610000133049	12	39	54615829060562.87	531.9847523781477
0.0001	1130			2214426.6677112416	54615761223226.22					0.03025339999294374	12	40	54615763438184.86	531.9759104627691
0.0001	1131			2214461.6601671777	54615694819834.19					0.031249399995431304	12	41	54615697034827.81	531.9590175774348
0.0001	1132			2214496.568017051	54615627589255.65					0.03315229999134317	12	42	54615629804284.164	531.9438661119767
0.0001	1133			2214531.348267139	54615559540829.58					0.030973300003097393	12	43	54615561755892.86	531.9302502323404
0.0001	1134			2214566.0077948696	54615490680756.21					0.02956770001037512	12	44	54615492895854.14	531.9180255219194
0.0001	1135			2214600.7898522164	54615421009090.73					0.027868000004673377	12	45	54615423224223.42	531.9071034537925
0.0001	1136			2214635.557323099	54615350540018.49					0.030944500002078712	12	46	54615352755185.945	531.897373763357
0.0001	1137			2214670.339701364	54615279238099.266					0.03780700000061188	12	47	54615281453301.49	531.8887250212889
0.0001	1138			2214705.168537364	54615207027399.2					0.032669199994415976	12	48	54615209242636.26	531.8810513221773
0.0001	1139			2214740.065431371	54615134030419.24					0.03232080000452697	12	49	54615136245691.18	531.8742771597299
0.0001	1140			2214775.139494696	54615060322122.164					0.037488100002519786	12	50	54615062537429.164	531.8560499919579
0.0001	1141			2214811.4786570375	54614985898458.61					0.03250659999321215	12	51	54614988113801.92	531.8349945201505
0.0001	1142			2214848.946780869	54614910705642.914					0.03165129999979399	12	52	54614912921023.68	531.8212700841618
0.0001	1143			2214887.4944576267	54614834747625.414					0.03439549999893643	12	53	54614836963044.72	531.814234835254
0.0001	1144			2214927.0664289035	54614758031614.625					0.03171999999904074	12	54	54614760247073.51	531.8133609782986
0.0001	1145			2214967.7293128856	54614680676126.734					0.032110200001625344	12	55	54614682891626.26	531.7978470468153
0.0001	1146			2215008.173798739	54614602572186.945					0.03303279999818187	12	56	54614604787726.9	531.7808215715653
0.0001	1147			2215048.413616171	54614523708911.98					0.030449900004896335	12	57	54614525924492.16	531.7655475122725
0.0001	1148			2215088.4891753756	54614444094205.21					0.029002700001001358	12	58	54614446309825.45	531.7518749011608
0.0001	1149			2215128.444433578	54614363734644.62					0.029063900001347065	12	59	54614365950304.805	531.7396677270646
0.0001	1150			2215168.404294503	54614283188437.0					0.03416399999696296	12	60	54614285404137.13	531.7288135648766
0.0001	1151			2215205.863990822	54614201452644.54					0.03178489999845624	12	61	54614203668382.125	531.7203456647355
0.0001	1152			2215243.5951942503	54614119482580.54					0.03208259999519214	12	62	54614121698355.84	531.7128999082903
0.0001	1153			2215281.5179846454	54614036741780.03					0.029588400007924065	12	63	54614038957593.25	531.7063958716209
0.0001	1154			2215319.6877901093	54613953262349.03					0.02756299999600742	12	64	54613955478200.414	531.6973868975596
0.0001	1155			2215359.37341732	54613869109493.336					0.02558349999890197	12	65	54613871325384.4	531.6857997418697
0.0001	1156			2215400.452880713	54613784276166.766					0.02746909999405034	12	66	54613786492098.89	531.6743420054652
0.0001	1157			2215441.57218609	54613698721217.305					0.02932850000797771	12	67	54613700937190.54	531.6604219595538
0.0001	1158			2215482.7044270225	54613612432918.41					0.02761849999660626	12	68	54613614648932.76	531.6480357617215
0.0001	1159			2215523.872066461	54613525421875.82					0.028804999994463287	12	69	54613527637931.336	531.6370582022668
0.0001	1160			2215565.095962641	54613437699004.57					0.029383100001723506	12	70	54613439915101.29	531.6273980071838
0.0001	1161			2215729.2277558264	54615044336327.78					0.04006649999064393	12	71	54615046552588.88	531.8736082865944
0.0001	1162			2354294.9170726608	55840173055908.05					0.04426710000552703	12	72	55840175412059.32	1856.3591442807317
0.0001	1163			2307331.8490951345	55581327459309.97					0.048703099993872456	12	73	55581329768235.43	1593.6105212418681
0.0001	1164			2193991.987246868	54782059297220.11					0.043723399998270907	12	74	54782061491765.42	553.3249530789574
0.0001	1165			2207793.227999826	54633636082002.17					0.04102089999651071	12	75	54633638290323.44	528.0401226422422
0.0001	1166			2208281.9571798216	54632497005497.914					0.045088200000463985	12	76	54632499214308.11	528.235684891479
0.0001	1167			2213054.110121617	54623471087292.38					0.042441199999302626	12	77	54623473300877.24	530.7491165177507
0.0001	1168			2215344.948249813	54617860811710.87					0.04523659999540541	12	78	54617863027588.33	532.5132951995511
0.0001	1169			2216099.275047958	54615744210714.38					0.04533639999863226	12	79	54615746427348.01	534.3478093992322
0.0001	1170			2215817.5095471526	54612403526150.05					0.04621220000262838	12	80	54612405742503.13	535.5749547896419
	1171	54608919711961.516	54621005821040.97			1.2152905229635915	0.3317472837260709	54650763205275.195	38035.52449874198	0.16018540000368375	12	72	273182222756179.38	
	1172	54606997651333.516	54621004376568.875			1.2109945703033114	0.33064914228815356	54649021210337.39	37904.125071281815	0.1636830000061309	12	73	273175073239985.12	
	1173	54605084332869.73	54621002940309.65			1.206704588849471	0.32955334282536786	54647285570111.19	37773.000398082724	0.15195420000236481	12	74	273167951538357.66	
	1174	54603180340599.555	54621001501341.13			1.202423271743722	0.32845945893223993	54645556076984.984	37641.98677066336	0.1754190999927232	12	75	273160857601536.75	
	1175	54601285689885.43	54621000065936.336			1.1981470754560728	0.3273675588986099	54643832721860.734	37511.24835659905	0.17154860000300687	12	76	273153791423896.53	
	1176	54599400387272.016	54620998635291.766			1.1938647883955642	0.3262775267127859	54642115500210.07	37380.74742711278	0.17078739999851678	12	77	273146752999585.5	
	1177	54597524267666.91	54620997210211.79			1.189598625720477	0.32518527908241535	54640404502254.88	37250.50052627523	0.16135880000365432	12	78	273139742434984.62	
	1178	54595657228087.195	54620995790908.48			1.1853475218199374	0.3240884656674369	54638699781126.66	37120.51016844502	0.1590870000072755	12	79	273132759786717.97	
	1179	54593799409165.555	54620994377301.85			1.1811093305767089	0.32299371064259275	54637001214532.3	36990.742769290046	0.15443100000265986	12	80	273125804828452.28	
	1180	54591950919899.17	54620992964969.016			1.1768734519524962	0.32190128316700484	54635308762025.72	36861.2110863893	0.1400201000069501	12	81	273118877543426.16	
	1181	54590111731970.836	54620991559211.54			1.1726599013291543	0.32081139667692904	54633622426763.016	36731.958486336465	0.14813159999903291	12	82	273111977918100.88	
	1182	54588282087843.85	54620990161538.07			1.1684663902768495	0.3197243925496063	54631942116812.39	36603.03337220352	0.14212859999679495	12	83	273105105920662.7	
	1183	54586461788836.41	54620988771804.24			1.1642924126406684	0.3186402520193422	54630267884135.8	36474.42020409003	0.14618130000599194	12	84	273098261508168.12	
	1184	54584650955557.27	54620987389316.85			1.1601360404513523	0.31755902113181755	54628599693941.125	36346.08033471431	0.14407619999838062	12	85	273091444696148.75	
	1185	54582849488074.96	54620986013879.98			1.155992114939136	0.31648064648662394	54626937575339.76	36217.99250830671	0.1435949000006076	12	86	273084655471807.1	
	1186	54581057417831.27	54620984646163.38			1.151866880013871	0.3154050570534706	54625281499856.39	36090.249409081094	0.13944730001094285	12	87	273077893781847.25	
	1187	54579274628408.195	54620983287480.86			1.1477384981909478	0.31433211007629025	54623631497059.375	35962.839702882	0.12909029998991173	12	88	273071159599867.8	
	1188	54577501116040.21	54620981941507.18			1.1435987042586586	0.31326202040859275	54621987560754.234	35835.746846970986	0.13623619999270886	12	89	273064452907191.3	
	1189	54575736841436.98	54620980610438.78			1.13946684496061	0.3121947967832836	54620349696436.18	35708.97063120914	0.13837089999287855	12	90	273057773683209.44	
	1190	54573981854765.19	54620979288324.14			1.1353449178988253	0.3111304338892329	54618717876210.32	35582.48538074644	0.13815540001087356	12	91	273051121888447.56	
	1191	54572236206192.2	54620977973511.24			1.1312233538399399	0.3100687533039348	54617092073269.2	35456.28629216755	0.14265740000701044	12	92	273044497490997.7	
0.0001	1192			2230819.7133501708	54366870800278.8					0.028754700004355982	13	1	54366873031795.02	696.5150850011964
0.0001	1193			2230836.50898757	54366865440068.164					0.028121199997258373	13	2	54366867671601.2	696.5324493098348
0.0001	1194			2230851.5769590014	54366859304756.25					0.028406899989931844	13	3	54366861536304.34	696.5164318599705
0.0001	1195			2230866.133552861	54366853218975.26					0.0274475999904098	13	4	54366855450537.914	696.5218039633422
0.0001	1196			2230881.9328757063	54366846565743.76					0.026807700007339008	13	5	54366848797322.21	696.519917600505
0.0001	1197			2230899.0301832166	54366839481033.02					0.026494299992918968	13	6	54366841712628.64	696.5890684939582
0.0001	1198			2230919.2505333833	54366831973011.69					0.024182199995266274	13	7	54366834204627.516	696.5782716245512
0.0001	1199			2230939.926897975	54366824832708.766					0.0287291999993613	13	8	54366827064345.27	696.5756508054311
0.0001	1200			2230961.7553057102	54366817724531.28					0.027140400008647703	13	9	54366819956189.61	696.5719528476199
0.0001	1201			2230984.971458261	54366810100287.64					0.026363600001786835	13	10	54366812331969.18	696.5671261785498
0.0001	1202			2231009.456587959	54366802002827.03					0.02466419999836944	13	11	54366804234533.05	696.5614943369225
0.0001	1203			2231034.7729413495	54366793464501.45					0.02493549999780953	13	12	54366795696232.78	696.5551910157145
0.0001	1204			2231060.7676342963	54366784549627.85					0.025652099997387268	13	13	54366786781385.164	696.5484110775924
0.0001	1205			2231087.547159082	54366776475583.34					0.024880199998733588	13	14	54366778707367.43	696.5416093421809
0.0001	1206			2231113.890963643	54366768068946.3					0.02665529999649152	13	15	54366770300756.73	696.5353841651432
0.0001	1207			2231140.153652868	54366759413718.8					0.024432800011709332	13	16	54366761645555.484	696.530869821867
0.0001	1208			2231166.0654765316	54366750348289.016					0.027746299994760193	13	17	54366752580151.6	696.5269921659666
0.0001	1209			2231191.6514280154	54366740762932.02					0.027120600003399886	13	18	54366742994820.195	696.5237828947947
0.0001	1210			2231217.005082659	54366730706917.266					0.028499499996542	13	19	54366732938830.8	696.5209652274076
0.0001	1211			2231242.4101927034	54366720568489.87					0.028439899993827567	13	20	54366722800428.8	696.5185423713806
0.0001	1212			2231268.915707686	54366710746716.805					0.028312099995673634	13	21	54366712978682.234	696.515131597186
0.0001	1213			2231296.483471254	54366700459498.484					0.028841899998951703	13	22	54366702691491.48	696.5107237423966
0.0001	1214			2231325.06982505	54366689726350.914					0.02814110000326764	13	23	54366691958372.49	696.5053864163192
0.0001	1215			2231354.4862574153	54366678563818.53					0.02750470000319183	13	24	54366680795869.516	696.4993799989488
0.0001	1216			2231384.8186082053	54366667621183.98					0.03357829999004025	13	25	54366669853265.29	696.4925140680673
0.0001	1217			2231416.01116468	54366656421257.19					0.03276969998842105	13	26	54366658653369.68	696.4851154088433
0.0001	1218			2231447.9777634116	54366644764757.25					0.032332500006305054	13	27	54366646996901.7	696.4769456204749
0.0001	1219			2231480.65476159	54366633089469.125					0.02939670000341721	13	28	54366635321646.25	696.4682389321036
0.0001	1220			2231513.4236156098	54366620614131.76					0.03306090000842232	13	29	54366622846341.64	696.4645196350243
0.0001	1221			2231546.848477636	54366608420149.42					0.03075439999520313	13	30	54366610652392.734	696.4597554514785
0.0001	1222			2231581.094511268	54366596247940.91					0.03165600000647828	13	31	54366598480218.45	696.454042502658
0.0001	1223			2231616.24284045	54366583710909.7					0.02779069999814965	13	32	54366585943222.39	696.4474596847012
0.0001	1224			2231651.2275823276	54366570757990.97					0.027296700005535968	13	33	54366572990338.64	696.4415569112917
0.0001	1225			2231686.0080565917	54366557890864.19					0.02752869999676477	13	34	54366560123246.63	696.4362616482175
0.0001	1226			2231720.3759407424	54366544713947.78					0.027777600000263192	13	35	54366546946364.586	696.4314902546153
0.0001	1227			2231754.505599454	54366531125748.35					0.027138899997225963	13	36	54366533358199.29	696.427194655238
0.0001	1228			2231789.615038275	54366517301917.875					0.026559200006886385	13	37	54366519534403.914	696.4225861969504
0.0001	1229			2231825.132165924	54366503413786.016					0.027445699990494177	13	38	54366505646307.57	696.4226731308598
0.0001	1230			2231861.7737861583	54366489705325.016					0.02885029999015387	13	39	54366491937883.21	696.4212558138963
0.0001	1231			2231899.440857891	54366475528225.984					0.028117599998950027	13	40	54366477760821.84	696.4184563681292
0.0001	1232			2231937.946590004	54366460963936.85					0.026857000004383735	13	41	54366463196571.21	696.4144147619261
0.0001	1233			2231977.110547994	54366446319850.91					0.026654399989638478	13	42	54366448552524.42	696.4093005407934
0.0001	1234			2232016.5591265215	54366431396765.09					0.026835600001504645	13	43	54366433629478.06	696.4031810736335
0.0001	1235			2232056.652631409	54366416152748.64					0.02554010000312701	13	44	54366418385501.695	696.3961081543433
0.0001	1236			2232096.540688318	54366400870779.54					0.025477400005911477	13	45	54366403103572.47	696.3897287174692
0.0001	1237			2232136.1058546803	54366385226536.84					0.02361669999663718	13	46	54366387459369.336	696.3838073637668
0.0001	1238			2232177.0402974808	54366369148623.74					0.025880200002575293	13	47	54366371381497.16	696.3772322048856
0.0001	1239			2232219.2779200273	54366353176049.29					0.023971999995410442	13	48	54366355408964.94	696.3702039288339
0.0001	1240			2232262.9016955667	54366337110572.125					0.02601899999717716	13	49	54366339343531.38	696.3621911095041
0.0001	1241			2232307.01373825	54366320671871.484					0.02495669999916572	13	50	54366322904874.86	696.3590338519004
0.0001	1242			2232351.9228490256	54366304473147.36					0.026296599986380897	13	51	54366306706195.63	696.3544310124067
0.0001	1243			2232396.252609601	54366288112627.61					0.02761869999812916	13	52	54366290345720.21	696.3504768898778
0.0001	1244			2232440.024114704	54366271197516.016					0.027338200001395307	13	53	54366273430652.38	696.347087058211
0.0001	1245			2232483.47378402	54366253914739.01					0.026143600000068545	13	54	54366256147918.83	696.344062192411
0.0001	1246			2232527.927200224	54366236908313.87					0.028052100009517744	13	55	54366239141538.14	696.3400391556688
0.0001	1247			2232573.689607479	54366219529251.68					0.027924499998334795	13	56	54366221762521.7	696.3338775718148
0.0001	1248			2232621.0818405403	54366201676982.43					0.02679849999549333	13	57	54366203910299.836	696.326465530259
0.0001	1249			2232669.611446095	54366183389107.08					0.029338299995288253	13	58	54366185622473.01	696.3178985976989
0.0001	1250			2232719.183123227	54366165582103.125					0.025953299991670065	13	59	54366167815518.61	696.3080272051827
0.0001	1251			2232769.849259838	54366147374916.32					0.02532499999506399	13	60	54366149608382.47	696.2970901409059
0.0001	1252			2232821.457532075	54366128692488.63					0.026059099996928126	13	61	54366130926006.38	696.2852579664387
0.0001	1253			2232874.0648367745	54366109652975.24					0.027408800000557676	13	62	54366111886545.58	696.2726057311767
0.0001	1254			2232925.8089344064	54366090342993.484					0.02847359998850152	13	63	54366092576615.555	696.2611516731271
0.0001	1255			2232976.931738101	54366071807809.555					0.029452900009346195	13	64	54366074041482.734	696.2507562490134
0.0001	1256			2233028.656645649	54366052425329.08					0.029572799991001375	13	65	54366054659053.98	696.242340798501
0.0001	1257			2233079.984345221	54366033304519.266					0.03079750000324566	13	66	54366035538295.484	696.2347145901018
0.0001	1258			2233132.1957540195	54366014105102.99					0.030908000000636093	13	67	54366016338931.414	696.2256372517958
0.0001	1259			2233185.2941687563	54365994408090.69					0.028853399999206886	13	68	54365996641972.2	696.2152054594466
0.0001	1260			2233239.2180188736	54365974698300.016					0.02917590001015924	13	69	54365976932235.44	696.203501793211
0.0001	1261			2233294.3202082017	54365954615659.56					0.02911949998815544	13	70	54365956849650.07	696.1908072438277
0.0001	1262			2233581.676194514	54366253904893.305					0.043156800005817786	13	71	54366256139171.16	696.169141497784
0.0001	1263			2234016.1443220377	54366185872037.69					0.041821999999228865	13	72	54366188106749.945	696.1143580456835
0.0001	1264			2244908.406623872	54365945609219.63					0.039533100003609434	13	73	54365947854824.69	696.6452395608884
0.0001	1265			2241744.431691318	54365255520269.72					0.03927910000493284	13	74	54365257762709.984	695.8357826257949
0.0001	1266			2242187.34056015	54365147068625.695					0.03693380000186153	13	75	54365149311508.89	695.850693649369
0.0001	1267			2258287.124352144	54361936568253.81					0.039461099993786775	13	76	54361938827235.945	695.0054017170321
0.0001	1268			2322342.1133514456	54488447759557.52					0.03947580000385642	13	77	54488450082627.22	727.5803076483093
0.0001	1269			2292098.8486724333	54428002447879.266					0.037711099997977726	13	78	54428004740666.24	688.1280746759995
0.0001	1270			2260335.3421939462	54365925460842.14					0.039506899993284605	13	79	54365927721880.24	702.7575803524655
0.0001	1271			2258569.336432012	54361978762143.555					0.039875299989944324	13	80	54361981021409.88	696.9900964193661
	1272	54358441185458.88	54570499839207.68			0.528104488344109	0.16154949701525045	54530739546586.94	13430.117014067951	0.14634619999560528	13	72	272521162350558.0	
	1273	54358357880279.34	54570499913605.664			0.5280697466341148	0.1614969130732565	54530306703967.266	13417.442475610063	0.1383573999919463	13	73	272519780589382.53	
	1274	54358274952607.15	54570499988861.945			0.5280378019286565	0.1614442518529744	54529875311214.7	13404.88016118452	0.1368326999945566	13	74	272518403556196.47	
	1275	54358192385404.14	54570500064748.07			0.5280106241458892	0.1613916921910982	54529445352167.93	13392.273202351455	0.13622159999795258	13	75	272517031185217.88	
	1276	54358110189891.42	54570500141541.336			0.5279839908314965	0.1613391383884689	54529016829530.55	13379.815939784752	0.1460810999997193	13	76	272515663496094.75	
	1277	54358028383115.36	54570500218715.02			0.5279568222975487	0.16128650007581508	54528589713508.2	13367.501314187872	0.15100230000098236	13	77	272514300415962.47	
	1278	54357947015054.55	54570500297948.984			0.5279328007320245	0.16123378239609565	54528163987460.69	13355.3270288645	0.13846439999178983	13	78	272512941946558.2	
	1279	54357866061810.38	54570500377458.68			0.527899970591664	0.16118110740051458	54527739648414.85	13343.297602439343	0.13596119999419898	13	79	272511588053280.3	
	1280	54357785520468.72	54570500457640.15			0.527863847631275	0.1611285316182044	54527316685766.47	13331.409088406583	0.1410567999992054	13	80	272510238701797.28	
	1281	54357705364801.195	54570500536162.94			0.5278229688248327	0.16107607187856735	54526895077248.516	13319.640854263514	0.14496440000948496	13	81	272508893796745.03	
	1282	54357625610781.234	54570500613935.69			0.5277785408468021	0.1610236665215064	54526474809888.7	13307.991772201623	0.14280459999281447	13	82	272507553316088.56	
	1283	54357546247913.51	54570500690973.51			0.5277314263311296	0.1609713219634733	54526055892762.74	13296.494187877446	0.13979509999626316	13	83	272506217276581.25	
	1284	54357467268720.93	54570500767867.53			0.5276856826337981	0.16091893847373467	54525638315847.53	13285.138621213153	0.14560299999720883	13	84	272504885641265.94	
	1285	54357388672018.875	54570500910393.64			0.5276398558873436	0.1608665676008961	54525222068210.91	13273.91487698128	0.13424650000524707	13	85	272503558441935.34	
	1286	54357310446176.82	54570501120973.734			0.5275942304042576	0.1608142345859735	54524807139488.59	13262.778432583082	0.1317306999990251	13	86	272502235638279.16	
	1287	54357232593933.49	54570501332657.36			0.5275455111895837	0.16076185807333504	54524393503096.16	13251.522261361408	0.14272129999881145	13	87	272500917086290.88	
	1288	54357155106634.8	54570501544936.78			0.527499229189974	0.1607095713667329	54523981170611.28	13240.405050391886	0.14143190000322647	13	88	272499602811593.56	
	1289	54357077980319.41	54570501757905.51			0.5274542901950866	0.16065734881179738	54523570132755.086	13229.420088567233	0.13770459999796003	13	89	272498292782481.25	
	1290	54357001193034.086	54570501972026.43			0.5274107307935286	0.16060515311571882	54523160379651.734	13218.563300583899	0.14304909999191295	13	90	272496986947835.44	
	1291	54356924759016.69	54570502188104.27			0.5273646795808201	0.16055302787846273	54522751902917.47	13207.831593811592	0.1367418000008911	13	91	272495685297546.75	
	1292	54356848671418.4	54570502407888.82			0.5273147790707078	0.1605009971702163	54522344695959.484	13197.223801212793	0.12824819999514148	13	92	272494387806737.5	
0.0001	1293			2216705.3253084244	54324450735894.72					0.029376299993600696	14	1	54324452953717.85	1117.807157453716
0.0001	1294			2216682.1186241605	54324437162412.2					0.026939600007608533	14	2	54324439380212.09	1117.775585859794
0.0001	1295			2216661.9825392966	54324424614571.9					0.027126200002385303	14	3	54324426832351.625	1117.745470222932
0.0001	1296			2216641.781434957	54324411970801.32					0.02974779999931343	14	4	54324414188560.81	1117.714830698867
0.0001	1297			2216620.825835786	54324398996086.23					0.029823899996699765	14	5	54324401213824.734	1117.6827000701678
0.0001	1298			2216599.1976786116	54324385589472.33					0.029059299995424226	14	6	54324387807189.17	1117.6491723306308
0.0001	1299			2216576.8208362362	54324371712586.625					0.028232199998456053	14	7	54324373930281.06	1117.6142628458795
0.0001	1300			2216553.657025308	54324357350156.234					0.02689940000709612	14	8	54324359567827.47	1117.5779476398825
0.0001	1301			2216529.715273164	54324342493802.76					0.0268149000039557	14	9	54324344711450.016	1117.5401103274912
0.0001	1302			2216504.9696857715	54324327140096.68					0.027000000001862645	14	10	54324329357719.15	1117.5008654611304
0.0001	1303			2216479.4099452286	54324311288331.445					0.02673040000081528	14	11	54324313505928.31	1117.4602401894272
0.0001	1304			2216453.0686741574	54324294938617.99					0.0258960999926785	14	12	54324297156188.484	1117.418116617836
0.0001	1305			2216425.9256386613	54324278091558.95					0.026958799993735738	14	13	54324280309102.25	1117.374558682389
0.0001	1306			2216397.9780170145	54324260748272.83					0.02832769999804441	14	14	54324262965788.13	1117.3295808301111
0.0001	1307			2216369.2421613215	54324242910368.4					0.02816109999548644	14	15	54324245127854.92	1117.2831534452555
0.0001	1308			2216339.7193778483	54324224579283.9					0.02854010000010021	14	16	54324226796740.85	1117.2352994862442
0.0001	1309			2216309.3891819715	54324205756854.555					0.03437310000299476	14	17	54324207974281.13	1117.1860666992702
0.0001	1310			2216278.2707956256	54324186444714.82					0.030992200001492165	14	18	54324188662110.23	1117.1354198943272
0.0001	1311			2216246.3562495457	54324166645212.766					0.030020299993338995	14	19	54324168862576.21	1117.083370596838
0.0001	1312			2216213.6394592645	54324146359175.83					0.02662590000545606	14	20	54324148576506.5	1117.0299917535997
0.0001	1313			2216180.1226091417	54324125588228.58					0.027275600004941225	14	21	54324127805525.68	1116.9752863653534
0.0001	1314			2216145.8089634716	54324104332469.73					0.028087099999538623	14	22	54324106549732.46	1116.9191926858016
0.0001	1315			2216110.692524412	54324082593249.6					0.026735300009022467	14	23	54324084810477.16	1116.8617193562814
0.0001	1316			2216074.772611408	54324060372456.48					0.02731350000249222	14	24	54324062589648.055	1116.8028728401762
0.0001	1317			2216038.063523276	54324037672661.25					0.029115299999830313	14	25	54324039889816.055	1116.742698647407
0.0001	1318			2216000.5782892536	54324014494061.7					0.027296000000205822	14	26	54324016711178.96	1116.6812679752704
0.0001	1319			2215962.326486376	54323990838299.375					0.02595259998633992	14	27	54323993055378.32	1116.6185333835876
0.0001	1320			2215923.3122817287	54323966708076.05					0.02770809999492485	14	28	54323968925115.914	1116.5544871045288
0.0001	1321			2215883.535150355	54323942104650.4					0.026558800003840588	14	29	54323944321650.42	1116.4891668707712
0.0001	1322			2215843.004521486	54323917027904.8					0.026811999996425584	14	30	54323919244864.23	1116.42258781928
0.0001	1323			2215801.7128123525	54323891481550.52					0.026664699995308183	14	31	54323893698468.586	1116.3547399864237
0.0001	1324			2215759.663143004	54323865466515.17					0.02573829999892041	14	32	54323867683391.125	1116.2856582759282
0.0001	1325			2215716.854631621	54323838982432.65					0.025578000000678003	14	33	54323841199265.72	1116.2153192397582
0.0001	1326			2215673.287351746	54323812032495.17					0.026419799993163906	14	34	54323814249284.6	1116.1437238440208
0.0001	1327			2215628.96308226	54323784617243.695					0.02544859999034088	14	35	54323786833988.73	1116.0708729067728
0.0001	1328			2215583.8855871507	54323756738899.83					0.02342260000295937	14	36	54323758955599.71	1115.9968387629935
0.0001	1329			2215538.051896487	54323728398982.06					0.025824199998169206	14	37	54323730615636.04	1115.9216177684543
0.0001	1330			2215491.453806565	54323699599120.07					0.022848399996291846	14	38	54323701815727.37	1115.845206930244
0.0001	1331			2215444.108416288	54323670342820.24					0.02772499999264255	14	39	54323672559380.12	1115.7675718497383
0.0001	1332			2215396.017838707	54323640629112.44					0.027292800004943274	14	40	54323642845624.14	1115.6887503103653
0.0001	1333			2215347.193721865	54323610460869.49					0.029137699995771982	14	41	54323612677332.3	1115.6087638786964
0.0001	1334			2215297.638159811	54323579839550.71					0.02906409998831805	14	42	54323582055963.88	1115.527610915655
0.0001	1335			2215247.348844644	54323548767665.67					0.02725759999884758	14	43	54323550984028.47	1115.4452890836737
0.0001	1336			2215196.3314049914	54323517246658.2					0.02792090000002645	14	44	54323519462969.89	1115.3617978021123
0.0001	1337			2215144.5985791753	54323485274689.664					0.028462000002036802	14	45	54323487490949.54	1115.2770864810423
0.0001	1338			2215092.1343861	54323452860093.984					0.03108609998889733	14	46	54323455076301.305	1115.1912253514392
0.0001	1339			2215038.9461693163	54323420003382.26					0.027997400000458583	14	47	54323422219536.305	1115.1042135266687
0.0001	1340			2214985.0500429054	54323386703647.02					0.029233199995360337	14	48	54323388919747.086	1115.016050589804
0.0001	1341			2214930.4510588683	54323352965112.87					0.026478599989786744	14	49	54323355181158.25	1114.926735648213
0.0001	1342			2214875.1343554663	54323318790818.88					0.02942089999851305	14	50	54323321006808.85	1114.8362709143082
0.0001	1343			2214819.0966748833	54323284179929.46					0.028568399997311644	14	51	54323286395863.3	1114.7446569808537
0.0001	1344			2214762.3385259984	54323249136879.5					0.028156900007161312	14	52	54323251352756.484	1114.6518972221513
0.0001	1345			2214704.885564549	54323213660089.38					0.02662610000697896	14	53	54323215875908.82	1114.5579380213894
0.0001	1346			2214646.747463174	54323177755386.51					0.026195799990091473	14	54	54323179971147.72	1114.4627852458768
0.0001	1347			2214587.905856334	54323141420417.41					0.02752449999388773	14	55	54323143636119.68	1114.3664445495485
0.0001	1348			2214528.397483086	54323104657870.73					0.027469599997857586	14	56	54323106873513.39	1114.2688615215832
0.0001	1349			2214468.2160036974	54323067471474.59					0.026519800012465566	14	57	54323069687056.984	1114.1700474210172
0.0001	1350			2214407.3665842297	54323029867613.34					0.02697730000363663	14	58	54323032083134.78	1114.0700121511888
0.0001	1351			2214345.837415101	54322991850466.1					0.027053699988755397	14	59	54322994065925.91	1113.9687667545907
0.0001	1352			2214283.643379718	54322953423805.03					0.026415699991048314	14	60	54322955639202.54	1113.8663216878203
0.0001	1353			2214220.78733485	54322914586519.44					0.027043999987654388	14	61	54322916801853.99	1113.7626868662169
0.0001	1354			2214157.2659311392	54322875345354.24					0.028099900009692647	14	62	54322877560625.164	1113.6578717623765
0.0001	1355			2214093.083432843	54322835702634.945					0.02695800000219606	14	63	54322837917841.586	1113.5518867106937
0.0001	1356			2214028.2585782507	54322795660696.8					0.0278245999943465	14	64	54322797875838.5	1113.4447405916899
0.0001	1357			2213962.769952685	54322755225218.83					0.02690130000701174	14	65	54322757440294.94	1113.3364423592693
0.0001	1358			2213896.624429578	54322714259417.14					0.02574500000628177	14	66	54322716474426.99	1113.227000432565
0.0001	1359			2213829.8655949733	54322672653325.7					0.02728660000138916	14	67	54322674868268.69	1113.1164526973162
0.0001	1360			2213762.488184769	54322630648122.14					0.02586160000646487	14	68	54322632862997.63	1113.004804983802
0.0001	1361			2213694.5219005425	54322587870694.445					0.025795800000196323	14	69	54322590085501.86	1112.8920790326529
0.0001	1362			2213625.968767821	54322544681269.87					0.025380999999470077	14	70	54322546896008.62	1112.7782940599407
0.0001	1363			2213254.5601033936	54323183026369.32					0.034005899986368604	14	71	54323185240737.5	1113.6165284827382
0.0001	1364			3819892.1810182245	1094885703552.5798					0.04066400000010617	14	72	1094889551931.5504	28486.78953033317
0.0001	1365			4016579.870044015	36197894710470.81					0.04065170000831131	14	73	36197898751978.93	24928.24779793153
0.0001	1366			3297771.941049415	1118934433524.357					0.04282719999901019	14	74	1118937731607.117	310.81893106694935
0.0001	1367			11494849.091818888	14519651337609.783					0.04464890000235755	14	75	14519662832677.992	219.1170396220249
0.0001	1368			3610019.094215159	1013889256072.8055					0.0472750999906566	14	76	1013892866402.7188	310.81893106694935
0.0001	1369			4210354.838702773	1041550324462.3212					0.04953560000285506	14	77	1041554535127.9789	310.81893106694935
0.0001	1370			4670160.990013638	1001777129212.4219					0.046445300002233125	14	78	1001781799684.2308	310.81893106694935
0.0001	1371			8034691.090326036	43202880929171.81					0.052383599992026575	14	79	43202888964589.72	726.8137336744335
0.0001	1372			2761051.4656193866	3130408958184.3086					0.054045099997892976	14	80	3130411719998.485	762.7103662277586
	1373	1343939861894.6848	54356772936671.52			459774.5121384051	4921.84257785843	28051486244317.773	481647402.6799489	0.19242249999660999	14	72	139951593016176.38	
	1374	1343939860407.1758	54356772232145.21			459774.54740452685	4921.8622792877795	28051270076246.652	481650895.64922917	0.1999898999929428	14	73	139950944504550.3	
	1375	1343939858208.5015	54356771479086.2			459774.5801982427	4921.881823159226	28051055597947.223	481654367.04534066	0.17723990000376943	14	74	139950301008680.31	
	1376	1343939855779.0437	54356770726813.43			459774.6122124233	4921.901317213265	28050842798366.074	481657831.8505357	0.17338330000347923	14	75	139949662548202.27	
	1377	1343939853237.7927	54356769977588.35			459774.6438388672	4921.920784891799	28050631668001.883	481661293.22174853	0.16279750000103377	14	76	139949029097624.12	
	1378	1343939850560.0237	54356769231453.56			459774.67515825504	4921.940228487575	28050422197594.887	481664751.6854594	0.15916260000085458	14	77	139948400629289.77	
	1379	1343939848225.4941	54356768488650.484			459774.7064838293	4921.959600779581	28050214377652.176	481668209.2405708	0.16319449999718927	14	78	139947777115841.52	
	1380	1343939846013.2554	54356767748749.59			459774.7374244584	4921.978865976857	28050008189080.316	481671661.73171276	0.16416020000178833	14	79	139947158498517.42	
	1381	1343939843465.734	54356767005851.78			459774.7674062608	4921.9980052021365	28049803617247.008	481675105.17650187	0.16276530000322964	14	80	139946544726267.31	
	1382	1343939840484.4321	54356766263707.805			459774.79611473315	4922.017078982216	28049600669445.656	481678539.04725456	0.15493070000957232	14	81	139945935824518.06	
	1383	1343939837080.9226	54356765524514.57			459774.82352507854	4922.0360903008805	28049399336511.73	481681964.37045914	0.1581912999972701	14	82	139945331768189.84	
	1384	1343939833204.1912	54356764788742.51			459774.8494051255	4922.055009539325	28049199609399.17	481685378.64880395	0.15599560001282953	14	83	139944732530064.4	
	1385	1343939828802.922	54356764056775.58			459774.8736913972	4922.0738362589045	28049001479071.926	481688780.6526532	0.16190339998865966	14	84	139944138083120.28	
	1386	1343939823812.5754	54356763327674.586			459774.8960454629	4922.092564646891	28048804936578.48	481692171.6398347	0.1544702000101097	14	85	139943548399750.7	
	1387	1343939818149.1309	54356762602027.79			459774.9162427237	4922.1111821914765	28048609972570.16	481695550.2063463	0.15702129999408498	14	86	139942963452133.03	
	1388	1343939811914.4192	54356761879769.92			459774.9346016353	4922.129701621613	28048416576898.055	481698918.0575259	0.1522223999927519	14	87	139942383210198.22	
	1389	1343939804925.2227	54356761162481.2			459774.95058461785	4922.148040147157	28048224725443.094	481702273.02461004	0.16020810000190977	14	88	139941807602552.22	
	1390	1343939797163.344	54356760450623.734			459774.9641097762	4922.166260852398	28048034439502.26	481705619.6652145	0.15916360000846907	14	89	139941236694441.38	
	1391	1343939788586.1948	54356759745242.695			459774.95902755833	4922.184365331672	28047845955627.152	481708963.4096027	0.16411679999146145	14	90	139940671197605.9	
	1392	1343939779404.744	54356759046539.78			459774.94862251246	4922.202403961344	28047659161240.414	481712314.6198799	0.1651445000024978	14	91	139940110776801.5	
	1393	1343939769795.7473	54356758355940.625			459774.9568589693	4922.220411665937	28047474010117.83	481715683.75259525	0.155291600007331	14	92	139939555297053.95	
0.0001	1394			2500000.0	1385605150117.7388					0.028420100003131665	15	1	1385607650881.0825	763.3436998901199
0.0001	1395			2499993.5836446024	1385574691285.5193					0.026657199996407144	15	2	1385577192042.446	763.3430738130357
0.0001	1396			2499985.5150319403	1385535433723.8926					0.02499629999510944	15	3	1385537934472.7502	763.3426243719438
0.0001	1397			2499978.3287850535	1385503374990.7915					0.030987399994046427	15	4	1385505875732.4624	763.3421109806695
0.0001	1398			2499969.940160479	1385470054022.77					0.02987899999425281	15	5	1385472554756.0518	763.3416488502554
0.0001	1399			2499958.2360681724	1385434144637.305					0.030842599997413345	15	6	1385436645358.8823	763.3412772898513
0.0001	1400			2499944.1509791566	1385396545710.7659					0.03140240001084749	15	7	1385399046418.2576	763.3409384166047
0.0001	1401			2499930.191371841	1385356966501.745					0.03416999999899417	15	8	1385359467195.277	763.340598366457
0.0001	1402			2499915.447390116	1385315410655.0276					0.03513289999682456	15	9	1385317911333.8154	763.340275876799
0.0001	1403			2499899.8708122387	1385271979139.485					0.03537270000379067	15	10	1385274479802.6958	763.3399564092731
0.0001	1404			2499884.2098179213	1385226747053.6448					0.0343633000011323	15	11	1385229247701.194	763.3396194906557
0.0001	1405			2499868.0798979187	1385180307357.1917					0.03416680000373162	15	12	1385182807988.611	763.3395397653688
0.0001	1406			2499853.434266342	1385132547539.5535					0.03517400000419002	15	13	1385135048156.3274	763.3395111112346
0.0001	1407			2499839.9613360907	1385082642531.4958					0.03229519999877084	15	14	1385085143134.797	763.3397904081186
0.0001	1408			2499827.0577188553	1385032189181.8772					0.032085800005006604	15	15	1385034689772.2747	763.3398204349884
0.0001	1409			2499813.236961904	1384980514581.1062					0.030728400000953116	15	16	1384983015157.6829	763.3394943363558
0.0001	1410			2499798.4903043928	1384927122321.6704					0.03332750000117812	15	17	1384929622883.5	763.3393391063382
0.0001	1411			2499782.730753361	1384872320262.6611					0.02969590001157485	15	18	1384874820808.731	763.3392226770064
0.0001	1412			2499766.4323529215	1384815770545.801					0.03226870000071358	15	19	1384818271075.5725	763.3391901626871
0.0001	1413			2499749.572990856	1384757715262.1045					0.030913399998098612	15	20	1384760215775.0168	763.3393674173868
0.0001	1414			2499731.7319855136	1384698262300.9978					0.030752000006032176	15	21	1384700762796.0686	763.3388433494234
0.0001	1415			2499712.90670321	1384637223808.4775					0.033276000001933426	15	22	1384639724284.723	763.3385386843131
0.0001	1416			2499693.2285145074	1384574880345.58					0.028810100004193373	15	23	1384577380802.147	763.3383371692387
0.0001	1417			2499672.4865685627	1384510887720.517					0.029775300004985183	15	24	1384513388156.3423	763.3385936555109
0.0001	1418			2499650.675775078	1384445355521.3384					0.03340610000304878	15	25	1384447855935.3525	763.3383445301655
0.0001	1419			2499630.171664991	1384379060999.7534					0.030809499992756173	15	26	1384381561393.2627	763.3376909998534
0.0001	1420			2499611.096776133	1384311086668.3438					0.029345299990382046	15	27	1384313587042.7776	763.3372256868574
0.0001	1421			2499594.0544110355	1384242101427.2632					0.03380910000123549	15	28	1384244601784.6548	763.3371418271304
0.0001	1422			2499574.598934695	1384172083564.6404					0.030792399993515573	15	29	1384174583902.5767	763.3373483782708
0.0001	1423			2499553.026296584	1384100274041.1555					0.029477400006726384	15	30	1384102774357.5193	763.3374226360752
0.0001	1424			2499529.538359632	1384026965620.4238					0.030325100000482053	15	31	1384029465913.299	763.3370039366156
0.0001	1425			2499505.3853152855	1383952783650.79					0.025715899988426827	15	32	1383955283919.512	763.3367117959776
0.0001	1426			2499480.4603274763	1383877146843.8281					0.028091500003938563	15	33	1383879647087.625	763.3363500448675
0.0001	1427			2499454.725134244	1383800522241.1387					0.02949280000757426	15	34	1383803022459.1992	763.3355376157775
0.0001	1428			2499428.554826864	1383722230827.4036					0.027663000000757165	15	35	1383724731019.2932	763.3346884418936
0.0001	1429			2499403.675926924	1383642441351.0337					0.027048200005083345	15	36	1383644941518.0442	763.3345257713221
0.0001	1430			2499379.8009623513	1383561949320.9863					0.0313381999876583	15	37	1383564449464.1226	763.3351293385324
0.0001	1431			2499354.4851158736	1383480206003.2896					0.029129999995348044	15	38	1383482706121.1108	763.3361492954091
0.0001	1432			2499327.939630793	1383396913243.47					0.02887870000267867	15	39	1383399413334.746	763.33652064197
0.0001	1433			2499302.8766246834	1383313073802.3655					0.031624299997929484	15	40	1383315573868.5786	763.3364637689336
0.0001	1434			2499277.103484089	1383227974435.8445					0.031243899997207336	15	41	1383230474476.2844	763.3364895276939
0.0001	1435			2499249.23004135	1383141060131.01					0.03352209999866318	15	42	1383143560143.5764	763.3365337410646
0.0001	1436			2499219.367969993	1383052655284.1206					0.03192750000744127	15	43	1383055155266.8247	763.336285571157
0.0001	1437			2499188.906204531	1382962739944.1582					0.029785000006086193	15	44	1382965239896.3997	763.335185496522
0.0001	1438			2499161.6443781503	1382872712649.4175					0.03218709999055136	15	45	1382875212574.3965	763.3345954678647
0.0001	1439			2499135.9735239903	1382780142269.4868					0.03349230000458192	15	46	1382782642168.7942	763.3337584126701
0.0001	1440			2499111.6169382534	1382685047995.662					0.032913599992753007	15	47	1382687547870.6118	763.3327104387714
0.0001	1441			2499088.4658756005	1382587922204.928					0.030204300011973828	15	48	1382590422056.7256	763.3317852138196
0.0001	1442			2499066.385844635	1382488751821.7498					0.03489869998884387	15	49	1382491251651.4666	763.3311631171425
0.0001	1443			2499044.1147189885	1382390281560.4368					0.03483629999391269	15	50	1382392781367.8826	763.3309716893367
0.0001	1444			2499019.246038522	1382293168605.6006					0.03259729999990668	15	51	1382295668388.1775	763.3308509857209
0.0001	1445			2498993.1434617094	1382194332449.2217					0.03269189999264199	15	52	1382196832205.6958	763.3306677705472
0.0001	1446			2498965.903510777	1382093946562.7773					0.03136110000195913	15	53	1382096446292.0112	763.330398297561
0.0001	1447			2498938.258120544	1381992189806.161					0.03135610000754241	15	54	1381994689507.7493	763.3303869231707
0.0001	1448			2498909.7888643015	1381888852304.1052					0.03129520000948105	15	55	1381891351977.224	763.3301956583734
0.0001	1449			2498879.8947615703	1381784074458.0603					0.028894699993543327	15	56	1381786574101.2852	763.3300563857423
0.0001	1450			2498849.289501719	1381678142080.5505					0.030188999997335486	15	57	1381680641693.17	763.3298432130761
0.0001	1451			2498818.0740808262	1381571319404.5195					0.02919119999569375	15	58	1381573818985.923	763.3295613903812
0.0001	1452			2498785.8943834365	1381462972543.73					0.029438300000037998	15	59	1381465472092.9536	763.3292646333017
0.0001	1453			2498752.675226731	1381352941995.9062					0.02939199999673292	15	60	1381355441511.9104	763.3289413991745
0.0001	1454			2498718.497991018	1381241269054.1345					0.03150959999766201	15	61	1381243768535.9612	763.3286374631136
0.0001	1455			2498683.445363744	1381128010431.6052					0.031103000001166947	15	62	1381130509878.379	763.3283259280604
0.0001	1456			2498647.5604175	1381013203493.8374					0.02866830000129994	15	63	1381015702904.7256	763.3279974090746
0.0001	1457			2498610.8868161077	1380896874047.5024					0.02758170000743121	15	64	1380899373421.7168	763.3276714537303
0.0001	1458			2498573.4807049353	1380779310541.7861					0.02825509999820497	15	65	1380781809878.5942	763.3273610448075
0.0001	1459			2498538.6316180583	1380660202975.9778					0.03319649999320973	15	66	1380662702277.9365	763.3270943136004
0.0001	1460			2498505.7997209635	1380539959115.074					0.027169300010427833	15	67	1380542458384.2007	763.3268772753802
0.0001	1461			2498471.1376715875	1380419267797.091					0.026633700006641448	15	68	1380421767031.5554	763.3266005941806
0.0001	1462			2498434.8211013973	1380297020758.232					0.026370599996880628	15	69	1380299519956.3794	763.3263225078159
0.0001	1463			2498396.7777463994	1380174292485.4312					0.02816660000826232	15	70	1380176791645.535	763.3260277200167
0.0001	1464			2498397.5315069132	1381770803151.1216					0.038727499995729886	15	71	1381773302311.813	763.1598456857423
0.0001	1465			2497187.8735140604	1376173446130.369					0.03963929999736138	15	72	1376175944081.4158	763.173344388259
0.0001	1466			2488659.079056523	1355084033210.0823					0.04002500000933651	15	73	1355086522631.583	762.4216477821285
0.0001	1467			2484494.69875197	1345064276038.6147					0.03958240000065416	15	74	1345066761296.1396	762.8261083329519
0.0001	1468			2480768.33679218	1329567629090.8796					0.038361600003554486	15	75	1329570110648.2268	789.0101867421839
0.0001	1469			2396644.772920323	1872939078704.6084					0.041539599988027476	15	76	1872941476256.2302	906.8489867643052
0.0001	1470			2386689.6282743635	1804107821716.993					0.04192000000330154	15	77	1804110209333.2937	926.6726884425217
0.0001	1471			2403761.524510916	1799752701766.499					0.041720299996086396	15	78	1799755106423.436	895.4126551995954
0.0001	1472			2443568.431744172	1676731556033.5999					0.03937140000925865	15	79	1676734000423.8066	821.7751261400975
0.0001	1473			2492441.0392472157	1637241602282.2822					0.04288020000967663	15	80	1637244095481.0608	757.7393492218579
	1474	1539570730135.0269	1343939759770.201			10907.98417981962	3293.1996535565027	1314025314219.9148	15769057.037126947	0.14785130000382196	15	72	6828742458501.2295	
	1475	1539486872475.603	1343939752471.6458			10907.981034225057	3293.201635875239	1312459638841.0725	15768880.483668985	0.1508631000033347	15	73	6823961532095.424	
	1476	1539403260219.4487	1343939745173.0942			10907.978032355295	3293.2035972774916	1310897638587.6616	15768704.193149842	0.14522089999809396	15	74	6819191876521.801	
	1477	1539319877686.9592	1343939737874.547			10907.975183146778	3293.2055516973223	1309339297038.2378	15768528.184349256	0.14129030000185594	15	75	6814433426840.182	
	1478	1539236721508.876	1343939730576.0002			10907.97248292032	3293.207406911936	1307784595974.96	15768352.435085734	0.1426517999934731	15	76	6809686125023.344	
	1479	1539153791929.3225	1343939723277.4543			10907.9699067783	3293.2091974781943	1306233521594.0928	15768176.940434156	0.14279240000178106	15	77	6804949929903.215	
	1480	1539071088162.4863	1343939715978.9128			10907.967456316113	3293.21094189323	1304686063187.8806	15768001.757759029	0.14607970000361092	15	78	6800224808582.193	
	1481	1538988601691.5972	1343939708680.3762			10907.965143203297	3293.2125190310253	1303142210081.9897	15767826.810885122	0.14548580000700895	15	79	6795510720505.273	
	1482	1538905002728.416	1343939701381.8394			10907.962954385277	3293.213935095383	1301601911145.7063	15767649.93779654	0.1411956999945687	15	80	6790806182059.664	
	1483	1538819985970.833	1343939694083.3037			10907.960904870019	3293.2153423439236	1300065221778.1724	15767473.396818113	0.15389990000403486	15	81	6786111054592.352	
	1484	1538735340263.7852	1343939686784.7715			10907.958905442358	3293.216720096664	1298532135938.3213	15767297.18112617	0.166025600003195	15	82	6781427108823.693	
	1485	1538651052330.1943	1343939679486.2449			10907.957014009911	3293.2180733232103	1297002647499.5684	15767121.400630612	0.1517910000111442	15	83	6776754313118.854	
	1486	1538567069497.1316	1343939672187.7166			10907.955190317962	3293.219424086406	1295476749885.8877	15766945.87102722	0.14620839999406599	15	84	6772092595039.949	
	1487	1538480898009.777	1343939664889.192			10907.95347551295	3293.220757930508	1293954437266.6191	15766770.354845112	0.14544150000438094	15	85	6767439443292.698	
	1488	1538379658544.8857	1343939657590.6687			10907.951661903293	3293.22206405325	1292435714704.754	15766594.70508508	0.14804349999758415	15	86	6762781993713.387	
	1489	1538280111284.035	1343939650292.1497			10907.949946789995	3293.2233271134546	1290920583017.1013	15766419.255892323	0.1404867999954149	15	87	6758137009000.889	
	1490	1538182126502.4187	1343939642993.6345			10907.948376219594	3293.224558287976	1289409043533.061	15766244.066875892	0.13334169999870937	15	88	6753504363430.532	
	1491	1538085604736.7156	1343939635695.1191			10907.946948341954	3293.2255878336264	1287901080822.145	15766068.14514893	0.13481529999990016	15	89	6748883911048.945	
	1492	1537990438009.7166	1343939628396.606			10907.945642870123	3293.2265461269535	1286396707992.4302	15765892.015518347	0.13766419999592472	15	90	6744275583308.11	
	1493	1537896530120.8547	1343939621098.0967			10907.944413547913	3293.2274773959	1284895933977.3833	15765716.155528607	0.13612880000437144	15	91	6739679310903.365	
	1494	1537803051585.6626	1343939613799.5913			10907.943275058822	3293.2283823557887	1283398763339.3584	15765540.56088763	0.1461593999993056	15	92	6735094278036.445	
0.0001	1495			2297959.820806435	21765945582453.332					0.029699200007598847	16	1	21765947880511.582	98.42938017018001
0.0001	1496			2297949.548011515	21765669445671.594					0.02668729999277275	16	2	21765671743719.77	98.6304749191332
0.0001	1497			2297939.1562386737	21765413412341.26					0.02700080000795424	16	3	21765415710379.242	98.8234231360092
0.0001	1498			2297928.101615074	21765156288458.523					0.025857700005872175	16	4	21765158586485.64	99.015335973605
0.0001	1499			2297915.953717375	21764896741393.492					0.027072800003224984	16	5	21764899039408.67	99.22524406843215
0.0001	1500			2297903.5642367653	21764628631797.87					0.027585599993471988	16	6	21764630929800.863	99.43089329552042
0.0001	1501			2297890.8209855296	21764355069677.28					0.026449499986483715	16	7	21764357367667.734	99.63293024995885
0.0001	1502			2297878.3253898732	21764072810159.727					0.025288399992859922	16	8	21764075108137.906	99.85599291990297
0.0001	1503			2297866.0878532827	21763781232506.36					0.02761560000362806	16	9	21763783530472.543	100.09953742588401
0.0001	1504			2297853.7940489966	21763478926604.758					0.027168500004336238	16	10	21763481224558.918	100.36592550804238
0.0001	1505			2297841.7061217967	21763166385585.71					0.02924699999857694	16	11	21763168683528.07	100.65086415731442
0.0001	1506			2297829.6976554585	21762844261126.84					0.026080000010551885	16	12	21762846559057.5	100.96136496416113
0.0001	1507			2297816.489696851	21762512252782.543					0.025977199999033473	16	13	21762514550700.332	101.29933891563897
0.0001	1508			2297803.7253975165	21762170609025.6					0.024621899996418506	16	14	21762172906930.957	101.63036680247878
0.0001	1509			2297791.511435402	21761819227735.47					0.025534000000334345	16	15	21761821525628.938	101.95673134232409
0.0001	1510			2297779.636328259	21761458033961.57					0.026264899992384017	16	16	21761460331843.49	102.28211993563316
0.0001	1511			2297767.873874695	21761088009535.27					0.024989400000777096	16	17	21761090307405.754	102.60769632151957
0.0001	1512			2297754.523556789	21760710461717.227					0.025464900012593716	16	18	21760712759574.69	102.94207765884306
0.0001	1513			2297739.8182133804	21760328306403.258					0.025798900009249337	16	19	21760330604246.36	103.28376769644994
0.0001	1514			2297724.70286619	21759935768473.18					0.027820100003737025	16	20	21759938066301.516	103.63290843434055
0.0001	1515			2297709.3029586864	21759529531778.855					0.026876300005824305	16	21	21759531829592.145	103.98631695442634
0.0001	1516			2297693.747503284	21759119911234.094					0.025652600001194514	16	22	21759122209032.156	104.31526756688521
0.0001	1517			2297676.5258264826	21758702876327.77					0.02754080000158865	16	23	21758705174108.98	104.68249778662081
0.0001	1518			2297657.858217407	21758274651419.277					0.027337399995303713	16	24	21758276949182.223	105.08614481222516
0.0001	1519			2297637.878020803	21757836109914.15					0.028125199998612516	16	25	21757838407657.55	105.52461296297008
0.0001	1520			2297616.4797162614	21757392426301.266					0.025794400004087947	16	26	21757394724023.742	105.99654945571572
0.0001	1521			2297595.45635175	21756940927053.31					0.02822919999016449	16	27	21756943224755.234	106.46874331834898
0.0001	1522			2297574.8423791183	21756480287745.426					0.028737200002069585	16	28	21756482585427.21	106.93950492575856
0.0001	1523			2297553.274607542	21756010796795.754					0.030731100006960332	16	29	21756013094456.457	107.42997034409737
0.0001	1524			2297532.2958039716	21755532975361.613					0.028308799999649636	16	30	21755535273001.83	107.91831218193069
0.0001	1525			2297511.6760518756	21755047224375.832					0.026792299991939217	16	31	21755049521995.91	108.4024898499598
0.0001	1526			2297490.903109543	21754553135090.117					0.026419500005431473	16	32	21754555432689.88	108.85833524629918
0.0001	1527			2297470.0299041467	21754049065764.05					0.024130699996021576	16	33	21754051363343.37	109.28903873705096
0.0001	1528			2297448.9986413145	21753538039815.344					0.024661699993885122	16	34	21753540337374.04	109.69639180122222
0.0001	1529			2297426.7543200627	21753019007191.83					0.02665790000173729	16	35	21753021304728.72	110.13581827336408
0.0001	1530			2297405.1481860043	21752491019577.4					0.026954400003887713	16	36	21752493317093.133	110.58511582994232
0.0001	1531			2297384.13262047	21751954165686.37					0.027987599998596124	16	37	21751956463181.55	111.045755544785
0.0001	1532			2297363.5544927036	21751409576909.43					0.02743390000250656	16	38	21751411874384.504	111.51809651008571
0.0001	1533			2297341.0934039284	21750857601765.64					0.026654500004951842	16	39	21750859899218.773	112.03830005064323
0.0001	1534			2297317.038879434	21750295367804.12					0.026902900004643016	16	40	21750297665233.766	112.60440186843245
0.0001	1535			2297292.696198916	21749725417754.99					0.027814700006274506	16	41	21749727715160.82	113.1383783557948
0.0001	1536			2297268.196270479	21749148254171.637					0.02611310000065714	16	42	21749150551553.49	113.65600342763138
0.0001	1537			2297244.348099145	21748563050729.85					0.02680679998593405	16	43	21748565348088.38	114.17833284530984
0.0001	1538			2297221.051812828	21747964456477.555					0.026646500002243556	16	44	21747966753813.316	114.71044002624781
0.0001	1539			2297198.1135010077	21747348824170.09					0.029529499995987862	16	45	21747351121483.453	115.25178348250735
0.0001	1540			2297173.366278592	21746718683428.336					0.027058799998485483	16	46	21746720980717.55	115.84792967198695
0.0001	1541			2297146.9482248686	21746081647365.74					0.025479499992798083	16	47	21746083944629.18	116.49291320555263
0.0001	1542			2297119.253689802	21745442282420.434					0.02813729998888448	16	48	21745444579656.832	117.14612681934705
0.0001	1543			2297092.130320797	21744793908675.562					0.025843800001894124	16	49	21744796205885.418	117.72846539926952
0.0001	1544			2297065.357969211	21744136447945.836					0.02506600000197068	16	50	21744138745129.453	118.25746111222374
0.0001	1545			2297038.6210036706	21743472581230.777					0.02594350000435952	16	51	21743474878388.145	118.74496688388759
0.0001	1546			2297012.463453086	21742801202977.3					0.02525739998964127	16	52	21742803500109.023	119.25787685258118
0.0001	1547			2296986.825835301	21742122731226.46					0.027027899996028282	16	53	21742125028333.066	119.78115176009538
0.0001	1548			2296959.2862933143	21741438044655.836					0.02484530000947416	16	54	21741440341735.465	120.34413716519072
0.0001	1549			2296929.997990952	21740746269452.0					0.025129799993010238	16	55	21740748566502.953	120.95770578954158
0.0001	1550			2296901.507953675	21740048023176.977					0.025142200000118464	16	56	21740050320200.055	121.56934865429821
0.0001	1551			2296873.8264905424	21739343579361.184					0.026460699999006465	16	57	21739345876357.203	122.19252456431623
0.0001	1552			2296844.196574205	21738628573473.04					0.026668899998185225	16	58	21738630870440.086	122.84993289258448
0.0001	1553			2296815.3925475846	21737907588058.004					0.026840299993637018	16	59	21737909884996.918	123.5223973654309
0.0001	1554			2296786.49284625	21737181009292.88					0.02689029999601189	16	60	21737183306203.53	124.15949538114658
0.0001	1555			2296757.4376670043	21736449686673.055					0.02599900000495836	16	61	21736451983555.24	124.74541652102404
0.0001	1556			2296729.1310826438	21735713171346.25					0.027104900000267662	16	62	21735715468200.727	125.34390782442858
0.0001	1557			2296698.8370892517	21734962626038.383					0.027364800000214018	16	63	21734964922863.223	126.00283695105033
0.0001	1558			2296666.5827568597	21734206943943.32					0.028341199998976663	16	64	21734209240736.625	126.72202109384011
0.0001	1559			2296635.284181675	21733446220173.406					0.027362200009520166	16	65	21733448516936.15	127.45660899879952
0.0001	1560			2296604.9334595306	21732679004749.688					0.025880100001813844	16	66	21732681301482.824	128.2039406736844
0.0001	1561			2296573.512559784	21731904326003.48					0.026598900003591552	16	67	21731906622705.973	128.97862113158126
0.0001	1562			2296542.162694533	21731118723797.49					0.025447600011830218	16	68	21731121020469.375	129.72078655740395
0.0001	1563			2296508.5734214876	21730326184787.152					0.02699420000135433	16	69	21730328481426.2	130.47304730552594
0.0001	1564			2296474.8387948056	21729527786079.918					0.027486899998621084	16	70	21729530082685.94	131.18202285424618
0.0001	1565			2296393.2496701046	21742249192138.945					0.039779600003384985	16	71	21742251488648.95	116.75256623840464
0.0001	1566			2294991.967506982	21714737861297.67					0.038944900006754324	16	72	21714740156410.4	120.75710669812078
0.0001	1567			2293197.309287825	21680560050841.523					0.03632649999053683	16	73	21680562344163.832	124.99998826544065
0.0001	1568			2241627.675335952	21610602744047.57					0.036390199995366856	16	74	21610604985983.887	308.6406154268326
0.0001	1569			2226228.5995335276	21443912873343.93					0.03691819999949075	16	75	21443915099845.54	273.0107456815554
0.0001	1570			2226090.1635169336	21280354420097.676					0.037586199992801994	16	76	21280356646394.074	206.2337336342768
0.0001	1571			2206737.814102345	21044834585706.44					0.038203800009796396	16	77	21044836792611.86	167.60703394784468
0.0001	1572			2205470.649661864	20562644058996.54					0.042337699997005984	16	78	20562646264673.98	206.79455787845916
0.0001	1573			2204444.040504593	20426990328280.555					0.03776940000534523	16	79	20426992533138.1	413.50828633687377
0.0001	1574			2199765.386818006	20345367896159.766					0.04065939999418333	16	80	20345370096411.855	486.7024311219424
	1575	19047828780931.8	1537710103541.76			73.90188901910592	13.202224937843617	24573768873117.29	281942246.76910436	0.12819610000588	16	72	94363233968091.66	
	1576	18891168652016.945	1537533354106.6797			73.90927305284058	13.199170291286972	24468375897123.43	281985423.6197925	0.13172829999530222	16	73	93890226797131.72	
	1577	18738046104588.008	1537357731209.835			73.9181919512381	13.196142436958553	24364263222142.67	282029019.79442376	0.13696479999634903	16	74	93424599321100.34	
	1578	18588065951713.33	1537181345575.6145			73.92727184908816	13.19312618613121	24261260992831.254	282073142.51086104	0.13205770000058692	16	75	92965444919202.27	
	1579	18440622629006.594	1537003561891.305			73.93180344103453	13.190122419534905	24159249947796.348	282117677.0962502	0.14625390000583138	16	76	92511799584624.45	
	1580	18295456665439.184	1536827332050.7588			73.93622140346508	13.18712244640065	24058107057303.656	282162696.8405347	0.14268270001048222	16	77	92063037723688.12	
	1581	18152608687652.633	1536650219036.8015			73.94034884949323	13.1841244544686	23957744411798.348	282208214.68452424	0.14123510000354145	16	78	91618933799941.3	
	1582	18011876591319.61	1536473284569.3508			73.94326473640217	13.18112852261587	23858099673104.684	282254243.23149186	0.14531890000216663	16	79	91179099758769.77	
	1583	17873051973061.9	1536298077920.3535			73.94406759509182	13.178105077724041	23741039224442.797	282300831.7448426	0.13142949999019038	16	80	90688927905580.2	
	1584	17735918896565.184	1536124437560.1316			73.94544394786351	13.17508114078063	23620877709049.75	282348028.69976133	0.14092900000105146	16	81	90191146081935.36	
	1585	17600354509918.6	1535951960708.9473			73.94713440215291	13.172055273541066	23499953165610.117	282395699.21248204	0.14998149999883026	16	82	89692645122221.53	
	1586	17466446047353.291	1535779893241.0547			73.94811289583845	13.169025202993454	23373288197552.99	282444013.57186526	0.13796770000772085	16	83	89178579350889.0	
	1587	17333892670353.945	1535606117033.759			73.94886829783381	13.165987451175866	23252593206521.516	282493292.18847567	0.13757549998990726	16	84	88683777080311.38	
	1588	17202590390281.676	1535423969041.4004			73.95178831069995	13.162954681827642	23134850723042.57	282543555.87320465	0.13608740000927355	16	85	88199075254547.42	
	1589	17072483058950.164	1535236616675.2805			73.95488996341396	13.15992076117471	23018758779411.633	282594858.7863747	0.14406219999364112	16	86	87720515000540.19	
	1590	16943522698285.176	1535055723177.3337			73.95779066945612	13.156869871647809	22897852328684.46	282647156.95534843	0.12866410000424366	16	87	87228664853830.1	
	1591	16815520611223.516	1534878387229.8074			73.96037553457303	13.153800701085665	22767695722849.414	282700331.6303185	0.13373390000197105	16	88	86710026248251.25	
	1592	16688641790396.838	1534702889185.8713			73.96319040208195	13.150723322263442	22638113781743.83	282754416.6022017	0.13835360000666697	16	89	86194236923058.78	
	1593	16562855203525.664	1534518825723.7175			73.96408439560471	13.14765329355733	22509061879160.625	282809332.87929267	0.13990239999839105	16	90	85681121548231.4	
	1594	16438077536472.412	1534339796678.8823			73.9661794235675	13.144596027735037	22380510934981.51	282865330.8249279	0.13877510000020266	16	91	85170523219185.48	
	1595	16314279413386.945	1534163877134.8506			73.96979140591837	13.141534138619946	22252443949274.023	282922461.925519	0.1365001999947708	16	92	84662359645654.34	
0.0001	1596			1977615.8065202408	127239845547358.98					0.028581300008227117	17	1	127239847586018.92	61044.11865596559
0.0001	1597			1977619.5782851654	127239789461214.34					0.027051500001107343	17	2	127239791499860.22	61026.301414348054
0.0001	1598			1977621.7437845594	127239549088382.03					0.0253997999971034	17	3	127239551127025.61	61021.8339792898
0.0001	1599			1977623.0568983401	127239199706266.17					0.02791800000704825	17	4	127239201744913.4	61024.17671162315
0.0001	1600			1977623.7687917515	127238770430970.44					0.027015300001949072	17	5	127238772469625.28	61031.07362149827
0.0001	1601			1977623.9125753765	127238275050016.16					0.02615720000176225	17	6	127238277088681.47	61041.408721215135
0.0001	1602			1977622.8069143759	127237901137953.78					0.025706999993417412	17	7	127237903176620.62	61044.02571379545
0.0001	1603			1977622.0352919893	127237556226713.38					0.02498109999578446	17	8	127237558265379.45	61044.04410856112
0.0001	1604			1977621.5343228132	127237197233981.98					0.024801699997624382	17	9	127237199272647.55	61044.038014103404
0.0001	1605			1977621.557605681	127236823635735.16					0.031575100001646206	17	10	127236825674400.75	61044.030048294444
0.0001	1606			1977622.2516698325	127236435549759.23					0.030667700004414655	17	11	127236437588425.52	61044.02399753036
0.0001	1607			1977623.6330861726	127236033747578.14					0.03927920000569429	17	12	127236035786245.8	61044.021811339626
0.0001	1608			1977625.597816355	127235617727206.14					0.03359869999985676	17	13	127235619765875.75	61044.022421484304
0.0001	1609			1977628.0864077546	127235187731003.95					0.03808120000758208	17	14	127235189769676.08	61044.02552958424
0.0001	1610			1977631.0384404843	127234743938552.25					0.033544999998412095	17	15	127234745977227.31	61044.03079312593
0.0001	1611			1977634.3991769317	127234286573455.33					0.03347550000762567	17	16	127234288612133.77	61044.03693206615
0.0001	1612			1977637.90483043	127233816843697.31					0.03518840001197532	17	17	127233818882379.2	61043.9836555919
0.0001	1613			1977640.8714970879	127233406218414.89					0.03934099999605678	17	18	127233408257095.45	61039.6887979715
0.0001	1614			1977642.9943478124	127232999008841.08					0.04371820000233129	17	19	127233001047518.77	61034.69093777558
0.0001	1615			1977644.7249935605	127232519048982.45					0.0438099000020884	17	20	127232521087660.64	61033.47428862469
0.0001	1616			1977646.122730505	127231971357460.97					0.03987539999070577	17	21	127231973396142.81	61035.72237185335
0.0001	1617			1977647.2136387331	127231361373440.42					0.04241419999743812	17	22	127231363412128.75	61041.10324488544
0.0001	1618			1977647.508841159	127230783727328.11					0.039252100003068335	17	23	127230785766019.64	61044.02244896695
0.0001	1619			1977647.6611923394	127230241532390.1					0.03279259998816997	17	24	127230243571081.77	61044.01044895971
0.0001	1620			1977647.8855784796	127229685272877.38					0.02901919999567326	17	25	127229687311569.27	61044.00308799451
0.0001	1621			1977648.1727298808	127229115166164.5					0.029995000004419126	17	26	127229117204856.67	61044.000005368114
0.0001	1622			1977648.4877602002	127228531399004.39					0.028703300005872734	17	27	127228533437696.88	61044.0008810829
0.0001	1623			1977648.5982499789	127227934374507.16					0.03612509999948088	17	28	127227936413199.75	61044.00558645904
0.0001	1624			1977649.528472363	127227324151284.22					0.03475829999661073	17	29	127227326189977.77	61044.01243709282
0.0001	1625			1977650.6910576844	127226700983001.75					0.0344801000028383	17	30	127226703021696.45	61044.020813068346
0.0001	1626			1977651.5398989178	127226171135724.88					0.03495870000915602	17	31	127226173174414.17	61037.752260915746
0.0001	1627			1977651.9210440603	127225582831319.77					0.0405830999952741	17	32	127225584870006.16	61034.46909623274
0.0001	1628			1977652.0257137618	127224919939302.92					0.031640500004868954	17	33	127224921977990.06	61035.10864071698
0.0001	1629			1977651.8741396372	127224185821304.02					0.031732999996165745	17	34	127224187859995.34	61039.4590795431
0.0001	1630			1977651.0994568958	127223442790636.42					0.028234099998371676	17	35	127223444829331.34	61043.83009105322
0.0001	1631			1977650.1087487752	127222759706105.7					0.03280639999138657	17	36	127222761744799.75	61043.937630739856
0.0001	1632			1977648.8656996887	127222064278521.8					0.028282500003115274	17	37	127222066317214.64	61043.9787104865
0.0001	1633			1977647.7041772846	127221356067564.33					0.02801270000054501	17	38	127221358106256.0	61043.9720652642
0.0001	1634			1977647.583044069	127220634424290.72					0.030831000010948628	17	39	127220636462982.27	61043.968679744095
0.0001	1635			1977648.37853788	127219899207041.86					0.03393880001385696	17	40	127219901245734.2	61043.968318119856
0.0001	1636			1977650.0261564592	127219150557561.47					0.03218070000002626	17	41	127219152596255.47	61043.970830211845
0.0001	1637			1977652.4688120752	127218388608917.55					0.03155020000122022	17	42	127218390647613.98	61043.97601674145
0.0001	1638			1977654.9958990733	127217760678189.9					0.03222730000561569	17	43	127217762716880.2	61035.303180473755
0.0001	1639			1977656.913266151	127217056495054.45					0.032365500010200776	17	44	127217058533742.06	61030.702375896006
0.0001	1640			1977658.3875270232	127216267914888.47					0.031780600009369664	17	45	127216269953577.5	61030.63370099027
0.0001	1641			1977659.4532526673	127215400045086.1					0.03389139998762403	17	46	127215402083780.33	61034.77922442629
0.0001	1642			1977660.1417830244	127214458604470.19					0.031309099998907186	17	47	127214460643173.11	61042.7870720232
0.0001	1643			1977659.4803649422	127213625270978.86					0.034788100005243905	17	48	127213627309682.27	61043.91844148436
0.0001	1644			1977659.1215571654	127212796900135.33					0.034763199990266	17	49	127212798938838.34	61043.89796406876
0.0001	1645			1977659.0730038735	127211954311189.31					0.03294370000367053	17	50	127211956349892.27	61043.88207275117
0.0001	1646			1977659.0009399196	127211097872215.36					0.033842100005131215	17	51	127211099910918.23	61043.87231708436
0.0001	1647			1977658.973853078	127210227510533.58					0.035831899993354455	17	52	127210229549236.42	61043.86829373841
0.0001	1648			1977658.9914161502	127209343437274.6					0.030022000006283633	17	53	127209345475977.45	61043.86975738924
0.0001	1649			1977659.0195120834	127208445844541.05					0.03461550000065472	17	54	127208447883243.94	61043.876160678476
0.0001	1650			1977659.0616238383	127207535177351.02					0.03410640000947751	17	55	127207537216053.97	61043.88725135335
0.0001	1651			1977659.2590057196	127206611708429.1					0.034329599991906434	17	56	127206613747132.23	61043.8815994563
0.0001	1652			1977659.5279517553	127205702193712.62					0.03258090000599623	17	57	127205704232414.45	61042.29042096592
0.0001	1653			1977658.739349943	127204827996014.56					0.03175999999803025	17	58	127204830034711.53	61038.23322610087
0.0001	1654			1977657.6991065603	127203859023324.31					0.03355049999663606	17	59	127203861062021.39	61039.373871765296
0.0001	1655			1977656.1593166362	127202830724006.36					0.032302099993103184	17	60	127202832762706.11	61043.59868213189
0.0001	1656			1977653.8846373607	127201858720183.12					0.03520179999759421	17	61	127201860758880.84	61043.83080661953
0.0001	1657			1977652.1997957896	127200876650552.94					0.027898799991817214	17	62	127200878689249.03	61043.88910737444
0.0001	1658			1977651.78971643	127199881721808.73					0.034430200001224875	17	63	127199883760504.42	61043.885148442154
0.0001	1659			1977652.5752926194	127198873140094.56					0.03533810000226367	17	64	127198875178791.03	61043.885050483426
0.0001	1660			1977653.3088234423	127197852690710.88					0.03262820000236388	17	65	127197854729407.98	61043.79743641174
0.0001	1661			1977653.1383691237	127196834097456.7					0.03216410000459291	17	66	127196836136153.08	61043.22891594121
0.0001	1662			1977652.1524802302	127195788564474.31					0.03237739999894984	17	67	127195790603170.33	61043.860886382055
0.0001	1663			1977650.7473864579	127194740068900.62					0.0311195999966003	17	68	127194742107595.23	61043.86100115166
0.0001	1664			1977650.5255804479	127193677972606.66					0.03827690001344308	17	69	127193680011301.05	61043.85287516482
0.0001	1665			1977651.210456045	127192624309838.52					0.03657810000004247	17	70	127192626348532.27	61042.551356493736
0.0001	1666			1977605.9167926083	127207280765474.42					0.04424560000188649	17	71	127207282804123.95	61043.610443915364
0.0001	1667			1977582.675552206	127194255379710.45					0.04344930000661407	17	72	127194257418336.31	61043.182290181365
0.0001	1668			1977556.090682334	127180560335738.69					0.04568799999833573	17	73	127180562374337.5	61042.71174478708
0.0001	1669			1977528.473915912	127166572838750.62					0.041597299990826286	17	74	127166574877321.38	61042.28470555961
0.0001	1670			1977498.596789985	127152255073810.16					0.03910100000211969	17	75	127152257112350.66	61041.90417672187
0.0001	1671			1977467.760788611	127137599189090.44					0.03995069999655243	17	76	127137601227599.75	61041.547791328085
0.0001	1672			1977433.6317489736	127122586973245.4					0.04115420000744052	17	77	127122589011720.2	61041.17234053643
0.0001	1673			1977399.09255391	127107204866649.8					0.04540160000033211	17	78	127107206905089.61	61040.72370787635
0.0001	1674			1977362.478428376	127091149623708.45					0.04999189999944065	17	79	127091151662111.2	61040.26103745159
0.0001	1675			1977324.1085558506	127073741677302.67					0.04681949999940116	17	80	127073743715666.55	61039.765381074416
	1676	126997110457807.31	16191390446942.229			367.00713773897274	80.84600844569292	101177490208000.12	683082972.4263455	0.16172040000674315	17	72	446857588197445.1	
	1677	126838842844412.11	16191370078190.1			366.526568461208	80.76582008303745	101066633521320.77	683109618.5326616	0.15729309999733232	17	73	446366735484384.0	
	1678	126673650106549.33	16191353624109.293			366.04786891213433	80.68591406237422	100953677062190.66	683376393.1460928	0.1431075000000419	17	74	445862710269876.25	
	1679	126500455072737.25	16191340853304.2			365.57038385608024	80.6061746891996	100838312752145.5	683648696.9136615	0.1571713000012096	17	75	445343463995780.75	
	1680	126318013610577.42	16191329631972.195			365.09339459615626	80.52813574875624	100720110707998.56	683936796.9351002	0.15915350000432227	17	76	444806462799756.3	
	1681	126124712008782.36	16191320679386.709			364.6217435098256	80.45110595216278	100598680313364.5	684241877.1626384	0.14065840000694152	17	77	444248922077423.94	
	1682	125918504016911.89	16191314193079.658			364.1522304120644	80.3747558134876	100473467482589.53	684567627.5187153	0.14392119999683928	17	78	443667134256898.1	
	1683	125696735378300.75	16191310250852.441			363.6841505391686	80.29907074424332	100343855207009.5	684919892.480117	0.15748910000547767	17	79	443056595302217.56	
	1684	125533258287318.89	16191308809238.857			363.2193614540103	80.22390697413664	100209146458887.17	685307382.0838876	0.15539139999600593	17	80	442489068023082.1	
	1685	125456345635068.16	16191309033068.46			362.75609883420395	80.1487867384386	100068038985490.03	685729687.5359974	0.14110449999861885	17	81	441988917635466.6	
	1686	125379622295043.27	16191280107209.545			362.2940575773197	80.07353323663651	99919272337711.56	686196017.708901	0.15925300000526477	17	82	441465958692188.9	
	1687	125302996522756.17	16191251819022.105			361.8332355837963	79.9974955426997	99801402313199.34	686719396.7699236	0.1550412999931723	17	83	441035799233896.9	
	1688	125228847778933.25	16191216601972.066			361.3769529689214	79.91926083603451	99725627432504.47	687245482.168522	0.16424949999782257	17	84	440734395847927.0	
	1689	125156689332117.0	16191183629191.26			360.9215603905506	79.84092263355156	99648257542847.0	687807962.0466334	0.1623950000066543	17	85	440430207255241.25	
	1690	125086201252974.0	16191154853599.12			360.46698411459727	79.76256335236599	99569883549651.14	688408823.9762119	0.15444060000299942	17	86	440124688593212.9	
	1691	125017144880014.16	16191129805368.72			360.01308922705067	79.68387779361369	99490691451022.94	689025836.6012602	0.1680672000074992	17	87	439818154278571.4	
	1692	124949346502742.8	16191107951019.98			359.5599841753073	79.60509689304475	99410856169521.84	689519894.3766733	0.15995650000695605	17	88	439510927013911.7	
	1693	124882827116983.73	16191087541034.957			359.1108570854025	79.5268745648577	99330569435601.16	689640305.7259741	0.17590180000115652	17	89	439203551098584.8	
	1694	124817232435287.08	16191069049982.816			358.6654184416997	79.44922642226987	99249831372699.0	689732927.1299981	0.16894799999136012	17	90	438895742261320.5	
	1695	124752446888862.44	16191052311289.035			358.2234738280245	79.37211499435287	99168643879108.69	689786314.0059949	0.15036749999853782	17	91	438587388172717.1	
	1696	124688364062132.1	16191037526059.744			357.7825959097487	79.29509571092943	99087086432176.98	689783660.2513317	0.15514099999563769	17	92	438278617689122.5	
0.0001	1697			1992997.2767434672	120012962876416.58					0.030966299993451685	18	1	120012964995153.72	125739.86025384195
0.0001	1698			1993006.418489279	120012594371596.73					0.028378600007272325	18	2	120012596490343.06	125739.91337322368
0.0001	1699			1993014.353192308	120012259701400.19					0.030973300003097393	18	3	120012261820154.5	125739.95788517858
0.0001	1700			1993022.4325378148	120011926734601.64					0.028049400003510527	18	4	120011928853364.06	125739.990979889
0.0001	1701			1993030.6604048875	120011587267358.94					0.026955300010740757	18	5	120011589386129.62	125740.02949940307
0.0001	1702			1993039.0709891594	120011238505797.36					0.026058899995405227	18	6	120011240624576.52	125740.07198306505
0.0001	1703			1993047.6963129237	120010879405010.98					0.026226200003293343	18	7	120010881523798.81	125740.11781815217
0.0001	1704			1993056.5563286238	120010509593518.02					0.02852990000974387	18	8	120010511712314.75	125740.16752402224
0.0001	1705			1993065.0313320342	120010128860154.62					0.02994159999070689	18	9	120010130978959.9	125740.25041753343
0.0001	1706			1993073.848099046	120009737053721.14					0.03732360000140034	18	10	120009739172535.3	125740.31225425916
0.0001	1707			1993082.9781487966	120009334079185.78					0.02954080000927206	18	11	120009336198009.14	125740.37399320777
0.0001	1708			1993092.4110646725	120008919953278.44					0.03298809999250807	18	12	120008922072111.28	125740.43569496054
0.0001	1709			1993102.1791788521	120008494897309.42					0.03144179999071639	18	13	120008497016152.1	125740.49686938741
0.0001	1710			1993112.1783244743	120008058932743.97					0.030105099998763762	18	14	120008061051596.69	125740.5455622516
0.0001	1711			1993122.4104331397	120007611760023.94					0.030281899991678074	18	15	120007613878886.9	125740.56275257844
0.0001	1712			1993132.9308980359	120007153730617.2					0.02865629999723751	18	16	120007155849490.7	125740.55531394055
0.0001	1713			1993143.7802160792	120006684607896.05					0.028773000012733974	18	17	120006686726780.47	125740.64684438973
0.0001	1714			1993154.9211105919	120006204377595.88					0.029259999995701946	18	18	120006206496491.53	125740.73743565129
0.0001	1715			1993166.3077507846	120005713069032.03					0.027491500004543923	18	19	120005715187939.17	125740.82648325457
0.0001	1716			1993177.9678893408	120005210710343.0					0.02884220000123605	18	20	120005212829261.88	125740.9139589413
0.0001	1717			1993189.9029622162	120004697325132.16					0.029711700000916608	18	21	120004699444063.06	125741.00073978376
0.0001	1718			1993202.1143050978	120004172931982.25					0.030185900002834387	18	22	120004175050925.44	125741.08203809333
0.0001	1719			1993214.641445401	120003637652075.78					0.028981600000406615	18	23	120003639771031.58	125741.1570969716
0.0001	1720			1993227.4111005042	120003091537552.33					0.030218500003684312	18	24	120003093656520.97	125741.23431904356
0.0001	1721			1993240.4676394116	120002534545870.9					0.028715799999190494	18	25	120002536664852.69	125741.31342315944
0.0001	1722			1993253.8125760169	120001966599679.9					0.028110899991588667	18	26	120001968718675.11	125741.3940834306
0.0001	1723			1993267.4541959325	120001387717284.97					0.02722689999791328	18	27	120001389836293.89	125741.47621560116
0.0001	1724			1993281.388977084	120000797921021.28					0.028610900000785477	18	28	120000800040044.23	125741.55984687967
0.0001	1725			1993295.6170207886	120000197229724.42					0.029760999997961335	18	29	120000199348761.67	125741.6450386405
0.0001	1726			1993310.1254302196	119999585772414.4					0.029558399997767992	18	30	119999587891466.27	125741.73167503721
0.0001	1727			1993324.9529605738	119998963539471.27					0.032364200000301935	18	31	119998965658538.05	125741.8207044323
0.0001	1728			1993340.0679708074	119998329541392.17					0.02893999998923391	18	32	119998331660474.14	125741.91148288382
0.0001	1729			1993355.465080046	119997680014332.95					0.029562099996837787	18	33	119997682133430.42	125742.00441794985
0.0001	1730			1993371.13506528	119997016349926.0					0.027726799991796724	18	34	119997018469039.23	125742.09937749166
0.0001	1731			1993387.0726610566	119996338773510.86					0.02722869999706745	18	35	119996340892640.14	125742.19619120371
0.0001	1732			1993403.281420427	119995647491129.28					0.026035899994894862	18	36	119995649610274.86	125742.29482067899
0.0001	1733			1993419.762960145	119994942705160.58					0.02710760000627488	18	37	119994944824322.73	125742.3953434135
0.0001	1734			1993436.4907061665	119994215205816.67					0.02500129998952616	18	38	119994217324995.66	125742.4977145417
0.0001	1735			1993453.469040442	119993469389720.5					0.025669000009656884	18	39	119993471508916.58	125742.60226572076
0.0001	1736			1993470.7030685006	119992708484945.81					0.02508059999672696	18	40	119992710604159.22	125742.70902685358
0.0001	1737			1993488.191959743	119991932773505.03					0.02412860000913497	18	41	119991934892736.03	125742.8179849578
0.0001	1738			1993505.9408272093	119991142498326.97					0.02916620000905823	18	42	119991144617575.83	125742.92899787756
0.0001	1739			1993524.2097688476	119990338204332.44					0.030106499994872138	18	43	119990340323599.69	125743.04276294321
0.0001	1740			1993542.7000018156	119989524942720.39					0.02860309999960009	18	44	119989527062005.72	125742.62337706657
0.0001	1741			1993561.164417438	119988703813373.23					0.029548599995905533	18	45	119988705932676.05	125741.64520800675
0.0001	1742			1993579.7452212283	119987870186887.31					0.028697800007648766	18	46	119987872306207.77	125740.70090021333
0.0001	1743			1993596.91155888	119987026817777.75					0.02883769999607466	18	47	119987028937114.2	125739.54211820508
0.0001	1744			1993614.122544943	119986168846068.42					0.028598600008990616	18	48	119986170965421.16	125738.61187258619
0.0001	1745			1993631.3066257443	119985297829087.69					0.02784059999976307	18	49	119985299948456.75	125737.75383674512
0.0001	1746			1993647.108846729	119984414590126.44					0.027944699992076494	18	50	119984416709510.5	125736.95678544363
0.0001	1747			1993662.9780503423	119983517520568.67					0.026616499992087483	18	51	119983519639968.03	125736.37382719391
0.0001	1748			1993678.9634231648	119982606974956.72					0.028065699996659532	18	52	119982609094371.66	125735.96603297982
0.0001	1749			1993693.6486990068	119981683525086.4					0.027690900009474717	18	53	119981685644515.78	125735.71758651546
0.0001	1750			1993708.5624410654	119980746904962.7					0.027338200001395307	18	54	119980749024406.86	125735.59122764137
0.0001	1751			1993723.7936836511	119979797272792.88					0.02893640000547748	18	55	119979799392252.23	125735.56795689701
0.0001	1752			1993739.9047375764	119978837171658.42					0.028416000001016073	18	56	119978839291133.97	125735.64161080292
0.0001	1753			1993754.84592737	119977864383506.56					0.027892500002053566	18	57	119977866502997.19	125735.77586652336
0.0001	1754			1993768.764972041	119976884326300.88					0.026995099993655458	18	58	119976886445805.61	125735.96437249867
0.0001	1755			1993783.4921618172	119975892583364.22					0.02653269999427721	18	59	119975894702883.92	125736.2199480654
0.0001	1756			1993799.035398785	119974886126073.16					0.026898700001765974	18	60	119974888245608.72	125736.53493752007
0.0001	1757			1993815.2501739934	119973863508210.53					0.02579269999114331	18	61	119973865627762.69	125736.90691882608
0.0001	1758			1993832.1211575647	119972828754600.11					0.02558810000482481	18	62	119972830874169.56	125737.3272274641
0.0001	1759			1993849.546865337	119971784088140.22					0.026217999999062158	18	63	119971786207727.56	125737.79279941175
0.0001	1760			1993865.7086786998	119970727470659.84					0.026656500005628914	18	64	119970729590263.81	125738.2687399364
0.0001	1761			1993882.5339211167	119969658821114.8					0.025938200007658452	18	65	119969660940736.11	125738.77710035423
0.0001	1762			1993898.3174914068	119968575996011.9					0.027345599999534898	18	66	119968578115649.31	125739.09944940517
0.0001	1763			1993914.964591659	119967481276247.66					0.02690440000151284	18	67	119967483395902.0	125739.37688052654
0.0001	1764			1993932.4352486276	119966373932548.73					0.027229400002397597	18	68	119966376052220.78	125739.61354233393
0.0001	1765			1993950.6462838077	119965252111961.89					0.02581609999469947	18	69	119965254231652.34	125739.81041832981
0.0001	1766			1993967.6764569606	119964117103065.28					0.026996000000508502	18	70	119964119222772.9	125739.95968380879
0.0001	1767			1993966.1206680173	119975198464752.48					0.034976800001459196	18	71	119975200584452.56	125733.9603684081
0.0001	1768			12006987.525731485	48760734841881.09					0.035025699995458126	18	72	48760746855619.07	6750.4502107506705
0.0001	1769			8136000.588187725	25155589370202.133					0.02935730000899639	18	73	25155597668836.16	162633.43636473484
0.0001	1770			5942203.935509051	13107745095954.123					0.034285200003068894	18	74	13107751099767.39	61609.33270292589
0.0001	1771			5942203.935509051	13107745095954.123					0.03483570000389591	18	75	13107751099767.39	61609.33270292589
0.0001	1772			5942203.935509051	13107745095954.123					0.03244150000682566	18	76	13107751099767.39	61609.33270292589
0.0001	1773			5942203.935509051	13107745095954.123					0.03652639999927487	18	77	13107751099767.39	61609.33270292589
0.0001	1774			5942203.935509051	13107745095954.123					0.0371168999990914	18	78	13107751099767.39	61609.33270292589
0.0001	1775			5942203.935509051	13107745095954.123					0.03745980000530835	18	79	13107751099767.39	61609.33270292589
0.0001	1776			5942203.935509051	13107745095954.123					0.03724560000409838	18	80	13107751099767.39	61609.33270292589
	1777	1684376336948.956	124624901069178.9			401126.69331475615	4385.02309408649	58237610178091.31	1178946468.3424325	0.13061779999407008	18	72	301257977503259.2	
	1778	1684354437897.3323	124624862368522.02			401126.91392821696	4385.031701340887	58228110225499.9	1178945397.1798718	0.1398775999987265	18	73	301229416831588.1	
	1779	1684332542347.174	124624823385773.6			401127.1342137128	4385.04030195259	58218617094599.27	1178944326.3899014	0.1418375999928685	18	74	301200876346473.8	
	1780	1684310650291.447	124624784366365.02			401127.35320153675	4385.04889569057	58209130787659.98	1178943256.0389862	0.13952850000350736	18	75	301172356300165.3	
	1781	1684288769079.205	124624745350789.72			401127.5722188778	4385.057481208288	58199651302570.69	1178942183.4769723	0.13431419999687932	18	76	301143856733641.4	
	1782	1684266895711.3342	124624706383077.7			401127.7912578696	4385.066057653111	58190178642118.164	1178941109.8091931	0.12221000000135973	18	77	301115377696514.25	
	1783	1684245032900.7878	124624667446810.1			401128.01034992264	4385.074627246925	58180714032419.1	1178940033.248429	0.1333130999992136	18	78	301086922853070.7	
	1784	1684223178025.1594	124624628514621.06			401128.2295097692	4385.083151872865	58171261506943.69	1178938953.9758143	0.13930090000212658	18	79	301058504273769.2	
	1785	1684201334063.316	124624589594444.2			401128.448724673	4385.091641871089	58161815382147.86	1178937871.2813222	0.14293919999909122	18	80	301030104918748.0	
	1786	1684179499248.6404	124624550686388.88			401128.66798075	4385.100103238341	58152375752883.625	1178936785.7958236	0.14028829999733716	18	81	301001725071032.1	
	1787	1684157672427.3337	124624511788561.62			401128.88728381175	4385.108547131359	58142942674462.34	1178935696.7695663	0.13869399999384768	18	82	300973364893358.44	
	1788	1684135852689.9321	124624472900932.72			401129.1066281843	4385.11690047641	58133515898135.06	1178934391.2781968	0.14825919999566395	18	83	300945023595956.0	
	1789	1684114039356.6243	124624434024048.4			401129.3260024634	4385.125225747643	58124095727063.055	1178933048.4156075	0.12985230000049341	18	84	300916702123993.75	
	1790	1684092231852.527	124624395159895.94			401129.5454005448	4385.1335367552265	58114682245057.46	1178931704.4371448	0.1293743000132963	18	85	300888400737568.7	
	1791	1684070429775.5784	124624356312405.28			401129.76535682625	4385.141836746086	58105275475301.82	1178930359.3620207	0.13386149999860208	18	86	300860119509763.25	
	1792	1684048632806.7273	124624317480226.31			401129.98639036965	4385.150125140239	58095875649510.77	1178929003.6471198	0.12806390000332613	18	87	300831859132143.56	
	1793	1684026840945.2932	124624278658690.06			401130.2074514304	4385.158329213762	58086484221545.914	1178927473.1392334	0.1305858999985503	18	88	300803623928794.0	
	1794	1684005053945.9285	124624239532379.4			401130.4285361946	4385.16651076638	58077099316326.55	1178925940.622059	0.12823189998744056	18	89	300775407993366.75	
	1795	1683983271606.6265	124624200353606.12			401130.64964310086	4385.174672239674	58067720979302.89	1178924406.4090931	0.1289971000078367	18	90	300747211714384.94	
	1796	1683961493759.5974	124624161189224.14			401130.87077013997	4385.182817838969	58058348500340.164	1178922870.6558719	0.13341989999753423	18	91	300719033028161.4	
	1797	1683939720026.1562	124624122040974.83			401131.0917558538	4385.190961195236	58048982333811.39	1178921335.3295228	0.13515069999266416	18	92	300690873299571.3	
0.0001	1798			2490787.8244901225	1722724419094.3186					0.027677600010065362	19	1	1722726940394.4019	30512.258725941974
0.0001	1799			2490785.6478513214	1722695094977.5032					0.020982400004868396	19	2	1722697616274.934	30511.783014191467
0.0001	1800			2490782.361985511	1722655684264.4238					0.025502399992546998	19	3	1722658205558.2341	30511.44835579139
0.0001	1801			2490778.148545734	1722619857673.2375					0.026284099993063137	19	4	1722622378962.3813	30510.995274130182
0.0001	1802			2490775.295177742	1722579458322.7576					0.026643400007742457	19	5	1722581979608.6963	30510.643611813262
0.0001	1803			2490772.162033611	1722543782272.9543					0.02543030001106672	19	6	1722546303555.3347	30510.218317313094
0.0001	1804			2490769.0379598266	1722505609462.4834					0.025771000000531785	19	7	1722508130741.2446	30509.72327452913
0.0001	1805			2490765.7727199523	1722465365505.7927					0.025489999999990687	19	8	1722467886780.7275	30509.16215620516
0.0001	1806			2490763.116810053	1722425499468.5454					0.02621019999787677	19	9	1722428020740.2385	30508.57645410753
0.0001	1807			2490761.0241374057	1722383180238.01					0.025680700011434965	19	10	1722385701507.149	30508.11468576526
0.0001	1808			2490759.4178799917	1722340712346.8167					0.025887100011459552	19	11	1722343233613.9873	30507.752763413253
0.0001	1809			2490757.4830922023	1722295947616.3564					0.02464299999701325	19	12	1722298468881.222	30507.382206617807
0.0001	1810			2490753.7688177037	1722248773585.061					0.025226500001735985	19	13	1722251294845.8584	30507.02863479302
0.0001	1811			2490748.488488608	1722202710366.7166					0.026024200007668696	19	14	1722205231621.8977	30506.692606965695
0.0001	1812			2490743.919652342	1722155178941.908					0.024469100011629052	19	15	1722157700192.143	30506.315402220145
0.0001	1813			2490740.2036522953	1722105708764.7197					0.026211400007014163	19	16	1722108230010.8237	30505.900455421615
0.0001	1814			2490736.317617524	1722055933679.481					0.025786599988350645	19	17	1722058454921.2122	30505.413482114844
0.0001	1815			2490730.7171532623	1722002941282.5623					0.02540890000818763	19	18	1722005462518.2336	30504.954377300608
0.0001	1816			2490724.809882493	1721946208165.8672					0.02553450000414159	19	19	1721948729395.1921	30504.515038456528
0.0001	1817			2490719.6524543525	1721891052841.8596					0.02530930000648368	19	20	1721893574065.6265	30504.114574567386
0.0001	1818			2490715.2463623313	1721835770477.1028					0.02518419999978505	19	21	1721838291696.0461	30503.69700332792
0.0001	1819			2490710.230014204	1721777218407.326					0.02478300000075251	19	22	1721779739620.8403	30503.284545247734
0.0001	1820			2490704.603063661	1721716283151.3667					0.024292600006447174	19	23	1721718804358.8464	30502.876599559582
0.0001	1821			2490699.8639751635	1721655482893.9697					0.02433450000535231	19	24	1721658004096.1921	30502.35851593317
0.0001	1822			2490695.6567333047	1721592508807.2644					0.025819799993769266	19	25	1721595030004.6484	30501.727249087384
0.0001	1823			2490690.728031651	1721529184182.205					0.025762600009329617	19	26	1721531705373.9595	30501.026395585322
0.0001	1824			2490685.1419137144	1721464640063.4822					0.025274700004956685	19	27	1721467161248.9329	30500.30881402778
0.0001	1825			2490680.1925791707	1721396621864.9902					0.025001400004839525	19	28	1721399143044.833	30499.650228824594
0.0001	1826			2490675.4652062324	1721330646302.5513					0.025056600003154017	19	29	1721333167477.0269	30499.010419608236
0.0001	1827			2490670.973684306	1721262409120.7393					0.02515990000392776	19	30	1721264930290.1038	30498.39077257797
0.0001	1828			2490666.5649670926	1721190828151.7297					0.02369400000316091	19	31	1721193349316.0898	30497.795231402313
0.0001	1829			2490661.376758788	1721119044320.5894					0.026172099998802878	19	32	1721121565479.08	30497.114128112287
0.0001	1830			2490655.661408192	1721048257794.162					0.02459810000436846	19	33	1721050778946.2034	30496.379873339356
0.0001	1831			2490649.248481101	1720972909870.0632					0.024403600007644854	19	34	1720975431015.0469	30495.735032046494
0.0001	1832			2490641.8046039534	1720895157023.2048					0.0243647999886889	19	35	1720897678160.243	30495.233315594618
0.0001	1833			2490633.5016198126	1720817707351.651					0.025074899996980093	19	36	1720820228479.95	30494.797255970352
0.0001	1834			2490623.9447346795	1720738922369.7817					0.022685400006594136	19	37	1720741443488.0918	30494.36530869104
0.0001	1835			2490613.404343769	1720658673425.9268					0.025502699994831346	19	38	1720661194533.1624	30493.831237782906
0.0001	1836			2490602.1080215564	1720578414858.6426					0.025673600001027808	19	39	1720580935953.9468	30493.19622202586
0.0001	1837			2490589.7451401376	1720496034452.8025					0.026433999999426305	19	40	1720498555535.1287	30492.58102995131
0.0001	1838			2490576.016373998	1720409631499.5544					0.0276402000017697	19	41	1720412152567.5017	30491.93095390409
0.0001	1839			2490560.6174595337	1720321390776.859					0.02694760001031682	19	42	1720323911828.787	30491.31087360966
0.0001	1840			2490543.9623498716	1720231617172.1663					0.026988300000084564	19	43	1720234138206.7356	30490.60691057576
0.0001	1841			2490525.627971434	1720140175315.6255					0.025503699987893924	19	44	1720142696331.0764	30489.82292437245
0.0001	1842			2490505.7281074007	1720045184727.4634					0.024998400011099875	19	45	1720047705722.2073	30489.015989355605
0.0001	1843			2490485.047958221	1719953992697.5168					0.02556380000896752	19	46	1719956513670.811	30488.24642186068
0.0001	1844			2490464.913641819	1719861562318.204					0.026247699992381968	19	47	1719864083270.657	30487.539321639848
0.0001	1845			2490444.9808748993	1719767924501.8035					0.02405449999787379	19	48	1719770445433.5596	30486.77508344269
0.0001	1846			2490423.867970387	1719671528025.472					0.026696600005379878	19	49	1719674048935.3525	30486.012695673064
0.0001	1847			2490402.104259222	1719577697157.4807					0.02597839999361895	19	50	1719580218044.7512	30485.1663699576
0.0001	1848			2490379.355383809	1719480274530.1606					0.025245800003176555	19	51	1719482795393.8757	30484.35953445515
0.0001	1849			2490355.980939375	1719379397376.8574					0.026194500009296462	19	52	1719381918216.358	30483.51944486102
0.0001	1850			2490332.811598679	1719281130174.7747					0.025802300006034784	19	53	1719283650990.2856	30482.699513171367
0.0001	1851			2490309.7125535104	1719183349473.9897					0.025499700001091696	19	54	1719185870265.5515	30481.849119019098
0.0001	1852			2490286.7690399196	1719084295088.8032					0.026030499997432344	19	55	1719086815856.5422	30480.969973308813
0.0001	1853			2490265.3456094903	1718981638325.7512					0.0269282000081148	19	56	1718984159071.2097	30480.112748062824
0.0001	1854			2490245.125106366	1718879479703.9426					0.025180900003761053	19	57	1718882000428.3428	30479.275036153384
0.0001	1855			2490226.107326454	1718773969708.2637					0.024834700001520105	19	58	1718776490412.8286	30478.45755467314
0.0001	1856			2490208.288135714	1718667335798.1963					0.025512899999739602	19	59	1718669856484.1377	30477.653422865664
0.0001	1857			2490189.9699855577	1718559112122.1655					0.02467149999574758	19	60	1718561632789.1226	30476.987044273093
0.0001	1858			2490171.42730725	1718450502006.3296					0.024831999995512888	19	61	1718453022654.0308	30476.273984153053
0.0001	1859			2490152.7194038453	1718339759668.6294					0.02428450000297744	19	62	1718342280296.7969	30475.44806417825
0.0001	1860			2490133.562752222	1718227637856.1226					0.023962300008861348	19	63	1718230158464.2104	30474.52522167629
0.0001	1861			2490113.835657389	1718115328379.2012					0.025872199999867007	19	64	1718117848966.6812	30473.644206826084
0.0001	1862			2490093.964364868	1717999536918.1484					0.024824000007356517	19	65	1718002057484.8394	30472.72659938489
0.0001	1863			2490075.259014521	1717886446304.5989					0.025008999989950098	19	66	1717888966851.6243	30471.766246183608
0.0001	1864			2490057.463327654	1717769576003.9268					0.024815199998556636	19	67	1717772096532.2222	30470.832110734897
0.0001	1865			2490040.704552329	1717651482702.2039					0.02477760000328999	19	68	1717654003212.6965	30469.788200666117
0.0001	1866			2490024.9138121763	1717530323268.4587					0.02541200000268873	19	69	1717532843762.0176	30468.64501668517
0.0001	1867			2490009.9466281305	1717413385202.501					0.02502950000052806	19	70	1717415905679.8403	30467.39271668634
0.0001	1868			2490025.1193781663	1719233441082.3936					0.03324929998780135	19	71	1719235961591.6519	30484.13897275048
0.0001	1869			2489959.7411084655	1718562932022.329					0.033916700005647726	19	72	1718565452466.8809	30484.81061804807
0.0001	1870			2486344.2537222393	1688595081847.9277					0.03364889998920262	19	73	1688597598715.2295	30523.04816498331
0.0001	1871			2431563.0277923946	2724470619796.9473					0.033389300006092526	19	74	2724473082373.7427	31013.767478258393
0.0001	1872			2435587.0066238125	2657219776791.9683					0.03463130000454839	19	75	2657222243728.6006	31349.625722302957
0.0001	1873			2456559.2243147637	2731394938410.187					0.03506709999055602	19	76	2731397424791.049	29821.63770235515
0.0001	1874			4012071.5617752257	14861077916529.139					0.03385740000521764	19	77	14861081958392.742	29792.04033609771
0.0001	1875			3760597.5189748616	7235270884631.308					0.03534469999431167	19	78	7235274675188.591	29959.765116352315
0.0001	1876			2485355.5616674437	1921340333342.4893					0.036552000005031005	19	79	1921342849027.1304	30329.079298042987
0.0001	1877			2444132.650770836	2319403672172.032					0.03542019998712931	19	80	2319406146466.07	30161.38695891141
	1878	1865042453958.3467	1683917950317.4465			9.93248253226406	3118.980737320966	1213583489651.4553	214123.78595422828	0.13076280000677798	19	72	7189753731163.654	
	1879	1865076413855.9077	1683917570410.808			9.950774664306238	3119.019074939006	1213080582995.4834	214221.40948642476	0.12769800001115073	19	73	7188278610715.409	
	1880	1865109130222.3525	1683917190529.5337			9.968860887720103	3119.0569785563875	1212591609184.2444	214319.1940300165	0.12757810000039171	19	74	7186844045327.768	
	1881	1865140096306.6694	1683916810673.7397			9.98690558423767	3119.094414647432	1212116450135.8718	214417.14563166778	0.12672879999445286	19	75	7185449174005.477	
	1882	1865169345915.4563	1683916430843.0493			10.004836008219765	3119.1313494495703	1211655286242.782	214515.21864997927	0.12618929999007378	19	76	7184094571722.862	
	1883	1865196546364.154	1683916051037.5833			10.022841717626559	3119.167616894007	1211208146708.5244	214613.370071068	0.12986639999144245	19	77	7182779993397.569	
	1884	1865221072611.9165	1683915671257.479			10.040552550704199	3119.203205205375	1210775218535.4504	214711.52985504956	0.12602979999792296	19	78	7181505374981.861	
	1885	1865242455339.2153	1683915291502.8718			10.058159791543362	3119.2380059143115	1210356558314.2788	214809.6311529918	0.12928520000423305	19	79	7180270416915.166	
	1886	1865261126668.2737	1683914911773.3538			10.075893319465234	3119.272118084456	1209951896131.9465	214907.69924190443	0.12749489999259822	19	80	7179074741585.215	
	1887	1865276771092.7651	1683914532069.0708			10.093659729837464	3119.3054474674855	1209561243235.9265	215005.5702478442	0.13153220000094734	19	81	7177918067195.451	
	1888	1865289008054.6538	1683914152390.1313			10.111575167063483	3119.337904544778	1209184681599.8398	215103.1853198571	0.1276099999959115	19	82	7176800259097.0625	
	1889	1865297594975.8718	1683913772736.706			10.129521176446236	3119.3694289662308	1208822150980.2417	215200.5515863381	0.12842770000861492	19	83	7175720893983.219	
	1890	1865302170382.4094	1683913393108.294			10.147577163867956	3119.3999673742746	1208473625857.0337	215297.591710638	0.1261722000053851	19	84	7174679533803.662	
	1891	1865302474758.6821	1683913013505.2344			10.165658193210147	3119.4294643235135	1208139031831.8933	215394.22977166675	0.12828250000893604	19	85	7173675695832.977	
	1892	1865297900093.735	1683912633927.4177			10.18385164311191	3119.4578766308546	1207818379811.0068	215490.36441615183	0.14532369999506045	19	86	7172708804758.406	
	1893	1865276628751.5515	1683912254374.9617			10.202120136279559	3119.48504909802	1207511983676.5784	215585.75761785236	0.1684594999969704	19	87	7171767984543.047	
	1894	1865248779270.617	1683911874847.9873			10.220419008571236	3119.5113734630518	1207218507762.6052	215680.79527424602	0.1867727999924682	19	88	7170859346804.672	
	1895	1865214934045.5188	1683911495346.1094			10.238789401867175	3119.5366914048354	1206938115320.5098	215775.29429178822	0.18221889999404084	19	89	7169983963655.141	
	1896	1865174099875.8022	1683911115869.4575			10.257147103493928	3119.560955608706	1206670510470.4487	215869.19020213207	0.15982530001201667	19	90	7169139954241.686	
	1897	1865126527902.5127	1683910736418.1714			10.275095513034987	3119.583998883814	1206415825535.1038	215962.28721946385	0.16631289999349974	19	91	7168327966634.299	
	1898	1865071363814.0195	1683910356992.3652			10.293011763570052	3119.605770120493	1206173740044.1174	216054.45629103083	0.14689600000565406	19	92	7167546185084.656	
0.0001	1899			2122320.6166080423	83933729951898.94					0.03045439999550581	20	1	83933732087589.94	13370.390148629791
0.0001	1900			2122328.9718355583	83933542347339.84					0.028899199998704717	20	2	83933544483039.31	13370.500056380635
0.0001	1901			2122333.168632381	83933288005199.34					0.02950250000867527	20	3	83933290140903.1	13370.576122509092
0.0001	1902			2122340.3696054188	83933007015060.7					0.027655300000333227	20	4	83933009150771.72	13370.638264146079
0.0001	1903			2122349.8022607476	83932712324543.56					0.03062859999772627	20	5	83932714460264.05	13370.693142571718
0.0001	1904			2122360.863738386	83932406292687.2					0.029544999997597188	20	6	83932408428418.81	13370.744662626352
0.0001	1905			2122373.394348204	83932100084198.55					0.028361300006508827	20	7	83932102219942.73	13370.794167305556
0.0001	1906			2122387.470667584	83931787800317.81					0.028766200004611164	20	8	83931789936076.12	13370.843342752103
0.0001	1907			2122402.3196628424	83931470777914.62					0.028444499999750406	20	9	83931472913687.83	13370.890805526375
0.0001	1908			2122414.644470261	83931147138949.67					0.022950599988689646	20	10	83931149274735.25	13370.937990739745
0.0001	1909			2122424.7913531326	83930816953347.62					0.028526499998406507	20	11	83930819089143.4	13370.984000303792
0.0001	1910			2122436.2225177297	83930471918959.19					0.029883700000937097	20	12	83930474054766.44	13371.028836477975
0.0001	1911			2122448.874416916	83930119451964.64					0.02854030000162311	20	13	83930121587784.6	13371.073629726017
0.0001	1912			2122462.586678095	83929760394876.1					0.028775900005712174	20	14	83929762530709.81	13371.11852064756
0.0001	1913			2122477.0042210533	83929394622340.75					0.031345000010333024	20	15	83929396758188.9	13371.163938029309
0.0001	1914			2122492.2477244725	83929022494727.61					0.03130659999442287	20	16	83929024630591.06	13371.21007164233
0.0001	1915			2122507.9533141097	83928644358488.33					0.02772030000051018	20	17	83928646494367.53	13371.257184207174
0.0001	1916			2122521.7606245987	83928259419993.06					0.030880700011039153	20	18	83928261555886.14	13371.306514254864
0.0001	1917			2122533.824878019	83927867517882.95					0.030406600009882823	20	19	83927869653788.14	13371.358748414796
0.0001	1918			2122546.969879481	83927467565963.2					0.03196320000279229	20	20	83927469701881.58	13371.409805263002
0.0001	1919			2122561.110306673	83927061464589.31					0.029319199995370582	20	21	83927063600521.88	13371.453830013188
0.0001	1920			2122576.182052057	83926649481231.0					0.02899769999203272	20	22	83926651617178.69	13371.492888716552
0.0001	1921			2122592.853364484	83926230680170.88					0.030327699991175905	20	23	83926232816135.27	13371.529248253415
0.0001	1922			2122611.012610286	83925804816758.66					0.02791619999334216	20	24	83925806952741.23	13371.564960412845
0.0001	1923			2122630.6072257143	83925372624595.28					0.033561200005351566	20	25	83925374760597.48	13371.59728103782
0.0001	1924			2122650.6455350276	83924933320161.97					0.0324523000017507	20	26	83924935456184.23	13371.628289131713
0.0001	1925			2122671.113852603	83924483465682.58					0.03152609999233391	20	27	83924485601725.34	13371.659290859418
0.0001	1926			2122689.304712581	83924024225387.9					0.030928899999707937	20	28	83924026361448.9	13371.69439788194
0.0001	1927			2122708.033892852	83923557465081.86					0.029461199999786913	20	29	83923559601161.62	13371.730880752526
0.0001	1928			2122727.2507854444	83923083414576.19					0.026753500002087094	20	30	83923085550675.2	13371.768931410146
0.0001	1929			2122744.430605659	83922602442242.02					0.032830900003318675	20	31	83922604578358.27	13371.810792794353
0.0001	1930			2122763.3250982123	83922114718513.81					0.035171899988199584	20	32	83922116854648.98	13371.850698083479
0.0001	1931			2122783.814803925	83921619461813.08					0.03105659999710042	20	33	83921621597968.78	13371.891014298739
0.0001	1932			2122805.831931537	83921117341989.72					0.024846700005582534	20	34	83921119478167.48	13371.931784121503
0.0001	1933			2122828.2289812756	83920608083232.64					0.028482000008807518	20	35	83920610219432.84	13371.972292700422
0.0001	1934			2122850.849709351	83920091469440.34					0.02533709999988787	20	36	83920093605663.2	13372.014066496016
0.0001	1935			2122873.702130634	83919567533537.1					0.02456559998972807	20	37	83919569669782.86	13372.05718362264
0.0001	1936			2122896.751036349	83919036688237.81					0.027268899997579865	20	38	83919038824506.67	13372.110159219019
0.0001	1937			2122920.0537107885	83918500105992.69					0.027977999998256564	20	39	83918502242284.94	13372.197932890602
0.0001	1938			2122943.690907016	83917957384523.64					0.029423599989968352	20	40	83917959520839.62	13372.295219827973
0.0001	1939			2122968.4776955503	83917408296720.33					0.024395599990384653	20	41	83917410433061.23	13372.415153510214
0.0001	1940			2122994.456237274	83916851767577.05					0.030007399996975437	20	42	83916853903944.05	13372.551551901106
0.0001	1941			2123021.615470948	83916287201138.7					0.026808900001924485	20	43	83916289337533.0	13372.690726889965
0.0001	1942			2123049.7763700243	83915715750732.95					0.026660299990908243	20	44	83915717887155.56	13372.83321095381
0.0001	1943			2123075.255094359	83915137776766.66					0.030689400009578094	20	45	83915139913214.89	13372.987310127997
0.0001	1944			2123101.1894722665	83914553081573.66					0.03034200001275167	20	46	83914555218048.0	13373.156036862161
0.0001	1945			2123127.5278159427	83913961275160.16					0.028770200005965307	20	47	83913963411661.02	13373.330110112636
0.0001	1946			2123154.166282888	83913362911449.22					0.028592399990884587	20	48	83913365047976.9	13373.521047605298
0.0001	1947			2123181.149951816	83912757513809.06					0.027276399996480905	20	49	83912759650363.94	13373.713735008325
0.0001	1948			2123208.679878427	83912145615680.95					0.027999199999612756	20	50	83912147752263.55	13373.90895135511
0.0001	1949			2123237.828765615	83911526546964.28					0.025159299999359064	20	51	83911528683576.22	13374.10801489986
0.0001	1950			2123268.518090921	83910899239967.39					0.02653160000045318	20	52	83910901376610.22	13374.309501276228
0.0001	1951			2123300.655963126	83910263824171.2					0.025078300008317456	20	53	83910265960846.38	13374.512082376365
0.0001	1952			2123334.2239384507	83909622124668.7					0.02863469999283552	20	54	83909624261377.64	13374.716131157486
0.0001	1953			2123367.8642767556	83908973802105.78					0.02743929999996908	20	55	83908975938848.56	13374.92173756213
0.0001	1954			2123401.4427533853	83908318726089.23					0.02787269999680575	20	56	83908320862865.81	13375.13767725899
0.0001	1955			2123434.9416446006	83907656994297.39					0.028707700010272674	20	57	83907659131107.69	13375.364450896304
0.0001	1956			2123468.3813657365	83906989159487.23					0.02426400000695139	20	58	83906991296331.2	13375.594927123766
0.0001	1957			2123498.7992752474	83906314262836.45					0.027927699993597344	20	59	83906316399711.08	13375.834657013225
0.0001	1958			2123526.6186279734	83905634753212.64					0.029649600008269772	20	60	83905636890115.36	13376.094660109255
0.0001	1959			2123556.469195508	83904949005031.69					0.03404660000524018	20	61	83904951141964.52	13376.361263948951
0.0001	1960			2123588.265786524	83904256409788.08					0.03193640000245068	20	62	83904258546752.97	13376.631050835203
0.0001	1961			2123621.8746332694	83903557032263.53					0.03538529999786988	20	63	83903559169262.31	13376.904265288264
0.0001	1962			2123657.228091662	83902851079660.88					0.03690810000989586	20	64	83902853216695.3	13377.1797499513
0.0001	1963			2123694.1651375857	83902138512027.19					0.03171749999455642	20	65	83902140649098.81	13377.459039924703
0.0001	1964			2123732.5888412143	83901419338565.19					0.031269399987650104	20	66	83901421475675.53	13377.742351503859
0.0001	1965			2123772.4847611277	83900694682175.05					0.032172200008062646	20	67	83900696819325.56	13378.028490340159
0.0001	1966			2123812.0979391052	83899964385807.8					0.027511499996762723	20	68	83899966522998.2	13378.317050059086
0.0001	1967			2123851.3606021963	83899227627871.25					0.02376209999783896	20	69	83899229765101.22	13378.60915128913
0.0001	1968			2123890.2434977493	83898484552341.53					0.028765700000803918	20	70	83898486689610.69	13378.90499090712
0.0001	1969			2123907.0420975992	83910808335235.12					0.04017300000123214	20	71	83910810472522.31	13380.141939879877
0.0001	1970			2199407.2622591252	83305568908772.6					0.03880799999751616	20	72	83305571147289.0	39109.14547658307
0.0001	1971			2277611.3775991835	82256250188733.67					0.0373161000024993	20	73	82256252536679.84	70334.79755445427
0.0001	1972			2422464.1498011462	77346147636741.23					0.034911700000520796	20	74	77346150130097.16	70891.76016726972
0.0001	1973			3076982.4324019216	66567156813614.016					0.038248199998633936	20	75	66567159965123.55	74527.10330238251
0.0001	1974			3126302.973788456	66425682774978.58					0.040681800004676916	20	76	66425685976012.305	74730.74939267985
0.0001	1975			3190111.128149843	66342456213440.984					0.04365199999301694	20	77	66342459478459.84	74907.73819359735
0.0001	1976			3315369.1974189403	66041423557971.04					0.04012679999868851	20	78	66041426948833.36	75493.12825915052
0.0001	1977			3457194.3313976782	65819993335036.266					0.04232320000301115	20	79	65819996868299.7	76069.10995292924
0.0001	1978			3730199.0413697446	64928413512639.375					0.04301199999463279	20	80	64928417319535.04	76696.62633426052
	1979	50528481077364.484	1865009201373.8794			7092.435718364861	1278.462815819609	81928740159192.94	771134438.8057392	0.14413539999804925	20	72	298333939075350.1	
	1980	50521252807242.43	1865264460250.2239			7093.574905720255	1278.8047851564995	81860771872458.28	771316347.0357066	0.14651340000273194	20	73	298123097585777.7	
	1981	50511142807825.836	1865570696267.2595			7094.60313357935	1279.1417677276904	81792492212881.06	771954694.9373137	0.1531944000016665	20	74	297908582513435.75	
	1982	50505246391953.945	1865937080570.2798			7095.608922479912	1279.483172885112	81724722930106.6	773069670.3875895	0.14953110000351444	20	75	297699967628838.1	
	1983	50502213538971.47	1866362979736.8098			7096.69617372715	1279.8290609106646	81657522007870.47	773397093.7532138	0.14922269999806304	20	76	297495823393207.9	
	1984	50501021182152.33	1866546525560.8645			7097.823070904802	1280.1780969425718	81590842216577.28	771773254.3088586	0.14288800000213087	20	77	297294450440673.2	
	1985	50501042559541.195	1866733213376.385			7098.976336417607	1280.5298783249286	81524642992181.39	770730486.4127756	0.13929610000923276	20	78	297095852279344.9	
	1986	50501874896459.73	1866914725444.042			7100.152619712504	1280.883196971613	81459010446017.31	767828821.805496	0.14685950000421144	20	79	296899388157156.1	
	1987	50503261798745.08	1865761234074.9807			7101.349885305013	1281.2387418406609	81393881884546.1	766580736.9003723	0.1469877999916207	20	80	296703986266920.8	
	1988	50505027773360.25	1864560841952.148			7102.568721175977	1281.5968382204558	81329262241752.94	766070055.9428196	0.14694360000430606	20	81	296510590785089.5	
	1989	50507052266534.516	1863565378212.8513			7103.796032527423	1281.9571054953283	81265129766166.47	765961659.2471803	0.14452370000071824	20	82	296319200708675.0	
	1990	50509242346748.1	1862736443442.5227			7105.045692142874	1282.3183820288193	81201466102675.0	766106453.5216042	0.14167719999386463	20	83	296129599822752.25	
	1991	50511546859505.75	1862053835508.8916			7106.307221928342	1282.6812748300238	81138235236773.7	766436254.0036802	0.1658128000126453	20	84	295941595090224.75	
	1992	50513949390494.63	1861371215143.3			7107.576911504601	1283.045656196974	81075411546393.36	766913209.6400872	0.1519883999862941	20	85	295754939321091.9	
	1993	50516436041281.5	1860800147130.3328			7108.870723279088	1283.411360574889	81012907274136.34	767525662.4541043	0.14315190000343136	20	86	295569464577919.94	
	1994	50518995597204.336	1860342336752.0066			7110.151221313779	1283.7780731018747	80950757738428.47	768272582.2666892	0.1413890999974683	20	87	295385267100563.1	
	1995	50521620835360.984	1859981504364.3801			7111.43566950522	1284.1461807533997	80888936971683.03	768917929.0121027	0.1357445000030566	20	88	295202198275705.5	
	1996	50524320184922.055	1859708743472.2014			7112.743580390081	1284.5155238603625	80827389031617.28	768924892.0383073	0.14051719999406487	20	89	295019982437047.6	
	1997	50527092239625.875	1859378931493.5889			7114.074642952405	1284.8859624541483	80765956173406.62	768908128.497871	0.14733069999783766	20	90	294838122752702.7	
	1998	50529940945085.95	1858096964129.2952			7115.436282517798	1285.2579866042606	80704305835839.0	768941076.9107876	0.14560099999653175	20	91	294654745068054.25	
	1999	50532863104482.9	1856964086959.175			7116.812630310488	1285.6315586382577	80643000736212.77	769047886.0456753	0.15157539999927394	20	92	294472640413508.4	
0.0001	2000			2414320.7581506833	25388384558566.285					0.032135900008142926	21	1	25388386973002.08	115.034276306343
0.0001	2001			2414316.4275665376	25388377836065.23					0.029569899998023175	21	2	25388380250496.69	115.0342931975008
0.0001	2002			2414313.4908827585	25388359848439.38					0.029177599994000047	21	3	25388362262867.906	115.03429372822809
0.0001	2003			2414309.7957039275	25388342496565.5					0.030355599999893457	21	4	25388344910990.332	115.03430662121895
0.0001	2004			2414305.4397757025	25388324752973.973					0.029611099991598167	21	5	25388327167394.45	115.03434513850448
0.0001	2005			2414300.6106459983	25388306849054.6					0.026463799993507564	21	6	25388309263470.246	115.03437222926674
0.0001	2006			2414295.624846377	25388287777362.98					0.029996199999004602	21	7	25388290191773.64	115.03439978844129
0.0001	2007			2414292.140316435	25388268204916.344					0.029325899988180026	21	8	25388270619323.52	115.03442488970872
0.0001	2008			2414290.2121499255	25388246557559.12					0.027344100002665073	21	9	25388248971964.367	115.0344475086509
0.0001	2009			2414289.705226259	25388223169414.133					0.026987300007021986	21	10	25388225583818.875	115.0344628691683
0.0001	2010			2414290.6350649535	25388201345919.72					0.027661000000080094	21	11	25388203760325.39	115.0344772113369
0.0001	2011			2414291.0948230135	25388178159616.695					0.02852760000678245	21	12	25388180574022.824	115.03450064080093
0.0001	2012			2414291.2045957195	25388153168402.105					0.02836359999491833	21	13	25388155582808.344	115.03451951184266
0.0001	2013			2414290.232214872	25388124932730.37					0.03001820000645239	21	14	25388127347135.637	115.03454089860114
0.0001	2014			2414289.5032399073	25388100670857.598					0.0301978999923449	21	15	25388103085262.137	115.0345737032849
0.0001	2015			2414288.5463271905	25388077353871.527					0.0282327000022633	21	16	25388079768275.11	115.03460333833779
0.0001	2016			2414287.019221763	25388051367127.777					0.028525000001536682	21	17	25388053781529.832	115.03463219013611
0.0001	2017			2414284.369412529	25388023297137.598					0.0260578000015812	21	18	25388025711537.004	115.034661660464
0.0001	2018			2414280.286602932	25387994771041.01					0.025237299996661022	21	19	25387997185436.332	115.03469668323059
0.0001	2019			2414277.553759775	25387966558483.19					0.025863100003334694	21	20	25387968972875.78	115.03473893076813
0.0001	2020			2414275.422523845	25387936264460.48					0.027246600002399646	21	21	25387938678850.938	115.03478207681123
0.0001	2021			2414273.6673534266	25387903845973.14					0.02636279999569524	21	22	25387906260361.844	115.03482057929472
0.0001	2022			2414272.185090853	25387872305958.055					0.02573639999900479	21	23	25387874720345.273	115.03484939419452
0.0001	2023			2414269.438308142	25387839852081.414					0.024704600000404753	21	24	25387842266465.887	115.03489853396795
0.0001	2024			2414265.787198766	25387808129235.55					0.025197399998432957	21	25	25387810543616.375	115.03489422586806
0.0001	2025			2414261.8541769236	25387775219654.86					0.026051399996504188	21	26	25387777634031.75	115.03490178776352
0.0001	2026			2414257.0779773183	25387740566859.04					0.02357330000086222	21	27	25387742981231.152	115.03492570219349
0.0001	2027			2414251.5047240024	25387704112816.23					0.024984999996377155	21	28	25387706527182.77	115.03488627338938
0.0001	2028			2414245.1995997117	25387665930497.184					0.026393099993583746	21	29	25387668344857.418	115.03489122814487
0.0001	2029			2414238.128188933	25387628059993.734					0.02562420000322163	21	30	25387630474346.9	115.03482349877169
0.0001	2030			2414231.8268474564	25387590187894.89					0.02262410000548698	21	31	25387592602241.754	115.03485842560166
0.0001	2031			2414226.382543385	25387551558141.164					0.023921199986943975	21	32	25387553972482.582	115.03490977962446
0.0001	2032			2414221.832674515	25387510921342.953					0.02582799999800045	21	33	25387513335679.82	115.03495715279101
0.0001	2033			2414218.2910702764	25387468993388.496					0.02541170000040438	21	34	25387471407721.824	115.03505495978663
0.0001	2034			2414214.937079396	25387426640540.062					0.025558399996953085	21	35	25387429054870.035	115.03513185236507
0.0001	2035			2414211.6860805657	25387383755101.543					0.025175799994030967	21	36	25387386169428.266	115.0351428334286
0.0001	2036			2414208.014015074	25387340932524.266					0.025835199994617142	21	37	25387343346847.316	115.03518368634849
0.0001	2037			2414203.634007741	25387296356562.965					0.02331899999990128	21	38	25387298770881.633	115.03521598439623
0.0001	2038			2414198.623991274	25387251405868.7					0.02642730000661686	21	39	25387253820182.36	115.03514037173912
0.0001	2039			2414193.793154496	25387206290579.613					0.021763600001577288	21	40	25387208704888.44	115.03502259686341
0.0001	2040			2414188.8183103437	25387159866434.484					0.025992800001404248	21	41	25387162280738.336	115.03485083921818
0.0001	2041			2414183.23589992	25387112704610.785					0.025343000001157634	21	42	25387115118909.055	115.03472253762388
0.0001	2042			2414178.0484816376	25387064411575.65					0.025792500004172325	21	43	25387066825868.734	115.03858583759146
0.0001	2043			2414171.9957708935	25387015550195.285					0.024694000007002614	21	44	25387017964482.33	115.04604908557639
0.0001	2044			2414166.7947304035	25386965418766.105					0.0219914999906905	21	45	25386967833047.953	115.05353065850449
0.0001	2045			2414161.1476849704	25386915927699.95					0.024977199995191768	21	46	25386918341976.152	115.05407949889387
0.0001	2046			2414156.2461725026	25386864993824.227					0.0258112000010442	21	47	25386867408095.527	115.05296921574497
0.0001	2047			2414151.8397181234	25386813940260.434					0.025410799993551336	21	48	25386816354527.324	115.05152842111357
0.0001	2048			2414147.0341939125	25386761387278.773					0.025597300002118573	21	49	25386763801540.86	115.04992577509923
0.0001	2049			2414141.825814738	25386707163838.387					0.025446799991186708	21	50	25386709578095.258	115.04803429235713
0.0001	2050			2414135.1438047546	25386652993310.047					0.026057199997012503	21	51	25386655407560.24	115.04576271148152
0.0001	2051			2414129.9731615656	25386598834748.223					0.0284315000026254	21	52	25386601248993.24	115.04343336675456
0.0001	2052			2414124.360088101	25386544437531.54					0.025846799995633774	21	53	25386546851770.94	115.04147904016455
0.0001	2053			2414119.3386947783	25386488129023.77					0.026658200004021637	21	54	25386490543258.15	115.03981464070402
0.0001	2054			2414114.9052073024	25386432027669.86					0.02209959999890998	21	55	25386434441899.805	115.03778668403494
0.0001	2055			2414108.964953383	25386374181247.6					0.02208349999273196	21	56	25386376595471.6	115.03650294332432
0.0001	2056			2414101.7087130784	25386316061876.84					0.021375199998146854	21	57	25386318476093.582	115.03638397656748
0.0001	2057			2414095.4715519487	25386256916100.363					0.02186989999609068	21	58	25386259330310.87	115.03620284075002
0.0001	2058			2414090.240661267	25386197513359.4					0.025611599994590506	21	59	25386199927564.676	115.03614114730959
0.0001	2059			2414086.0916976933	25386135332113.07					0.020695200000773184	21	60	25386137746314.195	115.03616805728869
0.0001	2060			2414082.775702004	25386072585554.02					0.025937600003089756	21	61	25386074999751.832	115.03625750372844
0.0001	2061			2414077.192265411	25386011076854.28					0.025077899990719743	21	62	25386013491046.508	115.036358055529
0.0001	2062			2414070.653974993	25385947452582.156					0.023255399995832704	21	63	25385949866767.844	115.03628703324156
0.0001	2063			2414063.401310011	25385884565946.61					0.02558889999636449	21	64	25385886980125.047	115.03612855755054
0.0001	2064			2414054.306854533	25385821031854.523					0.026898299998720177	21	65	25385823446023.867	115.03599048426724
0.0001	2065			2414043.49499624	25385755415272.797					0.025132700000540353	21	66	25385757829431.33	115.03598554825365
0.0001	2066			2414030.7759020147	25385689768748.703					0.025526500001433305	21	67	25385692182894.516	115.03597185705716
0.0001	2067			2414020.5026571993	25385623999520.215					0.025933500000974163	21	68	25385626413655.754	115.03593164738837
0.0001	2068			2414009.82705674	25385557778229.598					0.02471619998686947	21	69	25385560192354.46	115.03589871727462
0.0001	2069			2413997.3463682523	25385490913074.246					0.022444400005042553	21	70	25385493327186.63	115.03580749335914
0.0001	2070			2414070.4663767535	25386321917547.117					0.03500780000467785	21	71	25386324331732.71	115.12784433049879
0.0001	2071			2414096.228324169	25386010925935.94					0.03599819999362808	21	72	25386013340147.297	115.12784545036766
0.0001	2072			2414645.141498822	25374563480009.848					0.0453272000013385	21	73	25374565894770.223	115.23594909511003
0.0001	2073			2414509.539538291	25372962187867.445					0.04326770000625402	21	74	25372964602492.152	115.16870345247457
0.0001	2074			2414521.302257908	25371283933017.74					0.03869819999090396	21	75	25371286347654.336	115.29756911494582
0.0001	2075			2413840.375761748	25348668256298.457					0.04925399999774527	21	76	25348670670252.09	113.25817410739712
0.0001	2076			2412284.0679035983	25335306968663.316					0.05334319999383297	21	77	25335309381060.742	113.35820934330997
0.0001	2077			2412039.5525375423	25330202462626.47					0.04267239999899175	21	78	25330204874779.742	113.72090563425263
0.0001	2078			2404240.7573227775	25578016109449.79					0.04037060000700876	21	79	25578018513943.4	252.85248889254086
0.0001	2079			2407897.496222935	25346393024432.434					0.04352070001186803	21	80	25346395432497.992	168.06188468554444
	2080	25201596234184.246	50535855358601.94			270545.7512151451	1837.2103158336383	25399354444257.25	276889678.29472893	0.13763990000006743	21	72	151990946988739.25	
	2081	25201486373652.254	50535691579033.055			271078.01503922755	1837.212417510595	25399193339288.797	276890032.0108702	0.14252989999658894	21	73	151990190210929.0	
	2082	25201376823751.836	50535527838835.24			271629.0126783336	1837.2145147057463	25399032421365.43	276890383.9829714	0.15758179999829736	21	74	151989434347654.62	
	2083	25201267595041.043	50535364138809.15			272197.8073568339	1837.2166103077602	25398871694724.992	276890734.5338378	0.16163570000207983	21	75	151988679422865.56	
	2084	25201158724973.56	50535200478735.75			272691.16505205876	1837.2187041147513	25398711157043.402	276891083.7811668	0.13001660000008997	21	76	151987925448200.94	
	2085	25201050251419.34	50535036858651.375			273199.4085851177	1837.2207749494921	25398550801190.977	276891429.26495814	0.1382391000079224	21	77	151987172457750.56	
	2086	25200942212042.832	50534873278172.04			273730.91370227025	1837.222836541484	25398390635478.703	276891772.0829664	0.12662769999587908	21	78	151986420515622.56	
	2087	25200834676532.746	50534709737946.24			274283.2010701349	1837.2248943360319	25398230668683.47	276892112.78472364	0.13029050000477582	21	79	151985669718098.8	
	2088	25200727730607.816	50534546237266.125			274854.6899636163	1837.226949527844	25398070904453.105	276892451.60135454	0.1365516999940155	21	80	151984920160863.78	
	2089	25200621523845.19	50534382776367.8			275425.4034734658	1837.2289966812696	25397911338702.586	276892788.3461881	0.12958890000300016	21	81	151984171977442.94	
	2090	25200515519362.477	50534219354709.01			276016.85353238264	1837.2310216594503	25397751961048.01	276893122.44425464	0.131921299995156	21	82	151983424603447.38	
	2091	25200406939896.45	50534055973747.87			276628.520315025	1837.2330423738763	25397592776248.285	276893454.71828616	0.13455420000536833	21	83	151982675277409.22	
	2092	25200298493600.344	50533892633329.12			277259.9996622973	1837.235061812691	25397433782748.04	276893785.3855782	0.14008230000035837	21	84	151981926702623.0	
	2093	25200190188614.562	50533729332647.54			277820.0576936548	1837.2370781252641	25397274978690.332	276894114.3907464	0.13837169999897014	21	85	151981178862595.16	
	2094	25200082033295.06	50533566070808.984			278385.15860832774	1837.2390830417512	25397116361169.39	276894441.1327624	0.1322234999970533	21	86	151980431771242.88	
	2095	25199974037670.332	50533402849177.8			278968.2172879351	1837.2410864041196	25396957932094.125	276894765.82466954	0.13072580000152811	21	87	151979685448311.3	
	2096	25199866217243.047	50533239666730.266			279570.4775463178	1837.243089968455	25396799695131.65	276895088.5952455	0.13465979999455158	21	88	151978939919555.25	
	2097	25199758599617.51	50533076524529.766			280157.98230225116	1837.2450945033686	25396641647982.594	276895409.50555605	0.13656970000010915	21	89	151978195199965.06	
	2098	25199651217196.594	50532913421748.81			280691.27285162907	1837.2471008453563	25396483793871.457	276895728.5023837	0.12918390000413638	21	90	151977451322887.3	
	2099	25199544116540.324	50532750358370.74			281240.2983711622	1837.24910827137	25396326128472.527	276896045.5452167	0.12906939999083988	21	91	151976708335869.84	
	2100	25199437382880.582	50532587333838.94			281804.90369513625	1837.2511150044857	25396168651304.953	276896361.0293066	0.12918670001090504	21	92	151975966322193.5	
0.0001	2101			2160169.530405187	30196878205658.793					0.02736009999352973	22	1	30196880374282.72	8454.395614325715
0.0001	2102			2160161.046828131	30196685323370.45					0.024878999989596196	22	2	30196687491985.92	8454.425155101882
0.0001	2103			2160151.237468499	30196489024028.97					0.02485339999839198	22	3	30196491192634.656	8454.450253856563
0.0001	2104			2160140.2519937484	30196280818039.918					0.03389549998973962	22	4	30196282986634.645	8454.474240559686
0.0001	2105			2160128.1910285274	30196060093339.066					0.028541200008476153	22	5	30196062261921.754	8454.497900678343
0.0001	2106			2160115.046408559	30195830284645.36					0.026099700000486337	22	6	30195832453214.93	8454.52164055603
0.0001	2107			2160102.657363607	30195588257518.65					0.024847399996360764	22	7	30195590426075.85	8454.545260219715
0.0001	2108			2160090.8470056285	30195334300198.38					0.02779249999730382	22	8	30195336468743.797	8454.568731521995
0.0001	2109			2160079.383459317	30195070411572.12					0.026972199993906543	22	9	30195072580106.098	8454.592147367372
0.0001	2110			2160066.783693102	30194797551284.973					0.025981800004956312	22	10	30194799719806.375	8454.615859591679
0.0001	2111			2160053.9491547495	30194514049390.863					0.02452780000749044	22	11	30194516217899.45	8454.638394862564
0.0001	2112			2160040.8484026757	30194220245826.055					0.026491000011446886	22	12	30194222414321.562	8454.659971230647
0.0001	2113			2160026.733359487	30193916411661.42					0.02508720000332687	22	13	30193918580142.84	8454.682277662158
0.0001	2114			2160011.5242690123	30193604824246.273					0.029375300000538118	22	14	30193606992712.504	8454.705395991656
0.0001	2115			2159996.7091089874	30193283304837.098					0.025920200001564808	22	15	30193285473288.54	8454.729172497586
0.0001	2116			2159982.2197587453	30192951569085.75					0.025486099999397993	22	16	30192953737522.723	8454.753481025526
0.0001	2117			2159967.9662866755	30192610573441.254					0.024381700000958517	22	17	30192612741863.996	8454.77847441968
0.0001	2118			2159952.583393786	30192261757748.805					0.025797599999350496	22	18	30192263926156.19	8454.804186609366
0.0001	2119			2159936.177770447	30191903452078.86					0.026213300006929785	22	19	30191905620469.87	8454.830628998192
0.0001	2120			2159918.8018374	30191535926416.79					0.02799490001052618	22	20	30191538094790.45	8454.857792035864
0.0001	2121			2159900.504278838	30191160013738.355					0.025475000002188608	22	21	30191162182093.746	8454.88567760658
0.0001	2122			2159881.265232092	30190777189503.176					0.026920299991616048	22	22	30190779357839.355	8454.914238193116
0.0001	2123			2159862.4883281	30190385503677.15					0.02588280000782106	22	23	30190387671994.582	8454.943457398977
0.0001	2124			2159844.1204254264	30189984433812.047					0.025832100000116043	22	24	30189986602111.14	8454.97330256272
0.0001	2125			2159826.0439399662	30189576009914.242					0.025401599996257573	22	25	30189578178195.29	8455.00382597506
0.0001	2126			2159806.8901303886	30189159668343.676					0.024297099997056648	22	26	30189161836605.6	8455.035052799973
0.0001	2127			2159786.758327477	30188734569742.883					0.02449930000875611	22	27	30188736737984.707	8455.066980954662
0.0001	2128			2159765.7088756883	30188300681907.65					0.025238799993530847	22	28	30188302850128.453	8455.099566516536
0.0001	2129			2159743.780622486	30187858473125.01					0.02484040000126697	22	29	30187860641323.926	8455.132794748659
0.0001	2130			2159720.8893422536	30187409541693.52					0.025976100005209446	22	30	30187411709869.58	8455.166761577588
0.0001	2131			2159698.540131405	30186952651089.285					0.02662150000105612	22	31	30186954819243.023	8455.201109759677
0.0001	2132			2159676.701873344	30186486953712.145					0.02569410001160577	22	32	30186489121844.082	8455.235854358476
0.0001	2133			2159655.254403713	30186014541465.63					0.025240199989639223	22	33	30186016709576.152	8455.27101417009
0.0001	2134			2159632.6817957577	30185534482150.656					0.025634600009652786	22	34	30185536650238.65	8455.306904292005
0.0001	2135			2159608.92678699	30185046017052.336					0.02495239999552723	22	35	30185048185116.605	8455.343924293
0.0001	2136			2159584.159565278	30184549325968.95					0.025917700011632405	22	36	30184551494008.492	8455.381804656086
0.0001	2137			2159558.475462633	30184044616974.977					0.023614899997483008	22	37	30184046784988.875	8455.42035958988
0.0001	2138			2159531.899895018	30183531975562.19					0.02554779998899903	22	38	30183534143549.55	8455.459570502828
0.0001	2139			2159505.963083319	30183013058316.363					0.025417999990168028	22	39	30183015226277.83	8455.499261930176
0.0001	2140			2159480.6492827497	30182486600847.26					0.024283099992317148	22	40	30182488768783.45	8455.539449763184
0.0001	2141			2159454.226085934	30181952539752.723					0.02529550000326708	22	41	30181954707662.53	8455.580417749572
0.0001	2142			2159426.784899454	30181410548124.633					0.02506290000746958	22	42	30181412716007.04	8455.622142744664
0.0001	2143			2159398.266384506	30180861653174.44					0.024825300002703443	22	43	30180863821028.37	8455.664703963743
0.0001	2144			2159370.526765642	30180304964907.65					0.026017200012574904	22	44	30180307132733.883	8455.707627686812
0.0001	2145			2159343.441122283	30179741574447.95					0.02641839999705553	22	45	30179743742247.14	8455.751185620284
0.0001	2146			2159315.0509140864	30179170888711.14					0.025921499996911734	22	46	30179173056481.99	8455.795842706377
0.0001	2147			2159285.487169295	30178592620829.754					0.026329299987992272	22	47	30178594788571.082	8455.841557102223
0.0001	2148			2159254.8749371273	30178006818729.89					0.026712399994721636	22	48	30178008986440.652	8455.888379560754
0.0001	2149			2159223.1387087554	30177415169158.484					0.026482499990379438	22	49	30177417336837.562	8455.936136105687
0.0001	2150			2159192.331436476	30176816137771.844					0.025140900004771538	22	50	30176818305420.16	8455.984287783383
0.0001	2151			2159162.370680507	30176208874411.816					0.02618359999905806	22	51	30176211042030.22	8456.032855366795
0.0001	2152			2159133.0270158043	30175597348125.766					0.027109799993922934	22	52	30175599515714.875	8456.081857951014
0.0001	2153			2159102.433192238	30174978386356.86					0.025744300000951625	22	53	30174980553915.426	8456.131956691766
0.0001	2154			2159070.7444503005	30174351966246.1					0.02608440000039991	22	54	30174354133773.03	8456.183140463118
0.0001	2155			2159037.919255789	30173718268559.09					0.025966300003346987	22	55	30173720436053.242	8456.235289780134
0.0001	2156			2159003.961680954	30173077281193.406					0.027382599990232848	22	56	30173079448653.656	8456.288354908002
0.0001	2157			2158968.927435491	30172430600547.04					0.027145600004587322	22	57	30172432767972.31	8456.342046181442
0.0001	2158			2158934.9303502995	30171777944656.96					0.026581099999020807	22	58	30171780112048.285	8456.396071732272
0.0001	2159			2158901.9115277063	30171117243131.66					0.026990600003045984	22	59	30171119410490.02	8456.450340708507
0.0001	2160			2158869.6891164808	30170451473414.785					0.02616419999685604	22	60	30170453640740.977	8456.504892794172
0.0001	2161			2158836.1772892447	30169779524116.78					0.02607610000995919	22	61	30169781691409.516	8456.560229362036
0.0001	2162			2158801.5023091636	30169100643798.094					0.027807299993583	22	62	30169102811056.215	8456.61629157698
0.0001	2163			2158765.775130057	30168414689608.414					0.02957500000775326	22	63	30168416856830.86	8456.673112144837
0.0001	2164			2158729.012667796	30167721924794.004					0.026952100000926293	22	64	30167724091979.746	8456.73057569594
0.0001	2165			2158691.0477437414	30167025186584.17					0.027078699989942834	22	65	30167027353732.008	8456.788992051203
0.0001	2166			2158654.2781279525	30166321705640.68					0.027955400000791997	22	66	30166323872751.805	8456.84720694989
0.0001	2167			2158618.5912878085	30165610295656.633					0.03046750000794418	22	67	30165612462732.13	8456.905246215878
0.0001	2168			2158583.833285879	30164893601173.84					0.028553500000271015	22	68	30164895768214.637	8456.963046161905
0.0001	2169			2158547.6377725312	30164172182841.117					0.027146099993842654	22	69	30164174349845.777	8457.022012090762
0.0001	2170			2158510.2789380653	30163444250884.87					0.028786199996829964	22	70	30163446417852.23	8457.0821505774
0.0001	2171			2158481.96929861	30174924542672.723					0.034744999997201376	22	71	30174926709610.703	8456.01361441904
0.0001	2172			2157355.493012109	30055999162344.914					0.03587629999674391	22	72	30056001328144.71	8444.30543385159
0.0001	2173			2139192.589092964	28037287146104.445					0.03591360000427812	22	73	28037289293335.08	8038.043315323746
0.0001	2174			2177707.1581083345	26682256215071.39					0.040040899999439716	22	74	26682258400547.305	7768.755930672667
0.0001	2175			2265721.8186971983	26326005385225.83					0.0368595999898389	22	75	26326007658387.527	7439.879806871512
0.0001	2176			2276858.7214450072	26345368246786.29					0.038183899989235215	22	76	26345370531069.098	7424.08779933908
0.0001	2177			2302183.650972244	26209791815623.91					0.05182969999441411	22	77	26209794125192.566	7385.003705535177
0.0001	2178			2354905.0127004725	26106946368017.78					0.04059559998859186	22	78	26106948730235.445	7312.650515843876
0.0001	2179			2383832.424169023	26054889664201.676					0.03518389999226201	22	79	26054892055225.008	7190.905392896115
0.0001	2180			2805719.5997081995	27424568157437.24					0.037442999993800186	22	80	27424570969066.67	5909.831880594199
	2181	38472391931979.39	25199331106992.125			4441.86910474937	976.3349407198507	85165019899718.12	340752244.52356356	0.13843829999677837	22	72	319234934085167.75	
	2182	38470238747089.07	25199278012616.86			4441.697387233249	976.3321375709702	85046835472097.06	340702248.5968598	0.13430150000203867	22	73	318878164523819.3	
	2183	38468077426691.18	25199202344907.473			4441.525790099814	976.3292118036085	84932515297404.16	340658011.0020171	0.12917219998780638	22	74	318532958164080.0	
	2184	38465911500208.67	25199121332607.332			4441.3543078232515	976.3261867431524	84821857499373.34	340591645.71400803	0.12708850001217797	22	75	318198724558112.94	
	2185	38463741424594.664	25199042258803.535			4441.1830751261705	976.3230555559735	84714677103984.98	340535490.59528476	0.12861899999552406	22	76	317874922991472.06	
	2186	38461566600958.91	25198965548711.94			4441.011847337383	976.3198505075735	84610801224130.94	340488143.5915766	0.13352400000439957	22	77	317561034348747.5	
	2187	38459387839291.26	25198891057332.62			4440.840614207241	976.3165771193143	84510068088239.44	340448450.17695564	0.146218099995167	22	78	317256573749308.9	
	2188	38457204294289.766	25198817866518.395			4440.6696517327155	976.3132210298546	84412324519488.33	340383328.0960294	0.16696970000339206	22	79	316961073282789.44	
	2189	38455013909351.52	25198746271218.516			4440.498768680847	976.3097652542639	84317426056996.19	340313547.61785024	0.1751246999920113	22	80	316674101958945.0	
	2190	38452818284785.85	25198676583418.004			4440.328155373906	976.3062297633602	84225241978317.39	340220574.4797916	0.16499600000679493	22	81	316395265815880.7	
	2191	38450618432059.94	25198608373973.234			4440.157744980302	976.3026097537407	84135627000124.94	340108109.7848156	0.15677709999727085	22	82	316124130326159.5	
	2192	38448412237477.13	25198522228482.367			4439.987558839437	976.2988858147003	84048466271178.84	339998809.4958923	0.1747105999966152	22	83	315860333939155.75	
	2193	38446201346370.23	25198440219800.688			4439.817730683568	976.2950717136774	83963659242314.62	339902932.6054807	0.15841960000398103	22	84	315603600777362.4	
	2194	38443950010513.43	25198361897020.434			4439.648252334966	976.291173338227	83881106881578.72	339818965.78832126	0.14541390001249965	22	85	315353597243120.25	
	2195	38441623550222.59	25198266372311.105			4439.4802382470125	976.287178201527	83800709058860.6	339745592.0466364	0.13906549999956042	22	86	315109967115183.75	
	2196	38439293335226.08	25198169109591.23			4439.312950101875	976.283065987688	83722371201994.97	339681681.5375355	0.15532810000877362	22	87	314872513284735.1	
	2197	38436957103024.38	25198075846462.99			4439.14580601586	976.278844502514	83646004137680.36	339626267.022459	0.1502570000011474	22	88	314640971513524.9	
	2198	38434611510150.68	25197986245258.88			4438.978597047726	976.2744874384639	83571517635593.86	339578388.501136	0.15234200000122655	22	89	314415067237449.8	
	2199	38432256997741.19	25197894714255.707			4438.811490875629	976.2700006299252	83498836068823.61	339537637.8269064	0.15852630000154022	22	90	314194568343558.06	
	2200	38429894564286.94	25197806591518.395			4438.63962695054	976.2653968759204	83427872600424.72	339503587.8117569	0.17126319999806583	22	91	313979220572132.44	
0.0001	2201			2374759.8717890093	30999572162182.504					0.02980020000541117	23	1	30999574537057.41	115.03427630634066
0.0001	2202			2374762.1575149237	30999555605516.33					0.028966500001843087	23	2	30999557980393.52	115.0340814770563
0.0001	2203			2374764.828808614	30999523113183.938					0.029439900012221187	23	3	30999525488063.8	115.03404412982887
0.0001	2204			2374768.3459341354	30999487385438.67					0.029807399987475947	23	4	30999489760322.055	115.03400581127114
0.0001	2205			2374772.103637889	30999460743885.906					0.030158099994878285	23	5	30999463118773.047	115.03397830271074
0.0001	2206			2374776.1028321725	30999433661091.535					0.03149729999131523	23	6	30999436035982.67	115.0340242132191
0.0001	2207			2374780.208676858	30999404591845.645					0.030144500007736497	23	7	30999406966740.887	115.03407910718167
0.0001	2208			2374784.6882659313	30999373797732.375					0.026373999993666075	23	8	30999376172632.098	115.03412825276556
0.0001	2209			2374790.298145821	30999340683727.707					0.03711370000382885	23	9	30999343058633.04	115.03412937746562
0.0001	2210			2374796.809317482	30999305527947.184					0.03389640001114458	23	10	30999307902859.027	115.03411842126644
0.0001	2211			2374804.1526106964	30999268387884.754					0.03201569999509957	23	11	30999270762803.94	115.03407174557354
0.0001	2212			2374812.3028604086	30999229864077.902					0.030165000003762543	23	12	30999232239005.242	115.03398607416554
0.0001	2213			2374819.4887497462	30999191335487.105					0.027767699997639284	23	13	30999193710421.63	115.03384168731394
0.0001	2214			2374825.5119765517	30999151814400.062					0.030190199991920963	23	14	30999154189340.61	115.03376723914766
0.0001	2215			2374831.3881300143	30999110051233.094					0.030287800007499754	23	15	30999112426179.516	115.03370504709554
0.0001	2216			2374838.299494619	30999066432707.83					0.030914400005713105	23	16	30999068807661.164	115.03363341324383
0.0001	2217			2374846.0396980685	30999024666105.254					0.029960600004415028	23	17	30999027041066.33	115.03354773160511
0.0001	2218			2374854.422195222	30998981390190.18					0.03016790001129266	23	18	30998983765159.637	115.03347213715423
0.0001	2219			2374862.4382619276	30998933145459.566					0.030152500010444783	23	19	30998935520437.04	115.03340431151199
0.0001	2220			2374870.9267272893	30998884549620.312					0.03332010000303853	23	20	30998886924606.273	115.03333620515717
0.0001	2221			2374879.4981776252	30998838863179.7					0.030891200003679842	23	21	30998841238174.234	115.0332513419159
0.0001	2222			2374887.2182489675	30998793510272.844					0.03083080000942573	23	22	30998795885275.094	115.03314854426729
0.0001	2223			2374894.6408557016	30998746011298.617					0.031418200000189245	23	23	30998748386308.29	115.0330279828836
0.0001	2224			2374901.6756034116	30998696098522.52					0.02780759999586735	23	24	30998698473539.227	115.03289272222462
0.0001	2225			2374907.7259687735	30998645450918.2					0.031216200004564598	23	25	30998647825940.957	115.03274210439415
0.0001	2226			2374914.807014203	30998593146677.973					0.02808099999674596	23	26	30998595521707.812	115.03257047863937
0.0001	2227			2374922.92460288	30998538944922.426					0.030232400007662363	23	27	30998541319960.383	115.03238071654638
0.0001	2228			2374932.473819579	30998484237940.707					0.03235639999911655	23	28	30998486612988.21	115.03217495744163
0.0001	2229			2374943.478939528	30998432384835.887					0.03149999999732245	23	29	30998434759894.4	115.03195781063302
0.0001	2230			2374955.797969994	30998377590424.55					0.0343490999948699	23	30	30998379965495.38	115.03174653599227
0.0001	2231			2374969.385093585	30998318038946.113					0.0313802000018768	23	31	30998320414030.53	115.03153900144974
0.0001	2232			2374984.2797416225	30998262832757.395					0.030727999997907318	23	32	30998265207856.707	115.03133476447296
0.0001	2233			2375000.261757323	30998206124710.34					0.03357519999553915	23	33	30998208499825.633	115.03109880466349
0.0001	2234			2375017.0524107055	30998148034795.914					0.031115500009036623	23	34	30998150409927.996	115.03082909203579
0.0001	2235			2375033.211094039	30998088936587.113					0.031215199996950105	23	35	30998091311735.355	115.03060095777195
0.0001	2236			2375048.775234025	30998027834773.062					0.03562460000102874	23	36	30998030209936.867	115.03044906756955
0.0001	2237			2375063.4892489165	30997964884996.57					0.027611800003796816	23	37	30997967260175.09	115.03036073461102
0.0001	2238			2375077.616763815	30997900878074.016					0.03042349999304861	23	38	30997903253266.664	115.03015887584355
0.0001	2239			2375091.0962426444	30997835919966.082					0.03642340000078548	23	39	30997838295172.21	115.02988660947658
0.0001	2240			2375105.825193228	30997769508502.54					0.03090650000376627	23	40	30997771883723.395	115.02966161544101
0.0001	2241			2375121.7808041032	30997701700493.402					0.031529200001386926	23	41	30997704075730.215	115.02942907626327
0.0001	2242			2375138.8661592263	30997636008001.48					0.031461999999010004	23	42	30997638383255.375	115.02922425912153
0.0001	2243			2375157.2667525476	30997568585369.54					0.030954199988627806	23	43	30997570960641.832	115.02913892208983
0.0001	2244			2375174.976978916	30997496506574.715					0.029661599997780286	23	44	30997498881864.72	115.02890245365195
0.0001	2245			2375192.117097884	30997427405195.21					0.030823599998257123	23	45	30997429780502.355	115.02862858650825
0.0001	2246			2375208.7745154016	30997356817637.832					0.03080930000578519	23	46	30997359192961.633	115.02840104043965
0.0001	2247			2375225.005571776	30997284718537.44					0.028965100005734712	23	47	30997287093877.473	115.02817845767493
0.0001	2248			2375240.912923492	30997211311974.777					0.02869730000384152	23	48	30997213687330.72	115.02795378586194
0.0001	2249			2375258.2228841917	30997137371905.203					0.032232900004601106	23	49	30997139747278.453	115.0277141837011
0.0001	2250			2375276.8565870873	30997062510156.125					0.03054120000160765	23	50	30997064885548.008	115.02748970901455
0.0001	2251			2375294.9389674626	30996987100820.035					0.02866020001238212	23	51	30996989476230.0	115.02726494791116
0.0001	2252			2375312.4700198993	30996910692684.88					0.0316919000033522	23	52	30996913068112.375	115.02703730687159
0.0001	2253			2375330.099514724	30996833117385.645					0.030524500005412847	23	53	30996835492830.77	115.02682343975583
0.0001	2254			2375347.291957741	30996755206707.008					0.028933800000231713	23	54	30996757582169.33	115.02660726952408
0.0001	2255			2375365.816581097	30996676618046.79					0.028659899995545857	23	55	30996678993527.633	115.02635635520686
0.0001	2256			2375383.961593199	30996596531433.8					0.027377499995054677	23	56	30996598906932.79	115.02609183718424
0.0001	2257			2375401.799500364	30996514980275.86					0.02848969999467954	23	57	30996517355792.688	115.02583804229056
0.0001	2258			2375419.2360615185	30996434525602.047					0.02631190000101924	23	58	30996436901136.31	115.02558300382184
0.0001	2259			2375438.2313605924	30996350309267.57					0.03025090000301134	23	59	30996352684820.824	115.02535078220902
0.0001	2260			2375458.5734205744	30996266964186.54					0.027075099991634488	23	60	30996269339760.137	115.02511998429932
0.0001	2261			2375478.324864664	30996182324250.85					0.029714100004639477	23	61	30996184699844.2	115.02488665740938
0.0001	2262			2375497.789941486	30996097372539.777					0.029738299999735318	23	62	30996099748152.59	115.02464357166737
0.0001	2263			2375516.2156442013	30996014154138.734					0.024351000000024214	23	63	30996016529769.973	115.0243846081269
0.0001	2264			2375533.7233633595	30995924496093.844					0.02603870000166353	23	64	30995926871742.59	115.02418233673397
0.0001	2265			2375550.815378456	30995836441906.72					0.025844700008747168	23	65	30995838817572.56	115.02394584389351
0.0001	2266			2375569.5807748553	30995748013222.062					0.026646300000720657	23	66	30995750388906.668	115.02369592129652
0.0001	2267			2375589.938416696	30995658962176.816					0.02476869999372866	23	67	30995661337881.777	115.02343483179335
0.0001	2268			2375612.040850839	30995568982784.44					0.02977150000515394	23	68	30995571358511.504	115.0232033288888
0.0001	2269			2375634.031049989	30995479257129.453					0.030322499995236285	23	69	30995481632878.508	115.02295265348761
0.0001	2270			2375654.715287393	30995387405959.383					0.02916890000051353	23	70	30995389781729.12	115.02269187224675
0.0001	2271			2375769.111790114	30996675240916.01					0.03251950000412762	23	71	30996677616800.242	115.11677110693218
0.0001	2272			2375863.7372717094	30994837030123.89					0.038318899998557754	23	72	30994839406102.742	115.11433638966993
0.0001	2273			2376515.168215874	30983021157718.062					0.037287700004526414	23	73	30983023534348.312	115.08340821626909
0.0001	2274			2382064.4553781953	31138499384542.676					0.03754550000303425	23	74	31138501766721.23	114.098909031995
0.0001	2275			2380910.8794521913	30985372496490.344					0.03546759999881033	23	75	30985374877515.848	114.62469049926267
0.0001	2276			2381734.323951797	30946392126392.55					0.03626860000076704	23	76	30946394508241.86	114.984451921081
0.0001	2277			2382164.7368141604	30937813130476.906					0.04506849999597762	23	77	30937815512756.63	114.98613429998703
0.0001	2278			2384545.7279513055	30918682289011.42					0.04225919999589678	23	78	30918684673672.24	115.09178785078718
0.0001	2279			2390409.9836748885	31100830087833.824					0.039848399988841265	23	79	31100832478359.56	115.74937550840966
0.0001	2280			2388390.5870227944	30947580310208.684					0.04082939999352675	23	80	30947582698714.918	115.64689517755394
	2281	30812505911109.14	38427522463409.9			9.923023138194559	2.01299529066512	31123171738910.125	1643353.5746751542	0.1434006000054069	23	72	162609872263969.1	
	2282	30812416463743.832	38427503590051.61			9.923909015301387	2.0127210037844274	31122918175201.47	1643421.2572828669	0.14486529999703635	23	73	162609003265656.2	
	2283	30812328070576.43	38427484721995.97			9.924797255520833	2.0124469040783266	31122664742425.656	1643488.917426254	0.14245869999285787	23	74	162608135719637.94	
	2284	30812240806490.97	38427465859625.266			9.92568758878953	2.012172537178572	31122411406728.04	1643556.601847929	0.14310309999564197	23	75	162607269599626.0	
	2285	30812154625353.316	38427447003347.24			9.926579690029548	2.011898043491952	31122158174643.406	1643624.2815598666	0.14601540000876412	23	76	162606404879492.53	
	2286	30812069541902.625	38427428153596.96			9.92747466694347	2.0116236565792995	31121905032146.953	1643691.9407796247	0.1311407000030158	23	77	162605541532334.22	
	2287	30811985461721.004	38427409310839.01			9.92837226447168	2.0113493879469466	31121652001983.074	1643759.5845662535	0.1315916999883484	23	78	162604679532431.94	
	2288	30811902337712.62	38427390475569.72			9.92927276283711	2.0110752839588844	31121399092025.44	1643827.2130592987	0.14158060000045225	23	79	162603818856807.25	
	2289	30811820106786.97	38427371648319.87			9.930176221603961	2.0108013907025457	31121146315153.23	1643894.8271552406	0.14990889999899082	23	80	162602959481538.1	
	2290	30811738896122.58	38427352829657.27			9.931082842769511	2.0105275135515277	31120893621004.023	1643962.4411543359	0.15031110000563785	23	81	162602101383286.47	
	2291	30811658668400.395	38427334020189.92			9.931992404635771	2.0102536550231864	31120641013129.71	1644030.0588495645	0.1339029000082519	23	82	162601244535997.72	
	2292	30811579384591.918	38427315220569.03			9.932904907529025	2.009979831103632	31120388496105.07	1644097.678553632	0.13730689999647439	23	83	162600388915018.56	
	2293	30811501035695.758	38427296431493.03			9.933820167535846	2.0097060926843717	31120136064192.383	1644165.286523987	0.1549659000011161	23	84	162599534494830.12	
	2294	30811423563273.934	38427277653711.43			9.934738120624523	2.009432459434846	31119883729283.14	1644232.8843113086	0.1424786999996286	23	85	162598681253418.7	
	2295	30811346941124.582	38427258888029.18			9.935658984706349	2.0091589741283857	31119631492040.39	1644300.469403603	0.14969260001089424	23	86	162597829167376.06	
	2296	30811271164486.91	38427240135311.484			9.9365824560723	2.008885675253113	31119379346713.43	1644368.0281282698	0.13492009999754373	23	87	162596978215551.7	
	2297	30811196211534.89	38427221396489.03			9.93750847660343	2.008612542547888	31119127293562.695	1644435.5639068095	0.1326520000002347	23	88	162596128377832.38	
	2298	30811122028857.1	38427202672563.72			9.938437028414986	2.008339582744272	31118875344119.125	1644503.0799824232	0.13422049999644514	23	89	162595279636401.97	
	2299	30811048560443.223	38427183964615.02			9.939368161134151	2.008066802301747	31118623512667.477	1644570.5799507662	0.1395592999906512	23	90	162594431979184.62	
	2300	30810975765992.98	38427165273806.914			9.940301933590634	2.0077942052937248	31118371809718.688	1644638.0666939043	0.13177819999691565	23	91	162593585398577.44	
0.0001	2301			2215310.4699050053	49170603021608.33					0.03200599999399856	24	1	49170605237242.17	323.37473581716307
0.0001	2302			2215299.729827299	49168507241918.68					0.030505999995511957	24	2	49168509457541.805	323.3978985996211
0.0001	2303			2215293.9980276725	49166433038032.49					0.030428199999732897	24	3	49166435253649.914	323.4189719317734
0.0001	2304			2215290.746123853	49164275946509.19					0.02946370000427123	24	4	49164278162123.375	323.4400146505657
0.0001	2305			2215288.9913466694	49162020147398.24					0.029196100003900938	24	5	49162022363010.695	323.4614955724066
0.0001	2306			2215288.2323501427	49159665209866.88					0.029314599989447743	24	6	49159667425478.6	323.4835750813538
0.0001	2307			2215288.147262182	49157217016022.51					0.02760370000032708	24	7	49157219231634.164	323.50631980627185
0.0001	2308			2215289.062672711	49154678684653.664					0.030888199995388277	24	8	49154680900266.26	323.5296361318534
0.0001	2309			2215290.927965963	49152050077278.55					0.027464899991173297	24	9	49152052292893.03	323.55355716980705
0.0001	2310			2215293.6974066277	49149333653790.16					0.026768299998366274	24	10	49149335869407.43	323.578121938687
0.0001	2311			2215297.1533186296	49146531655518.484					0.029023600000073202	24	11	49146533871139.24	323.60334711369865
0.0001	2312			2215301.2293608743	49143645810974.336					0.029157500001019798	24	12	49143648026599.195	323.6292271347978
0.0001	2313			2215305.8577640406	49140677791757.695					0.027499499992700294	24	13	49140680007387.21	323.65577652382933
0.0001	2314			2215310.99896828	49137629111725.86					0.02998999999545049	24	14	49137631327360.54	323.68300033617624
0.0001	2315			2215316.611413495	49134501040562.71					0.03082610000274144	24	15	49134503256203.03	323.7109175480435
0.0001	2316			2215322.6613267623	49131294702869.445					0.027374900004360825	24	16	49131296918515.85	323.7395093305996
0.0001	2317			2215329.1406542645	49128011148940.76					0.02744659999734722	24	17	49128013364593.664	323.7687850219627
0.0001	2318			2215336.02034565	49124654731234.97					0.026595100003760308	24	18	49124656946894.79	323.798747329734
0.0001	2319			2215343.265664864	49121222584552.3					0.027656699996441603	24	19	49121224800219.39	323.8293205908578
0.0001	2320			2215350.864411708	49117714331956.86					0.027872299993759952	24	20	49117716547631.586	323.86051164506716
0.0001	2321			2215358.800638126	49114130825930.586					0.027688500005751848	24	21	49114133041613.27	323.8923246922553
0.0001	2322			2215367.0452839825	49110477365858.16					0.028253900003619492	24	22	49110479581549.125	323.9247608550422
0.0001	2323			2215375.5955755603	49106751747269.05					0.04246680000505876	24	23	49106753962968.6	323.9579026564113
0.0001	2324			2215384.560135948	49102953632195.85					0.032991799991577864	24	24	49102955847904.41	323.9917578286197
0.0001	2325			2215393.89937012	49099083962240.88					0.04107520000252407	24	25	49099086177958.805	324.0263237468918
0.0001	2326			2215403.545060673	49095143358150.85					0.05118609999772161	24	26	49095145573878.46	324.0615936722255
0.0001	2327			2215413.488744484	49091132419044.12					0.030826199988950975	24	27	49091134634781.7	324.0975561299001
0.0001	2328			2215423.720689104	49087051725904.125					0.028885799998533912	24	28	49087053941651.98	324.13422039124066
0.0001	2329			2215434.244832362	49082901841962.37					0.0280996000074083	24	29	49082904057720.78	324.1715808421031
0.0001	2330			2215445.0769486497	49078683320401.26					0.026083699995069765	24	30	49078685536170.55	324.20963086395227
0.0001	2331			2215456.2065319414	49074396710168.734					0.026771600008942187	24	31	49074398925949.19	324.24837721713766
0.0001	2332			2215467.62039219	49070046433430.234					0.026521499996306375	24	32	49070048649222.14	324.2878185181561
0.0001	2333			2215479.313690035	49065628683282.555					0.025622900007874705	24	33	49065630899086.195	324.3278677161485
0.0001	2334			2215491.2846850734	49061142733245.234					0.027165199993760325	24	34	49061144949060.88	324.36853671841624
0.0001	2335			2215503.532103383	49056589211355.02					0.02598220000800211	24	35	49056591427182.96	324.40982397103807
0.0001	2336			2215516.0395987337	49051974469026.63					0.026900400000158697	24	36	49051976684867.125	324.45173335975977
0.0001	2337			2215528.815705331	49047295085854.4					0.02895120000175666	24	37	49047297301707.7	324.49435895171484
0.0001	2338			2215541.8587372513	49042550792570.414					0.035806500003673136	24	38	49042553008436.81	324.53769690867847
0.0001	2339			2215555.165059713	49037742085930.85					0.03161630000977311	24	39	49037744301810.59	324.5817448555752
0.0001	2340			2215568.7332671504	49032869450849.3					0.031975900012184866	24	40	49032871666742.66	324.6265004653215
0.0001	2341			2215582.561695787	49027933288734.016					0.035996299993712455	24	41	49027935504641.25	324.6719625058537
0.0001	2342			2215596.6477451893	49022933998087.445					0.03251540000201203	24	42	49022936214008.81	324.7181288654257
0.0001	2343			2215610.9843034255	49017872147554.625					0.035422100001596846	24	43	49017874363490.375	324.7649981279675
0.0001	2344			2215625.56599056	49012748204460.125					0.03915480000432581	24	44	49012750420410.5	324.8125685135271
0.0001	2345			2215640.3929864625	49007562634042.39					0.04145240000798367	24	45	49007564850007.64	324.86083917870394
0.0001	2346			2215655.4525253368	49002320781522.445					0.0430181999981869	24	46	49002322997502.805	324.9098108555023
0.0001	2347			2215670.7712838347	48997017311373.64					0.0476972000033129	24	47	48997019527369.375	324.9593942539623
0.0001	2348			2215686.345549033	48991651591314.63					0.03378379999776371	24	48	48991653807325.984	325.0096007511832
0.0001	2349			2215702.1713407445	48986223541411.914					0.04652090001036413	24	49	48986225757439.15	325.06043480647276
0.0001	2350			2215718.2422530754	48980739626667.75					0.031099699990591034	24	50	48980741842711.1	325.11189922648873
0.0001	2351			2215734.5554857934	48975198085883.99					0.03338759999314789	24	51	48975200301943.71	325.1640863647369
0.0001	2352			2215751.1148658087	48969597801613.84					0.03698699999949895	24	52	48969600017690.18	325.21700036144125
0.0001	2353			2215767.9217394954	48963939354102.484					0.03686490000109188	24	53	48963941570195.68	325.2706376723982
0.0001	2354			2215784.970447452	48958223286563.67					0.030438300003879704	24	54	48958225502673.97	325.3249958135927
0.0001	2355			2215802.260319349	48952450229801.695					0.028366600003209896	24	55	48952452445929.336	325.38006887309785
0.0001	2356			2215819.7843847587	48946620799575.46					0.038715899994713254	24	56	48946623015720.68	325.4358536039929
0.0001	2357			2215837.5459326287	48940735635489.77					0.03084609999496024	24	57	48940737851652.81	325.4923470914876
0.0001	2358			2215855.5402528024	48934795369157.42					0.03405689999635797	24	58	48934797585338.51	325.5495485238032
0.0001	2359			2215873.757064678	48928806254679.29					0.03334900000481866	24	59	48928808470878.66	325.6074567524559
0.0001	2360			2215892.2192843966	48922761901634.36					0.03443159999733325	24	60	48922764117852.24	325.6659710366504
0.0001	2361			2215910.9292103923	48916662048480.29					0.030314699994050898	24	61	48916664264716.945	325.72509687229336
0.0001	2362			2215929.8785251207	48910507545925.516					0.030999300011899322	24	62	48910509762181.17	325.784836195573
0.0001	2363			2215949.0572365695	48904306222593.62					0.026148599994485267	24	63	48904308438868.516	325.84519457960164
0.0001	2364			2215968.4529914493	48898054813101.195					0.030093299996224232	24	64	48898057029395.555	325.9062806178414
0.0001	2365			2215988.0717643304	48891752780084.086					0.026290800000424497	24	65	48891754996398.125	325.9680896287995
0.0001	2366			2216007.899603035	48885401724533.58					0.024971999999252148	24	66	48885403940867.51	326.0306163481558
0.0001	2367			2216027.9376505576	48879001293789.98					0.02736360000562854	24	67	48879003510144.01	326.0938565946249
0.0001	2368			2216048.198076758	48872552293684.59					0.02682959999947343	24	68	48872554510058.945	326.1578061155198
0.0001	2369			2216068.692087655	48866055597160.45					0.027868899996974505	24	69	48866057813555.37	326.222459907816
0.0001	2370			2216089.4104475207	48859512885366.984					0.02873810000892263	24	70	48859515101782.69	326.2878101834054
0.0001	2371			2216272.4601836214	48975079859060.48					0.03588579999632202	24	71	48975082075658.336	325.39515320328394
0.0001	2372			2221299.2324589384	48214694670617.82					0.037351399994804524	24	72	48214696892249.22	332.16422382490697
0.0001	2373			2347592.424541348	40991706518636.14					0.038407700005336665	24	73	40991708866893.39	664.8269347098915
0.0001	2374			3683086.934338478	33639030178389.812					0.03468330000760034	24	74	33639033892540.72	31063.971664201985
0.0001	2375			3690170.308628779	33582281752844.824					0.039651300001423806	24	75	33582285473812.676	30797.543220681677
0.0001	2376			3700189.3569743014	33544748923341.332					0.03880110000318382	24	76	33544752653947.76	30417.073150630928
0.0001	2377			3731051.3265961017	33464648012899.902					0.04010750001179986	24	77	33464651777417.266	33466.03682303323
0.0001	2378			3766291.657248876	33371239639378.65					0.035441300002275966	24	78	33371243436722.64	31052.337743165852
0.0001	2379			3805236.8132462357	33260499172632.043					0.03978079999797046	24	79	33260503007571.223	29702.365480677963
0.0001	2380			3855296.7688089786	33094785703156.54					0.04715339999529533	24	80	33094789590163.156	31709.848935129034
	2381	35009047213666.188	30810903616564.32			19.85299836744235	103.55878972814554	65848820311254.16	621694744.5466245	0.15864509998937137	24	72	263490750717908.5	
	2382	34990360808592.527	30810766201670.227			19.857206593023573	103.56412964826225	65816958371990.0	621451605.7059647	0.14488979999441653	24	73	263376292452381.03	
	2383	34971339418943.863	30810634865388.008			19.861327696182666	103.56940585389356	65785482383258.55	621250742.2718602	0.14606949999870267	24	74	263262671587569.84	
	2384	34951964624204.113	30810508597616.867			19.865467752751236	103.57463487889189	65754378219409.375	621088040.0350692	0.14027050000731833	24	75	263149825493064.97	
	2385	34932218426126.516	30810370907175.49			19.869730593781306	103.57983760699672	65723668523873.06	620802820.9948034	0.1405559999984689	24	76	263037755474129.88	
	2386	34912057656284.484	30810209524708.723			19.874122943556184	103.58500604176444	65693361477624.55	620240943.050299	0.14130449999356642	24	77	262926399807487.56	
	2387	34891451647617.51	30810053823279.484			19.878543766983896	103.59013701626515	65663397168665.14	619761406.0338321	0.16035429999465123	24	78	262815649263110.8	
	2388	34870370337175.957	30809903533056.453			19.882994924207065	103.59523380413218	65633744764602.375	619353284.4003247	0.1450533000024734	24	79	262705378825932.16	
	2389	34848768281401.832	30809758417740.668			19.887534779082337	103.6002784555225	65604411942313.75	619006986.9300903	0.1416190000018105	24	80	262595563928483.28	
	2390	34826580765124.99	30809618233243.344			19.892130895574063	103.60525621213621	65575394503231.055	618709560.5826137	0.13541109999641776	24	81	262486124425192.5	
	2391	34803761823875.55	30809482759982.117			19.896665893412987	103.61017070658204	65546682053593.56	618029970.5410099	0.125787400000263	24	82	262376896743762.0	
	2392	34780265404221.95	30809338160524.832			19.90117430800611	103.6150283982475	65518254654484.625	617444665.302418	0.13325309999345336	24	83	262267856466277.53	
	2393	34756023964729.23	30809193314899.273			19.905703673835127	103.61981654732949	65490103364629.44	616941065.710447	0.1425582000083523	24	84	262158915591676.25	
	2394	34730955498072.02	30809047820158.758			19.910259893583135	103.62453105449946	65462234610981.64	616508610.0973933	0.17114639999635983	24	85	262050008878213.5	
	2395	34704976361190.027	30808894971317.504			19.914935006238764	103.62917855896202	65434639699164.16	616138296.2107769	0.16567649999342393	24	86	261941018094261.44	
	2396	34677988713996.406	30808719556336.47			19.919634839590906	103.63376185045828	65407327682867.42	615822339.8690926	0.16731079999590293	24	87	261831855791929.22	
	2397	34649879285544.547	30808542049916.81			19.924351710036866	103.63828044008336	65380285342619.91	615412663.5145624	0.1694030000071507	24	88	261722359901045.25	
	2398	34620518646415.97	30808368837965.06			19.929073663497473	103.64272520802061	65353504364684.03	614742033.9786253	0.17326749999483582	24	89	261612348990251.1	
	2399	34589754210287.055	30808203140033.35			19.93378305679199	103.64708903864023	65326996175612.86	614162022.4814298	0.1761663000070257	24	90	261501778286678.5	
	2400	34557430551133.305	30808034691417.58			19.938424623175138	103.65137516157854	65300736347452.75	613660748.4234458	0.17950699999346398	24	91	261390406439618.03	
0.0001	2401			1718974.9394314112	16416511006127.818					0.035245899998699315	25	1	16416512725440.617	337.8589346948918
0.0001	2402			1718990.5337101652	16416458460496.365					0.03319950000150129	25	2	16416460179824.713	337.8146988484711
0.0001	2403			1718998.090180496	16416392717080.885					0.033710900010191835	25	3	16416394436416.758	337.7823249833515
0.0001	2404			1719004.9939043156	16416332756461.588					0.03239259999827482	25	4	16416334475804.336	337.7534193001269
0.0001	2405			1719011.69302558	16416272614271.58					0.031876299995929	25	5	16416274333621.0	337.72619307919314
0.0001	2406			1719018.0266405633	16416209348635.85					0.03187619999516755	25	6	16416211067991.576	337.69954646978744
0.0001	2407			1719023.7034135656	16416141248295.094					0.032770999998319894	25	7	16416142967656.469	337.6725388321586
0.0001	2408			1719028.4942341326	16416069962865.08					0.02873219999310095	25	8	16416071682231.219	337.6447638795979
0.0001	2409			1719032.4707455633	16415996509648.084					0.0344349999941187	25	9	16415998229018.172	337.6165112237085
0.0001	2410			1719035.7201870175	16415924316794.188					0.03173909999895841	25	10	16415926036167.496	337.5873801431261
0.0001	2411			1719038.2473154094	16415848286019.793					0.02933080001093913	25	11	16415850005395.598	337.5571961773481
0.0001	2412			1719039.8298169058	16415771186009.742					0.031244899990269914	25	12	16415772905387.098	337.52624167133206
0.0001	2413			1719039.8980873337	16415689915251.959					0.031553499997244217	25	13	16415691634629.354	337.4961225918335
0.0001	2414			1719038.655990683	16415603995283.389					0.031621300004189834	25	14	16415605714659.512	337.46668734777273
0.0001	2415			1719036.1131994012	16415512719453.06					0.03384780000487808	25	15	16415514438826.611	337.43795719640013
0.0001	2416			1719031.7062892828	16415409943648.555					0.033220700002857484	25	16	16415411663017.672	337.4100452721044
0.0001	2417			1719026.0541843076	16415301596205.082					0.03178180000395514	25	17	16415303315568.52	337.3828783367033
0.0001	2418			1719018.7486425764	16415192998875.172					0.03393340000184253	25	18	16415194718231.275	337.356220114813
0.0001	2419			1719010.4074702715	16415084426128.572					0.032659100004821084	25	19	16415086145476.31	337.3293330685234
0.0001	2420			1719001.2512119415	16414972362349.225					0.02816089999396354	25	20	16414974081687.78	337.3021767528624
0.0001	2421			1718990.6549954875	16414864550304.447					0.032975900001474656	25	21	16414866269632.377	337.2749369003382
0.0001	2422			1718982.7301309998	16414756271942.215					0.02775880000262987	25	22	16414757991262.19	337.24375579509234
0.0001	2423			1718977.5579080773	16414644351652.459					0.03204740000364836	25	23	16414646070967.227	337.208888860639
0.0001	2424			1718974.731876825	16414529403025.115					0.03082130000984762	25	24	16414531122337.018	337.17056665710214
0.0001	2425			1718973.7940010866	16414411280504.785					0.03158749999420252	25	25	16414412999815.709	337.12903930369504
0.0001	2426			1718974.5900757378	16414291387605.895					0.03355829999782145	25	26	16414293106917.568	337.0843442699045
0.0001	2427			1718976.9774936773	16414166439084.105					0.032450800004880875	25	27	16414168158398.12	337.03683875328954
0.0001	2428			1718980.7932448976	16414039503105.818					0.03348149999510497	25	28	16414041222423.598	336.98672825200794
0.0001	2429			1718986.001642179	16413909352855.176					0.030832899996312335	25	29	16413911072178.111	336.9339917102645
0.0001	2430			1718992.5396237061	16413776139914.553					0.03135699999984354	25	30	16413777859243.97	336.87901677201705
0.0001	2431			1718999.8841642663	16413639966394.22					0.03238509999937378	25	31	16413641685730.928	336.8216866421126
0.0001	2432			1719007.9726212544	16413500967725.922					0.034811700010322966	25	32	16413502687070.656	336.7620569869382
0.0001	2433			1719016.5397685883	16413359911715.625					0.037733399993157946	25	33	16413361631068.863	336.7000073667075
0.0001	2434			1719025.4578807326	16413217347071.916					0.03210309999121819	25	34	16413219066434.01	336.635787369176
0.0001	2435			1719034.462193041	16413071829858.35					0.03443200000037905	25	35	16413073549229.383	336.56975884269707
0.0001	2436			1719043.726151	16412923734072.658					0.028954599998542108	25	36	16412925453452.887	336.50179981456046
0.0001	2437			1719053.0624129581	16412772711337.23					0.029136199998902157	25	37	16412774430726.725	336.43188668934636
0.0001	2438			1719062.3121820954	16412618792826.56					0.0314312999980757	25	38	16412620512225.232	336.3601294228088
0.0001	2439			1719071.104153803	16412462067013.842					0.029810200008796528	25	39	16412463786421.232	336.2865908501604
0.0001	2440			1719079.5471176696	16412302540347.576					0.030655300011858344	25	40	16412304259763.334	336.2113479716173
0.0001	2441			1719087.6539836545	16412140308256.346					0.029647400006069802	25	41	16412142027680.135	336.13441170292805
0.0001	2442			1719095.138815405	16411980166718.652					0.02750130000640638	25	42	16411981886149.848	336.0558565650103
0.0001	2443			1719100.1248648183	16411816693456.697					0.03414980000525247	25	43	16411818412892.803	335.9800093914395
0.0001	2444			1719102.8978146017	16411649738327.803					0.03343440000026021	25	44	16411651457766.607	335.90655997439603
0.0001	2445			1719103.494097972	16411478700838.15					0.02741690000402741	25	45	16411480420277.48	335.8352695421927
0.0001	2446			1719102.2081453071	16411304379121.682					0.02596659999107942	25	46	16411306098559.656	335.7659249195241
0.0001	2447			1719099.0633168723	16411128568409.645					0.022364400007063523	25	47	16411130287844.406	335.69824556986094
0.0001	2448			1719096.3007809839	16410953942365.486					0.031828699997277	25	48	16410955661797.414	335.62755146733093
0.0001	2449			1719094.1572834067	16410776522504.877					0.02807439999014605	25	49	16410778241934.59	335.55397638923705
0.0001	2450			1719093.094426079	16410595968830.48					0.024717099993722513	25	50	16410597688259.053	335.4778804032577
0.0001	2451			1719094.132720575	16410412366873.084					0.028927400009706616	25	51	16410414086302.617	335.39946097744644
0.0001	2452			1719097.3408701804	16410225785033.66					0.02987649998976849	25	52	16410227504466.32	335.31865037063005
0.0001	2453			1719102.405556177	16410036265589.168					0.02396920000319369	25	53	16410037985026.81	335.2360431275871
0.0001	2454			1719109.1591688497	16409843864389.229					0.027400499995565042	25	54	16409845583833.537	335.15121866001175
0.0001	2455			1719117.2445965372	16409649134692.887					0.028569800007971935	25	55	16409650854145.195	335.06427848583286
0.0001	2456			1719126.4974939635	16409452673173.812					0.035676300001796335	25	56	16409454392635.285	334.975269832077
0.0001	2457			1719132.756715304	16409255754473.963					0.03371740000147838	25	57	16409257473941.607	334.88906207413277
0.0001	2458			1719136.5516080644	16409054945774.033					0.027665999994496815	25	58	16409056665245.389	334.8053877587466
0.0001	2459			1719137.8219493611	16408852394202.875					0.03116539999609813	25	59	16408854113675.422	334.7241367203603
0.0001	2460			1719140.7313170687	16408648200564.896					0.034299699997063726	25	60	16408649920040.268	334.63998759770806
0.0001	2461			1719145.2198526864	16408441502467.525					0.028519899991806597	25	61	16408443221947.299	334.5531038754211
0.0001	2462			1719152.0756962132	16408231996863.953					0.029991199990035966	25	62	16408233716350.494	334.4639591449263
0.0001	2463			1719160.9247819688	16408020174248.867					0.03298410000570584	25	63	16408021893744.164	334.3725578929491
0.0001	2464			1719170.232289848	16407805853256.084					0.03066720000060741	25	64	16407807572760.596	334.2787592220118
0.0001	2465			1719179.6338904079	16407589479874.418					0.03306249999150168	25	65	16407591199388.236	334.18271687539254
0.0001	2466			1719185.7252825515	16407375375828.45					0.02750319999177009	25	66	16407377095348.264	334.0902960782932
0.0001	2467			1719188.4390767992	16407162907365.877					0.030977099988376722	25	67	16407164626888.318	334.0011676924083
0.0001	2468			1719192.099086388	16406944824048.459					0.03281740000238642	25	68	16406946543574.467	333.90902771575384
0.0001	2469			1719198.8506750716	16406721566138.682					0.03404949999821838	25	69	16406723285671.348	333.81413521815165
0.0001	2470			1719208.4916429275	16406495796880.61					0.02998979999392759	25	70	16406497516422.818	333.7166002991259
0.0001	2471			1719215.3203433538	16410118142079.672					0.03850840000086464	25	71	16410119861630.34	335.34811256146025
0.0001	2472			1719268.762087942	16408302944750.24					0.041062100004637614	25	72	16408304664354.086	335.0846859538653
0.0001	2473			1719970.9997448807	16375201383338.844					0.040119099998264574	25	73	16375203103640.121	330.27690349274013
0.0001	2474			1720903.9469002008	16333410095392.717					0.04056300000229385	25	74	16333411816622.83	326.16664560544274
0.0001	2475			1778156.5249816265	16664198517597.725					0.0450771000032546	25	75	16664200296818.688	1064.4372029583064
0.0001	2476			1878762.0911570045	15482285553183.043					0.043927199993049726	25	76	15482287432483.273	538.1392491198233
0.0001	2477			2043417.2679703697	14448401055479.473					0.04096680000657216	25	77	14448403099192.717	295.9757370639451
0.0001	2478			2500524.971912406	13512748269177.615					0.03731290000723675	25	78	13512750769929.484	226.89686143665983
0.0001	2479			3837316.8986959136	13211092053884.734					0.036721700002090074	25	79	13211095892065.188	863.554432081155
0.0001	2480			3504227.46252143	13074369077983.1					0.042167300009168684	25	80	13074372582868.672	658.1100194134941
	2481	76663956634605.75	34523366838441.53			7012.264497398676	1448.574346059192	66197342938902.51	270535344.241412	0.15306119999149814	25	72	309833460775541.75	
	2482	76660551966287.0	34523335921039.883			7012.25599299986	1448.57518341935	66197175657736.586	270533714.55292726	0.14670270000351593	25	73	309829523020384.1	
	2483	76657148549660.36	34523305017908.23			7012.249763273823	1448.576021299105	66197008441073.68	270532132.50239265	0.14222190000873525	25	74	309825586734225.8	
	2484	76653746397568.34	34523274129635.914			7012.242024529664	1448.5768596955536	66196841229428.67	270530230.70763886	0.14243870000063907	25	75	309821651678565.94	
	2485	76650345469943.2	34523243256354.688			7012.23326104795	1448.5776986169385	66196674015377.195	270528079.2014475	0.14357629998994526	25	76	309817717805202.25	
	2486	76646945781183.69	34523212398716.25			7012.224526510093	1448.5785377835007	66196506838711.41	270525928.7493629	0.1491052000055788	25	77	309813785298714.75	
	2487	76643547338924.31	34523181557337.72			7012.2158209349345	1448.5793766624172	66196339699840.875	270523779.3850684	0.15467319999879692	25	78	309809854168590.6	
	2488	76640150147929.66	34523150732839.547			7012.207144333756	1448.5802160618664	66196172598830.42	270521631.14201015	0.13521110000147019	25	79	309805924420416.06	
	2489	76636754030822.83	34523119925861.45			7012.2008279629335	1448.5811373971321	66196005535716.59	270519484.0533395	0.1425050999969244	25	80	309801995877570.75	
	2490	76633357973443.33	34523089137073.15			7012.194773692487	1448.5825991959953	66195838510127.9	270517338.14930755	0.14322769999853335	25	81	309798067525454.8	
	2491	76629963176351.83	34523058367167.254			7012.188741953624	1448.584061484851	66195671522625.75	270515193.47209173	0.14933890000975225	25	82	309794140567014.4	
	2492	76626569640623.98	34523027617053.25			7012.182739187793	1448.5855242634623	66195504573218.93	270513050.05962425	0.13699269999051467	25	83	309790215004268.4	
	2493	76623177367231.56	34522996887904.99			7012.176765395716	1448.586987531034	66195337662073.914	270510907.95181537	0.1224625000031665	25	84	309786290839869.9	
	2494	76619786357179.9	34522966179977.598			7012.170820578111	1448.5884512867428	66195170789039.086	270508767.19070107	0.1364410000096541	25	85	309782368074632.94	
	2495	76616396611469.02	34522935494153.492			7012.164904361291	1448.589915530416	66195003954123.53	270506627.8206575	0.12850520000210963	25	86	309778446710476.1	
	2496	76613007923869.84	34522904831375.75			7012.159014861045	1448.5913802618882	66194837157341.01	270504489.88855565	0.1253364000003785	25	87	309774526542164.06	
	2497	76609620332573.47	34522874192660.4			7012.1531445474	1448.5928454807065	66194670398743.14	270502353.44438463	0.12667810000129975	25	88	309770607609068.75	
	2498	76606233994088.75	34522843579097.453			7012.14730319177	1448.5943111864517	66194503678384.69	270500218.5409925	0.1192120000050636	25	89	309766690068963.9	
	2499	76602848907542.02	34522812992118.75			7012.141490792594	1448.5957773792138	66194336996345.19	270498085.23328376	0.11556639999616891	25	90	309762773922657.25	
	2500	76599465072239.56	34522782432743.324			7012.135707348629	1448.5972440583819	66194170352564.64	270495953.5795861	0.11911400000099093	25	91	309758859170305.9	
0.0001	2501			2436824.1821508524	13723469616726.188					0.021945100001175888	26	1	13723472053687.834	137.46457018950994
0.0001	2502			2436823.245454577	13723456185876.508					0.023561499998322688	26	2	13723458622837.219	137.46465422433505
0.0001	2503			2436823.869387747	13723438570167.086					0.023919500003103167	26	3	13723441007128.418	137.4638201760776
0.0001	2504			2436824.9833788723	13723419293741.342					0.021655799995642155	26	4	13723421730703.79	137.4638901286826
0.0001	2505			2436825.8307047496	13723398642480.174					0.02059440000448376	26	5	13723401079443.469	137.46565377608167
0.0001	2506			2436827.410218322	13723376862364.371					0.021529999998165295	26	6	13723379299329.246	137.46414396508044
0.0001	2507			2436829.4267243575	13723355957889.314					0.022291500004939735	26	7	13723358394856.2	137.45888574410188
0.0001	2508			2436831.8833075296	13723330275392.41					0.022043299992219545	26	8	13723332712361.752	137.45891420446193
0.0001	2509			2436835.1452181856	13723305600333.299					0.0315307999990182	26	9	13723308037305.91	137.4671828931325
0.0001	2510			2436838.677514925	13723282191814.059					0.02547989999584388	26	10	13723284628790.201	137.46528983105776
0.0001	2511			2436841.3767873286	13723256910202.898					0.02400780000607483	26	11	13723259347181.727	137.45171263580787
0.0001	2512			2436843.2573122643	13723230410102.96					0.02195199999550823	26	12	13723232847083.664	137.44567977019227
0.0001	2513			2436844.4366847076	13723202710753.66					0.025357100006658584	26	13	13723205147735.545	137.44636707885547
0.0001	2514			2436845.4761456717	13723174157719.273					0.026236000005155802	26	14	13723176594702.195	137.4443479043735
0.0001	2515			2436846.50425087	13723145093203.027					0.021856199993635528	26	15	13723147530186.97	137.43952068062006
0.0001	2516			2436847.2997795106	13723114437484.48					0.027825199998915195	26	16	13723116874469.217	137.43736413756233
0.0001	2517			2436848.578034311	13723083661361.615					0.02506559999892488	26	17	13723086098347.635	137.44159424556267
0.0001	2518			2436850.606953256	13723051377073.697					0.023535100001026876	26	18	13723053814061.738	137.43347539328943
0.0001	2519			2436853.1051282715	13723019303828.611					0.022404600007575937	26	19	13723021740819.145	137.42849693398827
0.0001	2520			2436855.7401698413	13722986955684.557					0.02431809999688994	26	20	13722989392677.727	137.42954065570845
0.0001	2521			2436858.815183048	13722953921485.14					0.029483500009519048	26	21	13722956358481.383	137.42817383153505
0.0001	2522			2436861.467502918	13722921171039.71					0.026337999996030703	26	22	13722923608038.602	137.42377613748616
0.0001	2523			2436863.4981472595	13722886943259.004					0.02367959999537561	26	23	13722889380259.922	137.42050508395903
0.0001	2524			2436865.1201940766	13722851336996.074					0.028964900004211813	26	24	13722853773998.62	137.4237314779977
0.0001	2525			2436866.489598709	13722813800107.932					0.023651899988180958	26	25	13722816237111.838	137.41651145048465
0.0001	2526			2436867.475565182	13722775172011.018					0.021079199999803677	26	26	13722777609015.908	137.41608166830233
0.0001	2527			2436868.2690985794	13722736463426.4					0.02401809999719262	26	27	13722738900432.086	137.41557741276162
0.0001	2528			2436869.582403995	13722696425092.639					0.027213299996219575	26	28	13722698862099.633	137.41250478203648
0.0001	2529			2436870.9451422077	13722656634750.53					0.022277299998677336	26	29	13722659071758.88	137.4062196759616
0.0001	2530			2436872.0590697145	13722614330372.707					0.025969800000893883	26	30	13722616767382.19	137.4230902306058
0.0001	2531			2436873.877007197	13722572188274.703					0.025275699998019263	26	31	13722574625286.018	137.43800276449699
0.0001	2532			2436876.4728659373	13722528770137.512					0.026589699991745874	26	32	13722531207151.43	137.4455027920018
0.0001	2533			2436879.866490047	13722485308755.324					0.021339999992051162	26	33	13722487745772.637	137.44580234542997
0.0001	2534			2436883.03457117	13722437911993.672					0.024354900000616908	26	34	13722440349014.14	137.4330731055096
0.0001	2535			2436885.8958483404	13722380089964.865					0.02440290000231471	26	35	13722382526988.17	137.408382562648
0.0001	2536			2436888.253242525	13722319377787.443					0.022316599992336705	26	36	13722321814813.092	137.39534976329173
0.0001	2537			2436890.1131020016	13722253463272.885					0.02505379999638535	26	37	13722255900300.396	137.39813621047972
0.0001	2538			2436891.806690557	13722183498168.764					0.026978599998983555	26	38	13722185935197.969	137.3974956338277
0.0001	2539			2436893.633790784	13722108211465.14					0.0258280999987619	26	39	13722110648496.168	137.39307491852065
0.0001	2540			2436895.5317761637	13722027951860.078					0.028380800009472296	26	40	13722030388892.994	137.3853399422363
0.0001	2541			2436897.2321267407	13721943627581.885					0.0288736000075005	26	41	13721946064616.5	137.38195929032108
0.0001	2542			2436899.540359038	13721843921111.172					0.028364600002532825	26	42	13721846358148.1	137.38727402379618
0.0001	2543			2436902.562063437	13721729682902.355					0.026754700011224486	26	43	13721732119942.295	137.3768004505866
0.0001	2544			2436906.0919104847	13721610387259.635					0.022570599991013296	26	44	13721612824303.102	137.3750243723229
0.0001	2545			2436909.6825151807	13721486686989.63					0.02777549999882467	26	45	13721489124036.688	137.3757369138404
0.0001	2546			2436913.1415037275	13721357353996.824					0.023454200010746717	26	46	13721359791047.338	137.3737155394944
0.0001	2547			2436915.8998545646	13721227275833.818					0.02476879999449011	26	47	13721229712887.088	137.3681774562976
0.0001	2548			2436917.9703021552	13721132495826.22					0.02336809999542311	26	48	13721134932881.553	137.36043453160974
0.0001	2549			2436919.278945455	13721035740064.305					0.027488899999298155	26	49	13721038177120.967	137.3832810479275
0.0001	2550			2436920.356107303	13720937048105.578					0.026753600002848543	26	50	13720939485163.328	137.3949484053207
0.0001	2551			2436922.467537021	13720836166094.787					0.025906599999871105	26	51	13720838603154.643	137.38811458027797
0.0001	2552			2436925.8070150306	13720732398270.615					0.023150499997427687	26	52	13720734835333.797	137.3758142280472
0.0001	2553			2436929.9104075423	13720655440336.36					0.02523030000156723	26	53	13720657877403.627	137.35689712591136
0.0001	2554			2436934.676292602	13720577343096.979					0.023214699991513044	26	54	13720579780169.0	137.34616957874076
0.0001	2555			2436938.827121204	13720496604304.334					0.029422799998428673	26	55	13720499041380.506	137.3463509445547
0.0001	2556			2436942.3908844246	13720411866575.086					0.029395899997325614	26	56	13720414303654.82	137.34287686639965
0.0001	2557			2436945.881966232	13720323589772.105					0.024167299998225644	26	57	13720326026855.326	137.33726740968788
0.0001	2558			2436949.1907772943	13720232325422.605					0.019600600004196167	26	58	13720234762509.127	137.32978069374056
0.0001	2559			2436951.931136576	13720138963874.826					0.0220227999961935	26	59	13720141400964.086	137.32888892831164
0.0001	2560			2436955.737783063	13720047139071.73					0.024111199993058108	26	60	13720049576164.809	137.34056207557785
0.0001	2561			2436960.5916135013	13719951452091.45					0.026639300005626865	26	61	13719953889189.385	137.34325230071903
0.0001	2562			2436964.8899145178	13719850979521.092					0.02944990000105463	26	62	13719853416623.31	137.32838750603926
0.0001	2563			2436968.7317819986	13719748043300.164					0.03505340000265278	26	63	13719750480406.203	137.30606903329038
0.0001	2564			2436972.51782689	13719646080266.676					0.02209640000364743	26	64	13719648517376.498	137.30406658565542
0.0001	2565			2436976.2679089694	13719540943802.098					0.03027880001172889	26	65	13719543380915.664	137.29831370204496
0.0001	2566			2436980.9987546583	13719433449683.084					0.02592200000071898	26	66	13719435886801.38	137.29970268636805
0.0001	2567			2436986.547323357	13719323923070.055					0.02961680000589695	26	67	13719326360193.895	137.29358134702161
0.0001	2568			2436991.506384897	13719213009683.727					0.02793710000696592	26	68	13719215446812.521	137.28968943045223
0.0001	2569			2436995.8142687436	13719099456682.498					0.027104299995698966	26	69	13719101893815.605	137.29281157634927
0.0001	2570			2436999.6111706886	13719004855630.4					0.02699090000533033	26	70	13719007292767.299	137.28645785407832
0.0001	2571			2437017.3361947904	13720335797641.668					0.030870500006130897	26	71	13720338234796.39	137.38671631009484
0.0001	2572			2437004.7206392223	13719248453834.133					0.03127920000406448	26	72	13719250890976.494	137.6410146892334
0.0001	2573			2432923.9712882736	13703239056608.275					0.032271500007482246	26	73	13703241489674.082	141.83639039700654
0.0001	2574			2434368.512786815	13658281233129.58					0.03083830000832677	26	74	13658283667638.02	139.92553751061263
0.0001	2575			2434255.345461362	13656687323025.031					0.02874809999775607	26	75	13656689757420.377	140.00058522810727
0.0001	2576			2431300.1407465315	13601088251825.277					0.029543199998443015	26	76	13601090683268.02	142.6023196163522
0.0001	2577			2423964.774905496	13750214093825.627					0.029521400007070042	26	77	13750216517965.246	174.84430122214218
0.0001	2578			2425961.861025423	13629112573399.385					0.03556899999966845	26	78	13629114999522.102	160.85502009748575
0.0001	2579			2428949.0095930765	13563200538150.24					0.035746699999435805	26	79	13563202967245.232	145.98320311996196
0.0001	2580			2428281.146875884	13524220022546.467					0.030888499997672625	26	80	13524222450974.746	147.13245897554035
	2581	13297860793535.81	76596082487653.6			15.80469213780745	3.9146824846409607	13744268878821.062	275039.9181351968	0.11230540000542533	26	72	131126804928836.3	
	2582	13297843823108.225	76596053778725.83			15.80328968294208	3.9140508303552086	13743908481430.213	275034.91887275386	0.12424410000676289	26	73	131125678056308.27	
	2583	13297826855959.338	76596025069222.94			15.801890821991238	3.91341941164392	13743546947274.28	275029.9591327698	0.13631750000058673	26	74	131124547776196.47	
	2584	13297809890209.576	76595996345994.95			15.800495100022802	3.912788249784804	13743184265465.621	275025.0104766653	0.15028039999015164	26	75	131123414040802.7	
	2585	13297792933272.234	76595967623029.16			15.79910300408092	3.912157391981891	13742820422256.059	275020.0786593832	0.1448155000107363	26	76	131122276830284.25	
	2586	13297775986437.354	76595938900325.22			15.797714903498909	3.9115269219244904	13742455406302.666	275015.1795332064	0.13256109999201726	26	77	131121136111905.14	
	2587	13297759035709.277	76595910177882.86			15.796330270514638	3.910896760614179	13742089211115.871	275010.28131334455	0.1266889000107767	26	78	131119991852194.39	
	2588	13297742074288.914	76595881455701.8			15.794949079485106	3.9102668675266594	13741721828007.172	275005.3919524587	0.11271400000259746	26	79	131118844018288.72	
	2589	13297725095813.92	76595852733781.64			15.79357111075284	3.909637183485123	13741353248863.184	275000.50789802254	0.1177806000050623	26	80	131117692579484.5	
	2590	13297708103622.355	76595824012122.14			15.792196569344807	3.9090077361810547	13740983462605.727	274995.63839539804	0.12416229999507777	26	81	131116537505886.88	
	2591	13297691097684.021	76595795290722.86			15.790825439725065	3.90837851214523	13740612459526.703	274990.78777181724	0.11883530000341125	26	82	131115378768341.78	
	2592	13297674082314.516	76595766569583.53			15.78945739025413	3.907749454114884	13740240229030.79	274985.9467128528	0.11981470001046546	26	83	131114216339376.72	
	2593	13297657060140.957	76595737848703.73			15.78809231313624	3.907120510083502	13739866761412.275	274981.1161839236	0.11419449999812059	26	84	131113050192501.45	
	2594	13297640032312.559	76595709128083.11			15.786730147222624	3.9064916467680066	13739492048064.2	274976.29601125274	0.1342945999931544	26	85	131111880303043.88	
	2595	13297622998756.488	76595680407721.31			15.785371003871655	3.9058628769363084	13739116081430.79	274971.49148045626	0.1443161999923177	26	86	131110706648264.6	
	2596	13297605960107.709	76595651687617.84			15.784015099896235	3.9052342407917253	13738738854418.137	274966.70576272835	0.13761730000260286	26	87	131109529207516.95	
	2597	13297588915758.527	76595622967772.52			15.782662457399818	3.904605737265973	13738360361088.002	274961.94052568416	0.1358741000003647	26	88	131108347962378.75	
	2598	13297571863397.99	76595594248184.69			15.78131360958419	3.903977527842109	13737980597196.82	274957.21225771756	0.13496159999340307	26	89	131107162897810.9	
	2599	13297554808627.29	76595565528854.05			15.77996848663976	3.903349607297252	13737599556504.22	274952.514668187	0.13190939999185503	26	90	131105974000691.97	
	2600	13297537752634.611	76595536809780.12			15.778626994778424	3.902721959486376	13737217234810.926	274947.8446071989	0.15744540000741836	26	91	131104781259611.19	
0.0001	2601			2400493.1934952154	12475032735062.852					0.034610099988640286	27	1	12475035135608.445	52.399757387543794
0.0001	2602			2400476.290869631	12475012556935.248					0.03513519999978598	27	2	12475014957463.916	52.376056452812165
0.0001	2603			2400459.4105413454	12474992617872.482					0.0363604000012856	27	3	12474995018384.246	52.35444437578418
0.0001	2604			2400441.7631820072	12474972008556.57					0.03323929999896791	27	4	12474974409050.666	52.33286345644287
0.0001	2605			2400423.369520394	12474950455772.791					0.033101900000474416	27	5	12474952856248.47	52.31077725873989
0.0001	2606			2400404.2042999165	12474927880298.316					0.035402800000156276	27	6	12474930280754.809	52.28801021228594
0.0001	2607			2400384.2545382376	12474904265453.121					0.03362889999698382	27	7	12474906665889.639	52.26450210449458
0.0001	2608			2400362.9605140476	12474879540712.756					0.032890299989958294	27	8	12474881941127.957	52.24024086345972
0.0001	2609			2400340.3576884605	12474853842449.146					0.03902750000997912	27	9	12474856242841.719	52.2151812945173
0.0001	2610			2400319.0012280056	12474827408007.006					0.03150850000383798	27	10	12474829808378.197	52.189497931034786
0.0001	2611			2400298.713376303	12474801444756.553					0.0344660999980988	27	11	12474803845107.43	52.163161963553875
0.0001	2612			2400276.8108254406	12474774438451.46					0.033699699997669086	27	12	12474776838780.408	52.135971484288945
0.0001	2613			2400253.4289347073	12474746385766.994					0.031919799992465414	27	13	12474748786072.531	52.107943553187525
0.0001	2614			2400228.597677318	12474717629601.04					0.03394399999524467	27	14	12474720029881.715	52.07907384185223
0.0001	2615			2400202.377629238	12474688865842.045					0.03911169999628328	27	15	12474691266096.47	52.049372402265746
0.0001	2616			2400176.7692375514	12474658667239.033					0.060667999990982935	27	16	12474661067467.822	52.01891616059305
0.0001	2617			2400151.7658272684	12474627269538.922					0.04816429999482352	27	17	12474629669742.676	51.98772267584583
0.0001	2618			2400125.198740857	12474595084731.895					0.043311800007359125	27	18	12474597484909.049	51.955654876500375
0.0001	2619			2400097.1834130376	12474562606426.355					0.03715060000831727	27	19	12474565006575.46	51.92275139003594
0.0001	2620			2400069.9811859867	12474529447608.736					0.033109199997852556	27	20	12474531847730.605	51.88918169115603
0.0001	2621			2400043.352470677	12474495260018.633					0.03252219999558292	27	21	12474497660113.84	51.854918108025245
0.0001	2622			2400015.0078864684	12474459998250.277					0.032054499999503605	27	22	12474462398317.105	51.81980178557412
0.0001	2623			2399984.9731454374	12474424264009.555					0.034467199991922826	27	23	12474426664046.31	51.78381330879106
0.0001	2624			2399953.3237671745	12474387520103.986					0.03403419999813195	27	24	12474389920109.057	51.74699081061368
0.0001	2625			2399920.0848989803	12474349729352.352					0.035098399996059015	27	25	12474352129324.145	51.70932710792407
0.0001	2626			2399885.340206529	12474311587635.92					0.037349199992604554	27	26	12474313987572.93	51.67083594531152
0.0001	2627			2399851.5134679214	12474272630851.76					0.03150640000239946	27	27	12474275030754.904	51.63167000700803
0.0001	2628			2399818.453088583	12474232505408.477					0.02909560000989586	27	28	12474234905278.521	51.591782693365914
0.0001	2629			2399783.701245469	12474191369165.865					0.03310240000428166	27	29	12474193769001.117	51.55106617372508
0.0001	2630			2399747.468905975	12474149678035.295					0.029715199998463504	27	30	12474152077834.273	51.50950477408452
0.0001	2631			2399712.2040361506	12474107170309.857					0.030019099998753518	27	31	12474109570073.527	51.46726207438763
0.0001	2632			2399677.861038458	12474064309976.525					0.02993229999265168	27	32	12474066709705.81	51.424323316850554
0.0001	2633			2399641.7392811878	12474020613623.604					0.02585789999284316	27	33	12474023013316.725	51.38052343415967
0.0001	2634			2399603.8631539103	12473975706744.203					0.029536599991843104	27	34	12473978106399.402	51.335881072748045
0.0001	2635			2399564.3271091017	12473930055497.69					0.030135399996652268	27	35	12473932455113.307	51.29040611917759
0.0001	2636			2399523.36125517	12473883781059.955					0.029544299992267042	27	36	12473886180634.56	51.24410516723986
0.0001	2637			2399483.6766944816	12473836819444.104					0.02877509999962058	27	37	12473839218978.977	51.1972336885776
0.0001	2638			2399445.0584959146	12473789028400.934					0.026568600005703047	27	38	12473791427897.143	51.149757009751376
0.0001	2639			2399404.546904714	12473740177305.477					0.02577630001178477	27	39	12473742576761.125	51.10145966007851
0.0001	2640			2399362.1675422722	12473690251193.314					0.027080999992904253	27	40	12473692650606.535	51.052357748833494
0.0001	2641			2399318.076328496	12473639734484.783					0.03236830000241753	27	41	12473642133853.861	51.00245068025643
0.0001	2642			2399272.352875718	12473588618675.938					0.027850599988596514	27	42	12473591017999.242	50.95174390244905
0.0001	2643			2399225.1756134145	12473536499545.406					0.02941939998709131	27	43	12473538898821.482	50.90029137449129
0.0001	2644			2399179.1508876695	12473483221217.527					0.030589099987992086	27	44	12473485620447.525	50.848235837111524
0.0001	2645			2399134.214309196	12473429546055.729					0.032187000004341826	27	45	12473431945240.738	50.7954454955975
0.0001	2646			2399087.714445105	12473375010583.15					0.02982039999915287	27	46	12473377409721.607	50.74188275438175
0.0001	2647			2399039.665776427	12473319848505.094					0.03193739999551326	27	47	12473322247595.447	50.68754589353179
0.0001	2648			2398993.0293944185	12473264460944.754					0.030510900003719144	27	48	12473266859988.416	50.63261484043433
0.0001	2649			2398947.5665804986	12473208280696.3					0.030344999991939403	27	49	12473210679694.443	50.57705670291761
0.0001	2650			2398900.1160762454	12473151031330.666					0.028476000006776303	27	50	12473153430281.303	50.520673563246085
0.0001	2651			2398850.7973061674	12473092513911.424					0.03211919999739621	27	51	12473094912812.684	50.463425296469325
0.0001	2652			2398799.671973588	12473032767976.738					0.02810959999624174	27	52	12473035166826.816	50.40542435177332
0.0001	2653			2398746.840411917	12472972684688.652					0.027581900008954108	27	53	12472975083485.838	50.34666106702481
0.0001	2654			2398695.588143153	12472912134434.799					0.027788100007455796	27	54	12472914533180.674	50.28746761041791
0.0001	2655			2398642.526032	12472850542024.346					0.026867199994740076	27	55	12472852940717.1	50.227613129084475
0.0001	2656			2398590.678813263	12472788119535.365					0.02807710001070518	27	56	12472790518176.213	50.16699236671794
0.0001	2657			2398536.802354448	12472725342489.11					0.024784499997622333	27	57	12472727741076.018	50.105672053983604
0.0001	2658			2398480.9780254653	12472661287572.357					0.026758499996503815	27	58	12472663686103.379	50.04361168813448
0.0001	2659			2398423.369042075	12472596167144.953					0.029537599999457598	27	59	12472598565618.303	49.980830022358575
0.0001	2660			2398367.101681239	12472531084568.025					0.02717649999249261	27	60	12472533482985.045	49.91751872712117
0.0001	2661			2398312.186669954	12472464798082.186					0.028031399997416884	27	61	12472467196444.227	49.85372530578529
0.0001	2662			2398258.8276841547	12472397955158.625					0.02778000000398606	27	62	12472400353467.242	49.78939615646082
0.0001	2663			2398203.2318351427	12472330401704.896					0.03051880000566598	27	63	12472332799957.854	49.72432874579869
0.0001	2664			2398145.437593601	12472261914809.135					0.02860829999553971	27	64	12472264313004.23	49.65854483340182
0.0001	2665			2398085.6768903947	12472192613958.283					0.028108600003179163	27	65	12472195012093.553	49.59205861123697
0.0001	2666			2398024.046820015	12472123074422.56					0.02859700001135934	27	66	12472125472496.133	49.52488552307998
0.0001	2667			2397960.67173189	12472052685164.484					0.029590300007839687	27	67	12472055083174.613	49.457028476091274
0.0001	2668			2397898.7373749935	12471981433682.63					0.03099600000132341	27	68	12471983831630.758	49.388675633890735
0.0001	2669			2397838.3178608073	12471908365846.992					0.029358800005866215	27	69	12471910763734.63	49.31993157159734
0.0001	2670			2397779.270342967	12471835225182.469					0.02944069998920895	27	70	12471837623010.988	49.25076825348393
0.0001	2671			2397777.5919961412	12473024686791.256					0.03654759998607915	27	71	12473027084619.365	50.51664472530937
0.0001	2672			2397673.139014181	12472107901681.035					0.04298839998955373	27	72	12472110299404.363	50.18868863869344
0.0001	2673			2397541.822493511	12471188776367.133					0.037122200010344386	27	73	12471191173958.842	49.88591394382976
0.0001	2674			2397398.0827370286	12470270380318.318					0.04387999999744352	27	74	12470272777766.016	49.61442693956678
0.0001	2675			2378567.235384264	13472930490089.93					0.042643600012524985	27	75	13472932891915.312	23258.145812803414
0.0001	2676			2384702.919427196	12982206412728.588					0.04030639999837149	27	76	12982208879031.996	81600.48891296101
0.0001	2677			2391025.28726654	12471927003960.402					0.03949619999912102	27	77	12471929395034.426	48.73714399081102
0.0001	2678			2389763.015126147	12468290377759.979					0.03656200000841636	27	78	12468292767571.584	48.58977663007446
0.0001	2679			2385261.9787015626	12460621536164.338					0.03604350000387058	27	79	12460623921478.707	52.38993839358399
0.0001	2680			2373982.1940463944	12569116207323.965					0.037638699999661185	27	80	12569118637000.248	55694.08962323964
	2681	12437764631205.553	13297520697741.598			239.23851163196008	47.58628809146089	13928506956194.19	84909665.18143943	0.14355670000077225	27	72	67537788178889.58	
	2682	12435192227952.89	13297522619483.453			239.3960737116504	47.58477953125386	13912349578627.168	84883914.0524394	0.1477084000071045	27	73	67486740414483.39	
	2683	12432148305161.967	13297524686391.709			239.6002523454845	47.58381508349401	13897177175127.57	84830680.07463922	0.13463690000935458	27	74	67438170701347.2	
	2684	12428854890154.48	13297526686216.578			239.8264981303179	47.58300943540782	13882670488347.602	84758745.92861842	0.13691440000548027	27	75	67391344839040.72	
	2685	12425461667929.77	13297528608385.232			240.07378123429942	47.58240652034375	13868655347100.277	84675904.73576519	0.1429467999987537	27	76	67345891547053.56	
	2686	12422036036229.043	13297530559394.863			240.33286725224997	47.58174437522176	13855035124879.736	84584722.59828417	0.13852120000228751	27	77	67301588963325.164	
	2687	12418646701906.453	13297532502369.021			240.6170000858864	47.581225121393004	13841740565125.86	84489577.03788437	0.14301120000891387	27	78	67258298863659.84	
	2688	12415345954509.635	13297534456277.834			240.92553049364633	47.58097689838655	13828726575877.084	84393531.4788628	0.13779180000710767	27	79	67215938893375.41	
	2689	12412175469906.89	13297536438810.041			241.25571025289995	47.58096979200924	13815962745494.834	84298637.93260296	0.13903810000920203	27	80	67174459921514.9	
	2690	12409166698259.113	13297538393043.89			241.5903967479482	47.58121859958585	13803425356580.723	84205951.95101501	0.14693450000777375	27	81	67133822400229.266	
	2691	12406342464675.107	13297540315546.254			241.93354552781435	47.581706055103346	13791107175268.691	84116697.91374521	0.13591740000993013	27	82	67094027694472.72	
	2692	12403722814340.86	13297542249331.623			242.28487212812567	47.582384227717455	13778997733737.465	84031393.38588123	0.13483439999981783	27	83	67055064592494.84	
	2693	12401324016141.33	13297544206619.953			242.65225113149884	47.58323371835591	13763716230093.857	83950346.75074145	0.14171680000436027	27	84	67006807031399.28	
	2694	12399147398549.777	13297546237780.434			243.03305915453754	47.58440620130494	13731441937016.51	83870688.21739131	0.14724829999613576	27	85	66907793634105.67	
	2695	12397217065764.0	13297548299483.441			243.43602425738317	47.58586887857797	13709550118369.986	83793669.56688547	0.12668739999935497	27	86	66840174503433.84	
	2696	12395552352394.201	13297550431292.787			243.86305520952124	47.58762514821856	13693253590932.984	83719846.3690477	0.14883030000783037	27	87	66789607575008.234	
	2697	12394167400899.582	13297552635765.557			244.31366832561324	47.58963232752767	13680040028082.875	83649455.70136419	0.13519889999588486	27	88	66748570061392.67	
	2698	12393075667456.957	13297554913045.406			244.78322779008747	47.59186246543553	13668564405001.555	83583287.99658887	0.12783769999805372	27	89	66713040502538.91	
	2699	12392287512875.035	13297557243701.74			245.2717124327245	47.59427242259213	13658084517008.492	83521184.31664252	0.1333916000003228	27	90	66680802593995.86	
	2700	12391813097793.244	13297559610618.498			245.77762536871717	47.59686694425984	13648198521151.045	83463707.03523244	0.13218960000085644	27	91	66650661062903.414	
0.0001	2701			2261831.230061518	34775175076120.594					0.02769350000016857	28	1	34775177347810.094	9858.26993483819
0.0001	2702			2261815.10637126	34775026176890.766					0.028159100009361282	28	2	34775028448564.07	9858.198057189416
0.0001	2703			2261801.366573446	34774883981752.652					0.02451689999725204	28	3	34774886253412.16	9858.14252763079
0.0001	2704			2261790.4307853202	34774739051348.88					0.02838829999382142	28	4	34774741322997.4	9858.0916225977
0.0001	2705			2261779.81339785	34774589503796.445					0.028183899994473904	28	5	34774591775434.297	9858.040143422206
0.0001	2706			2261769.0357335187	34774433890554.656					0.022782400003052317	28	6	34774436162181.676	9857.984398305462
0.0001	2707			2261758.4483932685	34774272284869.42					0.02876250000554137	28	7	34774274556485.8	9857.930543764049
0.0001	2708			2261747.6493050875	34774104841454.277					0.03073460000450723	28	8	34774107113059.805	9857.878062710734
0.0001	2709			2261736.627304111	34773931729529.836					0.028353100002277642	28	9	34773934001124.285	9857.821833077891
0.0001	2710			2261725.2665674286	34773753027786.73					0.02679849999549333	28	10	34773755299369.76	9857.763850889398
0.0001	2711			2261713.4465855146	34773568826072.99					0.028445499992812984	28	11	34773571097644.137	9857.704137341017
0.0001	2712			2261701.165325194	34773379171685.055					0.027839000002131797	28	12	34773381443243.863	9857.642726799222
0.0001	2713			2261688.5905617387	34773184132797.418					0.02717639999173116	28	13	34773186404343.586	9857.579659589814
0.0001	2714			2261675.5881798444	34772983771773.395					0.026596700001391582	28	14	34772986043306.5	9857.515013478846
0.0001	2715			2261662.1429071142	34772778132501.57					0.022856099996715784	28	15	34772780404021.164	9857.44880290711
0.0001	2716			2261648.320276176	34772567261656.336					0.024041600001510233	28	16	34772569533162.04	9857.38107707218
0.0001	2717			2261634.0157331536	34772351177118.062					0.026538499994785525	28	17	34772353448609.39	9857.311848864238
0.0001	2718			2261619.1182639543	34772129893689.54					0.024844899991876446	28	18	34772132165165.9	9857.241108725679
0.0001	2719			2261603.8657605797	34771903460449.688					0.026966400007950142	28	19	34771905731910.723	9857.16892805065
0.0001	2720			2261588.29924454	34771671904382.344					0.02339879999635741	28	20	34771674175827.74	9857.095320394967
0.0001	2721			2261572.2185619418	34771435230255.902					0.0234686000039801	28	21	34771437501685.14	9857.020292834375
0.0001	2722			2261555.532417492	34771193442201.914					0.02739500001189299	28	22	34771195713614.39	9856.943865054882
0.0001	2723			2261538.495079652	34770946574689.344					0.0264545999962138	28	23	34770948846084.707	9856.866039353092
0.0001	2724			2261521.1080018026	34770694643244.2					0.026802299995324574	28	24	34770696914622.094	9856.786790851847
0.0001	2725			2261503.372074593	34770437661654.492					0.026179499996942468	28	25	34770439933014.57	9856.70612410109
0.0001	2726			2261485.2855181163	34770175633495.977					0.02524529999936931	28	26	34770177904837.887	9856.624042639663
0.0001	2727			2261466.8462695247	34769908578147.93					0.026741900001070462	28	27	34769910849471.316	9856.54043603759
0.0001	2728			2261447.8551018015	34769636510502.574					0.025380899998708628	28	28	34769638781806.887	9856.455283296793
0.0001	2729			2261428.5120235393	34769359456926.406					0.022045099991373718	28	29	34769361728211.285	9856.368622504917
0.0001	2730			2261408.8124123355	34769077418003.1					0.02339649999339599	28	30	34769079689268.195	9856.280518974287
0.0001	2731			2261388.7638935074	34768790402936.605					0.021648699999786913	28	31	34768792674181.562	9856.19099838617
0.0001	2732			2261368.370343211	34768498428543.0					0.02684239999507554	28	32	34768500699767.473	9856.100127940706
0.0001	2733			2261347.630570551	34768201514233.734					0.026215799996862188	28	33	34768203785437.37	9856.007908067844
0.0001	2734			2261326.5463585835	34767899626871.887					0.025429400004213676	28	34	34767901898054.348	9855.91423600725
0.0001	2735			2261305.1255902112	34767592785795.285					0.02563400000508409	28	35	34767595056956.23	9855.81902827288
0.0001	2736			2261283.3670859523	34767281015530.23					0.02545519999694079	28	36	34767283286669.32	9855.722227275794
0.0001	2737			2261261.2566940696	34766964329916.734					0.02631489999475889	28	37	34766966601033.617	9855.623864688716
0.0001	2738			2261238.7946400647	34766642750746.55					0.025966500004869886	28	38	34766645021840.867	9855.523938892178
0.0001	2739			2261215.9790983927	34766316291699.68					0.0270841999881668	28	39	34766318562771.082	9855.422326578066
0.0001	2740			2261192.814314515	34765984977577.45					0.029140800004824996	28	40	34765987248625.582	9855.319083013932
0.0001	2741			2261169.3005639645	34765648822068.324					0.02702090000093449	28	41	34765651093092.84	9855.214192393796
0.0001	2742			2261145.451886241	34765288487628.89					0.027571200000238605	28	42	34765290758629.453	9855.107703639049
0.0001	2743			2261121.761869654	34764891814745.29					0.029547900005127303	28	43	34764894085722.055	9855.002874232643
0.0001	2744			2261097.99198888	34764496733677.57					0.03037150000454858	28	44	34764499004630.46	9854.898156968058
0.0001	2745			2261074.189847252	34764121357764.11					0.029056600003968924	28	45	34764123628693.094	9854.79397732214
0.0001	2746			2261049.9540215824	34763758203506.508					0.02759479999076575	28	46	34763760474411.156	9854.69547149682
0.0001	2747			2261025.4820077373	34763362875080.035					0.027122699990286492	28	47	34763365145960.105	9854.587974173071
0.0001	2748			2261000.837357631	34762952462668.516					0.028217999992193654	28	48	34762954733523.832	9854.480158645116
0.0001	2749			2260977.1399277714	34762561267246.855					0.02526949999446515	28	49	34762563538078.367	9854.37302908738
0.0001	2750			2260953.544823318	34762147584431.645					0.020017400005599484	28	50	34762149855239.453	9854.263749305013
0.0001	2751			2260930.8410607274	34761757639350.633					0.021936699995421804	28	51	34761759910135.625	9854.152130043383
0.0001	2752			2260907.726182258	34761368016826.758					0.02914759999839589	28	52	34761370287588.523	9854.039379895914
0.0001	2753			2260884.134090772	34760983732033.72					0.025181499993777834	28	53	34760986002771.777	9853.92419115484
0.0001	2754			2260859.8923245473	34760552623305.633					0.02253950000158511	28	54	34760554894019.332	9853.807770234373
0.0001	2755			2260835.583967329	34760147206902.023					0.023497200003475882	28	55	34760149477591.293	9853.687915507697
0.0001	2756			2260810.686396202	34759758367081.82					0.02667180000571534	28	56	34759760637746.074	9853.566144514596
0.0001	2757			2260785.2791721276	34759373019390.25					0.027688399990438484	28	57	34759375290028.97	9853.440670989816
0.0001	2758			2260759.61192145	34758980373854.59					0.025338100007502362	28	58	34758982644467.516	9853.310741588824
0.0001	2759			2260734.0583039504	34758567465796.613					0.026044899990665726	28	59	34758569736383.85	9853.177896700803
0.0001	2760			2260708.17170182	34758158586920.21					0.022158599997055717	28	60	34758160857481.426	9853.042237073927
0.0001	2761			2260682.7255319892	34757729358198.016					0.026453099999343976	28	61	34757731628733.645	9852.903792314299
0.0001	2762			2260657.0695718285	34757308231644.016					0.025516300011076964	28	62	34757310502153.848	9852.763260554875
0.0001	2763			2260630.8435913296	34756888855262.72					0.025048299998161383	28	63	34756891125746.184	9852.620275172249
0.0001	2764			2260603.8964092196	34756447163724.836					0.023286600000574253	28	64	34756449434181.207	9852.474797327051
0.0001	2765			2260577.986970095	34755978790146.906					0.025261499991756864	28	65	34755981060577.23	9852.334453710162
0.0001	2766			2260552.313538359	34755533411052.203					0.025364000000990927	28	66	34755535681456.707	9852.19253285717
0.0001	2767			2260527.042335169	34755052984066.04					0.02927419998741243	28	67	34755055254445.13	9852.047268415708
0.0001	2768			2260502.093321791	34754543453336.133					0.025146300002234057	28	68	34754545723690.133	9851.906390488331
0.0001	2769			2260476.4686753894	34754083945508.83					0.02453070000046864	28	69	34754086215837.062	9851.76635503982
0.0001	2770			2260450.880937342	34753623751505.0					0.023697700002230704	28	70	34753626021807.504	9851.622813735614
0.0001	2771			2260381.8077639733	34760405352324.773					0.03270010001142509	28	71	34760407622562.15	9855.564866238992
0.0001	2772			2258583.009841038	34699349049604.863					0.03391189999820199	28	72	34699351318036.38	9848.502351147532
0.0001	2773			2256289.955789185	34606800238816.08					0.03574570000637323	28	73	34606802504945.56	9839.522185621145
0.0001	2774			2252533.791682464	34499769328349.2					0.030318700009956956	28	74	34499771590707.406	9824.412806790671
0.0001	2775			2239460.1323105223	34398611921654.402					0.03288910000992473	28	75	34398614170899.137	9784.602528973715
0.0001	2776			2239018.402720012	34372151038982.934					0.0348599999997532	28	76	34372153287782.715	9781.379131458589
0.0001	2777			2240521.0199841927	34351441523569.96					0.03190839999297168	28	77	34351443773869.01	9778.029899921
0.0001	2778			2239227.1742049376	34336853804329.625					0.029713299998547882	28	78	34336856053320.8	9764.001259785062
0.0001	2779			2235574.282392309	34303319024632.05					0.029866600001696497	28	79	34303321270028.234	9821.900477419409
0.0001	2780			2226429.4129386544	34014827814238.656					0.03130809999129269	28	80	34014830050654.24	9986.168809045774
	2781	33529453478417.758	12391660112846.258			25.800894183663594	4.044155956715024	49131507031655.61	89442134.5488385	0.12470719999691937	28	72	193333523118341.22	
	2782	33508797799801.57	12391636681874.008			25.82354522951568	4.047851665030346	49091117674680.93	89796824.94082706	0.13029570000071544	28	73	193191746875911.72	
	2783	33488150068635.81	12391613956273.76			25.84631965012132	4.051558674208425	49050702995810.31	90200226.18356732	0.12128530000336468	28	74	193049913062787.0	
	2784	33467513553797.137	12391591472984.592			25.869141638261844	4.055275224358729	49010266169337.78	90646583.9426522	0.12916369999584276	28	75	192908032856798.0	
	2785	33446872341032.406	12391569200468.996			25.89200578703881	4.058999776851687	48969812548871.22	91034152.06050311	0.1288834000006318	28	76	192766086023746.16	
	2786	33426239603367.984	12391547113593.496			25.91490739735189	4.062733344250716	48929346830799.055	91284911.71143307	0.1266574000037508	28	77	192624084196924.53	
	2787	33405614522241.137	12391525186875.488			25.93783809566672	4.0664758699816685	48888872618314.44	91581808.05776097	0.11577059999399353	28	78	192482073930899.72	
	2788	33384975796070.023	12391503399044.092			25.960812096738977	4.070227678490609	48848392660930.234	91916209.28264965	0.12549310000031255	28	79	192340040424994.2	
	2789	33364338962067.01	12391481738284.78			25.983832085702794	4.073987937156629	48807909915437.875	92280998.40138638	0.12745880000875331	28	80	192198006651583.2	
	2790	33343719436770.086	12391460192032.51			26.0069025661716	4.077757689891111	48767413186096.05	92398251.65138897	0.1250754000066081	28	81	192055898842663.16	
	2791	33323101253570.727	12391438752677.81			26.029971694562548	4.081536874260143	48726919670848.95	92256900.52488603	0.12888210000528488	28	82	191913750404147.2	
	2792	33302467359197.082	12391417410823.312			26.05303838509271	4.085327185596548	48686419251429.125	92163997.08442578	0.12547249998897314	28	83	191771575328976.12	
	2793	33281848537622.535	12391396131765.035			26.076157860178707	4.089128889924546	48645919227040.55	92132929.25840165	0.12807089999841992	28	84	191629428941617.0	
	2794	33261235215072.51	12391374910801.357			26.09938010635712	4.092941352941474	48605428072233.67	92154428.10130557	0.12722910000593401	28	85	191487325233455.94	
	2795	33240629212217.31	12391353761068.46			26.122661700074573	4.096765586206532	48564935774343.21	92220582.27924299	0.1292978999990737	28	86	191345234418036.75	
	2796	33219971958308.535	12391332679770.014			26.146002892003477	4.100601588768211	48524441098757.76	92167011.8493789	0.1265590999973938	28	87	191203061341991.9	
	2797	33199288775656.04	12391311662609.598			26.1694031767625	4.104449197545819	48483947879810.01	92054219.79741578	0.12573780000093393	28	88	191060854926930.1	
	2798	33178628216880.94	12391290705131.627			26.19286421653136	4.108308346933723	48443464315065.836	92007894.05005841	0.1268891999934567	28	89	190918713451299.75	
	2799	33157993229118.79	12391269804888.367			26.216329168333452	4.112179086198587	48402991002335.64	92018005.12555984	0.12924689998908434	28	90	190776639647323.6	
	2800	33137371729221.273	12391248954348.506			26.23966270982972	4.116060907163669	48362537712951.14	92003246.84887822	0.1270342000061646	28	91	190634634477082.1	
0.0001	2801			1630298.369380745	132597105879427.14					0.027042800007620826	29	1	132597107604253.28	94527.76252360712
0.0001	2802			1630306.6778479565	132596736902243.81					0.025385399989318103	29	2	132596738627079.14	94528.6610473661
0.0001	2803			1630314.605978792	132596366038015.03					0.024639099996420555	29	3	132596367762859.08	94529.43759964353
0.0001	2804			1630323.4836757816	132595973857858.66					0.023794099994120188	29	4	132595975582712.36	94530.22292579495
0.0001	2805			1630333.1281668253	132595559665067.98					0.02558790000330191	29	5	132595561389932.14	94531.03286529369
0.0001	2806			1630343.3408099674	132595124151910.92					0.02202930000203196	29	6	132595125876786.14	94531.87188631773
0.0001	2807			1630354.4449085628	132594672430138.31					0.025058599989279173	29	7	132594674155025.48	94532.73812612657
0.0001	2808			1630367.0803172824	132594201556169.62					0.024845299994922243	29	8	132594203281070.33	94533.6174869053
0.0001	2809			1630381.051579885	132593711933886.61					0.02488189999712631	29	9	132593713658802.17	94534.5129342387
0.0001	2810			1630396.3088382846	132593204069458.67					0.024510000002919696	29	10	132593205794390.4	94535.42614567601
0.0001	2811			1630412.615011955	132592678343881.9					0.02305609999166336	29	11	132592680068830.88	94536.35816485425
0.0001	2812			1630429.7845986232	132592135142208.27					0.02605549999861978	29	12	132592136867175.36	94537.30993487252
0.0001	2813			1630447.8327457749	132591574864787.94					0.0246740000002319	29	13	132591576589774.05	94538.28199628476
0.0001	2814			1630466.7914560735	132590999375762.31					0.025157099997159094	29	14	132591001100768.39	94539.27482455199
0.0001	2815			1630485.2939618872	132590408737507.72					0.024336000002222136	29	15	132590410462533.3	94540.27734990146
0.0001	2816			1630503.226976748	132589800907385.81					0.025742199999513105	29	16	132589802632430.34	94541.28950046266
0.0001	2817			1630520.7202874569	132589176349514.89					0.025408899993635714	29	17	132589178074577.92	94542.31236526616
0.0001	2818			1630539.3455529623	132588538189899.8					0.0275746999977855	29	18	132588539914982.5	94543.35990063382
0.0001	2819			1630558.9329236925	132587884127162.86					0.024362500000279397	29	19	132587885852266.23	94544.43147246227
0.0001	2820			1630579.4499424146	132587214374706.31					0.02363000001059845	29	20	132587216099831.3	94545.52692930186
0.0001	2821			1630600.779451686	132586529070884.56					0.024140900000929832	29	21	132586530796031.98	94546.64674907798
0.0001	2822			1630622.526001624	132585828413335.61					0.02545819999068044	29	22	132585830138505.97	94547.82415106511
0.0001	2823			1630644.632962701	132585112394553.9					0.025101099992753007	29	23	132585114119747.42	94548.87498926301
0.0001	2824			1630667.062170412	132584381832969.2					0.024492800002917647	29	24	132584383558186.28	94550.01817796844
0.0001	2825			1630690.2363748045	132583637546919.52					0.025074899996980093	29	25	132583639272160.94	94551.18568450921
0.0001	2826			1630710.8766346313	132582879715007.69					0.024464300004183315	29	26	132582881440270.94	94552.36984187187
0.0001	2827			1630728.858477697	132582109093437.14					0.024855799987562932	29	27	132582110818719.55	94553.5545830114
0.0001	2828			1630745.3414773522	132581323944572.7					0.025378500009537674	29	28	132581325669872.78	94554.73253666308
0.0001	2829			1630760.36013124	132580523934186.81					0.023688699991907924	29	29	132580525659503.08	94555.90470300961
0.0001	2830			1630774.0453072442	132579709301835.22					0.02547390000836458	29	30	132579711027166.34	94557.07264758968
0.0001	2831			1630786.492315687	132578879445722.88					0.02490510001371149	29	31	132578881171067.61	94558.23780196479
0.0001	2832			1630797.7591959992	132578034461988.25					0.02565850000246428	29	32	132578036187345.42	94559.40122358703
0.0001	2833			1630807.9610032018	132577175235692.73					0.024747699993895367	29	33	132577176961061.27	94560.56464507418
0.0001	2834			1630817.164649756	132576301985896.23					0.025568400000338443	29	34	132576303711275.14	94561.72956490185
0.0001	2835			1630825.3641649461	132575415058951.48					0.024666100012836978	29	35	132575416784339.77	94562.91481141107
0.0001	2836			1630835.587225062	132574514329615.23					0.026353200009907596	29	36	132574516055014.97	94564.1453927657
0.0001	2837			1630847.8440778106	132573599499013.73					0.024723299997276627	29	37	132573601224426.98	94565.40821007702
0.0001	2838			1630861.987853253	132572670637766.75					0.025036499995621853	29	38	132572672363195.44	94566.70344702019
0.0001	2839			1630877.885522443	132571727860070.7					0.023397899989504367	29	39	132571729585516.62	94568.03223959681
0.0001	2840			1630895.443876434	132570771253234.5					0.022192999997059815	29	40	132570772978699.33	94569.39074799803
0.0001	2841			1630914.531234592	132569800887737.02					0.024103300005663186	29	41	132569802613222.33	94570.77757995721
0.0001	2842			1630935.0472636083	132568816825158.95					0.025620900007197633	29	42	132568818550666.19	94572.19220633917
0.0001	2843			1630956.871276571	132567819331011.86					0.026043099991511554	29	43	132567821056542.38	94573.64016566207
0.0001	2844			1630976.580077187	132566808832472.28					0.025064400004339404	29	44	132566810558023.95	94575.09580020541
0.0001	2845			1630994.4917228434	132565784888972.5					0.024542799990740605	29	45	132565786614543.53	94576.54205698016
0.0001	2846			1631010.7359239468	132564747523782.36					0.0224447000073269	29	46	132564749249371.08	94577.98055116083
0.0001	2847			1631025.453604366	132563697320650.52					0.025170700013404712	29	47	132563699046255.38	94579.41308855034
0.0001	2848			1631038.6477008008	132562634579299.47					0.02225429999816697	29	48	132562636304918.97	94580.85960263015
0.0001	2849			1631053.9529501267	132561558658388.23					0.029407200010609813	29	49	132561560384024.53	94582.3441824189
0.0001	2850			1631071.2605044409	132560469511915.23					0.024662700001499616	29	50	132560471237570.36	94583.86114634873
0.0001	2851			1631090.40606459	132559367258064.8					0.026927500002784654	29	51	132559368983740.61	94585.40911712324
0.0001	2852			1631111.260094655	132558251962105.7					0.025112600007560104	29	52	132558253687803.95	94586.98706740665
0.0001	2853			1631133.7068037197	132557123583108.95					0.02553270000498742	29	53	132557125308831.25	94588.59409554182
0.0001	2854			1631157.4440939638	132555982852285.69					0.02576269999553915	29	54	132555984578033.38	94590.25218436206
0.0001	2855			1631178.994976094	132554829294872.66					0.023238600013428368	29	55	132554831020643.55	94591.8961917047
0.0001	2856			1631198.5398558478	132553662864729.2					0.025495800000499003	29	56	132553664590521.28	94593.52735522788
0.0001	2857			1631216.2497704178	132552483605668.88					0.025483299992629327	29	57	132552485331480.27	94595.1478769295
0.0001	2858			1631232.2896600307	132551291546515.86					0.02566590000060387	29	58	132551293272344.92	94596.75999462063
0.0001	2859			1631246.668036629	132550087141437.84					0.024401799993938766	29	59	132550088867282.89	94598.38160161914
0.0001	2860			1631263.3121903192	132548870201324.48					0.02391180000267923	29	60	132548871927187.84	94600.04928379455
0.0001	2861			1631282.134797426	132547640435629.3					0.026150699995923787	29	61	132547642161513.19	94601.75110028547
0.0001	2862			1631302.9570153654	132546397950384.9					0.024970999991637655	29	62	132546399676291.34	94603.48560481318
0.0001	2863			1631325.6635437799	132545142811957.36					0.023155699993367307	29	63	132545144537888.27	94605.25153035978
0.0001	2864			1631350.1198001646	132543875082163.36					0.0200230000045849	29	64	132543876808120.53	94607.0476489875
0.0001	2865			1631376.0426601132	132542595355638.53					0.021970399990095757	29	65	132542597081623.47	94608.89046682809
0.0001	2866			1631399.505639019	132541303414198.97					0.02469220000784844	29	66	132541305140209.19	94610.72252393799
0.0001	2867			1631420.7871957934	132539999132957.33					0.023980500001925975	29	67	132540000858990.66	94612.53909538248
0.0001	2868			1631440.0723911256	132538681621395.69					0.02701320000051055	29	68	132538683347450.11	94614.34289171812
0.0001	2869			1631457.5272791246	132537351563892.25					0.02568740000424441	29	69	132537353289965.92	94616.13732635044
0.0001	2870			1631477.1865748721	132536009724950.61					0.02612200001021847	29	70	132536011451045.78	94617.98653855939
0.0001	2871			1631460.2710590542	132556955601227.3					0.0336234999995213	29	71	132556957327269.28	94581.71948906496
0.0001	2872			7957043.4260200495	1377790800365.191					0.03287909999198746	29	72	1377798783255.903	25847.28620193802
0.0001	2873			7676576.804509438	1893464338282.7908					0.03393959999084473	29	73	1893472015170.3801	310.78490423161054
0.0001	2874			6682214.567744619	36269222236897.484					0.03411249999771826	29	74	36269228922562.73	3450.675311432136
0.0001	2875			2319832.094953049	1368745827547.0776					0.03228579999995418	29	75	1368748147494.6245	115.45193171158336
0.0001	2876			6702699.407516867	48395418869085.88					0.0312559999874793	29	76	48395425656462.94	84677.64457920108
0.0001	2877			5110847.800453127	1855134837834.3574					0.03406099999847356	29	77	1855139948853.5586	171.40059226319894
0.0001	2878			14426463.546755053	2365133856372.63					0.034217599997646175	29	78	2365151820286.2915	3537450.1146193394
0.0001	2879			5349236.310022735	1082203469400.2219					0.035765000007813796	29	79	1082208839832.5419	21196.00983778937
0.0001	2880			5349236.310022735	1082203469400.2219					0.034866599991801195	29	80	1082208839832.5419	21196.00983778937
	2881	1062721798229.5387	33116776955770.715			1018135.0907287049	4418.187388374327	41263250002973.03	352788557.18785936	0.12025379999249708	29	72	158040010145556.94	
	2882	1062722834959.8174	33116709231003.7			1018136.2325460975	4418.246262567622	41250158742627.1	352768060.11421025	0.11904130000039004	29	73	158000665577296.62	
	2883	1062723872065.3655	33116646717593.418			1018137.3740399774	4418.305151602362	41237079798066.77	352750461.82463413	0.11249519999546465	29	74	157961363747881.88	
	2884	1062724909251.6677	33116588907442.258			1018138.5154137823	4418.364047577287	41224013081311.16	352735318.6113387	0.12136990000726655	29	75	157922103796236.38	
	2885	1062725945996.7366	33116535458960.543			1018139.656239185	4418.4229414239135	41210958476371.836	352722287.2690824	0.12747660001332406	29	76	157882884963642.06	
	2886	1062726982630.6252	33116486083653.492			1018140.7966362037	4418.481854177443	41197915882340.53	352711095.80016124	0.1248079999932088	29	77	157843706604809.88	
	2887	1062728019318.3688	33116440539463.418			1018141.9366768239	4418.540824353442	41184885141159.55	352701529.2247039	0.1231264999951236	29	78	157804567960678.12	
	2888	1062729056154.2861	33116398578740.36			1018143.0764366676	4418.599872146597	41171866058855.98	352693390.0971935	0.11422449999372475	29	79	157765468162283.3	
	2889	1062730093197.2833	33116359967220.48			1018144.2159440406	4418.659047959289	41158858331222.234	352686527.84754086	0.12697840000328142	29	80	157726406032683.75	
	2890	1062731130333.763	33116314248053.617			1018145.3552212495	4418.718458117757	41145861326148.734	352680844.7216887	0.12455139998928644	29	81	157687369199036.16	
	2891	1062732167623.823	33116255582024.945			1018146.4944159917	4418.778013584896	41132868488739.625	352675725.34916043	0.11929919999965932	29	82	157648332034424.12	
	2892	1062733205483.4238	33116200064028.203			1018147.6342001616	4418.837508101046	41119871985503.555	352670459.98646617	0.12883590000274125	29	83	157609286991734.78	
	2893	1062734243876.9315	33116147785111.387			1018148.7744682551	4418.896955879317	41106884674652.7	352665739.4845325	0.1342207999987295	29	84	157570272874787.2	
	2894	1062735282777.0679	33116098799357.523			1018149.9150488123	4418.956367151783	41093906471264.266	352661528.97456825	0.13163170000188984	29	85	157531289475894.88	
	2895	1062736322127.6018	33116053141130.402			1018151.0558541687	4419.0157579180795	41080937433964.88	352657796.8200017	0.12662530000670813	29	86	157492336998918.0	
	2896	1062737361916.9668	33115981790831.617			1018152.1968589583	4419.075149893502	41067977668854.02	352654514.90519816	0.13059500000963453	29	87	157453386736921.8	
	2897	1062738402135.7832	33115891368989.707			1018153.3380426521	4419.1345266023845	41055023310203.67	352651638.0470262	0.1285424000088824	29	88	157414433704204.88	
	2898	1062739442891.8423	33115806322408.54			1018154.4791342658	4419.193882101164	41042059372700.31	352649130.1224758	0.12890680000418797	29	89	157375457384513.6	
	2899	1062740484163.2048	33115726115746.594			1018155.620154484	4419.253212581039	41029105192683.82	352646969.78149974	0.1277782999968622	29	90	157336515247234.12	
	2900	1062741525931.5483	33115646068550.76			1018156.7611086067	4419.312525918871	41016143712314.11	352645133.75974846	0.13365030000568368	29	91	157297551433721.94	
0.0001	2901			2500000.0	1158869898720.7063					0.027958200007560663	30	1	1158872399015.814	295.10766628248405
0.0001	2902			2499994.9122187793	1158857005931.0742					0.03093740000622347	30	2	1158859506221.1028	295.1165023165037
0.0001	2903			2499990.796144538	1158824453308.678					0.03162910000537522	30	3	1158826953594.5916	295.11753173389513
0.0001	2904			2499987.39720651	1158798112430.8801					0.030780000000959262	30	4	1158800612713.3867	295.10940035253225
0.0001	2905			2499982.8474299954	1158775107214.284					0.027103700005682185	30	5	1158777607492.2334	295.1020023717436
0.0001	2906			2499977.488229636	1158749410003.9321					0.030262599990237504	30	6	1158751910276.524	295.1034965874315
0.0001	2907			2499971.6278383145	1158721427075.0542					0.028514599995105527	30	7	1158723927341.793	295.11089771140814
0.0001	2908			2499966.683084642	1158691192329.38					0.0327162000030512	30	8	1158693692591.1804	295.1174726572329
0.0001	2909			2499961.3520616237	1158658932627.1858					0.03043880000768695	30	9	1158661432883.6682	295.1304003134611
0.0001	2910			2499955.51839683	1158627614017.478					0.035129800002323464	30	10	1158630114268.1663	295.16993557175635
0.0001	2911			2499950.433589306	1158594667927.1692					0.03144209999300074	30	11	1158597168172.8071	295.2044244076228
0.0001	2912			2499944.449094407	1158558283584.943					0.03231400001095608	30	12	1158560783824.6226	295.23049757948286
0.0001	2913			2499937.6177771804	1158524153946.7188					0.03138890000991523	30	13	1158526654179.5862	295.2498696029007
0.0001	2914			2499931.5977240372	1158488769572.825					0.029296799999428913	30	14	1158491269799.6868	295.26420056660294
0.0001	2915			2499925.237070766	1158451464061.4417					0.027088500006357208	30	15	1158453964281.9688	295.2901046185437
0.0001	2916			2499918.3367450847	1158412332309.4133					0.030817999999271706	30	16	1158414832523.0632	295.3132585887518
0.0001	2917			2499911.7957883207	1158372418350.5198					0.029326299991225824	30	17	1158374918557.621	295.3054945454973
0.0001	2918			2499905.253396036	1158330852717.8442					0.02887110000301618	30	18	1158333352918.3691	295.2714575429882
0.0001	2919			2499898.6741789225	1158288513056.6648					0.0318111999949906	30	19	1158291013250.6165	295.2776745324781
0.0001	2920			2499891.8242013473	1158244401745.559					0.03683499999169726	30	20	1158246901932.673	295.28973643267585
0.0001	2921			2499884.406017323	1158199111900.3833					0.03123279999999795	30	21	1158201612080.0923	295.3030584614381
0.0001	2922			2499876.9819248486	1158156765812.6892					0.030184999995981343	30	22	1158159265984.986	295.3148722368926
0.0001	2923			2499869.2747864746	1158111691706.954					0.03457519999938086	30	23	1158114191871.5544	295.32545820334775
0.0001	2924			2499860.906862534	1158062837741.8555					0.035988899995572865	30	24	1158065337898.098	295.3353280961395
0.0001	2925			2499851.787192611	1158012166828.865					0.03116579999914393	30	25	1158014666975.9958	295.3438216256639
0.0001	2926			2499842.6866916846	1157964267894.4321					0.03335019999940414	30	26	1157966768032.4712	295.35237833979056
0.0001	2927			2499834.2840923495	1157914205423.255					0.0316496999876108	30	27	1157916705552.9014	295.36232214650516
0.0001	2928			2499826.825713992	1157862535890.1926					0.030136599991237745	30	28	1157865036012.3926	295.3743471971478
0.0001	2929			2499819.1272254344	1157809187489.314					0.034156900001107715	30	29	1157811687603.8289	295.38776227066654
0.0001	2930			2499811.3040758837	1157754223002.0627					0.028675600013229996	30	30	1157756723108.8892	295.5224659507916
0.0001	2931			2499802.8637513416	1157699881116.303					0.029077900006086566	30	31	1157702381214.7683	295.6015647737278
0.0001	2932			2499793.8294567876	1157643410833.8792					0.02936589998716954	30	32	1157645910923.3264	295.6179357606859
0.0001	2933			2499784.2381941876	1157584921974.7344					0.027668899987475015	30	33	1157587422054.549	295.57644919023767
0.0001	2934			2499774.157325636	1157527396855.1013					0.029658300001756288	30	34	1157529896924.7485	295.49000038665065
0.0001	2935			2499765.671469938	1157468043792.3755					0.030379899995750748	30	35	1157470543853.5198	295.47292557785175
0.0001	2936			2499757.8621998318	1157406737193.705					0.02857800001220312	30	36	1157409237247.094	295.5266979377557
0.0001	2937			2499751.517068719	1157345174021.4067					0.02814059999946039	30	37	1157347674068.5654	295.64169187963245
0.0001	2938			2499744.4057925553	1157282014283.226					0.028875999996671453	30	38	1157284514323.3215	295.68968764888234
0.0001	2939			2499736.456912751	1157219782899.7366					0.02728969999589026	30	39	1157222282931.8694	295.67582987168635
0.0001	2940			2499727.669385923	1157156264801.5015					0.029556800000136718	30	40	1157158764824.77	295.5992232195521
0.0001	2941			2499717.783341291	1157091118346.6667					0.027455799994640984	30	41	1157093618360.022	295.5717235666053
0.0001	2942			2499707.4605724234	1157024449427.527					0.026380900002550334	30	42	1157026949430.576	295.5882517978732
0.0001	2943			2499697.5450929487	1156955989587.0073					0.02183389999845531	30	43	1156958489580.1584	295.60601812288513
0.0001	2944			2499688.605511145	1156886372655.3457					0.027384700006223284	30	44	1156888872639.72	295.768695276649
0.0001	2945			2499678.895248756	1156817683894.249					0.028671899999608286	30	45	1156820183869.0024	295.8581185010129
0.0001	2946			2499668.4959784034	1156747174279.1724					0.028127199999289587	30	46	1156749674243.535	295.86646845304836
0.0001	2947			2499657.4490335346	1156674063111.3674					0.028009999994537793	30	47	1156676563064.616	295.7996595126315
0.0001	2948			2499645.7856840394	1156602020974.1667					0.02440710000519175	30	48	1156604520915.6504	295.6980208018389
0.0001	2949			2499635.142629045	1156530222888.6033					0.02839700000185985	30	49	1156532722819.4631	295.7172804417706
0.0001	2950			2499625.241791756	1156455664199.7124					0.028838600002927706	30	50	1156458164120.7017	295.74746394241726
0.0001	2951			2499614.617353316	1156381261019.4824					0.028743099988787435	30	51	1156383760929.8657	295.7659566378336
0.0001	2952			2499603.256983592	1156305452534.635					0.027622599998721853	30	52	1156307952433.67	295.77775298239976
0.0001	2953			2499591.317048735	1156230444231.0664					0.02688609999313485	30	53	1156232944118.1814	295.797967404582
0.0001	2954			2499580.0777691454	1156152146037.8843					0.028126099990913644	30	54	1156154645913.7812	295.8191371869202
0.0001	2955			2499569.1928941556	1156074318117.3345					0.029476800002157688	30	55	1156076817982.4458	295.918387971122
0.0001	2956			2499557.0039784517	1155996120056.7126					0.028559099999256432	30	56	1155998619909.7349	296.01831439675357
0.0001	2957			2499543.9548622197	1155916169902.5552					0.02673480000521522	30	57	1155918669742.549	296.03897708658843
0.0001	2958			2499530.228488061	1155834690934.6611					0.030056899995543063	30	58	1155837190760.8767	295.9869461646001
0.0001	2959			2499518.8672917616	1155751396815.1995					0.02721699999528937	30	59	1155753896630.0698	296.003280990782
0.0001	2960			2499509.7125374414	1155666468498.192					0.030102200005785562	30	60	1155668968303.9885	296.0841025589049
0.0001	2961			2499499.4078199365	1155581780094.689					0.02831349999178201	30	61	1155584279890.181	296.0842424689184
0.0001	2962			2499487.5811174395	1155495868537.8257					0.03066749998833984	30	62	1155498368321.499	296.0922038533714
0.0001	2963			2499474.0949121355	1155411158490.5742					0.026533399999607354	30	63	1155413658260.776	296.10665928179424
0.0001	2964			2499463.1153179663	1155325543700.4792					0.03298640000866726	30	64	1155328043459.7834	296.18902151769316
0.0001	2965			2499451.0887398208	1155238041913.476					0.02725559999817051	30	65	1155240541660.7537	296.1889726645349
0.0001	2966			2499441.520004554	1155149066708.0063					0.029326399991987273	30	66	1155151566445.7866	296.2602220432162
0.0001	2967			2499430.816681602	1155058281470.831					0.03338399999483954	30	67	1155060781197.891	296.2433252687084
0.0001	2968			2499419.065693425	1154965854758.8657					0.03261140000540763	30	68	1154968354474.077	296.14542847147044
0.0001	2969			2499406.7516061733	1154876712185.6577					0.029510099993785843	30	69	1154879211888.5637	296.15430223386716
0.0001	2970			2499395.2299272637	1154785813324.084					0.028891699999803677	30	70	1154788313015.4897	296.17583217116584
0.0001	2971			2499445.5093451934	1155793014389.1985					0.03784869999799412	30	71	1155795514130.4797	295.7720153412935
0.0001	2972			2499422.828353421	1154467936341.342					0.04137570000602864	30	72	1154470436060.0847	295.91431130716285
0.0001	2973			2499391.227553254	1152687761393.7964					0.03709409998555202	30	73	1152690261081.2195	296.19555739696307
0.0001	2974			2498845.056139662	1137413086887.4395					0.036869100003968924	30	74	1137415586026.7864	294.2907979546021
0.0001	2975			2485610.6860068124	1532248842452.7878					0.03684179999982007	30	75	1532251328358.2437	294.76976260188974
0.0001	2976			2483925.994670206	1391238521407.386					0.03848229999130126	30	76	1391241005628.2515	294.87081404733124
0.0001	2977			2508807.0716190943	1145713042147.2158					0.03662560001248494	30	77	1145715551250.924	296.6366230641917
0.0001	2978			2506157.716757544	1117385191793.566					0.04157420000410639	30	78	1117387698245.6143	294.3315898162229
0.0001	2979			2498130.4399137455	1096996872862.9314					0.038247500007855706	30	79	1096999371289.0946	295.7233093577827
0.0001	2980			2495924.684544841	1081937265294.5668					0.03575129999080673	30	80	1081939761516.0272	296.7759163129876
	2981	1013948739881.5792	1062742568228.4294			329738.31735803245	2633.4510695487543	1207509841979.2078	61000726.50502442	0.14193810000142548	30	72	5711486953346.619	
	2982	1013941934198.743	1062742536901.0251			329738.31247311673	2633.4504124859695	1207435187506.12	61000725.87131709	0.1331274999974994	30	73	5711256152789.391	
	2983	1013935128270.8488	1062742505573.6282			329738.30758692155	2633.449755454947	1207360554520.0613	61000725.23849917	0.1376243999984581	30	74	5711025416448.375	
	2984	1013928315978.7042	1062742474246.256			329738.30269724166	2633.449097949831	1207285945008.7456	61000724.605571635	0.13300199998775497	30	75	5710794744167.342	
	2985	1013921499262.3212	1062742442918.872			329738.29780495923	2633.4484400761844	1207211358268.4727	61000723.97301929	0.14245120000850875	30	76	5710564135775.26	
	2986	1013914680239.3634	1062742411591.5155			329738.2929110379	2633.4477821032615	1207136793572.2976	61000723.341018684	0.13833149999845773	30	77	5710333591209.035	
	2987	1013907860476.2853	1062742380264.1433			329738.2880244871	2633.447125139148	1207062250392.8955	61000722.71042411	0.1323578000010457	30	78	5710103110453.276	
	2988	1013901040534.3457	1062742348936.7762			329738.28314289945	2633.4464689123056	1206987728546.7146	61000722.08108208	0.13705900000059046	30	79	5709872693518.575	
	2989	1013894221642.3396	1062742317609.4376			329738.27826665074	2633.445813455204	1206913228031.9014	61000721.45304842	0.13630699999339413	30	80	5709642341628.203	
	2990	1013887407769.7808	1062742286282.0826			329738.2733916651	2633.4451582819297	1206838748965.478	61000720.82603582	0.14338670000142884	30	81	5709412059102.635	
	2991	1013880593352.1318	1062742254954.755			329738.2685144909	2633.4445028932305	1206764291389.0376	61000720.19955795	0.1382309000036912	30	82	5709181840502.059	
	2992	1013873778185.4634	1062742223627.4108			329738.26363619947	2633.4438473456	1206689855379.1875	61000719.573667414	0.12991070000862237	30	83	5708951685852.336	
	2993	1013866962867.3734	1062742192300.0898			329738.25875849876	2633.4431923933194	1206615440720.955	61000718.94820106	0.14336260000709444	30	84	5708721595106.152	
	2994	1013860146111.6727	1062742160972.7578			329738.25388138415	2633.442537974034	1206541047791.9492	61000718.32327882	0.14165020000655204	30	85	5708491568110.136	
	2995	1013853328935.6832	1062742129645.4528			329738.2490035777	2633.441883963032	1206466676218.4802	61000717.69883292	0.13701599999330938	30	86	5708261604760.5625	
	2996	1013846510999.3995	1062742098318.132			329738.2441300284	2633.441230884735	1206392326142.7898	61000717.07515912	0.133757899995544	30	87	5708031705144.171	
	2997	1013839692619.2628	1062742066990.8167			329738.23925698455	2633.44057807702	1206317997543.1396	61000716.452067986	0.14611620000505354	30	88	5707801869512.169	
	2998	1013832875757.2771	1062742035663.5294			329738.2343847507	2633.4399256166535	1206243689550.9834	61000715.82970182	0.1466327999951318	30	89	5707572097220.974	
	2999	1013826060720.6465	1062742004336.2236			329738.2295128936	2633.439273451563	1206169402002.4214	61000715.20806703	0.1542321000015363	30	90	5707342388086.043	
	3000	1013819249502.9147	1062741973008.9434			329738.2246410319	2633.438621504914	1206095134155.938	61000714.587235056	0.1459231000044383	30	91	5707112741876.434	
