epoch	total	seconds
1	1e-23	0.21706459997221828
2	1e-23	0.002001499990001321
3	1e-23	0.0019141999655403197
4	1e-23	0.001713800011202693
5	1e-23	0.001871699991170317
6	1e-23	0.0016567999846301973
7	1e-23	0.0019065000233240426
8	1e-23	0.0015931999660097063
9	1e-23	0.0014618000132031739
10	1e-23	0.0015161000192165375
11	1e-23	0.0018106999923475087
12	1e-23	0.0018898999551311135
13	1e-23	0.0017234000260941684
14	1e-23	0.002107999986037612
15	1e-23	0.0014506999868899584
16	1e-23	0.0014309000107459724
17	1e-23	0.001969000033568591
18	1e-23	0.0019275000086054206
19	1e-23	0.0020961000118404627
20	1e-23	0.0016854999703355134
21	1e-23	0.0016497999895364046
22	1e-23	0.0013127000420354307
23	1e-23	0.0013926000101491809
24	1e-23	0.0014530999469570816
25	1e-23	0.0013769000070169568
26	1e-23	0.0016690000193193555
27	1e-23	0.0015697000198997557
28	1e-23	0.001612700056284666
29	1e-23	0.001748100039549172
30	1e-23	0.0015581999905407429
31	1e-23	0.0012109000235795975
32	1e-23	0.0016037000459618866
33	1e-23	0.00121189997298643
34	1e-23	0.001373700040858239
35	1e-23	0.0014545999583788216
36	1e-23	0.0013967000413686037
37	1e-23	0.0012645999668166041
38	1e-23	0.0014104999718256295
39	1e-23	0.0013181999674998224
40	1e-23	0.0014810999855399132
41	1e-23	0.0013982999953441322
42	1e-23	0.0012660999782383442
43	1e-23	0.0012901999871246517
44	1e-23	0.0013339000288397074
45	1e-23	0.0015041999868117273
46	1e-23	0.001601999974809587
47	1e-23	0.002327500027604401
48	1e-23	0.002482800045982003
49	1e-23	0.0016822000034153461
50	1e-23	0.001792200026102364
51	1e-23	0.0013691000058315694
52	1e-23	0.0014694000128656626
53	1e-23	0.0017065000138245523
54	1e-23	0.0013834999990649521
55	1e-23	0.0013964000390842557
56	1e-23	0.0017119000549428165
57	1e-23	0.0012091000098735094
58	1e-23	0.0017715999856591225
59	1e-23	0.0016093000303953886
60	1e-23	0.0016810999950394034
61	1e-23	0.0015375000075437129
62	1e-23	0.0014244000194594264
63	1e-23	0.001517399970907718
64	1e-23	0.0013584000407718122
65	1e-23	0.0013571000308729708
66	1e-23	0.001859600015450269
67	1e-23	0.005777799990028143
68	1e-23	0.0018633999861776829
69	1e-23	0.0014457000070251524
70	1e-23	0.00167859997600317
71	1e-23	0.0019765000324696302
72	1e-23	0.002056800003629178
73	1e-23	0.0015438999980688095
74	1e-23	0.0013702000142075121
75	1e-23	0.0034821999724954367
76	1e-23	0.00208760000532493
77	1e-23	0.0019603000255301595
78	1e-23	0.0018703999812714756
79	1e-23	0.0018573999986983836
80	1e-23	0.002258799970149994
81	1e-23	0.0020321999909356236
82	1e-23	0.0028590000001713634
83	1e-23	0.00152009999146685
84	1e-23	0.001843900012318045
85	1e-23	0.002010700001846999
86	1e-23	0.001896000001579523
87	1e-23	0.0031770000350661576
88	1e-23	0.003943399991840124
89	1e-23	0.0024563000188209116
90	1e-23	0.0019026999943889678
91	1e-23	0.0019119000062346458
92	1e-23	0.0027707000263035297
93	1e-23	0.004269299970474094
94	1e-23	0.0015355999930761755
95	1e-23	0.0016505999956279993
96	1e-23	0.002085299987811595
97	1e-23	0.0015315000200644135
98	1e-23	0.0031106999958865345
99	1e-23	0.0024479000130668283
100	1e-23	0.0027552999672479928
101	1e-23	0.0023911999887786806
102	1e-23	0.0015678000054322183
103	1e-23	0.0017325999797321856
104	1e-23	0.0023583000293001533
105	1e-23	0.002038499980699271
106	1e-23	0.0015152000123634934
107	1e-23	0.0020019999938085675
108	1e-23	0.0020874000038020313
109	1e-23	0.001679499982856214
110	1e-23	0.002098300028592348
111	1e-23	0.001686299976427108
112	1e-23	0.0026635999674908817
113	1e-23	0.0016225999570451677
114	1e-23	0.0023387999972328544
115	1e-23	0.0024204000364989042
116	1e-23	0.0027404000284150243
117	1e-23	0.001619800052139908
118	1e-23	0.0020274000125937164
119	1e-23	0.002455200010444969
120	1e-23	0.002083800034597516
121	1e-23	0.0018131999531760812
122	1e-23	0.003653299994766712
123	1e-23	0.0021915000397711992
124	1e-23	0.0017512000049464405
125	1e-23	0.002241100009996444
126	1e-23	0.0016187999863177538
127	1e-23	0.0015409000334329903
128	1e-23	0.001442299981135875
129	1e-23	0.0014162000152282417
130	1e-23	0.0014791999710723758
131	1e-23	0.0015681000077165663
132	1e-23	0.0013732999796047807
133	1e-23	0.0015430999919772148
134	1e-23	0.002789700054563582
135	1e-23	0.0022975000320002437
136	1e-23	0.0018838000250980258
137	1e-23	0.0021416000090539455
138	1e-23	0.002094700001180172
139	1e-23	0.0016802999889478087
140	1e-23	0.0018871999927796423
141	1e-23	0.0017641999875195324
142	1e-23	0.0016274999943561852
143	1e-23	0.001402399968355894
144	1e-23	0.00215859996387735
145	1e-23	0.0018633999861776829
146	1e-23	0.0015016000252217054
147	1e-23	0.0012858000118285418
148	1e-23	0.0020206000190228224
149	1e-23	0.0018174000433646142
150	1e-23	0.0014856000198051333
151	1e-23	0.001840399985667318
152	1e-23	0.002252300037071109
153	1e-23	0.002015799982473254
154	1e-23	0.0015688000130467117
155	1e-23	0.0014146999455988407
156	1e-23	0.0013434000429697335
157	1e-23	0.0015230000135488808
158	1e-23	0.001560300006531179
159	1e-23	0.001367199991364032
160	1e-23	0.001470700022764504
161	1e-23	0.0016881999908946455
162	1e-23	0.0014190000365488231
163	1e-23	0.0016343999886885285
164	1e-23	0.0015956999850459397
165	1e-23	0.0013343999744392931
166	1e-23	0.001352399995084852
167	1e-23	0.0015230999561026692
168	1e-23	0.0012274000328034163
169	1e-23	0.0014551000203937292
170	1e-23	0.0013592999894171953
171	1e-23	0.0017979999538511038
172	1e-23	0.0016472999705001712
173	1e-23	0.0014618000132031739
174	1e-23	0.0012657000334002078
175	1e-23	0.0014319000183604658
176	1e-23	0.001552600006107241
177	1e-23	0.0013891999842599034
178	1e-23	0.0013809999800287187
179	1e-23	0.001150999974925071
180	1e-23	0.0012208999833092093
181	1e-23	0.001409800024703145
182	1e-23	0.0014194000395946205
183	1e-23	0.0017051000031642616
184	1e-23	0.0018206000095233321
185	1e-23	0.0020175999961793423
186	1e-23	0.001393800019286573
187	1e-23	0.0016122999950312078
188	1e-23	0.0015232000150717795
189	1e-23	0.001741300045978278
190	1e-23	0.0016050999984145164
191	1e-23	0.0014399000210687518
192	1e-23	0.0016911999555304646
193	1e-23	0.001830299966968596
194	1e-23	0.0016815999988466501
195	1e-23	0.001470999966841191
196	1e-23	0.0014196999836713076
197	1e-23	0.0015737999929115176
198	1e-23	0.0019523000228218734
199	1e-23	0.0014191000373102725
200	1e-23	0.0014281000476330519
201	1e-23	0.0013137999922037125
202	1e-23	0.001140100008342415
203	1e-23	0.0015511999954469502
204	1e-23	0.0015901000006124377
205	1e-23	0.0018232999718748033
206	1e-23	0.0014613000093959272
207	1e-23	0.0014335999730974436
208	1e-23	0.0014460000093095005
209	1e-23	0.001253599999472499
210	1e-23	0.0013552000164054334
211	1e-23	0.0015550999669358134
212	1e-23	0.0016691999626345932
213	1e-23	0.0014400999643839896
214	1e-23	0.0019478000467643142
215	1e-23	0.0016141999512910843
216	1e-23	0.0016237999661825597
217	1e-23	0.001864599995315075
218	1e-23	0.0018929000361822546
219	1e-23	0.0020389000419527292
220	1e-23	0.0016016000299714506
221	1e-23	0.0016583000542595983
222	1e-23	0.0015808999887667596
223	1e-23	0.0016611000173725188
224	1e-23	0.0019179999944753945
225	1e-23	0.001565599988680333
226	1e-23	0.001417200022842735
227	1e-23	0.001774700009264052
228	1e-23	0.0015259999781847
229	1e-23	0.0015165000222623348
230	1e-23	0.001633700041566044
231	1e-23	0.0016884999931789935
232	1e-23	0.0015982000040821731
233	1e-23	0.002589500043541193
234	1e-23	0.0014640999725088477
235	1e-23	0.0016813999973237514
236	1e-23	0.0017024999833665788
237	1e-23	0.002474399982020259
238	1e-23	0.001988200005143881
239	1e-23	0.0017915000207722187
240	1e-23	0.0016485999803990126
241	1e-23	0.0016585999983362854
242	1e-23	0.0017358000040985644
243	1e-23	0.0018831999623216689
244	1e-23	0.0017809999990276992
245	1e-23	0.0013161999522708356
246	1e-23	0.0014884999836795032
247	1e-23	0.0015718999784439802
248	1e-23	0.0013507999829016626
249	1e-23	0.0018124000052921474
250	1e-23	0.0017217000131495297
251	1e-23	0.001719699997920543
252	1e-23	0.002107999986037612
253	1e-23	0.002726699982304126
254	1e-23	0.0022358999704010785
255	1e-23	0.0019830999663099647
256	1e-23	0.0014378000050783157
257	1e-23	0.001450899988412857
258	1e-23	0.0017441000090911984
259	1e-23	0.0018090999801643193
260	1e-23	0.0018379000248387456
261	1e-23	0.001573899993672967
262	1e-23	0.0019026999943889678
263	1e-23	0.0018159999744966626
264	1e-23	0.001541400037240237
265	1e-23	0.0017531000194139779
266	1e-23	0.0017295999568887055
267	1e-23	0.0013689000043086708
268	1e-23	0.001616800029296428
269	1e-23	0.002220699971076101
270	1e-23	0.0018358000088483095
271	1e-23	0.002015200036112219
272	1e-23	0.0019377999706193805
273	1e-23	0.0019762000301852822
274	1e-23	0.0018922999734058976
275	1e-23	0.0017158999689854681
276	1e-23	0.002036700025200844
277	1e-23	0.0014546000165864825
278	1e-23	0.001484000007621944
279	1e-23	0.001692499965429306
280	1e-23	0.001718799991067499
281	1e-23	0.0015263999812304974
282	1e-23	0.0015198999899439514
283	1e-23	0.0014060999965295196
284	1e-23	0.001626300043426454
285	1e-23	0.001691600016783923
286	1e-23	0.001596699992660433
287	1e-23	0.00149200001033023
288	1e-23	0.0018381000263616443
289	1e-23	0.0016265999875031412
290	1e-23	0.0024997000000439584
291	1e-23	0.0014886999852024019
292	1e-23	0.0015515999984927475
293	1e-23	0.002055399992968887
294	1e-23	0.0016524000093340874
295	1e-23	0.0015381000121124089
296	1e-23	0.00170079997042194
297	1e-23	0.001686000032350421
298	1e-23	0.0015089000225998461
299	1e-23	0.0024107000208459795
300	1e-23	0.001420399989001453
301	1e-23	0.001818800054024905
302	1e-23	0.0013522999943234026
303	1e-23	0.0013315000105649233
304	1e-23	0.0017249000375159085
305	1e-23	0.0018693999736569822
306	1e-23	0.0015685000107623637
307	1e-23	0.0016945000388659537
308	1e-23	0.0016704999725334346
309	1e-23	0.0018949999939650297
310	1e-23	0.001652300008572638
311	1e-23	0.0022249000030569732
312	1e-23	0.001743100001476705
313	1e-23	0.002236599975731224
314	1e-23	0.0014866999699734151
315	1e-23	0.002731800021138042
316	1e-23	0.0015730999875813723
317	1e-23	0.001574199995957315
318	1e-23	0.0017748000100255013
319	1e-23	0.0016516000032424927
320	1e-23	0.0025431999820284545
321	1e-23	0.0014930000179447234
322	1e-23	0.0020031000021845102
323	1e-23	0.0018684999668039382
324	1e-23	0.0019114000024273992
325	1e-23	0.001402699970640242
326	1e-23	0.002139299991540611
327	1e-23	0.0014752999995835125
328	1e-23	0.0014875000342726707
329	1e-23	0.0018415999948047101
330	1e-23	0.001436699996702373
331	1e-23	0.0021952000097371638
332	1e-23	0.0016843000194057822
333	1e-23	0.0016127999988384545
334	1e-23	0.0017290000105276704
335	1e-23	0.0017621000297367573
336	1e-23	0.001667100004851818
337	1e-23	0.0015232000150717795
338	1e-23	0.002148500003386289
339	1e-23	0.0018884000019170344
340	1e-23	0.001816999982111156
341	1e-23	0.0015463000163435936
342	1e-23	0.0014477000222541392
343	1e-23	0.0014541000127792358
344	1e-23	0.0018943000468425453
345	1e-23	0.0018366000149399042
346	1e-23	0.0019168000435456634
347	1e-23	0.0016196999931707978
348	1e-23	0.0023133999784477055
349	1e-23	0.0015589999966323376
350	1e-23	0.0021956999553367496
351	1e-23	0.0016503999941051006
352	1e-23	0.0022701999987475574
353	1e-23	0.0016166000277735293
354	1e-23	0.0019144999678246677
355	1e-23	0.001588099985383451
356	1e-23	0.001965199946425855
357	1e-23	0.001374599989503622
358	1e-23	0.0018235999741591513
359	1e-23	0.001712900004349649
360	1e-23	0.0013282999861985445
361	1e-23	0.0015713999746367335
362	1e-23	0.0015576999867334962
363	1e-23	0.0017687000217847526
364	1e-23	0.0014685000060126185
365	1e-23	0.0016811999958008528
366	1e-23	0.001470400020480156
367	1e-23	0.002136100025381893
368	1e-23	0.0017825000104494393
369	1e-23	0.0014217999996617436
370	1e-23	0.0016750000067986548
371	1e-23	0.0016602000105194747
372	1e-23	0.002726400038227439
373	1e-23	0.0018292000168003142
374	1e-23	0.0015290000010281801
375	1e-23	0.0012818999821320176
376	1e-23	0.0014037999790161848
377	1e-23	0.0015721999807283282
378	1e-23	0.0014794000308029354
379	1e-23	0.0014152000076137483
380	1e-23	0.0015601000050082803
381	1e-23	0.002383399987593293
382	1e-23	0.0023467999999411404
383	1e-23	0.0015157000161707401
384	1e-23	0.0011800999636761844
385	1e-23	0.0012221999932080507
386	1e-23	0.0012876000255346298
387	1e-23	0.0015994000132195652
388	1e-23	0.0012512000394053757
389	1e-23	0.0015054999967105687
390	1e-23	0.0020043000113219023
391	1e-23	0.0014395000180229545
392	1e-23	0.0013536999467760324
393	1e-23	0.001659700006712228
394	1e-23	0.0013501999783329666
395	1e-23	0.0018601000192575157
396	1e-23	0.0015053999959491193
397	1e-23	0.0014533000066876411
398	1e-23	0.0018740000086836517
399	1e-23	0.0024692000006325543
400	1e-23	0.0014685000060126185
401	1e-23	0.001337299996521324
402	1e-23	0.0015814000507816672
403	1e-23	0.0012916999985463917
404	1e-23	0.0014304999494925141
405	1e-23	0.0011612999951466918
406	1e-23	0.0014590999926440418
407	1e-23	0.0014735999866388738
408	1e-23	0.0014779000193811953
409	1e-23	0.0017519000102765858
410	1e-23	0.0014325000229291618
411	1e-23	0.0014490000321529806
412	1e-23	0.0012892000377178192
413	1e-23	0.0014607000048272312
414	1e-23	0.0019665000145323575
415	1e-23	0.001734499994199723
416	1e-23	0.0018156000296585262
417	1e-23	0.0019460999756120145
418	1e-23	0.0014474999625235796
419	1e-23	0.0012978999875485897
420	1e-23	0.0012897999840788543
421	1e-23	0.0015463000163435936
422	1e-23	0.0014157999539747834
423	1e-23	0.0012858999543823302
424	1e-23	0.0018770000315271318
425	1e-23	0.00147720001405105
426	1e-23	0.002431800006888807
427	1e-23	0.0018687000265344977
428	1e-23	0.002441000018734485
429	1e-23	0.001337599998805672
430	1e-23	0.0014167000190354884
431	1e-23	0.0015792999765835702
432	1e-23	0.001636300003156066
433	1e-23	0.001406499999575317
434	1e-23	0.001492600014898926
435	1e-23	0.0014799999771639705
436	1e-23	0.0015435999957844615
437	1e-23	0.0013525000540539622
438	1e-23	0.0016154000186361372
439	1e-23	0.0015309000154957175
440	1e-23	0.001520999998319894
441	1e-23	0.0016380000161007047
442	1e-23	0.0015240999637171626
443	1e-23	0.0014821999939158559
444	1e-23	0.001560000004246831
445	1e-23	0.0012599000474438071
446	1e-23	0.0019094999879598618
447	1e-23	0.001283499994315207
448	1e-23	0.0015917000127956271
449	1e-23	0.001737200014758855
450	1e-23	0.0015193999861367047
451	1e-23	0.001505899999756366
452	1e-23	0.0019054999575018883
453	1e-23	0.001282599987462163
454	1e-23	0.0016120999935083091
455	1e-23	0.0013453999999910593
456	1e-23	0.0015719000366516411
457	1e-23	0.0014674999983981252
458	1e-23	0.0014821999939158559
459	1e-23	0.0016624000272713602
460	1e-23	0.0015026999753899872
461	1e-23	0.0015487000346183777
462	1e-23	0.0017574000521562994
463	1e-23	0.001622700016014278
464	1e-23	0.001450299983844161
465	1e-23	0.001597299997229129
466	1e-23	0.0018295000190846622
467	1e-23	0.001402700028847903
468	1e-23	0.0016480999765917659
469	1e-23	0.0017715999856591225
470	1e-23	0.0019400999881327152
471	1e-23	0.001614699955098331
472	1e-23	0.0014169999631121755
473	1e-23	0.0016278999974019825
474	1e-23	0.0015232000150717795
475	1e-23	0.0014531000051647425
476	1e-23	0.0017925999709405005
477	1e-23	0.0015037000412121415
478	1e-23	0.0014684000052511692
479	1e-23	0.0015859000268392265
480	1e-23	0.0016314000240527093
481	1e-23	0.0012377999955788255
482	1e-23	0.001368700002785772
483	1e-23	0.0013371999957598746
484	1e-23	0.0011201999732293189
485	1e-23	0.0013850000104866922
486	1e-23	0.001350899983663112
487	1e-23	0.0014616000116802752
488	1e-23	0.001679799985140562
489	1e-23	0.001415400009136647
490	1e-23	0.0016692000208422542
491	1e-23	0.0014096000231802464
492	1e-23	0.0014300000038929284
493	1e-23	0.0012497000279836357
494	1e-23	0.0014393000165000558
495	1e-23	0.001531599962618202
496	1e-23	0.001735099998768419
497	1e-23	0.002454300003591925
498	1e-23	0.00146240001777187
499	1e-23	0.0019648000015877187
500	1e-23	0.001361000002361834
501	1e-23	0.0012614000006578863
502	1e-23	0.0013055000454187393
503	1e-23	0.0015967999934218824
504	1e-23	0.0016757999546825886
505	1e-23	0.0015178000321611762
506	1e-23	0.0025160000077448785
507	1e-23	0.0014109999756328762
508	1e-23	0.0019605999696068466
509	1e-23	0.0016902000061236322
510	1e-23	0.0014640999725088477
511	1e-23	0.0013006000081077218
512	1e-23	0.0020984000293537974
513	1e-23	0.002228699973784387
514	1e-23	0.0015022000297904015
515	1e-23	0.0016368000069633126
516	1e-23	0.0013294999953359365
517	1e-23	0.0016961999936029315
518	1e-23	0.00139409996336326
519	1e-23	0.001283799996599555
520	1e-23	0.0013601999962702394
521	1e-23	0.0013743999879807234
522	1e-23	0.0015567999798804522
523	1e-23	0.0014455000055022538
524	1e-23	0.0013522999943234026
525	1e-23	0.0015061000012792647
526	1e-23	0.001478100020904094
527	1e-23	0.0014616000116802752
528	1e-23	0.0015017999685369432
529	1e-23	0.001442599983420223
530	1e-23	0.0015304000116884708
531	1e-23	0.0016451000119559467
532	1e-23	0.001489299989771098
533	1e-23	0.0019223999697715044
534	1e-23	0.0012015000102110207
535	1e-23	0.0014082000125199556
536	1e-23	0.0012353999773040414
537	1e-23	0.0016305000171996653
538	1e-23	0.001281699980609119
539	1e-23	0.0015300000086426735
540	1e-23	0.001388500037137419
541	1e-23	0.0012685999972745776
542	1e-23	0.001174100034404546
543	1e-23	0.001502599974628538
544	1e-23	0.001539599965326488
545	1e-23	0.0015699999639764428
546	1e-23	0.0022320999996736646
547	1e-23	0.001438500010408461
548	1e-23	0.001490800001192838
549	1e-23	0.0013162000104784966
550	1e-23	0.001728000002913177
551	1e-23	0.0019049999536946416
552	1e-23	0.0014293999993242323
553	1e-23	0.0015095000271685421
554	1e-23	0.0014693000121042132
555	1e-23	0.001240900019183755
556	1e-23	0.0014043999835848808
557	1e-23	0.0014928000164218247
558	1e-23	0.0014134999946691096
559	1e-23	0.0014035000349394977
560	1e-23	0.0016250999760814011
561	1e-23	0.0015785999712534249
562	1e-23	0.0016494000446982682
563	1e-23	0.0018791000475175679
564	1e-23	0.001435199985280633
565	1e-23	0.0013295999960973859
566	1e-23	0.0017344000516459346
567	1e-23	0.0015405999729409814
568	1e-23	0.0012513999827206135
569	1e-23	0.0018217000178992748
570	1e-23	0.0014237999566830695
571	1e-23	0.0015642999787814915
572	1e-23	0.0014462000108323991
573	1e-23	0.0014566999743692577
574	1e-23	0.0015299000078812242
575	1e-23	0.001445600006263703
576	1e-23	0.0015896999975666404
577	1e-23	0.00196460000006482
578	1e-23	0.001923500036355108
579	1e-23	0.001444699999410659
580	1e-23	0.0013957000337541103
581	1e-23	0.0015099000302143395
582	1e-23	0.0015214000013656914
583	1e-23	0.0014566999743692577
584	1e-23	0.0013875000295229256
585	1e-23	0.001260999997612089
586	1e-23	0.0017364000086672604
587	1e-23	0.0017615999677218497
588	1e-23	0.0012549000093713403
589	1e-23	0.0015641000354662538
590	1e-23	0.0015787000302225351
591	1e-23	0.001390300050843507
592	1e-23	0.0020013999892398715
593	1e-23	0.0018543999758549035
594	1e-23	0.0019911000272259116
595	1e-23	0.001846599974669516
596	1e-23	0.0014734999858774245
597	1e-23	0.0012588999816216528
598	1e-23	0.0012366999872028828
599	1e-23	0.0016729000490158796
600	1e-23	0.0014566000318154693
601	1e-23	0.001541099976748228
602	1e-23	0.0015858999686315656
603	1e-23	0.0015125000500120223
604	1e-23	0.001628900005016476
605	1e-23	0.0011973999789915979
606	1e-23	0.0011811000294983387
607	1e-23	0.001541400037240237
608	1e-23	0.0015258999774232507
609	1e-23	0.0014114999794401228
610	1e-23	0.0013753999955952168
611	1e-23	0.001566499995533377
612	1e-23	0.0014529000036418438
613	1e-23	0.001984999980777502
614	1e-23	0.001667700009420514
615	1e-23	0.0015725000412203372
616	1e-23	0.001514500007033348
617	1e-23	0.0014237999566830695
618	1e-23	0.0017175000393763185
619	1e-23	0.0011684999917633832
620	1e-23	0.001199199992697686
621	1e-23	0.0016431999974884093
622	1e-23	0.0014432999887503684
623	1e-23	0.0014394999598152936
624	1e-23	0.001477500016335398
625	1e-23	0.0014838000060990453
626	1e-23	0.0015679000061936677
627	1e-23	0.001261299999896437
628	1e-23	0.00167859997600317
629	1e-23	0.0016026999801397324
630	1e-23	0.0022216999786905944
631	1e-23	0.0016879000468179584
632	1e-23	0.0022770999930799007
633	1e-23	0.0019487999961711466
634	1e-23	0.001631600025575608
635	1e-23	0.0013401000178419054
636	1e-23	0.00135119998594746
637	1e-23	0.00161500001559034
638	1e-23	0.0015086999628692865
639	1e-23	0.001789500005543232
640	1e-23	0.0018752000178210437
641	1e-23	0.001695800048764795
642	1e-23	0.0012378999963402748
643	1e-23	0.00122969999210909
644	1e-23	0.0015001000137999654
645	1e-23	0.0016988999559544027
646	1e-23	0.001504999992903322
647	1e-23	0.001482499996200204
648	1e-23	0.0018733000033535063
649	1e-23	0.001513900002464652
650	1e-23	0.0014619999565184116
651	1e-23	0.0014637999702244997
652	1e-23	0.0013215999933890998
653	1e-23	0.0015604000072926283
654	1e-23	0.001434599980711937
655	1e-23	0.0013851000112481415
656	1e-23	0.0018301000236533582
657	1e-23	0.0013534000026993454
658	1e-23	0.0017927000299096107
659	1e-23	0.001879699993878603
660	1e-23	0.0019012000411748886
661	1e-23	0.0013481999631039798
662	1e-23	0.001464199973270297
663	1e-23	0.0014541000127792358
664	1e-23	0.001423700014129281
665	1e-23	0.0015156000154092908
666	1e-23	0.0011857999488711357
667	1e-23	0.00123999995412305
668	1e-23	0.001801899983547628
669	1e-23	0.001415699953213334
670	1e-23	0.0017682999605312943
671	1e-23	0.0013426999794319272
672	1e-23	0.0017025999841280282
673	1e-23	0.0023720000172033906
674	1e-23	0.001497599994763732
675	1e-23	0.0015896999975666404
676	1e-23	0.0012983999913558364
677	1e-23	0.0015356999938376248
678	1e-23	0.0013331000227481127
679	1e-23	0.0013138999929651618
680	1e-23	0.0014748999965377152
681	1e-23	0.001330800005234778
682	1e-23	0.0013398000155575573
683	1e-23	0.001364799973089248
684	1e-23	0.0014667999930679798
685	1e-23	0.0014344000373966992
686	1e-23	0.0014518999960273504
687	1e-23	0.0012868999619968235
688	1e-23	0.0024277999764308333
689	1e-23	0.0015728999860584736
690	1e-23	0.0018756999634206295
691	1e-23	0.0027956999838352203
692	1e-23	0.0015287999995052814
693	1e-23	0.001541999983601272
694	1e-23	0.001524199964478612
695	1e-23	0.001423100009560585
696	1e-23	0.0024287999840453267
697	1e-23	0.0017275999998673797
698	1e-23	0.0018053000094369054
699	1e-23	0.0015172999701462686
700	1e-23	0.001694300037343055
701	1e-23	0.0017481999821029603
702	1e-23	0.0014593999949283898
703	1e-23	0.0012999000027775764
704	1e-23	0.0013478000182658434
705	1e-23	0.001362500013783574
706	1e-23	0.0014557000249624252
707	1e-23	0.0015104000340215862
708	1e-23	0.001602299977093935
709	1e-23	0.0024849000037647784
710	1e-23	0.002189600025303662
711	1e-23	0.0014902999973855913
712	1e-23	0.0025374999968335032
713	1e-23	0.00150090001989156
714	1e-23	0.0012691000010818243
715	1e-23	0.0013063999940641224
716	1e-23	0.0016823000041767955
717	1e-23	0.0012317999498918653
718	1e-23	0.0017738000024110079
719	1e-23	0.00164610001957044
720	1e-23	0.001575700007379055
721	1e-23	0.0014583999873138964
722	1e-23	0.001817600044887513
723	1e-23	0.0015994999557733536
724	1e-23	0.0013713999651372433
725	1e-23	0.0015183999785222113
726	1e-23	0.0015470999642275274
727	1e-23	0.001762299973051995
728	1e-23	0.0014569000340998173
729	1e-23	0.0015798999811522663
730	1e-23	0.0014894999912939966
731	1e-23	0.0015079000149853528
732	1e-23	0.0014940000255592167
733	1e-23	0.001445300003979355
734	1e-23	0.0011926000006496906
735	1e-23	0.001728000002913177
736	1e-23	0.001424900023266673
737	1e-23	0.0015201999922282994
738	1e-23	0.0015128999948501587
739	1e-23	0.0018951999954879284
740	1e-23	0.0014755000011064112
741	1e-23	0.001514500007033348
742	1e-23	0.001562099962029606
743	1e-23	0.0014461000100709498
744	1e-23	0.0015531000099144876
745	1e-23	0.0012253999593667686
746	1e-23	0.0025489000254310668
747	1e-23	0.001540800032671541
748	1e-23	0.0013813000405207276
749	1e-23	0.0018832000205293298
750	1e-23	0.001434899982996285
751	1e-23	0.0016447000089101493
752	1e-23	0.0015394000220112503
753	1e-23	0.0015743999974802136
754	1e-23	0.0014434000477194786
755	1e-23	0.0013569000293500721
756	1e-23	0.0014316000160761178
757	1e-23	0.0012983999913558364
758	1e-23	0.0013313000090420246
759	1e-23	0.0013022999628446996
760	1e-23	0.0012242000084370375
761	1e-23	0.0016265000449493527
762	1e-23	0.0015708999708294868
763	1e-23	0.0015024999738670886
764	1e-23	0.0014384000096470118
765	1e-23	0.0012309000012464821
766	1e-23	0.0014740999904461205
767	1e-23	0.0012191000278107822
768	1e-23	0.0011659000301733613
769	1e-23	0.001337599998805672
770	1e-23	0.0012075999984517694
771	1e-23	0.001249500026460737
772	1e-23	0.0014551000203937292
773	1e-23	0.0015698999632149935
774	1e-23	0.0018050000071525574
775	1e-23	0.0016140000079758465
776	1e-23	0.0016364000039175153
777	1e-23	0.0015324000269174576
778	1e-23	0.0015014000236988068
779	1e-23	0.0014479999663308263
780	1e-23	0.0016249000327661633
781	1e-23	0.0014106999733485281
782	1e-23	0.0015224000089801848
783	1e-23	0.001428999996278435
784	1e-23	0.0015225000097416341
785	1e-23	0.0017737000016495585
786	1e-23	0.001393200014717877
787	1e-23	0.0014297000016085804
788	1e-23	0.0012456999975256622
789	1e-23	0.0016645999858155847
790	1e-23	0.0015813999925740063
791	1e-23	0.001553800015244633
792	1e-23	0.001437600003555417
793	1e-23	0.0013186000287532806
794	1e-23	0.001546999963466078
795	1e-23	0.0013521999935619533
796	1e-23	0.0021285000257194042
797	1e-23	0.0018756999634206295
798	1e-23	0.001349999976810068
799	1e-23	0.002140199998393655
800	1e-23	0.0016056000022217631
801	1e-23	0.0014165999600663781
802	1e-23	0.0015574999852105975
803	1e-23	0.0018010999774560332
804	1e-23	0.0014258000301197171
805	1e-23	0.0013995000044815242
806	1e-23	0.001517999975476414
807	1e-23	0.0017700999742373824
808	1e-23	0.0017393999733030796
809	1e-23	0.0013001000043004751
810	1e-23	0.0015035000396892428
811	1e-23	0.0017746000085026026
812	1e-23	0.0014372000005096197
813	1e-23	0.0014862000243738294
814	1e-23	0.001587499980814755
815	1e-23	0.0014493000344373286
816	1e-23	0.001512099988758564
817	1e-23	0.0012059000437147915
818	1e-23	0.0015500999870710075
819	1e-23	0.0013411999680101871
820	1e-23	0.0022772999946027994
821	1e-23	0.0015451000072062016
822	1e-23	0.0013896999880671501
823	1e-23	0.001420699991285801
824	1e-23	0.0016364000039175153
825	1e-23	0.0014676999999210238
826	1e-23	0.0014578000409528613
827	1e-23	0.0015745999990031123
828	1e-23	0.0014996000099927187
829	1e-23	0.0018556000431999564
830	1e-23	0.0016642999835312366
831	1e-23	0.0015645999810658395
832	1e-23	0.0015061999438330531
833	1e-23	0.0013275999808683991
834	1e-23	0.0015574999852105975
835	1e-23	0.0021622999920509756
836	1e-23	0.0022979999775998294
837	1e-23	0.00297209998825565
838	1e-23	0.001557100040372461
839	1e-23	0.0014682000037282705
840	1e-23	0.0016457999590784311
841	1e-23	0.0017834000173024833
842	1e-23	0.001988000003620982
843	1e-23	0.0015115999849513173
844	1e-23	0.0012697000056505203
845	1e-23	0.002220100024715066
846	1e-23	0.0014608000055886805
847	1e-23	0.0014275000430643559
848	1e-23	0.0015409000334329903
849	1e-23	0.0017693000263534486
850	1e-23	0.001439899962861091
851	1e-23	0.0015374000067822635
852	1e-23	0.0012018000124953687
853	1e-23	0.0014180999714881182
854	1e-23	0.001393199956510216
855	1e-23	0.001752499956637621
856	1e-23	0.0014558000257238746
857	1e-23	0.0015078000142239034
858	1e-23	0.0015090999659150839
859	1e-23	0.0014557000249624252
860	1e-23	0.001565599988680333
861	1e-23	0.0015901000006124377
862	1e-23	0.0010844999924302101
863	1e-23	0.0016863999771885574
864	1e-23	0.001368400000501424
865	1e-23	0.0014679000014439225
866	1e-23	0.0014594999956898391
867	1e-23	0.0014905999996699393
868	1e-23	0.001272600027732551
869	1e-23	0.0013290999922901392
870	1e-23	0.0016359000001102686
871	1e-23	0.0016269999905489385
872	1e-23	0.0012731999740935862
873	1e-23	0.0013346999767236412
874	1e-23	0.0013758999994024634
875	1e-23	0.0016760000144131482
876	1e-23	0.0013926000101491809
877	1e-23	0.0024705000105313957
878	1e-23	0.0016834000125527382
879	1e-23	0.0015506999916397035
880	1e-23	0.0017642999882809818
881	1e-23	0.0015685000107623637
882	1e-23	0.001492299954406917
883	1e-23	0.0016450000111944973
884	1e-23	0.0012347999727353454
885	1e-23	0.0013348999782465398
886	1e-23	0.0012915999977849424
887	1e-23	0.0015236999606713653
888	1e-23	0.0014796999748796225
889	1e-23	0.0016648999880999327
890	1e-23	0.001390600053127855
891	1e-23	0.0014107999741099775
892	1e-23	0.001288799976464361
893	1e-23	0.001442299981135875
894	1e-23	0.0012223999947309494
895	1e-23	0.001300899952184409
896	1e-23	0.0014430999872274697
897	1e-23	0.001651400001719594
898	1e-23	0.0015984999481588602
899	1e-23	0.0014804999809712172
900	1e-23	0.0016297000111080706
901	1e-23	0.0013697999529540539
902	1e-23	0.0013904999941587448
903	1e-23	0.0016775000258348882
904	1e-23	0.0014313000137917697
905	1e-23	0.0016400999738834798
906	1e-23	0.002404400031082332
907	1e-23	0.0013162000104784966
908	1e-23	0.0015001000137999654
909	1e-23	0.0014150000060908496
910	1e-23	0.0015506999916397035
911	1e-23	0.0019328999915160239
912	1e-23	0.0013954999740235507
913	1e-23	0.001579799980390817
914	1e-23	0.0015736999921500683
915	1e-23	0.0023045999696478248
916	1e-23	0.0015442000003531575
917	1e-23	0.0018788999877870083
918	1e-23	0.00259419996291399
919	1e-23	0.001457700040191412
920	1e-23	0.0013315000105649233
921	1e-23	0.0015372000052593648
922	1e-23	0.0014686000067740679
923	1e-23	0.001555300026666373
924	1e-23	0.0013933000154793262
925	1e-23	0.0015433999942615628
926	1e-23	0.001513299997895956
927	1e-23	0.001305099984165281
928	1e-23	0.0020747000235132873
929	1e-23	0.0014566000318154693
930	1e-23	0.0011953000212088227
931	1e-23	0.001554999966174364
932	1e-23	0.0014652999816462398
933	1e-23	0.0013866000226698816
934	1e-23	0.0014902999973855913
935	1e-23	0.001479600032325834
936	1e-23	0.0012851000064983964
937	1e-23	0.0015267999842762947
938	1e-23	0.001971099991351366
939	1e-23	0.0016858999733813107
940	1e-23	0.0013100000214762986
941	1e-23	0.0016683000139892101
942	1e-23	0.0012008000048808753
943	1e-23	0.001404500042553991
944	1e-23	0.0011645000195130706
945	1e-23	0.001283199992030859
946	1e-23	0.001474000047892332
947	1e-23	0.001497299992479384
948	1e-23	0.0013840000028721988
949	1e-23	0.002399299992248416
950	1e-23	0.0022613000473938882
951	1e-23	0.00141629995778203
952	1e-23	0.0013401000178419054
953	1e-23	0.0013653000351041555
954	1e-23	0.001552300003822893
955	1e-23	0.0013864999637007713
956	1e-23	0.0016249999753199518
957	1e-23	0.0025176999624818563
958	1e-23	0.001248900021892041
959	1e-23	0.0012123999767936766
960	1e-23	0.0012089000083506107
961	1e-23	0.0015568999806419015
962	1e-23	0.0013874000287614763
963	1e-23	0.0013983999961055815
964	1e-23	0.0016316999681293964
965	1e-23	0.0015649999841116369
966	1e-23	0.0014324999647215009
967	1e-23	0.0016530000139027834
968	1e-23	0.001886499987449497
969	1e-23	0.0013475000159814954
970	1e-23	0.0013207999872975051
971	1e-23	0.0016097999759949744
972	1e-23	0.0015033000381663442
973	1e-23	0.0014948999742045999
974	1e-23	0.0014358999906107783
975	1e-23	0.0015768000157549977
976	1e-23	0.001381100038997829
977	1e-23	0.001491100003477186
978	1e-23	0.001464799977838993
979	1e-23	0.0013370000524446368
980	1e-23	0.0015109999803826213
981	1e-23	0.0018630000413395464
982	1e-23	0.0014054999919608235
983	1e-23	0.0016180999809876084
984	1e-23	0.0014086999581195414
985	1e-23	0.0017308000242337584
986	1e-23	0.0015503999893553555
987	1e-23	0.0015098000294528902
988	1e-23	0.0014390000142157078
989	1e-23	0.001554399961605668
990	1e-23	0.0015579999890178442
991	1e-23	0.0019417000003159046
992	1e-23	0.0014424999826587737
993	1e-23	0.0016847000224515796
994	1e-23	0.0013779000146314502
995	1e-23	0.0014060000539757311
996	1e-23	0.0014798999764025211
997	1e-23	0.0019441999611444771
998	1e-23	0.0019662000122480094
999	1e-23	0.0014848000137135386
1000	1e-23	0.001312200038228184
1001	1e-23	0.0012529999949038029
1002	1e-23	0.001660600013565272
1003	1e-23	0.0015532999532297254
1004	1e-23	0.0015495999832637608
1005	1e-23	0.0011541999992914498
1006	1e-23	0.0014143000007607043
1007	1e-23	0.0013179000234231353
1008	1e-23	0.0015745999990031123
1009	1e-23	0.0013685000012628734
1010	1e-23	0.001172300020698458
1011	1e-23	0.0015356999938376248
1012	1e-23	0.0013116999762132764
1013	1e-23	0.0018505000043660402
1014	1e-23	0.0015113999834284186
1015	1e-23	0.0013416000292636454
1016	1e-23	0.0016264999867416918
1017	1e-23	0.001809599983971566
1018	1e-23	0.0017508000019006431
1019	1e-23	0.0016056000022217631
1020	1e-23	0.001547600026242435
1021	1e-23	0.0014459000085480511
1022	1e-23	0.0016813999973237514
1023	1e-23	0.001254800008609891
1024	1e-23	0.0014816999901086092
1025	1e-23	0.001296799979172647
1026	1e-23	0.0015176000306382775
1027	1e-23	0.0016303000156767666
1028	1e-23	0.0013147999998182058
1029	1e-23	0.0015510999946855009
1030	1e-23	0.0020098999957554042
1031	1e-23	0.001718199986498803
1032	1e-23	0.0015702999662607908
1033	1e-23	0.0016149000148288906
1034	1e-23	0.001430800009984523
1035	1e-23	0.0018018000409938395
1036	1e-23	0.0016952999867498875
1037	1e-23	0.0016202999977394938
1038	1e-23	0.0018614999717101455
1039	1e-23	0.0023574999650008976
1040	1e-23	0.0014966000453568995
1041	1e-23	0.001688700052909553
1042	1e-23	0.0016556000337004662
1043	1e-23	0.0015822999994270504
1044	1e-23	0.0015639999764971435
1045	1e-23	0.0014408999704755843
1046	1e-23	0.0015591999981552362
1047	1e-23	0.0013945000246167183
1048	1e-23	0.0017416999908164144
1049	1e-23	0.0013979999930597842
1050	1e-23	0.001552600006107241
1051	1e-23	0.0013511000433936715
1052	1e-23	0.001234400027897209
1053	1e-23	0.0018630999838933349
1054	1e-23	0.0016068000113591552
1055	1e-23	0.0015250000287778676
1056	1e-23	0.0012725000269711018
1057	1e-23	0.001402400026563555
1058	1e-23	0.001454099954571575
1059	1e-23	0.0014205999905243516
1060	1e-23	0.0014368999982252717
1061	1e-23	0.0014189999783411622
1062	1e-23	0.0014549000188708305
1063	1e-23	0.0019188000005669892
1064	1e-23	0.001679800043348223
1065	1e-23	0.001539300021249801
1066	1e-23	0.0012874999665655196
1067	1e-23	0.0014569999766536057
1068	1e-23	0.0011983999866060913
1069	1e-23	0.0014275999856181443
1070	1e-23	0.0016197999939322472
1071	1e-23	0.0016193999908864498
1072	1e-23	0.0016945000388659537
1073	1e-23	0.0015650999848730862
1074	1e-23	0.0014213999966159463
1075	1e-23	0.0018023000448010862
1076	1e-23	0.0014001000090502203
1077	1e-23	0.0012432000366970897
1078	1e-23	0.0018211000133305788
1079	1e-23	0.0022635000059381127
1080	1e-23	0.0015079999575391412
1081	1e-23	0.0015480000292882323
1082	1e-23	0.0013250999618321657
1083	1e-23	0.0015359999961219728
1084	1e-23	0.0016907000099308789
1085	1e-23	0.0015104000340215862
1086	1e-23	0.0015164000215008855
1087	1e-23	0.0014808999840170145
1088	1e-23	0.001520999998319894
1089	1e-23	0.0012126999790780246
1090	1e-23	0.0012045000330545008
1091	1e-23	0.0013167000142857432
1092	1e-23	0.0014338999753817916
1093	1e-23	0.0014956000377424061
1094	1e-23	0.0014826999977231026
1095	1e-23	0.0012518999865278602
1096	1e-23	0.0013230000040493906
1097	1e-23	0.0013122999807819724
1098	1e-23	0.0014190999791026115
1099	1e-23	0.0019233000348322093
1100	1e-23	0.0017183999880217016
1101	1e-23	0.0015264999819919467
1102	1e-23	0.00206389999948442
1103	1e-23	0.001554400019813329
1104	1e-23	0.00148460001219064
1105	1e-23	0.0015086000203154981
1106	1e-23	0.0015155000146478415
1107	1e-23	0.0013027999666519463
1108	1e-23	0.0014721000334247947
1109	1e-23	0.0018094000406563282
1110	1e-23	0.0011802000226452947
1111	1e-23	0.0014325000229291618
1112	1e-23	0.001512099988758564
1113	1e-23	0.001545800012536347
1114	1e-23	0.0015964999911375344
1115	1e-23	0.0015608000103384256
1116	1e-23	0.0015127999940887094
1117	1e-23	0.0014806000399403274
1118	1e-23	0.0014671999961137772
1119	1e-23	0.0015863999724388123
1120	1e-23	0.0015363999991677701
1121	1e-23	0.0014362999936565757
1122	1e-23	0.0021590999676845968
1123	1e-23	0.0017127000028267503
1124	1e-23	0.0013707999605685472
1125	1e-23	0.0018158999737352133
1126	1e-23	0.0014727000379934907
1127	1e-23	0.0014572000363841653
1128	1e-23	0.001700500026345253
1129	1e-23	0.0016354999970644712
1130	1e-23	0.0014755000011064112
1131	1e-23	0.0016322999726980925
1132	1e-23	0.0015458999550901353
1133	1e-23	0.0014909000019542873
1134	1e-23	0.0016994999605230987
1135	1e-23	0.0012758999946527183
1136	1e-23	0.0012448999914340675
1137	1e-23	0.0017599999555386603
1138	1e-23	0.001407100004144013
1139	1e-23	0.0013147999998182058
1140	1e-23	0.00149200001033023
1141	1e-23	0.0015783000271767378
1142	1e-23	0.0015398000250570476
1143	1e-23	0.0014918999513611197
1144	1e-23	0.0014784999657422304
1145	1e-23	0.0016085999668575823
1146	1e-23	0.0020360000198706985
1147	1e-23	0.0015779999666847289
1148	1e-23	0.0020893000182695687
1149	1e-23	0.0015394999645650387
1150	1e-23	0.0014399000210687518
1151	1e-23	0.0015261999797075987
1152	1e-23	0.0013540000072680414
1153	1e-23	0.0023649000213481486
1154	1e-23	0.0016659999964758754
1155	1e-23	0.0017284999485127628
1156	1e-23	0.001838899974245578
1157	1e-23	0.0019136000191792846
1158	1e-23	0.0018734000041149557
1159	1e-23	0.0014699999592266977
1160	1e-23	0.002408200001809746
1161	1e-23	0.0019183999975211918
1162	1e-23	0.001368099998217076
1163	1e-23	0.0012968999799340963
1164	1e-23	0.0015647000400349498
1165	1e-23	0.0012348000309430063
1166	1e-23	0.0012861000141128898
1167	1e-23	0.0014273999840952456
1168	1e-23	0.001560900011099875
1169	1e-23	0.0012877000262960792
1170	1e-23	0.001361300004646182
1171	1e-23	0.0016323999734595418
1172	1e-23	0.001444099994841963
1173	1e-23	0.0013624000130221248
1174	1e-23	0.0015350000467151403
1175	1e-23	0.0014153000083751976
1176	1e-23	0.0015314000193029642
1177	1e-23	0.0013547000125981867
1178	1e-23	0.0014602000010199845
1179	1e-23	0.0015101000317372382
1180	1e-23	0.0015047999913804233
1181	1e-23	0.0020551999914459884
1182	1e-23	0.0018381000263616443
1183	1e-23	0.0011717999586835504
1184	1e-23	0.0016402999754063785
1185	1e-23	0.0015708999708294868
1186	1e-23	0.0014062999980524182
1187	1e-23	0.0013565000263042748
1188	1e-23	0.0014910000027157366
1189	1e-23	0.0017080000252462924
1190	1e-23	0.0014820999931544065
1191	1e-23	0.0014247000217437744
1192	1e-23	0.0015600999468006194
1193	1e-23	0.0014528000028803945
1194	1e-23	0.0012377999955788255
1195	1e-23	0.001736000005621463
1196	1e-23	0.001553500012960285
1197	1e-23	0.0015507999924011528
1198	1e-23	0.0011585999745875597
1199	1e-23	0.0014439999940805137
1200	1e-23	0.0015829000039957464
1201	1e-23	0.0014405999681912363
1202	1e-23	0.0014123999862931669
1203	1e-23	0.0016960999928414822
1204	1e-23	0.001330200000666082
1205	1e-23	0.0014051999896764755
1206	1e-23	0.0016073000151664019
1207	1e-23	0.0011799000203609467
1208	1e-23	0.0014816999901086092
1209	1e-23	0.0014161000144667923
1210	1e-23	0.0014044000417925417
1211	1e-23	0.0020082000410184264
1212	1e-23	0.001448499970138073
1213	1e-23	0.0013131999876350164
1214	1e-23	0.0013888999819755554
1215	1e-23	0.001427799987141043
1216	1e-23	0.001475999946705997
1217	1e-23	0.0017979000112973154
1218	1e-23	0.0014584999880753458
1219	1e-23	0.001388800039421767
1220	1e-23	0.0014558000257238746
1221	1e-23	0.0014643000322394073
1222	1e-23	0.001468899950850755
1223	1e-23	0.0015493999817408621
1224	1e-23	0.0015483999741263688
1225	1e-23	0.001465099980123341
1226	1e-23	0.0018742000102065504
1227	1e-23	0.0014640999725088477
1228	1e-23	0.001403300033416599
1229	1e-23	0.002038199978414923
1230	1e-23	0.001434899982996285
1231	1e-23	0.001465399982407689
1232	1e-23	0.0016615999629721045
1233	1e-23	0.001278200012166053
1234	1e-23	0.0014798999764025211
1235	1e-23	0.0015141000039875507
1236	1e-23	0.0015557999722659588
1237	1e-23	0.001698400010354817
1238	1e-23	0.0017086000298149884
1239	1e-23	0.0012673999881371856
1240	1e-23	0.002190199971664697
1241	1e-23	0.0015591999981552362
1242	1e-23	0.0016951999859884381
1243	1e-23	0.001921400020364672
1244	1e-23	0.0022401000023819506
1245	1e-23	0.001910500053782016
1246	1e-23	0.0015595000004395843
1247	1e-23	0.001227300032041967
1248	1e-23	0.0014284999924711883
1249	1e-23	0.0015218000044114888
1250	1e-23	0.0015616000164300203
1251	1e-23	0.001258400036022067
1252	1e-23	0.001673599996138364
1253	1e-23	0.0018650999991223216
1254	1e-23	0.001427499984856695
1255	1e-23	0.0015504999901168048
1256	1e-23	0.001285000005736947
1257	1e-23	0.0014980999985709786
1258	1e-23	0.0014939000247977674
1259	1e-23	0.0016330999787896872
1260	1e-23	0.0014486000291071832
1261	1e-23	0.0016874000430107117
1262	1e-23	0.0019672999624162912
1263	1e-23	0.0015381000121124089
1264	1e-23	0.002378900011535734
1265	1e-23	0.002334500022698194
1266	1e-23	0.0014609000063501298
1267	1e-23	0.0013791000237688422
1268	1e-23	0.0012849000049754977
1269	1e-23	0.0014745999942533672
1270	1e-23	0.0013808999792672694
1271	1e-23	0.0014368000556714833
1272	1e-23	0.001414500002283603
1273	1e-23	0.0014472000184468925
1274	1e-23	0.0015029000351205468
1275	1e-23	0.001362500013783574
1276	1e-23	0.0016231000190600753
1277	1e-23	0.0016273999935947359
1278	1e-23	0.0014451999450102448
1279	1e-23	0.0017151000211015344
1280	1e-23	0.0016434999997727573
1281	1e-23	0.0015749000012874603
1282	1e-23	0.002570300013758242
1283	1e-23	0.0014353000442497432
1284	1e-23	0.0012083000037819147
1285	1e-23	0.0015012999647296965
1286	1e-23	0.001214599993545562
1287	1e-23	0.0013902999926358461
1288	1e-23	0.001922600029502064
1289	1e-23	0.0015876999823376536
1290	1e-23	0.0016499000485055149
1291	1e-23	0.0015811999910511076
1292	1e-23	0.0013306000037118793
1293	1e-23	0.0016005999641492963
1294	1e-23	0.0017835000180639327
1295	1e-23	0.0015470999642275274
1296	1e-23	0.001533699978608638
1297	1e-23	0.0017067999579012394
1298	1e-23	0.0014194000395946205
1299	1e-23	0.001285300008021295
1300	1e-23	0.001478999969549477
1301	1e-23	0.0012904999894089997
1302	1e-23	0.0014333000290207565
1303	1e-23	0.0012712000170722604
1304	1e-23	0.0014818999916315079
1305	1e-23	0.0016318999696522951
1306	1e-23	0.0016614999622106552
1307	1e-23	0.0016758000128902495
1308	1e-23	0.001707900024484843
1309	1e-23	0.0023612999939359725
1310	1e-23	0.0023668999783694744
1311	1e-23	0.0014193999813869596
1312	1e-23	0.0015373000060208142
1313	1e-23	0.0015920000150799751
1314	1e-23	0.001701099972706288
1315	1e-23	0.001692199963144958
1316	1e-23	0.0027344999834895134
1317	1e-23	0.0027064000023528934
1318	1e-23	0.0019919000333175063
1319	1e-23	0.001487000030465424
1320	1e-23	0.002180499956011772
1321	1e-23	0.0014549000188708305
1322	1e-23	0.0012534999987110496
1323	1e-23	0.001809299981687218
1324	1e-23	0.0014875999768264592
1325	1e-23	0.002029300027061254
1326	1e-23	0.0013809000374749303
1327	1e-23	0.0029190999921411276
1328	1e-23	0.0012397000100463629
1329	1e-23	0.0015367000014521182
1330	1e-23	0.0015764000127092004
1331	1e-23	0.0020466000423766673
1332	1e-23	0.002500700007658452
1333	1e-23	0.0025264000287279487
1334	1e-23	0.0026626000180840492
1335	1e-23	0.0013906999956816435
1336	1e-23	0.0025858000153675675
1337	1e-23	0.0026434999890625477
1338	1e-23	0.001652300008572638
1339	1e-23	0.0013448999961838126
1340	1e-23	0.001595799985807389
1341	1e-23	0.002146499988157302
1342	1e-23	0.0015573000418953598
1343	1e-23	0.0023802000214345753
1344	1e-23	0.0024274999741464853
1345	1e-23	0.0014391000149771571
1346	1e-23	0.0018940000445581973
1347	1e-23	0.0013108999701216817
1348	1e-23	0.0016060000052675605
1349	1e-23	0.0015018999692983925
1350	1e-23	0.0017900000093504786
1351	1e-23	0.002403500024229288
1352	1e-23	0.0014640000299550593
1353	1e-23	0.0016345999902114272
1354	1e-23	0.001448499970138073
1355	1e-23	0.001648699981160462
1356	1e-23	0.001425200025551021
1357	1e-23	0.0018016999820247293
1358	1e-23	0.0015897999983280897
1359	1e-23	0.0015406000311486423
1360	1e-23	0.0017661000019870698
1361	1e-23	0.0014853000175207853
1362	1e-23	0.0015128999948501587
1363	1e-23	0.0013477999600581825
1364	1e-23	0.0016771999653428793
1365	1e-23	0.001786600041668862
1366	1e-23	0.0015951000386849046
1367	1e-23	0.0016941999783739448
1368	1e-23	0.0012862999574281275
1369	1e-23	0.0014954000362195075
1370	1e-23	0.002439000003505498
1371	1e-23	0.0015685000107623637
1372	1e-23	0.00149049999890849
1373	1e-23	0.0013405999634414911
1374	1e-23	0.0014158000121824443
1375	1e-23	0.0014504000428132713
1376	1e-23	0.001886499987449497
1377	1e-23	0.0017625000327825546
1378	1e-23	0.0014350999845191836
1379	1e-23	0.0015293000033125281
1380	1e-23	0.001430800009984523
1381	1e-23	0.0014931000187061727
1382	1e-23	0.0013159000081941485
1383	1e-23	0.0016736999968998134
1384	1e-23	0.002200599992647767
1385	1e-23	0.0016441000043414533
1386	1e-23	0.0016759999562054873
1387	1e-23	0.001276100054383278
1388	1e-23	0.0017447999562136829
1389	1e-23	0.002179900009650737
1390	1e-23	0.0017455000197514892
1391	1e-23	0.001643399999011308
1392	1e-23	0.0015134999994188547
1393	1e-23	0.0015418000402860343
1394	1e-23	0.0016719000414013863
1395	1e-23	0.0014526000013574958
1396	1e-23	0.0016189999878406525
1397	1e-23	0.0014217999996617436
1398	1e-23	0.0012365999864414334
1399	1e-23	0.0014919000095687807
1400	1e-23	0.0012102000182494521
1401	1e-23	0.0014856000198051333
1402	1e-23	0.0014817999908700585
1403	1e-23	0.001374599989503622
1404	1e-23	0.0015367000014521182
1405	1e-23	0.0015287999995052814
1406	1e-23	0.0016825000056996942
1407	1e-23	0.001272600027732551
1408	1e-23	0.0016015999717637897
1409	1e-23	0.0015550999669358134
1410	1e-23	0.0014951999764889479
1411	1e-23	0.0016267999890260398
1412	1e-23	0.0013519999920390546
1413	1e-23	0.0012805999722331762
1414	1e-23	0.0015780000248923898
1415	1e-23	0.0014604000025428832
1416	1e-23	0.001593699969816953
1417	1e-23	0.0012583999778144062
1418	1e-23	0.0014063999988138676
1419	1e-23	0.0016219000099226832
1420	1e-23	0.0013758999994024634
1421	1e-23	0.0014162000152282417
1422	1e-23	0.0013357000425457954
1423	1e-23	0.00200009997934103
1424	1e-23	0.0031962000066414475
1425	1e-23	0.0013767000054940581
1426	1e-23	0.0013772000093013048
1427	1e-23	0.0016027999809011817
1428	1e-23	0.0013675999944098294
1429	1e-23	0.0019925000378862023
1430	1e-23	0.0015447000041604042
1431	1e-23	0.0014415999758057296
1432	1e-23	0.0015837999526411295
1433	1e-23	0.0012524999910965562
1434	1e-23	0.0017706999788060784
1435	1e-23	0.001601399970240891
1436	1e-23	0.0013670999906025827
1437	1e-23	0.0013287999900057912
1438	1e-23	0.0011440000380389392
1439	1e-23	0.0017017999780364335
1440	1e-23	0.0015987999504432082
1441	1e-23	0.0016202999977394938
1442	1e-23	0.0013209000462666154
1443	1e-23	0.0018856999813579023
1444	1e-23	0.0015196999884210527
1445	1e-23	0.0014324000221677125
1446	1e-23	0.0016211000038310885
1447	1e-23	0.0014260999741964042
1448	1e-23	0.0015372000052593648
1449	1e-23	0.0016335999825969338
1450	1e-23	0.00192760000936687
1451	1e-23	0.0013422999763861299
1452	1e-23	0.0017753999563865364
1453	1e-23	0.0017645999905653298
1454	1e-23	0.0018263999954797328
1455	1e-23	0.001865800004452467
1456	1e-23	0.001715900027193129
1457	1e-23	0.0015562999760732055
1458	1e-23	0.0015993000124581158
1459	1e-23	0.0016672000056132674
1460	1e-23	0.0024677999899722636
1461	1e-23	0.0020653000101447105
1462	1e-23	0.0016545999678783119
1463	1e-23	0.0018996999715454876
1464	1e-23	0.002063399995677173
1465	1e-23	0.0017586000030860305
1466	1e-23	0.001597900001797825
1467	1e-23	0.001860200020018965
1468	1e-23	0.0017819000058807433
1469	1e-23	0.002201499999500811
1470	1e-23	0.0032340000034309924
1471	1e-23	0.0013982999953441322
1472	1e-23	0.001335600041784346
1473	1e-23	0.0016324999742209911
1474	1e-23	0.001489299989771098
1475	1e-23	0.0018071999656967819
1476	1e-23	0.002013899968005717
1477	1e-23	0.001656999986153096
1478	1e-23	0.00191430002450943
1479	1e-23	0.0023950000177137554
1480	1e-23	0.0028717999812215567
1481	1e-23	0.0017992000211961567
1482	1e-23	0.0014959999825805426
1483	1e-23	0.0017948999884538352
1484	1e-23	0.0016730999923311174
1485	1e-23	0.002347300003748387
1486	1e-23	0.0018427000031806529
1487	1e-23	0.0017606000183150172
1488	1e-23	0.002272399957291782
1489	1e-23	0.001589599996805191
1490	1e-23	0.0017240999732166529
1491	1e-23	0.0017852000310085714
1492	1e-23	0.001470700022764504
1493	1e-23	0.0014545999583788216
1494	1e-23	0.001824400038458407
1495	1e-23	0.002139700052794069
1496	1e-23	0.00166680000256747
1497	1e-23	0.0014491999754682183
1498	1e-23	0.001636600005440414
1499	1e-23	0.0017043999978341162
1500	1e-23	0.0017047000001184642
1501	1e-23	0.0017300000181421638
1502	1e-23	0.0014839000068604946
1503	1e-23	0.001781800005119294
1504	1e-23	0.00205210002604872
1505	1e-23	0.002243699971586466
1506	1e-23	0.0014748999965377152
1507	1e-23	0.0024123999755829573
1508	1e-23	0.002082599967252463
1509	1e-23	0.0015627999673597515
1510	1e-23	0.0013603000552393496
1511	1e-23	0.0020057999645359814
1512	1e-23	0.0015144000062718987
1513	1e-23	0.0015066000050865114
1514	1e-23	0.0020401999936439097
1515	1e-23	0.001769700029399246
1516	1e-23	0.0017275999998673797
1517	1e-23	0.0014297000016085804
1518	1e-23	0.001732099975924939
1519	1e-23	0.0018272000015713274
1520	1e-23	0.001338200003374368
1521	1e-23	0.0019650000031106174
1522	1e-23	0.002502800023648888
1523	1e-23	0.0019465000368654728
1524	1e-23	0.0015985999489203095
1525	1e-23	0.0015787000302225351
1526	1e-23	0.0018394000362604856
1527	1e-23	0.001762000028975308
1528	1e-23	0.001825599989388138
1529	1e-23	0.0018171999836340547
1530	1e-23	0.0015367000014521182
1531	1e-23	0.0021430999622680247
1532	1e-23	0.002064600004814565
1533	1e-23	0.0023560000117868185
1534	1e-23	0.0018248000415042043
1535	1e-23	0.001645500015001744
1536	1e-23	0.0015824000001884997
1537	1e-23	0.0020312999840825796
1538	1e-23	0.0017875999910756946
1539	1e-23	0.0020718000014312565
1540	1e-23	0.0016851999680511653
1541	1e-23	0.0017655999981798232
1542	1e-23	0.0016052000573836267
1543	1e-23	0.001527800050098449
1544	1e-23	0.001728300005197525
1545	1e-23	0.002537399996072054
1546	1e-23	0.0017251999815925956
1547	1e-23	0.001984399976208806
1548	1e-23	0.0016434999997727573
1549	1e-23	0.0015582000487484038
1550	1e-23	0.0016891000559553504
1551	1e-23	0.0023307999945245683
1552	1e-23	0.002188700018450618
1553	1e-23	0.0017814000020734966
1554	1e-23	0.0018788999877870083
1555	1e-23	0.001762000028975308
1556	1e-23	0.002017199993133545
1557	1e-23	0.00217489997157827
1558	1e-23	0.0018285000114701688
1559	1e-23	0.0014273999840952456
1560	1e-23	0.0017680000164546072
1561	1e-23	0.001541100034955889
1562	1e-23	0.0013374999980442226
1563	1e-23	0.0014806999824941158
1564	1e-23	0.0016904000076465309
1565	1e-23	0.0018460999708622694
1566	1e-23	0.001588399987667799
1567	1e-23	0.0017937000375241041
1568	1e-23	0.0017722999909892678
1569	1e-23	0.001464799977838993
1570	1e-23	0.0014355999883264303
1571	1e-23	0.0015542000182904303
1572	1e-23	0.0013185000279918313
1573	1e-23	0.0016564999823458493
1574	1e-23	0.0015539000160060823
1575	1e-23	0.0014224000042304397
1576	1e-23	0.001861400029156357
1577	1e-23	0.0014902999973855913
1578	1e-23	0.0014018999645486474
1579	1e-23	0.001558799995109439
1580	1e-23	0.0015937999705784023
1581	1e-23	0.0012509999796748161
1582	1e-23	0.0014053999911993742
1583	1e-23	0.0015032999799586833
1584	1e-23	0.0017109999898821115
1585	1e-23	0.0014628000208176672
1586	1e-23	0.0020437000202946365
1587	1e-23	0.0012599000474438071
1588	1e-23	0.0016551000298932195
1589	1e-23	0.0014967999886721373
1590	1e-23	0.0012117999722249806
1591	1e-23	0.0014189999783411622
1592	1e-23	0.001795399992261082
1593	1e-23	0.0018026000470854342
1594	1e-23	0.002203499956522137
1595	1e-23	0.001811399997677654
1596	1e-23	0.0017756999586708844
1597	1e-23	0.0017132999491877854
1598	1e-23	0.0016340999864041805
1599	1e-23	0.0015583999920636415
1600	1e-23	0.0015510999946855009
1601	1e-23	0.0017686000210233033
1602	1e-23	0.0013838000013493001
1603	1e-23	0.0015605000080540776
1604	1e-23	0.0015090000233612955
1605	1e-23	0.0013699000119231641
1606	1e-23	0.0015988000086508691
1607	1e-23	0.0013348999782465398
1608	1e-23	0.0015771999605931342
1609	1e-23	0.0013084000092931092
1610	1e-23	0.0019515999592840672
1611	1e-23	0.001401500019710511
1612	1e-23	0.001610000035725534
1613	1e-23	0.002120999968610704
1614	1e-23	0.0015350999892689288
1615	1e-23	0.0019181999959982932
1616	1e-23	0.0015391000197269022
1617	1e-23	0.0015560999745503068
1618	1e-23	0.002096200012601912
1619	1e-23	0.0016647999873384833
1620	1e-23	0.001574800000526011
1621	1e-23	0.0018174999859184027
1622	1e-23	0.003573999973013997
1623	1e-23	0.0030704999808222055
1624	1e-23	0.0012949000229127705
1625	1e-23	0.0015774000203236938
1626	1e-23	0.0013510000426322222
1627	1e-23	0.0012430999777279794
1628	1e-23	0.0019607999711297452
1629	1e-23	0.0013236000086180866
1630	1e-23	0.0027345999842509627
1631	1e-23	0.0015143000055104494
1632	1e-23	0.0012073999969288707
1633	1e-23	0.0015725000412203372
1634	1e-23	0.0013463000068441033
1635	1e-23	0.0014368999982252717
1636	1e-23	0.001297099981456995
1637	1e-23	0.0016576999914832413
1638	1e-23	0.0016417999868281186
1639	1e-23	0.0011635000118985772
1640	1e-23	0.0016247000312432647
1641	1e-23	0.0016723000444471836
1642	1e-23	0.0014769999543204904
1643	1e-23	0.0015725999837741256
1644	1e-23	0.001858700008597225
1645	1e-23	0.0015921000158414245
1646	1e-23	0.001660600013565272
1647	1e-23	0.0014415999758057296
1648	1e-23	0.0011060999822802842
1649	1e-23	0.0011830999865196645
1650	1e-23	0.001494400028605014
1651	1e-23	0.0015713999746367335
1652	1e-23	0.0014626000192947686
1653	1e-23	0.0015199999907054007
1654	1e-23	0.001205699983984232
1655	1e-23	0.0014804999809712172
1656	1e-23	0.0015331999748013914
1657	1e-23	0.001520100049674511
1658	1e-23	0.0015114000416360795
1659	1e-23	0.0015412999782711267
1660	1e-23	0.0013265000307001173
1661	1e-23	0.0016345999902114272
1662	1e-23	0.001310100022237748
1663	1e-23	0.002189600025303662
1664	1e-23	0.0014298000023700297
1665	1e-23	0.0018300999654456973
1666	1e-23	0.0015175000298768282
1667	1e-23	0.0012941000168211758
1668	1e-23	0.0015649999841116369
1669	1e-23	0.0015551999676972628
1670	1e-23	0.0015222999500110745
1671	1e-23	0.0015255999751389027
1672	1e-23	0.001341800030786544
1673	1e-23	0.0014365999959409237
1674	1e-23	0.0015981000033207238
1675	1e-23	0.0013191999751143157
1676	1e-23	0.0016241000266745687
1677	1e-23	0.0017219000146724284
1678	1e-23	0.0016898000030778348
1679	1e-23	0.001734799996484071
1680	1e-23	0.0022758999839425087
1681	1e-23	0.001271700020879507
1682	1e-23	0.0014407000271603465
1683	1e-23	0.0016010000254027545
1684	1e-23	0.001475999946705997
1685	1e-23	0.001432000019121915
1686	1e-23	0.0015659000491723418
1687	1e-23	0.0013662000419571996
1688	1e-23	0.0015320000238716602
1689	1e-23	0.001853700028732419
1690	1e-23	0.0018314000335521996
1691	1e-23	0.0017265000496990979
1692	1e-23	0.0014554000226780772
1693	1e-23	0.0014118999824859202
1694	1e-23	0.0014756000018678606
1695	1e-23	0.0011044000275433064
1696	1e-23	0.0016389999655075371
1697	1e-23	0.0015072000096552074
1698	1e-23	0.0015028000343590975
1699	1e-23	0.0014688000082969666
1700	1e-23	0.002344899985473603
1701	1e-23	0.001545500010251999
1702	1e-23	0.0018767999717965722
1703	1e-23	0.0025377999991178513
1704	1e-23	0.0014470000169239938
1705	1e-23	0.0013257000246085227
1706	1e-23	0.0014362000511027873
1707	1e-23	0.0012351999757811427
1708	1e-23	0.001707599963992834
1709	1e-23	0.0015473999665118754
1710	1e-23	0.0015518000000156462
1711	1e-23	0.0015240000211633742
1712	1e-23	0.0015239000204019248
1713	1e-23	0.0012224000529386103
1714	1e-23	0.0015607000095769763
1715	1e-23	0.001291799999307841
1716	1e-23	0.0013856999576091766
1717	1e-23	0.0018310999730601907
1718	1e-23	0.002126300008967519
1719	1e-23	0.0013423999771475792
1720	1e-23	0.0014885999844409525
1721	1e-23	0.0012719000224024057
1722	1e-23	0.0014474999625235796
1723	1e-23	0.0014758000033907592
1724	1e-23	0.001770599978044629
1725	1e-23	0.0015921000158414245
1726	1e-23	0.0014733999851159751
1727	1e-23	0.0016936000320129097
1728	1e-23	0.0014449000009335577
1729	1e-23	0.0012482000165618956
1730	1e-23	0.0013014000141993165
1731	1e-23	0.001470699964556843
1732	1e-23	0.001602299977093935
1733	1e-23	0.0014726000372320414
1734	1e-23	0.0015527000068686903
1735	1e-23	0.0012030999641865492
1736	1e-23	0.0014225999475456774
1737	1e-23	0.001411300036124885
1738	1e-23	0.0014483000268228352
1739	1e-23	0.0013915000017732382
1740	1e-23	0.0012692000018432736
1741	1e-23	0.001543500053230673
1742	1e-23	0.0013865000219084322
1743	1e-23	0.0013956999755464494
1744	1e-23	0.0015900999424047768
1745	1e-23	0.0017047000001184642
1746	1e-23	0.001885299978312105
1747	1e-23	0.001781200000550598
1748	1e-23	0.0013337000273168087
1749	1e-23	0.0018429000047035515
1750	1e-23	0.001479000027757138
1751	1e-23	0.0016995000187307596
1752	1e-23	0.0013933000154793262
1753	1e-23	0.0017145000165328383
1754	1e-23	0.0014660999877378345
1755	1e-23	0.0016164000262506306
1756	1e-23	0.0012564999633468688
1757	1e-23	0.0017488999874331057
1758	1e-23	0.0015128999948501587
1759	1e-23	0.0017322000348940492
1760	1e-23	0.0016599000082351267
1761	1e-23	0.0016768000205047429
1762	1e-23	0.0015406999737024307
1763	1e-23	0.001227000029757619
1764	1e-23	0.0014268000377342105
1765	1e-23	0.0015275999903678894
1766	1e-23	0.001688400050625205
1767	1e-23	0.0014387999544851482
1768	1e-23	0.0014238999574445188
1769	1e-23	0.0013679999974556267
1770	1e-23	0.0015412999782711267
1771	1e-23	0.0027941999724134803
1772	1e-23	0.0015653000446036458
1773	1e-23	0.0012738000368699431
1774	1e-23	0.0015937000280246139
1775	1e-23	0.0014545000158250332
1776	1e-23	0.0015318000223487616
1777	1e-23	0.0012182999635115266
1778	1e-23	0.002426499966531992
1779	1e-23	0.0021578000159934163
1780	1e-23	0.00211419997503981
1781	1e-23	0.001700200024060905
1782	1e-23	0.0020175999961793423
1783	1e-23	0.0024261000216938555
1784	1e-23	0.0014053999911993742
1785	1e-23	0.0014708999660797417
1786	1e-23	0.0014452000032179058
1787	1e-23	0.0014758000033907592
1788	1e-23	0.0016217000083997846
1789	1e-23	0.0014165000175125897
1790	1e-23	0.0013921000063419342
1791	1e-23	0.0012704000109806657
1792	1e-23	0.001431100012268871
1793	1e-23	0.0011960999690927565
1794	1e-23	0.0014179999707266688
1795	1e-23	0.0012940000160597265
1796	1e-23	0.0013444999931380153
1797	1e-23	0.0019028999959118664
1798	1e-23	0.003175599966198206
1799	1e-23	0.0019423000048846006
1800	1e-23	0.0021526000346057117
1801	1e-23	0.0018001000280492008
1802	1e-23	0.0017185000469908118
1803	1e-23	0.001708500029053539
1804	1e-23	0.0015771000180393457
1805	1e-23	0.0013089000131003559
1806	1e-23	0.0014250999665819108
1807	1e-23	0.001498199999332428
1808	1e-23	0.0013207999872975051
1809	1e-23	0.0015294000040739775
1810	1e-23	0.0013078000047244132
1811	1e-23	0.0013859000173397362
1812	1e-23	0.0011499000247567892
1813	1e-23	0.001337299996521324
1814	1e-23	0.0015366000006906688
1815	1e-23	0.0014571999781765044
1816	1e-23	0.0015614000149071217
1817	1e-23	0.0015165999648161232
1818	1e-23	0.0015275999903678894
1819	1e-23	0.0018730000010691583
1820	1e-23	0.0015477000270038843
1821	1e-23	0.001560900011099875
1822	1e-23	0.0020776999881491065
1823	1e-23	0.0019144000252708793
1824	1e-23	0.0016488999826833606
1825	1e-23	0.0016579999937675893
1826	1e-23	0.001559399999678135
1827	1e-23	0.0014713000273332
1828	1e-23	0.0016078000189736485
1829	1e-23	0.0014182000304572284
1830	1e-23	0.0018742000102065504
1831	1e-23	0.0015538999577984214
1832	1e-23	0.0015007000183686614
1833	1e-23	0.0017003999673761427
1834	1e-23	0.0015991999534890056
1835	1e-23	0.0013847999507561326
1836	1e-23	0.0026632000226527452
1837	1e-23	0.0015967999934218824
1838	1e-23	0.0015705000259913504
1839	1e-23	0.001533099974039942
1840	1e-23	0.001394700026139617
1841	1e-23	0.001442899985704571
1842	1e-23	0.0022436000290326774
1843	1e-23	0.0023444000398740172
1844	1e-23	0.0011825999827124178
1845	1e-23	0.0014526000013574958
1846	1e-23	0.0012849999475292861
1847	1e-23	0.0018230999703519046
1848	1e-23	0.001741299987770617
1849	1e-23	0.0013578999787569046
1850	1e-23	0.0016209000023081899
1851	1e-23	0.0017183999880217016
1852	1e-23	0.001526899985037744
1853	1e-23	0.0013948000269010663
1854	1e-23	0.001995900005567819
1855	1e-23	0.0014953000354580581
1856	1e-23	0.0018288999563083053
1857	1e-23	0.0014570000348612666
1858	1e-23	0.001568600011523813
1859	1e-23	0.002114600036293268
1860	1e-23	0.001427199982572347
1861	1e-23	0.001305100042372942
1862	1e-23	0.0015610000118613243
1863	1e-23	0.0014328000252135098
1864	1e-23	0.00129650003509596
1865	1e-23	0.0014811999863013625
1866	1e-23	0.0016275999951176345
1867	1e-23	0.0014796999748796225
1868	1e-23	0.0014469000161625445
1869	1e-23	0.0014010999584570527
1870	1e-23	0.0021038000122644007
1871	1e-23	0.0015391999622806907
1872	1e-23	0.0013469000114127994
1873	1e-23	0.0013300999999046326
1874	1e-23	0.0013782000169157982
1875	1e-23	0.0012977999867871404
1876	1e-23	0.001305700046941638
1877	1e-23	0.001527199987322092
1878	1e-23	0.001442599983420223
1879	1e-23	0.0013367999927140772
1880	1e-23	0.0014257999719120562
1881	1e-23	0.0014686999493278563
1882	1e-23	0.0018378000240772963
1883	1e-23	0.0014740999904461205
1884	1e-23	0.001595499983523041
1885	1e-23	0.001569200016092509
1886	1e-23	0.0013464000076055527
1887	1e-23	0.0016770000220276415
1888	1e-23	0.0013688000035472214
1889	1e-23	0.001435499987564981
1890	1e-23	0.0021073000389151275
1891	1e-23	0.001550600049085915
1892	1e-23	0.0016134000034071505
1893	1e-23	0.0012929000076837838
1894	1e-23	0.0019088000408373773
1895	1e-23	0.001499700010754168
1896	1e-23	0.0014279999886639416
1897	1e-23	0.0014879999798722565
1898	1e-23	0.001509999972768128
1899	1e-23	0.001732699980493635
1900	1e-23	0.0012291999883018434
1901	1e-23	0.0017141999560408294
1902	1e-23	0.0014947999734431505
1903	1e-23	0.0014697000151500106
1904	1e-23	0.001207799999974668
1905	1e-23	0.001429900003131479
1906	1e-23	0.0013656000373885036
1907	1e-23	0.001490199996624142
1908	1e-23	0.0015107999788597226
1909	1e-23	0.0016133000026457012
1910	1e-23	0.0018276000046171248
1911	1e-23	0.001366000040434301
1912	1e-23	0.0014510999899357557
1913	1e-23	0.0014150000060908496
1914	1e-23	0.0016976000042632222
1915	1e-23	0.0013244999572634697
1916	1e-23	0.0014937000232748687
1917	1e-23	0.0015650999848730862
1918	1e-23	0.0014724999782629311
1919	1e-23	0.0012980999890714884
1920	1e-23	0.0018219000194221735
1921	1e-23	0.0019156999769620597
1922	1e-23	0.0015774999628774822
1923	1e-23	0.0016896000015549362
1924	1e-23	0.001993299985770136
1925	1e-23	0.0017069000168703496
1926	1e-23	0.0015124999918043613
1927	1e-23	0.0013073000009171665
1928	1e-23	0.0015456000110134482
1929	1e-23	0.0014613000093959272
1930	1e-23	0.0018140000174753368
1931	1e-23	0.0016697999672032893
1932	1e-23	0.0014419000362977386
1933	1e-23	0.0015512000536546111
1934	1e-23	0.0016041999915614724
1935	1e-23	0.001617099973373115
1936	1e-23	0.001344699994660914
1937	1e-23	0.001317499962169677
1938	1e-23	0.0013106000260449946
1939	1e-23	0.0025467000086791813
1940	1e-23	0.0015109999803826213
1941	1e-23	0.0019592000171542168
1942	1e-23	0.0013730000355280936
1943	1e-23	0.001258700038306415
1944	1e-23	0.0013427999801933765
1945	1e-23	0.0016890999977476895
1946	1e-23	0.0014034000341780484
1947	1e-23	0.001318099966738373
1948	1e-23	0.0017630999791435897
1949	1e-23	0.0017106999875977635
1950	1e-23	0.0013096000184305012
1951	1e-23	0.0013210999895818532
1952	1e-23	0.0018251999863423407
1953	1e-23	0.001423100009560585
1954	1e-23	0.0014527000021189451
1955	1e-23	0.0015270999865606427
1956	1e-23	0.0012872000224888325
1957	1e-23	0.0021981000318191946
1958	1e-23	0.0022600999800488353
1959	1e-23	0.001249799970537424
1960	1e-23	0.0013930000131949782
1961	1e-23	0.0014836000045761466
1962	1e-23	0.0019543999806046486
1963	1e-23	0.0016333999810740352
1964	1e-23	0.00135119998594746
1965	1e-23	0.001529499946627766
1966	1e-23	0.001672099984716624
1967	1e-23	0.001445300003979355
1968	1e-23	0.0013256999664008617
1969	1e-23	0.0013852000120095909
1970	1e-23	0.0016898000030778348
1971	1e-23	0.0013427999801933765
1972	1e-23	0.0014483000268228352
1973	1e-23	0.001456200028769672
1974	1e-23	0.0012750999885611236
1975	1e-23	0.0012937000137753785
1976	1e-23	0.0011876000207848847
1977	1e-23	0.001355100015643984
1978	1e-23	0.0016821000026538968
1979	1e-23	0.0014951999764889479
1980	1e-23	0.0017596000107005239
1981	1e-23	0.0014059999957680702
1982	1e-23	0.001541100034955889
1983	1e-23	0.00229939998826012
1984	1e-23	0.002249899960588664
1985	1e-23	0.0023178000119514763
1986	1e-23	0.0014629000215791166
1987	1e-23	0.0015427999896928668
1988	1e-23	0.0017355000018142164
1989	1e-23	0.0015764000127092004
1990	1e-23	0.0015450000064447522
1991	1e-23	0.0016389999655075371
1992	1e-23	0.0015017000259831548
1993	1e-23	0.0017434999463148415
1994	1e-23	0.0017065999563783407
1995	1e-23	0.001420099986717105
1996	1e-23	0.0016210000030696392
1997	1e-23	0.0014073000056669116
1998	1e-23	0.0014198999851942062
1999	1e-23	0.0014621000154875219
2000	1e-23	0.0018376000225543976
2001	1e-23	0.0017361000063829124
2002	1e-23	0.0017301999614574015
2003	1e-23	0.0014169999631121755
2004	1e-23	0.00165350001771003
2005	1e-23	0.00164610001957044
2006	1e-23	0.0017269999952986836
2007	1e-23	0.0019874999998137355
2008	1e-23	0.0019894999568350613
2009	1e-23	0.0017145999590866268
2010	1e-23	0.001409199961926788
2011	1e-23	0.0012591999839060009
2012	1e-23	0.001292100001592189
2013	1e-23	0.00153189996490255
2014	1e-23	0.0015949999797157943
2015	1e-23	0.0019942999933846295
2016	1e-23	0.0016236999654211104
2017	1e-23	0.0017663000035099685
2018	1e-23	0.0020302999764680862
2019	1e-23	0.0014050999889150262
2020	1e-23	0.002036699966993183
2021	1e-23	0.0015534000121988356
2022	1e-23	0.0013955000322312117
2023	1e-23	0.0010771999950520694
2024	1e-23	0.0013417999725788832
2025	1e-23	0.0016088999691419303
2026	1e-23	0.0015127999940887094
2027	1e-23	0.0013347999774850905
2028	1e-23	0.0018219000194221735
2029	1e-23	0.0015869000344537199
2030	1e-23	0.0012869000202044845
2031	1e-23	0.0014553000219166279
2032	1e-23	0.001461499952711165
2033	1e-23	0.0014596999972127378
2034	1e-23	0.0015631999704055488
2035	1e-23	0.001449700037483126
2036	1e-23	0.0017179999849759042
2037	1e-23	0.0012749000452458858
2038	1e-23	0.0026983999996446073
2039	1e-23	0.0013790999655611813
2040	1e-23	0.00163870002143085
2041	1e-23	0.0014749999972991645
2042	1e-23	0.0015304000116884708
2043	1e-23	0.0014539000112563372
2044	1e-23	0.0014495000359602273
2045	1e-23	0.0020537999807856977
2046	1e-23	0.0015437999973073602
2047	1e-23	0.0015420999843627214
2048	1e-23	0.0013771000085398555
2049	1e-23	0.0014479000237770379
2050	1e-23	0.0014796999748796225
2051	1e-23	0.0014293999993242323
2052	1e-23	0.001505599997472018
2053	1e-23	0.001546400017105043
2054	1e-23	0.001637500012293458
2055	1e-23	0.002237499982584268
2056	1e-23	0.001532499969471246
2057	1e-23	0.0019305999740026891
2058	1e-23	0.0018485999898985028
2059	1e-23	0.0021100000012665987
2060	1e-23	0.0026368999970145524
2061	1e-23	0.0016870000399649143
2062	1e-23	0.001701099972706288
2063	1e-23	0.0016383000183850527
2064	1e-23	0.0014479000237770379
2065	1e-23	0.0019431000109761953
2066	1e-23	0.0015708999708294868
2067	1e-23	0.0018042000010609627
2068	1e-23	0.0015240000211633742
2069	1e-23	0.0016456999583169818
2070	1e-23	0.0018511000089347363
2071	1e-23	0.0015572999836876988
2072	1e-23	0.001428999996278435
2073	1e-23	0.0012732999748550355
2074	1e-23	0.001375199994072318
2075	1e-23	0.0014928000164218247
2076	1e-23	0.0012468000059016049
2077	1e-23	0.0014414000324904919
2078	1e-23	0.0014413000317290425
2079	1e-23	0.0013856999576091766
2080	1e-23	0.0016029999824240804
2081	1e-23	0.001790400012396276
2082	1e-23	0.0017263999907299876
2083	1e-23	0.0013269999762997031
2084	1e-23	0.002046199981123209
2085	1e-23	0.001479300030041486
2086	1e-23	0.001552900008391589
2087	1e-23	0.001497299992479384
2088	1e-23	0.001457699981983751
2089	1e-23	0.0015443000011146069
2090	1e-23	0.0015202999929897487
2091	1e-23	0.0016344999894499779
2092	1e-23	0.0016812999965623021
2093	1e-23	0.0014495999785140157
2094	1e-23	0.0017321999766863883
2095	1e-23	0.0014414000324904919
2096	1e-23	0.0013706000172533095
2097	1e-23	0.0021105000050738454
2098	1e-23	0.0023275999701581895
2099	1e-23	0.001437600003555417
2100	1e-23	0.002175699977669865
2101	1e-23	0.002564900030847639
2102	1e-23	0.0014996000099927187
2103	1e-23	0.0014789000269956887
2104	1e-23	0.002103899954818189
2105	1e-23	0.001283799996599555
2106	1e-23	0.0013461000053212047
2107	1e-23	0.0012382999993860722
2108	1e-23	0.001181500032544136
2109	1e-23	0.0016536000184714794
2110	1e-23	0.0014947999734431505
2111	1e-23	0.0015133999986574054
2112	1e-23	0.0014361999928951263
2113	1e-23	0.001514800009317696
2114	1e-23	0.001289399981033057
2115	1e-23	0.001360399997793138
2116	1e-23	0.0014813999878242612
2117	1e-23	0.002278400002978742
2118	1e-23	0.0017446000128984451
2119	1e-23	0.0018420999986119568
2120	1e-23	0.0014323000214062631
2121	1e-23	0.001361000002361834
2122	1e-23	0.0015373000060208142
2123	1e-23	0.001812600006815046
2124	1e-23	0.001532200025394559
2125	1e-23	0.0016461999621242285
2126	1e-23	0.0012409999617375433
2127	1e-23	0.001494700030889362
2128	1e-23	0.0015734000480733812
2129	1e-23	0.0013553999597206712
2130	1e-23	0.0016828000079840422
2131	1e-23	0.0015885999891906977
2132	1e-23	0.0014862000243738294
2133	1e-23	0.001344699994660914
2134	1e-23	0.0018430000054650009
2135	1e-23	0.0018022999865934253
2136	1e-23	0.002008899988140911
2137	1e-23	0.0014643000322394073
2138	1e-23	0.0014506999868899584
2139	1e-23	0.0016240000259131193
2140	1e-23	0.0016072000144049525
2141	1e-23	0.0017148999613709748
2142	1e-23	0.0015078000142239034
2143	1e-23	0.0015449000056833029
2144	1e-23	0.001438800012692809
2145	1e-23	0.001978199987206608
2146	1e-23	0.0016037000459618866
2147	1e-23	0.002009299991186708
2148	1e-23	0.001575700007379055
2149	1e-23	0.0014937999658286572
2150	1e-23	0.0013885999796912074
2151	1e-23	0.0014173000236041844
2152	1e-23	0.0014672999968752265
2153	1e-23	0.001476900011766702
2154	1e-23	0.0014883999829180539
2155	1e-23	0.00166680000256747
2156	1e-23	0.0014073999482207
2157	1e-23	0.0014726000372320414
2158	1e-23	0.0017988000181503594
2159	1e-23	0.0013901999918743968
2160	1e-23	0.0016465999651700258
2161	1e-23	0.0014454000047408044
2162	1e-23	0.001832399982959032
2163	1e-23	0.0013005000073462725
2164	1e-23	0.0015305000124499202
2165	1e-23	0.0017316999728791416
2166	1e-23	0.0015454000094905496
2167	1e-23	0.00244609999936074
2168	1e-23	0.0015486999764107168
2169	1e-23	0.0015384999569505453
2170	1e-23	0.0018301000236533582
2171	1e-23	0.001597900001797825
2172	1e-23	0.0015147000085562468
2173	1e-23	0.002355200005695224
2174	1e-23	0.001444699999410659
2175	1e-23	0.0015476999687962234
2176	1e-23	0.0012211999855935574
2177	1e-23	0.0017313000280410051
2178	1e-23	0.0013159000081941485
2179	1e-23	0.0014273999840952456
2180	1e-23	0.001492599956691265
2181	1e-23	0.0012685999972745776
2182	1e-23	0.0015409000334329903
2183	1e-23	0.0012533999979496002
2184	1e-23	0.0017661000019870698
2185	1e-23	0.001581899996381253
2186	1e-23	0.0014108999748714268
2187	1e-23	0.0014545000158250332
2188	1e-23	0.001209300011396408
2189	1e-23	0.0015995000139810145
2190	1e-23	0.0012392000062391162
2191	1e-23	0.0015039999852888286
2192	1e-23	0.0016919999616220593
2193	1e-23	0.001830600027460605
2194	1e-23	0.001565599988680333
2195	1e-23	0.001753399963490665
2196	1e-23	0.0015513999969698489
2197	1e-23	0.00198830000590533
2198	1e-23	0.001637500012293458
2199	1e-23	0.0013888999819755554
2200	1e-23	0.001260999997612089
2201	1e-23	0.0014816000475548208
2202	1e-23	0.001559099997393787
2203	1e-23	0.0014526999439112842
2204	1e-23	0.0013865999644622207
2205	1e-23	0.0012159000034444034
2206	1e-23	0.0013829999952577055
2207	1e-23	0.0013877000310458243
2208	1e-23	0.0011628000065684319
2209	1e-23	0.0014862000243738294
2210	1e-23	0.0015993000124581158
2211	1e-23	0.001603499986231327
2212	1e-23	0.001593699969816953
2213	1e-23	0.0018282000091858208
2214	1e-23	0.0016654999926686287
2215	1e-23	0.001533100032247603
2216	1e-23	0.0014968999894335866
2217	1e-23	0.0013867999659851193
2218	1e-23	0.0015740999951958656
2219	1e-23	0.0015733999898657203
2220	1e-23	0.0014438999933190644
2221	1e-23	0.001679799985140562
2222	1e-23	0.0015504999901168048
2223	1e-23	0.0018677999614737928
2224	1e-23	0.001520100049674511
2225	1e-23	0.0015604000072926283
2226	1e-23	0.0013883999781683087
2227	1e-23	0.001470400020480156
2228	1e-23	0.001489899994339794
2229	1e-23	0.0015130999963730574
2230	1e-23	0.001552300003822893
2231	1e-23	0.0015937000280246139
2232	1e-23	0.001707900024484843
2233	1e-23	0.00149500003317371
2234	1e-23	0.0014759000041522086
2235	1e-23	0.0013103000237606466
2236	1e-23	0.0012835999950766563
2237	1e-23	0.0013755999971181154
2238	1e-23	0.001993799989577383
2239	1e-23	0.0016069000121206045
2240	1e-23	0.0015628000255674124
2241	1e-23	0.0019316000398248434
2242	1e-23	0.002100299985613674
2243	1e-23	0.0019704000442288816
2244	1e-23	0.0011766999959945679
2245	1e-23	0.0014541000127792358
2246	1e-23	0.001445000001695007
2247	1e-23	0.0016140000079758465
2248	1e-23	0.0012883000308647752
2249	1e-23	0.0015773000195622444
2250	1e-23	0.0015549000236205757
2251	1e-23	0.0019192000036127865
2252	1e-23	0.0016499999910593033
2253	1e-23	0.0014421999803744256
2254	1e-23	0.0011755000450648367
2255	1e-23	0.0018047000048682094
2256	1e-23	0.0013639000244438648
2257	1e-23	0.0012574000284075737
2258	1e-23	0.001415700011420995
2259	1e-23	0.001387300028000027
2260	1e-23	0.001299499999731779
2261	1e-23	0.0024862000136636198
2262	1e-23	0.001594899978954345
2263	1e-23	0.0016654999926686287
2264	1e-23	0.0015472000231966376
2265	1e-23	0.00152749998960644
2266	1e-23	0.0012363000423647463
2267	1e-23	0.0014682000037282705
2268	1e-23	0.0012365999864414334
2269	1e-23	0.0015493999817408621
2270	1e-23	0.001584000012371689
2271	1e-23	0.0015447000041604042
2272	1e-23	0.0014662999892607331
2273	1e-23	0.0016946999821811914
2274	1e-23	0.0017374000162817538
2275	1e-23	0.0014788000262342393
2276	1e-23	0.0016299000126309693
2277	1e-23	0.0012651000288315117
2278	1e-23	0.0013484000228345394
2279	1e-23	0.0012948000221513212
2280	1e-23	0.0015086000203154981
2281	1e-23	0.001527799991890788
2282	1e-23	0.001413299993146211
2283	1e-23	0.0011776999454014003
2284	1e-23	0.0013321000151336193
2285	1e-23	0.0015537000144831836
2286	1e-23	0.001455899968277663
2287	1e-23	0.0012206999817863107
2288	1e-23	0.0015064000035636127
2289	1e-23	0.0014013000181876123
2290	1e-23	0.0017467999714426696
2291	1e-23	0.001421599998138845
2292	1e-23	0.0014194999821484089
2293	1e-23	0.0013203999842517078
2294	1e-23	0.0014090000186115503
2295	1e-23	0.0015219000051729381
2296	1e-23	0.0016384999617002904
2297	1e-23	0.001454999961424619
2298	1e-23	0.0020867999992333353
2299	1e-23	0.001434299978427589
2300	1e-23	0.001608799968380481
2301	1e-23	0.0018160000327043235
2302	1e-23	0.0012804000289179385
2303	1e-23	0.001185900007840246
2304	1e-23	0.0015527000068686903
2305	1e-23	0.0017035999917425215
2306	1e-23	0.0014616000116802752
2307	1e-23	0.0014324000221677125
2308	1e-23	0.0013875000295229256
2309	1e-23	0.0015412000357173383
2310	1e-23	0.0020300999749451876
2311	1e-23	0.001379599969368428
2312	1e-23	0.0016079999622888863
2313	1e-23	0.0013667000457644463
2314	1e-23	0.0012034999672323465
2315	1e-23	0.0015134999994188547
2316	1e-23	0.0014538000104948878
2317	1e-23	0.0013389000087045133
2318	1e-23	0.0014594999956898391
2319	1e-23	0.0017516999505460262
2320	1e-23	0.0013734999811276793
2321	1e-23	0.0015740999951958656
2322	1e-23	0.0013429999817162752
2323	1e-23	0.0017592000076547265
2324	1e-23	0.0015156000154092908
2325	1e-23	0.0017951999907381833
2326	1e-23	0.001970200042705983
2327	1e-23	0.0014851000159978867
2328	1e-23	0.0016744000022299588
2329	1e-23	0.0012410000199452043
2330	1e-23	0.0020121000125072896
2331	1e-23	0.0016252999776042998
2332	1e-23	0.0017237000283785164
2333	1e-23	0.0013568000285886228
2334	1e-23	0.0014657999854534864
2335	1e-23	0.001748099981341511
2336	1e-23	0.001451799995265901
2337	1e-23	0.001770299975760281
2338	1e-23	0.0027042999863624573
2339	1e-23	0.0014543000143021345
2340	1e-23	0.0012940000160597265
2341	1e-23	0.0016875999863259494
2342	1e-23	0.001478999969549477
2343	1e-23	0.001215800002682954
2344	1e-23	0.001152499986346811
2345	1e-23	0.0011808999697677791
2346	1e-23	0.0016944999806582928
2347	1e-23	0.0012836999958381057
2348	1e-23	0.0012734000338241458
2349	1e-23	0.001393800019286573
2350	1e-23	0.0012700000079348683
2351	1e-23	0.0014454000047408044
2352	1e-23	0.0014169999631121755
2353	1e-23	0.00122669996926561
2354	1e-23	0.001512399991042912
2355	1e-23	0.0014803999802097678
2356	1e-23	0.0015099000302143395
2357	1e-23	0.001515100011602044
2358	1e-23	0.0015326999709941447
2359	1e-23	0.0016447000089101493
2360	1e-23	0.0017114999936893582
2361	1e-23	0.0015982000040821731
2362	1e-23	0.0016177999787032604
2363	1e-23	0.001478999969549477
2364	1e-23	0.0014930000179447234
2365	1e-23	0.0014084000140428543
2366	1e-23	0.0012236000038683414
2367	1e-23	0.0014165999600663781
2368	1e-23	0.0014415000332519412
2369	1e-23	0.0015663999947719276
2370	1e-23	0.0016186999855563045
2371	1e-23	0.001463299966417253
2372	1e-23	0.0013637999654747546
2373	1e-23	0.0012170000118203461
2374	1e-23	0.001629500009585172
2375	1e-23	0.0016832000110298395
2376	1e-23	0.0015486000338569283
2377	1e-23	0.0012376999948173761
2378	1e-23	0.0014230999513529241
2379	1e-23	0.0013596999924629927
2380	1e-23	0.0013628999586217105
2381	1e-23	0.001393200014717877
2382	1e-23	0.0027314999606460333
2383	1e-23	0.0012256999616511166
2384	1e-23	0.001744000008329749
2385	1e-23	0.0016978000057861209
2386	1e-23	0.001485800021328032
2387	1e-23	0.0012391000054776669
2388	1e-23	0.0011498000239953399
2389	1e-23	0.001588099985383451
2390	1e-23	0.0013906999956816435
2391	1e-23	0.0017663000035099685
2392	1e-23	0.0015077999560162425
2393	1e-23	0.0013275999808683991
2394	1e-23	0.0014093999634496868
2395	1e-23	0.0013441000482998788
2396	1e-23	0.0012738999794237316
2397	1e-23	0.0012018999550491571
2398	1e-23	0.0012791999615728855
2399	1e-23	0.0012659999774768949
2400	1e-23	0.001953300030436367
2401	1e-23	0.0014805999817326665
2402	1e-23	0.0014056000509299338
2403	1e-23	0.0014131999923847616
2404	1e-23	0.0014411999727599323
2405	1e-23	0.001345600001513958
2406	1e-23	0.0016382000176236033
2407	1e-23	0.0013461000053212047
2408	1e-23	0.0013019000180065632
2409	1e-23	0.002325699955690652
2410	1e-23	0.0013964999816380441
2411	1e-23	0.0017556999810039997
2412	1e-23	0.0015573000418953598
2413	1e-23	0.0014326000236906111
2414	1e-23	0.0013987999991513789
2415	1e-23	0.0012605999945662916
2416	1e-23	0.0015373000060208142
2417	1e-23	0.0015858000260777771
2418	1e-23	0.0018788999877870083
2419	1e-23	0.0013551999581977725
2420	1e-23	0.0013110999716445804
2421	1e-23	0.0017221999587491155
2422	1e-23	0.001432000019121915
2423	1e-23	0.0014127999893389642
2424	1e-23	0.001700500026345253
2425	1e-23	0.0014587999903596938
2426	1e-23	0.0015259999781847
2427	1e-23	0.001180000021122396
2428	1e-23	0.0015665999962948263
2429	1e-23	0.0012493000249378383
2430	1e-23	0.0014370999997481704
2431	1e-23	0.001265800034161657
2432	1e-23	0.0014727999805472791
2433	1e-23	0.0014794000308029354
2434	1e-23	0.001450599986128509
2435	1e-23	0.0013018000172451138
2436	1e-23	0.0015215000021271408
2437	1e-23	0.001868800027295947
2438	1e-23	0.001457400037907064
2439	1e-23	0.001462700020056218
2440	1e-23	0.001576300011947751
2441	1e-23	0.0016774999676272273
2442	1e-23	0.0012049999786540866
2443	1e-23	0.0014876999775879085
2444	1e-23	0.0015477999695576727
2445	1e-23	0.0014671999961137772
2446	1e-23	0.001903099997434765
2447	1e-23	0.0015848999610170722
2448	1e-23	0.0014857000205665827
2449	1e-23	0.0017727999947965145
2450	1e-23	0.0016334999818354845
2451	1e-23	0.0014183999737724662
2452	1e-23	0.0013414999702945352
2453	1e-23	0.0013923000078648329
2454	1e-23	0.0014937000232748687
2455	1e-23	0.0013155000051483512
2456	1e-23	0.0016888999962247908
2457	1e-23	0.001223200000822544
2458	1e-23	0.0015502999885939062
2459	1e-23	0.0014411999727599323
2460	1e-23	0.0012684999965131283
2461	1e-23	0.001693099969998002
2462	1e-23	0.0012461000005714595
2463	1e-23	0.0014669999945908785
2464	1e-23	0.0011632000096142292
2465	1e-23	0.0016567999846301973
2466	1e-23	0.001292400003876537
2467	1e-23	0.0016400999738834798
2468	1e-23	0.0012942999601364136
2469	1e-23	0.0018704000394791365
2470	1e-23	0.0016739999991841614
2471	1e-23	0.0021142999758012593
2472	1e-23	0.0016716000391170382
2473	1e-23	0.0013438999885693192
2474	1e-23	0.0013856000150553882
2475	1e-23	0.0017247000359930098
2476	1e-23	0.0014153000083751976
2477	1e-23	0.001197699981275946
2478	1e-23	0.0014108999748714268
2479	1e-23	0.0015489999786950648
2480	1e-23	0.0016755000106059015
2481	1e-23	0.0014488999731838703
2482	1e-23	0.0015801999834366143
2483	1e-23	0.001510599977336824
2484	1e-23	0.0012395000085234642
2485	1e-23	0.0014594999956898391
2486	1e-23	0.0015133999986574054
2487	1e-23	0.0015050999936647713
2488	1e-23	0.0012978999875485897
2489	1e-23	0.0014443000545725226
2490	1e-23	0.001658199995290488
2491	1e-23	0.0014664999907836318
2492	1e-23	0.001226399966981262
2493	1e-23	0.0012719000224024057
2494	1e-23	0.0012734000338241458
2495	1e-23	0.0017319999751634896
2496	1e-23	0.001324000011663884
2497	1e-23	0.0016417999868281186
2498	1e-23	0.0017291000112891197
2499	1e-23	0.0011226999922655523
2500	1e-23	0.0016142000094987452
2501	1e-23	0.00210690003586933
2502	1e-23	0.002449000021442771
2503	1e-23	0.0015131999971345067
2504	1e-23	0.0013740999856963754
2505	1e-23	0.0012997000012546778
2506	1e-23	0.0012002000003121793
2507	1e-23	0.0019352000090293586
2508	1e-23	0.0013509999844245613
2509	1e-23	0.0015659999917261302
2510	1e-23	0.001865500002168119
2511	1e-23	0.0015152999549172819
2512	1e-23	0.001440499967429787
2513	1e-23	0.0015305000124499202
2514	1e-23	0.0013225000002421439
2515	1e-23	0.001427499984856695
2516	1e-23	0.0014919000095687807
2517	1e-23	0.001482499996200204
2518	1e-23	0.0015467999619431794
2519	1e-23	0.0018100000452250242
2520	1e-23	0.0014192999806255102
2521	1e-23	0.0021650000126101077
2522	1e-23	0.0028808999923057854
2523	1e-23	0.0013221999979577959
2524	1e-23	0.0015687999548390508
2525	1e-23	0.001428999996278435
2526	1e-23	0.001470999966841191
2527	1e-23	0.0015087000210769475
2528	1e-23	0.001478100020904094
2529	1e-23	0.001487900037318468
2530	1e-23	0.001811699999962002
2531	1e-23	0.0015644999803043902
2532	1e-23	0.0015865000314079225
2533	1e-23	0.0017699000309221447
2534	1e-23	0.0013899999903514981
2535	1e-23	0.0014670999953523278
2536	1e-23	0.0015123000484891236
2537	1e-23	0.0015605000080540776
2538	1e-23	0.0016071000136435032
2539	1e-23	0.001534299983177334
2540	1e-23	0.0016983000095933676
2541	1e-23	0.0014651999808847904
2542	1e-23	0.0014826999977231026
2543	1e-23	0.0015258000348694623
2544	1e-23	0.0019860999891534448
2545	1e-23	0.0013045999803580344
2546	1e-23	0.0013899999903514981
2547	1e-23	0.0016871000407263637
2548	1e-23	0.001597900001797825
2549	1e-23	0.0016546000260859728
2550	1e-23	0.0021776999928988516
2551	1e-23	0.0016047999961301684
2552	1e-23	0.0015143000055104494
2553	1e-23	0.0016610000166110694
2554	1e-23	0.0014153000083751976
2555	1e-23	0.0021485999459400773
2556	1e-23	0.0022759000421501696
2557	1e-23	0.001361900009214878
2558	1e-23	0.0014965999871492386
2559	1e-23	0.0014176999684423208
2560	1e-23	0.0016484000370837748
2561	1e-23	0.0015579999890178442
2562	1e-23	0.0017583000008016825
2563	1e-23	0.0014374000020325184
2564	1e-23	0.0015513999969698489
2565	1e-23	0.0016471999697387218
2566	1e-23	0.001443499990273267
2567	1e-23	0.00236169999698177
2568	1e-23	0.001353900006506592
2569	1e-23	0.0013773000100627542
2570	1e-23	0.0018091999809257686
2571	1e-23	0.00152749998960644
2572	1e-23	0.0019346000044606626
2573	1e-23	0.0014498000382445753
2574	1e-23	0.0019025999936275184
2575	1e-23	0.0014971999917179346
2576	1e-23	0.0031260999967344105
2577	1e-23	0.0017028000438585877
2578	1e-23	0.0015854000230319798
2579	1e-23	0.0015314000193029642
2580	1e-23	0.0018932000384666026
2581	1e-23	0.0019474999862723053
2582	1e-23	0.0022228999878279865
2583	1e-23	0.0015725000412203372
2584	1e-23	0.0014897000510245562
2585	1e-23	0.001264900027308613
2586	1e-23	0.0015950999804772437
2587	1e-23	0.001305999991018325
2588	1e-23	0.0015223000082187355
2589	1e-23	0.0014573000371456146
2590	1e-23	0.001249199965968728
2591	1e-23	0.002095900010317564
2592	1e-23	0.0015697000198997557
2593	1e-23	0.0016812999965623021
2594	1e-23	0.0013655999791808426
2595	1e-23	0.0015299000078812242
2596	1e-23	0.0014538999530486763
2597	1e-23	0.0014528000028803945
2598	1e-23	0.0015332999755628407
2599	1e-23	0.0015403999714180827
2600	1e-23	0.0015163999632932246
2601	1e-23	0.0017063000123016536
2602	1e-23	0.00137489999178797
2603	1e-23	0.0013003999483771622
2604	1e-23	0.0017804999952204525
2605	1e-23	0.0013178999652154744
2606	1e-23	0.0014105999725870788
2607	1e-23	0.0016460999613627791
2608	1e-23	0.0014198999851942062
2609	1e-23	0.0012951999669894576
2610	1e-23	0.003804999985732138
2611	1e-23	0.001477800018619746
2612	1e-23	0.0015093000256456435
2613	1e-23	0.0017217000131495297
2614	1e-23	0.0013806999777443707
2615	1e-23	0.0013031999696977437
2616	1e-23	0.0016441000043414533
2617	1e-23	0.0014683000044897199
2618	1e-23	0.0015548000228591263
2619	1e-23	0.0017775000305846334
2620	1e-23	0.0018277000053785741
2621	1e-23	0.0018437999533489347
2622	1e-23	0.0015697999624535441
2623	1e-23	0.0015106999780982733
2624	1e-23	0.0012419000267982483
2625	1e-23	0.0012876000255346298
2626	1e-23	0.0014759000041522086
2627	1e-23	0.0013147999998182058
2628	1e-23	0.001677399966865778
2629	1e-23	0.0018232999718748033
2630	1e-23	0.002441900025587529
2631	1e-23	0.0024718999629840255
2632	1e-23	0.0019564999965950847
2633	1e-23	0.0014992999495007098
2634	1e-23	0.001623300020582974
2635	1e-23	0.001469500013627112
2636	1e-23	0.0014765000087209046
2637	1e-23	0.0015802999841980636
2638	1e-23	0.0014941999688744545
2639	1e-23	0.0014501000405289233
2640	1e-23	0.0014171000220812857
2641	1e-23	0.0016837000148370862
2642	1e-23	0.0016206000000238419
2643	1e-23	0.0018150000250898302
2644	1e-23	0.0018426000024192035
2645	1e-23	0.00179720000596717
2646	1e-23	0.001680100045632571
2647	1e-23	0.001445300003979355
2648	1e-23	0.0016793999820947647
2649	1e-23	0.001576000009663403
2650	1e-23	0.0021772999898530543
2651	1e-23	0.0025861000176519156
2652	1e-23	0.0013136999914422631
2653	1e-23	0.001981999957934022
2654	1e-23	0.0013331000227481127
2655	1e-23	0.0019792999955825508
2656	1e-23	0.0029929999727755785
2657	1e-23	0.0012738000368699431
2658	1e-23	0.0016703000292181969
2659	1e-23	0.0012676999904215336
2660	1e-23	0.0013750000507570803
2661	1e-23	0.0012906999909318984
2662	1e-23	0.0012687999987974763
2663	1e-23	0.0014721000334247947
2664	1e-23	0.0016716999816708267
2665	1e-23	0.0017032999894581735
2666	1e-23	0.0014408000279217958
2667	1e-23	0.0013907999964430928
2668	1e-23	0.001277000003028661
2669	1e-23	0.001297699986025691
2670	1e-23	0.0014268000377342105
2671	1e-23	0.0015290000010281801
2672	1e-23	0.001569800020661205
2673	1e-23	0.0014989000046625733
2674	1e-23	0.0016700999694876373
2675	1e-23	0.0019246999872848392
2676	1e-23	0.0015449000056833029
2677	1e-23	0.001477800018619746
2678	1e-23	0.0018659000052139163
2679	1e-23	0.0013257000246085227
2680	1e-23	0.0015300000086426735
2681	1e-23	0.001508000015746802
2682	1e-23	0.0014877999783493578
2683	1e-23	0.0016453999560326338
2684	1e-23	0.002368599991314113
2685	1e-23	0.0018313999753445387
2686	1e-23	0.002265000017359853
2687	1e-23	0.001440499967429787
2688	1e-23	0.0020705999922938645
2689	1e-23	0.001609999977517873
2690	1e-23	0.0016916999593377113
2691	1e-23	0.0022736999671906233
2692	1e-23	0.0020581999560818076
2693	1e-23	0.0017195999971590936
2694	1e-23	0.0012411000207066536
2695	1e-23	0.0014458000077866018
2696	1e-23	0.0014674999983981252
2697	1e-23	0.0011840000515803695
2698	1e-23	0.0014822999946773052
2699	1e-23	0.001395300030708313
2700	1e-23	0.0018471000366844237
2701	1e-23	0.001879999996162951
2702	1e-23	0.0015229000127874315
2703	1e-23	0.001743400003761053
2704	1e-23	0.0013588000438176095
2705	1e-23	0.0012938999570906162
2706	1e-23	0.001572999986819923
2707	1e-23	0.0012735000345855951
2708	1e-23	0.0014457000070251524
2709	1e-23	0.0015010000206530094
2710	1e-23	0.0013711000210605562
2711	1e-23	0.001473700045607984
2712	1e-23	0.0015477999695576727
2713	1e-23	0.001526000036392361
2714	1e-23	0.0014602000010199845
2715	1e-23	0.0015820999979041517
2716	1e-23	0.0023243000032380223
2717	1e-23	0.002599800005555153
2718	1e-23	0.00162980001186952
2719	1e-23	0.0012594999861903489
2720	1e-23	0.0014114999794401228
2721	1e-23	0.0014066000003367662
2722	1e-23	0.0014664999907836318
2723	1e-23	0.0016333000385202467
2724	1e-23	0.0015326000284403563
2725	1e-23	0.0012428000336512923
2726	1e-23	0.002342499967198819
2727	1e-23	0.0029935999773442745
2728	1e-23	0.0021795000066049397
2729	1e-23	0.002648600027896464
2730	1e-23	0.0018640999915078282
2731	1e-23	0.001292100001592189
2732	1e-23	0.001421599998138845
2733	1e-23	0.0016973000019788742
2734	1e-23	0.001698700012639165
2735	1e-23	0.0013433000422082841
2736	1e-23	0.001465100038331002
2737	1e-23	0.0015809000469744205
2738	1e-23	0.0013329999637790024
2739	1e-23	0.0014684000052511692
2740	1e-23	0.0014468000154010952
2741	1e-23	0.001519199984613806
2742	1e-23	0.0014333000290207565
2743	1e-23	0.0017831999575719237
2744	1e-23	0.0015422000433318317
2745	1e-23	0.0013078000047244132
2746	1e-23	0.0013202999834902585
2747	1e-23	0.0018977999570779502
2748	1e-23	0.0017019999795593321
2749	1e-23	0.001760499959345907
2750	1e-23	0.0015906000044196844
2751	1e-23	0.0013566000270657241
2752	1e-23	0.001567100000102073
2753	1e-23	0.0013992000021971762
2754	1e-23	0.001268699998036027
2755	1e-23	0.001387599972076714
2756	1e-23	0.0018758000223897398
2757	1e-23	0.001233500021044165
2758	1e-23	0.0013776000123471022
2759	1e-23	0.00153489998774603
2760	1e-23	0.0017651999951340258
2761	1e-23	0.0014474000199697912
2762	1e-23	0.0016886000521481037
2763	1e-23	0.001512999995611608
2764	1e-23	0.0014355999883264303
2765	1e-23	0.001617400033865124
2766	1e-23	0.0016451000119559467
2767	1e-23	0.0019023999921046197
2768	1e-23	0.0018483999883756042
2769	1e-23	0.0014395000180229545
2770	1e-23	0.0013849000097252429
2771	1e-23	0.0015451000072062016
2772	1e-23	0.0014779000193811953
2773	1e-23	0.0016563000390306115
2774	1e-23	0.0017636999837122858
2775	1e-23	0.0018776999786496162
2776	1e-23	0.0014439999940805137
2777	1e-23	0.0016391999670304358
2778	1e-23	0.0015031000366434455
2779	1e-23	0.001659700006712228
2780	1e-23	0.0013275999808683991
2781	1e-23	0.001519499986898154
2782	1e-23	0.001455900026485324
2783	1e-23	0.0014786000247113407
2784	1e-23	0.0014791999710723758
2785	1e-23	0.001471599971409887
2786	1e-23	0.0017575999954715371
2787	1e-23	0.001317199959885329
2788	1e-23	0.0015154000138863921
2789	1e-23	0.0015925999614410102
2790	1e-23	0.0016663999995216727
2791	1e-23	0.0018432000069878995
2792	1e-23	0.0022907000384293497
2793	1e-23	0.0015703000244684517
2794	1e-23	0.0013185999705456197
2795	1e-23	0.0017060000100173056
2796	1e-23	0.0012428999762050807
2797	1e-23	0.0017460000235587358
2798	1e-23	0.0011959000257775187
2799	1e-23	0.0012237000046297908
2800	1e-23	0.0014621000154875219
2801	1e-23	0.0014110999763943255
2802	1e-23	0.0014433999895118177
2803	1e-23	0.0016725999885238707
2804	1e-23	0.001727099996060133
2805	1e-23	0.0017485000425949693
2806	1e-23	0.0023173000081442297
2807	1e-23	0.0014877999783493578
2808	1e-23	0.001497599994763732
2809	1e-23	0.0014380000066012144
2810	1e-23	0.0015110000385902822
2811	1e-23	0.0012465999461710453
2812	1e-23	0.0016644999850541353
2813	1e-23	0.0018002000288106501
2814	1e-23	0.0028460000175982714
2815	1e-23	0.0024081000010482967
2816	1e-23	0.0017253999831154943
2817	1e-23	0.001258700038306415
2818	1e-23	0.0012525999918580055
2819	1e-23	0.0012999000027775764
2820	1e-23	0.0011807999690063298
2821	1e-23	0.001617700036149472
2822	1e-23	0.0014120999840088189
2823	1e-23	0.0012729999725706875
2824	1e-23	0.001491400005761534
2825	1e-23	0.0017435000045225024
2826	1e-23	0.0027404000284150243
2827	1e-23	0.0014197000418789685
2828	1e-23	0.001082699978724122
2829	1e-23	0.0012541000032797456
2830	1e-23	0.0012571000261232257
2831	1e-23	0.0018201000057160854
2832	1e-23	0.0016149000148288906
2833	1e-23	0.001713500008918345
2834	1e-23	0.0016138000064529479
2835	1e-23	0.0014661999884992838
2836	1e-23	0.0015047999913804233
2837	1e-23	0.0016024999786168337
2838	1e-23	0.001846300030592829
2839	1e-23	0.0014047999866306782
2840	1e-23	0.0012165000080130994
2841	1e-23	0.0013701000134460628
2842	1e-23	0.00318840000545606
2843	1e-23	0.001698100008070469
2844	1e-23	0.001552000001538545
2845	1e-23	0.001240899960976094
2846	1e-23	0.0013461000053212047
2847	1e-23	0.0014002000098116696
2848	1e-23	0.0012650000280700624
2849	1e-23	0.0014263999764807522
2850	1e-23	0.0018076999695040286
2851	1e-23	0.001926700002513826
2852	1e-23	0.0016380000161007047
2853	1e-23	0.0014247000217437744
2854	1e-23	0.0014801999786868691
2855	1e-23	0.0015124999918043613
2856	1e-23	0.0013140999944880605
2857	1e-23	0.0013672999921254814
2858	1e-23	0.0015383000136353076
2859	1e-23	0.0015608000103384256
2860	1e-23	0.0014671999961137772
2861	1e-23	0.0014461000100709498
2862	1e-23	0.001526900043245405
2863	1e-23	0.0014591999934054911
2864	1e-23	0.0017414999892935157
2865	1e-23	0.0016843000194057822
2866	1e-23	0.0014158000121824443
2867	1e-23	0.001548800035379827
2868	1e-23	0.0016637000371702015
2869	1e-23	0.0020826999680139124
2870	1e-23	0.0014745999942533672
2871	1e-23	0.0014346999814733863
2872	1e-23	0.0014751999988220632
2873	1e-23	0.001755499979481101
2874	1e-23	0.0013923000078648329
2875	1e-23	0.0016118999919854105
2876	1e-23	0.0014020000235177577
2877	1e-23	0.0016332000377587974
2878	1e-23	0.001959900022484362
2879	1e-23	0.0018986000213772058
2880	1e-23	0.0024783999542705715
2881	1e-23	0.002024299988988787
2882	1e-23	0.0014297000016085804
2883	1e-23	0.0013335999683476985
2884	1e-23	0.001575700007379055
2885	1e-23	0.0017491999897174537
2886	1e-23	0.0016320999711751938
2887	1e-23	0.001507400011178106
2888	1e-23	0.001523899962194264
2889	1e-23	0.002578600018750876
2890	1e-23	0.002107399981468916
2891	1e-23	0.0014467999571934342
2892	1e-23	0.001456499972846359
2893	1e-23	0.0015991000109352171
2894	1e-23	0.0013208999880589545
2895	1e-23	0.0016743000014685094
2896	1e-23	0.0013648999738506973
2897	1e-23	0.0015426999889314175
2898	1e-23	0.0015386000159196556
2899	1e-23	0.0019129000138491392
2900	1e-23	0.0015504999901168048
2901	1e-23	0.0017635999829508364
2902	1e-23	0.0015226000105030835
2903	1e-23	0.0014436999917961657
2904	1e-23	0.0014609000063501298
2905	1e-23	0.0013177000219002366
2906	1e-23	0.001272300025448203
2907	1e-23	0.0014270000392571092
2908	1e-23	0.001540499972179532
2909	1e-23	0.0015580999897792935
2910	1e-23	0.0021243999944999814
2911	1e-23	0.0016660000546835363
2912	1e-23	0.0015725999837741256
2913	1e-23	0.0015096000279299915
2914	1e-23	0.0017835000180639327
2915	1e-23	0.0016657999949529767
2916	1e-23	0.001981200010050088
2917	1e-23	0.001562400022521615
2918	1e-23	0.002376899996306747
2919	1e-23	0.002169499988667667
2920	1e-23	0.0018951999954879284
2921	1e-23	0.0015494999825023115
2922	1e-23	0.0017194000538438559
2923	1e-23	0.0020776999881491065
2924	1e-23	0.001647300028707832
2925	1e-23	0.0026931000174954534
2926	1e-23	0.0016059000045061111
2927	1e-23	0.001227599976118654
2928	1e-23	0.0015112999826669693
2929	1e-23	0.0026354999863542616
2930	1e-23	0.001519199984613806
2931	1e-23	0.0017463000258430839
2932	1e-23	0.0019783999887295067
2933	1e-23	0.002873699995689094
2934	1e-23	0.0023617000551894307
2935	1e-23	0.0034165000542998314
2936	1e-23	0.0018696000333875418
2937	1e-23	0.002476800000295043
2938	1e-23	0.0017464000266045332
2939	1e-23	0.0021879999549128115
2940	1e-23	0.0025744999875314534
2941	1e-23	0.002365900028962642
2942	1e-23	0.002785000018775463
2943	1e-23	0.0019363999599590898
2944	1e-23	0.002196500019636005
2945	1e-23	0.0017903000116348267
2946	1e-23	0.0016045999946072698
2947	1e-23	0.0015171000268310308
2948	1e-23	0.0018995999707840383
2949	1e-23	0.0015100000309757888
2950	1e-23	0.002144700032658875
2951	1e-23	0.001916399982292205
2952	1e-23	0.0024006000021472573
2953	1e-23	0.0014974999940022826
2954	1e-23	0.002387500018812716
2955	1e-23	0.002037899976130575
2956	1e-23	0.0021515999687835574
2957	1e-23	0.002222799987066537
2958	1e-23	0.002448699960950762
2959	1e-23	0.0022190000163391232
2960	1e-23	0.001423100009560585
2961	1e-23	0.001556800038088113
2962	1e-23	0.001692500023636967
2963	1e-23	0.0018477999838069081
2964	1e-23	0.0015528000076301396
2965	1e-23	0.0018743000109679997
2966	1e-23	0.0018028999911621213
2967	1e-23	0.001375799998641014
2968	1e-23	0.001589299994520843
2969	1e-23	0.0015408999752253294
2970	1e-23	0.002467600046657026
2971	1e-23	0.0018296999623999
2972	1e-23	0.002537099993787706
2973	1e-23	0.001711699995212257
2974	1e-23	0.0014476999640464783
2975	1e-23	0.0016068000113591552
2976	1e-23	0.0015932999667711556
2977	1e-23	0.0014479999663308263
2978	1e-23	0.0012826999882236123
2979	1e-23	0.001748699985910207
2980	1e-23	0.00228459999198094
2981	1e-23	0.0016470999689772725
2982	1e-23	0.0015255000325851142
2983	1e-23	0.0013229000032879412
2984	1e-23	0.001470700022764504
2985	1e-23	0.0014464000123552978
2986	1e-23	0.0014776999596506357
2987	1e-23	0.0014751999988220632
2988	1e-23	0.001392299949657172
2989	1e-23	0.0016991000156849623
2990	1e-23	0.0014247000217437744
2991	1e-23	0.0014931000187061727
2992	1e-23	0.0016079000197350979
2993	1e-23	0.0017779000336304307
2994	1e-23	0.001207799999974668
2995	1e-23	0.001958400011062622
2996	1e-23	0.0020475999917834997
2997	1e-23	0.0015360999968834221
2998	1e-23	0.0016228000167757273
2999	1e-23	0.0016929999692365527
3000	1e-23	0.0016022000345401466
