epoch	total	seconds
1	1e-23	0.18184340000152588
2	1e-23	0.00195720000192523
3	1e-23	0.0018359000096097589
4	1e-23	0.0013880000333301723
5	1e-23	0.0011871999595314264
6	1e-23	0.0012765999999828637
7	1e-23	0.001271100016310811
8	1e-23	0.001137999992351979
9	1e-23	0.0010918999905698001
10	1e-23	0.0010270000202581286
11	1e-23	0.001437900005839765
12	1e-23	0.0010162999969907105
13	1e-23	0.0011049999739043415
14	1e-23	0.0010365000343881547
15	1e-23	0.0014461999526247382
16	1e-23	0.001228200038895011
17	1e-23	0.001171399955637753
18	1e-23	0.0011709999525919557
19	1e-23	0.001156899961642921
20	1e-23	0.0011733000283129513
21	1e-23	0.0010086999973282218
22	1e-23	0.0009900000295601785
23	1e-23	0.0014340999769046903
24	1e-23	0.0011837999918498099
25	1e-23	0.0011989000486209989
26	1e-23	0.0012945999624207616
27	1e-23	0.0011792999575845897
28	1e-23	0.0012895999825559556
29	1e-23	0.0013300999999046326
30	1e-23	0.0011753999860957265
31	1e-23	0.001189500035252422
32	1e-23	0.0013429999817162752
33	1e-23	0.0014179000281728804
34	1e-23	0.0012280000373721123
35	1e-23	0.0011887000291608274
36	1e-23	0.0011282999766990542
37	1e-23	0.0011481000110507011
38	1e-23	0.0010796000133268535
39	1e-23	0.0011973000364378095
40	1e-23	0.001215800002682954
41	1e-23	0.0013063999940641224
42	1e-23	0.0013779000146314502
43	1e-23	0.0011763999937102199
44	1e-23	0.0011512000346556306
45	1e-23	0.0011340000201016665
46	1e-23	0.0012050000368617475
47	1e-23	0.0011892999755218625
48	1e-23	0.0012160999467596412
49	1e-23	0.0013826999929733574
50	1e-23	0.0016060000052675605
51	1e-23	0.001208700006827712
52	1e-23	0.0013688000035472214
53	1e-23	0.0013202999834902585
54	1e-23	0.001199199992697686
55	1e-23	0.0012332000187598169
56	1e-23	0.0013733000378124416
57	1e-23	0.0014039999805390835
58	1e-23	0.0012321000103838742
59	1e-23	0.0012649999698624015
60	1e-23	0.0011339000193402171
61	1e-23	0.0011396000045351684
62	1e-23	0.0011828000424429774
63	1e-23	0.0012129000388085842
64	1e-23	0.0012337000225670636
65	1e-23	0.001275799993891269
66	1e-23	0.0011458999942988157
67	1e-23	0.0011495000217109919
68	1e-23	0.0011674999841488898
69	1e-23	0.0011258999584242702
70	1e-23	0.0011105999583378434
71	1e-23	0.0011032000184059143
72	1e-23	0.0011609999928623438
73	1e-23	0.001186500012408942
74	1e-23	0.001193600008264184
75	1e-23	0.001254200004041195
76	1e-23	0.0012592999846674502
77	1e-23	0.0016134000034071505
78	1e-23	0.0016304999589920044
79	1e-23	0.0012243000091984868
80	1e-23	0.001213699986692518
81	1e-23	0.0011902999831363559
82	1e-23	0.0011818999773822725
83	1e-23	0.0011854000040329993
84	1e-23	0.0011896000360138714
85	1e-23	0.0012028999626636505
86	1e-23	0.0010541999945417047
87	1e-23	0.0010969999711960554
88	1e-23	0.0011272000265307724
89	1e-23	0.0016583999968133867
90	1e-23	0.00120160001097247
91	1e-23	0.0011855000047944486
92	1e-23	0.0011671000393107533
93	1e-23	0.0011632000096142292
94	1e-23	0.001193000003695488
95	1e-23	0.0011825999827124178
96	1e-23	0.0011787000112235546
97	1e-23	0.0011217999854125082
98	1e-23	0.0011754000443033874
99	1e-23	0.001133000012487173
100	1e-23	0.0012271000305190682
101	1e-23	0.001083899987861514
102	1e-23	0.001685400027781725
103	1e-23	0.0013499000342562795
104	1e-23	0.0011721999617293477
105	1e-23	0.0010999999940395355
106	1e-23	0.0011613999959081411
107	1e-23	0.0012761999969370663
108	1e-23	0.0014489999739453197
109	1e-23	0.0012727000284940004
110	1e-23	0.0012038999702781439
111	1e-23	0.0012478000135160983
112	1e-23	0.0012846000026911497
113	1e-23	0.0012060999870300293
114	1e-23	0.0013852999545633793
115	1e-23	0.0012533999979496002
116	1e-23	0.0013538000057451427
117	1e-23	0.0012380999978631735
118	1e-23	0.0013731999788433313
119	1e-23	0.001199799997266382
120	1e-23	0.001221399987116456
121	1e-23	0.0011283999774605036
122	1e-23	0.0012565000215545297
123	1e-23	0.0010195999639108777
124	1e-23	0.0012946000206284225
125	1e-23	0.0011825000401586294
126	1e-23	0.0013788999640382826
127	1e-23	0.001359199988655746
128	1e-23	0.0012607999960891902
129	1e-23	0.0011991000501438975
130	1e-23	0.0013701000134460628
131	1e-23	0.001249500026460737
132	1e-23	0.0012450999929569662
133	1e-23	0.001541400037240237
134	1e-23	0.001375799998641014
135	1e-23	0.0012483999598771334
136	1e-23	0.0013354999828152359
137	1e-23	0.0016272999928332865
138	1e-23	0.001643700001295656
139	1e-23	0.0014885000418871641
140	1e-23	0.0013522999943234026
141	1e-23	0.0015279999934136868
142	1e-23	0.0012986999936401844
143	1e-23	0.0013438000460155308
144	1e-23	0.0012824999867007136
145	1e-23	0.0012191999703645706
146	1e-23	0.001255400013178587
147	1e-23	0.001240900019183755
148	1e-23	0.0013844000059179962
149	1e-23	0.0012467000051401556
150	1e-23	0.0014438999933190644
151	1e-23	0.001586599973961711
152	1e-23	0.0012942000175826252
153	1e-23	0.0011662999750114977
154	1e-23	0.0012839999981224537
155	1e-23	0.0011352000292390585
156	1e-23	0.0012122999760322273
157	1e-23	0.001233800023328513
158	1e-23	0.0012775000068359077
159	1e-23	0.001282299985177815
160	1e-23	0.0012566999648697674
161	1e-23	0.0012306999997235835
162	1e-23	0.0012214999878779054
163	1e-23	0.0013028000248596072
164	1e-23	0.0012147999950684607
165	1e-23	0.0011430000304244459
166	1e-23	0.0010636000079102814
167	1e-23	0.0012067999923601747
168	1e-23	0.0011887000291608274
169	1e-23	0.0011479000095278025
170	1e-23	0.0011319000041112304
171	1e-23	0.0012073999969288707
172	1e-23	0.0013080000062473118
173	1e-23	0.0013129999861121178
174	1e-23	0.0013859000173397362
175	1e-23	0.0013349999790079892
176	1e-23	0.001240600016899407
177	1e-23	0.0014931000187061727
178	1e-23	0.0012397000100463629
179	1e-23	0.0015008999616838992
180	1e-23	0.0013553000171668828
181	1e-23	0.001158099970780313
182	1e-23	0.001116100000217557
183	1e-23	0.001216700009535998
184	1e-23	0.0013143999967724085
185	1e-23	0.0011606000480242074
186	1e-23	0.0011817999766208231
187	1e-23	0.0011380999931134284
188	1e-23	0.0011405000113882124
189	1e-23	0.0011079999967478216
190	1e-23	0.0012116999714635313
191	1e-23	0.0010841000475920737
192	1e-23	0.0010438000317662954
193	1e-23	0.0010728000197559595
194	1e-23	0.0011558000114746392
195	1e-23	0.0010851999977603555
196	1e-23	0.0010861000046133995
197	1e-23	0.0013104999670758843
198	1e-23	0.001049000013154
199	1e-23	0.001041000010445714
200	1e-23	0.0010372000397183
201	1e-23	0.0010783000034280121
202	1e-23	0.0010091000003740191
203	1e-23	0.0009840999846346676
204	1e-23	0.0010795000125654042
205	1e-23	0.0011616999981924891
206	1e-23	0.0011912000481970608
207	1e-23	0.0010670000337995589
208	1e-23	0.0010587000288069248
209	1e-23	0.0010531999869272113
210	1e-23	0.0010445999796502292
211	1e-23	0.0012761999969370663
212	1e-23	0.0012369999894872308
213	1e-23	0.0011566000175662339
214	1e-23	0.0010947000118903816
215	1e-23	0.0011635000118985772
216	1e-23	0.001090999983716756
217	1e-23	0.001055500004440546
218	1e-23	0.0010819000308401883
219	1e-23	0.0011086000013165176
220	1e-23	0.0010780000011436641
221	1e-23	0.0010356000275351107
222	1e-23	0.00102240004343912
223	1e-23	0.0010743000311776996
224	1e-23	0.0011232999968342483
225	1e-23	0.0012600000482052565
226	1e-23	0.0013016000157222152
227	1e-23	0.0012565000215545297
228	1e-23	0.0012240000069141388
229	1e-23	0.0016563999815844
230	1e-23	0.001470100018195808
231	1e-23	0.0012150999973528087
232	1e-23	0.0015385000151582062
233	1e-23	0.0014993999502621591
234	1e-23	0.0011705000069923699
235	1e-23	0.0011586000327952206
236	1e-23	0.00134680001065135
237	1e-23	0.0011460999958217144
238	1e-23	0.001288799976464361
239	1e-23	0.0011279999744147062
240	1e-23	0.0010362999746575952
241	1e-23	0.0010387999936938286
242	1e-23	0.0011446999851614237
243	1e-23	0.0011576000251807272
244	1e-23	0.0012125000357627869
245	1e-23	0.0011407999554648995
246	1e-23	0.00121640000725165
247	1e-23	0.0011206999770365655
248	1e-23	0.0011258999584242702
249	1e-23	0.001409500022418797
250	1e-23	0.0012512000394053757
251	1e-23	0.0012692000018432736
252	1e-23	0.0015585999935865402
253	1e-23	0.0012041000300087035
254	1e-23	0.0012057000421918929
255	1e-23	0.0012452999944798648
256	1e-23	0.001144499983638525
257	1e-23	0.001102500013075769
258	1e-23	0.0011216000420972705
259	1e-23	0.001148299954365939
260	1e-23	0.001331400009803474
261	1e-23	0.001277300005313009
262	1e-23	0.001242400030605495
263	1e-23	0.0011348000261932611
264	1e-23	0.0010730000212788582
265	1e-23	0.0011182999587617815
266	1e-23	0.001095400017220527
267	1e-23	0.001129099982790649
268	1e-23	0.0012008000048808753
269	1e-23	0.0011418999638408422
270	1e-23	0.0012392000062391162
271	1e-23	0.0011386999976821244
272	1e-23	0.0011012000031769276
273	1e-23	0.001059899979736656
274	1e-23	0.0013243999565020204
275	1e-23	0.0011868999572470784
276	1e-23	0.0012226999970152974
277	1e-23	0.0011079999967478216
278	1e-23	0.0010528999846428633
279	1e-23	0.0011460999958217144
280	1e-23	0.0012656999751925468
281	1e-23	0.0011632000096142292
282	1e-23	0.0011839999933727086
283	1e-23	0.0011375000467523932
284	1e-23	0.00117790000513196
285	1e-23	0.0010522000375203788
286	1e-23	0.0012137999874539673
287	1e-23	0.001381999987643212
288	1e-23	0.0010726000182330608
289	1e-23	0.0010267000179737806
290	1e-23	0.0012143999920226634
291	1e-23	0.001138899999205023
292	1e-23	0.001067600038368255
293	1e-23	0.0012040000292472541
294	1e-23	0.0011128999758511782
295	1e-23	0.0012333999620750546
296	1e-23	0.0011317000025883317
297	1e-23	0.0011819000355899334
298	1e-23	0.0011133999796584249
299	1e-23	0.0010813999688252807
300	1e-23	0.001304199977312237
301	1e-23	0.0010873000137507915
302	1e-23	0.0010613000486046076
303	1e-23	0.0010981999803334475
304	1e-23	0.0010807000217027962
305	1e-23	0.0010083999950438738
306	1e-23	0.0010439999750815332
307	1e-23	0.0010016000014729798
308	1e-23	0.001083299983292818
309	1e-23	0.0010085999965667725
310	1e-23	0.0010151999886147678
311	1e-23	0.0010130999726243317
312	1e-23	0.001149799965787679
313	1e-23	0.0010865000076591969
314	1e-23	0.0014506999868899584
315	1e-23	0.0012357999803498387
316	1e-23	0.0011699000024236739
317	1e-23	0.0010635999497026205
318	1e-23	0.001094500010367483
319	1e-23	0.001101600006222725
320	1e-23	0.001146000053267926
321	1e-23	0.0010862000053748488
322	1e-23	0.0012026000185869634
323	1e-23	0.0011474000057205558
324	1e-23	0.0010649999603629112
325	1e-23	0.0012462000013329089
326	1e-23	0.0011275000288151205
327	1e-23	0.0012647000257857144
328	1e-23	0.0011334000155329704
329	1e-23	0.0012349000317044556
330	1e-23	0.001068799989297986
331	1e-23	0.0010909000411629677
332	1e-23	0.001135299971792847
333	1e-23	0.0011999999987892807
334	1e-23	0.0010987999849021435
335	1e-23	0.0010428999667055905
336	1e-23	0.0010976999765262008
337	1e-23	0.0011476000072434545
338	1e-23	0.00106819998472929
339	1e-23	0.001065799966454506
340	1e-23	0.0014586999895982444
341	1e-23	0.0011768999975174665
342	1e-23	0.001089799974579364
343	1e-23	0.0011473000049591064
344	1e-23	0.001193000003695488
345	1e-23	0.0010804000194184482
346	1e-23	0.001063200004864484
347	1e-23	0.0011264999629929662
348	1e-23	0.0010668999748304486
349	1e-23	0.0010392999975010753
350	1e-23	0.001149499963503331
351	1e-23	0.0011106000165455043
352	1e-23	0.0010891000274568796
353	1e-23	0.0012023000163026154
354	1e-23	0.0014492000336758792
355	1e-23	0.0011437999783083797
356	1e-23	0.0011962000280618668
357	1e-23	0.0012129000388085842
358	1e-23	0.0011458999942988157
359	1e-23	0.0012002000003121793
360	1e-23	0.0011454999912530184
361	1e-23	0.0011341000208631158
362	1e-23	0.0011128000332973897
363	1e-23	0.0011129999766126275
364	1e-23	0.00108299998100847
365	1e-23	0.0011580000282265246
366	1e-23	0.0012123999767936766
367	1e-23	0.0011423000250943005
368	1e-23	0.0011967999744229019
369	1e-23	0.001103099959436804
370	1e-23	0.00104010000359267
371	1e-23	0.0012209000415168703
372	1e-23	0.001137699990067631
373	1e-23	0.0011219000443816185
374	1e-23	0.0010667999740689993
375	1e-23	0.0011955999652855098
376	1e-23	0.0010620999964885414
377	1e-23	0.0010094000026583672
378	1e-23	0.001033899956382811
379	1e-23	0.0010560000082477927
380	1e-23	0.0012479000142775476
381	1e-23	0.0010261000134050846
382	1e-23	0.001088599965441972
383	1e-23	0.001073499966878444
384	1e-23	0.0010400000028312206
385	1e-23	0.0010061999782919884
386	1e-23	0.0010408000089228153
387	1e-23	0.0010562999523244798
388	1e-23	0.0010062999790534377
389	1e-23	0.0010113000171259046
390	1e-23	0.0010553000029176474
391	1e-23	0.0010370999807491899
392	1e-23	0.0010233999928459525
393	1e-23	0.001012300024740398
394	1e-23	0.001442899985704571
395	1e-23	0.0010932000004686415
396	1e-23	0.0010296999826095998
397	1e-23	0.001101900008507073
398	1e-23	0.0010618000524118543
399	1e-23	0.0010713000083342195
400	1e-23	0.001144800044130534
401	1e-23	0.001122599991504103
402	1e-23	0.0011563000152818859
403	1e-23	0.0010867000091820955
404	1e-23	0.0010306000476703048
405	1e-23	0.00118830002611503
406	1e-23	0.0011186000192537904
407	1e-23	0.0011916999937966466
408	1e-23	0.0012640999630093575
409	1e-23	0.0013133999891579151
410	1e-23	0.0011264999629929662
411	1e-23	0.001126200018916279
412	1e-23	0.0012101000174880028
413	1e-23	0.0011839999933727086
414	1e-23	0.0011420000228099525
415	1e-23	0.0012122999760322273
416	1e-23	0.0011624000035226345
417	1e-23	0.0011264999629929662
418	1e-23	0.0011534999939613044
419	1e-23	0.001146599999628961
420	1e-23	0.0018362000118941069
421	1e-23	0.0013015999575145543
422	1e-23	0.0012175999581813812
423	1e-23	0.0010957999620586634
424	1e-23	0.0010659999679774046
425	1e-23	0.0011428999714553356
426	1e-23	0.0010205000289715827
427	1e-23	0.0010198999661952257
428	1e-23	0.0010077999904751778
429	1e-23	0.0010881000198423862
430	1e-23	0.0010977000347338617
431	1e-23	0.0009855999960564077
432	1e-23	0.0010365999769419432
433	1e-23	0.001099300046917051
434	1e-23	0.0011968000326305628
435	1e-23	0.0010922999936155975
436	1e-23	0.0010997999925166368
437	1e-23	0.0010418000165373087
438	1e-23	0.001070900005288422
439	1e-23	0.0010747999767772853
440	1e-23	0.0011212999816052616
441	1e-23	0.0010195999639108777
442	1e-23	0.0010296999826095998
443	1e-23	0.001307699945755303
444	1e-23	0.0011706999503076077
445	1e-23	0.0010671999771147966
446	1e-23	0.0010091000003740191
447	1e-23	0.0012952000251971185
448	1e-23	0.0013336999691091478
449	1e-23	0.0011977999820373952
450	1e-23	0.0012223999947309494
451	1e-23	0.0011754000443033874
452	1e-23	0.0010862000053748488
453	1e-23	0.0011393000022508204
454	1e-23	0.0011275000288151205
455	1e-23	0.001160499989055097
456	1e-23	0.0011242999462410808
457	1e-23	0.0012040999718010426
458	1e-23	0.0011564000160433352
459	1e-23	0.0016500999918207526
460	1e-23	0.0011662000324577093
461	1e-23	0.001236199983395636
462	1e-23	0.0011496000224724412
463	1e-23	0.0011502999695949256
464	1e-23	0.0012706000125035644
465	1e-23	0.0012827999889850616
466	1e-23	0.0011223999899812043
467	1e-23	0.001244800048880279
468	1e-23	0.0011864000116474926
469	1e-23	0.0011747999815270305
470	1e-23	0.0011926000006496906
471	1e-23	0.0011645000195130706
472	1e-23	0.0012018000124953687
473	1e-23	0.001206899993121624
474	1e-23	0.0012772000045515597
475	1e-23	0.0010776999988593161
476	1e-23	0.0010615999926812947
477	1e-23	0.001287899969611317
478	1e-23	0.001104300026781857
479	1e-23	0.0010152000468224287
480	1e-23	0.0010143000399693847
481	1e-23	0.001148599956650287
482	1e-23	0.0011322999489493668
483	1e-23	0.0010400000028312206
484	1e-23	0.0010442000348120928
485	1e-23	0.0014647000352852046
486	1e-23	0.0013358999858610332
487	1e-23	0.00115720002213493
488	1e-23	0.001449699979275465
489	1e-23	0.0012929000076837838
490	1e-23	0.001297099981456995
491	1e-23	0.0012039000284858048
492	1e-23	0.0013898000470362604
493	1e-23	0.001192399999126792
494	1e-23	0.001227899978403002
495	1e-23	0.0011895999778062105
496	1e-23	0.0011498000239953399
497	1e-23	0.0013981999945826828
498	1e-23	0.0011709000100381672
499	1e-23	0.0010593999759294093
500	1e-23	0.0010164999985136092
501	1e-23	0.0011355000315234065
502	1e-23	0.001287299965042621
503	1e-23	0.001126800023484975
504	1e-23	0.0012100000167265534
505	1e-23	0.001248900021892041
506	1e-23	0.0013392999535426497
507	1e-23	0.0011261000181548297
508	1e-23	0.0011738999746739864
509	1e-23	0.0011053000343963504
510	1e-23	0.001504699990618974
511	1e-23	0.0012947000213898718
512	1e-23	0.0011244999477639794
513	1e-23	0.0010405000066384673
514	1e-23	0.0011171000078320503
515	1e-23	0.00113060005242005
516	1e-23	0.001193300005979836
517	1e-23	0.0011212999816052616
518	1e-23	0.0011605999898165464
519	1e-23	0.001083299983292818
520	1e-23	0.0010642000124789774
521	1e-23	0.001188000023830682
522	1e-23	0.0011432000319473445
523	1e-23	0.0012526999926194549
524	1e-23	0.0011423000250943005
525	1e-23	0.001150400028564036
526	1e-23	0.0011735999723896384
527	1e-23	0.001027100021019578
528	1e-23	0.0010092000011354685
529	1e-23	0.0010993999894708395
530	1e-23	0.001012899971101433
531	1e-23	0.0010283999727107584
532	1e-23	0.0010427999659441411
533	1e-23	0.0010562999523244798
534	1e-23	0.0010068999836221337
535	1e-23	0.0010198999661952257
536	1e-23	0.0011383999953977764
537	1e-23	0.0011888999724760652
538	1e-23	0.001216100004967302
539	1e-23	0.0011266999645158648
540	1e-23	0.0012176000163890421
541	1e-23	0.0012253000168129802
542	1e-23	0.0012441999861039221
543	1e-23	0.0014046999858692288
544	1e-23	0.0011610999936237931
545	1e-23	0.0010834999848157167
546	1e-23	0.0011744999792426825
547	1e-23	0.0011163000017404556
548	1e-23	0.001115199993364513
549	1e-23	0.0012082000030204654
550	1e-23	0.0011589000350795686
551	1e-23	0.001128799980506301
552	1e-23	0.001069099991582334
553	1e-23	0.0010964999673888087
554	1e-23	0.0010615999926812947
555	1e-23	0.001000199990812689
556	1e-23	0.0011328000109642744
557	1e-23	0.001038899994455278
558	1e-23	0.0010538999922573566
559	1e-23	0.001000199990812689
560	1e-23	0.0010108000133186579
561	1e-23	0.0010793000110425055
562	1e-23	0.0010628000018186867
563	1e-23	0.000990999978967011
564	1e-23	0.0013151000021025538
565	1e-23	0.0012608999968506396
566	1e-23	0.0011947000166401267
567	1e-23	0.0011643999605439603
568	1e-23	0.0011777000036090612
569	1e-23	0.0011298000463284552
570	1e-23	0.0011097000096924603
571	1e-23	0.0010759999859146774
572	1e-23	0.0010867000091820955
573	1e-23	0.0010588999721221626
574	1e-23	0.0010368999792262912
575	1e-23	0.0010842999909073114
576	1e-23	0.0010958000202663243
577	1e-23	0.0011761999921873212
578	1e-23	0.0012472999515011907
579	1e-23	0.001102200010791421
580	1e-23	0.0010837999871000648
581	1e-23	0.000998099974822253
582	1e-23	0.0010415000142529607
583	1e-23	0.0010996999917551875
584	1e-23	0.0010212999768555164
585	1e-23	0.0009826000314205885
586	1e-23	0.0010021000052802265
587	1e-23	0.0012960999738425016
588	1e-23	0.0011523999855853617
589	1e-23	0.0010269999620504677
590	1e-23	0.0011117999674752355
591	1e-23	0.0013555999612435699
592	1e-23	0.001325499964877963
593	1e-23	0.0012348000309430063
594	1e-23	0.0011685999925248325
595	1e-23	0.0011638000141829252
596	1e-23	0.0012633000151254237
597	1e-23	0.0014912000042386353
598	1e-23	0.001275499991606921
599	1e-23	0.0012213000445626676
600	1e-23	0.0011640999582596123
601	1e-23	0.0011074999929405749
602	1e-23	0.0011339000193402171
603	1e-23	0.001125600014347583
604	1e-23	0.001423700014129281
605	1e-23	0.001190899987705052
606	1e-23	0.0011343999649398029
607	1e-23	0.0012778000091202557
608	1e-23	0.0011910999892279506
609	1e-23	0.0011516999802552164
610	1e-23	0.0011458999942988157
611	1e-23	0.00116460002027452
612	1e-23	0.0010352999670431018
613	1e-23	0.0011124999728053808
614	1e-23	0.0012124000350013375
615	1e-23	0.0011169000063091516
616	1e-23	0.001075299980584532
617	1e-23	0.0012963999761268497
618	1e-23	0.0013031999696977437
619	1e-23	0.0011799000203609467
620	1e-23	0.0011254000128246844
621	1e-23	0.0011317000025883317
622	1e-23	0.001034500019159168
623	1e-23	0.0010179000091738999
624	1e-23	0.0012102999608032405
625	1e-23	0.0013315000105649233
626	1e-23	0.0014821999939158559
627	1e-23	0.0011876000207848847
628	1e-23	0.0011188999633304775
629	1e-23	0.0010474000009708107
630	1e-23	0.0015626999665983021
631	1e-23	0.0013880999758839607
632	1e-23	0.0011634000111371279
633	1e-23	0.0011320000048726797
634	1e-23	0.0011346000246703625
635	1e-23	0.0011363999801687896
636	1e-23	0.0011306999949738383
637	1e-23	0.0012359999818727374
638	1e-23	0.0014560999698005617
639	1e-23	0.001171699957922101
640	1e-23	0.0011174000101163983
641	1e-23	0.0011125000310130417
642	1e-23	0.0017288000090047717
643	1e-23	0.0012953000259585679
644	1e-23	0.0012088000075891614
645	1e-23	0.0011180000146850944
646	1e-23	0.0010948999552056193
647	1e-23	0.0012499999720603228
648	1e-23	0.0011904999846592546
649	1e-23	0.001188600028399378
650	1e-23	0.0012163000064902008
651	1e-23	0.0012674000463448465
652	1e-23	0.0014749999972991645
653	1e-23	0.001205699983984232
654	1e-23	0.0013632999616675079
655	1e-23	0.0011971000349149108
656	1e-23	0.001138299994636327
657	1e-23	0.0011865999549627304
658	1e-23	0.0010834000422619283
659	1e-23	0.001096900028642267
660	1e-23	0.0012457999982871115
661	1e-23	0.0011713000130839646
662	1e-23	0.0011818999773822725
663	1e-23	0.0012396000092849135
664	1e-23	0.0012407999602146447
665	1e-23	0.001172900025267154
666	1e-23	0.0012377999955788255
667	1e-23	0.001372499973513186
668	1e-23	0.0012937000137753785
669	1e-23	0.0012477999553084373
670	1e-23	0.0012916999985463917
671	1e-23	0.0012184000224806368
672	1e-23	0.001269900007173419
673	1e-23	0.0015290000010281801
674	1e-23	0.0013223999994806945
675	1e-23	0.001279400021303445
676	1e-23	0.0015513999969698489
677	1e-23	0.0011989999911747873
678	1e-23	0.0013577999779954553
679	1e-23	0.001269300002604723
680	1e-23	0.0010928999981842935
681	1e-23	0.0010306999902240932
682	1e-23	0.0011004999978467822
683	1e-23	0.0012160000042058527
684	1e-23	0.001115799997933209
685	1e-23	0.0012274999753572047
686	1e-23	0.0012925999471917748
687	1e-23	0.001204199972562492
688	1e-23	0.0011009000008925796
689	1e-23	0.0013188999728299677
690	1e-23	0.0017773000290617347
691	1e-23	0.0012388000031933188
692	1e-23	0.0010983999818563461
693	1e-23	0.001277900009881705
694	1e-23	0.00121640000725165
695	1e-23	0.0011665000347420573
696	1e-23	0.0011071999906562269
697	1e-23	0.0010773000540211797
698	1e-23	0.001131199998781085
699	1e-23	0.0011509000323712826
700	1e-23	0.0011476999497972429
701	1e-23	0.0010782000026665628
702	1e-23	0.0011139999842271209
703	1e-23	0.0015048999921418726
704	1e-23	0.0012332000187598169
705	1e-23	0.0011115999659523368
706	1e-23	0.0012211999855935574
707	1e-23	0.0011696000001393259
708	1e-23	0.0010734000243246555
709	1e-23	0.0011905999854207039
710	1e-23	0.0011363000376150012
711	1e-23	0.0010715000098571181
712	1e-23	0.0011374999885447323
713	1e-23	0.0013430999824777246
714	1e-23	0.0012442999868653715
715	1e-23	0.0011212999816052616
716	1e-23	0.0013166999560780823
717	1e-23	0.00116460002027452
718	1e-23	0.0011389999999664724
719	1e-23	0.0012233000015839934
720	1e-23	0.0011753999860957265
721	1e-23	0.0010912000434473157
722	1e-23	0.0010790000087581575
723	1e-23	0.001104300026781857
724	1e-23	0.001096000021789223
725	1e-23	0.001101000001654029
726	1e-23	0.0010358000290580094
727	1e-23	0.0011171000078320503
728	1e-23	0.0010589000303298235
729	1e-23	0.0013122999807819724
730	1e-23	0.0012573999701999128
731	1e-23	0.0011506000300869346
732	1e-23	0.0011116000241599977
733	1e-23	0.0011725000222213566
734	1e-23	0.0012375999940559268
735	1e-23	0.0011660000309348106
736	1e-23	0.0011362999794073403
737	1e-23	0.001155699952505529
738	1e-23	0.0011359000345692039
739	1e-23	0.0011490000179037452
740	1e-23	0.0012591000413522124
741	1e-23	0.0011681999894790351
742	1e-23	0.0011100000119768083
743	1e-23	0.0012667000410147011
744	1e-23	0.0012978999875485897
745	1e-23	0.0011214000405743718
746	1e-23	0.0010582999675534666
747	1e-23	0.0010211000335402787
748	1e-23	0.001122899993788451
749	1e-23	0.001113200036343187
750	1e-23	0.0010498000192455947
751	1e-23	0.001142699969932437
752	1e-23	0.001081799971871078
753	1e-23	0.0010590999736450613
754	1e-23	0.0010519000352360308
755	1e-23	0.0011746000382117927
756	1e-23	0.0015170000260695815
757	1e-23	0.0012611999991349876
758	1e-23	0.0013167000142857432
759	1e-23	0.001277900009881705
760	1e-23	0.0012220999924466014
761	1e-23	0.0011912999907508492
762	1e-23	0.0012454999960027635
763	1e-23	0.0012354999780654907
764	1e-23	0.0013194000348448753
765	1e-23	0.0012010999489575624
766	1e-23	0.0011240000021643937
767	1e-23	0.0011230999953113496
768	1e-23	0.0013969999854452908
769	1e-23	0.0011460999958217144
770	1e-23	0.0011021000100299716
771	1e-23	0.0011063999845646322
772	1e-23	0.0011293000425212085
773	1e-23	0.0011189000215381384
774	1e-23	0.00103420001687482
775	1e-23	0.0011681000469252467
776	1e-23	0.0011051999754272401
777	1e-23	0.0010912999860011041
778	1e-23	0.0011958999675698578
779	1e-23	0.0011236999998800457
780	1e-23	0.0010151999886147678
781	1e-23	0.0015160000184550881
782	1e-23	0.0012107999646104872
783	1e-23	0.0010757999843917787
784	1e-23	0.0010987999849021435
785	1e-23	0.0011754000443033874
786	1e-23	0.001220499980263412
787	1e-23	0.0011400000075809658
788	1e-23	0.001117300009354949
789	1e-23	0.0011174000101163983
790	1e-23	0.0011020999518223107
791	1e-23	0.0010976000339724123
792	1e-23	0.0013383000041358173
793	1e-23	0.001287299965042621
794	1e-23	0.0013049000408500433
795	1e-23	0.0011600999860092998
796	1e-23	0.0011606999905779958
797	1e-23	0.0010762999881990254
798	1e-23	0.0010567999561317265
799	1e-23	0.0011963999713771045
800	1e-23	0.0010936999460682273
801	1e-23	0.00103420001687482
802	1e-23	0.001040700008161366
803	1e-23	0.0011449000448919833
804	1e-23	0.0010562000097706914
805	1e-23	0.0010276000248268247
806	1e-23	0.0010692999931052327
807	1e-23	0.0012660000356845558
808	1e-23	0.0012040000292472541
809	1e-23	0.001095100014936179
810	1e-23	0.0011403000098653138
811	1e-23	0.001137399987783283
812	1e-23	0.0011962999706156552
813	1e-23	0.001236499985679984
814	1e-23	0.0012326000141911209
815	1e-23	0.0011372999870218337
816	1e-23	0.0011338999611325562
817	1e-23	0.0013295999960973859
818	1e-23	0.0011436999775469303
819	1e-23	0.001095700019504875
820	1e-23	0.0014924000133760273
821	1e-23	0.0011639000149443746
822	1e-23	0.0011434999760240316
823	1e-23	0.001190899987705052
824	1e-23	0.0011498999665491283
825	1e-23	0.0010676999809220433
826	1e-23	0.0010998999932780862
827	1e-23	0.0011715999571606517
828	1e-23	0.0010700999991968274
829	1e-23	0.0012386000016704202
830	1e-23	0.0012978999875485897
831	1e-23	0.0011781000066548586
832	1e-23	0.001120000029914081
833	1e-23	0.0014956999802961946
834	1e-23	0.001270200009457767
835	1e-23	0.0011573999654501677
836	1e-23	0.0010979999788105488
837	1e-23	0.001151899981778115
838	1e-23	0.0011971000349149108
839	1e-23	0.0010453000431880355
840	1e-23	0.0010578000219538808
841	1e-23	0.001269000000320375
842	1e-23	0.0011394000030122697
843	1e-23	0.0010998999932780862
844	1e-23	0.0011038000229746103
845	1e-23	0.001098400040064007
846	1e-23	0.0012861000141128898
847	1e-23	0.0013115000328980386
848	1e-23	0.001204799977131188
849	1e-23	0.0011622000019997358
850	1e-23	0.0010986999841406941
851	1e-23	0.001129999989643693
852	1e-23	0.001129999989643693
853	1e-23	0.0010207000304944813
854	1e-23	0.0010848999954760075
855	1e-23	0.001133000012487173
856	1e-23	0.0011036000214517117
857	1e-23	0.001068200042936951
858	1e-23	0.0010943000088445842
859	1e-23	0.0012491000234149396
860	1e-23	0.001083599985577166
861	1e-23	0.0010288999765180051
862	1e-23	0.0012469000066630542
863	1e-23	0.0010432000271975994
864	1e-23	0.0010446999804116786
865	1e-23	0.0010939000057987869
866	1e-23	0.0010950000141747296
867	1e-23	0.0010240000556223094
868	1e-23	0.001040400005877018
869	1e-23	0.0010429999674670398
870	1e-23	0.001180300023406744
871	1e-23	0.0010902000358328223
872	1e-23	0.0010205000289715827
873	1e-23	0.0014131999923847616
874	1e-23	0.0012249000137671828
875	1e-23	0.0011340000201016665
876	1e-23	0.0011937000090256333
877	1e-23	0.0012594999861903489
878	1e-23	0.0012966000358574092
879	1e-23	0.0012506999773904681
880	1e-23	0.0011550000053830445
881	1e-23	0.0011045999708585441
882	1e-23	0.0010707000037655234
883	1e-23	0.001534599985461682
884	1e-23	0.0010734000243246555
885	1e-23	0.0012854000087827444
886	1e-23	0.0013478999608196318
887	1e-23	0.0011100999545305967
888	1e-23	0.0010816999711096287
889	1e-23	0.0010059999767690897
890	1e-23	0.0012376999948173761
891	1e-23	0.001034500019159168
892	1e-23	0.0010155999916605651
893	1e-23	0.0010531999869272113
894	1e-23	0.0011266999645158648
895	1e-23	0.0010726999607868493
896	1e-23	0.0010264000156894326
897	1e-23	0.0013289999915286899
898	1e-23	0.0013461000053212047
899	1e-23	0.0013068999978713691
900	1e-23	0.0016261999844573438
901	1e-23	0.001206299988552928
902	1e-23	0.0011451999889686704
903	1e-23	0.0012582000344991684
904	1e-23	0.0012503999751061201
905	1e-23	0.0012067999923601747
906	1e-23	0.0010872999555431306
907	1e-23	0.001103100017644465
908	1e-23	0.0010301999864168465
909	1e-23	0.0010159999947063625
910	1e-23	0.0010228999890387058
911	1e-23	0.0013739000423811376
912	1e-23	0.001514800009317696
913	1e-23	0.001155999954789877
914	1e-23	0.0011832000454887748
915	1e-23	0.0011822999804280698
916	1e-23	0.0012359999818727374
917	1e-23	0.0012215000460855663
918	1e-23	0.0012011000071652234
919	1e-23	0.0012278000358492136
920	1e-23	0.0011951999622397125
921	1e-23	0.0012337000225670636
922	1e-23	0.001219899975694716
923	1e-23	0.0017769999685697258
924	1e-23	0.0011473000049591064
925	1e-23	0.0011614999966695905
926	1e-23	0.0010597999789752066
927	1e-23	0.00115280004683882
928	1e-23	0.0010943999513983727
929	1e-23	0.0011069000465795398
930	1e-23	0.0011285999789834023
931	1e-23	0.001126200018916279
932	1e-23	0.0010329000069759786
933	1e-23	0.0010311999940313399
934	1e-23	0.0012253000168129802
935	1e-23	0.0012425000313669443
936	1e-23	0.001208700006827712
937	1e-23	0.0012793999630957842
938	1e-23	0.0011517999810166657
939	1e-23	0.0012184000224806368
940	1e-23	0.0011603999882936478
941	1e-23	0.001402400026563555
942	1e-23	0.0011959999683313072
943	1e-23	0.0011069999891333282
944	1e-23	0.0011591999791562557
945	1e-23	0.0011952000204473734
946	1e-23	0.0010763999889604747
947	1e-23	0.0011039000237360597
948	1e-23	0.0011838999926112592
949	1e-23	0.001236499985679984
950	1e-23	0.0012999000027775764
951	1e-23	0.0012649999698624015
952	1e-23	0.0014529000036418438
953	1e-23	0.0011169000063091516
954	1e-23	0.0012713000178337097
955	1e-23	0.0011509000323712826
956	1e-23	0.0010544999968260527
957	1e-23	0.001098400040064007
958	1e-23	0.001137699990067631
959	1e-23	0.0011325000086799264
960	1e-23	0.0011687999940477312
961	1e-23	0.0014115999802015722
962	1e-23	0.0011891000322066247
963	1e-23	0.0012798000243492424
964	1e-23	0.001336699991952628
965	1e-23	0.0012365999864414334
966	1e-23	0.001249200024176389
967	1e-23	0.0013430999824777246
968	1e-23	0.0011581999715417624
969	1e-23	0.0011654000263661146
970	1e-23	0.00123559997882694
971	1e-23	0.0012040999718010426
972	1e-23	0.0012951000244356692
973	1e-23	0.0011869999580085278
974	1e-23	0.001554699963890016
975	1e-23	0.0013199999812059104
976	1e-23	0.0010435999720357358
977	1e-23	0.001226999971549958
978	1e-23	0.0011989999911747873
979	1e-23	0.0011688999948091805
980	1e-23	0.0013269999762997031
981	1e-23	0.0013202999834902585
982	1e-23	0.0011841999948956072
983	1e-23	0.0010860000038519502
984	1e-23	0.001129699987359345
985	1e-23	0.0010852999985218048
986	1e-23	0.0016524000093340874
987	1e-23	0.0013140999944880605
988	1e-23	0.0010692999931052327
989	1e-23	0.0010785000049509108
990	1e-23	0.001065499964170158
991	1e-23	0.0011548000038601458
992	1e-23	0.0014558000257238746
993	1e-23	0.0011667999788187444
994	1e-23	0.0011476999497972429
995	1e-23	0.0011907999869436026
996	1e-23	0.0011014000046998262
997	1e-23	0.0012211999855935574
998	1e-23	0.0012058999855071306
999	1e-23	0.0012589000398293138
1000	1e-23	0.0011744999792426825
1001	1e-23	0.0011195999686606228
1002	1e-23	0.0014077999512664974
1003	1e-23	0.00104010000359267
1004	1e-23	0.0011110000195913017
1005	1e-23	0.0011551000061444938
1006	1e-23	0.0011004999978467822
1007	1e-23	0.0011517999810166657
1008	1e-23	0.0010819000308401883
1009	1e-23	0.0010105000110343099
1010	1e-23	0.0010115000186488032
1011	1e-23	0.0011452999897301197
1012	1e-23	0.0012615000014193356
1013	1e-23	0.0011883999686688185
1014	1e-23	0.0012585999793373048
1015	1e-23	0.0012048999778926373
1016	1e-23	0.0010845999931916595
1017	1e-23	0.0010787000064738095
1018	1e-23	0.0012835999950766563
1019	1e-23	0.0011242000036872923
1020	1e-23	0.0010438000317662954
1021	1e-23	0.0011715000146068633
1022	1e-23	0.0012039000284858048
1023	1e-23	0.0011532999924384058
1024	1e-23	0.001161400054115802
1025	1e-23	0.001251000037882477
1026	1e-23	0.001249799970537424
1027	1e-23	0.0011574000236578286
1028	1e-23	0.0012316000065766275
1029	1e-23	0.0010905000381171703
1030	1e-23	0.0010756999836303294
1031	1e-23	0.001171099953353405
1032	1e-23	0.0013433999847620726
1033	1e-23	0.0011953000212088227
1034	1e-23	0.001102500013075769
1035	1e-23	0.0012182000209577382
1036	1e-23	0.0011044000275433064
1037	1e-23	0.0012223999947309494
1038	1e-23	0.0012153999996371567
1039	1e-23	0.0012227999977767467
1040	1e-23	0.0012244000099599361
1041	1e-23	0.0011890000314451754
1042	1e-23	0.001262200006749481
1043	1e-23	0.0010852999985218048
1044	1e-23	0.0010331999510526657
1045	1e-23	0.0010275999666191638
1046	1e-23	0.0011094000074081123
1047	1e-23	0.0010399000020697713
1048	1e-23	0.0010187000152654946
1049	1e-23	0.0011317000025883317
1050	1e-23	0.0019808999495580792
1051	1e-23	0.0014100999687798321
1052	1e-23	0.0010430000256747007
1053	1e-23	0.0013266000314615667
1054	1e-23	0.001109300006646663
1055	1e-23	0.0012796000228263438
1056	1e-23	0.0011483000125735998
1057	1e-23	0.0011206999770365655
1058	1e-23	0.0011560000129975379
1059	1e-23	0.0010457999887876213
1060	1e-23	0.0012216000468470156
1061	1e-23	0.0011722000199370086
1062	1e-23	0.001196000026538968
1063	1e-23	0.001102500013075769
1064	1e-23	0.00102240004343912
1065	1e-23	0.001146599999628961
1066	1e-23	0.001157499966211617
1067	1e-23	0.0010572999599389732
1068	1e-23	0.0010915999882854521
1069	1e-23	0.0010553000029176474
1070	1e-23	0.0010800000163726509
1071	1e-23	0.00101940002059564
1072	1e-23	0.0009933000546880066
1073	1e-23	0.0010457999887876213
1074	1e-23	0.0011048999731428921
1075	1e-23	0.0010108000133186579
1076	1e-23	0.0012441000435501337
1077	1e-23	0.0013222999987192452
1078	1e-23	0.0013402999611571431
1079	1e-23	0.001387000025715679
1080	1e-23	0.0012252000160515308
1081	1e-23	0.001205399981699884
1082	1e-23	0.001114899991080165
1083	1e-23	0.0011607999913394451
1084	1e-23	0.0014355999883264303
1085	1e-23	0.0011490999604575336
1086	1e-23	0.0011377999908290803
1087	1e-23	0.001191799994558096
1088	1e-23	0.0012665000394918025
1089	1e-23	0.0013352999812923372
1090	1e-23	0.0012375999940559268
1091	1e-23	0.001151599979493767
1092	1e-23	0.0010727000189945102
1093	1e-23	0.0010411000112071633
1094	1e-23	0.0011004999978467822
1095	1e-23	0.0010591999744065106
1096	1e-23	0.0010464999941177666
1097	1e-23	0.0011668999795801938
1098	1e-23	0.0011805000249296427
1099	1e-23	0.0011893000337295234
1100	1e-23	0.001090099976863712
1101	1e-23	0.0011519999825395644
1102	1e-23	0.0013152000028640032
1103	1e-23	0.0010783999459818006
1104	1e-23	0.0011076999944634736
1105	1e-23	0.0011613999959081411
1106	1e-23	0.0010705000022426248
1107	1e-23	0.0009201999637298286
1108	1e-23	0.0010981999803334475
1109	1e-23	0.0011970999767072499
1110	1e-23	0.0010839999886229634
1111	1e-23	0.0011270000250078738
1112	1e-23	0.0011548000038601458
1113	1e-23	0.0010130999726243317
1114	1e-23	0.0010989000438712537
1115	1e-23	0.0015183999785222113
1116	1e-23	0.0011743999784812331
1117	1e-23	0.001255100010894239
1118	1e-23	0.0012470000074245036
1119	1e-23	0.0012287000427022576
1120	1e-23	0.0011381999938748777
1121	1e-23	0.001082700036931783
1122	1e-23	0.001297100039664656
1123	1e-23	0.001076499989721924
1124	1e-23	0.0010561999515630305
1125	1e-23	0.0011352000292390585
1126	1e-23	0.0011820999789051712
1127	1e-23	0.0012886999757029116
1128	1e-23	0.0011981999850831926
1129	1e-23	0.0011057999799959362
1130	1e-23	0.0010295999818481505
1131	1e-23	0.0010155999916605651
1132	1e-23	0.001084200048353523
1133	1e-23	0.0010822999756783247
1134	1e-23	0.0010193000198341906
1135	1e-23	0.0010538999922573566
1136	1e-23	0.001064100011717528
1137	1e-23	0.001106100040487945
1138	1e-23	0.001064100011717528
1139	1e-23	0.0010683000436984003
1140	1e-23	0.0011248000082559884
1141	1e-23	0.0012395999510772526
1142	1e-23	0.0010529999854043126
1143	1e-23	0.0011103000142611563
1144	1e-23	0.0010962000233121216
1145	1e-23	0.001018500013742596
1146	1e-23	0.0010251000057905912
1147	1e-23	0.0010618999949656427
1148	1e-23	0.0012089000083506107
1149	1e-23	0.001122599991504103
1150	1e-23	0.0010305999894626439
1151	1e-23	0.001042200019583106
1152	1e-23	0.0010637000086717308
1153	1e-23	0.0011682999902404845
1154	1e-23	0.0011751999845728278
1155	1e-23	0.0015868000336922705
1156	1e-23	0.001295899972319603
1157	1e-23	0.0011416999623179436
1158	1e-23	0.0012063999893143773
1159	1e-23	0.0011750999838113785
1160	1e-23	0.001172599964775145
1161	1e-23	0.00121189997298643
1162	1e-23	0.0011158999986946583
1163	1e-23	0.0011600999860092998
1164	1e-23	0.0011698000016622245
1165	1e-23	0.001284700003452599
1166	1e-23	0.0011454999912530184
1167	1e-23	0.0012831000494770706
1168	1e-23	0.001401800021994859
1169	1e-23	0.0011082999990321696
1170	1e-23	0.001018200011458248
1171	1e-23	0.0011320000048726797
1172	1e-23	0.00107709999429062
1173	1e-23	0.0010575999622233212
1174	1e-23	0.0011268999660387635
1175	1e-23	0.0011699000024236739
1176	1e-23	0.0012731999740935862
1177	1e-23	0.0010976000339724123
1178	1e-23	0.0010645000147633255
1179	1e-23	0.0010876000160351396
1180	1e-23	0.0012532999971881509
1181	1e-23	0.0014397000195458531
1182	1e-23	0.0011857000063173473
1183	1e-23	0.001122599991504103
1184	1e-23	0.0011251000105403364
1185	1e-23	0.0011819000355899334
1186	1e-23	0.0012331000179983675
1187	1e-23	0.0012153999996371567
1188	1e-23	0.0011490000179037452
1189	1e-23	0.0011687999940477312
1190	1e-23	0.001075299980584532
1191	1e-23	0.0013182999682612717
1192	1e-23	0.001207799999974668
1193	1e-23	0.0013553999597206712
1194	1e-23	0.001172600022982806
1195	1e-23	0.0011539999977685511
1196	1e-23	0.0011705000069923699
1197	1e-23	0.0010833999840542674
1198	1e-23	0.0010748000349849463
1199	1e-23	0.0012005000025965273
1200	1e-23	0.0011852000025101006
1201	1e-23	0.0011201999732293189
1202	1e-23	0.001213099982123822
1203	1e-23	0.0011577000259421766
1204	1e-23	0.0010441999766044319
1205	1e-23	0.00100460002431646
1206	1e-23	0.0018598000169731677
1207	1e-23	0.0012455999967642128
1208	1e-23	0.001172600022982806
1209	1e-23	0.0013909999979659915
1210	1e-23	0.001132100005634129
1211	1e-23	0.0010627000010572374
1212	1e-23	0.0013374999980442226
1213	1e-23	0.0012284000404179096
1214	1e-23	0.001285600010305643
1215	1e-23	0.0012059000437147915
1216	1e-23	0.0011273999698460102
1217	1e-23	0.0010480000055395067
1218	1e-23	0.001142999972216785
1219	1e-23	0.0012780000106431544
1220	1e-23	0.00124149996554479
1221	1e-23	0.0011249000090174377
1222	1e-23	0.0011290000402368605
1223	1e-23	0.0013979999930597842
1224	1e-23	0.0011141000431962311
1225	1e-23	0.0010999999940395355
1226	1e-23	0.0011568000190891325
1227	1e-23	0.0011621000012382865
1228	1e-23	0.0010899000335484743
1229	1e-23	0.001112300029490143
1230	1e-23	0.0011448999866843224
1231	1e-23	0.00131870002951473
1232	1e-23	0.0012648000265471637
1233	1e-23	0.0011436000349931419
1234	1e-23	0.0010907999821938574
1235	1e-23	0.0011060999822802842
1236	1e-23	0.0011718999594449997
1237	1e-23	0.0010695999953895807
1238	1e-23	0.0010865000076591969
1239	1e-23	0.001048400008585304
1240	1e-23	0.001294099958613515
1241	1e-23	0.0011065000435337424
1242	1e-23	0.0011566999601200223
1243	1e-23	0.0014649000368081033
1244	1e-23	0.0010964999673888087
1245	1e-23	0.0010291999788023531
1246	1e-23	0.0010663000284694135
1247	1e-23	0.001137099985498935
1248	1e-23	0.0010734000243246555
1249	1e-23	0.0010386000503785908
1250	1e-23	0.0011283000349067152
1251	1e-23	0.0011076999944634736
1252	1e-23	0.001077100052498281
1253	1e-23	0.0010794000118039548
1254	1e-23	0.001105800038203597
1255	1e-23	0.0010975999757647514
1256	1e-23	0.001039499999023974
1257	1e-23	0.0015198999899439514
1258	1e-23	0.0011112999636679888
1259	1e-23	0.0012089000083506107
1260	1e-23	0.0010523000382818282
1261	1e-23	0.001330200000666082
1262	1e-23	0.0011688999948091805
1263	1e-23	0.0010239999974146485
1264	1e-23	0.0010275000240653753
1265	1e-23	0.0011552000069059432
1266	1e-23	0.0010769999935291708
1267	1e-23	0.001033000007737428
1268	1e-23	0.0013158000074326992
1269	1e-23	0.0010927999974228442
1270	1e-23	0.0011428999714553356
1271	1e-23	0.0012209999840706587
1272	1e-23	0.0011953999637626112
1273	1e-23	0.0012066999915987253
1274	1e-23	0.001132400007918477
1275	1e-23	0.0011239000014029443
1276	1e-23	0.0010559000074863434
1277	1e-23	0.0010947000118903816
1278	1e-23	0.0011029000161215663
1279	1e-23	0.0011073999921791255
1280	1e-23	0.0010612000478431582
1281	1e-23	0.001136199978645891
1282	1e-23	0.0012568000238388777
1283	1e-23	0.0012882000301033258
1284	1e-23	0.0013368999934755266
1285	1e-23	0.0013485000235959888
1286	1e-23	0.0014899999951012433
1287	1e-23	0.0015730999875813723
1288	1e-23	0.0012765000574290752
1289	1e-23	0.001266100036446005
1290	1e-23	0.001608199963811785
1291	1e-23	0.001220200036186725
1292	1e-23	0.0011786999530158937
1293	1e-23	0.0011267000227235258
1294	1e-23	0.0014403000241145492
1295	1e-23	0.0012113000266253948
1296	1e-23	0.0011918000527657568
1297	1e-23	0.001211599970702082
1298	1e-23	0.001131500001065433
1299	1e-23	0.001289399981033057
1300	1e-23	0.0011510999756865203
1301	1e-23	0.001117000007070601
1302	1e-23	0.0010429000249132514
1303	1e-23	0.001049900020007044
1304	1e-23	0.001095700019504875
1305	1e-23	0.001186500012408942
1306	1e-23	0.001122899993788451
1307	1e-23	0.001340300019364804
1308	1e-23	0.001306000049225986
1309	1e-23	0.0011359000345692039
1310	1e-23	0.0011420000228099525
1311	1e-23	0.001151899981778115
1312	1e-23	0.0012054999824613333
1313	1e-23	0.0011360999778844416
1314	1e-23	0.0010455999872647226
1315	1e-23	0.0011879000230692327
1316	1e-23	0.0010983999818563461
1317	1e-23	0.0010068999836221337
1318	1e-23	0.0010615999926812947
1319	1e-23	0.001096900028642267
1320	1e-23	0.0011159999994561076
1321	1e-23	0.0013540000072680414
1322	1e-23	0.0012986999936401844
1323	1e-23	0.0011984999873675406
1324	1e-23	0.0013614000054076314
1325	1e-23	0.0015638999757356942
1326	1e-23	0.0011992999934591353
1327	1e-23	0.0011339000193402171
1328	1e-23	0.0012197000323794782
1329	1e-23	0.0011505999718792737
1330	1e-23	0.0012339000240899622
1331	1e-23	0.0012073999969288707
1332	1e-23	0.0010655999649316072
1333	1e-23	0.0011884999694302678
1334	1e-23	0.0012891999795101583
1335	1e-23	0.0012456999975256622
1336	1e-23	0.0010654000216163695
1337	1e-23	0.0010810000239871442
1338	1e-23	0.0011223000474274158
1339	1e-23	0.001236499985679984
1340	1e-23	0.0011600999860092998
1341	1e-23	0.0010961000225506723
1342	1e-23	0.0011125000310130417
1343	1e-23	0.0010806000209413469
1344	1e-23	0.001152199984062463
1345	1e-23	0.001414199999999255
1346	1e-23	0.0012389000039547682
1347	1e-23	0.0010845999931916595
1348	1e-23	0.0010491000139154494
1349	1e-23	0.001124700007494539
1350	1e-23	0.0011289999820291996
1351	1e-23	0.001052799983881414
1352	1e-23	0.0011471000034362078
1353	1e-23	0.001215500000398606
1354	1e-23	0.0012215999886393547
1355	1e-23	0.0012385000009089708
1356	1e-23	0.0011339999618940055
1357	1e-23	0.001135599974077195
1358	1e-23	0.0010857000015676022
1359	1e-23	0.0012384000001475215
1360	1e-23	0.0012250999570824206
1361	1e-23	0.0012194999726489186
1362	1e-23	0.001082700036931783
1363	1e-23	0.0012327000149525702
1364	1e-23	0.0011245000059716403
1365	1e-23	0.0011408999562263489
1366	1e-23	0.0010928999981842935
1367	1e-23	0.0015060000005178154
1368	1e-23	0.001494700030889362
1369	1e-23	0.0012912999955005944
1370	1e-23	0.0012532999971881509
1371	1e-23	0.0011489999596960843
1372	1e-23	0.001193000003695488
1373	1e-23	0.0010978999780490994
1374	1e-23	0.0010904999799095094
1375	1e-23	0.0010181000106967986
1376	1e-23	0.0013221000554040074
1377	1e-23	0.0011060999822802842
1378	1e-23	0.0010513999732211232
1379	1e-23	0.0010458999895490706
1380	1e-23	0.0011490000179037452
1381	1e-23	0.0010535999899730086
1382	1e-23	0.001073199964594096
1383	1e-23	0.0012846000026911497
1384	1e-23	0.001956599997356534
1385	1e-23	0.0011531999916769564
1386	1e-23	0.0011632000096142292
1387	1e-23	0.001109899953007698
1388	1e-23	0.001142399967648089
1389	1e-23	0.0012156000011600554
1390	1e-23	0.0011593999806791544
1391	1e-23	0.0011240000021643937
1392	1e-23	0.0011184000177308917
1393	1e-23	0.0011963999713771045
1394	1e-23	0.0011591999791562557
1395	1e-23	0.0012171999551355839
1396	1e-23	0.0013360999873839319
1397	1e-23	0.001242099970113486
1398	1e-23	0.0011703000054694712
1399	1e-23	0.001158099970780313
1400	1e-23	0.0010878000175580382
1401	1e-23	0.001031499996315688
1402	1e-23	0.0011495000217109919
1403	1e-23	0.0012342999689280987
1404	1e-23	0.0010827999794855714
1405	1e-23	0.000993399997241795
1406	1e-23	0.0010162999969907105
1407	1e-23	0.001027699967380613
1408	1e-23	0.0010856000008061528
1409	1e-23	0.0012072999961674213
1410	1e-23	0.001277000003028661
1411	1e-23	0.0013410999672487378
1412	1e-23	0.0011166000040248036
1413	1e-23	0.001096300024073571
1414	1e-23	0.0012252999586053193
1415	1e-23	0.0010866000084206462
1416	1e-23	0.0011068999883718789
1417	1e-23	0.001091900048777461
1418	1e-23	0.001145699992775917
1419	1e-23	0.0010725000174716115
1420	1e-23	0.001036300032865256
1421	1e-23	0.0012048000353388488
1422	1e-23	0.001561500015668571
1423	1e-23	0.0013676000526174903
1424	1e-23	0.0012756999931298196
1425	1e-23	0.0012814000365324318
1426	1e-23	0.0011344999657012522
1427	1e-23	0.0012098000152036548
1428	1e-23	0.0012012000079266727
1429	1e-23	0.0011721999617293477
1430	1e-23	0.0011668000370264053
1431	1e-23	0.0012221999932080507
1432	1e-23	0.0012179999612271786
1433	1e-23	0.001166700036264956
1434	1e-23	0.0011343000223860145
1435	1e-23	0.0014118999824859202
1436	1e-23	0.0013601999962702394
1437	1e-23	0.001848400046583265
1438	1e-23	0.0011403000098653138
1439	1e-23	0.0011524000437930226
1440	1e-23	0.0012610999983735383
1441	1e-23	0.001119700027629733
1442	1e-23	0.0010726000182330608
1443	1e-23	0.0010201000259257853
1444	1e-23	0.0011612999951466918
1445	1e-23	0.0011259999591857195
1446	1e-23	0.001129099982790649
1447	1e-23	0.0013076000032015145
1448	1e-23	0.001359499990940094
1449	1e-23	0.001206899993121624
1450	1e-23	0.0012254000175744295
1451	1e-23	0.0011678999871946871
1452	1e-23	0.0010979999788105488
1453	1e-23	0.0011081999982707202
1454	1e-23	0.0012350999750196934
1455	1e-23	0.0011389999999664724
1456	1e-23	0.0011000999948009849
1457	1e-23	0.0010978999780490994
1458	1e-23	0.001125300012063235
1459	1e-23	0.0010562999523244798
1460	1e-23	0.0015493999817408621
1461	1e-23	0.0013498999760486186
1462	1e-23	0.0010664000292308629
1463	1e-23	0.0010094000026583672
1464	1e-23	0.0015284999972209334
1465	1e-23	0.0011085000005550683
1466	1e-23	0.0010869000107049942
1467	1e-23	0.0011212999816052616
1468	1e-23	0.0011750999838113785
1469	1e-23	0.0011075999937020242
1470	1e-23	0.001219899975694716
1471	1e-23	0.0013150000013411045
1472	1e-23	0.0012877000262960792
1473	1e-23	0.0011875999625772238
1474	1e-23	0.001289399981033057
1475	1e-23	0.001236200041603297
1476	1e-23	0.0011317000025883317
1477	1e-23	0.0011490000179037452
1478	1e-23	0.001179700018838048
1479	1e-23	0.001109300006646663
1480	1e-23	0.001117900013923645
1481	1e-23	0.001137699990067631
1482	1e-23	0.0010985000408254564
1483	1e-23	0.0010766999912448227
1484	1e-23	0.0011452000471763313
1485	1e-23	0.0011275000288151205
1486	1e-23	0.0010776999988593161
1487	1e-23	0.0010824999772012234
1488	1e-23	0.0012163000064902008
1489	1e-23	0.0013005000073462725
1490	1e-23	0.001101600006222725
1491	1e-23	0.001036900037433952
1492	1e-23	0.001151600037701428
1493	1e-23	0.0012377999955788255
1494	1e-23	0.0011493000201880932
1495	1e-23	0.001118800020776689
1496	1e-23	0.0010868000099435449
1497	1e-23	0.001054599997587502
1498	1e-23	0.0012402000138536096
1499	1e-23	0.0011611999943852425
1500	1e-23	0.001208100002259016
1501	1e-23	0.0011704000062309206
1502	1e-23	0.0011706000077538192
1503	1e-23	0.0012260000221431255
1504	1e-23	0.0011660000309348106
1505	1e-23	0.001076799992006272
1506	1e-23	0.0011680999887175858
1507	1e-23	0.001166400033980608
1508	1e-23	0.0010695999953895807
1509	1e-23	0.0011467000003904104
1510	1e-23	0.001264000020455569
1511	1e-23	0.0013574999757111073
1512	1e-23	0.0012280999799259007
1513	1e-23	0.0015001000137999654
1514	1e-23	0.0011730000260286033
1515	1e-23	0.0011425999691709876
1516	1e-23	0.0013211999903433025
1517	1e-23	0.0010948999552056193
1518	1e-23	0.001153099990915507
1519	1e-23	0.0012012000079266727
1520	1e-23	0.001096899970434606
1521	1e-23	0.0010165999992750585
1522	1e-23	0.0010044999653473496
1523	1e-23	0.0015036000404506922
1524	1e-23	0.0012518000439740717
1525	1e-23	0.0011909999884665012
1526	1e-23	0.0012489999644458294
1527	1e-23	0.0010803999612107873
1528	1e-23	0.0011687999940477312
1529	1e-23	0.0010708000045269728
1530	1e-23	0.0011557000107131898
1531	1e-23	0.0010994999902322888
1532	1e-23	0.0010110000148415565
1533	1e-23	0.001053999993018806
1534	1e-23	0.0010985999833792448
1535	1e-23	0.0010078000486828387
1536	1e-23	0.0013383000041358173
1537	1e-23	0.0012092000106349587
1538	1e-23	0.0011097000096924603
1539	1e-23	0.0010565000120550394
1540	1e-23	0.0012316000065766275
1541	1e-23	0.0012646999675780535
1542	1e-23	0.0011795999598689377
1543	1e-23	0.0010840999893844128
1544	1e-23	0.0011872999602928758
1545	1e-23	0.0010686999885365367
1546	1e-23	0.0010415000142529607
1547	1e-23	0.0012937000137753785
1548	1e-23	0.0015907000051811337
1549	1e-23	0.0013155000051483512
1550	1e-23	0.0011531999916769564
1551	1e-23	0.0011136999819427729
1552	1e-23	0.0010469000553712249
1553	1e-23	0.0011339000193402171
1554	1e-23	0.0012346000294201076
1555	1e-23	0.0010940000065602362
1556	1e-23	0.0010554000036790967
1557	1e-23	0.0010667999740689993
1558	1e-23	0.001279100019019097
1559	1e-23	0.0011686999932862818
1560	1e-23	0.0010833999840542674
1561	1e-23	0.0011255000135861337
1562	1e-23	0.001058699970599264
1563	1e-23	0.0011279999744147062
1564	1e-23	0.0011564000160433352
1565	1e-23	0.0011021000100299716
1566	1e-23	0.0010421999613754451
1567	1e-23	0.0010384999914094806
1568	1e-23	0.0011684000492095947
1569	1e-23	0.0010958000202663243
1570	1e-23	0.0010911000426858664
1571	1e-23	0.0010109000140801072
1572	1e-23	0.0011446999851614237
1573	1e-23	0.0010332000092603266
1574	1e-23	0.0011043999693356454
1575	1e-23	0.0010666000307537615
1576	1e-23	0.0013599999947473407
1577	1e-23	0.0012385000009089708
1578	1e-23	0.0011852000025101006
1579	1e-23	0.001479600032325834
1580	1e-23	0.001180300023406744
1581	1e-23	0.0010694999946281314
1582	1e-23	0.0014903999981470406
1583	1e-23	0.0013039999757893384
1584	1e-23	0.0010983000393025577
1585	1e-23	0.0012951000244356692
1586	1e-23	0.0012392000062391162
1587	1e-23	0.0010961000225506723
1588	1e-23	0.0012365999864414334
1589	1e-23	0.0013299999991431832
1590	1e-23	0.0011317000025883317
1591	1e-23	0.001108399999793619
1592	1e-23	0.0012948000221513212
1593	1e-23	0.0011282999766990542
1594	1e-23	0.0010245000012218952
1595	1e-23	0.0012738999794237316
1596	1e-23	0.0012715999619103968
1597	1e-23	0.001206600049044937
1598	1e-23	0.0011913999915122986
1599	1e-23	0.0011752999853342772
1600	1e-23	0.0010631000041030347
1601	1e-23	0.0010720000136643648
1602	1e-23	0.0014333000290207565
1603	1e-23	0.0011869000154547393
1604	1e-23	0.0011627000058069825
1605	1e-23	0.001145699992775917
1606	1e-23	0.0012516999850049615
1607	1e-23	0.001109000004362315
1608	1e-23	0.0010665999725461006
1609	1e-23	0.0011538999970071018
1610	1e-23	0.0011562000145204365
1611	1e-23	0.0011011000024154782
1612	1e-23	0.0011219000443816185
1613	1e-23	0.0012359999818727374
1614	1e-23	0.001416000013705343
1615	1e-23	0.001155099947936833
1616	1e-23	0.0014821000513620675
1617	1e-23	0.0011477999505586922
1618	1e-23	0.001122599991504103
1619	1e-23	0.0013712000218220055
1620	1e-23	0.0012765999999828637
1621	1e-23	0.0011701000039465725
1622	1e-23	0.0011860000086016953
1623	1e-23	0.0011191999656148255
1624	1e-23	0.0010895999730564654
1625	1e-23	0.0010715000098571181
1626	1e-23	0.0013028000248596072
1627	1e-23	0.0015287999995052814
1628	1e-23	0.0013081999495625496
1629	1e-23	0.0014035000349394977
1630	1e-23	0.0011752999853342772
1631	1e-23	0.0012648000265471637
1632	1e-23	0.0012073999969288707
1633	1e-23	0.0011747999815270305
1634	1e-23	0.001146900001913309
1635	1e-23	0.0011220999876968563
1636	1e-23	0.0011009000008925796
1637	1e-23	0.001083899987861514
1638	1e-23	0.0010589000303298235
1639	1e-23	0.0015619000187143683
1640	1e-23	0.0012027000193484128
1641	1e-23	0.0011743999784812331
1642	1e-23	0.0012517999857664108
1643	1e-23	0.0012593999854288995
1644	1e-23	0.0010939000057987869
1645	1e-23	0.0012632000143639743
1646	1e-23	0.0012775000068359077
1647	1e-23	0.0012018000124953687
1648	1e-23	0.0012075999984517694
1649	1e-23	0.0012799999676644802
1650	1e-23	0.0012846000026911497
1651	1e-23	0.0012639000196941197
1652	1e-23	0.001353300001937896
1653	1e-23	0.001187100016977638
1654	1e-23	0.0011309999972581863
1655	1e-23	0.0012333999620750546
1656	1e-23	0.0011563999578356743
1657	1e-23	0.0011023000115528703
1658	1e-23	0.0011663000332191586
1659	1e-23	0.001229099987540394
1660	1e-23	0.001130299991928041
1661	1e-23	0.0010454000439494848
1662	1e-23	0.0012801000266335905
1663	1e-23	0.0012704000109806657
1664	1e-23	0.0013707000180147588
1665	1e-23	0.001241200021468103
1666	1e-23	0.001101900008507073
1667	1e-23	0.001136499980930239
1668	1e-23	0.0010406000073999166
1669	1e-23	0.00119420001283288
1670	1e-23	0.0011683999910019338
1671	1e-23	0.0011029000161215663
1672	1e-23	0.0011964999721385539
1673	1e-23	0.0011455999920144677
1674	1e-23	0.0010886999662034214
1675	1e-23	0.0013374999980442226
1676	1e-23	0.0014509999891743064
1677	1e-23	0.0012806999729946256
1678	1e-23	0.0012187000247649848
1679	1e-23	0.0012177000171504915
1680	1e-23	0.001197699981275946
1681	1e-23	0.0011437000357545912
1682	1e-23	0.001083299983292818
1683	1e-23	0.0012088000075891614
1684	1e-23	0.0011374999885447323
1685	1e-23	0.00120009999955073
1686	1e-23	0.001124100002925843
1687	1e-23	0.0011799000203609467
1688	1e-23	0.0013143999967724085
1689	1e-23	0.0013334999675862491
1690	1e-23	0.0011870000162161887
1691	1e-23	0.0011195000261068344
1692	1e-23	0.0011495000217109919
1693	1e-23	0.001452099997550249
1694	1e-23	0.0011579000274650753
1695	1e-23	0.0011163000017404556
1696	1e-23	0.0012446000473573804
1697	1e-23	0.0010820000316016376
1698	1e-23	0.001088599965441972
1699	1e-23	0.0012354999780654907
1700	1e-23	0.0016347999917343259
1701	1e-23	0.001255700015462935
1702	1e-23	0.0012953999685123563
1703	1e-23	0.0012281000381335616
1704	1e-23	0.001373099978081882
1705	1e-23	0.0013758999994024634
1706	1e-23	0.0011468000011518598
1707	1e-23	0.001163399952929467
1708	1e-23	0.0011769999982789159
1709	1e-23	0.0012605999945662916
1710	1e-23	0.001208700006827712
1711	1e-23	0.0011693999986164272
1712	1e-23	0.0013875000295229256
1713	1e-23	0.0012802999699488282
1714	1e-23	0.0012248000130057335
1715	1e-23	0.0012064999900758266
1716	1e-23	0.0011104000150226057
1717	1e-23	0.0012002000003121793
1718	1e-23	0.0011992000509053469
1719	1e-23	0.0011718999594449997
1720	1e-23	0.0011803999659605324
1721	1e-23	0.001165799971204251
1722	1e-23	0.0012407000176608562
1723	1e-23	0.0012441999861039221
1724	1e-23	0.001420399989001453
1725	1e-23	0.001155399950221181
1726	1e-23	0.0012429000344127417
1727	1e-23	0.001276099996175617
1728	1e-23	0.0013246999587863684
1729	1e-23	0.0012226999970152974
1730	1e-23	0.0012946000206284225
1731	1e-23	0.0017405999824404716
1732	1e-23	0.0012357999803498387
1733	1e-23	0.0011753999860957265
1734	1e-23	0.001226700027473271
1735	1e-23	0.0014347999822348356
1736	1e-23	0.0012735999771393836
1737	1e-23	0.0011786000104621053
1738	1e-23	0.0011334000155329704
1739	1e-23	0.0011965000303462148
1740	1e-23	0.0012309999438002706
1741	1e-23	0.0013072000001557171
1742	1e-23	0.0011001999955624342
1743	1e-23	0.001060499984305352
1744	1e-23	0.0010964000248350203
1745	1e-23	0.001282899989746511
1746	1e-23	0.0012027999619022012
1747	1e-23	0.00133500003721565
1748	1e-23	0.001404500042553991
1749	1e-23	0.0012515999842435122
1750	1e-23	0.0011480000102892518
1751	1e-23	0.001295899972319603
1752	1e-23	0.0011518000392243266
1753	1e-23	0.001055200002156198
1754	1e-23	0.0012458999990485609
1755	1e-23	0.0011326999519951642
1756	1e-23	0.0010623999987728894
1757	1e-23	0.0011098000104539096
1758	1e-23	0.0012045000330545008
1759	1e-23	0.0012123999767936766
1760	1e-23	0.0012861999566666782
1761	1e-23	0.0011890999739989638
1762	1e-23	0.0011155000538565218
1763	1e-23	0.0011032000184059143
1764	1e-23	0.001167300040833652
1765	1e-23	0.0011394000030122697
1766	1e-23	0.0010640000109560788
1767	1e-23	0.0010479000047780573
1768	1e-23	0.0011240000021643937
1769	1e-23	0.0012698000064119697
1770	1e-23	0.0012229999992996454
1771	1e-23	0.001186500012408942
1772	1e-23	0.0015313000185415149
1773	1e-23	0.0011343000223860145
1774	1e-23	0.0011832999880425632
1775	1e-23	0.0012046999763697386
1776	1e-23	0.001193300005979836
1777	1e-23	0.0012034999672323465
1778	1e-23	0.0014275000430643559
1779	1e-23	0.0012653999729081988
1780	1e-23	0.001191799994558096
1781	1e-23	0.001119700027629733
1782	1e-23	0.001083299983292818
1783	1e-23	0.0012132000410929322
1784	1e-23	0.0011023000115528703
1785	1e-23	0.0013306000037118793
1786	1e-23	0.0012642000219784677
1787	1e-23	0.001227599976118654
1788	1e-23	0.001196000026538968
1789	1e-23	0.0011490999604575336
1790	1e-23	0.00105640001129359
1791	1e-23	0.001052799983881414
1792	1e-23	0.001119100023061037
1793	1e-23	0.0015133999986574054
1794	1e-23	0.0012038000277243555
1795	1e-23	0.001435499987564981
1796	1e-23	0.0012111999676562846
1797	1e-23	0.0013414999702945352
1798	1e-23	0.001348600024357438
1799	1e-23	0.0014393000165000558
1800	1e-23	0.0012384000001475215
1801	1e-23	0.0011257000151090324
1802	1e-23	0.0013459999463520944
1803	1e-23	0.0012070999946445227
1804	1e-23	0.0015489999786950648
1805	1e-23	0.001112000027205795
1806	1e-23	0.0010488000116311014
1807	1e-23	0.0010851999977603555
1808	1e-23	0.001151599979493767
1809	1e-23	0.001030100043863058
1810	1e-23	0.001207799999974668
1811	1e-23	0.0014066000003367662
1812	1e-23	0.0012116999714635313
1813	1e-23	0.0012736000353470445
1814	1e-23	0.0012138000456616282
1815	1e-23	0.0011449999874457717
1816	1e-23	0.0010947000118903816
1817	1e-23	0.0010386000503785908
1818	1e-23	0.0011254000128246844
1819	1e-23	0.0010807000217027962
1820	1e-23	0.0010453000431880355
1821	1e-23	0.001088600023649633
1822	1e-23	0.001136799983214587
1823	1e-23	0.0014088000170886517
1824	1e-23	0.001152499986346811
1825	1e-23	0.0011563000152818859
1826	1e-23	0.0011783000081777573
1827	1e-23	0.0011276000295765698
1828	1e-23	0.0010848999954760075
1829	1e-23	0.0012587999808602035
1830	1e-23	0.0012218999909237027
1831	1e-23	0.0012668999843299389
1832	1e-23	0.0011987999896518886
1833	1e-23	0.00108739995630458
1834	1e-23	0.001014699984807521
1835	1e-23	0.00103270000545308
1836	1e-23	0.001331400009803474
1837	1e-23	0.0012024999596178532
1838	1e-23	0.0010788000072352588
1839	1e-23	0.0015241000219248235
1840	1e-23	0.0011622000019997358
1841	1e-23	0.0010806000209413469
1842	1e-23	0.001179399958346039
1843	1e-23	0.0011567999608814716
1844	1e-23	0.0010395999997854233
1845	1e-23	0.0010590000310912728
1846	1e-23	0.0012397000100463629
1847	1e-23	0.0010996999917551875
1848	1e-23	0.001055800006724894
1849	1e-23	0.0012919000000692904
1850	1e-23	0.0011628000065684319
1851	1e-23	0.0011754999868571758
1852	1e-23	0.001129999989643693
1853	1e-23	0.001097800035495311
1854	1e-23	0.0010560000082477927
1855	1e-23	0.0010866999509744346
1856	1e-23	0.0011121000279672444
1857	1e-23	0.0011938000097870827
1858	1e-23	0.001102200010791421
1859	1e-23	0.0010529999854043126
1860	1e-23	0.0011304999934509397
1861	1e-23	0.0010797000140883029
1862	1e-23	0.0011413999600335956
1863	1e-23	0.0013158000074326992
1864	1e-23	0.0011758999899029732
1865	1e-23	0.0011078999959863722
1866	1e-23	0.001041000010445714
1867	1e-23	0.0012186000240035355
1868	1e-23	0.0011971000349149108
1869	1e-23	0.0011174000101163983
1870	1e-23	0.0011294999858364463
1871	1e-23	0.0011535999947227538
1872	1e-23	0.0011062999838031828
1873	1e-23	0.0010997999925166368
1874	1e-23	0.0010726000182330608
1875	1e-23	0.0011062999838031828
1876	1e-23	0.0011759999906644225
1877	1e-23	0.001363599963951856
1878	1e-23	0.0011858000070787966
1879	1e-23	0.0010973999742418528
1880	1e-23	0.0010557999485172331
1881	1e-23	0.0011700000031851232
1882	1e-23	0.0010847999947145581
1883	1e-23	0.0011065999860875309
1884	1e-23	0.001101299945730716
1885	1e-23	0.0012806999729946256
1886	1e-23	0.0011152999941259623
1887	1e-23	0.0010130000300705433
1888	1e-23	0.0011290000402368605
1889	1e-23	0.0010912999860011041
1890	1e-23	0.0016275999951176345
1891	1e-23	0.0012309000012464821
1892	1e-23	0.001143599976785481
1893	1e-23	0.0011227999930270016
1894	1e-23	0.0012454999960027635
1895	1e-23	0.0013571999734267592
1896	1e-23	0.0012069999938830733
1897	1e-23	0.001223200000822544
1898	1e-23	0.001227900036610663
1899	1e-23	0.0011381999938748777
1900	1e-23	0.001067899982444942
1901	1e-23	0.0011549000046215951
1902	1e-23	0.0012135999859310687
1903	1e-23	0.0010656000231392682
1904	1e-23	0.0010867000091820955
1905	1e-23	0.0011020000092685223
1906	1e-23	0.0010845999931916595
1907	1e-23	0.0010899000335484743
1908	1e-23	0.001025600009597838
1909	1e-23	0.0011064999853260815
1910	1e-23	0.0010805000201798975
1911	1e-23	0.0010740000288933516
1912	1e-23	0.0010504000238142908
1913	1e-23	0.0013162000104784966
1914	1e-23	0.00117200001841411
1915	1e-23	0.0010433000279590487
1916	1e-23	0.0012132000410929322
1917	1e-23	0.0011551000061444938
1918	1e-23	0.001185600005555898
1919	1e-23	0.0012099999585188925
1920	1e-23	0.001232899958267808
1921	1e-23	0.0011353999725542963
1922	1e-23	0.0010511999716982245
1923	1e-23	0.0011418999638408422
1924	1e-23	0.0011591000366024673
1925	1e-23	0.001105800038203597
1926	1e-23	0.0010790000087581575
1927	1e-23	0.0013705000164918602
1928	1e-23	0.001175900048110634
1929	1e-23	0.001173799973912537
1930	1e-23	0.0011977999820373952
1931	1e-23	0.0011264000204391778
1932	1e-23	0.0010554000036790967
1933	1e-23	0.0011505000293254852
1934	1e-23	0.0012601999915204942
1935	1e-23	0.0011134999804198742
1936	1e-23	0.0011061999830417335
1937	1e-23	0.001187400019261986
1938	1e-23	0.0011289999820291996
1939	1e-23	0.0010994999902322888
1940	1e-23	0.0010961000225506723
1941	1e-23	0.0014365999959409237
1942	1e-23	0.001616200024727732
1943	1e-23	0.0013303000014275312
1944	1e-23	0.0011609999928623438
1945	1e-23	0.0011051999754272401
1946	1e-23	0.0010829000384546816
1947	1e-23	0.0011688999948091805
1948	1e-23	0.0010886999662034214
1949	1e-23	0.0010572999599389732
1950	1e-23	0.001046299992594868
1951	1e-23	0.0011334999580867589
1952	1e-23	0.0010898999753408134
1953	1e-23	0.0010627999436110258
1954	1e-23	0.0014030999736860394
1955	1e-23	0.0011981999850831926
1956	1e-23	0.0010986999841406941
1957	1e-23	0.0010615999926812947
1958	1e-23	0.0010983000393025577
1959	1e-23	0.0010368999792262912
1960	1e-23	0.0010152999893762171
1961	1e-23	0.001054599997587502
1962	1e-23	0.001067299977876246
1963	1e-23	0.001001099997665733
1964	1e-23	0.0010089999996125698
1965	1e-23	0.0010787000064738095
1966	1e-23	0.0011786000104621053
1967	1e-23	0.0010736000258475542
1968	1e-23	0.0011681999894790351
1969	1e-23	0.001590500003658235
1970	1e-23	0.0014620000147260725
1971	1e-23	0.001114599988795817
1972	1e-23	0.0011826999834738672
1973	1e-23	0.001084500050637871
1974	1e-23	0.0010436999727971852
1975	1e-23	0.001103999966289848
1976	1e-23	0.0011974000371992588
1977	1e-23	0.0012051999801769853
1978	1e-23	0.00109479995444417
1979	1e-23	0.0011268999660387635
1980	1e-23	0.0010723000159487128
1981	1e-23	0.0012605999945662916
1982	1e-23	0.0011987999896518886
1983	1e-23	0.0011499000247567892
1984	1e-23	0.0011564000160433352
1985	1e-23	0.0011637000134214759
1986	1e-23	0.0012564000207930803
1987	1e-23	0.0012772000045515597
1988	1e-23	0.0011572999646887183
1989	1e-23	0.001179399958346039
1990	1e-23	0.0010951999574899673
1991	1e-23	0.0010150999878533185
1992	1e-23	0.0010517000337131321
1993	1e-23	0.0011477000080049038
1994	1e-23	0.0015031000366434455
1995	1e-23	0.0012399000115692616
1996	1e-23	0.0014590999926440418
1997	1e-23	0.0012011000071652234
1998	1e-23	0.001095700019504875
1999	1e-23	0.0011720999609678984
2000	1e-23	0.0011931000044569373
2001	1e-23	0.0010986999841406941
2002	1e-23	0.001132400007918477
2003	1e-23	0.0011852000025101006
2004	1e-23	0.0011425000266171992
2005	1e-23	0.0011677999864332378
2006	1e-23	0.0012532999971881509
2007	1e-23	0.0012820000411011279
2008	1e-23	0.0011845999979414046
2009	1e-23	0.0012200999772176147
2010	1e-23	0.001136199978645891
2011	1e-23	0.0010668000322766602
2012	1e-23	0.000998100033029914
2013	1e-23	0.0009337000083178282
2014	1e-23	0.0010969999711960554
2015	1e-23	0.001103999966289848
2016	1e-23	0.0010486000101082027
2017	1e-23	0.0011107000173069537
2018	1e-23	0.0010888000251725316
2019	1e-23	0.0011702000047080219
2020	1e-23	0.0012143999920226634
2021	1e-23	0.0011265999637544155
2022	1e-23	0.0010440999758429825
2023	1e-23	0.0010147999855689704
2024	1e-23	0.001062900002580136
2025	1e-23	0.001413899997714907
2026	1e-23	0.0011839999933727086
2027	1e-23	0.0011146999895572662
2028	1e-23	0.001116400002501905
2029	1e-23	0.001103400019928813
2030	1e-23	0.0010183000122196972
2031	1e-23	0.0010565999546088278
2032	1e-23	0.0011541999992914498
2033	1e-23	0.0013521999935619533
2034	1e-23	0.0011544000008143485
2035	1e-23	0.0013012000126764178
2036	1e-23	0.0011000999948009849
2037	1e-23	0.0010220000403933227
2038	1e-23	0.0010089999996125698
2039	1e-23	0.001074399973731488
2040	1e-23	0.001070600003004074
2041	1e-23	0.0010633000056259334
2042	1e-23	0.001144799985922873
2043	1e-23	0.001082100032363087
2044	1e-23	0.001020600029733032
2045	1e-23	0.0010638999519869685
2046	1e-23	0.0011116999667137861
2047	1e-23	0.0015301999519579113
2048	1e-23	0.001116700004786253
2049	1e-23	0.0012259000213816762
2050	1e-23	0.0010849999962374568
2051	1e-23	0.0010672000353224576
2052	1e-23	0.001001099997665733
2053	1e-23	0.001038899994455278
2054	1e-23	0.0011501999688334763
2055	1e-23	0.0010779000003822148
2056	1e-23	0.0010516000329516828
2057	1e-23	0.0010814000270329416
2058	1e-23	0.0010121000232174993
2059	1e-23	0.0010235999943688512
2060	1e-23	0.0010480000055395067
2061	1e-23	0.0012885999749414623
2062	1e-23	0.001144799985922873
2063	1e-23	0.0010846999939531088
2064	1e-23	0.0011238999431952834
2065	1e-23	0.001048400008585304
2066	1e-23	0.0010598000371828675
2067	1e-23	0.0010630000033415854
2068	1e-23	0.0010925999958999455
2069	1e-23	0.0010439999750815332
2070	1e-23	0.0009963000193238258
2071	1e-23	0.0009837999823503196
2072	1e-23	0.001124100002925843
2073	1e-23	0.0010904999799095094
2074	1e-23	0.0012323999544605613
2075	1e-23	0.0015373000060208142
2076	1e-23	0.0012054999824613333
2077	1e-23	0.001103400019928813
2078	1e-23	0.001166700036264956
2079	1e-23	0.001228499982971698
2080	1e-23	0.0011078000534325838
2081	1e-23	0.0010830999817699194
2082	1e-23	0.0013200000394135714
2083	1e-23	0.001271100016310811
2084	1e-23	0.0011628000065684319
2085	1e-23	0.001188600028399378
2086	1e-23	0.0013631000183522701
2087	1e-23	0.0012246000114828348
2088	1e-23	0.0011546000023372471
2089	1e-23	0.0011790000135079026
2090	1e-23	0.0013988999999128282
2091	1e-23	0.0010940000065602362
2092	1e-23	0.0011971999774686992
2093	1e-23	0.0011523999855853617
2094	1e-23	0.0011300999904051423
2095	1e-23	0.0011426000273786485
2096	1e-23	0.0012258000206202269
2097	1e-23	0.0013272000360302627
2098	1e-23	0.0013932999572716653
2099	1e-23	0.0011557000107131898
2100	1e-23	0.0011676999856717885
2101	1e-23	0.0014375000027939677
2102	1e-23	0.0010960999643430114
2103	1e-23	0.0010267000179737806
2104	1e-23	0.001022700045723468
2105	1e-23	0.001127899973653257
2106	1e-23	0.0011831999872811139
2107	1e-23	0.001132400007918477
2108	1e-23	0.001055500004440546
2109	1e-23	0.0014433999895118177
2110	1e-23	0.0012633000151254237
2111	1e-23	0.0012749000452458858
2112	1e-23	0.0016012000269256532
2113	1e-23	0.0013000000035390258
2114	1e-23	0.0011828000424429774
2115	1e-23	0.0012029999634250998
2116	1e-23	0.001242400030605495
2117	1e-23	0.0012261999654583633
2118	1e-23	0.0011325999512337148
2119	1e-23	0.0012172999558970332
2120	1e-23	0.0011221999884583056
2121	1e-23	0.0010792000102810562
2122	1e-23	0.0013411000254563987
2123	1e-23	0.001344399992376566
2124	1e-23	0.0010406000073999166
2125	1e-23	0.001137399987783283
2126	1e-23	0.0012023000163026154
2127	1e-23	0.0011270000250078738
2128	1e-23	0.0013027000240981579
2129	1e-23	0.0011061999830417335
2130	1e-23	0.0010692999931052327
2131	1e-23	0.0010426000226289034
2132	1e-23	0.0011957999668084085
2133	1e-23	0.0012354999780654907
2134	1e-23	0.0014036999782547355
2135	1e-23	0.001350599981378764
2136	1e-23	0.0012601999915204942
2137	1e-23	0.0011188999633304775
2138	1e-23	0.0010868000099435449
2139	1e-23	0.0011905999854207039
2140	1e-23	0.001201000006403774
2141	1e-23	0.001122899993788451
2142	1e-23	0.001194199954625219
2143	1e-23	0.0012165000080130994
2144	1e-23	0.001076499989721924
2145	1e-23	0.0010597999789752066
2146	1e-23	0.0012264000251889229
2147	1e-23	0.0012173000141046941
2148	1e-23	0.0013991000014357269
2149	1e-23	0.001193600008264184
2150	1e-23	0.0011091000051237643
2151	1e-23	0.0010708000045269728
2152	1e-23	0.0011104000150226057
2153	1e-23	0.0011683999910019338
2154	1e-23	0.0012422999716363847
2155	1e-23	0.001166399975772947
2156	1e-23	0.0011127000325359404
2157	1e-23	0.0011342999641783535
2158	1e-23	0.0011270999675616622
2159	1e-23	0.001201000006403774
2160	1e-23	0.0011760999914258718
2161	1e-23	0.001458299986552447
2162	1e-23	0.0012660999782383442
2163	1e-23	0.0012191000278107822
2164	1e-23	0.0012209999840706587
2165	1e-23	0.001187100016977638
2166	1e-23	0.0014954999787732959
2167	1e-23	0.0012369000469334424
2168	1e-23	0.0011539999977685511
2169	1e-23	0.0011694999993778765
2170	1e-23	0.0013326999614946544
2171	1e-23	0.0011668000370264053
2172	1e-23	0.001204799977131188
2173	1e-23	0.001740999985486269
2174	1e-23	0.0012981000472791493
2175	1e-23	0.001572399982251227
2176	1e-23	0.0011893999762833118
2177	1e-23	0.0010915000457316637
2178	1e-23	0.0012490000226534903
2179	1e-23	0.0012851000064983964
2180	1e-23	0.0013915000017732382
2181	1e-23	0.001358899986371398
2182	1e-23	0.0011291000409983099
2183	1e-23	0.0010350999655202031
2184	1e-23	0.0011960999690927565
2185	1e-23	0.0012392000062391162
2186	1e-23	0.001195400021970272
2187	1e-23	0.0011091000051237643
2188	1e-23	0.001234400027897209
2189	1e-23	0.0011769999982789159
2190	1e-23	0.001124400005210191
2191	1e-23	0.0011342000216245651
2192	1e-23	0.0012823999859392643
2193	1e-23	0.0013531000004149973
2194	1e-23	0.0012156000011600554
2195	1e-23	0.0013024999643675983
2196	1e-23	0.0019105999963358045
2197	1e-23	0.001284400001168251
2198	1e-23	0.0012394999503158033
2199	1e-23	0.0011433999752625823
2200	1e-23	0.0011217000428587198
2201	1e-23	0.0013140999944880605
2202	1e-23	0.001149199961218983
2203	1e-23	0.0012990999966859818
2204	1e-23	0.0012120000319555402
2205	1e-23	0.0012800999684259295
2206	1e-23	0.0010612999903969467
2207	1e-23	0.0011255999561399221
2208	1e-23	0.0016681000124663115
2209	1e-23	0.0014367999974638224
2210	1e-23	0.0012713000178337097
2211	1e-23	0.0012037000269629061
2212	1e-23	0.0011766999959945679
2213	1e-23	0.0012017999542877078
2214	1e-23	0.0012817999813705683
2215	1e-23	0.0012057000421918929
2216	1e-23	0.0010432999697513878
2217	1e-23	0.0011200999724678695
2218	1e-23	0.0011875999625772238
2219	1e-23	0.0011680999887175858
2220	1e-23	0.0014027999714016914
2221	1e-23	0.0013116999762132764
2222	1e-23	0.0012981999898329377
2223	1e-23	0.001277300005313009
2224	1e-23	0.0011581999715417624
2225	1e-23	0.0011416000197641551
2226	1e-23	0.001091600046493113
2227	1e-23	0.0011681000469252467
2228	1e-23	0.0013425000361166894
2229	1e-23	0.0012002000003121793
2230	1e-23	0.0012284000404179096
2231	1e-23	0.0012095000129193068
2232	1e-23	0.0014913000050000846
2233	1e-23	0.0013046000385656953
2234	1e-23	0.0013424999779090285
2235	1e-23	0.0013746999902650714
2236	1e-23	0.0011156999971717596
2237	1e-23	0.0011431000311858952
2238	1e-23	0.0011174999526701868
2239	1e-23	0.0011419000220485032
2240	1e-23	0.001219599973410368
2241	1e-23	0.0011961999698542058
2242	1e-23	0.0010570999584160745
2243	1e-23	0.0010171000030823052
2244	1e-23	0.0010989999864250422
2245	1e-23	0.001160499989055097
2246	1e-23	0.0010794000118039548
2247	1e-23	0.0010526000405661762
2248	1e-23	0.0012189000262878835
2249	1e-23	0.0012037999695166945
2250	1e-23	0.0011551000061444938
2251	1e-23	0.0012512999819591641
2252	1e-23	0.001095099956728518
2253	1e-23	0.00103270000545308
2254	1e-23	0.001114599988795817
2255	1e-23	0.0011567000183276832
2256	1e-23	0.0011298000463284552
2257	1e-23	0.001129999989643693
2258	1e-23	0.0012864000163972378
2259	1e-23	0.0011981000425294042
2260	1e-23	0.0011163000017404556
2261	1e-23	0.0013065999955870211
2262	1e-23	0.001137400045990944
2263	1e-23	0.0010990999871864915
2264	1e-23	0.0014281000476330519
2265	1e-23	0.0012246000114828348
2266	1e-23	0.0011156999971717596
2267	1e-23	0.0010395999997854233
2268	1e-23	0.0011966999736614525
2269	1e-23	0.001355400017928332
2270	1e-23	0.0012146999943070114
2271	1e-23	0.001305999991018325
2272	1e-23	0.0012061999877914786
2273	1e-23	0.001171700016129762
2274	1e-23	0.001193300005979836
2275	1e-23	0.0010851999977603555
2276	1e-23	0.0010292999795638025
2277	1e-23	0.001055800006724894
2278	1e-23	0.0011438000365160406
2279	1e-23	0.001070600003004074
2280	1e-23	0.0010465000523254275
2281	1e-23	0.0010506000253371894
2282	1e-23	0.001069399993866682
2283	1e-23	0.0011707000085152686
2284	1e-23	0.0011341999634169042
2285	1e-23	0.0011944000143557787
2286	1e-23	0.0010989000438712537
2287	1e-23	0.001097200030926615
2288	1e-23	0.001059899979736656
2289	1e-23	0.0011008000001311302
2290	1e-23	0.0011685999925248325
2291	1e-23	0.0012857000110670924
2292	1e-23	0.0012089999509043992
2293	1e-23	0.0011158999986946583
2294	1e-23	0.0010387999936938286
2295	1e-23	0.0010673999786376953
2296	1e-23	0.0014099999680183828
2297	1e-23	0.0012277999776415527
2298	1e-23	0.0011522999848239124
2299	1e-23	0.0011475000064820051
2300	1e-23	0.001171400013845414
2301	1e-23	0.001136199978645891
2302	1e-23	0.0010862000053748488
2303	1e-23	0.001253900001756847
2304	1e-23	0.0012508000363595784
2305	1e-23	0.0011192000238224864
2306	1e-23	0.0011522999848239124
2307	1e-23	0.0011706000077538192
2308	1e-23	0.001276700000744313
2309	1e-23	0.0013381000026129186
2310	1e-23	0.001209600013680756
2311	1e-23	0.0011085000005550683
2312	1e-23	0.0010845999931916595
2313	1e-23	0.0011590999783948064
2314	1e-23	0.0012049999786540866
2315	1e-23	0.0012453999952413142
2316	1e-23	0.0012327000149525702
2317	1e-23	0.0011736999731510878
2318	1e-23	0.0010673999786376953
2319	1e-23	0.0010290999780409038
2320	1e-23	0.0010422999621368945
2321	1e-23	0.0012174000148661435
2322	1e-23	0.001052499981597066
2323	1e-23	0.0010065999813377857
2324	1e-23	0.0011992999934591353
2325	1e-23	0.001305999991018325
2326	1e-23	0.0011032000184059143
2327	1e-23	0.00115720002213493
2328	1e-23	0.0011481000110507011
2329	1e-23	0.0010790000087581575
2330	1e-23	0.0010173000046052039
2331	1e-23	0.0011492999619804323
2332	1e-23	0.0011353999725542963
2333	1e-23	0.0010569000151008368
2334	1e-23	0.0010701999999582767
2335	1e-23	0.001395900035277009
2336	1e-23	0.0010470999986864626
2337	1e-23	0.0010794000118039548
2338	1e-23	0.0011613999959081411
2339	1e-23	0.0011172000085934997
2340	1e-23	0.0010309999925084412
2341	1e-23	0.0010157999931834638
2342	1e-23	0.0014309000107459724
2343	1e-23	0.0011781000066548586
2344	1e-23	0.0011174000101163983
2345	1e-23	0.0011882000253535807
2346	1e-23	0.0011650999658741057
2347	1e-23	0.0010553000029176474
2348	1e-23	0.0015295000048354268
2349	1e-23	0.0011158999986946583
2350	1e-23	0.0010448000393807888
2351	1e-23	0.001191799994558096
2352	1e-23	0.0012755999923683703
2353	1e-23	0.0012703000102192163
2354	1e-23	0.0012713000178337097
2355	1e-23	0.0011644999613054097
2356	1e-23	0.001122899993788451
2357	1e-23	0.001018499955534935
2358	1e-23	0.0010124999680556357
2359	1e-23	0.0012957000290043652
2360	1e-23	0.0013005000073462725
2361	1e-23	0.0012651999713853002
2362	1e-23	0.001195100019685924
2363	1e-23	0.001160500047262758
2364	1e-23	0.0010766999912448227
2365	1e-23	0.001201300008688122
2366	1e-23	0.0013219999964348972
2367	1e-23	0.001185000000987202
2368	1e-23	0.0011059999815188348
2369	1e-23	0.0014179000281728804
2370	1e-23	0.0010952000156976283
2371	1e-23	0.001120000029914081
2372	1e-23	0.001131199998781085
2373	1e-23	0.0013028999674133956
2374	1e-23	0.0011528999893926084
2375	1e-23	0.0011240000021643937
2376	1e-23	0.0012375999940559268
2377	1e-23	0.001155699952505529
2378	1e-23	0.0010505999671295285
2379	1e-23	0.0013461000053212047
2380	1e-23	0.0013334000250324607
2381	1e-23	0.0011867000139318407
2382	1e-23	0.001255999959539622
2383	1e-23	0.001261600002180785
2384	1e-23	0.0012123999767936766
2385	1e-23	0.0013064999948255718
2386	1e-23	0.0011903999838978052
2387	1e-23	0.001067600038368255
2388	1e-23	0.0010148999863304198
2389	1e-23	0.001068799989297986
2390	1e-23	0.0011150000500492752
2391	1e-23	0.0010568000143393874
2392	1e-23	0.0010595000348985195
2393	1e-23	0.0013373999972827733
2394	1e-23	0.0010869000107049942
2395	1e-23	0.0010534999892115593
2396	1e-23	0.0010784000041894615
2397	1e-23	0.001114899991080165
2398	1e-23	0.0015236999606713653
2399	1e-23	0.0015908999484963715
2400	1e-23	0.0011134000378660858
2401	1e-23	0.001075300038792193
2402	1e-23	0.00103420001687482
2403	1e-23	0.0011844000546261668
2404	1e-23	0.0011140999849885702
2405	1e-23	0.001121399982366711
2406	1e-23	0.0011427999706938863
2407	1e-23	0.0011953000212088227
2408	1e-23	0.0012623000075109303
2409	1e-23	0.0011678999871946871
2410	1e-23	0.0012848000042140484
2411	1e-23	0.0013679999974556267
2412	1e-23	0.001144199981354177
2413	1e-23	0.0012060999870300293
2414	1e-23	0.0011124999728053808
2415	1e-23	0.001061999995727092
2416	1e-23	0.0010520999785512686
2417	1e-23	0.0011640999582596123
2418	1e-23	0.001069999998435378
2419	1e-23	0.0013384000048972666
2420	1e-23	0.0014952000346966088
2421	1e-23	0.0010757000418379903
2422	1e-23	0.0010206999722868204
2423	1e-23	0.0010850999969989061
2424	1e-23	0.0012282999814487994
2425	1e-23	0.0012277999776415527
2426	1e-23	0.0012161999475210905
2427	1e-23	0.001179399958346039
2428	1e-23	0.0011341000208631158
2429	1e-23	0.0010999999940395355
2430	1e-23	0.001221999991685152
2431	1e-23	0.0011691999970935285
2432	1e-23	0.001033600012306124
2433	1e-23	0.000986600003670901
2434	1e-23	0.0010799000156112015
2435	1e-23	0.0011911999899894
2436	1e-23	0.0010850999969989061
2437	1e-23	0.0010027000098489225
2438	1e-23	0.001483400003053248
2439	1e-23	0.0012587999808602035
2440	1e-23	0.0011990999919362366
2441	1e-23	0.0011987999896518886
2442	1e-23	0.0010322000016458333
2443	1e-23	0.0010282000293955207
2444	1e-23	0.0015110000385902822
2445	1e-23	0.0012399000115692616
2446	1e-23	0.0011833999888040125
2447	1e-23	0.001147200004197657
2448	1e-23	0.0011596999829635024
2449	1e-23	0.0011145000462420285
2450	1e-23	0.0012175000156275928
2451	1e-23	0.0014962000423111022
2452	1e-23	0.0011147999903187156
2453	1e-23	0.0010831000399775803
2454	1e-23	0.0012583999778144062
2455	1e-23	0.0014682000037282705
2456	1e-23	0.0011730999685823917
2457	1e-23	0.0012419000267982483
2458	1e-23	0.0011777000036090612
2459	1e-23	0.001173499971628189
2460	1e-23	0.001193900010548532
2461	1e-23	0.0011214999831281602
2462	1e-23	0.0012621000059880316
2463	1e-23	0.0013808999792672694
2464	1e-23	0.001198899990413338
2465	1e-23	0.0011703000054694712
2466	1e-23	0.00104310002643615
2467	1e-23	0.0010403000051155686
2468	1e-23	0.0011497000232338905
2469	1e-23	0.0010856000008061528
2470	1e-23	0.001127899973653257
2471	1e-23	0.001312499982304871
2472	1e-23	0.0012892000377178192
2473	1e-23	0.0013296999968588352
2474	1e-23	0.0012015000102110207
2475	1e-23	0.0012631999561563134
2476	1e-23	0.001170800009276718
2477	1e-23	0.0012162000057287514
2478	1e-23	0.0012331000179983675
2479	1e-23	0.0012079000007361174
2480	1e-23	0.0011149999918416142
2481	1e-23	0.0011834999895654619
2482	1e-23	0.001075900043360889
2483	1e-23	0.0010204000282101333
2484	1e-23	0.001005500031169504
2485	1e-23	0.0016068000113591552
2486	1e-23	0.0011184000177308917
2487	1e-23	0.0010486999526619911
2488	1e-23	0.001312799984589219
2489	1e-23	0.0013207000447437167
2490	1e-23	0.0013846000074408948
2491	1e-23	0.0012541000032797456
2492	1e-23	0.001087700016796589
2493	1e-23	0.0010172000038437545
2494	1e-23	0.001042500021867454
2495	1e-23	0.0011443999828770757
2496	1e-23	0.001075299980584532
2497	1e-23	0.0010342999594286084
2498	1e-23	0.0010061999782919884
2499	1e-23	0.0010853999992832541
2500	1e-23	0.0010338000138290226
2501	1e-23	0.0010261000134050846
2502	1e-23	0.0013105999678373337
2503	1e-23	0.0011621000012382865
2504	1e-23	0.0011603000457398593
2505	1e-23	0.001445000001695007
2506	1e-23	0.0013710999628528953
2507	1e-23	0.0011005999986082315
2508	1e-23	0.001027400023303926
2509	1e-23	0.0015556999715045094
2510	1e-23	0.0010754000395536423
2511	1e-23	0.0010455999872647226
2512	1e-23	0.0010930999997071922
2513	1e-23	0.0010822999756783247
2514	1e-23	0.0010071999859064817
2515	1e-23	0.0013617999502457678
2516	1e-23	0.0013537000049836934
2517	1e-23	0.0011963999713771045
2518	1e-23	0.0011768999975174665
2519	1e-23	0.0011841999948956072
2520	1e-23	0.0012094000121578574
2521	1e-23	0.0011851000017486513
2522	1e-23	0.0012430999777279794
2523	1e-23	0.0012021000147797167
2524	1e-23	0.0011674000415951014
2525	1e-23	0.001223200000822544
2526	1e-23	0.0011570000206120312
2527	1e-23	0.0010989999864250422
2528	1e-23	0.0011690999963320792
2529	1e-23	0.0012463000020943582
2530	1e-23	0.0011561000137589872
2531	1e-23	0.001089800032787025
2532	1e-23	0.0010432000271975994
2533	1e-23	0.0016436000005342066
2534	1e-23	0.001039499999023974
2535	1e-23	0.001039199996739626
2536	1e-23	0.0011360999778844416
2537	1e-23	0.0011323999497108161
2538	1e-23	0.0010227999882772565
2539	1e-23	0.0011185999610461295
2540	1e-23	0.0013216999941505492
2541	1e-23	0.0011771999998018146
2542	1e-23	0.0011307999957352877
2543	1e-23	0.0013475000159814954
2544	1e-23	0.0013534999452531338
2545	1e-23	0.0011343999649398029
2546	1e-23	0.0011422999668866396
2547	1e-23	0.0011666000355035067
2548	1e-23	0.0011248000082559884
2549	1e-23	0.0010682999854907393
2550	1e-23	0.0011496999650262296
2551	1e-23	0.0011965999729000032
2552	1e-23	0.0011814000317826867
2553	1e-23	0.0013969999854452908
2554	1e-23	0.0013075000024400651
2555	1e-23	0.001145699992775917
2556	1e-23	0.0010914999875240028
2557	1e-23	0.0014091000193729997
2558	1e-23	0.0013845000066794455
2559	1e-23	0.0011223999899812043
2560	1e-23	0.0011721000191755593
2561	1e-23	0.0011249000090174377
2562	1e-23	0.0012856999528594315
2563	1e-23	0.001292400003876537
2564	1e-23	0.0011780999484471977
2565	1e-23	0.001470699964556843
2566	1e-23	0.0012070999946445227
2567	1e-23	0.0012163000064902008
2568	1e-23	0.0011319000041112304
2569	1e-23	0.0011263000196777284
2570	1e-23	0.001317799964454025
2571	1e-23	0.0011289000394754112
2572	1e-23	0.0011066999868489802
2573	1e-23	0.0011814999743364751
2574	1e-23	0.0011208999785594642
2575	1e-23	0.0010852999985218048
2576	1e-23	0.0010358999716117978
2577	1e-23	0.0011419000220485032
2578	1e-23	0.0014952000346966088
2579	1e-23	0.0012521000462584198
2580	1e-23	0.0015834999503567815
2581	1e-23	0.0010825999779626727
2582	1e-23	0.0010890999692492187
2583	1e-23	0.0012471999507397413
2584	1e-23	0.001166999980341643
2585	1e-23	0.001133300014771521
2586	1e-23	0.001178200007416308
2587	1e-23	0.0012033000239171088
2588	1e-23	0.0011300999904051423
2589	1e-23	0.001137399987783283
2590	1e-23	0.001139200001489371
2591	1e-23	0.002738200011663139
2592	1e-23	0.0013688000035472214
2593	1e-23	0.0012294999905861914
2594	1e-23	0.0011582000297494233
2595	1e-23	0.001278200012166053
2596	1e-23	0.0013092000153847039
2597	1e-23	0.0012338999658823013
2598	1e-23	0.0013151000021025538
2599	1e-23	0.0011273000272922218
2600	1e-23	0.0011992999934591353
2601	1e-23	0.0013854000135324895
2602	1e-23	0.0018334999913349748
2603	1e-23	0.0012679999927058816
2604	1e-23	0.000990699976682663
2605	1e-23	0.0012105000205338001
2606	1e-23	0.0012584999785758555
2607	1e-23	0.0013732999796047807
2608	1e-23	0.0012719000224024057
2609	1e-23	0.0012682999949902296
2610	1e-23	0.0012329000164754689
2611	1e-23	0.0012780000106431544
2612	1e-23	0.0012354999780654907
2613	1e-23	0.0012591999839060009
2614	1e-23	0.0012688999995589256
2615	1e-23	0.0012992999982088804
2616	1e-23	0.0012919000000692904
2617	1e-23	0.0012650000280700624
2618	1e-23	0.0012410000199452043
2619	1e-23	0.001241500023752451
2620	1e-23	0.0016733999946154654
2621	1e-23	0.0012523000477813184
2622	1e-23	0.0012384000001475215
2623	1e-23	0.0013337000273168087
2624	1e-23	0.0014497999800369143
2625	1e-23	0.0013207000447437167
2626	1e-23	0.0014746999950148165
2627	1e-23	0.0013067999971099198
2628	1e-23	0.0012669000425375998
2629	1e-23	0.0013557999627664685
2630	1e-23	0.0012869999627582729
2631	1e-23	0.0012234000023454428
2632	1e-23	0.0012375999940559268
2633	1e-23	0.0011821999796666205
2634	1e-23	0.0011435000342316926
2635	1e-23	0.0011999999987892807
2636	1e-23	0.001275799993891269
2637	1e-23	0.0012701000086963177
2638	1e-23	0.0013146999990567565
2639	1e-23	0.0012712000170722604
2640	1e-23	0.0012502999743446708
2641	1e-23	0.001294699963182211
2642	1e-23	0.0012809999752789736
2643	1e-23	0.0012395000085234642
2644	1e-23	0.001306299993302673
2645	1e-23	0.0013878000318072736
2646	1e-23	0.001363599963951856
2647	1e-23	0.0012255000183358788
2648	1e-23	0.0014595999964512885
2649	1e-23	0.0012669999850913882
2650	1e-23	0.0012108999653719366
2651	1e-23	0.0012885999749414623
2652	1e-23	0.001234699971973896
2653	1e-23	0.0011743000359274447
2654	1e-23	0.0011944999569095671
2655	1e-23	0.001235899981111288
2656	1e-23	0.0011671999818645418
2657	1e-23	0.0011126999743282795
2658	1e-23	0.0010894000297412276
2659	1e-23	0.001157800026703626
2660	1e-23	0.0011158999986946583
2661	1e-23	0.0018955999985337257
2662	1e-23	0.0014284000499173999
2663	1e-23	0.0012434000382199883
2664	1e-23	0.0014531000051647425
2665	1e-23	0.0014167000190354884
2666	1e-23	0.0010978999780490994
2667	1e-23	0.0012797000235877931
2668	1e-23	0.0011913999915122986
2669	1e-23	0.001151899981778115
2670	1e-23	0.0011735999723896384
2671	1e-23	0.001236799987964332
2672	1e-23	0.0013287999900057912
2673	1e-23	0.0013313000090420246
2674	1e-23	0.0013957999763078988
2675	1e-23	0.001187400019261986
2676	1e-23	0.001102800015360117
2677	1e-23	0.0011445999843999743
2678	1e-23	0.0010789000079967082
2679	1e-23	0.0010804000194184482
2680	1e-23	0.0010708000045269728
2681	1e-23	0.001206299988552928
2682	1e-23	0.0011565000168047845
2683	1e-23	0.001362200011499226
2684	1e-23	0.0017710999818518758
2685	1e-23	0.0012102000182494521
2686	1e-23	0.0012037000269629061
2687	1e-23	0.0012647000257857144
2688	1e-23	0.0011668999795801938
2689	1e-23	0.0011981999850831926
2690	1e-23	0.0012904999894089997
2691	1e-23	0.0012249000137671828
2692	1e-23	0.0014955999795347452
2693	1e-23	0.001571300032082945
2694	1e-23	0.0012221999932080507
2695	1e-23	0.001098400040064007
2696	1e-23	0.0012285999837331474
2697	1e-23	0.0011158999986946583
2698	1e-23	0.0014522999990731478
2699	1e-23	0.0012487000203691423
2700	1e-23	0.0012640999630093575
2701	1e-23	0.0011273000272922218
2702	1e-23	0.0011493000201880932
2703	1e-23	0.0013251000200398266
2704	1e-23	0.0011243000044487417
2705	1e-23	0.0011547000030986965
2706	1e-23	0.0012627000105567276
2707	1e-23	0.0013878000318072736
2708	1e-23	0.0016707999748177826
2709	1e-23	0.0014177000266499817
2710	1e-23	0.0013370999949984252
2711	1e-23	0.0012445999891497195
2712	1e-23	0.0012712000170722604
2713	1e-23	0.001125900016631931
2714	1e-23	0.0011017000069841743
2715	1e-23	0.0010768999927677214
2716	1e-23	0.0013358999858610332
2717	1e-23	0.001179699960630387
2718	1e-23	0.0011163000017404556
2719	1e-23	0.0011452999897301197
2720	1e-23	0.001112000027205795
2721	1e-23	0.0012907999916933477
2722	1e-23	0.0012176000163890421
2723	1e-23	0.001210999966133386
2724	1e-23	0.001166999980341643
2725	1e-23	0.0011319000041112304
2726	1e-23	0.0011922999983653426
2727	1e-23	0.0011041999678127468
2728	1e-23	0.001165499968919903
2729	1e-23	0.0012883999734185636
2730	1e-23	0.001305399986449629
2731	1e-23	0.0011824999819509685
2732	1e-23	0.0012644000235013664
2733	1e-23	0.0012418999685905874
2734	1e-23	0.0014658999862149358
2735	1e-23	0.0013248000177554786
2736	1e-23	0.001324300013948232
2737	1e-23	0.0012208999833092093
2738	1e-23	0.0010617999942041934
2739	1e-23	0.001567100000102073
2740	1e-23	0.0014887999859638512
2741	1e-23	0.0012243000091984868
2742	1e-23	0.0011445999843999743
2743	1e-23	0.0014084000140428543
2744	1e-23	0.0018089000368490815
2745	1e-23	0.0012615000014193356
2746	1e-23	0.0011136000393889844
2747	1e-23	0.001132100005634129
2748	1e-23	0.0012212999863550067
2749	1e-23	0.0012438999838195741
2750	1e-23	0.0010628000018186867
2751	1e-23	0.001346200006082654
2752	1e-23	0.001274599984753877
2753	1e-23	0.0011344000231474638
2754	1e-23	0.0011415999615564942
2755	1e-23	0.001157799968495965
2756	1e-23	0.0010994999902322888
2757	1e-23	0.001319899980444461
2758	1e-23	0.0012737999786622822
2759	1e-23	0.0012058999855071306
2760	1e-23	0.0013037999742664397
2761	1e-23	0.0011982000432908535
2762	1e-23	0.0011565000168047845
2763	1e-23	0.0010765999904833734
2764	1e-23	0.0010332000092603266
2765	1e-23	0.0015128999948501587
2766	1e-23	0.0010621999972499907
2767	1e-23	0.0010144999832846224
2768	1e-23	0.001067299977876246
2769	1e-23	0.0014122999855317175
2770	1e-23	0.001178500009700656
2771	1e-23	0.0011812999728135765
2772	1e-23	0.0011670999811030924
2773	1e-23	0.0010664999717846513
2774	1e-23	0.001066999975591898
2775	1e-23	0.0011554000084288418
2776	1e-23	0.0012214999878779054
2777	1e-23	0.001125300012063235
2778	1e-23	0.0011344000231474638
2779	1e-23	0.001142999972216785
2780	1e-23	0.0011400000075809658
2781	1e-23	0.001054599997587502
2782	1e-23	0.0012800000258721411
2783	1e-23	0.0011866999557241797
2784	1e-23	0.0011262999614700675
2785	1e-23	0.001123800000641495
2786	1e-23	0.001124700007494539
2787	1e-23	0.0010791000095196068
2788	1e-23	0.0010601000394672155
2789	1e-23	0.0012292000465095043
2790	1e-23	0.0011730000260286033
2791	1e-23	0.001068500045221299
2792	1e-23	0.0010338000138290226
2793	1e-23	0.001425200025551021
2794	1e-23	0.0013266999740153551
2795	1e-23	0.0015644000377506018
2796	1e-23	0.0013441999908536673
2797	1e-23	0.0012111999676562846
2798	1e-23	0.001198299985844642
2799	1e-23	0.0012113000266253948
2800	1e-23	0.0012221999932080507
2801	1e-23	0.0011769999982789159
2802	1e-23	0.0013691000058315694
2803	1e-23	0.0012524999910965562
2804	1e-23	0.001261299999896437
2805	1e-23	0.001387299969792366
2806	1e-23	0.001256000017747283
2807	1e-23	0.0012530999956652522
2808	1e-23	0.0011808999697677791
2809	1e-23	0.0012273999745957553
2810	1e-23	0.001177300000563264
2811	1e-23	0.0011585000320337713
2812	1e-23	0.001492600014898926
2813	1e-23	0.0011355000315234065
2814	1e-23	0.0011204999755136669
2815	1e-23	0.0012513999827206135
2816	1e-23	0.0012223999947309494
2817	1e-23	0.0012673999881371856
2818	1e-23	0.001178800011985004
2819	1e-23	0.0013670999906025827
2820	1e-23	0.0012255999608896673
2821	1e-23	0.0012528999941423535
2822	1e-23	0.0011745999800041318
2823	1e-23	0.0011299000470899045
2824	1e-23	0.0011111999629065394
2825	1e-23	0.0010807999642565846
2826	1e-23	0.0010782000026665628
2827	1e-23	0.0011876000207848847
2828	1e-23	0.0012082000030204654
2829	1e-23	0.0014185999752953649
2830	1e-23	0.0014038000372238457
2831	1e-23	0.0013976000482216477
2832	1e-23	0.001998000021558255
2833	1e-23	0.0014909000019542873
2834	1e-23	0.001318399969022721
2835	1e-23	0.001206299988552928
2836	1e-23	0.0013844000059179962
2837	1e-23	0.0013433999847620726
2838	1e-23	0.0012585999793373048
2839	1e-23	0.001290299987886101
2840	1e-23	0.0013436999870464206
2841	1e-23	0.0011982000432908535
2842	1e-23	0.0012473000097088516
2843	1e-23	0.0015657999902032316
2844	1e-23	0.0012935999548062682
2845	1e-23	0.0012629999546334147
2846	1e-23	0.0011214999831281602
2847	1e-23	0.0013272999785840511
2848	1e-23	0.0014806000399403274
2849	1e-23	0.0015421999851241708
2850	1e-23	0.0012397000100463629
2851	1e-23	0.0012732999748550355
2852	1e-23	0.0012916999985463917
2853	1e-23	0.001149499963503331
2854	1e-23	0.0013281999854370952
2855	1e-23	0.001263700018171221
2856	1e-23	0.0011872000177390873
2857	1e-23	0.0011759999906644225
2858	1e-23	0.001102799957152456
2859	1e-23	0.0012034999672323465
2860	1e-23	0.0013074000016786158
2861	1e-23	0.0012360000400803983
2862	1e-23	0.0011836000485345721
2863	1e-23	0.0011610000510700047
2864	1e-23	0.0011275999713689089
2865	1e-23	0.001187100016977638
2866	1e-23	0.0012579000322148204
2867	1e-23	0.0011676999856717885
2868	1e-23	0.0015317000215873122
2869	1e-23	0.0012397000100463629
2870	1e-23	0.0012941000168211758
2871	1e-23	0.001317199959885329
2872	1e-23	0.0013767000054940581
2873	1e-23	0.0013586999848484993
2874	1e-23	0.001253900001756847
2875	1e-23	0.0012434999807737768
2876	1e-23	0.00120160001097247
2877	1e-23	0.0010509000276215374
2878	1e-23	0.0011410000151954591
2879	1e-23	0.0013390000094659626
2880	1e-23	0.001545500010251999
2881	1e-23	0.0017482999828644097
2882	1e-23	0.0012288999860174954
2883	1e-23	0.0011836999910883605
2884	1e-23	0.0013288999907672405
2885	1e-23	0.001233499962836504
2886	1e-23	0.0011986999888904393
2887	1e-23	0.0012968999799340963
2888	1e-23	0.0011380999931134284
2889	1e-23	0.0011573000228963792
2890	1e-23	0.0011396000045351684
2891	1e-23	0.0014891000464558601
2892	1e-23	0.0011009000008925796
2893	1e-23	0.0010279000271111727
2894	1e-23	0.0013060999917797744
2895	1e-23	0.0011971999774686992
2896	1e-23	0.001146900001913309
2897	1e-23	0.0011062000412493944
2898	1e-23	0.0011579000274650753
2899	1e-23	0.0010795000125654042
2900	1e-23	0.0014165000175125897
2901	1e-23	0.001158400031272322
2902	1e-23	0.0011641000164672732
2903	1e-23	0.001179100014269352
2904	1e-23	0.0010732999653555453
2905	1e-23	0.0013821000466123223
2906	1e-23	0.0011667999788187444
2907	1e-23	0.0010492000146768987
2908	1e-23	0.0014370999997481704
2909	1e-23	0.001127899973653257
2910	1e-23	0.0010617999942041934
2911	1e-23	0.0010664000292308629
2912	1e-23	0.0011073999921791255
2913	1e-23	0.0010501999640837312
2914	1e-23	0.001033300010021776
2915	1e-23	0.0013329999637790024
2916	1e-23	0.0011784000089392066
2917	1e-23	0.0010806000209413469
2918	1e-23	0.0011003999970853329
2919	1e-23	0.0012067999923601747
2920	1e-23	0.0011065999860875309
2921	1e-23	0.001084500050637871
2922	1e-23	0.0011828999849967659
2923	1e-23	0.001039199996739626
2924	1e-23	0.0010320000001229346
2925	1e-23	0.0010651000193320215
2926	1e-23	0.0013212000485509634
2927	1e-23	0.0011937000090256333
2928	1e-23	0.0016737999976612628
2929	1e-23	0.0015528000076301396
2930	1e-23	0.0014272999833337963
2931	1e-23	0.0010958000202663243
2932	1e-23	0.0011431999737396836
2933	1e-23	0.001269900007173419
2934	1e-23	0.001116700004786253
2935	1e-23	0.0011959000257775187
2936	1e-23	0.001089200028218329
2937	1e-23	0.0011857000063173473
2938	1e-23	0.00120160001097247
2939	1e-23	0.0011613999959081411
2940	1e-23	0.0013319000136107206
2941	1e-23	0.0015001000137999654
2942	1e-23	0.0014248000225052238
2943	1e-23	0.0011107000173069537
2944	1e-23	0.0010873000137507915
2945	1e-23	0.0013430000399239361
2946	1e-23	0.0013749999925494194
2947	1e-23	0.0012248000130057335
2948	1e-23	0.0013069999986328185
2949	1e-23	0.001205399981699884
2950	1e-23	0.00122079998254776
2951	1e-23	0.0012729999725706875
2952	1e-23	0.0011363000376150012
2953	1e-23	0.0011996000539511442
2954	1e-23	0.0012119999737478793
2955	1e-23	0.0011709000100381672
2956	1e-23	0.0010785000049509108
2957	1e-23	0.0010648000170476735
2958	1e-23	0.0011928000021725893
2959	1e-23	0.0011669000377878547
2960	1e-23	0.0010728000197559595
2961	1e-23	0.0010053999722003937
2962	1e-23	0.001520999998319894
2963	1e-23	0.0014854000182822347
2964	1e-23	0.0012818000395782292
2965	1e-23	0.001339399954304099
2966	1e-23	0.0012517999857664108
2967	1e-23	0.0012385000009089708
2968	1e-23	0.0014084000140428543
2969	1e-23	0.0012865000171586871
2970	1e-23	0.00116020004497841
2971	1e-23	0.0012836999958381057
2972	1e-23	0.001125000009778887
2973	1e-23	0.001068800047505647
2974	1e-23	0.0011523999855853617
2975	1e-23	0.0012393000070005655
2976	1e-23	0.0014037999790161848
2977	1e-23	0.0013232000055722892
2978	1e-23	0.0012206999817863107
2979	1e-23	0.0010925999958999455
2980	1e-23	0.0010970999719575047
2981	1e-23	0.0012157000019215047
2982	1e-23	0.0013450999977067113
2983	1e-23	0.0012909999932162464
2984	1e-23	0.001253599999472499
2985	1e-23	0.0012404999579302967
2986	1e-23	0.0011754000443033874
2987	1e-23	0.001114599988795817
2988	1e-23	0.0013128999853506684
2989	1e-23	0.0012617000029422343
2990	1e-23	0.0011828999849967659
2991	1e-23	0.001270800014026463
2992	1e-23	0.0011387999984435737
2993	1e-23	0.0012282999814487994
2994	1e-23	0.0011799000203609467
2995	1e-23	0.0011212999816052616
2996	1e-23	0.0011516999802552164
2997	1e-23	0.0011257000151090324
2998	1e-23	0.0012150999973528087
2999	1e-23	0.0011989999911747873
3000	1e-23	0.0011527000460773706
