epoch	total	seconds
1	1e-23	0.19947120000142604
2	1e-23	0.002036700025200844
3	1e-23	0.0016180999809876084
4	1e-23	0.0014696999569423497
5	1e-23	0.0013287999900057912
6	1e-23	0.003350099956151098
7	1e-23	0.0017577999969944358
8	1e-23	0.0015379999531432986
9	1e-23	0.001220499980263412
10	1e-23	0.0011215999838896096
11	1e-23	0.0011142999865114689
12	1e-23	0.0012792000197805464
13	1e-23	0.0014158999547362328
14	1e-23	0.0012413999647833407
15	1e-23	0.001554399961605668
16	1e-23	0.0012777999509125948
17	1e-23	0.0012040999718010426
18	1e-23	0.0012867000186815858
19	1e-23	0.0011836000485345721
20	1e-23	0.0012445999891497195
21	1e-23	0.0012528999941423535
22	1e-23	0.0011825999827124178
23	1e-23	0.0010839999886229634
24	1e-23	0.0012514999834820628
25	1e-23	0.0010402000043541193
26	1e-23	0.0010992000461556017
27	1e-23	0.0012119999737478793
28	1e-23	0.0014421000378206372
29	1e-23	0.0012618000037036836
30	1e-23	0.0011747999815270305
31	1e-23	0.0013064999948255718
32	1e-23	0.0012692000018432736
33	1e-23	0.0011332999565638602
34	1e-23	0.0012063999893143773
35	1e-23	0.001110500015784055
36	1e-23	0.0010881999623961747
37	1e-23	0.0010191999608650804
38	1e-23	0.0011322000063955784
39	1e-23	0.001303899975027889
40	1e-23	0.00136599998222664
41	1e-23	0.0014525000005960464
42	1e-23	0.001594900037162006
43	1e-23	0.001344399992376566
44	1e-23	0.0012320999521762133
45	1e-23	0.0010789000079967082
46	1e-23	0.0010017000022344291
47	1e-23	0.0011128999758511782
48	1e-23	0.001239399949554354
49	1e-23	0.0012651000288315117
50	1e-23	0.0012432000366970897
51	1e-23	0.00122819998068735
52	1e-23	0.0018494999967515469
53	1e-23	0.0012913999962620437
54	1e-23	0.0011916999937966466
55	1e-23	0.0014405000256374478
56	1e-23	0.0012327999575063586
57	1e-23	0.0013206999865360558
58	1e-23	0.0012414000229910016
59	1e-23	0.0012238000053912401
60	1e-23	0.0012088000075891614
61	1e-23	0.0011526000453159213
62	1e-23	0.0011467000003904104
63	1e-23	0.001305699988733977
64	1e-23	0.001318399969022721
65	1e-23	0.0012208999833092093
66	1e-23	0.001216100004967302
67	1e-23	0.0012496000272221863
68	1e-23	0.0013219999964348972
69	1e-23	0.0013522999943234026
70	1e-23	0.0014268000377342105
71	1e-23	0.00118830002611503
72	1e-23	0.0011636000126600266
73	1e-23	0.0013441999908536673
74	1e-23	0.0012083000037819147
75	1e-23	0.001491700008045882
76	1e-23	0.0012971999822184443
77	1e-23	0.0011677999864332378
78	1e-23	0.001331699953880161
79	1e-23	0.001236799987964332
80	1e-23	0.0012987999944016337
81	1e-23	0.0012153999996371567
82	1e-23	0.0013408000231720507
83	1e-23	0.0011736000305972993
84	1e-23	0.0011260000173933804
85	1e-23	0.0011965999729000032
86	1e-23	0.0016454999567940831
87	1e-23	0.001355400017928332
88	1e-23	0.001408000010997057
89	1e-23	0.001205399981699884
90	1e-23	0.0011701000039465725
91	1e-23	0.0011733000283129513
92	1e-23	0.0013380000018514693
93	1e-23	0.0011882000253535807
94	1e-23	0.0011256999569013715
95	1e-23	0.0011544000008143485
96	1e-23	0.0011257000151090324
97	1e-23	0.0011181000154465437
98	1e-23	0.0013003000058233738
99	1e-23	0.001247400010470301
100	1e-23	0.0011547000030986965
101	1e-23	0.001112900034058839
102	1e-23	0.0012187999673187733
103	1e-23	0.0012727000284940004
104	1e-23	0.001191499992273748
105	1e-23	0.001201300008688122
106	1e-23	0.001172899967059493
107	1e-23	0.0011295999865978956
108	1e-23	0.0012234999448992312
109	1e-23	0.0013421999756246805
110	1e-23	0.0016973000019788742
111	1e-23	0.0011283999774605036
112	1e-23	0.001281699980609119
113	1e-23	0.001291199994739145
114	1e-23	0.0011348999687470496
115	1e-23	0.0012789000174961984
116	1e-23	0.0010691999923437834
117	1e-23	0.0010956000187434256
118	1e-23	0.0012170999543741345
119	1e-23	0.0012181000201962888
120	1e-23	0.001067899982444942
121	1e-23	0.0010525000398047268
122	1e-23	0.001192399999126792
123	1e-23	0.0013063999940641224
124	1e-23	0.0010543999960646033
125	1e-23	0.001129099982790649
126	1e-23	0.0011757999891415238
127	1e-23	0.0010201000259257853
128	1e-23	0.0011050999746657908
129	1e-23	0.0013834999990649521
130	1e-23	0.0014749999972991645
131	1e-23	0.0012153999996371567
132	1e-23	0.0012479000142775476
133	1e-23	0.0012072999961674213
134	1e-23	0.0011629000073298812
135	1e-23	0.0013579000369645655
136	1e-23	0.001519199984613806
137	1e-23	0.0011862999526783824
138	1e-23	0.0012070999946445227
139	1e-23	0.0012774000060744584
140	1e-23	0.0012187000247649848
141	1e-23	0.0011983999866060913
142	1e-23	0.0011983999866060913
143	1e-23	0.0010984999826177955
144	1e-23	0.0010518000344745815
145	1e-23	0.0011503000278025866
146	1e-23	0.0010729000205174088
147	1e-23	0.001124100002925843
148	1e-23	0.0012852000072598457
149	1e-23	0.001325200020801276
150	1e-23	0.001248000015038997
151	1e-23	0.0011545999441295862
152	1e-23	0.0012233000015839934
153	1e-23	0.0011890999739989638
154	1e-23	0.0011911999899894
155	1e-23	0.001138599996920675
156	1e-23	0.0012316000065766275
157	1e-23	0.0011486999574117362
158	1e-23	0.0011375999893061817
159	1e-23	0.0011515000369399786
160	1e-23	0.0011048999731428921
161	1e-23	0.001260699995327741
162	1e-23	0.0013355999835766852
163	1e-23	0.001213999988976866
164	1e-23	0.0011562000145204365
165	1e-23	0.0011955000227317214
166	1e-23	0.0013042999780736864
167	1e-23	0.001264600025024265
168	1e-23	0.0012607999960891902
169	1e-23	0.001187400019261986
170	1e-23	0.0011383999953977764
171	1e-23	0.0011294999858364463
172	1e-23	0.0012069999938830733
173	1e-23	0.0012487999629229307
174	1e-23	0.0013143999967724085
175	1e-23	0.001352999999653548
176	1e-23	0.0012215999886393547
177	1e-23	0.0011419000220485032
178	1e-23	0.0011038999655283988
179	1e-23	0.0013016000157222152
180	1e-23	0.0012306999997235835
181	1e-23	0.0011588999768719077
182	1e-23	0.0014133999939076602
183	1e-23	0.0012448999914340675
184	1e-23	0.0012109000235795975
185	1e-23	0.0012252000160515308
186	1e-23	0.0012942000175826252
187	1e-23	0.0011826000409200788
188	1e-23	0.001182700041681528
189	1e-23	0.001193600008264184
190	1e-23	0.001173200027551502
191	1e-23	0.0012003000010736287
192	1e-23	0.0012599999899975955
193	1e-23	0.0013484000228345394
194	1e-23	0.0012037000269629061
195	1e-23	0.001208100002259016
196	1e-23	0.0011978999827988446
197	1e-23	0.0011399000068195164
198	1e-23	0.0011302000493742526
199	1e-23	0.0013235999504104257
200	1e-23	0.0013170000165700912
201	1e-23	0.0014868999714963138
202	1e-23	0.0014998999540694058
203	1e-23	0.0011761000496335328
204	1e-23	0.0012137999874539673
205	1e-23	0.0013604999985545874
206	1e-23	0.0013018000172451138
207	1e-23	0.0015770000172778964
208	1e-23	0.00209500000346452
209	1e-23	0.0019765000324696302
210	1e-23	0.0018505000043660402
211	1e-23	0.0014150000060908496
212	1e-23	0.001602300035301596
213	1e-23	0.0014027999714016914
214	1e-23	0.0014026000280864537
215	1e-23	0.001278200012166053
216	1e-23	0.0013908999972045422
217	1e-23	0.001323700009379536
218	1e-23	0.0013569000293500721
219	1e-23	0.0015044999890960753
220	1e-23	0.001438200008124113
221	1e-23	0.0013806000351905823
222	1e-23	0.001227599976118654
223	1e-23	0.001248000015038997
224	1e-23	0.0013488000258803368
225	1e-23	0.0013598999939858913
226	1e-23	0.0013280999846756458
227	1e-23	0.0013002000050619245
228	1e-23	0.0012407000176608562
229	1e-23	0.0012174000148661435
230	1e-23	0.0013618000084534287
231	1e-23	0.0015528000076301396
232	1e-23	0.0013858000165782869
233	1e-23	0.001261900004465133
234	1e-23	0.001269900007173419
235	1e-23	0.0012490999652072787
236	1e-23	0.0012520000454969704
237	1e-23	0.0011921999976038933
238	1e-23	0.0011125000310130417
239	1e-23	0.001129099982790649
240	1e-23	0.001242700032889843
241	1e-23	0.00122969999210909
242	1e-23	0.0011421000235714018
243	1e-23	0.0012261000229045749
244	1e-23	0.0011842999956570566
245	1e-23	0.0012091000098735094
246	1e-23	0.001262800011318177
247	1e-23	0.0013617000076919794
248	1e-23	0.0011956999660469592
249	1e-23	0.0012341999681666493
250	1e-23	0.0013342999736778438
251	1e-23	0.001247400010470301
252	1e-23	0.0012926000053994358
253	1e-23	0.001200400001835078
254	1e-23	0.001387900032568723
255	1e-23	0.0013527999981306493
256	1e-23	0.0013076000032015145
257	1e-23	0.0012952000251971185
258	1e-23	0.0013636999647133052
259	1e-23	0.0012786000152118504
260	1e-23	0.001236199983395636
261	1e-23	0.001299499999731779
262	1e-23	0.001297099981456995
263	1e-23	0.0011274000280536711
264	1e-23	0.0010785000049509108
265	1e-23	0.0012443999876268208
266	1e-23	0.0012830999912694097
267	1e-23	0.001130599994212389
268	1e-23	0.0012984999921172857
269	1e-23	0.0012569999671541154
270	1e-23	0.0011613999959081411
271	1e-23	0.001518299977760762
272	1e-23	0.0012194999726489186
273	1e-23	0.001185900007840246
274	1e-23	0.0011579000274650753
275	1e-23	0.0012656000326387584
276	1e-23	0.0011519999825395644
277	1e-23	0.0010662000277079642
278	1e-23	0.0012541000032797456
279	1e-23	0.0015087000210769475
280	1e-23	0.001090999983716756
281	1e-23	0.001178200007416308
282	1e-23	0.0011990999919362366
283	1e-23	0.0012681999942287803
284	1e-23	0.0011461999965831637
285	1e-23	0.0012057999847456813
286	1e-23	0.0011049999739043415
287	1e-23	0.00105640001129359
288	1e-23	0.0011229999945499003
289	1e-23	0.0011916999937966466
290	1e-23	0.001096000021789223
291	1e-23	0.0011275999713689089
292	1e-23	0.0012568000238388777
293	1e-23	0.0011210999800823629
294	1e-23	0.0010831000399775803
295	1e-23	0.0013079000054858625
296	1e-23	0.001130299991928041
297	1e-23	0.0011573000228963792
298	1e-23	0.0010762999881990254
299	1e-23	0.001117600011639297
300	1e-23	0.001145700050983578
301	1e-23	0.0012583999778144062
302	1e-23	0.001290599990170449
303	1e-23	0.0013055000454187393
304	1e-23	0.0013051999849267304
305	1e-23	0.0015449000056833029
306	1e-23	0.0013329999637790024
307	1e-23	0.0012097999569959939
308	1e-23	0.0014585000462830067
309	1e-23	0.001288799976464361
310	1e-23	0.0011909999884665012
311	1e-23	0.0012583000352606177
312	1e-23	0.0012676999904215336
313	1e-23	0.0013164999545551836
314	1e-23	0.001218099961988628
315	1e-23	0.0013265999732539058
316	1e-23	0.0014480000245384872
317	1e-23	0.0012595999869517982
318	1e-23	0.0013889999827370048
319	1e-23	0.0013515999889932573
320	1e-23	0.0013212999911047518
321	1e-23	0.0013491999707184732
322	1e-23	0.001325199962593615
323	1e-23	0.001270500011742115
324	1e-23	0.0012614000006578863
325	1e-23	0.0012153999996371567
326	1e-23	0.001229100045748055
327	1e-23	0.0012556000147014856
328	1e-23	0.0012632000143639743
329	1e-23	0.0012697000056505203
330	1e-23	0.0012707999558188021
331	1e-23	0.0012732000323012471
332	1e-23	0.001167000038549304
333	1e-23	0.001205699983984232
334	1e-23	0.0012792000197805464
335	1e-23	0.0012188999680802226
336	1e-23	0.0011168000055477023
337	1e-23	0.0011820000363513827
338	1e-23	0.0012114000273868442
339	1e-23	0.0012805999722331762
340	1e-23	0.0016540999640710652
341	1e-23	0.0013096000184305012
342	1e-23	0.0012184999650344253
343	1e-23	0.0013295999960973859
344	1e-23	0.0011489999596960843
345	1e-23	0.0011643999605439603
346	1e-23	0.0013168000150471926
347	1e-23	0.001111400022637099
348	1e-23	0.0011350000277161598
349	1e-23	0.0011298999888822436
350	1e-23	0.001139200001489371
351	1e-23	0.0010941000073216856
352	1e-23	0.0013374999980442226
353	1e-23	0.0012559000169858336
354	1e-23	0.001200700004119426
355	1e-23	0.0011475999490357935
356	1e-23	0.001204799977131188
357	1e-23	0.0011446999851614237
358	1e-23	0.001137699990067631
359	1e-23	0.0011461999965831637
360	1e-23	0.0012984999921172857
361	1e-23	0.001224899955559522
362	1e-23	0.001166099973488599
363	1e-23	0.0013370999949984252
364	1e-23	0.0016563000390306115
365	1e-23	0.0014855999615974724
366	1e-23	0.001285900012589991
367	1e-23	0.0011472999467514455
368	1e-23	0.001332600018940866
369	1e-23	0.0013489999691955745
370	1e-23	0.0015814999933354557
371	1e-23	0.0012005000025965273
372	1e-23	0.0012975999852642417
373	1e-23	0.001171400013845414
374	1e-23	0.0012442999868653715
375	1e-23	0.0013540000072680414
376	1e-23	0.00121489999582991
377	1e-23	0.0011498000239953399
378	1e-23	0.0013853000127710402
379	1e-23	0.001254199945833534
380	1e-23	0.0011866000131703913
381	1e-23	0.0010829000384546816
382	1e-23	0.0011626000050455332
383	1e-23	0.0011067999876104295
384	1e-23	0.0011192999663762748
385	1e-23	0.0013617000076919794
386	1e-23	0.0012880000285804272
387	1e-23	0.0014634999679401517
388	1e-23	0.0013844999484717846
389	1e-23	0.0011932000052183867
390	1e-23	0.0010662999702617526
391	1e-23	0.00106669997330755
392	1e-23	0.001171100011561066
393	1e-23	0.001122899993788451
394	1e-23	0.0010652000200934708
395	1e-23	0.0012450999929569662
396	1e-23	0.0011214999831281602
397	1e-23	0.0013820999884046614
398	1e-23	0.0011873000185005367
399	1e-23	0.001150399970356375
400	1e-23	0.0013155000051483512
401	1e-23	0.001136499980930239
402	1e-23	0.0012240000069141388
403	1e-23	0.0010650999611243606
404	1e-23	0.001006399979814887
405	1e-23	0.0011057999799959362
406	1e-23	0.0011181000154465437
407	1e-23	0.0010697999969124794
408	1e-23	0.0010127999703399837
409	1e-23	0.001076799992006272
410	1e-23	0.001281999982893467
411	1e-23	0.0010370999807491899
412	1e-23	0.00106519996188581
413	1e-23	0.0012344999704509974
414	1e-23	0.001265200029592961
415	1e-23	0.0011326000094413757
416	1e-23	0.0012240000069141388
417	1e-23	0.0011631000088527799
418	1e-23	0.0011511999764479697
419	1e-23	0.001045099983457476
420	1e-23	0.0011402000091038644
421	1e-23	0.0010633000056259334
422	1e-23	0.0010571000166237354
423	1e-23	0.0011787000112235546
424	1e-23	0.001206299988552928
425	1e-23	0.0011523999855853617
426	1e-23	0.0014421000378206372
427	1e-23	0.001199199992697686
428	1e-23	0.001117900013923645
429	1e-23	0.0010792000102810562
430	1e-23	0.0011280999751761556
431	1e-23	0.0011427999706938863
432	1e-23	0.001045399985741824
433	1e-23	0.001007599988952279
434	1e-23	0.001184399996418506
435	1e-23	0.0010908999829553068
436	1e-23	0.001074999978300184
437	1e-23	0.0010349999647587538
438	1e-23	0.0011757999891415238
439	1e-23	0.0014696000143885612
440	1e-23	0.0012426000321283937
441	1e-23	0.0015167000237852335
442	1e-23	0.0011875000200234354
443	1e-23	0.0011833999888040125
444	1e-23	0.0014711999683640897
445	1e-23	0.0011144999880343676
446	1e-23	0.001151299977209419
447	1e-23	0.0011597999837249517
448	1e-23	0.0011531999916769564
449	1e-23	0.0011656999704428017
450	1e-23	0.001116100000217557
451	1e-23	0.001398000051267445
452	1e-23	0.001145099988207221
453	1e-23	0.0011740999761968851
454	1e-23	0.0012252999586053193
455	1e-23	0.0010938000050373375
456	1e-23	0.001181500032544136
457	1e-23	0.0011403000098653138
458	1e-23	0.0012318000080995262
459	1e-23	0.0010830999817699194
460	1e-23	0.0010620999964885414
461	1e-23	0.0011494000209495425
462	1e-23	0.0011192999663762748
463	1e-23	0.0010736999684013426
464	1e-23	0.0012461000005714595
465	1e-23	0.0012823999859392643
466	1e-23	0.001117000007070601
467	1e-23	0.001034199958667159
468	1e-23	0.001268399995751679
469	1e-23	0.001257500029169023
470	1e-23	0.0010911999852396548
471	1e-23	0.001076499989721924
472	1e-23	0.0011513999779708683
473	1e-23	0.0010976000339724123
474	1e-23	0.0010676999809220433
475	1e-23	0.0012774000060744584
476	1e-23	0.0011348000261932611
477	1e-23	0.0014273999840952456
478	1e-23	0.0013417999725788832
479	1e-23	0.0011681999894790351
480	1e-23	0.0010695000528357923
481	1e-23	0.0011118000256828964
482	1e-23	0.0011580000282265246
483	1e-23	0.001116400002501905
484	1e-23	0.0010320000001229346
485	1e-23	0.0010726999607868493
486	1e-23	0.0010759999859146774
487	1e-23	0.0010282000293955207
488	1e-23	0.0010659000254236162
489	1e-23	0.0012547000078484416
490	1e-23	0.0012593999854288995
491	1e-23	0.0012111999676562846
492	1e-23	0.0011794999591074884
493	1e-23	0.0012040000292472541
494	1e-23	0.0010823000338859856
495	1e-23	0.0010359000298194587
496	1e-23	0.001102800015360117
497	1e-23	0.0011705000069923699
498	1e-23	0.001114599988795817
499	1e-23	0.00107409997144714
500	1e-23	0.0011481000110507011
501	1e-23	0.0010676999809220433
502	1e-23	0.001041000010445714
503	1e-23	0.001079099951311946
504	1e-23	0.0014241000171750784
505	1e-23	0.0011581999715417624
506	1e-23	0.0010980000370182097
507	1e-23	0.0011668000370264053
508	1e-23	0.0011147999903187156
509	1e-23	0.0010989999864250422
510	1e-23	0.0011911000474356115
511	1e-23	0.001139200001489371
512	1e-23	0.0010538999922573566
513	1e-23	0.0014104999718256295
514	1e-23	0.0011258000158704817
515	1e-23	0.0010439999750815332
516	1e-23	0.0013182999682612717
517	1e-23	0.0012217999901622534
518	1e-23	0.001157500024419278
519	1e-23	0.0010930999997071922
520	1e-23	0.0010341000161133707
521	1e-23	0.0012317000073380768
522	1e-23	0.0010503000230528414
523	1e-23	0.0010659000254236162
524	1e-23	0.0011777000036090612
525	1e-23	0.0012728999718092382
526	1e-23	0.0012106999638490379
527	1e-23	0.0010985999833792448
528	1e-23	0.001222599996253848
529	1e-23	0.0014592999941669405
530	1e-23	0.0011706000077538192
531	1e-23	0.0015038999845273793
532	1e-23	0.0011492999619804323
533	1e-23	0.0011017000069841743
534	1e-23	0.0012401999556459486
535	1e-23	0.0011306999949738383
536	1e-23	0.0010415000142529607
537	1e-23	0.0010150999878533185
538	1e-23	0.0012779999524354935
539	1e-23	0.0010786000057123601
540	1e-23	0.00102980004157871
541	1e-23	0.0013015000149607658
542	1e-23	0.0011854000040329993
543	1e-23	0.0011458999942988157
544	1e-23	0.0010370000381954014
545	1e-23	0.0011145000462420285
546	1e-23	0.0011133999796584249
547	1e-23	0.0010541999945417047
548	1e-23	0.001133600017055869
549	1e-23	0.0011770999990403652
550	1e-23	0.0011020000092685223
551	1e-23	0.0010195000213570893
552	1e-23	0.0011057999799959362
553	1e-23	0.0013455000007525086
554	1e-23	0.001219599973410368
555	1e-23	0.0012351000332273543
556	1e-23	0.0011708999518305063
557	1e-23	0.0011694999993778765
558	1e-23	0.0011829999857582152
559	1e-23	0.0014207999920472503
560	1e-23	0.0010356999700888991
561	1e-23	0.0010618999949656427
562	1e-23	0.0011648000217974186
563	1e-23	0.001284400001168251
564	1e-23	0.001251000037882477
565	1e-23	0.0012360999826341867
566	1e-23	0.001234700030181557
567	1e-23	0.0013552000164054334
568	1e-23	0.001406499999575317
569	1e-23	0.0011520999833010137
570	1e-23	0.0011112000211142004
571	1e-23	0.0010830999817699194
572	1e-23	0.0016346999909728765
573	1e-23	0.0011210999800823629
574	1e-23	0.0010365000343881547
575	1e-23	0.0010562000097706914
576	1e-23	0.001155699952505529
577	1e-23	0.0011655999696813524
578	1e-23	0.0012346000294201076
579	1e-23	0.0016079000197350979
580	1e-23	0.0012610999983735383
581	1e-23	0.0011792000150308013
582	1e-23	0.0012877000262960792
583	1e-23	0.0010685999877750874
584	1e-23	0.0010554000036790967
585	1e-23	0.0011872999602928758
586	1e-23	0.0011287000379525125
587	1e-23	0.0010712000075727701
588	1e-23	0.0010492999572306871
589	1e-23	0.0011274000280536711
590	1e-23	0.001082699978724122
591	1e-23	0.0010258000111207366
592	1e-23	0.0011181000154465437
593	1e-23	0.0012677000486291945
594	1e-23	0.001069399993866682
595	1e-23	0.001041900017298758
596	1e-23	0.0012947999639436603
597	1e-23	0.0011436000349931419
598	1e-23	0.0010495000169612467
599	1e-23	0.0010611999896354973
600	1e-23	0.0011366000398993492
601	1e-23	0.001054299995303154
602	1e-23	0.0010383999906480312
603	1e-23	0.0010777999996207654
604	1e-23	0.0012045999756082892
605	1e-23	0.0010668999748304486
606	1e-23	0.0012929000076837838
607	1e-23	0.0012915999977849424
608	1e-23	0.001233500021044165
609	1e-23	0.0011017000069841743
610	1e-23	0.0013232000055722892
611	1e-23	0.0012987999944016337
612	1e-23	0.0011770999990403652
613	1e-23	0.0011702000047080219
614	1e-23	0.0012238000053912401
615	1e-23	0.001149199961218983
616	1e-23	0.0011888999724760652
617	1e-23	0.0013024000218138099
618	1e-23	0.0013702999567613006
619	1e-23	0.001331099949311465
620	1e-23	0.0012698000064119697
621	1e-23	0.001199799997266382
622	1e-23	0.0011232999968342483
623	1e-23	0.001234100025612861
624	1e-23	0.0011498000239953399
625	1e-23	0.0011646999628283083
626	1e-23	0.0011362000368535519
627	1e-23	0.0012224999954923987
628	1e-23	0.0011703000054694712
629	1e-23	0.0010810999665409327
630	1e-23	0.0013791999663226306
631	1e-23	0.0011924999998882413
632	1e-23	0.0010636000079102814
633	1e-23	0.0010923999943770468
634	1e-23	0.0012799999676644802
635	1e-23	0.0012129999813623726
636	1e-23	0.001101300003938377
637	1e-23	0.0011760999914258718
638	1e-23	0.00131720001809299
639	1e-23	0.0011196000268682837
640	1e-23	0.0011801999644376338
641	1e-23	0.0011725000222213566
642	1e-23	0.0010982000385411084
643	1e-23	0.0011140999849885702
644	1e-23	0.0014040999813005328
645	1e-23	0.0010908000404015183
646	1e-23	0.0010653000208549201
647	1e-23	0.0011431000311858952
648	1e-23	0.0011684999917633832
649	1e-23	0.0010950000141747296
650	1e-23	0.0010581999667920172
651	1e-23	0.0013621000107377768
652	1e-23	0.0010874000145122409
653	1e-23	0.0010147999855689704
654	1e-23	0.0011063999845646322
655	1e-23	0.0012185000232420862
656	1e-23	0.0011194999678991735
657	1e-23	0.0011824999819509685
658	1e-23	0.0011893999762833118
659	1e-23	0.001097200030926615
660	1e-23	0.0010936000035144389
661	1e-23	0.0010228000464849174
662	1e-23	0.001365699979942292
663	1e-23	0.0011442999821156263
664	1e-23	0.0010819999733939767
665	1e-23	0.0010969999711960554
666	1e-23	0.0010863000061362982
667	1e-23	0.0010532999876886606
668	1e-23	0.0010402000043541193
669	1e-23	0.0010846999939531088
670	1e-23	0.0012519999872893095
671	1e-23	0.0013450999977067113
672	1e-23	0.0016862000338733196
673	1e-23	0.0012107999646104872
674	1e-23	0.001209300011396408
675	1e-23	0.001490800001192838
676	1e-23	0.0010999999940395355
677	1e-23	0.0010886999662034214
678	1e-23	0.001337599998805672
679	1e-23	0.0011781000066548586
680	1e-23	0.0010477000032551587
681	1e-23	0.001136799983214587
682	1e-23	0.0012646999675780535
683	1e-23	0.001357999979518354
684	1e-23	0.0011790000135079026
685	1e-23	0.00116020004497841
686	1e-23	0.001089799974579364
687	1e-23	0.0013356999843381345
688	1e-23	0.0011889999732375145
689	1e-23	0.0011699000024236739
690	1e-23	0.0010829000384546816
691	1e-23	0.00105489999987185
692	1e-23	0.0012069999938830733
693	1e-23	0.001063200004864484
694	1e-23	0.0010436000302433968
695	1e-23	0.001160199986770749
696	1e-23	0.0012274000328034163
697	1e-23	0.0010647000162862241
698	1e-23	0.001032100000884384
699	1e-23	0.0011758999899029732
700	1e-23	0.0011342999641783535
701	1e-23	0.0010077999904751778
702	1e-23	0.0010152999893762171
703	1e-23	0.001233800023328513
704	1e-23	0.0010785999475046992
705	1e-23	0.0010153999901376665
706	1e-23	0.0010710999486036599
707	1e-23	0.0010888000251725316
708	1e-23	0.0010661000269465148
709	1e-23	0.0010518000344745815
710	1e-23	0.0014844000106677413
711	1e-23	0.0011740999761968851
712	1e-23	0.0010858000023290515
713	1e-23	0.0010868000099435449
714	1e-23	0.0010872000129893422
715	1e-23	0.0010406000073999166
716	1e-23	0.0010568999568931758
717	1e-23	0.001164299959782511
718	1e-23	0.001142999972216785
719	1e-23	0.0011506000300869346
720	1e-23	0.0010346000199206173
721	1e-23	0.001167600043118
722	1e-23	0.0010122000239789486
723	1e-23	0.0011384999961592257
724	1e-23	0.0017309000249952078
725	1e-23	0.001247400010470301
726	1e-23	0.0011650999658741057
727	1e-23	0.0012452999944798648
728	1e-23	0.0011578999692574143
729	1e-23	0.0011669000377878547
730	1e-23	0.0010905999806709588
731	1e-23	0.0012190999696031213
732	1e-23	0.0011952999630011618
733	1e-23	0.0011995000531896949
734	1e-23	0.001291499997023493
735	1e-23	0.0011304999934509397
736	1e-23	0.0015778999659232795
737	1e-23	0.001569200016092509
738	1e-23	0.0012238999479450285
739	1e-23	0.0011288999812677503
740	1e-23	0.0014569999766536057
741	1e-23	0.0014884000411257148
742	1e-23	0.0011817999766208231
743	1e-23	0.0011754999868571758
744	1e-23	0.001256900024600327
745	1e-23	0.0010734000243246555
746	1e-23	0.0012428000336512923
747	1e-23	0.0014618000132031739
748	1e-23	0.0013087000115774572
749	1e-23	0.0012858000118285418
750	1e-23	0.0012422000290825963
751	1e-23	0.0012250999570824206
752	1e-23	0.0011985000455752015
753	1e-23	0.0012453999952413142
754	1e-23	0.0011696000001393259
755	1e-23	0.0010837999871000648
756	1e-23	0.0011486000148579478
757	1e-23	0.0012646999675780535
758	1e-23	0.0011517999810166657
759	1e-23	0.0016108000418171287
760	1e-23	0.001327000034507364
761	1e-23	0.0012919000000692904
762	1e-23	0.0012045000330545008
763	1e-23	0.0012328000157140195
764	1e-23	0.0012104999623261392
765	1e-23	0.001096899970434606
766	1e-23	0.0013865000219084322
767	1e-23	0.001164300017990172
768	1e-23	0.0012295999913476408
769	1e-23	0.0012262000236660242
770	1e-23	0.0012688999995589256
771	1e-23	0.0015582999913021922
772	1e-23	0.0013164000120013952
773	1e-23	0.0012202999787405133
774	1e-23	0.0012075999984517694
775	1e-23	0.001137100043706596
776	1e-23	0.0012732999748550355
777	1e-23	0.0011490000179037452
778	1e-23	0.001099000044632703
779	1e-23	0.0011854000040329993
780	1e-23	0.0011270999675616622
781	1e-23	0.0011543000000528991
782	1e-23	0.0011115000233985484
783	1e-23	0.0011825999827124178
784	1e-23	0.0012431000359356403
785	1e-23	0.0012244000099599361
786	1e-23	0.0012740000383928418
787	1e-23	0.001120300032198429
788	1e-23	0.0010866000084206462
789	1e-23	0.0011749999830499291
790	1e-23	0.0011316000018268824
791	1e-23	0.0011335000162944198
792	1e-23	0.0011113000218756497
793	1e-23	0.0012870999635197222
794	1e-23	0.0010834999848157167
795	1e-23	0.0010349000222049654
796	1e-23	0.0012467000051401556
797	1e-23	0.001436099992133677
798	1e-23	0.0012870999635197222
799	1e-23	0.0011094999499619007
800	1e-23	0.001145399990491569
801	1e-23	0.0013373999972827733
802	1e-23	0.001185600005555898
803	1e-23	0.0012641000212170184
804	1e-23	0.0011132999788969755
805	1e-23	0.0011213000398129225
806	1e-23	0.0012886999757029116
807	1e-23	0.0011183000169694424
808	1e-23	0.0010274999658577144
809	1e-23	0.0010609999881125987
810	1e-23	0.00137039995752275
811	1e-23	0.001158699975349009
812	1e-23	0.0010937000042758882
813	1e-23	0.0012029000208713114
814	1e-23	0.0011427000281400979
815	1e-23	0.001035100023727864
816	1e-23	0.0011243000044487417
817	1e-23	0.0012310000020079315
818	1e-23	0.0010615999926812947
819	1e-23	0.0010782000026665628
820	1e-23	0.0010603999835439026
821	1e-23	0.0011249000090174377
822	1e-23	0.001088300021365285
823	1e-23	0.0012938000145368278
824	1e-23	0.0013067999971099198
825	1e-23	0.001197999983560294
826	1e-23	0.0011338999611325562
827	1e-23	0.0013014000141993165
828	1e-23	0.0011706000077538192
829	1e-23	0.0010587999713607132
830	1e-23	0.001083599985577166
831	1e-23	0.0011822999804280698
832	1e-23	0.0011022999533452094
833	1e-23	0.0010517999762669206
834	1e-23	0.001178200007416308
835	1e-23	0.0019650000031106174
836	1e-23	0.0012203999795019627
837	1e-23	0.0011932000052183867
838	1e-23	0.001117900013923645
839	1e-23	0.0011152000515721738
840	1e-23	0.0012094999547116458
841	1e-23	0.0012901000445708632
842	1e-23	0.001182100037112832
843	1e-23	0.0011748000397346914
844	1e-23	0.0013020000187680125
845	1e-23	0.001264600025024265
846	1e-23	0.0011755999876186252
847	1e-23	0.0014899999951012433
848	1e-23	0.001260699995327741
849	1e-23	0.001221699989400804
850	1e-23	0.0014590999926440418
851	1e-23	0.0012611999991349876
852	1e-23	0.0011406000121496618
853	1e-23	0.0012146999943070114
854	1e-23	0.0011984000448137522
855	1e-23	0.0011072999914176762
856	1e-23	0.0010439000325277448
857	1e-23	0.0011076999944634736
858	1e-23	0.001109600008931011
859	1e-23	0.0010745999752543867
860	1e-23	0.0012404999579302967
861	1e-23	0.0011422000243328512
862	1e-23	0.0011522999848239124
863	1e-23	0.0011329000117257237
864	1e-23	0.0012565000215545297
865	1e-23	0.00120900000911206
866	1e-23	0.0010658000246621668
867	1e-23	0.0011174000101163983
868	1e-23	0.001233500021044165
869	1e-23	0.0010932000004686415
870	1e-23	0.0010595000348985195
871	1e-23	0.0010893999715335667
872	1e-23	0.0011357000330463052
873	1e-23	0.0013431999832391739
874	1e-23	0.0012330999597907066
875	1e-23	0.0011209999793209136
876	1e-23	0.001070300000719726
877	1e-23	0.0011014000046998262
878	1e-23	0.0012143999920226634
879	1e-23	0.0011626000050455332
880	1e-23	0.0010940000065602362
881	1e-23	0.0011675999849103391
882	1e-23	0.0013072000001557171
883	1e-23	0.0011338000185787678
884	1e-23	0.0010640999535098672
885	1e-23	0.0011834999895654619
886	1e-23	0.001165799971204251
887	1e-23	0.0011067999876104295
888	1e-23	0.0011165000032633543
889	1e-23	0.001171400013845414
890	1e-23	0.0010910999844782054
891	1e-23	0.001053099986165762
892	1e-23	0.0011915999930351973
893	1e-23	0.0010513000306673348
894	1e-23	0.0010631000041030347
895	1e-23	0.0010467999964021146
896	1e-23	0.0012578999740071595
897	1e-23	0.001097199972718954
898	1e-23	0.0010188999585807323
899	1e-23	0.0013006000081077218
900	1e-23	0.0012447999906726182
901	1e-23	0.0011138000409118831
902	1e-23	0.001302399963606149
903	1e-23	0.0011949999607168138
904	1e-23	0.0010670999763533473
905	1e-23	0.0010311999940313399
906	1e-23	0.0011124000302515924
907	1e-23	0.0011958000250160694
908	1e-23	0.0011915999930351973
909	1e-23	0.0012784999562427402
910	1e-23	0.0012298999936319888
911	1e-23	0.001173199969343841
912	1e-23	0.0016357999993488193
913	1e-23	0.001142099965363741
914	1e-23	0.0010688999900594354
915	1e-23	0.0010389000526629388
916	1e-23	0.001057000015862286
917	1e-23	0.0010998999932780862
918	1e-23	0.0010292999795638025
919	1e-23	0.0011004999978467822
920	1e-23	0.0011505000293254852
921	1e-23	0.0010291999788023531
922	1e-23	0.0010363999754190445
923	1e-23	0.0010269000194966793
924	1e-23	0.0015381000121124089
925	1e-23	0.0014050000463612378
926	1e-23	0.0011996999965049326
927	1e-23	0.0011437000357545912
928	1e-23	0.0010306999902240932
929	1e-23	0.001068799989297986
930	1e-23	0.0010565999546088278
931	1e-23	0.0011132999788969755
932	1e-23	0.001039499999023974
933	1e-23	0.0010387999936938286
934	1e-23	0.0010238999966531992
935	1e-23	0.0012596000451594591
936	1e-23	0.0011540999985300004
937	1e-23	0.0010429000249132514
938	1e-23	0.0014804000384174287
939	1e-23	0.0011496999650262296
940	1e-23	0.0011684999917633832
941	1e-23	0.001208100002259016
942	1e-23	0.0011545000015757978
943	1e-23	0.0010260999551974237
944	1e-23	0.0010316999978385866
945	1e-23	0.0011694999993778765
946	1e-23	0.0011541999992914498
947	1e-23	0.001185299945063889
948	1e-23	0.0011476999497972429
949	1e-23	0.00120009999955073
950	1e-23	0.0010443999781273305
951	1e-23	0.001372199971228838
952	1e-23	0.001359499990940094
953	1e-23	0.001137699990067631
954	1e-23	0.001048700010869652
955	1e-23	0.001097200030926615
956	1e-23	0.001119100023061037
957	1e-23	0.0010767000494524837
958	1e-23	0.0011042000260204077
959	1e-23	0.0011521000415086746
960	1e-23	0.0010170000023208559
961	1e-23	0.0011637999559752643
962	1e-23	0.0012085000053048134
963	1e-23	0.0011703000054694712
964	1e-23	0.0013296999968588352
965	1e-23	0.0011393000022508204
966	1e-23	0.0012301999959163368
967	1e-23	0.0011543000000528991
968	1e-23	0.0010759999859146774
969	1e-23	0.0011603999882936478
970	1e-23	0.0011430000304244459
971	1e-23	0.0011316000018268824
972	1e-23	0.0010637999512255192
973	1e-23	0.0011637000134214759
974	1e-23	0.001082400034647435
975	1e-23	0.0010508000268600881
976	1e-23	0.0011690999963320792
977	1e-23	0.00149789999704808
978	1e-23	0.001151899981778115
979	1e-23	0.0010645999573171139
980	1e-23	0.0013084000092931092
981	1e-23	0.0011781000066548586
982	1e-23	0.0011036000214517117
983	1e-23	0.0012308000004850328
984	1e-23	0.0011219000443816185
985	1e-23	0.0011458999942988157
986	1e-23	0.0015353999915532768
987	1e-23	0.0012599999899975955
988	1e-23	0.0011239000014029443
989	1e-23	0.0016490999842062593
990	1e-23	0.0013863000203855336
991	1e-23	0.001233800023328513
992	1e-23	0.001685400027781725
993	1e-23	0.001229400048032403
994	1e-23	0.0010705000022426248
995	1e-23	0.0010844999924302101
996	1e-23	0.0013098000199534
997	1e-23	0.0011147999903187156
998	1e-23	0.001153699995484203
999	1e-23	0.0012465000036172569
1000	1e-23	0.0011445999843999743
1001	1e-23	0.0014273999840952456
1002	1e-23	0.0012399000115692616
1003	1e-23	0.0011804999667219818
1004	1e-23	0.0011143999872729182
1005	1e-23	0.0011410000151954591
1006	1e-23	0.001111400022637099
1007	1e-23	0.0010769999935291708
1008	1e-23	0.0010600000387057662
1009	1e-23	0.00106819998472929
1010	1e-23	0.0011046999716199934
1011	1e-23	0.0010449999826960266
1012	1e-23	0.0010353999678045511
1013	1e-23	0.0011461999965831637
1014	1e-23	0.0011653999681584537
1015	1e-23	0.0015663999947719276
1016	1e-23	0.00115280004683882
1017	1e-23	0.0011751999845728278
1018	1e-23	0.0011882000253535807
1019	1e-23	0.0012551999534480274
1020	1e-23	0.001253599999472499
1021	1e-23	0.0011559000122360885
1022	1e-23	0.001261299999896437
1023	1e-23	0.0012218999909237027
1024	1e-23	0.0011550000053830445
1025	1e-23	0.0011710000107996166
1026	1e-23	0.0012322000111453235
1027	1e-23	0.0012647000257857144
1028	1e-23	0.0013009000103920698
1029	1e-23	0.0016602999530732632
1030	1e-23	0.0012861000141128898
1031	1e-23	0.0012570999679155648
1032	1e-23	0.0013093000161461532
1033	1e-23	0.001229399989824742
1034	1e-23	0.001233799965120852
1035	1e-23	0.0012376999948173761
1036	1e-23	0.0011716000153683126
1037	1e-23	0.0011143999872729182
1038	1e-23	0.001065799966454506
1039	1e-23	0.001253599999472499
1040	1e-23	0.001357999979518354
1041	1e-23	0.0011575999669730663
1042	1e-23	0.0011964000295847654
1043	1e-23	0.0012663999805226922
1044	1e-23	0.0013708000187762082
1045	1e-23	0.0015824000001884997
1046	1e-23	0.0012076999992132187
1047	1e-23	0.001064100011717528
1048	1e-23	0.0010682999854907393
1049	1e-23	0.0012701000086963177
1050	1e-23	0.0011282999766990542
1051	1e-23	0.0011240000021643937
1052	1e-23	0.0011909999884665012
1053	1e-23	0.0011514999787323177
1054	1e-23	0.001124700007494539
1055	1e-23	0.0011074999929405749
1056	1e-23	0.0010988000431098044
1057	1e-23	0.0011353000300005078
1058	1e-23	0.0010987999849021435
1059	1e-23	0.0011297999881207943
1060	1e-23	0.0011383999953977764
1061	1e-23	0.0010949000134132802
1062	1e-23	0.0010454000439494848
1063	1e-23	0.0012075999984517694
1064	1e-23	0.0010536000481806695
1065	1e-23	0.0010585999698378146
1066	1e-23	0.0012829999905079603
1067	1e-23	0.0012114000273868442
1068	1e-23	0.0012788999592885375
1069	1e-23	0.0011118999682366848
1070	1e-23	0.0014899999951012433
1071	1e-23	0.0012314000050537288
1072	1e-23	0.0011532999924384058
1073	1e-23	0.0012389000039547682
1074	1e-23	0.001213699986692518
1075	1e-23	0.0011393000022508204
1076	1e-23	0.0011005999986082315
1077	1e-23	0.0011220999876968563
1078	1e-23	0.0010730000212788582
1079	1e-23	0.001262500009033829
1080	1e-23	0.001395599974785
1081	1e-23	0.0011142000439576805
1082	1e-23	0.0010915999882854521
1083	1e-23	0.001298299990594387
1084	1e-23	0.0012026000185869634
1085	1e-23	0.0011591999791562557
1086	1e-23	0.0010929999989457428
1087	1e-23	0.0011818999773822725
1088	1e-23	0.0011375999893061817
1089	1e-23	0.0010575000196695328
1090	1e-23	0.0013164000120013952
1091	1e-23	0.001114899991080165
1092	1e-23	0.0014230000087991357
1093	1e-23	0.0015221999492496252
1094	1e-23	0.0012033000239171088
1095	1e-23	0.0011407000129111111
1096	1e-23	0.0012030999641865492
1097	1e-23	0.0013370999949984252
1098	1e-23	0.0012058999855071306
1099	1e-23	0.0011632000096142292
1100	1e-23	0.001199799997266382
1101	1e-23	0.0011118999682366848
1102	1e-23	0.0011761999921873212
1103	1e-23	0.0012469000066630542
1104	1e-23	0.0014372000005096197
1105	1e-23	0.00121779995970428
1106	1e-23	0.0012040000292472541
1107	1e-23	0.0011857000063173473
1108	1e-23	0.001109900011215359
1109	1e-23	0.0011511999764479697
1110	1e-23	0.001137400045990944
1111	1e-23	0.0011703000054694712
1112	1e-23	0.0011544000008143485
1113	1e-23	0.001347100012935698
1114	1e-23	0.0012079000007361174
1115	1e-23	0.0011700000031851232
1116	1e-23	0.0014779000193811953
1117	1e-23	0.0012913999962620437
1118	1e-23	0.0012512999819591641
1119	1e-23	0.0013162000104784966
1120	1e-23	0.0012942000175826252
1121	1e-23	0.001283799996599555
1122	1e-23	0.0011844999971799552
1123	1e-23	0.0017841000226326287
1124	1e-23	0.0014866999699734151
1125	1e-23	0.0013611000031232834
1126	1e-23	0.001247400010470301
1127	1e-23	0.0013150000013411045
1128	1e-23	0.0013067999971099198
1129	1e-23	0.0012698000064119697
1130	1e-23	0.0012384000001475215
1131	1e-23	0.001222899998538196
1132	1e-23	0.0018317000358365476
1133	1e-23	0.0016644999850541353
1134	1e-23	0.0015039999852888286
1135	1e-23	0.0015109999803826213
1136	1e-23	0.001384599949233234
1137	1e-23	0.0013859000173397362
1138	1e-23	0.0015604000072926283
1139	1e-23	0.0012370999902486801
1140	1e-23	0.0012263000244274735
1141	1e-23	0.0011451999889686704
1142	1e-23	0.0012510999804362655
1143	1e-23	0.001249499968253076
1144	1e-23	0.0010664000292308629
1145	1e-23	0.0010814000270329416
1146	1e-23	0.0011906000436283648
1147	1e-23	0.0012348999734967947
1148	1e-23	0.0012869000202044845
1149	1e-23	0.0014232000103220344
1150	1e-23	0.0015090000233612955
1151	1e-23	0.0015456000110134482
1152	1e-23	0.0016906000091694295
1153	1e-23	0.0013244000147096813
1154	1e-23	0.0013824999914504588
1155	1e-23	0.001526899985037744
1156	1e-23	0.001278800016734749
1157	1e-23	0.0012286000419408083
1158	1e-23	0.0015304000116884708
1159	1e-23	0.001473100041039288
1160	1e-23	0.0018288000137545168
1161	1e-23	0.00148610002361238
1162	1e-23	0.001278200012166053
1163	1e-23	0.0012366999872028828
1164	1e-23	0.0012397000100463629
1165	1e-23	0.0011600999860092998
1166	1e-23	0.001139500003773719
1167	1e-23	0.0011838999926112592
1168	1e-23	0.0012660000356845558
1169	1e-23	0.001280499971471727
1170	1e-23	0.0013055999879725277
1171	1e-23	0.0012376999948173761
1172	1e-23	0.001906599965877831
1173	1e-23	0.0012913999962620437
1174	1e-23	0.0012170000118203461
1175	1e-23	0.0012146999943070114
1176	1e-23	0.001166399975772947
1177	1e-23	0.001153099990915507
1178	1e-23	0.0012283000396564603
1179	1e-23	0.0012315000058151782
1180	1e-23	0.001180599967483431
1181	1e-23	0.001111100020352751
1182	1e-23	0.0011245000059716403
1183	1e-23	0.0012846000026911497
1184	1e-23	0.001274599984753877
1185	1e-23	0.0013402000186033547
1186	1e-23	0.0015404000296257436
1187	1e-23	0.00123259995598346
1188	1e-23	0.0013292999938130379
1189	1e-23	0.0013018000172451138
1190	1e-23	0.0012012000079266727
1191	1e-23	0.0011890000314451754
1192	1e-23	0.0012687999987974763
1193	1e-23	0.0012292999890632927
1194	1e-23	0.0012789000174961984
1195	1e-23	0.001344099990092218
1196	1e-23	0.0012888000346720219
1197	1e-23	0.0011977999820373952
1198	1e-23	0.0012192000285722315
1199	1e-23	0.0012227999977767467
1200	1e-23	0.0011703000054694712
1201	1e-23	0.0010579999652691185
1202	1e-23	0.0012607999960891902
1203	1e-23	0.0011636000126600266
1204	1e-23	0.001088000019080937
1205	1e-23	0.001165500027127564
1206	1e-23	0.001194199954625219
1207	1e-23	0.0012636000174097717
1208	1e-23	0.001465399982407689
1209	1e-23	0.0013689000043086708
1210	1e-23	0.0012787999585270882
1211	1e-23	0.0011946000158786774
1212	1e-23	0.0011751999845728278
1213	1e-23	0.001129099982790649
1214	1e-23	0.001129999989643693
1215	1e-23	0.0011968000326305628
1216	1e-23	0.0012533999979496002
1217	1e-23	0.0012041000300087035
1218	1e-23	0.0012031999649479985
1219	1e-23	0.001260999997612089
1220	1e-23	0.0014807000407017767
1221	1e-23	0.001295899972319603
1222	1e-23	0.0010973999742418528
1223	1e-23	0.0012131999828852713
1224	1e-23	0.0012035000254400074
1225	1e-23	0.0015681000077165663
1226	1e-23	0.0011183000169694424
1227	1e-23	0.0010395999997854233
1228	1e-23	0.0012040999718010426
1229	1e-23	0.0011347999679856002
1230	1e-23	0.001076499989721924
1231	1e-23	0.0011144999880343676
1232	1e-23	0.001334700034931302
1233	1e-23	0.0013279999839141965
1234	1e-23	0.0011651000240817666
1235	1e-23	0.001236799987964332
1236	1e-23	0.001106100040487945
1237	1e-23	0.0010788000072352588
1238	1e-23	0.0011671000393107533
1239	1e-23	0.0011700000031851232
1240	1e-23	0.0013656000373885036
1241	1e-23	0.0012256000190973282
1242	1e-23	0.001585699967108667
1243	1e-23	0.001458599988836795
1244	1e-23	0.0016259000403806567
1245	1e-23	0.0014043999835848808
1246	1e-23	0.0014383999514393508
1247	1e-23	0.0016405999776907265
1248	1e-23	0.0015383000136353076
1249	1e-23	0.00133050000295043
1250	1e-23	0.0012848000042140484
1251	1e-23	0.0012466000043787062
1252	1e-23	0.0011233999975956976
1253	1e-23	0.0012877999688498676
1254	1e-23	0.0012635999592021108
1255	1e-23	0.0012176000163890421
1256	1e-23	0.0012933000107295811
1257	1e-23	0.0013493999722413719
1258	1e-23	0.0013167000142857432
1259	1e-23	0.0013803000329062343
1260	1e-23	0.0016065000090748072
1261	1e-23	0.0013810000382363796
1262	1e-23	0.0013582000392489135
1263	1e-23	0.0013279999839141965
1264	1e-23	0.0013841000036336482
1265	1e-23	0.001291799999307841
1266	1e-23	0.0013085000100545585
1267	1e-23	0.0013628000160679221
1268	1e-23	0.0012874000240117311
1269	1e-23	0.0012902000453323126
1270	1e-23	0.0011777000036090612
1271	1e-23	0.0012479000142775476
1272	1e-23	0.0013070999993942678
1273	1e-23	0.0013744999887421727
1274	1e-23	0.0012855000095441937
1275	1e-23	0.0013296999968588352
1276	1e-23	0.0011606999905779958
1277	1e-23	0.0012096999562345445
1278	1e-23	0.001270800014026463
1279	1e-23	0.001956599997356534
1280	1e-23	0.0014087000163272023
1281	1e-23	0.001469200011342764
1282	1e-23	0.0012676999904215336
1283	1e-23	0.0012349000317044556
1284	1e-23	0.0012336999643594027
1285	1e-23	0.0011696000001393259
1286	1e-23	0.0013928000116720796
1287	1e-23	0.0012987999944016337
1288	1e-23	0.0012775000068359077
1289	1e-23	0.0012057999847456813
1290	1e-23	0.0015808999887667596
1291	1e-23	0.0012008000048808753
1292	1e-23	0.0011618999997153878
1293	1e-23	0.0012348000309430063
1294	1e-23	0.0011389999999664724
1295	1e-23	0.0012509000371210277
1296	1e-23	0.0012489999644458294
1297	1e-23	0.0012292999890632927
1298	1e-23	0.0010914999875240028
1299	1e-23	0.0011606000480242074
1300	1e-23	0.0011705999495461583
1301	1e-23	0.0011100999545305967
1302	1e-23	0.0011027000145986676
1303	1e-23	0.0013178999652154744
1304	1e-23	0.001414199999999255
1305	1e-23	0.0012270999723114073
1306	1e-23	0.0016351999947801232
1307	1e-23	0.00123559997882694
1308	1e-23	0.0012288999860174954
1309	1e-23	0.0013917000032961369
1310	1e-23	0.0014927999582141638
1311	1e-23	0.001326700032223016
1312	1e-23	0.0013509000418707728
1313	1e-23	0.001256300020031631
1314	1e-23	0.0011789999553002417
1315	1e-23	0.0014726999797858298
1316	1e-23	0.0011569000198505819
1317	1e-23	0.0011617999989539385
1318	1e-23	0.001252500049304217
1319	1e-23	0.001090999983716756
1320	1e-23	0.0010612000478431582
1321	1e-23	0.001069999998435378
1322	1e-23	0.001283799996599555
1323	1e-23	0.001142099965363741
1324	1e-23	0.0010425999644212425
1325	1e-23	0.001178200007416308
1326	1e-23	0.001149199961218983
1327	1e-23	0.001276700000744313
1328	1e-23	0.0013587000430561602
1329	1e-23	0.0012386000016704202
1330	1e-23	0.0010795000125654042
1331	1e-23	0.0010949000134132802
1332	1e-23	0.0011515000369399786
1333	1e-23	0.0011344000231474638
1334	1e-23	0.0010673999786376953
1335	1e-23	0.0010258000111207366
1336	1e-23	0.00110219995258376
1337	1e-23	0.0010655999649316072
1338	1e-23	0.001040400005877018
1339	1e-23	0.0010537999914959073
1340	1e-23	0.0010957999620586634
1341	1e-23	0.0013015000149607658
1342	1e-23	0.0010853999992832541
1343	1e-23	0.0012447000481188297
1344	1e-23	0.0011832999880425632
1345	1e-23	0.0011813999735750258
1346	1e-23	0.0012715000193566084
1347	1e-23	0.0012893000384792686
1348	1e-23	0.0012675999896600842
1349	1e-23	0.0011637999559752643
1350	1e-23	0.0013419999741017818
1351	1e-23	0.0015201999922282994
1352	1e-23	0.0015097999712452292
1353	1e-23	0.001319000031799078
1354	1e-23	0.0011625000042840838
1355	1e-23	0.00120160001097247
1356	1e-23	0.001344999996945262
1357	1e-23	0.0013248000177554786
1358	1e-23	0.0012462000013329089
1359	1e-23	0.0012399000115692616
1360	1e-23	0.0012070999946445227
1361	1e-23	0.001206600049044937
1362	1e-23	0.0014159000129438937
1363	1e-23	0.0011899000382982194
1364	1e-23	0.0011115000233985484
1365	1e-23	0.0014418999780900776
1366	1e-23	0.0011303999926894903
1367	1e-23	0.0011411000159569085
1368	1e-23	0.0012128999806009233
1369	1e-23	0.0013427999801933765
1370	1e-23	0.0012635000166483223
1371	1e-23	0.0012893000384792686
1372	1e-23	0.0013592999894171953
1373	1e-23	0.0013227000017650425
1374	1e-23	0.0012253000168129802
1375	1e-23	0.001287599967326969
1376	1e-23	0.0013421999756246805
1377	1e-23	0.002170399995520711
1378	1e-23	0.0013546999543905258
1379	1e-23	0.0012813000357709825
1380	1e-23	0.0011656000278890133
1381	1e-23	0.0012728000292554498
1382	1e-23	0.0011235999991185963
1383	1e-23	0.0010714000090956688
1384	1e-23	0.0012650999706238508
1385	1e-23	0.0013264999724924564
1386	1e-23	0.0011971000349149108
1387	1e-23	0.001150699972640723
1388	1e-23	0.0013197999796830118
1389	1e-23	0.001164900022558868
1390	1e-23	0.0012746999855153263
1391	1e-23	0.0013272999785840511
1392	1e-23	0.0011070999898947775
1393	1e-23	0.0011474999482743442
1394	1e-23	0.0011955999652855098
1395	1e-23	0.001102799957152456
1396	1e-23	0.001081799971871078
1397	1e-23	0.0011399000068195164
1398	1e-23	0.0010850999969989061
1399	1e-23	0.0010523000382818282
1400	1e-23	0.0012670000432990491
1401	1e-23	0.0014118999824859202
1402	1e-23	0.0012829999905079603
1403	1e-23	0.0011644000187516212
1404	1e-23	0.0012492999667301774
1405	1e-23	0.001352099992800504
1406	1e-23	0.0012657999759539962
1407	1e-23	0.0011857000063173473
1408	1e-23	0.001136199978645891
1409	1e-23	0.0011400000075809658
1410	1e-23	0.0011946000158786774
1411	1e-23	0.0011687999940477312
1412	1e-23	0.0015926999622024596
1413	1e-23	0.0011759999906644225
1414	1e-23	0.0011283999774605036
1415	1e-23	0.0012733000330626965
1416	1e-23	0.0010134000331163406
1417	1e-23	0.0014031000318937004
1418	1e-23	0.0011986999888904393
1419	1e-23	0.0011571000213734806
1420	1e-23	0.0013689000043086708
1421	1e-23	0.001269600004889071
1422	1e-23	0.0011495000217109919
1423	1e-23	0.001532200025394559
1424	1e-23	0.0013465999509207904
1425	1e-23	0.0012265999685041606
1426	1e-23	0.001382599992211908
1427	1e-23	0.001304799981880933
1428	1e-23	0.001284700003452599
1429	1e-23	0.0013132999883964658
1430	1e-23	0.0012313000042922795
1431	1e-23	0.0011823999811895192
1432	1e-23	0.0012855000095441937
1433	1e-23	0.00122669996926561
1434	1e-23	0.0012176000163890421
1435	1e-23	0.0019831000245176256
1436	1e-23	0.0012649999698624015
1437	1e-23	0.001249800028745085
1438	1e-23	0.0011233999975956976
1439	1e-23	0.0011630000080913305
1440	1e-23	0.001367199991364032
1441	1e-23	0.0021080999867990613
1442	1e-23	0.0020488000009208918
1443	1e-23	0.001359499990940094
1444	1e-23	0.0012661999789997935
1445	1e-23	0.001514200004749
1446	1e-23	0.0013245000154711306
1447	1e-23	0.0012461000005714595
1448	1e-23	0.0011139999842271209
1449	1e-23	0.0010444000363349915
1450	1e-23	0.0012240000069141388
1451	1e-23	0.0012506999773904681
1452	1e-23	0.0012128000380471349
1453	1e-23	0.001235899981111288
1454	1e-23	0.0011316000018268824
1455	1e-23	0.0012808000319637358
1456	1e-23	0.0011714999563992023
1457	1e-23	0.00138229998992756
1458	1e-23	0.0013144999975338578
1459	1e-23	0.0013283999869599938
1460	1e-23	0.0014288999955169857
1461	1e-23	0.0012191000278107822
1462	1e-23	0.0011691999970935285
1463	1e-23	0.001670899975579232
1464	1e-23	0.001248600019607693
1465	1e-23	0.0011902999831363559
1466	1e-23	0.0012531999964267015
1467	1e-23	0.0011819999781437218
1468	1e-23	0.0014322000206448138
1469	1e-23	0.0014278999879024923
1470	1e-23	0.0014599999994970858
1471	1e-23	0.0012526999926194549
1472	1e-23	0.0012960999738425016
1473	1e-23	0.0012413000222295523
1474	1e-23	0.0011461999965831637
1475	1e-23	0.0012094000121578574
1476	1e-23	0.0011614999966695905
1477	1e-23	0.0011205999762751162
1478	1e-23	0.0011665000347420573
1479	1e-23	0.0011706999503076077
1480	1e-23	0.001139200001489371
1481	1e-23	0.0011507999734021723
1482	1e-23	0.001247100008185953
1483	1e-23	0.0011634000111371279
1484	1e-23	0.0010099999490194023
1485	1e-23	0.0010560000082477927
1486	1e-23	0.001178499951492995
1487	1e-23	0.0011900000390596688
1488	1e-23	0.0013561999658122659
1489	1e-23	0.001533700036816299
1490	1e-23	0.0011347999679856002
1491	1e-23	0.0010718999546952546
1492	1e-23	0.0011562000145204365
1493	1e-23	0.0013229000032879412
1494	1e-23	0.0013577999779954553
1495	1e-23	0.0011938000097870827
1496	1e-23	0.0011634999536909163
1497	1e-23	0.0010405000066384673
1498	1e-23	0.0010686999885365367
1499	1e-23	0.0011692999978549778
1500	1e-23	0.001089500030502677
1501	1e-23	0.0010482000070624053
1502	1e-23	0.0010115999612025917
1503	1e-23	0.0011480000102892518
1504	1e-23	0.0010550000006332994
1505	1e-23	0.0010767000494524837
1506	1e-23	0.0010102000087499619
1507	1e-23	0.0015202999929897487
1508	1e-23	0.0016098999767564237
1509	1e-23	0.0014915000065229833
1510	1e-23	0.0011688999948091805
1511	1e-23	0.001317500020377338
1512	1e-23	0.0012038999702781439
1513	1e-23	0.001171399955637753
1514	1e-23	0.0012758999946527183
1515	1e-23	0.0011873000185005367
1516	1e-23	0.0012057999847456813
1517	1e-23	0.0012098999577574432
1518	1e-23	0.0012969999806955457
1519	1e-23	0.0019255999941378832
1520	1e-23	0.0012692000018432736
1521	1e-23	0.00121489999582991
1522	1e-23	0.0013083000085316598
1523	1e-23	0.001201900013256818
1524	1e-23	0.0012076999992132187
1525	1e-23	0.0013037000317126513
1526	1e-23	0.0012325000134296715
1527	1e-23	0.001248900021892041
1528	1e-23	0.001336999994236976
1529	1e-23	0.0012729999725706875
1530	1e-23	0.0015060000005178154
1531	1e-23	0.001150099968072027
1532	1e-23	0.001558799995109439
1533	1e-23	0.0014111000346019864
1534	1e-23	0.0011088999453932047
1535	1e-23	0.0012441999861039221
1536	1e-23	0.0014727999805472791
1537	1e-23	0.0015297000063583255
1538	1e-23	0.0011863999534398317
1539	1e-23	0.0011316000018268824
1540	1e-23	0.0011078999959863722
1541	1e-23	0.0019496000022627413
1542	1e-23	0.0015155999572016299
1543	1e-23	0.0017101999837905169
1544	1e-23	0.0011591999791562557
1545	1e-23	0.0011523999855853617
1546	1e-23	0.001603199983946979
1547	1e-23	0.0012235000031068921
1548	1e-23	0.0011061999830417335
1549	1e-23	0.0012951999669894576
1550	1e-23	0.0011497000232338905
1551	1e-23	0.0011407000129111111
1552	1e-23	0.0013996000052429736
1553	1e-23	0.0012317000073380768
1554	1e-23	0.0011223999899812043
1555	1e-23	0.0011543000000528991
1556	1e-23	0.0013898999895900488
1557	1e-23	0.0013165000127628446
1558	1e-23	0.0013277000398375094
1559	1e-23	0.0014530000044032931
1560	1e-23	0.00120009999955073
1561	1e-23	0.0011412000167183578
1562	1e-23	0.0013645000290125608
1563	1e-23	0.0013012000126764178
1564	1e-23	0.0013395000132732093
1565	1e-23	0.0014843999524600804
1566	1e-23	0.001420699991285801
1567	1e-23	0.0012461000005714595
1568	1e-23	0.0012481000158004463
1569	1e-23	0.0012533999979496002
1570	1e-23	0.0012391000054776669
1571	1e-23	0.0012695000041276217
1572	1e-23	0.0013289999915286899
1573	1e-23	0.0011589000350795686
1574	1e-23	0.0013934000162407756
1575	1e-23	0.0013051999849267304
1576	1e-23	0.0013928000116720796
1577	1e-23	0.0016648999880999327
1578	1e-23	0.0012839999981224537
1579	1e-23	0.001211299968417734
1580	1e-23	0.0016623000265099108
1581	1e-23	0.0012170999543741345
1582	1e-23	0.0013336999691091478
1583	1e-23	0.0014870999730192125
1584	1e-23	0.0012133000418543816
1585	1e-23	0.0014718000311404467
1586	1e-23	0.001500000013038516
1587	1e-23	0.0021374999778345227
1588	1e-23	0.0014646999770775437
1589	1e-23	0.001267499988898635
1590	1e-23	0.0012039000284858048
1591	1e-23	0.0015287999995052814
1592	1e-23	0.001297699986025691
1593	1e-23	0.001143599976785481
1594	1e-23	0.0010785000049509108
1595	1e-23	0.001109600008931011
1596	1e-23	0.0010275000240653753
1597	1e-23	0.0010161999962292612
1598	1e-23	0.0012338999658823013
1599	1e-23	0.0012558999587781727
1600	1e-23	0.0011643999605439603
1601	1e-23	0.0011680999887175858
1602	1e-23	0.0011977000394836068
1603	1e-23	0.0011321999481879175
1604	1e-23	0.0011482000118121505
1605	1e-23	0.0012647999683395028
1606	1e-23	0.0012086000060662627
1607	1e-23	0.0011355000315234065
1608	1e-23	0.0012515999842435122
1609	1e-23	0.00114390003727749
1610	1e-23	0.0012101000174880028
1611	1e-23	0.0012527999933809042
1612	1e-23	0.0011909999884665012
1613	1e-23	0.0011503000278025866
1614	1e-23	0.0012317000073380768
1615	1e-23	0.0012830999912694097
1616	1e-23	0.0012240000069141388
1617	1e-23	0.0011605999898165464
1618	1e-23	0.0012226999970152974
1619	1e-23	0.001274299982469529
1620	1e-23	0.0012327000149525702
1621	1e-23	0.0012833999935537577
1622	1e-23	0.001262800011318177
1623	1e-23	0.001466000045184046
1624	1e-23	0.0014678000006824732
1625	1e-23	0.0013170000165700912
1626	1e-23	0.0013634000206366181
1627	1e-23	0.0013850000104866922
1628	1e-23	0.001337599998805672
1629	1e-23	0.001119700027629733
1630	1e-23	0.0014475000207312405
1631	1e-23	0.0012092000106349587
1632	1e-23	0.001230000052601099
1633	1e-23	0.0011608999921008945
1634	1e-23	0.0014750999980606139
1635	1e-23	0.0012584999785758555
1636	1e-23	0.001227000029757619
1637	1e-23	0.0013028999674133956
1638	1e-23	0.0011935000075027347
1639	1e-23	0.0012207000399939716
1640	1e-23	0.0012049999786540866
1641	1e-23	0.0013209999888204038
1642	1e-23	0.0015451000072062016
1643	1e-23	0.001248300017323345
1644	1e-23	0.0018369000172242522
1645	1e-23	0.001338500005658716
1646	1e-23	0.0011822000378742814
1647	1e-23	0.0010986999841406941
1648	1e-23	0.0010932000004686415
1649	1e-23	0.0015903000021353364
1650	1e-23	0.0012868000194430351
1651	1e-23	0.0012446999899111688
1652	1e-23	0.0013645000290125608
1653	1e-23	0.0012311000027693808
1654	1e-23	0.0012469999492168427
1655	1e-23	0.0012218000483699143
1656	1e-23	0.0013865999644622207
1657	1e-23	0.0014342000358738005
1658	1e-23	0.001341800030786544
1659	1e-23	0.0013269999762997031
1660	1e-23	0.0012085999478586018
1661	1e-23	0.0015048999921418726
1662	1e-23	0.0014779000193811953
1663	1e-23	0.0011774000013247132
1664	1e-23	0.001186799956485629
1665	1e-23	0.0012969000381417572
1666	1e-23	0.0012966999784111977
1667	1e-23	0.0013097000191919506
1668	1e-23	0.0020732999546453357
1669	1e-23	0.0012916999985463917
1670	1e-23	0.0011897999793291092
1671	1e-23	0.0013227000017650425
1672	1e-23	0.0011680999887175858
1673	1e-23	0.0014236000133678317
1674	1e-23	0.0012820999836549163
1675	1e-23	0.0011560000129975379
1676	1e-23	0.0013068999978713691
1677	1e-23	0.001139500003773719
1678	1e-23	0.0011408999562263489
1679	1e-23	0.0012160000042058527
1680	1e-23	0.001496999990195036
1681	1e-23	0.0012960000312887132
1682	1e-23	0.0011869000154547393
1683	1e-23	0.001331700012087822
1684	1e-23	0.001471599971409887
1685	1e-23	0.001303899975027889
1686	1e-23	0.001464199973270297
1687	1e-23	0.0012721000239253044
1688	1e-23	0.001166999980341643
1689	1e-23	0.001247100008185953
1690	1e-23	0.0011289000394754112
1691	1e-23	0.0013498999760486186
1692	1e-23	0.0013464000076055527
1693	1e-23	0.0012345000286586583
1694	1e-23	0.0014213999966159463
1695	1e-23	0.0013290999922901392
1696	1e-23	0.0012121000327169895
1697	1e-23	0.0011661999742500484
1698	1e-23	0.0012543000048026443
1699	1e-23	0.001240300014615059
1700	1e-23	0.001129099982790649
1701	1e-23	0.001166399975772947
1702	1e-23	0.001374299987219274
1703	1e-23	0.001294699963182211
1704	1e-23	0.0012242000084370375
1705	1e-23	0.0012814999790862203
1706	1e-23	0.0010217000381089747
1707	1e-23	0.001281399978324771
1708	1e-23	0.001440199965145439
1709	1e-23	0.0013003000058233738
1710	1e-23	0.0012220999924466014
1711	1e-23	0.0012681999942287803
1712	1e-23	0.0012320000096224248
1713	1e-23	0.0012566999648697674
1714	1e-23	0.001311600033659488
1715	1e-23	0.0014386000111699104
1716	1e-23	0.0012442999868653715
1717	1e-23	0.0012055999832227826
1718	1e-23	0.0014562999713234603
1719	1e-23	0.0013289999915286899
1720	1e-23	0.0012302999966777861
1721	1e-23	0.0015353999915532768
1722	1e-23	0.0015607999521307647
1723	1e-23	0.0014198000426404178
1724	1e-23	0.0016030999831855297
1725	1e-23	0.0015261999797075987
1726	1e-23	0.0014927000156603754
1727	1e-23	0.0012318000080995262
1728	1e-23	0.0012685999972745776
1729	1e-23	0.001274599984753877
1730	1e-23	0.001268699998036027
1731	1e-23	0.0011973999789915979
1732	1e-23	0.0011759999906644225
1733	1e-23	0.0011703000054694712
1734	1e-23	0.0010995000484399498
1735	1e-23	0.0010990999871864915
1736	1e-23	0.0011749999830499291
1737	1e-23	0.0014211000525392592
1738	1e-23	0.0012999000027775764
1739	1e-23	0.0012873999658040702
1740	1e-23	0.001233500021044165
1741	1e-23	0.0013069999986328185
1742	1e-23	0.0012132999836467206
1743	1e-23	0.0011568000190891325
1744	1e-23	0.001138599996920675
1745	1e-23	0.0011837999918498099
1746	1e-23	0.001261900004465133
1747	1e-23	0.0013761000009253621
1748	1e-23	0.0013519999920390546
1749	1e-23	0.0015295000048354268
1750	1e-23	0.0012449999921955168
1751	1e-23	0.0011895999778062105
1752	1e-23	0.0013752999948337674
1753	1e-23	0.0011837000492960215
1754	1e-23	0.0011514999787323177
1755	1e-23	0.0014378000050783157
1756	1e-23	0.0014011000166647136
1757	1e-23	0.0012543999473564327
1758	1e-23	0.0014547000173479319
1759	1e-23	0.0012734999763779342
1760	1e-23	0.0014598999987356365
1761	1e-23	0.0014279999886639416
1762	1e-23	0.0012894999817945063
1763	1e-23	0.0012687999987974763
1764	1e-23	0.001420399989001453
1765	1e-23	0.0013016000157222152
1766	1e-23	0.0012740000383928418
1767	1e-23	0.001251900044735521
1768	1e-23	0.0012645999668166041
1769	1e-23	0.0011141999857500196
1770	1e-23	0.0013098999625071883
1771	1e-23	0.0012756999931298196
1772	1e-23	0.0015314000193029642
1773	1e-23	0.001368099998217076
1774	1e-23	0.001299199997447431
1775	1e-23	0.0012015000102110207
1776	1e-23	0.0012644000235013664
1777	1e-23	0.0012959000305272639
1778	1e-23	0.001301799959037453
1779	1e-23	0.0012397000100463629
1780	1e-23	0.0013029000256210566
1781	1e-23	0.0013260000268928707
1782	1e-23	0.0012710999581031501
1783	1e-23	0.0012336000218056142
1784	1e-23	0.0019446999649517238
1785	1e-23	0.0014502000412903726
1786	1e-23	0.0014796999748796225
1787	1e-23	0.0012239999487064779
1788	1e-23	0.0011972999782301486
1789	1e-23	0.0012297999928705394
1790	1e-23	0.0011878000223077834
1791	1e-23	0.0011770999990403652
1792	1e-23	0.0012344999704509974
1793	1e-23	0.0011699000024236739
1794	1e-23	0.0011328999535180628
1795	1e-23	0.0013753999955952168
1796	1e-23	0.0013568000285886228
1797	1e-23	0.0012701000086963177
1798	1e-23	0.0015996000147424638
1799	1e-23	0.0011629000073298812
1800	1e-23	0.0013833999983035028
1801	1e-23	0.0016793999820947647
1802	1e-23	0.0012774000060744584
1803	1e-23	0.0010941000073216856
1804	1e-23	0.0012656999751925468
1805	1e-23	0.001379300025291741
1806	1e-23	0.001947099983226508
1807	1e-23	0.0015561999753117561
1808	1e-23	0.0015493999817408621
1809	1e-23	0.001437900005839765
1810	1e-23	0.001825599989388138
1811	1e-23	0.0016864999779500067
1812	1e-23	0.0012889999779872596
1813	1e-23	0.0014030999736860394
1814	1e-23	0.001533999980892986
1815	1e-23	0.001283499994315207
1816	1e-23	0.0018293000175617635
1817	1e-23	0.0015474000247195363
1818	1e-23	0.0013238999526947737
1819	1e-23	0.0013286999892443419
1820	1e-23	0.0016636999789625406
1821	1e-23	0.0012371999910101295
1822	1e-23	0.0011431999737396836
1823	1e-23	0.0013263000291772187
1824	1e-23	0.0012589999823831022
1825	1e-23	0.0011381999938748777
1826	1e-23	0.001174400036688894
1827	1e-23	0.0012513999827206135
1828	1e-23	0.0016058000037446618
1829	1e-23	0.0013387000071816146
1830	1e-23	0.0013513999874703586
1831	1e-23	0.0012498999712988734
1832	1e-23	0.001462699961848557
1833	1e-23	0.0013725000317208469
1834	1e-23	0.001193600008264184
1835	1e-23	0.0013977999915368855
1836	1e-23	0.0014644000330008566
1837	1e-23	0.0012816000380553305
1838	1e-23	0.001277300005313009
1839	1e-23	0.0013966999831609428
1840	1e-23	0.0011913999915122986
1841	1e-23	0.0012599999899975955
1842	1e-23	0.0012667000410147011
1843	1e-23	0.0011847999994643033
1844	1e-23	0.0012707999558188021
1845	1e-23	0.0012006000033579767
1846	1e-23	0.0012053000391460955
1847	1e-23	0.0013079000054858625
1848	1e-23	0.0013432999840006232
1849	1e-23	0.0012137999874539673
1850	1e-23	0.001648399978876114
1851	1e-23	0.0016084000235423446
1852	1e-23	0.0012596999877132475
1853	1e-23	0.0013728999765589833
1854	1e-23	0.0013573000323958695
1855	1e-23	0.0013672999921254814
1856	1e-23	0.0012188999680802226
1857	1e-23	0.0013850000104866922
1858	1e-23	0.0012980999890714884
1859	1e-23	0.0011133000371046364
1860	1e-23	0.0013136999914422631
1861	1e-23	0.0012227999977767467
1862	1e-23	0.0012925000046379864
1863	1e-23	0.00133050000295043
1864	1e-23	0.00121339998440817
1865	1e-23	0.00149049999890849
1866	1e-23	0.0015142999473027885
1867	1e-23	0.0015041999868117273
1868	1e-23	0.0015020000282675028
1869	1e-23	0.001089499972295016
1870	1e-23	0.0012449999921955168
1871	1e-23	0.0011566000175662339
1872	1e-23	0.0014205999905243516
1873	1e-23	0.0011841999948956072
1874	1e-23	0.0012198000331409276
1875	1e-23	0.0016142000094987452
1876	1e-23	0.0011032000184059143
1877	1e-23	0.0011272999690845609
1878	1e-23	0.0013106000260449946
1879	1e-23	0.0011545000015757978
1880	1e-23	0.0011891999747604132
1881	1e-23	0.0012715000193566084
1882	1e-23	0.0012181000201962888
1883	1e-23	0.0013770000077784061
1884	1e-23	0.001277000003028661
1885	1e-23	0.0013064999948255718
1886	1e-23	0.0014409000286832452
1887	1e-23	0.0015653999871574342
1888	1e-23	0.0013909999979659915
1889	1e-23	0.0012795000220648944
1890	1e-23	0.001210999966133386
1891	1e-23	0.0011712000123225152
1892	1e-23	0.0012014999520033598
1893	1e-23	0.001103400019928813
1894	1e-23	0.0011341000208631158
1895	1e-23	0.0015860999701544642
1896	1e-23	0.0015390999615192413
1897	1e-23	0.0013768000062555075
1898	1e-23	0.001546100014820695
1899	1e-23	0.0013159000081941485
1900	1e-23	0.001236799987964332
1901	1e-23	0.0012285999837331474
1902	1e-23	0.001255100010894239
1903	1e-23	0.0012567000230774283
1904	1e-23	0.0012354999780654907
1905	1e-23	0.0011160000576637685
1906	1e-23	0.001137999992351979
1907	1e-23	0.0012462000013329089
1908	1e-23	0.0012587999808602035
1909	1e-23	0.0013211999903433025
1910	1e-23	0.001308299950323999
1911	1e-23	0.001202200015541166
1912	1e-23	0.0011943000135943294
1913	1e-23	0.0014108999748714268
1914	1e-23	0.0012974999845027924
1915	1e-23	0.0011799000203609467
1916	1e-23	0.0013933000154793262
1917	1e-23	0.001278800016734749
1918	1e-23	0.0012947000213898718
1919	1e-23	0.0017728999955579638
1920	1e-23	0.0012694000033661723
1921	1e-23	0.0012938999570906162
1922	1e-23	0.0012973000411875546
1923	1e-23	0.0011439999798312783
1924	1e-23	0.0010906000388786197
1925	1e-23	0.0012659999774768949
1926	1e-23	0.0011549999471753836
1927	1e-23	0.0010582999675534666
1928	1e-23	0.0011037999647669494
1929	1e-23	0.0014176000258885324
1930	1e-23	0.0011257000151090324
1931	1e-23	0.0014746999950148165
1932	1e-23	0.0012105000205338001
1933	1e-23	0.0011563000152818859
1934	1e-23	0.001096900028642267
1935	1e-23	0.0011217999854125082
1936	1e-23	0.001166699978057295
1937	1e-23	0.0010528999846428633
1938	1e-23	0.001045399985741824
1939	1e-23	0.0012102999608032405
1940	1e-23	0.0010635999497026205
1941	1e-23	0.0010976999765262008
1942	1e-23	0.001116700004786253
1943	1e-23	0.0014256999711506069
1944	1e-23	0.0012075999984517694
1945	1e-23	0.0012784999562427402
1946	1e-23	0.0011323999497108161
1947	1e-23	0.001068499987013638
1948	1e-23	0.0011270000250078738
1949	1e-23	0.0012576000299304724
1950	1e-23	0.0011282999766990542
1951	1e-23	0.0011366000398993492
1952	1e-23	0.0011005999986082315
1953	1e-23	0.0012602999922819436
1954	1e-23	0.0011113999644294381
1955	1e-23	0.001047199999447912
1956	1e-23	0.0013602999970316887
1957	1e-23	0.0011539999977685511
1958	1e-23	0.0010968000278808177
1959	1e-23	0.0010076999897137284
1960	1e-23	0.0010860000038519502
1961	1e-23	0.0010822999756783247
1962	1e-23	0.0010256999521516263
1963	1e-23	0.0010772999958135188
1964	1e-23	0.0011249999515712261
1965	1e-23	0.0010486000101082027
1966	1e-23	0.0010353000252507627
1967	1e-23	0.001165499968919903
1968	1e-23	0.0010801999596878886
1969	1e-23	0.0014103999710641801
1970	1e-23	0.0010771999950520694
1971	1e-23	0.0014010000159032643
1972	1e-23	0.001132700010202825
1973	1e-23	0.0010753999813459814
1974	1e-23	0.0011863000108860433
1975	1e-23	0.0011397000052966177
1976	1e-23	0.0010656000231392682
1977	1e-23	0.0010177000076510012
1978	1e-23	0.0013419999741017818
1979	1e-23	0.001132400007918477
1980	1e-23	0.001052499981597066
1981	1e-23	0.0013549000141210854
1982	1e-23	0.0013365999911911786
1983	1e-23	0.0011140999849885702
1984	1e-23	0.0012765999999828637
1985	1e-23	0.001242100028321147
1986	1e-23	0.0011066999868489802
1987	1e-23	0.0010686000459827483
1988	1e-23	0.0012069999938830733
1989	1e-23	0.0011573000228963792
1990	1e-23	0.0010390000534243882
1991	1e-23	0.0012700000079348683
1992	1e-23	0.0012505999766290188
1993	1e-23	0.0011442999821156263
1994	1e-23	0.0010267000179737806
1995	1e-23	0.0013891999842599034
1996	1e-23	0.00107709999429062
1997	1e-23	0.0011724000214599073
1998	1e-23	0.0013800000306218863
1999	1e-23	0.0013626000145450234
2000	1e-23	0.00134240003535524
2001	1e-23	0.0011912999907508492
2002	1e-23	0.0012663999805226922
2003	1e-23	0.0010899000335484743
2004	1e-23	0.0010443000355735421
2005	1e-23	0.0013809000374749303
2006	1e-23	0.001084199990145862
2007	1e-23	0.001302399963606149
2008	1e-23	0.0013770000077784061
2009	1e-23	0.0011204999755136669
2010	1e-23	0.00110219995258376
2011	1e-23	0.0011541999992914498
2012	1e-23	0.0011988000478595495
2013	1e-23	0.001172299962490797
2014	1e-23	0.0010932000004686415
2015	1e-23	0.0011323000071570277
2016	1e-23	0.001083600043784827
2017	1e-23	0.0010874000145122409
2018	1e-23	0.0011136000393889844
2019	1e-23	0.0010955999605357647
2020	1e-23	0.001261600002180785
2021	1e-23	0.0011089000036008656
2022	1e-23	0.0011769999982789159
2023	1e-23	0.001027700025588274
2024	1e-23	0.001046299992594868
2025	1e-23	0.0009998000459745526
2026	1e-23	0.0013892999850213528
2027	1e-23	0.0012091000098735094
2028	1e-23	0.0013214999926276505
2029	1e-23	0.0012577999732457101
2030	1e-23	0.0010727000189945102
2031	1e-23	0.00105339998845011
2032	1e-23	0.0010402000043541193
2033	1e-23	0.001193600008264184
2034	1e-23	0.0012357999803498387
2035	1e-23	0.0010925999958999455
2036	1e-23	0.0011055999784730375
2037	1e-23	0.0011474000057205558
2038	1e-23	0.0010275000240653753
2039	1e-23	0.001048100006300956
2040	1e-23	0.001097500033210963
2041	1e-23	0.001049000013154
2042	1e-23	0.001033600012306124
2043	1e-23	0.0009980000322684646
2044	1e-23	0.0011162000009790063
2045	1e-23	0.0010084000532515347
2046	1e-23	0.0010176000068895519
2047	1e-23	0.0010813999688252807
2048	1e-23	0.001250400033313781
2049	1e-23	0.001311299973167479
2050	1e-23	0.0010692999931052327
2051	1e-23	0.0010717000113800168
2052	1e-23	0.0010534999892115593
2053	1e-23	0.001004599966108799
2054	1e-23	0.0010028000106103718
2055	1e-23	0.0014134999946691096
2056	1e-23	0.0012370999902486801
2057	1e-23	0.001054300053510815
2058	1e-23	0.0011755999876186252
2059	1e-23	0.001020299969241023
2060	1e-23	0.0010526999831199646
2061	1e-23	0.0011953999637626112
2062	1e-23	0.0012937000137753785
2063	1e-23	0.0011329000117257237
2064	1e-23	0.0011584999738261104
2065	1e-23	0.001260399993043393
2066	1e-23	0.001137099985498935
2067	1e-23	0.0011036000214517117
2068	1e-23	0.0010418000165373087
2069	1e-23	0.0011662000324577093
2070	1e-23	0.0010932000004686415
2071	1e-23	0.0010853999992832541
2072	1e-23	0.0011277999728918076
2073	1e-23	0.0011263000196777284
2074	1e-23	0.0010237000533379614
2075	1e-23	0.0012506999773904681
2076	1e-23	0.001125600014347583
2077	1e-23	0.0010617999942041934
2078	1e-23	0.0010092000011354685
2079	1e-23	0.0010149000445380807
2080	1e-23	0.0010863000061362982
2081	1e-23	0.0011174000101163983
2082	1e-23	0.0010108000133186579
2083	1e-23	0.0011858000070787966
2084	1e-23	0.001325200020801276
2085	1e-23	0.0010993999894708395
2086	1e-23	0.0010211000335402787
2087	1e-23	0.0012254000175744295
2088	1e-23	0.0011644999613054097
2089	1e-23	0.0012436999822966754
2090	1e-23	0.0012200000346638262
2091	1e-23	0.0010662999702617526
2092	1e-23	0.0010996999917551875
2093	1e-23	0.001097800035495311
2094	1e-23	0.0011686999932862818
2095	1e-23	0.001116400002501905
2096	1e-23	0.001025600009597838
2097	1e-23	0.0011304999934509397
2098	1e-23	0.0012153999996371567
2099	1e-23	0.0011363999801687896
2100	1e-23	0.0013632999616675079
2101	1e-23	0.0012162000057287514
2102	1e-23	0.0016044999938458204
2103	1e-23	0.0012886999757029116
2104	1e-23	0.0012115000281482935
2105	1e-23	0.0012346000294201076
2106	1e-23	0.0011989999911747873
2107	1e-23	0.001507100008893758
2108	1e-23	0.0011257000151090324
2109	1e-23	0.0012215999886393547
2110	1e-23	0.001227000029757619
2111	1e-23	0.0013437000452540815
2112	1e-23	0.0012033000239171088
2113	1e-23	0.0018277000053785741
2114	1e-23	0.0012441999861039221
2115	1e-23	0.001214300049468875
2116	1e-23	0.001359199988655746
2117	1e-23	0.0011097000096924603
2118	1e-23	0.0011261000181548297
2119	1e-23	0.001159299979917705
2120	1e-23	0.0012736999779008329
2121	1e-23	0.0011363000376150012
2122	1e-23	0.0010349000222049654
2123	1e-23	0.001098100037779659
2124	1e-23	0.001271400018595159
2125	1e-23	0.001274299982469529
2126	1e-23	0.0013584999833256006
2127	1e-23	0.001247700012754649
2128	1e-23	0.0012869000202044845
2129	1e-23	0.0012056000414304435
2130	1e-23	0.001131500001065433
2131	1e-23	0.0011001999955624342
2132	1e-23	0.001047800004016608
2133	1e-23	0.0011546000023372471
2134	1e-23	0.001159299979917705
2135	1e-23	0.00120900000911206
2136	1e-23	0.0012472999515011907
2137	1e-23	0.0014931000187061727
2138	1e-23	0.0013345000334084034
2139	1e-23	0.0012796999653801322
2140	1e-23	0.0012630000128410757
2141	1e-23	0.00119420001283288
2142	1e-23	0.0010915000457316637
2143	1e-23	0.001274599984753877
2144	1e-23	0.0011646999628283083
2145	1e-23	0.0011066999868489802
2146	1e-23	0.0011662000324577093
2147	1e-23	0.0011819000355899334
2148	1e-23	0.0010793000110425055
2149	1e-23	0.001033900014590472
2150	1e-23	0.001287599967326969
2151	1e-23	0.0012667999835684896
2152	1e-23	0.001208400004543364
2153	1e-23	0.0012675999896600842
2154	1e-23	0.001201900013256818
2155	1e-23	0.0011212000390514731
2156	1e-23	0.0012118000304326415
2157	1e-23	0.001275799993891269
2158	1e-23	0.001173199969343841
2159	1e-23	0.0011323000071570277
2160	1e-23	0.0012929999502375722
2161	1e-23	0.0011838999926112592
2162	1e-23	0.0014399999636225402
2163	1e-23	0.001413299993146211
2164	1e-23	0.0013161999522708356
2165	1e-23	0.001202200015541166
2166	1e-23	0.0012848000042140484
2167	1e-23	0.0013178999652154744
2168	1e-23	0.0012706999550573528
2169	1e-23	0.0012419999693520367
2170	1e-23	0.0011854000040329993
2171	1e-23	0.0010736000258475542
2172	1e-23	0.0010421000188216567
2173	1e-23	0.0012355000362731516
2174	1e-23	0.0012027000193484128
2175	1e-23	0.0012301999959163368
2176	1e-23	0.0012626000097952783
2177	1e-23	0.0011706000077538192
2178	1e-23	0.0011187999625690281
2179	1e-23	0.0010964999673888087
2180	1e-23	0.0012662999797612429
2181	1e-23	0.0010896000312641263
2182	1e-23	0.0010614999919198453
2183	1e-23	0.0011954999645240605
2184	1e-23	0.001178500009700656
2185	1e-23	0.001123800000641495
2186	1e-23	0.0011298999888822436
2187	1e-23	0.0013725000317208469
2188	1e-23	0.0012481000158004463
2189	1e-23	0.0011904999846592546
2190	1e-23	0.0012527999933809042
2191	1e-23	0.001149199961218983
2192	1e-23	0.0011272999690845609
2193	1e-23	0.0012597000459209085
2194	1e-23	0.0011289999820291996
2195	1e-23	0.0010777999996207654
2196	1e-23	0.0010665999725461006
2197	1e-23	0.0011769999982789159
2198	1e-23	0.0010947000118903816
2199	1e-23	0.0010742999729700387
2200	1e-23	0.0013727000332437456
2201	1e-23	0.0011550000053830445
2202	1e-23	0.0010643999557942152
2203	1e-23	0.0013153000036254525
2204	1e-23	0.0011154000530950725
2205	1e-23	0.0011701000039465725
2206	1e-23	0.0011050000321120024
2207	1e-23	0.001095400017220527
2208	1e-23	0.001151299977209419
2209	1e-23	0.0010994999902322888
2210	1e-23	0.0011235999991185963
2211	1e-23	0.0012374999932944775
2212	1e-23	0.0010715000098571181
2213	1e-23	0.00118530000327155
2214	1e-23	0.001200700004119426
2215	1e-23	0.0011258000158704817
2216	1e-23	0.0010830999817699194
2217	1e-23	0.0010914999875240028
2218	1e-23	0.0013165000127628446
2219	1e-23	0.0012192000285722315
2220	1e-23	0.0014143000007607043
2221	1e-23	0.0018612000276334584
2222	1e-23	0.001560900011099875
2223	1e-23	0.0015678000054322183
2224	1e-23	0.0013447999954223633
2225	1e-23	0.001790400012396276
2226	1e-23	0.0013642000267282128
2227	1e-23	0.0012431999784894288
2228	1e-23	0.0012520999880507588
2229	1e-23	0.0011870000162161887
2230	1e-23	0.0012491000234149396
2231	1e-23	0.0012457999982871115
2232	1e-23	0.001253900001756847
2233	1e-23	0.001271100016310811
2234	1e-23	0.0013957999763078988
2235	1e-23	0.0013954999740235507
2236	1e-23	0.0021281999652273953
2237	1e-23	0.001747799979057163
2238	1e-23	0.0019665000145323575
2239	1e-23	0.001451799995265901
2240	1e-23	0.0016722000436857343
2241	1e-23	0.001420099986717105
2242	1e-23	0.001365099975373596
2243	1e-23	0.001228799985256046
2244	1e-23	0.0013167000142857432
2245	1e-23	0.0013791999663226306
2246	1e-23	0.0014862000243738294
2247	1e-23	0.0013629000168293715
2248	1e-23	0.0012963999761268497
2249	1e-23	0.0013413000269792974
2250	1e-23	0.0013572000316344202
2251	1e-23	0.0013356999843381345
2252	1e-23	0.0012891999795101583
2253	1e-23	0.0013909999979659915
2254	1e-23	0.0012482000165618956
2255	1e-23	0.0012775000068359077
2256	1e-23	0.0011679999879561365
2257	1e-23	0.0011621000012382865
2258	1e-23	0.0012662000372074544
2259	1e-23	0.0012673000455833972
2260	1e-23	0.0012385000009089708
2261	1e-23	0.0012836999958381057
2262	1e-23	0.0011460999958217144
2263	1e-23	0.0011391000007279217
2264	1e-23	0.0011035000206902623
2265	1e-23	0.0012021000147797167
2266	1e-23	0.0012328000157140195
2267	1e-23	0.0011630000080913305
2268	1e-23	0.0011991000501438975
2269	1e-23	0.0011348999687470496
2270	1e-23	0.0012857000110670924
2271	1e-23	0.0013427000376395881
2272	1e-23	0.001199799997266382
2273	1e-23	0.0012103000190109015
2274	1e-23	0.0011966999736614525
2275	1e-23	0.0012276999768801033
2276	1e-23	0.0011341000208631158
2277	1e-23	0.0012088000075891614
2278	1e-23	0.0012450999929569662
2279	1e-23	0.0013237999519333243
2280	1e-23	0.0012530999956652522
2281	1e-23	0.001027100021019578
2282	1e-23	0.0014235000126063824
2283	1e-23	0.001438200008124113
2284	1e-23	0.001663199975155294
2285	1e-23	0.0012283999822102487
2286	1e-23	0.0011760000488720834
2287	1e-23	0.0013397999573498964
2288	1e-23	0.0012227999977767467
2289	1e-23	0.0011721999617293477
2290	1e-23	0.0013608999433927238
2291	1e-23	0.0014460000093095005
2292	1e-23	0.0012323000119067729
2293	1e-23	0.0012522999895736575
2294	1e-23	0.0013771000085398555
2295	1e-23	0.0012064999900758266
2296	1e-23	0.0012607999960891902
2297	1e-23	0.001442600041627884
2298	1e-23	0.0012771000037901103
2299	1e-23	0.0011761000496335328
2300	1e-23	0.0013564000255428255
2301	1e-23	0.0012402000138536096
2302	1e-23	0.0012562000192701817
2303	1e-23	0.0011728000245057046
2304	1e-23	0.0012214999878779054
2305	1e-23	0.0010618999949656427
2306	1e-23	0.0013982999953441322
2307	1e-23	0.0011518000392243266
2308	1e-23	0.0010852999985218048
2309	1e-23	0.0010935000027529895
2310	1e-23	0.0011478999513201416
2311	1e-23	0.0011021000100299716
2312	1e-23	0.0010666000307537615
2313	1e-23	0.0011207000352442265
2314	1e-23	0.0011262999614700675
2315	1e-23	0.0011129999766126275
2316	1e-23	0.0011050999746657908
2317	1e-23	0.0011605999898165464
2318	1e-23	0.0011696000001393259
2319	1e-23	0.0013692000065930188
2320	1e-23	0.001294999965466559
2321	1e-23	0.0012608000542968512
2322	1e-23	0.0011266000219620764
2323	1e-23	0.001072899962309748
2324	1e-23	0.001136799983214587
2325	1e-23	0.0011518000392243266
2326	1e-23	0.0010947000118903816
2327	1e-23	0.0011030000168830156
2328	1e-23	0.0010941000073216856
2329	1e-23	0.0010832000407390296
2330	1e-23	0.0010836999863386154
2331	1e-23	0.001139800006058067
2332	1e-23	0.001546100014820695
2333	1e-23	0.001083299983292818
2334	1e-23	0.0011336999596096575
2335	1e-23	0.0011117999674752355
2336	1e-23	0.0010551000013947487
2337	1e-23	0.001070900005288422
2338	1e-23	0.001114599988795817
2339	1e-23	0.001108700002077967
2340	1e-23	0.0010426000226289034
2341	1e-23	0.001094800012651831
2342	1e-23	0.0012636000174097717
2343	1e-23	0.0011517999810166657
2344	1e-23	0.0011493000201880932
2345	1e-23	0.0013324000174179673
2346	1e-23	0.0012049999786540866
2347	1e-23	0.0011062999838031828
2348	1e-23	0.0010956000187434256
2349	1e-23	0.001150999974925071
2350	1e-23	0.0010902999783866107
2351	1e-23	0.0010609999881125987
2352	1e-23	0.0011249000090174377
2353	1e-23	0.0012111000251024961
2354	1e-23	0.0010639000101946294
2355	1e-23	0.001029200037010014
2356	1e-23	0.001104900031350553
2357	1e-23	0.0011345999664627016
2358	1e-23	0.0015515999984927475
2359	1e-23	0.0013977999915368855
2360	1e-23	0.0013868999667465687
2361	1e-23	0.0012379999971017241
2362	1e-23	0.0012501999735832214
2363	1e-23	0.001198899990413338
2364	1e-23	0.001279100019019097
2365	1e-23	0.001248000015038997
2366	1e-23	0.0012214999878779054
2367	1e-23	0.0011885000276379287
2368	1e-23	0.0011331000132486224
2369	1e-23	0.0012178999604657292
2370	1e-23	0.0013342999736778438
2371	1e-23	0.0013085000100545585
2372	1e-23	0.0014185000327415764
2373	1e-23	0.0012365999864414334
2374	1e-23	0.0011552000069059432
2375	1e-23	0.0012959999730810523
2376	1e-23	0.0012541000032797456
2377	1e-23	0.0016187999863177538
2378	1e-23	0.0014198999851942062
2379	1e-23	0.0013859000173397362
2380	1e-23	0.001270800014026463
2381	1e-23	0.0014623000170104206
2382	1e-23	0.001249499968253076
2383	1e-23	0.0012238000053912401
2384	1e-23	0.0012891999795101583
2385	1e-23	0.0011999999987892807
2386	1e-23	0.0011553000076673925
2387	1e-23	0.0014342000358738005
2388	1e-23	0.0011964000295847654
2389	1e-23	0.001067599980160594
2390	1e-23	0.0013359000440686941
2391	1e-23	0.001225499960128218
2392	1e-23	0.0012114000273868442
2393	1e-23	0.001261900004465133
2394	1e-23	0.001608199963811785
2395	1e-23	0.0014349999837577343
2396	1e-23	0.0015896999975666404
2397	1e-23	0.0015518000000156462
2398	1e-23	0.001291499997023493
2399	1e-23	0.0012408000184223056
2400	1e-23	0.0011683999910019338
2401	1e-23	0.0011980999843217432
2402	1e-23	0.0012674000463448465
2403	1e-23	0.001150700030848384
2404	1e-23	0.001261299999896437
2405	1e-23	0.001285300008021295
2406	1e-23	0.0017211000085808337
2407	1e-23	0.0012038000277243555
2408	1e-23	0.0011550000053830445
2409	1e-23	0.0012732999748550355
2410	1e-23	0.0013881000340916216
2411	1e-23	0.001133300014771521
2412	1e-23	0.0011860000086016953
2413	1e-23	0.001110799959860742
2414	1e-23	0.001174700038973242
2415	1e-23	0.00137189996894449
2416	1e-23	0.001344099990092218
2417	1e-23	0.0012042000307701528
2418	1e-23	0.0012105999630875885
2419	1e-23	0.0011777000036090612
2420	1e-23	0.001134699967224151
2421	1e-23	0.0011057000374421477
2422	1e-23	0.0012206999817863107
2423	1e-23	0.0011928000021725893
2424	1e-23	0.0012080000014975667
2425	1e-23	0.0011658999719657004
2426	1e-23	0.0012410000199452043
2427	1e-23	0.0011482000118121505
2428	1e-23	0.0014063999988138676
2429	1e-23	0.0012644000235013664
2430	1e-23	0.0010671999771147966
2431	1e-23	0.0010701999999582767
2432	1e-23	0.0011369999847374856
2433	1e-23	0.0013011000119149685
2434	1e-23	0.0010992999887093902
2435	1e-23	0.0011204000329598784
2436	1e-23	0.0011248000082559884
2437	1e-23	0.0010941000073216856
2438	1e-23	0.0010556000052019954
2439	1e-23	0.0011937000090256333
2440	1e-23	0.0010538999922573566
2441	1e-23	0.0011531999916769564
2442	1e-23	0.001638100016862154
2443	1e-23	0.0010917999898083508
2444	1e-23	0.001068499987013638
2445	1e-23	0.0010990999871864915
2446	1e-23	0.0011166000040248036
2447	1e-23	0.0012243000091984868
2448	1e-23	0.0010800000163726509
2449	1e-23	0.0011044000275433064
2450	1e-23	0.001298599992878735
2451	1e-23	0.0011537999962456524
2452	1e-23	0.0016072000144049525
2453	1e-23	0.001725899986922741
2454	1e-23	0.0012650999706238508
2455	1e-23	0.0011815999750979245
2456	1e-23	0.001167000038549304
2457	1e-23	0.0011159999994561076
2458	1e-23	0.0010176000068895519
2459	1e-23	0.0010720999562181532
2460	1e-23	0.0011301999911665916
2461	1e-23	0.0012213000445626676
2462	1e-23	0.0011937000090256333
2463	1e-23	0.0010884999646805227
2464	1e-23	0.0010375999845564365
2465	1e-23	0.0010268999612890184
2466	1e-23	0.0012852000072598457
2467	1e-23	0.0012641999637708068
2468	1e-23	0.0011873000185005367
2469	1e-23	0.0011799000203609467
2470	1e-23	0.0011734000290744007
2471	1e-23	0.001129699987359345
2472	1e-23	0.0010273000225424767
2473	1e-23	0.0011215999838896096
2474	1e-23	0.0011656000278890133
2475	1e-23	0.0010961000225506723
2476	1e-23	0.0010915999882854521
2477	1e-23	0.0013901000493206084
2478	1e-23	0.0011876000207848847
2479	1e-23	0.001195100019685924
2480	1e-23	0.0013609000016003847
2481	1e-23	0.0011587999761104584
2482	1e-23	0.0010563999530859292
2483	1e-23	0.0011319000041112304
2484	1e-23	0.0011681999894790351
2485	1e-23	0.001083899987861514
2486	1e-23	0.0011079999967478216
2487	1e-23	0.0011133999796584249
2488	1e-23	0.0011175000108778477
2489	1e-23	0.0010825000354088843
2490	1e-23	0.0010786000057123601
2491	1e-23	0.0011112999636679888
2492	1e-23	0.00103270000545308
2493	1e-23	0.0013718000263907015
2494	1e-23	0.0011637000134214759
2495	1e-23	0.0010596999782137573
2496	1e-23	0.0010831000399775803
2497	1e-23	0.0010949000134132802
2498	1e-23	0.0012875000247731805
2499	1e-23	0.001138599996920675
2500	1e-23	0.001091300044208765
2501	1e-23	0.0010999999940395355
2502	1e-23	0.0011069000465795398
2503	1e-23	0.0010611999896354973
2504	1e-23	0.0010804000194184482
2505	1e-23	0.0013517000479623675
2506	1e-23	0.001434299978427589
2507	1e-23	0.0012740999809466302
2508	1e-23	0.0016821000026538968
2509	1e-23	0.0012292999890632927
2510	1e-23	0.00128320005023852
2511	1e-23	0.0013580999802798033
2512	1e-23	0.0011365999816916883
2513	1e-23	0.0011415000190027058
2514	1e-23	0.001338800007943064
2515	1e-23	0.0011952000204473734
2516	1e-23	0.0010791000095196068
2517	1e-23	0.0013152000028640032
2518	1e-23	0.001397400046698749
2519	1e-23	0.0012326000141911209
2520	1e-23	0.0010763000464066863
2521	1e-23	0.001117600011639297
2522	1e-23	0.0011081999982707202
2523	1e-23	0.0009950000094249845
2524	1e-23	0.0011251000105403364
2525	1e-23	0.0011754000443033874
2526	1e-23	0.0011076999944634736
2527	1e-23	0.0010367000359110534
2528	1e-23	0.0010830999817699194
2529	1e-23	0.0011892999755218625
2530	1e-23	0.0011543000000528991
2531	1e-23	0.0014487000298686326
2532	1e-23	0.0011573999654501677
2533	1e-23	0.0010614999919198453
2534	1e-23	0.0010756999836303294
2535	1e-23	0.0011733999708667397
2536	1e-23	0.0011349000269547105
2537	1e-23	0.0010896999738179147
2538	1e-23	0.0010375999845564365
2539	1e-23	0.0012181000201962888
2540	1e-23	0.001083600043784827
2541	1e-23	0.0010147999855689704
2542	1e-23	0.0011712000123225152
2543	1e-23	0.0012063999893143773
2544	1e-23	0.0012676999904215336
2545	1e-23	0.0010858000023290515
2546	1e-23	0.001215199998114258
2547	1e-23	0.001103100017644465
2548	1e-23	0.0010711000068113208
2549	1e-23	0.001257800031453371
2550	1e-23	0.0011990999919362366
2551	1e-23	0.0010713000083342195
2552	1e-23	0.001034500019159168
2553	1e-23	0.0012302999966777861
2554	1e-23	0.0010916999890469015
2555	1e-23	0.0010789000079967082
2556	1e-23	0.0011864000116474926
2557	1e-23	0.0011909999884665012
2558	1e-23	0.0010698999976739287
2559	1e-23	0.0013299999991431832
2560	1e-23	0.0012496000272221863
2561	1e-23	0.0012135999859310687
2562	1e-23	0.001165500027127564
2563	1e-23	0.0011979000410065055
2564	1e-23	0.0012586999800987542
2565	1e-23	0.0011102999560534954
2566	1e-23	0.0012494000256992877
2567	1e-23	0.0012343000271357596
2568	1e-23	0.0013858999591320753
2569	1e-23	0.0018559999880380929
2570	1e-23	0.0012238000053912401
2571	1e-23	0.0012990999966859818
2572	1e-23	0.00152160000288859
2573	1e-23	0.0014530000044032931
2574	1e-23	0.0013155000051483512
2575	1e-23	0.0016834000125527382
2576	1e-23	0.0011949999607168138
2577	1e-23	0.00130540004465729
2578	1e-23	0.0013840999454259872
2579	1e-23	0.0016337999841198325
2580	1e-23	0.0014260999741964042
2581	1e-23	0.0013327999622561038
2582	1e-23	0.0011849000002257526
2583	1e-23	0.0011116000241599977
2584	1e-23	0.0012475000112317502
2585	1e-23	0.0012370999902486801
2586	1e-23	0.0011206999770365655
2587	1e-23	0.0016365000046789646
2588	1e-23	0.0013485000235959888
2589	1e-23	0.001087700016796589
2590	1e-23	0.0011467000003904104
2591	1e-23	0.0013472999562509358
2592	1e-23	0.0013567000278271735
2593	1e-23	0.001779200043529272
2594	1e-23	0.0015354999923147261
2595	1e-23	0.00115870003355667
2596	1e-23	0.0011070999898947775
2597	1e-23	0.0011700000031851232
2598	1e-23	0.001122299989219755
2599	1e-23	0.0011026000138372183
2600	1e-23	0.0011336999596096575
2601	1e-23	0.0011224999907426536
2602	1e-23	0.0010938000050373375
2603	1e-23	0.0013729999773204327
2604	1e-23	0.0012617000029422343
2605	1e-23	0.0011393000022508204
2606	1e-23	0.0010913999867625535
2607	1e-23	0.0011588000343181193
2608	1e-23	0.0011003999970853329
2609	1e-23	0.0011703000054694712
2610	1e-23	0.0012301999959163368
2611	1e-23	0.0011894999770447612
2612	1e-23	0.0010972999734804034
2613	1e-23	0.0010500000207684934
2614	1e-23	0.001222599996253848
2615	1e-23	0.0012598999892361462
2616	1e-23	0.0013346999767236412
2617	1e-23	0.0011727000237442553
2618	1e-23	0.0011285000364296138
2619	1e-23	0.0011200999724678695
2620	1e-23	0.0012529999949038029
2621	1e-23	0.001140100008342415
2622	1e-23	0.0010814000270329416
2623	1e-23	0.0010850999969989061
2624	1e-23	0.001130299991928041
2625	1e-23	0.0010733000235632062
2626	1e-23	0.001039800001308322
2627	1e-23	0.001137399987783283
2628	1e-23	0.0011552000069059432
2629	1e-23	0.0012336000218056142
2630	1e-23	0.0010979000362567604
2631	1e-23	0.001333800028078258
2632	1e-23	0.001137099985498935
2633	1e-23	0.0010961000225506723
2634	1e-23	0.0012756999931298196
2635	1e-23	0.0012181000201962888
2636	1e-23	0.0011240000021643937
2637	1e-23	0.001055800006724894
2638	1e-23	0.0011380999931134284
2639	1e-23	0.0011014000046998262
2640	1e-23	0.0010238999966531992
2641	1e-23	0.0010421000188216567
2642	1e-23	0.0012459999998100102
2643	1e-23	0.001222599996253848
2644	1e-23	0.0011808000272139907
2645	1e-23	0.0015397999668493867
2646	1e-23	0.0013439999893307686
2647	1e-23	0.0013840000028721988
2648	1e-23	0.0013735999818891287
2649	1e-23	0.0012487000203691423
2650	1e-23	0.0013193999766372144
2651	1e-23	0.001332300016656518
2652	1e-23	0.0012516999850049615
2653	1e-23	0.0013525999966077507
2654	1e-23	0.001594599976669997
2655	1e-23	0.001178500009700656
2656	1e-23	0.0011507999734021723
2657	1e-23	0.0011977999820373952
2658	1e-23	0.0011893999762833118
2659	1e-23	0.001251900044735521
2660	1e-23	0.001440799969714135
2661	1e-23	0.0013469000114127994
2662	1e-23	0.0012800000258721411
2663	1e-23	0.001219899975694716
2664	1e-23	0.001187099958769977
2665	1e-23	0.0016270999913103878
2666	1e-23	0.0012450999929569662
2667	1e-23	0.0013717000256292522
2668	1e-23	0.0013092000153847039
2669	1e-23	0.0017174999811686575
2670	1e-23	0.0013159000081941485
2671	1e-23	0.0012517000432126224
2672	1e-23	0.0013698999537155032
2673	1e-23	0.0013239000109024346
2674	1e-23	0.0012811999768018723
2675	1e-23	0.001263399957679212
2676	1e-23	0.0017613000236451626
2677	1e-23	0.0013696999521926045
2678	1e-23	0.0016148000140674412
2679	1e-23	0.0012149999965913594
2680	1e-23	0.0011885000276379287
2681	1e-23	0.0012629999546334147
2682	1e-23	0.001206899993121624
2683	1e-23	0.0011610999936237931
2684	1e-23	0.0011435000342316926
2685	1e-23	0.0012632000143639743
2686	1e-23	0.0012744999839924276
2687	1e-23	0.0018893000087700784
2688	1e-23	0.001234399969689548
2689	1e-23	0.0011448999866843224
2690	1e-23	0.0010617999942041934
2691	1e-23	0.0011322000063955784
2692	1e-23	0.001049600017722696
2693	1e-23	0.0010540999937802553
2694	1e-23	0.0011709000100381672
2695	1e-23	0.0013130000443197787
2696	1e-23	0.00117350002983585
2697	1e-23	0.0010585999698378146
2698	1e-23	0.0010953000164590776
2699	1e-23	0.0010409000096842647
2700	1e-23	0.0010698999976739287
2701	1e-23	0.001256599964108318
2702	1e-23	0.0012381000560708344
2703	1e-23	0.001157199963927269
2704	1e-23	0.0010705000022426248
2705	1e-23	0.001221399987116456
2706	1e-23	0.001239399949554354
2707	1e-23	0.0012704000109806657
2708	1e-23	0.0011959999683313072
2709	1e-23	0.0011159999994561076
2710	1e-23	0.001166699978057295
2711	1e-23	0.0011844999971799552
2712	1e-23	0.0012568000238388777
2713	1e-23	0.0011409000144340098
2714	1e-23	0.001104600029066205
2715	1e-23	0.0011425000266171992
2716	1e-23	0.001177300000563264
2717	1e-23	0.0010349999647587538
2718	1e-23	0.0010016000014729798
2719	1e-23	0.0013670999906025827
2720	1e-23	0.0011138999834656715
2721	1e-23	0.0011366999824531376
2722	1e-23	0.0012401000130921602
2723	1e-23	0.0012895999825559556
2724	1e-23	0.0011271999683231115
2725	1e-23	0.001097199972718954
2726	1e-23	0.0011003999970853329
2727	1e-23	0.0012775000068359077
2728	1e-23	0.0011675999849103391
2729	1e-23	0.0016041999915614724
2730	1e-23	0.0012275000335648656
2731	1e-23	0.0011657000286504626
2732	1e-23	0.001221399987116456
2733	1e-23	0.0011480000102892518
2734	1e-23	0.0011375000467523932
2735	1e-23	0.0012285999837331474
2736	1e-23	0.0011223000474274158
2737	1e-23	0.0010631000041030347
2738	1e-23	0.0010189999593421817
2739	1e-23	0.0012598999892361462
2740	1e-23	0.0010795000125654042
2741	1e-23	0.0010720999562181532
2742	1e-23	0.0010002999915741384
2743	1e-23	0.001248599961400032
2744	1e-23	0.0010796000133268535
2745	1e-23	0.001042500021867454
2746	1e-23	0.0012253000168129802
2747	1e-23	0.0010615999926812947
2748	1e-23	0.001041300012730062
2749	1e-23	0.0010744999744929373
2750	1e-23	0.0012463000020943582
2751	1e-23	0.0012128999806009233
2752	1e-23	0.001256000017747283
2753	1e-23	0.0015282000531442463
2754	1e-23	0.0011188999633304775
2755	1e-23	0.0010796000133268535
2756	1e-23	0.0010740000288933516
2757	1e-23	0.0010724999592639506
2758	1e-23	0.0010546999983489513
2759	1e-23	0.0010583000257611275
2760	1e-23	0.0012181000201962888
2761	1e-23	0.0012193000293336809
2762	1e-23	0.0010922999936155975
2763	1e-23	0.0010797000140883029
2764	1e-23	0.0011178000131621957
2765	1e-23	0.0012132999836467206
2766	1e-23	0.0012147999950684607
2767	1e-23	0.0015954000409692526
2768	1e-23	0.0012462000013329089
2769	1e-23	0.0011038000229746103
2770	1e-23	0.0010883999639190733
2771	1e-23	0.0011194999678991735
2772	1e-23	0.0010256999521516263
2773	1e-23	0.001089200028218329
2774	1e-23	0.001131500001065433
2775	1e-23	0.0011201000306755304
2776	1e-23	0.001089200028218329
2777	1e-23	0.0010406000073999166
2778	1e-23	0.0015490999794565141
2779	1e-23	0.0012734999763779342
2780	1e-23	0.001152500044554472
2781	1e-23	0.0012669999850913882
2782	1e-23	0.0011325000086799264
2783	1e-23	0.0010784000041894615
2784	1e-23	0.0010977000347338617
2785	1e-23	0.001255100010894239
2786	1e-23	0.0010891000274568796
2787	1e-23	0.001055500004440546
2788	1e-23	0.0011998999980278313
2789	1e-23	0.0010972999734804034
2790	1e-23	0.0010723000159487128
2791	1e-23	0.0011841999948956072
2792	1e-23	0.0012506000348366797
2793	1e-23	0.0010944000096060336
2794	1e-23	0.0010846000513993204
2795	1e-23	0.0011687999940477312
2796	1e-23	0.0011555999517440796
2797	1e-23	0.001019700022879988
2798	1e-23	0.0010403000051155686
2799	1e-23	0.0011480999528430402
2800	1e-23	0.0010519999777898192
2801	1e-23	0.001142999972216785
2802	1e-23	0.0011961999698542058
2803	1e-23	0.0012728999718092382
2804	1e-23	0.0011912999907508492
2805	1e-23	0.001399700006004423
2806	1e-23	0.001303299970459193
2807	1e-23	0.0011921999976038933
2808	1e-23	0.0011288000387139618
2809	1e-23	0.0011857000063173473
2810	1e-23	0.0010721000144258142
2811	1e-23	0.0010440999758429825
2812	1e-23	0.0011300999904051423
2813	1e-23	0.001158699975349009
2814	1e-23	0.0011202999739907682
2815	1e-23	0.0010311999940313399
2816	1e-23	0.001158100028987974
2817	1e-23	0.0012470000074245036
2818	1e-23	0.0012172000133432448
2819	1e-23	0.001200700004119426
2820	1e-23	0.0011108999606221914
2821	1e-23	0.001070900005288422
2822	1e-23	0.0010621999972499907
2823	1e-23	0.001202800020109862
2824	1e-23	0.0010716000106185675
2825	1e-23	0.0010657000239007175
2826	1e-23	0.001090400037355721
2827	1e-23	0.0012817999813705683
2828	1e-23	0.0010893000289797783
2829	1e-23	0.0011095000081695616
2830	1e-23	0.0015395000227726996
2831	1e-23	0.0013191999751143157
2832	1e-23	0.0012376999948173761
2833	1e-23	0.0013810000382363796
2834	1e-23	0.0012645000242628157
2835	1e-23	0.0011481999536044896
2836	1e-23	0.0012415999663062394
2837	1e-23	0.001175900048110634
2838	1e-23	0.0012654999736696482
2839	1e-23	0.001175300043541938
2840	1e-23	0.0021271000150591135
2841	1e-23	0.0012848999467678368
2842	1e-23	0.0014946999726817012
2843	1e-23	0.0015749000012874603
2844	1e-23	0.0012720999657176435
2845	1e-23	0.0013420000323094428
2846	1e-23	0.0012156000011600554
2847	1e-23	0.0012082000030204654
2848	1e-23	0.001423700014129281
2849	1e-23	0.0012206000392325222
2850	1e-23	0.0011838999926112592
2851	1e-23	0.0011778000043705106
2852	1e-23	0.00116610003169626
2853	1e-23	0.0015962999896146357
2854	1e-23	0.0012601999915204942
2855	1e-23	0.0012107000220566988
2856	1e-23	0.0012892999802716076
2857	1e-23	0.0016632000333629549
2858	1e-23	0.001221699989400804
2859	1e-23	0.001332300016656518
2860	1e-23	0.0014741999912075698
2861	1e-23	0.0013812999823130667
2862	1e-23	0.0013745000469498336
2863	1e-23	0.0012678000493906438
2864	1e-23	0.0016849000239744782
2865	1e-23	0.0013566999696195126
2866	1e-23	0.0012304999982006848
2867	1e-23	0.0011696999426931143
2868	1e-23	0.0011263000196777284
2869	1e-23	0.0011987000470981002
2870	1e-23	0.0012972999829798937
2871	1e-23	0.0012109000235795975
2872	1e-23	0.0010573999607004225
2873	1e-23	0.001215199998114258
2874	1e-23	0.001103999966289848
2875	1e-23	0.0010732999653555453
2876	1e-23	0.0011106999590992928
2877	1e-23	0.0013220999971963465
2878	1e-23	0.001352399995084852
2879	1e-23	0.0012236000038683414
2880	1e-23	0.0012727000284940004
2881	1e-23	0.0011207999777980149
2882	1e-23	0.0010568999568931758
2883	1e-23	0.0011639000149443746
2884	1e-23	0.0011890999739989638
2885	1e-23	0.0010627000010572374
2886	1e-23	0.0010779000003822148
2887	1e-23	0.001193599950056523
2888	1e-23	0.0010886999662034214
2889	1e-23	0.0010830999817699194
2890	1e-23	0.0013904000516049564
2891	1e-23	0.0012651000288315117
2892	1e-23	0.0011616999981924891
2893	1e-23	0.0011600999860092998
2894	1e-23	0.0012769000022672117
2895	1e-23	0.0011257000151090324
2896	1e-23	0.0010693000513128936
2897	1e-23	0.00123559997882694
2898	1e-23	0.001186499954201281
2899	1e-23	0.0011564000160433352
2900	1e-23	0.0011233999975956976
2901	1e-23	0.0011665999772958457
2902	1e-23	0.0013645999715663493
2903	1e-23	0.0012183000217191875
2904	1e-23	0.001366899989079684
2905	1e-23	0.0011195999686606228
2906	1e-23	0.0010733000235632062
2907	1e-23	0.001269000000320375
2908	1e-23	0.0013485000235959888
2909	1e-23	0.0011653999681584537
2910	1e-23	0.0012214999878779054
2911	1e-23	0.0012135000433772802
2912	1e-23	0.0011702000047080219
2913	1e-23	0.0012039999710395932
2914	1e-23	0.001769999973475933
2915	1e-23	0.0011618999997153878
2916	1e-23	0.0011029000161215663
2917	1e-23	0.0015360999968834221
2918	1e-23	0.001163399952929467
2919	1e-23	0.0012479000142775476
2920	1e-23	0.001329899998381734
2921	1e-23	0.0013584999833256006
2922	1e-23	0.0014560000272467732
2923	1e-23	0.0013932999572716653
2924	1e-23	0.0017098999815061688
2925	1e-23	0.001545800012536347
2926	1e-23	0.0012901999871246517
2927	1e-23	0.001137699990067631
2928	1e-23	0.0011552000069059432
2929	1e-23	0.001151000033132732
2930	1e-23	0.0010766999912448227
2931	1e-23	0.001032100000884384
2932	1e-23	0.0012179000186733902
2933	1e-23	0.001184399996418506
2934	1e-23	0.001111100020352751
2935	1e-23	0.0014179000281728804
2936	1e-23	0.0013223999994806945
2937	1e-23	0.0013340000296011567
2938	1e-23	0.0016934999730437994
2939	1e-23	0.0011941000120714307
2940	1e-23	0.0010461999918334186
2941	1e-23	0.0010898999753408134
2942	1e-23	0.0011865999549627304
2943	1e-23	0.0011064999853260815
2944	1e-23	0.001077100052498281
2945	1e-23	0.0010427000233903527
2946	1e-23	0.0010821999749168754
2947	1e-23	0.0010193000198341906
2948	1e-23	0.0010585000272840261
2949	1e-23	0.001380499976221472
2950	1e-23	0.001061399991158396
2951	1e-23	0.0018560000462457538
2952	1e-23	0.0016715999809093773
2953	1e-23	0.0012098000152036548
2954	1e-23	0.0011402000091038644
2955	1e-23	0.0013419999741017818
2956	1e-23	0.0013253000215627253
2957	1e-23	0.0012516999850049615
2958	1e-23	0.0012159000034444034
2959	1e-23	0.0012023000163026154
2960	1e-23	0.0011950000189244747
2961	1e-23	0.001240599958691746
2962	1e-23	0.0014897999935783446
2963	1e-23	0.0012292999890632927
2964	1e-23	0.0012347999727353454
2965	1e-23	0.0012648000265471637
2966	1e-23	0.0011066999868489802
2967	1e-23	0.0010665000299923122
2968	1e-23	0.0012452999944798648
2969	1e-23	0.001173200027551502
2970	1e-23	0.0011346000246703625
2971	1e-23	0.0012632000143639743
2972	1e-23	0.001303600030951202
2973	1e-23	0.0011978000402450562
2974	1e-23	0.001509999972768128
2975	1e-23	0.0013563000247813761
2976	1e-23	0.0012064999900758266
2977	1e-23	0.0011409999569877982
2978	1e-23	0.001316600013524294
2979	1e-23	0.0011971000349149108
2980	1e-23	0.0011854000040329993
2981	1e-23	0.0012626000097952783
2982	1e-23	0.0011372999870218337
2983	1e-23	0.001172899967059493
2984	1e-23	0.0012910999939776957
2985	1e-23	0.0011835999903269112
2986	1e-23	0.0012100000167265534
2987	1e-23	0.0013922000071033835
2988	1e-23	0.0011834999895654619
2989	1e-23	0.0012037000269629061
2990	1e-23	0.0010850999969989061
2991	1e-23	0.001334100030362606
2992	1e-23	0.0011795000173151493
2993	1e-23	0.0011556000099517405
2994	1e-23	0.0011756999883800745
2995	1e-23	0.0012534999987110496
2996	1e-23	0.0012049999786540866
2997	1e-23	0.001235600037034601
2998	1e-23	0.0012559000169858336
2999	1e-23	0.0011649999651126564
3000	1e-23	0.0011180999572388828
