epoch	total	seconds
1	1e-23	0.1832476999843493
2	1e-23	0.001786000037100166
3	1e-23	0.001364199968520552
4	1e-23	0.0013221999979577959
5	1e-23	0.00164610001957044
6	1e-23	0.0014955999795347452
7	1e-23	0.001597900001797825
8	1e-23	0.0014227000065147877
9	1e-23	0.001365399977657944
10	1e-23	0.0015082000172697008
11	1e-23	0.001430200005415827
12	1e-23	0.0013055999879725277
13	1e-23	0.0036867999588139355
14	1e-23	0.0017139000119641423
15	1e-23	0.0016542999655939639
16	1e-23	0.001514500007033348
17	1e-23	0.0016255999798886478
18	1e-23	0.0015403000288642943
19	1e-23	0.001597900001797825
20	1e-23	0.0014005000120960176
21	1e-23	0.0014295000000856817
22	1e-23	0.001192099996842444
23	1e-23	0.0014996000099927187
24	1e-23	0.0013985000550746918
25	1e-23	0.0012737999786622822
26	1e-23	0.0013049999834038317
27	1e-23	0.0014198999851942062
28	1e-23	0.0019554999889805913
29	1e-23	0.0013019000180065632
30	1e-23	0.0013134999899193645
31	1e-23	0.0014087999588809907
32	1e-23	0.0013011000119149685
33	1e-23	0.0012880000285804272
34	1e-23	0.0016639000386931002
35	1e-23	0.0014933000202290714
36	1e-23	0.0014284999924711883
37	1e-23	0.0012352000339888036
38	1e-23	0.0013820999884046614
39	1e-23	0.0017100999830290675
40	1e-23	0.0016644999850541353
41	1e-23	0.0021081999875605106
42	1e-23	0.0017371000139974058
43	1e-23	0.0014728999813087285
44	1e-23	0.0017231999663636088
45	1e-23	0.0011582999723032117
46	1e-23	0.0012802000273950398
47	1e-23	0.001319300034083426
48	1e-23	0.0013904999941587448
49	1e-23	0.0014799999771639705
50	1e-23	0.0016290999483317137
51	1e-23	0.0015545999631285667
52	1e-23	0.0021673000301234424
53	1e-23	0.0017063000123016536
54	1e-23	0.0014543000143021345
55	1e-23	0.0013888999819755554
56	1e-23	0.0013119999784976244
57	1e-23	0.001255699957255274
58	1e-23	0.0013712000218220055
59	1e-23	0.0015293000033125281
60	1e-23	0.0011844999971799552
61	1e-23	0.0017526000156067312
62	1e-23	0.0015160000184550881
63	1e-23	0.0023936000070534647
64	1e-23	0.0018701999797485769
65	1e-23	0.001873200002592057
66	1e-23	0.0015949999797157943
67	1e-23	0.0017801999929361045
68	1e-23	0.0014930000179447234
69	1e-23	0.001693100028205663
70	1e-23	0.0013924000086262822
71	1e-23	0.0012958000297658145
72	1e-23	0.0015088000218383968
73	1e-23	0.0013330000219866633
74	1e-23	0.001324000011663884
75	1e-23	0.0014509999891743064
76	1e-23	0.0012923000031150877
77	1e-23	0.001312200038228184
78	1e-23	0.0012586999800987542
79	1e-23	0.0013270999770611525
80	1e-23	0.0012362999841570854
81	1e-23	0.0013666999875567853
82	1e-23	0.001326700032223016
83	1e-23	0.0017835000180639327
84	1e-23	0.0015625000232830644
85	1e-23	0.001291499997023493
86	1e-23	0.001257200026884675
87	1e-23	0.0013547999551519752
88	1e-23	0.0011740999761968851
89	1e-23	0.0012027000193484128
90	1e-23	0.0014120999840088189
91	1e-23	0.0015930000226944685
92	1e-23	0.0013004000065848231
93	1e-23	0.0014897999935783446
94	1e-23	0.0016419999883510172
95	1e-23	0.001891499967314303
96	1e-23	0.0015380000113509595
97	1e-23	0.0013157999492250383
98	1e-23	0.0014246999635361135
99	1e-23	0.0013598999939858913
100	1e-23	0.0012707999558188021
101	1e-23	0.001791000016964972
102	1e-23	0.001338500005658716
103	1e-23	0.0012945000198669732
104	1e-23	0.001465699984692037
105	1e-23	0.0013547000125981867
106	1e-23	0.0015673000016249716
107	1e-23	0.0013049999834038317
108	1e-23	0.0017731999978423119
109	1e-23	0.0013165000127628446
110	1e-23	0.0013017000164836645
111	1e-23	0.0012925000046379864
112	1e-23	0.0013940000208094716
113	1e-23	0.0012505000340752304
114	1e-23	0.0013416999718174338
115	1e-23	0.0013505000388249755
116	1e-23	0.0013408000231720507
117	1e-23	0.0012706999550573528
118	1e-23	0.0013315000105649233
119	1e-23	0.0017614999669604003
120	1e-23	0.002197600028011948
121	1e-23	0.0019853999838232994
122	1e-23	0.0018438000115565956
123	1e-23	0.0016285000019706786
124	1e-23	0.002126299950759858
125	1e-23	0.0019492999999783933
126	1e-23	0.0013721000286750495
127	1e-23	0.0012882000301033258
128	1e-23	0.0013972999877296388
129	1e-23	0.0016136000049300492
130	1e-23	0.0014891000464558601
131	1e-23	0.0014867999707348645
132	1e-23	0.0017334000440314412
133	1e-23	0.0022826999775134027
134	1e-23	0.0015572999836876988
135	1e-23	0.002239900000859052
136	1e-23	0.0016697999672032893
137	1e-23	0.0012247999547980726
138	1e-23	0.0013482000213116407
139	1e-23	0.001411000033840537
140	1e-23	0.0014493000344373286
141	1e-23	0.0016457000165246427
142	1e-23	0.001505899999756366
143	1e-23	0.0015929000219330192
144	1e-23	0.001331400009803474
145	1e-23	0.001692499965429306
146	1e-23	0.0015602000057697296
147	1e-23	0.0013046000385656953
148	1e-23	0.001487000030465424
149	1e-23	0.0012843000004068017
150	1e-23	0.0013544000103138387
151	1e-23	0.0013128999853506684
152	1e-23	0.0013472999562509358
153	1e-23	0.0013306000037118793
154	1e-23	0.0013923000078648329
155	1e-23	0.0014258999726735055
156	1e-23	0.001171400013845414
157	1e-23	0.0014615000109188259
158	1e-23	0.001482799998484552
159	1e-23	0.0014670999953523278
160	1e-23	0.001296499976888299
161	1e-23	0.0013360999873839319
162	1e-23	0.0027327999705448747
163	1e-23	0.0013352999812923372
164	1e-23	0.0014362999936565757
165	1e-23	0.0013289999915286899
166	1e-23	0.0013300999999046326
167	1e-23	0.0016020999755710363
168	1e-23	0.0014690999523736537
169	1e-23	0.0015451000072062016
170	1e-23	0.0017856999766081572
171	1e-23	0.001399700006004423
172	1e-23	0.0016620000242255628
173	1e-23	0.002051300019957125
174	1e-23	0.0020441999658942223
175	1e-23	0.001352400053292513
176	1e-23	0.0025459000025875866
177	1e-23	0.001442899985704571
178	1e-23	0.0015203000511974096
179	1e-23	0.0014529000036418438
180	1e-23	0.0012343000271357596
181	1e-23	0.0014318999601528049
182	1e-23	0.0015790000325068831
183	1e-23	0.001651400001719594
184	1e-23	0.0013716000248678029
185	1e-23	0.0013269999762997031
186	1e-23	0.0012578999740071595
187	1e-23	0.001658199995290488
188	1e-23	0.0013626000145450234
189	1e-23	0.0014930999604985118
190	1e-23	0.0016787999775260687
191	1e-23	0.001348000019788742
192	1e-23	0.0013902000500820577
193	1e-23	0.0015417999820783734
194	1e-23	0.0017791999853216112
195	1e-23	0.0018981000175699592
196	1e-23	0.0015673000016249716
197	1e-23	0.0015688000130467117
198	1e-23	0.001731499971356243
199	1e-23	0.001988500007428229
200	1e-23	0.0017293000128120184
201	1e-23	0.0013868999667465687
202	1e-23	0.0017015999765135348
203	1e-23	0.0018182999920099974
204	1e-23	0.0011369000421836972
205	1e-23	0.00193500000750646
206	1e-23	0.0018988000229001045
207	1e-23	0.0018223999650217593
208	1e-23	0.001393500017002225
209	1e-23	0.0013457000022754073
210	1e-23	0.0013442999916151166
211	1e-23	0.00136749999364838
212	1e-23	0.0012172000133432448
213	1e-23	0.0013099000207148492
214	1e-23	0.0014025999698787928
215	1e-23	0.001267799991182983
216	1e-23	0.0011932000052183867
217	1e-23	0.0015085999621078372
218	1e-23	0.0012249000137671828
219	1e-23	0.0012345999712124467
220	1e-23	0.0017038999940268695
221	1e-23	0.001518899982329458
222	1e-23	0.0017848999705165625
223	1e-23	0.0014862999669276178
224	1e-23	0.002065500011667609
225	1e-23	0.0017040999955497682
226	1e-23	0.0015202999929897487
227	1e-23	0.0013904999941587448
228	1e-23	0.0013336000265553594
229	1e-23	0.0016113999881781638
230	1e-23	0.0012654999736696482
231	1e-23	0.00122969999210909
232	1e-23	0.0018561999895609915
233	1e-23	0.001514500007033348
234	1e-23	0.0013133000466041267
235	1e-23	0.002259400032926351
236	1e-23	0.002424500009510666
237	1e-23	0.0015347999869845808
238	1e-23	0.0012357000377960503
239	1e-23	0.0013299999991431832
240	1e-23	0.001554700022097677
241	1e-23	0.001574199995957315
242	1e-23	0.0017257000436075032
243	1e-23	0.00153339997632429
244	1e-23	0.0013132999883964658
245	1e-23	0.0013581000384874642
246	1e-23	0.0015619000187143683
247	1e-23	0.0016195999924093485
248	1e-23	0.001623600022867322
249	1e-23	0.0016030999831855297
250	1e-23	0.0012137999874539673
251	1e-23	0.001548800035379827
252	1e-23	0.0014887999859638512
253	1e-23	0.0017334000440314412
254	1e-23	0.0013960999785922468
255	1e-23	0.0015543000190518796
256	1e-23	0.0013513999874703586
257	1e-23	0.0013015000149607658
258	1e-23	0.0014136999961920083
259	1e-23	0.0013524999958463013
260	1e-23	0.0014417999773286283
261	1e-23	0.0014460999518632889
262	1e-23	0.0013111999724060297
263	1e-23	0.0014041000395081937
264	1e-23	0.001325800025369972
265	1e-23	0.0014710999676026404
266	1e-23	0.0012008000048808753
267	1e-23	0.001299499999731779
268	1e-23	0.0012119999737478793
269	1e-23	0.001241799967829138
270	1e-23	0.0014494999777525663
271	1e-23	0.002078099991194904
272	1e-23	0.0021397999953478575
273	1e-23	0.002112200018018484
274	1e-23	0.0018748000147752464
275	1e-23	0.0023531000479124486
276	1e-23	0.002673799986951053
277	1e-23	0.0015591999981552362
278	1e-23	0.0016746999463066459
279	1e-23	0.0015690999571233988
280	1e-23	0.0019114999449811876
281	1e-23	0.0015176000306382775
282	1e-23	0.0013975999900139868
283	1e-23	0.0024627000093460083
284	1e-23	0.0014334999723359942
285	1e-23	0.0016867999802343547
286	1e-23	0.0013821999891661108
287	1e-23	0.0013878000318072736
288	1e-23	0.0015585999935865402
289	1e-23	0.0014654999831691384
290	1e-23	0.0016406999784521759
291	1e-23	0.0017210000078193843
292	1e-23	0.0015317999641411006
293	1e-23	0.0017072000191546977
294	1e-23	0.0014275999856181443
295	1e-23	0.0016864999779500067
296	1e-23	0.0016054000006988645
297	1e-23	0.002565900038462132
298	1e-23	0.0017988000181503594
299	1e-23	0.001962499984074384
300	1e-23	0.0017797999898903072
301	1e-23	0.0015762000111863017
302	1e-23	0.0015636999742127955
303	1e-23	0.001452099997550249
304	1e-23	0.0014340999769046903
305	1e-23	0.0013445000513456762
306	1e-23	0.0018834000220522285
307	1e-23	0.001736000005621463
308	1e-23	0.0018455999670550227
309	1e-23	0.0016076000174507499
310	1e-23	0.0015033999807201326
311	1e-23	0.0012769000022672117
312	1e-23	0.0014648999786004424
313	1e-23	0.0013764000032097101
314	1e-23	0.0023450999869965017
315	1e-23	0.0014774000155739486
316	1e-23	0.0015743999974802136
317	1e-23	0.0016271999920718372
318	1e-23	0.0016923000221140683
319	1e-23	0.0016454000142402947
320	1e-23	0.0018185999942943454
321	1e-23	0.0014324000221677125
322	1e-23	0.0016783999744802713
323	1e-23	0.0014325000229291618
324	1e-23	0.001804300001822412
325	1e-23	0.0016394999693147838
326	1e-23	0.0021600000327453017
327	1e-23	0.0018851999775506556
328	1e-23	0.001533699978608638
329	1e-23	0.0015830000047571957
330	1e-23	0.0018863999866880476
331	1e-23	0.0019825000199489295
332	1e-23	0.0016973000019788742
333	1e-23	0.0019174000481143594
334	1e-23	0.0017093999776989222
335	1e-23	0.0021459999843500555
336	1e-23	0.002040299994405359
337	1e-23	0.002369699999690056
338	1e-23	0.0014854000182822347
339	1e-23	0.0021708999993279576
340	1e-23	0.0018173999851569533
341	1e-23	0.0020458000362850726
342	1e-23	0.003254899987950921
343	1e-23	0.0019172000465914607
344	1e-23	0.0018070999649353325
345	1e-23	0.0018134999554604292
346	1e-23	0.002105600025970489
347	1e-23	0.0016525000100955367
348	1e-23	0.0018479999853298068
349	1e-23	0.0016078000189736485
350	1e-23	0.0014915000065229833
351	1e-23	0.0013060999917797744
352	1e-23	0.0017917000222951174
353	1e-23	0.0015264999819919467
354	1e-23	0.0018361000111326575
355	1e-23	0.0016633000341244042
356	1e-23	0.0017379999626427889
357	1e-23	0.0022136999759823084
358	1e-23	0.0013424999779090285
359	1e-23	0.0014468000154010952
360	1e-23	0.00147870002547279
361	1e-23	0.0015102000324986875
362	1e-23	0.0015835000085644424
363	1e-23	0.001421599998138845
364	1e-23	0.002686500025447458
365	1e-23	0.0019115000031888485
366	1e-23	0.0021634000004269183
367	1e-23	0.0034156999900005758
368	1e-23	0.0019400999881327152
369	1e-23	0.0019186999998055398
370	1e-23	0.0019974999595433474
371	1e-23	0.001442299981135875
372	1e-23	0.001921400020364672
373	1e-23	0.001641899987589568
374	1e-23	0.0018996000289916992
375	1e-23	0.001560300006531179
376	1e-23	0.0017527000163681805
377	1e-23	0.0016001000185497105
378	1e-23	0.0016624000272713602
379	1e-23	0.0021205999655649066
380	1e-23	0.0018640999915078282
381	1e-23	0.0016456999583169818
382	1e-23	0.0014261999749578536
383	1e-23	0.001471900031901896
384	1e-23	0.0014697000151500106
385	1e-23	0.0014628999633714557
386	1e-23	0.001499700010754168
387	1e-23	0.0012802000273950398
388	1e-23	0.001257500029169023
389	1e-23	0.001413899997714907
390	1e-23	0.0014995000092312694
391	1e-23	0.001424000016413629
392	1e-23	0.001972600002773106
393	1e-23	0.00197199999820441
394	1e-23	0.0015773000195622444
395	1e-23	0.0018467000336386263
396	1e-23	0.0014472000184468925
397	1e-23	0.0014948999742045999
398	1e-23	0.0014734999858774245
399	1e-23	0.0018823000136762857
400	1e-23	0.0018740000086836517
401	1e-23	0.001949199999216944
402	1e-23	0.00181940000038594
403	1e-23	0.001476600009482354
404	1e-23	0.0019265000009909272
405	1e-23	0.0014989000046625733
406	1e-23	0.0015780000248923898
407	1e-23	0.0014188999775797129
408	1e-23	0.0015405999729409814
409	1e-23	0.001470400020480156
410	1e-23	0.0018880999996326864
411	1e-23	0.0015730999875813723
412	1e-23	0.0021389999892562628
413	1e-23	0.001708500029053539
414	1e-23	0.0016259000403806567
415	1e-23	0.001401800021994859
416	1e-23	0.001647300028707832
417	1e-23	0.0015503999893553555
418	1e-23	0.0016010000254027545
419	1e-23	0.001879999996162951
420	1e-23	0.001603799988515675
421	1e-23	0.0014809000422246754
422	1e-23	0.0013398000155575573
423	1e-23	0.0013098000199534
424	1e-23	0.0013867999659851193
425	1e-23	0.0013445000513456762
426	1e-23	0.0014817999908700585
427	1e-23	0.0013925000093877316
428	1e-23	0.0012179000186733902
429	1e-23	0.0015996000147424638
430	1e-23	0.001400000008288771
431	1e-23	0.0015091999666765332
432	1e-23	0.0014012999599799514
433	1e-23	0.0014842000091448426
434	1e-23	0.0014260999741964042
435	1e-23	0.0014832000015303493
436	1e-23	0.0014422000385820866
437	1e-23	0.0011980999843217432
438	1e-23	0.0016405999776907265
439	1e-23	0.0014770999550819397
440	1e-23	0.0015293000033125281
441	1e-23	0.0016478000325150788
442	1e-23	0.0016116999904625118
443	1e-23	0.0014608000055886805
444	1e-23	0.0018152999691665173
445	1e-23	0.0014213999966159463
446	1e-23	0.0015534000121988356
447	1e-23	0.0013952000299468637
448	1e-23	0.0015170000260695815
449	1e-23	0.0016246999730356038
450	1e-23	0.001583400007802993
451	1e-23	0.0015854999655857682
452	1e-23	0.0014818999916315079
453	1e-23	0.0014755000011064112
454	1e-23	0.0013596999924629927
455	1e-23	0.0017582000000402331
456	1e-23	0.0014269000384956598
457	1e-23	0.0014062999980524182
458	1e-23	0.0014712000265717506
459	1e-23	0.001510599977336824
460	1e-23	0.001331099949311465
461	1e-23	0.0013398000155575573
462	1e-23	0.001476000004913658
463	1e-23	0.0015850999625399709
464	1e-23	0.0012478000135160983
465	1e-23	0.0014720000326633453
466	1e-23	0.001632800034713
467	1e-23	0.0014041999820619822
468	1e-23	0.0018491999944671988
469	1e-23	0.0028999000205658376
470	1e-23	0.003060900024138391
471	1e-23	0.0022249000030569732
472	1e-23	0.001541399979032576
473	1e-23	0.0017819000058807433
474	1e-23	0.001360399997793138
475	1e-23	0.0015602000057697296
476	1e-23	0.0018866999889723957
477	1e-23	0.0018026999896392226
478	1e-23	0.0014974999940022826
479	1e-23	0.0021276999614201486
480	1e-23	0.0021454999805428088
481	1e-23	0.001293000008445233
482	1e-23	0.0014232000103220344
483	1e-23	0.0014040999813005328
484	1e-23	0.0013206999865360558
485	1e-23	0.0013425000361166894
486	1e-23	0.0015453000087291002
487	1e-23	0.001346200006082654
488	1e-23	0.001287899969611317
489	1e-23	0.0015959000447764993
490	1e-23	0.0014555000234395266
491	1e-23	0.0013601999962702394
492	1e-23	0.0012635000166483223
493	1e-23	0.00130390003323555
494	1e-23	0.0013216000515967607
495	1e-23	0.0014686000067740679
496	1e-23	0.0018073000246658921
497	1e-23	0.0014041000395081937
498	1e-23	0.0015554000274278224
499	1e-23	0.001735099998768419
500	1e-23	0.0013413000269792974
501	1e-23	0.0011845999979414046
502	1e-23	0.0015440999995917082
503	1e-23	0.0013972999877296388
504	1e-23	0.002216599998064339
505	1e-23	0.0016191999893635511
506	1e-23	0.0015147000085562468
507	1e-23	0.0014452000032179058
508	1e-23	0.0012795000220648944
509	1e-23	0.0012769000022672117
510	1e-23	0.0015011000214144588
511	1e-23	0.0013470000121742487
512	1e-23	0.0013354999828152359
513	1e-23	0.0014253000263124704
514	1e-23	0.001480500039178878
515	1e-23	0.0029138000099919736
516	1e-23	0.0015606999513693154
517	1e-23	0.0023136999807320535
518	1e-23	0.0016229000175371766
519	1e-23	0.0014565999736078084
520	1e-23	0.0012880999711342156
521	1e-23	0.0013785000192001462
522	1e-23	0.0015810999902896583
523	1e-23	0.0013164000120013952
524	1e-23	0.0015289000002667308
525	1e-23	0.0014270999818108976
526	1e-23	0.0014773000148124993
527	1e-23	0.0013918000040575862
528	1e-23	0.0014575999812223017
529	1e-23	0.001581599994096905
530	1e-23	0.0013417000300250947
531	1e-23	0.0014511000481434166
532	1e-23	0.001251000037882477
533	1e-23	0.001319600036367774
534	1e-23	0.001878499984741211
535	1e-23	0.001978200045414269
536	1e-23	0.0013346999767236412
537	1e-23	0.0016654000501148403
538	1e-23	0.00176910002483055
539	1e-23	0.0019168999860994518
540	1e-23	0.0014640999725088477
541	1e-23	0.0018860999844036996
542	1e-23	0.0014322000206448138
543	1e-23	0.002001299988478422
544	1e-23	0.001733299985062331
545	1e-23	0.001601400028448552
546	1e-23	0.0014181999722495675
547	1e-23	0.0013519999920390546
548	1e-23	0.0014319000183604658
549	1e-23	0.0014013999607414007
550	1e-23	0.0012449999921955168
551	1e-23	0.001464199973270297
552	1e-23	0.0014407000271603465
553	1e-23	0.0015610000118613243
554	1e-23	0.0013295999960973859
555	1e-23	0.0014258000301197171
556	1e-23	0.0015171999693848193
557	1e-23	0.001406499999575317
558	1e-23	0.0014681000029668212
559	1e-23	0.0013115000328980386
560	1e-23	0.0015394000220112503
561	1e-23	0.0013384000048972666
562	1e-23	0.0012924999464303255
563	1e-23	0.0015752000035718083
564	1e-23	0.001754299970343709
565	1e-23	0.0015082999598234892
566	1e-23	0.0016151000163517892
567	1e-23	0.0015022000297904015
568	1e-23	0.001242700032889843
569	1e-23	0.001368099998217076
570	1e-23	0.0014164000167511404
571	1e-23	0.001207200053613633
572	1e-23	0.001577200018800795
573	1e-23	0.0015270999865606427
574	1e-23	0.002765500044915825
575	1e-23	0.0021863000001758337
576	1e-23	0.0013367999927140772
577	1e-23	0.0013134999899193645
578	1e-23	0.0012601000489667058
579	1e-23	0.001268099993467331
580	1e-23	0.0012484999606385827
581	1e-23	0.0015294000040739775
582	1e-23	0.0015712000313214958
583	1e-23	0.0013421999756246805
584	1e-23	0.0013917000032961369
585	1e-23	0.0012194000300951302
586	1e-23	0.0014397999620996416
587	1e-23	0.0014494999777525663
588	1e-23	0.00132760003907606
589	1e-23	0.0018248999840579927
590	1e-23	0.001540500030387193
591	1e-23	0.0013409000239335
592	1e-23	0.0015759000089019537
593	1e-23	0.001518900040537119
594	1e-23	0.0015189999830909073
595	1e-23	0.0015427999896928668
596	1e-23	0.001276399998459965
597	1e-23	0.0015745999990031123
598	1e-23	0.001250099972821772
599	1e-23	0.0015117000439204276
600	1e-23	0.0015646000392735004
601	1e-23	0.0011973999789915979
602	1e-23	0.001366899989079684
603	1e-23	0.0016488000401295722
604	1e-23	0.001361900009214878
605	1e-23	0.0012703999527730048
606	1e-23	0.0014527000021189451
607	1e-23	0.0014240999589674175
608	1e-23	0.0012193000293336809
609	1e-23	0.0012026000185869634
610	1e-23	0.0013080999488011003
611	1e-23	0.0013956999755464494
612	1e-23	0.0016683000139892101
613	1e-23	0.0016977000050246716
614	1e-23	0.0017281000036746264
615	1e-23	0.001354500011075288
616	1e-23	0.0014316000160761178
617	1e-23	0.0014660999877378345
618	1e-23	0.0016166000277735293
619	1e-23	0.0015250000287778676
620	1e-23	0.0015112999826669693
621	1e-23	0.0014762000064365566
622	1e-23	0.001845100021455437
623	1e-23	0.0016989000141620636
624	1e-23	0.0012303999974392354
625	1e-23	0.001202800020109862
626	1e-23	0.0021844999864697456
627	1e-23	0.0016709000337868929
628	1e-23	0.001172600022982806
629	1e-23	0.0014378000050783157
630	1e-23	0.0013752999948337674
631	1e-23	0.0016329000354744494
632	1e-23	0.0012388000031933188
633	1e-23	0.001386999967508018
634	1e-23	0.001283499994315207
635	1e-23	0.001283799996599555
636	1e-23	0.0014210999943315983
637	1e-23	0.0012572999694384634
638	1e-23	0.00120449997484684
639	1e-23	0.0012759000528603792
640	1e-23	0.001291199994739145
641	1e-23	0.0012901000445708632
642	1e-23	0.0012470000074245036
643	1e-23	0.0012466000043787062
644	1e-23	0.0012369999894872308
645	1e-23	0.0014150000060908496
646	1e-23	0.0018817999516613781
647	1e-23	0.0013513999874703586
648	1e-23	0.001787699991837144
649	1e-23	0.0012617000029422343
650	1e-23	0.0015771000180393457
651	1e-23	0.0013435999862849712
652	1e-23	0.0012886999757029116
653	1e-23	0.0014622000162489712
654	1e-23	0.0014618000132031739
655	1e-23	0.0014108999748714268
656	1e-23	0.0012687999987974763
657	1e-23	0.0012252000160515308
658	1e-23	0.0012755000498145819
659	1e-23	0.0013074000016786158
660	1e-23	0.0013223999994806945
661	1e-23	0.0013659000396728516
662	1e-23	0.0012043000315316021
663	1e-23	0.0012066999915987253
664	1e-23	0.0013401000178419054
665	1e-23	0.0016632999759167433
666	1e-23	0.002007399976719171
667	1e-23	0.0012531999964267015
668	1e-23	0.0013291999930515885
669	1e-23	0.0012824999867007136
670	1e-23	0.0013409999664872885
671	1e-23	0.0012550000101327896
672	1e-23	0.0013387000071816146
673	1e-23	0.0014312999555841088
674	1e-23	0.0015531000099144876
675	1e-23	0.0013450999977067113
676	1e-23	0.00137929996708408
677	1e-23	0.0014910000027157366
678	1e-23	0.0015269999857991934
679	1e-23	0.0015439999988302588
680	1e-23	0.001563900033943355
681	1e-23	0.0012370999902486801
682	1e-23	0.0015743999974802136
683	1e-23	0.0013590999878942966
684	1e-23	0.0012802999699488282
685	1e-23	0.0014353999868035316
686	1e-23	0.0012628999538719654
687	1e-23	0.0012508999789133668
688	1e-23	0.0013463000068441033
689	1e-23	0.0013777000131085515
690	1e-23	0.0012040000292472541
691	1e-23	0.0012872000224888325
692	1e-23	0.0014382999506779015
693	1e-23	0.0017520000110380352
694	1e-23	0.0014242000179365277
695	1e-23	0.0012066999915987253
696	1e-23	0.0012673000455833972
697	1e-23	0.001506500004325062
698	1e-23	0.0015053999959491193
699	1e-23	0.004376300028525293
700	1e-23	0.004155099974013865
701	1e-23	0.0016128999995999038
702	1e-23	0.0017548000323586166
703	1e-23	0.001366000040434301
704	1e-23	0.0015887999907135963
705	1e-23	0.0013263000291772187
706	1e-23	0.0012273999745957553
707	1e-23	0.0015364999999292195
708	1e-23	0.0014378000050783157
709	1e-23	0.0014258000301197171
710	1e-23	0.00151859998004511
711	1e-23	0.0015008000191301107
712	1e-23	0.0014420999796129763
713	1e-23	0.0013710000202991068
714	1e-23	0.0013129000435583293
715	1e-23	0.0015542000182904303
716	1e-23	0.0013321000151336193
717	1e-23	0.0012313000042922795
718	1e-23	0.001449099974706769
719	1e-23	0.001476299948990345
720	1e-23	0.001299499999731779
721	1e-23	0.0012182000209577382
722	1e-23	0.0012644999660551548
723	1e-23	0.0012681999942287803
724	1e-23	0.0014612000086344779
725	1e-23	0.0014264999772422016
726	1e-23	0.0012605999945662916
727	1e-23	0.0013083999510854483
728	1e-23	0.0015172999701462686
729	1e-23	0.0011180000146850944
730	1e-23	0.001357399974949658
731	1e-23	0.0012750999885611236
732	1e-23	0.0013234999496489763
733	1e-23	0.0017302000196650624
734	1e-23	0.0012354000355117023
735	1e-23	0.0014016000204719603
736	1e-23	0.001235900039318949
737	1e-23	0.0013325000181794167
738	1e-23	0.0016222000122070312
739	1e-23	0.0013508000411093235
740	1e-23	0.002034700009971857
741	1e-23	0.0015444000018760562
742	1e-23	0.0017405999824404716
743	1e-23	0.0014957999810576439
744	1e-23	0.0014772999566048384
745	1e-23	0.0013126999838277698
746	1e-23	0.001546099956613034
747	1e-23	0.001282599987462163
748	1e-23	0.0013220999971963465
749	1e-23	0.0013132000458426774
750	1e-23	0.0010331000084988773
751	1e-23	0.003953999956138432
752	1e-23	0.005399199959356338
753	1e-23	0.0015649999841116369
754	1e-23	0.0015178000321611762
755	1e-23	0.001436099992133677
756	1e-23	0.0012355000362731516
757	1e-23	0.0013620000099763274
758	1e-23	0.001830299966968596
759	1e-23	0.001547000021673739
760	1e-23	0.00122819998068735
761	1e-23	0.0011822999804280698
762	1e-23	0.0014480000245384872
763	1e-23	0.0012391999480314553
764	1e-23	0.0012635000166483223
765	1e-23	0.0016268999897874892
766	1e-23	0.0015333000337705016
767	1e-23	0.0012035999679937959
768	1e-23	0.0020420000073499978
769	1e-23	0.0013077000039629638
770	1e-23	0.0016724999877624214
771	1e-23	0.00138819997664541
772	1e-23	0.0014736999874003232
773	1e-23	0.0013609000016003847
774	1e-23	0.001254800008609891
775	1e-23	0.0015605000080540776
776	1e-23	0.0026919000083580613
777	1e-23	0.0038447000551968813
778	1e-23	0.0012165999505668879
779	1e-23	0.0012550000101327896
780	1e-23	0.0013277999823912978
781	1e-23	0.0011490000179037452
782	1e-23	0.0014120999840088189
783	1e-23	0.0016074000159278512
784	1e-23	0.001282900047954172
785	1e-23	0.0015013000229373574
786	1e-23	0.0014903999981470406
787	1e-23	0.0011799000203609467
788	1e-23	0.0013764000032097101
789	1e-23	0.0014429999864660203
790	1e-23	0.0012705999542959034
791	1e-23	0.0013685000012628734
792	1e-23	0.0014729999820701778
793	1e-23	0.0013352000387385488
794	1e-23	0.0017102999845519662
795	1e-23	0.0013278000405989587
796	1e-23	0.0012354000355117023
797	1e-23	0.0012163000064902008
798	1e-23	0.001271400018595159
799	1e-23	0.0013184999697841704
800	1e-23	0.0015734999906271696
801	1e-23	0.0012823999859392643
802	1e-23	0.0013921000063419342
803	1e-23	0.0014885999844409525
804	1e-23	0.0012459999998100102
805	1e-23	0.0018712000455707312
806	1e-23	0.0015771000180393457
807	1e-23	0.0018443000153638422
808	1e-23	0.001389099983498454
809	1e-23	0.0014426999841816723
810	1e-23	0.0015076000127010047
811	1e-23	0.0012753000482916832
812	1e-23	0.0012462999438866973
813	1e-23	0.0013599999947473407
814	1e-23	0.0013396000140346587
815	1e-23	0.001629199949093163
816	1e-23	0.0013970999862067401
817	1e-23	0.0013556999620050192
818	1e-23	0.001725899986922741
819	1e-23	0.0015167000237852335
820	1e-23	0.00122969999210909
821	1e-23	0.0013458000030368567
822	1e-23	0.0015680999495089054
823	1e-23	0.0015047999913804233
824	1e-23	0.001261299999896437
825	1e-23	0.0014498999807983637
826	1e-23	0.001595500041730702
827	1e-23	0.0016413000412285328
828	1e-23	0.001407099945936352
829	1e-23	0.0011812999728135765
830	1e-23	0.0017175999819301069
831	1e-23	0.0018087000353261828
832	1e-23	0.0015545000205747783
833	1e-23	0.001254500006325543
834	1e-23	0.0013582000392489135
835	1e-23	0.0015659999917261302
836	1e-23	0.0015811999910511076
837	1e-23	0.0013608000008389354
838	1e-23	0.0017664000042714179
839	1e-23	0.0015496999840252101
840	1e-23	0.0012123999767936766
841	1e-23	0.0019474000437185168
842	1e-23	0.0013200999819673598
843	1e-23	0.0019067000248469412
844	1e-23	0.0019100000499747694
845	1e-23	0.0017145999590866268
846	1e-23	0.0013617000076919794
847	1e-23	0.0013293999945744872
848	1e-23	0.001296499976888299
849	1e-23	0.0013139999937266111
850	1e-23	0.0012385000009089708
851	1e-23	0.0013712000218220055
852	1e-23	0.0018768000300042331
853	1e-23	0.0014572000363841653
854	1e-23	0.00136749999364838
855	1e-23	0.0015008000191301107
856	1e-23	0.00178390002110973
857	1e-23	0.0013682999997399747
858	1e-23	0.001260399993043393
859	1e-23	0.001316899957600981
860	1e-23	0.0016841000178828835
861	1e-23	0.001409800024703145
862	1e-23	0.0013774000108242035
863	1e-23	0.0013669999898411334
864	1e-23	0.0013772000093013048
865	1e-23	0.0012703000102192163
866	1e-23	0.0014792000292800367
867	1e-23	0.0013910999987274408
868	1e-23	0.0013737999834120274
869	1e-23	0.0011975999805144966
870	1e-23	0.0013799999724142253
871	1e-23	0.0016186999855563045
872	1e-23	0.0012718000216409564
873	1e-23	0.0013034000294283032
874	1e-23	0.0015890999929979444
875	1e-23	0.0012856999528594315
876	1e-23	0.0014551000203937292
877	1e-23	0.0013309000059962273
878	1e-23	0.0012576999724842608
879	1e-23	0.0013482000213116407
880	1e-23	0.0012404000153765082
881	1e-23	0.0014335999730974436
882	1e-23	0.001823500031605363
883	1e-23	0.001401800021994859
884	1e-23	0.0011269999668002129
885	1e-23	0.0012489999644458294
886	1e-23	0.0014263999764807522
887	1e-23	0.0012846000026911497
888	1e-23	0.0013485000235959888
889	1e-23	0.0014585000462830067
890	1e-23	0.0012805000296793878
891	1e-23	0.0013364999904297292
892	1e-23	0.0014310999540612102
893	1e-23	0.0012254000175744295
894	1e-23	0.0013353999820537865
895	1e-23	0.001518900040537119
896	1e-23	0.0013255999656394124
897	1e-23	0.0012129999813623726
898	1e-23	0.001388799981214106
899	1e-23	0.0013335999683476985
900	1e-23	0.0015705000259913504
901	1e-23	0.001285300008021295
902	1e-23	0.0012382999993860722
903	1e-23	0.0012956000282429159
904	1e-23	0.0022335000103339553
905	1e-23	0.002502800023648888
906	1e-23	0.0014043000410310924
907	1e-23	0.002329199982341379
908	1e-23	0.0015939000295475125
909	1e-23	0.001707900024484843
910	1e-23	0.0014439999940805137
911	1e-23	0.0014764000079594553
912	1e-23	0.0015547999646514654
913	1e-23	0.0014693000121042132
914	1e-23	0.0014327000244520605
915	1e-23	0.001982900022994727
916	1e-23	0.0014267999795265496
917	1e-23	0.0021465999889187515
918	1e-23	0.0014353999868035316
919	1e-23	0.0012851000064983964
920	1e-23	0.0012775999493896961
921	1e-23	0.0013696000096388161
922	1e-23	0.0013786000199615955
923	1e-23	0.0013527999981306493
924	1e-23	0.0013866000226698816
925	1e-23	0.0011989000486209989
926	1e-23	0.0013291999930515885
927	1e-23	0.001400000008288771
928	1e-23	0.0015002000145614147
929	1e-23	0.0012097000144422054
930	1e-23	0.0012626000097952783
931	1e-23	0.0011909000459127128
932	1e-23	0.0011610999936237931
933	1e-23	0.0013846000074408948
934	1e-23	0.0013497000327333808
935	1e-23	0.0016873999848030508
936	1e-23	0.0016626000287942588
937	1e-23	0.0016744000022299588
938	1e-23	0.0018212000140920281
939	1e-23	0.0016382999601773918
940	1e-23	0.001449400035198778
941	1e-23	0.0013215999933890998
942	1e-23	0.001368700002785772
943	1e-23	0.0012745000422000885
944	1e-23	0.0011796000180765986
945	1e-23	0.0012076999992132187
946	1e-23	0.0011671000393107533
947	1e-23	0.0013220999971963465
948	1e-23	0.0014797999756410718
949	1e-23	0.0013484999653883278
950	1e-23	0.001504099986050278
951	1e-23	0.0012573999701999128
952	1e-23	0.0014492999762296677
953	1e-23	0.0013137999922037125
954	1e-23	0.001250099972821772
955	1e-23	0.0014066000003367662
956	1e-23	0.0013859999598935246
957	1e-23	0.0013354999828152359
958	1e-23	0.0016388000221922994
959	1e-23	0.001407400006428361
960	1e-23	0.0015468000201508403
961	1e-23	0.0016907000099308789
962	1e-23	0.0013510999851860106
963	1e-23	0.001420099986717105
964	1e-23	0.0017698000301606953
965	1e-23	0.00153489998774603
966	1e-23	0.0015962999896146357
967	1e-23	0.001226399966981262
968	1e-23	0.0019258999964222312
969	1e-23	0.001177300000563264
970	1e-23	0.0011104000150226057
971	1e-23	0.0014313999563455582
972	1e-23	0.001235900039318949
973	1e-23	0.001236800046171993
974	1e-23	0.0012829999905079603
975	1e-23	0.001463299966417253
976	1e-23	0.0014952999772503972
977	1e-23	0.0013754000538028777
978	1e-23	0.0012475000112317502
979	1e-23	0.0015733999898657203
980	1e-23	0.001988200005143881
981	1e-23	0.001875000016298145
982	1e-23	0.0017166000325232744
983	1e-23	0.00130390003323555
984	1e-23	0.0012107000220566988
985	1e-23	0.0014386000111699104
986	1e-23	0.0013219999964348972
987	1e-23	0.0013738999841734767
988	1e-23	0.0019277000101283193
989	1e-23	0.0014111999771557748
990	1e-23	0.001699900021776557
991	1e-23	0.0018512000096961856
992	1e-23	0.0015724000404588878
993	1e-23	0.0016813999973237514
994	1e-23	0.0017814000020734966
995	1e-23	0.001262500009033829
996	1e-23	0.0013035000301897526
997	1e-23	0.0015053999959491193
998	1e-23	0.0018360999529249966
999	1e-23	0.0020564000005833805
1000	1e-23	0.0022705000010319054
1001	1e-23	0.0014599999994970858
1002	1e-23	0.0014462000108323991
1003	1e-23	0.001261299999896437
1004	1e-23	0.0013203000416979194
1005	1e-23	0.0014729999820701778
1006	1e-23	0.0014100000262260437
1007	1e-23	0.0016226000152528286
1008	1e-23	0.0021730000153183937
1009	1e-23	0.0018476999830454588
1010	1e-23	0.001339999958872795
1011	1e-23	0.001615599961951375
1012	1e-23	0.0014943999703973532
1013	1e-23	0.0016027999809011817
1014	1e-23	0.0016484999796375632
1015	1e-23	0.0015642999787814915
1016	1e-23	0.0014869999722577631
1017	1e-23	0.0015684999525547028
1018	1e-23	0.001318100024946034
1019	1e-23	0.0011634000111371279
1020	1e-23	0.0010730999638326466
1021	1e-23	0.0014671999961137772
1022	1e-23	0.0013422000338323414
1023	1e-23	0.0013591000461019576
1024	1e-23	0.001447299961000681
1025	1e-23	0.0014004000113345683
1026	1e-23	0.0013741000439040363
1027	1e-23	0.001850400003604591
1028	1e-23	0.001541699981316924
1029	1e-23	0.0017971000052057207
1030	1e-23	0.0019468999817036092
1031	1e-23	0.0015599000034853816
1032	1e-23	0.0013779999571852386
1033	1e-23	0.0012354999780654907
1034	1e-23	0.0013691000058315694
1035	1e-23	0.001346200006082654
1036	1e-23	0.0015007000183686614
1037	1e-23	0.0014879999798722565
1038	1e-23	0.0014676999999210238
1039	1e-23	0.0014200000441633165
1040	1e-23	0.001504999992903322
1041	1e-23	0.0018005000310949981
1042	1e-23	0.001580699987243861
1043	1e-23	0.001434299978427589
1044	1e-23	0.0014854000182822347
1045	1e-23	0.0012422999716363847
1046	1e-23	0.0014550000196322799
1047	1e-23	0.0018165000365115702
1048	1e-23	0.0013327000197023153
1049	1e-23	0.0014384999522008002
1050	1e-23	0.0013280999846756458
1051	1e-23	0.0012110999668948352
1052	1e-23	0.001608199963811785
1053	1e-23	0.0013991000014357269
1054	1e-23	0.0017412000452168286
1055	1e-23	0.0012251000152900815
1056	1e-23	0.0013700000126846135
1057	1e-23	0.0012355000362731516
1058	1e-23	0.0016326000331901014
1059	1e-23	0.0012800000258721411
1060	1e-23	0.0015423999866470695
1061	1e-23	0.0012212000438012183
1062	1e-23	0.0012437999830581248
1063	1e-23	0.0017751000123098493
1064	1e-23	0.0015407000319100916
1065	1e-23	0.0019182999967597425
1066	1e-23	0.001286200014874339
1067	1e-23	0.0017177999834530056
1068	1e-23	0.0015287999995052814
1069	1e-23	0.001602000033017248
1070	1e-23	0.001417200022842735
1071	1e-23	0.0014236000133678317
1072	1e-23	0.0017180999857373536
1073	1e-23	0.0012771999463438988
1074	1e-23	0.001268099993467331
1075	1e-23	0.00119570002425462
1076	1e-23	0.0013215999933890998
1077	1e-23	0.0012783999554812908
1078	1e-23	0.0013029000256210566
1079	1e-23	0.001463300024624914
1080	1e-23	0.0013383000041358173
1081	1e-23	0.0012777000083588064
1082	1e-23	0.0012412999640218914
1083	1e-23	0.0013791999663226306
1084	1e-23	0.001209300011396408
1085	1e-23	0.0013293999945744872
1086	1e-23	0.0013900999911129475
1087	1e-23	0.0012157000019215047
1088	1e-23	0.0014281999901868403
1089	1e-23	0.0013923000078648329
1090	1e-23	0.0022509999689646065
1091	1e-23	0.0012057000421918929
1092	1e-23	0.0014606000040657818
1093	1e-23	0.0013009000103920698
1094	1e-23	0.0015290000010281801
1095	1e-23	0.0012237000046297908
1096	1e-23	0.0014115999802015722
1097	1e-23	0.0013074000016786158
1098	1e-23	0.0016219000099226832
1099	1e-23	0.001470100018195808
1100	1e-23	0.0015897999983280897
1101	1e-23	0.0014389000134542584
1102	1e-23	0.001323400007095188
1103	1e-23	0.0014748999965377152
1104	1e-23	0.0015358999953605235
1105	1e-23	0.0014113999786786735
1106	1e-23	0.002281000022776425
1107	1e-23	0.00134830002207309
1108	1e-23	0.0012562000192701817
1109	1e-23	0.0012175999581813812
1110	1e-23	0.0010203999700024724
1111	1e-23	0.0018567999941296875
1112	1e-23	0.001408000010997057
1113	1e-23	0.0013689000043086708
1114	1e-23	0.0013358000433072448
1115	1e-23	0.001567400002386421
1116	1e-23	0.001434299978427589
1117	1e-23	0.0016436000005342066
1118	1e-23	0.0016467999666929245
1119	1e-23	0.0012510999804362655
1120	1e-23	0.001456799975130707
1121	1e-23	0.00212899997131899
1122	1e-23	0.001470999966841191
1123	1e-23	0.002224500000011176
1124	1e-23	0.001748099981341511
1125	1e-23	0.0013769000070169568
1126	1e-23	0.0013882999774068594
1127	1e-23	0.0012185000232420862
1128	1e-23	0.0015024999738670886
1129	1e-23	0.0018961000023409724
1130	1e-23	0.00163720001000911
1131	1e-23	0.001334700034931302
1132	1e-23	0.0013975999900139868
1133	1e-23	0.0016340999864041805
1134	1e-23	0.0015983000048436224
1135	1e-23	0.0016445000073872507
1136	1e-23	0.0012662999797612429
1137	1e-23	0.0017185999895446002
1138	1e-23	0.0014326999662443995
1139	1e-23	0.0016882999916560948
1140	1e-23	0.002127000014297664
1141	1e-23	0.0014104999718256295
1142	1e-23	0.0011969000333920121
1143	1e-23	0.0012472000089474022
1144	1e-23	0.0013473000144585967
1145	1e-23	0.0013546000118367374
1146	1e-23	0.0013914000010117888
1147	1e-23	0.0012185999657958746
1148	1e-23	0.0025363999884575605
1149	1e-23	0.0015434999950230122
1150	1e-23	0.0016660999972373247
1151	1e-23	0.0016963999951258302
1152	1e-23	0.001609699975233525
1153	1e-23	0.002896399993915111
1154	1e-23	0.0014048999873921275
1155	1e-23	0.0013675999944098294
1156	1e-23	0.0016362000023946166
1157	1e-23	0.0013147999998182058
1158	1e-23	0.0016307999612763524
1159	1e-23	0.0015436999965459108
1160	1e-23	0.0014683000044897199
1161	1e-23	0.0014417999773286283
1162	1e-23	0.0013031999696977437
1163	1e-23	0.00124889996368438
1164	1e-23	0.0014394000172615051
1165	1e-23	0.001264900027308613
1166	1e-23	0.0012756999931298196
1167	1e-23	0.0012577999732457101
1168	1e-23	0.0013011000119149685
1169	1e-23	0.0014244000194594264
1170	1e-23	0.001673299993854016
1171	1e-23	0.0014365999959409237
1172	1e-23	0.0015563000342808664
1173	1e-23	0.001762899977620691
1174	1e-23	0.0014021999668329954
1175	1e-23	0.0012268999707885087
1176	1e-23	0.002238099987152964
1177	1e-23	0.0012402000138536096
1178	1e-23	0.0013880000333301723
1179	1e-23	0.001976100029423833
1180	1e-23	0.0015964999911375344
1181	1e-23	0.0017186999903060496
1182	1e-23	0.0013990000006742775
1183	1e-23	0.0013966999831609428
1184	1e-23	0.001463000022340566
1185	1e-23	0.0013411000254563987
1186	1e-23	0.0015056999982334673
1187	1e-23	0.001355400017928332
1188	1e-23	0.0013950999709777534
1189	1e-23	0.0016626999713480473
1190	1e-23	0.0014487000298686326
1191	1e-23	0.0012627000105567276
1192	1e-23	0.0014577999827452004
1193	1e-23	0.0012760000536218286
1194	1e-23	0.001215199998114258
1195	1e-23	0.0012593999854288995
1196	1e-23	0.0013433999847620726
1197	1e-23	0.001416600018274039
1198	1e-23	0.0013953999732621014
1199	1e-23	0.0020402000518515706
1200	1e-23	0.0013789000222459435
1201	1e-23	0.0012941999593749642
1202	1e-23	0.001419799984432757
1203	1e-23	0.0014670999953523278
1204	1e-23	0.0016760000144131482
1205	1e-23	0.0013448999961838126
1206	1e-23	0.0017714000423438847
1207	1e-23	0.001339100010227412
1208	1e-23	0.0013589000445790589
1209	1e-23	0.001609699975233525
1210	1e-23	0.0019499000045470893
1211	1e-23	0.0016381999594159424
1212	1e-23	0.0014521999983116984
1213	1e-23	0.0012235000031068921
1214	1e-23	0.0012202999787405133
1215	1e-23	0.0019948999979533255
1216	1e-23	0.0013540999498218298
1217	1e-23	0.001369300007354468
1218	1e-23	0.0012673000455833972
1219	1e-23	0.0013453999999910593
1220	1e-23	0.0012989999959245324
1221	1e-23	0.0013809999800287187
1222	1e-23	0.0012847999460063875
1223	1e-23	0.001223200000822544
1224	1e-23	0.0014525000005960464
1225	1e-23	0.0014702999615110457
1226	1e-23	0.0012635000166483223
1227	1e-23	0.0015372000052593648
1228	1e-23	0.0013324000174179673
1229	1e-23	0.0017394000315107405
1230	1e-23	0.0016359000001102686
1231	1e-23	0.0020558999967761338
1232	1e-23	0.0019333000527694821
1233	1e-23	0.0015474999672733247
1234	1e-23	0.0013702000142075121
1235	1e-23	0.0013487000251188874
1236	1e-23	0.0011826999834738672
1237	1e-23	0.0014323000214062631
1238	1e-23	0.0013200999819673598
1239	1e-23	0.0012792999623343349
1240	1e-23	0.0013114000321365893
1241	1e-23	0.0017117999959737062
1242	1e-23	0.0012208999833092093
1243	1e-23	0.0011921999976038933
1244	1e-23	0.0012817999813705683
1245	1e-23	0.001348600024357438
1246	1e-23	0.0012695000041276217
1247	1e-23	0.0012376999948173761
1248	1e-23	0.002356800017878413
1249	1e-23	0.0019589000148698688
1250	1e-23	0.0015347000444307923
1251	1e-23	0.0017979000112973154
1252	1e-23	0.0014666999923065305
1253	1e-23	0.0012520999880507588
1254	1e-23	0.0014170999638736248
1255	1e-23	0.0012656999751925468
1256	1e-23	0.001341800030786544
1257	1e-23	0.0013812000397592783
1258	1e-23	0.001268699998036027
1259	1e-23	0.0018408999894745648
1260	1e-23	0.0018228000262752175
1261	1e-23	0.002494199958164245
1262	1e-23	0.0014935999643057585
1263	1e-23	0.0015545000205747783
1264	1e-23	0.0015458999550901353
1265	1e-23	0.0014500999823212624
1266	1e-23	0.0015717000351287425
1267	1e-23	0.0017541999695822597
1268	1e-23	0.0015426999889314175
1269	1e-23	0.00152009999146685
1270	1e-23	0.0017066000145860016
1271	1e-23	0.0014503999846056104
1272	1e-23	0.0014886999852024019
1273	1e-23	0.0016873999848030508
1274	1e-23	0.002173400018364191
1275	1e-23	0.001600499963387847
1276	1e-23	0.0015579999890178442
1277	1e-23	0.0014726999797858298
1278	1e-23	0.0013571999734267592
1279	1e-23	0.0029061000095680356
1280	1e-23	0.001554699963890016
1281	1e-23	0.002470000006724149
1282	1e-23	0.001499700010754168
1283	1e-23	0.0017164999735541642
1284	1e-23	0.0014592999941669405
1285	1e-23	0.0019281000131741166
1286	1e-23	0.0015309000154957175
1287	1e-23	0.0013776000123471022
1288	1e-23	0.0024275000323541462
1289	1e-23	0.0015893999952822924
1290	1e-23	0.0014105999725870788
1291	1e-23	0.0017015000339597464
1292	1e-23	0.0015007000183686614
1293	1e-23	0.001513299997895956
1294	1e-23	0.0013540000072680414
1295	1e-23	0.0015179000329226255
1296	1e-23	0.001611199986655265
1297	1e-23	0.0017479999805800617
1298	1e-23	0.0016583999968133867
1299	1e-23	0.001299499999731779
1300	1e-23	0.0016279999981634319
1301	1e-23	0.0016130000003613532
1302	1e-23	0.001311000029090792
1303	1e-23	0.0017436000052839518
1304	1e-23	0.001614399952813983
1305	1e-23	0.0015617000171914697
1306	1e-23	0.001753999968059361
1307	1e-23	0.001340300019364804
1308	1e-23	0.0017364000086672604
1309	1e-23	0.0014878000365570188
1310	1e-23	0.0012529000523500144
1311	1e-23	0.0036697000032290816
1312	1e-23	0.0024870000197552145
1313	1e-23	0.0022061000345274806
1314	1e-23	0.0018242999794892967
1315	1e-23	0.0016903000068850815
1316	1e-23	0.0017585000023245811
1317	1e-23	0.0018994000274688005
1318	1e-23	0.0020106000010855496
1319	1e-23	0.0015431999927386642
1320	1e-23	0.0019445999641902745
1321	1e-23	0.0015273000462912023
1322	1e-23	0.0018904999596998096
1323	1e-23	0.0023267000215128064
1324	1e-23	0.001725899986922741
1325	1e-23	0.0023086000001057982
1326	1e-23	0.0015373999485746026
1327	1e-23	0.0017148999613709748
1328	1e-23	0.0012937000137753785
1329	1e-23	0.001407400006428361
1330	1e-23	0.0017864999826997519
1331	1e-23	0.0014928000164218247
1332	1e-23	0.0016757999546825886
1333	1e-23	0.0018006999744102359
1334	1e-23	0.0014482999686151743
1335	1e-23	0.0016482999781146646
1336	1e-23	0.0012891000369563699
1337	1e-23	0.0012898999848403037
1338	1e-23	0.0018134000129066408
1339	1e-23	0.001552600006107241
1340	1e-23	0.0016610000166110694
1341	1e-23	0.0016323999734595418
1342	1e-23	0.0014894999912939966
1343	1e-23	0.002260400040540844
1344	1e-23	0.0014605000033043325
1345	1e-23	0.001781500002834946
1346	1e-23	0.0015875999815762043
1347	1e-23	0.0014813000452704728
1348	1e-23	0.001449700037483126
1349	1e-23	0.0015903000021353364
1350	1e-23	0.002424399950541556
1351	1e-23	0.0014525000005960464
1352	1e-23	0.0023243000032380223
1353	1e-23	0.0016259999829344451
1354	1e-23	0.0022661000257357955
1355	1e-23	0.0016104999813251197
1356	1e-23	0.0018878999981097877
1357	1e-23	0.0016760000144131482
1358	1e-23	0.003011799999512732
1359	1e-23	0.0016689000185579062
1360	1e-23	0.0014199999859556556
1361	1e-23	0.0014109999756328762
1362	1e-23	0.0018073999672196805
1363	1e-23	0.0015908999484963715
1364	1e-23	0.0013414000277407467
1365	1e-23	0.0017051000031642616
1366	1e-23	0.0014980999985709786
1367	1e-23	0.0013888999819755554
1368	1e-23	0.0016819000011309981
1369	1e-23	0.001298599992878735
1370	1e-23	0.0013113999739289284
1371	1e-23	0.0012544000055640936
1372	1e-23	0.0013608000008389354
1373	1e-23	0.0011226999922655523
1374	1e-23	0.001389400043990463
1375	1e-23	0.001292100001592189
1376	1e-23	0.0016064000083133578
1377	1e-23	0.0013463000068441033
1378	1e-23	0.0014307000092230737
1379	1e-23	0.0012479000142775476
1380	1e-23	0.0017825999530032277
1381	1e-23	0.0013147999998182058
1382	1e-23	0.0016734999953769147
1383	1e-23	0.0014682000037282705
1384	1e-23	0.0014465999556705356
1385	1e-23	0.0012441999861039221
1386	1e-23	0.0014687000075355172
1387	1e-23	0.0013725999742746353
1388	1e-23	0.0013018000172451138
1389	1e-23	0.0014577999827452004
1390	1e-23	0.0012291999883018434
1391	1e-23	0.0014053999911993742
1392	1e-23	0.0015440999995917082
1393	1e-23	0.0012098999577574432
1394	1e-23	0.0020733000128529966
1395	1e-23	0.0012217999901622534
1396	1e-23	0.0011178000131621957
1397	1e-23	0.0012800000258721411
1398	1e-23	0.001381100038997829
1399	1e-23	0.0012549000093713403
1400	1e-23	0.0012153999996371567
1401	1e-23	0.001253599999472499
1402	1e-23	0.0011688999948091805
1403	1e-23	0.001550900051370263
1404	1e-23	0.0012147999950684607
1405	1e-23	0.0014208999928086996
1406	1e-23	0.0012813000357709825
1407	1e-23	0.0011940000113099813
1408	1e-23	0.0013414000277407467
1409	1e-23	0.0015005000168457627
1410	1e-23	0.0012798000243492424
1411	1e-23	0.0012644000235013664
1412	1e-23	0.0012449999921955168
1413	1e-23	0.0014841000083833933
1414	1e-23	0.001440499967429787
1415	1e-23	0.0017440999508835375
1416	1e-23	0.0013652999768964946
1417	1e-23	0.0013054999872110784
1418	1e-23	0.001614099950529635
1419	1e-23	0.0016840000171214342
1420	1e-23	0.0016834000125527382
1421	1e-23	0.0015977000002749264
1422	1e-23	0.0011620000004768372
1423	1e-23	0.0013197999796830118
1424	1e-23	0.0010992999887093902
1425	1e-23	0.0013478999608196318
1426	1e-23	0.0012854000087827444
1427	1e-23	0.0016412000404670835
1428	1e-23	0.0016607000143267214
1429	1e-23	0.0015540000167675316
1430	1e-23	0.0016812999965623021
1431	1e-23	0.0014466000138781965
1432	1e-23	0.0016874000430107117
1433	1e-23	0.0023584000300616026
1434	1e-23	0.0016142999520525336
1435	1e-23	0.0013722999719902873
1436	1e-23	0.0013726000324822962
1437	1e-23	0.0014025000273250043
1438	1e-23	0.0013438999885693192
1439	1e-23	0.0014640999725088477
1440	1e-23	0.0013300999999046326
1441	1e-23	0.001266100036446005
1442	1e-23	0.0015883000451140106
1443	1e-23	0.0013016000157222152
1444	1e-23	0.001284400001168251
1445	1e-23	0.0014603000017814338
1446	1e-23	0.0012596999877132475
1447	1e-23	0.0014530000044032931
1448	1e-23	0.001420699991285801
1449	1e-23	0.0013310000067576766
1450	1e-23	0.0012988000526092947
1451	1e-23	0.00163569999858737
1452	1e-23	0.0014867999707348645
1453	1e-23	0.0013796999701298773
1454	1e-23	0.001501500024460256
1455	1e-23	0.0013134999899193645
1456	1e-23	0.0012484999606385827
1457	1e-23	0.0012730999733321369
1458	1e-23	0.001193900010548532
1459	1e-23	0.0013128999853506684
1460	1e-23	0.0013670000480487943
1461	1e-23	0.0013008000096306205
1462	1e-23	0.0015234000165946782
1463	1e-23	0.001513600000180304
1464	1e-23	0.0012939999578520656
1465	1e-23	0.0015357999945990741
1466	1e-23	0.0013292999938130379
1467	1e-23	0.001303300028666854
1468	1e-23	0.0012334000202827156
1469	1e-23	0.0012686000554822385
1470	1e-23	0.001694599981419742
1471	1e-23	0.0014842000091448426
1472	1e-23	0.002045900037046522
1473	1e-23	0.001729200012050569
1474	1e-23	0.0014044999843463302
1475	1e-23	0.0015650999848730862
1476	1e-23	0.0014685000060126185
1477	1e-23	0.0012596999877132475
1478	1e-23	0.001542300044093281
1479	1e-23	0.0012919000000692904
1480	1e-23	0.0012952000251971185
1481	1e-23	0.0010929999989457428
1482	1e-23	0.0012592999846674502
1483	1e-23	0.001395899977069348
1484	1e-23	0.0013933000154793262
1485	1e-23	0.0013363999896682799
1486	1e-23	0.0011027000145986676
1487	1e-23	0.0012657999759539962
1488	1e-23	0.0014868000289425254
1489	1e-23	0.0012507999781519175
1490	1e-23	0.0014838000060990453
1491	1e-23	0.0014314999571070075
1492	1e-23	0.0012737000361084938
1493	1e-23	0.001494100026320666
1494	1e-23	0.001457400037907064
1495	1e-23	0.0016746000037528574
1496	1e-23	0.0015808999887667596
1497	1e-23	0.0016729000490158796
1498	1e-23	0.001728300005197525
1499	1e-23	0.0013355999835766852
1500	1e-23	0.0014439999940805137
1501	1e-23	0.0017211000085808337
1502	1e-23	0.0013160000089555979
1503	1e-23	0.0015163999632932246
1504	1e-23	0.0017596999532543123
1505	1e-23	0.0016505999956279993
1506	1e-23	0.0013023000210523605
1507	1e-23	0.0011618999997153878
1508	1e-23	0.0012771000037901103
1509	1e-23	0.0013676999951712787
1510	1e-23	0.001310100022237748
1511	1e-23	0.0017875999910756946
1512	1e-23	0.0012390000047162175
1513	1e-23	0.0017324999789707363
1514	1e-23	0.0014950999757274985
1515	1e-23	0.0022557000047527254
1516	1e-23	0.002403499966021627
1517	1e-23	0.0013389000087045133
1518	1e-23	0.00136160000693053
1519	1e-23	0.0012233000015839934
1520	1e-23	0.0012992999982088804
1521	1e-23	0.0014780000201426446
1522	1e-23	0.0012119000311940908
1523	1e-23	0.001345600001513958
1524	1e-23	0.0014577999827452004
1525	1e-23	0.0013889999827370048
1526	1e-23	0.0014119999832473695
1527	1e-23	0.00133200001437217
1528	1e-23	0.0013271000352688134
1529	1e-23	0.001596999994944781
1530	1e-23	0.0013055999879725277
1531	1e-23	0.0012999000027775764
1532	1e-23	0.001284700003452599
1533	1e-23	0.0014014000189490616
1534	1e-23	0.0013399000163190067
1535	1e-23	0.001437300001271069
1536	1e-23	0.0014085000148043036
1537	1e-23	0.0011410000151954591
1538	1e-23	0.00166229996830225
1539	1e-23	0.0014007000136189163
1540	1e-23	0.0015339000383391976
1541	1e-23	0.0012315000058151782
1542	1e-23	0.0013329999637790024
1543	1e-23	0.001330800005234778
1544	1e-23	0.0013797000283375382
1545	1e-23	0.0013013000134378672
1546	1e-23	0.0015535999555140734
1547	1e-23	0.0014041999820619822
1548	1e-23	0.0013392000109888613
1549	1e-23	0.0014270999818108976
1550	1e-23	0.001281099976040423
1551	1e-23	0.0012038000277243555
1552	1e-23	0.0013239000109024346
1553	1e-23	0.001378699962515384
1554	1e-23	0.001270500011742115
1555	1e-23	0.0013429999817162752
1556	1e-23	0.0016899000038392842
1557	1e-23	0.0014117999817244709
1558	1e-23	0.001297699986025691
1559	1e-23	0.0014137999969534576
1560	1e-23	0.001180000021122396
1561	1e-23	0.0013837000005878508
1562	1e-23	0.001476900011766702
1563	1e-23	0.0012910999939776957
1564	1e-23	0.001783300016541034
1565	1e-23	0.0013068000553175807
1566	1e-23	0.0013342000311240554
1567	1e-23	0.0015302000101655722
1568	1e-23	0.0012778999516740441
1569	1e-23	0.0012159000034444034
1570	1e-23	0.0012560999603010714
1571	1e-23	0.0013081000070087612
1572	1e-23	0.0014612000086344779
1573	1e-23	0.0015162999625317752
1574	1e-23	0.0012421999708749354
1575	1e-23	0.001652600010856986
1576	1e-23	0.001250400033313781
1577	1e-23	0.0019008000381290913
1578	1e-23	0.001338800007943064
1579	1e-23	0.0013717000256292522
1580	1e-23	0.0012659999774768949
1581	1e-23	0.0016187999863177538
1582	1e-23	0.0012948000221513212
1583	1e-23	0.0012168000102974474
1584	1e-23	0.0014301000046543777
1585	1e-23	0.0014830000000074506
1586	1e-23	0.0018481999868527055
1587	1e-23	0.0014283000491559505
1588	1e-23	0.0015657999902032316
1589	1e-23	0.0021447999752126634
1590	1e-23	0.001418100029695779
1591	1e-23	0.0014798000338487327
1592	1e-23	0.0014075000071898103
1593	1e-23	0.0013405999634414911
1594	1e-23	0.0013963999808765948
1595	1e-23	0.001376899948809296
1596	1e-23	0.001241799967829138
1597	1e-23	0.0016555999754928052
1598	1e-23	0.0013378000003285706
1599	1e-23	0.0012423000298440456
1600	1e-23	0.0011968000326305628
1601	1e-23	0.0013735000393353403
1602	1e-23	0.0013239000109024346
1603	1e-23	0.0011008000001311302
1604	1e-23	0.0013346000341698527
1605	1e-23	0.0013032000279054046
1606	1e-23	0.0013213999918662012
1607	1e-23	0.0013540000072680414
1608	1e-23	0.001528399996459484
1609	1e-23	0.0016842000186443329
1610	1e-23	0.0013379999436438084
1611	1e-23	0.0014519999967887998
1612	1e-23	0.0013839000021107495
1613	1e-23	0.0012932000099681318
1614	1e-23	0.0013916000025346875
1615	1e-23	0.0011576000251807272
1616	1e-23	0.001354800013359636
1617	1e-23	0.0015186999808065593
1618	1e-23	0.0014067000010982156
1619	1e-23	0.0014425000408664346
1620	1e-23	0.001395600032992661
1621	1e-23	0.00147720001405105
1622	1e-23	0.001285900012589991
1623	1e-23	0.0013281999854370952
1624	1e-23	0.0013371999957598746
1625	1e-23	0.0012678999919444323
1626	1e-23	0.0012315000058151782
1627	1e-23	0.0013790000230073929
1628	1e-23	0.0011437000357545912
1629	1e-23	0.0017441000090911984
1630	1e-23	0.0013921999488957226
1631	1e-23	0.001423100009560585
1632	1e-23	0.0014874000335112214
1633	1e-23	0.0015712000313214958
1634	1e-23	0.0010976000339724123
1635	1e-23	0.0015598000027239323
1636	1e-23	0.001445600006263703
1637	1e-23	0.0011864000116474926
1638	1e-23	0.0013313000090420246
1639	1e-23	0.0016446000081487
1640	1e-23	0.001505000051110983
1641	1e-23	0.0012752999900840223
1642	1e-23	0.0014399000210687518
1643	1e-23	0.001018800016026944
1644	1e-23	0.0014955999795347452
1645	1e-23	0.0014350999845191836
1646	1e-23	0.0012659999774768949
1647	1e-23	0.0013330000219866633
1648	1e-23	0.0015007000183686614
1649	1e-23	0.0013032000279054046
1650	1e-23	0.0012865999597124755
1651	1e-23	0.0012822000426240265
1652	1e-23	0.002633200027048588
1653	1e-23	0.0016685000155121088
1654	1e-23	0.0015234999591484666
1655	1e-23	0.0016691999626345932
1656	1e-23	0.0013392000109888613
1657	1e-23	0.0015795000363141298
1658	1e-23	0.0015101000317372382
1659	1e-23	0.0013307000044733286
1660	1e-23	0.0016998000210151076
1661	1e-23	0.0015338000375777483
1662	1e-23	0.0015153000131249428
1663	1e-23	0.0017635999829508364
1664	1e-23	0.0015712999738752842
1665	1e-23	0.0020139000262133777
1666	1e-23	0.0016662999987602234
1667	1e-23	0.0014097000239416957
1668	1e-23	0.0015225999522954226
1669	1e-23	0.0016326000331901014
1670	1e-23	0.001318100024946034
1671	1e-23	0.001901299983728677
1672	1e-23	0.0013777000131085515
1673	1e-23	0.00149639998562634
1674	1e-23	0.001472500036470592
1675	1e-23	0.0012883999734185636
1676	1e-23	0.0016160999657586217
1677	1e-23	0.0012163000064902008
1678	1e-23	0.001344699994660914
1679	1e-23	0.0014211999950930476
1680	1e-23	0.0014137999969534576
1681	1e-23	0.0014850999577902257
1682	1e-23	0.0013782000169157982
1683	1e-23	0.0013019000180065632
1684	1e-23	0.0013339000288397074
1685	1e-23	0.001547600026242435
1686	1e-23	0.0012968999799340963
1687	1e-23	0.001609700033441186
1688	1e-23	0.0013066999963484704
1689	1e-23	0.0016530000139027834
1690	1e-23	0.0012515999842435122
1691	1e-23	0.0018473999807611108
1692	1e-23	0.0015026000328361988
1693	1e-23	0.0012965999776497483
1694	1e-23	0.0011912999907508492
1695	1e-23	0.0018485000473447144
1696	1e-23	0.002620200044475496
1697	1e-23	0.001574499998241663
1698	1e-23	0.0019186999998055398
1699	1e-23	0.0013434000429697335
1700	1e-23	0.0014159000129438937
1701	1e-23	0.0018328999867662787
1702	1e-23	0.001604399993084371
1703	1e-23	0.0013163999537937343
1704	1e-23	0.0012666999828070402
1705	1e-23	0.0013421999756246805
1706	1e-23	0.0014816999901086092
1707	1e-23	0.001573299989104271
1708	1e-23	0.001400900015141815
1709	1e-23	0.0011624000035226345
1710	1e-23	0.0013045999803580344
1711	1e-23	0.0015466000186279416
1712	1e-23	0.001262799953110516
1713	1e-23	0.0013910999987274408
1714	1e-23	0.00119859998812899
1715	1e-23	0.001109600008931011
1716	1e-23	0.0010860000038519502
1717	1e-23	0.0015546000213362277
1718	1e-23	0.0013082000077702105
1719	1e-23	0.0012756999931298196
1720	1e-23	0.0012653999729081988
1721	1e-23	0.0012384000001475215
1722	1e-23	0.001673599996138364
1723	1e-23	0.0013309000059962273
1724	1e-23	0.0011686999932862818
1725	1e-23	0.0013210999895818532
1726	1e-23	0.0013891999842599034
1727	1e-23	0.0014046999858692288
1728	1e-23	0.0018560999887995422
1729	1e-23	0.0018140999600291252
1730	1e-23	0.0012244000099599361
1731	1e-23	0.0012265000259503722
1732	1e-23	0.0012528000515885651
1733	1e-23	0.0016211000038310885
1734	1e-23	0.0016661000554449856
1735	1e-23	0.0014263000339269638
1736	1e-23	0.001586899976246059
1737	1e-23	0.0013242000131867826
1738	1e-23	0.0012944000191055238
1739	1e-23	0.0014254000270739198
1740	1e-23	0.0018402999849058688
1741	1e-23	0.0014331999700516462
1742	1e-23	0.0012519999872893095
1743	1e-23	0.0015100999735295773
1744	1e-23	0.001219899975694716
1745	1e-23	0.001566499995533377
1746	1e-23	0.0014855999615974724
1747	1e-23	0.0013229000032879412
1748	1e-23	0.0016001000185497105
1749	1e-23	0.0015069000073708594
1750	1e-23	0.0016060000052675605
1751	1e-23	0.0013004000065848231
1752	1e-23	0.0012046000338159502
1753	1e-23	0.0014857000205665827
1754	1e-23	0.0013924000086262822
1755	1e-23	0.0011884999694302678
1756	1e-23	0.0014661000459454954
1757	1e-23	0.001311600033659488
1758	1e-23	0.0013799999724142253
1759	1e-23	0.001592799962963909
1760	1e-23	0.001413299993146211
1761	1e-23	0.0013646999723277986
1762	1e-23	0.002229499979875982
1763	1e-23	0.0016924000228755176
1764	1e-23	0.0014531000051647425
1765	1e-23	0.001345900003798306
1766	1e-23	0.0013632000191137195
1767	1e-23	0.0013477999600581825
1768	1e-23	0.001416300015989691
1769	1e-23	0.0012572999694384634
1770	1e-23	0.0012395000085234642
1771	1e-23	0.0013013000134378672
1772	1e-23	0.0014547000173479319
1773	1e-23	0.0014675999991595745
1774	1e-23	0.0014670999953523278
1775	1e-23	0.0015727999852970243
1776	1e-23	0.001463600026909262
1777	1e-23	0.0017167000332847238
1778	1e-23	0.0016222000122070312
1779	1e-23	0.0020936999935656786
1780	1e-23	0.0014122999855317175
1781	1e-23	0.001250100031029433
1782	1e-23	0.0014417999773286283
1783	1e-23	0.0019303999724797904
1784	1e-23	0.001491400005761534
1785	1e-23	0.0014248999650590122
1786	1e-23	0.0019472999847494066
1787	1e-23	0.0014334000297822058
1788	1e-23	0.0016880999901331961
1789	1e-23	0.0012365999864414334
1790	1e-23	0.0012193999718874693
1791	1e-23	0.001344099990092218
1792	1e-23	0.001285900012589991
1793	1e-23	0.00146540004061535
1794	1e-23	0.001319599978160113
1795	1e-23	0.0016462999628856778
1796	1e-23	0.001360700000077486
1797	1e-23	0.0012673999881371856
1798	1e-23	0.0015435999957844615
1799	1e-23	0.0015921000158414245
1800	1e-23	0.0014291999978013337
1801	1e-23	0.0017013000324368477
1802	1e-23	0.001831499976105988
1803	1e-23	0.002146499988157302
1804	1e-23	0.001975500024855137
1805	1e-23	0.001535199990030378
1806	1e-23	0.0017802999936975539
1807	1e-23	0.0015875999815762043
1808	1e-23	0.0019509000121615827
1809	1e-23	0.00149789999704808
1810	1e-23	0.0013639000244438648
1811	1e-23	0.002385100000537932
1812	1e-23	0.0018807000014930964
1813	1e-23	0.0019171999883837998
1814	1e-23	0.0014752999995835125
1815	1e-23	0.0013707999605685472
1816	1e-23	0.0012678999919444323
1817	1e-23	0.001290299987886101
1818	1e-23	0.0013958000345155597
1819	1e-23	0.001299499999731779
1820	1e-23	0.0012579999747686088
1821	1e-23	0.0013043000362813473
1822	1e-23	0.001615900022443384
1823	1e-23	0.001255699957255274
1824	1e-23	0.0015395000227726996
1825	1e-23	0.0031174999894574285
1826	1e-23	0.0015291000017896295
1827	1e-23	0.001312199980020523
1828	1e-23	0.0014842000091448426
1829	1e-23	0.0013853000127710402
1830	1e-23	0.001402100024279207
1831	1e-23	0.0025387000059708953
1832	1e-23	0.004555900057312101
1833	1e-23	0.0016256000380963087
1834	1e-23	0.0011721000191755593
1835	1e-23	0.001530699955765158
1836	1e-23	0.0012556000147014856
1837	1e-23	0.0013676999951712787
1838	1e-23	0.0013979999930597842
1839	1e-23	0.0014667999930679798
1840	1e-23	0.0014260000316426158
1841	1e-23	0.0014604000025428832
1842	1e-23	0.0014133999939076602
1843	1e-23	0.0016128999995999038
1844	1e-23	0.001442899985704571
1845	1e-23	0.0014280000468716025
1846	1e-23	0.001901899988297373
1847	1e-23	0.0016228999593295157
1848	1e-23	0.0016571999876759946
1849	1e-23	0.0018073000246658921
1850	1e-23	0.0016585999983362854
1851	1e-23	0.0017609000205993652
1852	1e-23	0.0019094999879598618
1853	1e-23	0.0015051999944262207
1854	1e-23	0.0017659000004641712
1855	1e-23	0.002179000002797693
1856	1e-23	0.0019906999659724534
1857	1e-23	0.0016321000293828547
1858	1e-23	0.0017912000184878707
1859	1e-23	0.0012954999692738056
1860	1e-23	0.001260699995327741
1861	1e-23	0.001243300037458539
1862	1e-23	0.001276100054383278
1863	1e-23	0.001241199963260442
1864	1e-23	0.0013131999876350164
1865	1e-23	0.0015341000398620963
1866	1e-23	0.0015295999473892152
1867	1e-23	0.0014555000234395266
1868	1e-23	0.0018417999963276088
1869	1e-23	0.0017829000134952366
1870	1e-23	0.0014688000082969666
1871	1e-23	0.0025792999658733606
1872	1e-23	0.0014814999885857105
1873	1e-23	0.001429900003131479
1874	1e-23	0.0013460000045597553
1875	1e-23	0.0019367000204510987
1876	1e-23	0.001735700003337115
1877	1e-23	0.0015852999640628695
1878	1e-23	0.0019644999993033707
1879	1e-23	0.002135200018528849
1880	1e-23	0.002400500001385808
1881	1e-23	0.00133940001251176
1882	1e-23	0.0017646000487729907
1883	1e-23	0.001699899963568896
1884	1e-23	0.0015076000127010047
1885	1e-23	0.0013264999724924564
1886	1e-23	0.0012566999648697674
1887	1e-23	0.0013735999818891287
1888	1e-23	0.0012387000024318695
1889	1e-23	0.0013278999831527472
1890	1e-23	0.0016583999968133867
1891	1e-23	0.0014597999979741871
1892	1e-23	0.001837400021031499
1893	1e-23	0.0016191999893635511
1894	1e-23	0.0016544999671168625
1895	1e-23	0.0013295999960973859
1896	1e-23	0.0012458999990485609
1897	1e-23	0.0016052999999374151
1898	1e-23	0.0015447000041604042
1899	1e-23	0.001305700046941638
1900	1e-23	0.0014594999956898391
1901	1e-23	0.0013634999631904066
1902	1e-23	0.0012731999740935862
1903	1e-23	0.0012316000065766275
1904	1e-23	0.002036100020632148
1905	1e-23	0.0020596999675035477
1906	1e-23	0.0015234000165946782
1907	1e-23	0.0015873999800533056
1908	1e-23	0.0015440999995917082
1909	1e-23	0.0015261999797075987
1910	1e-23	0.0015734999906271696
1911	1e-23	0.001516799966339022
1912	1e-23	0.0013348999782465398
1913	1e-23	0.0016958999913185835
1914	1e-23	0.0015980000025592744
1915	1e-23	0.0017387000261805952
1916	1e-23	0.0014124999870546162
1917	1e-23	0.001533700036816299
1918	1e-23	0.001315999950747937
1919	1e-23	0.0014335999730974436
1920	1e-23	0.0012830999912694097
1921	1e-23	0.0011903999838978052
1922	1e-23	0.0012903999886475503
1923	1e-23	0.0012965999776497483
1924	1e-23	0.002575899998191744
1925	1e-23	0.0014788000262342393
1926	1e-23	0.001617700036149472
1927	1e-23	0.0013799999724142253
1928	1e-23	0.0014042999828234315
1929	1e-23	0.0013936000177636743
1930	1e-23	0.0015192999853752553
1931	1e-23	0.0013720999704673886
1932	1e-23	0.0015563999768346548
1933	1e-23	0.0015566000365652144
1934	1e-23	0.0013006000081077218
1935	1e-23	0.0014849999570287764
1936	1e-23	0.0016070999554358423
1937	1e-23	0.0021443000296130776
1938	1e-23	0.002132900001015514
1939	1e-23	0.0013062000507488847
1940	1e-23	0.0018156000296585262
1941	1e-23	0.0017371000139974058
1942	1e-23	0.002103300008457154
1943	1e-23	0.001929999969433993
1944	1e-23	0.0014697000151500106
1945	1e-23	0.0016460000188089907
1946	1e-23	0.0014744999934919178
1947	1e-23	0.0025065000518225133
1948	1e-23	0.002182600030209869
1949	1e-23	0.0017794999876059592
1950	1e-23	0.0020679999724961817
1951	1e-23	0.0022923999931663275
1952	1e-23	0.001559399999678135
1953	1e-23	0.0015857999678701162
1954	1e-23	0.002016900049056858
1955	1e-23	0.001489899994339794
1956	1e-23	0.0015820999979041517
1957	1e-23	0.0016108000418171287
1958	1e-23	0.0016365000046789646
1959	1e-23	0.001441999978851527
1960	1e-23	0.001526000036392361
1961	1e-23	0.0014999000122770667
1962	1e-23	0.0025923000066541135
1963	1e-23	0.0026211999938823283
1964	1e-23	0.0015137000009417534
1965	1e-23	0.0016025000368244946
1966	1e-23	0.0019292999641038477
1967	1e-23	0.0021413000067695975
1968	1e-23	0.0014307000092230737
1969	1e-23	0.0018168999813497066
1970	1e-23	0.0017247999785467982
1971	1e-23	0.0021616999874822795
1972	1e-23	0.0015771000180393457
1973	1e-23	0.001429600000847131
1974	1e-23	0.001483700005337596
1975	1e-23	0.001887999998871237
1976	1e-23	0.0015696000191383064
1977	1e-23	0.0018395999795757234
1978	1e-23	0.0016305000171996653
1979	1e-23	0.002118100004736334
1980	1e-23	0.0014741999912075698
1981	1e-23	0.0014169999631121755
1982	1e-23	0.0015291000017896295
1983	1e-23	0.002895899990107864
1984	1e-23	0.0018057000124827027
1985	1e-23	0.0016493000439368188
1986	1e-23	0.0014542999560944736
1987	1e-23	0.0022886000224389136
1988	1e-23	0.001980800007004291
1989	1e-23	0.0017311999690718949
1990	1e-23	0.001514500007033348
1991	1e-23	0.0021179000032134354
1992	1e-23	0.0018453000229783356
1993	1e-23	0.0016368000069633126
1994	1e-23	0.0017780999769456685
1995	1e-23	0.0016186999855563045
1996	1e-23	0.0025406000204384327
1997	1e-23	0.002058300015050918
1998	1e-23	0.00259719998575747
1999	1e-23	0.0018856999813579023
2000	1e-23	0.0017036999925039709
2001	1e-23	0.001413599995430559
2002	1e-23	0.0016446000081487
2003	1e-23	0.0015487000346183777
2004	1e-23	0.001517399970907718
2005	1e-23	0.0017532000201754272
2006	1e-23	0.0020120000117458403
2007	1e-23	0.0017364999512210488
2008	1e-23	0.0020329999970272183
2009	1e-23	0.0023209000355564058
2010	1e-23	0.0015165999648161232
2011	1e-23	0.001587199978530407
2012	1e-23	0.0015302000101655722
2013	1e-23	0.001576300011947751
2014	1e-23	0.0022963000228628516
2015	1e-23	0.0026343000354245305
2016	1e-23	0.0026864000246860087
2017	1e-23	0.0024707000120542943
2018	1e-23	0.0014596999972127378
2019	1e-23	0.0021722999517805874
2020	1e-23	0.0013756999978795648
2021	1e-23	0.002159200026653707
2022	1e-23	0.0016066000098362565
2023	1e-23	0.004540699999779463
2024	1e-23	0.004306500020902604
2025	1e-23	0.0018466999754309654
2026	1e-23	0.001476600009482354
2027	1e-23	0.0014955999795347452
2028	1e-23	0.0022926999954506755
2029	1e-23	0.001615900022443384
2030	1e-23	0.0015016999677754939
2031	1e-23	0.0013898000470362604
2032	1e-23	0.0019212999613955617
2033	1e-23	0.0018206000095233321
2034	1e-23	0.0012957000290043652
2035	1e-23	0.001199199992697686
2036	1e-23	0.0013194999773986638
2037	1e-23	0.001719399995636195
2038	1e-23	0.001898899965453893
2039	1e-23	0.0016967999981716275
2040	1e-23	0.0016633999766781926
2041	1e-23	0.0016860999749042094
2042	1e-23	0.002159200026653707
2043	1e-23	0.0014583999873138964
2044	1e-23	0.001485800021328032
2045	1e-23	0.0013799999724142253
2046	1e-23	0.001407699950505048
2047	1e-23	0.0013466000091284513
2048	1e-23	0.0019452000269666314
2049	1e-23	0.001283499994315207
2050	1e-23	0.0014510999899357557
2051	1e-23	0.001318699971307069
2052	1e-23	0.001313099986873567
2053	1e-23	0.0014752999995835125
2054	1e-23	0.0014328999677672982
2055	1e-23	0.0015873999800533056
2056	1e-23	0.001568600011523813
2057	1e-23	0.0013289000489749014
2058	1e-23	0.0014526000013574958
2059	1e-23	0.0015211999998427927
2060	1e-23	0.0013695000088773668
2061	1e-23	0.00133050000295043
2062	1e-23	0.0013711000210605562
2063	1e-23	0.0012595999869517982
2064	1e-23	0.0013360000448301435
2065	1e-23	0.0013020000187680125
2066	1e-23	0.0013787000207230449
2067	1e-23	0.0016965999966487288
2068	1e-23	0.0012543000048026443
2069	1e-23	0.0016829000087454915
2070	1e-23	0.0014545000158250332
2071	1e-23	0.0015223999507725239
2072	1e-23	0.0012479000142775476
2073	1e-23	0.00120310002239421
2074	1e-23	0.0020196999539621174
2075	1e-23	0.0016546999686397612
2076	1e-23	0.0013908999972045422
2077	1e-23	0.0020012000459246337
2078	1e-23	0.0016269999905489385
2079	1e-23	0.0015284999972209334
2080	1e-23	0.0016192999901250005
2081	1e-23	0.0019963000086136162
2082	1e-23	0.001349999976810068
2083	1e-23	0.0011701000039465725
2084	1e-23	0.001977600040845573
2085	1e-23	0.0014666999923065305
2086	1e-23	0.002191100036725402
2087	1e-23	0.0018888000049628317
2088	1e-23	0.0013340000296011567
2089	1e-23	0.001332300016656518
2090	1e-23	0.0011960999690927565
2091	1e-23	0.0012960999738425016
2092	1e-23	0.001249799970537424
2093	1e-23	0.0015993000124581158
2094	1e-23	0.0014464000123552978
2095	1e-23	0.0012891000369563699
2096	1e-23	0.001356799970380962
2097	1e-23	0.0013182000257074833
2098	1e-23	0.001261600002180785
2099	1e-23	0.0012138999882154167
2100	1e-23	0.0012981999898329377
2101	1e-23	0.001276099996175617
2102	1e-23	0.0012691000010818243
2103	1e-23	0.001166400033980608
2104	1e-23	0.0015036999830044806
2105	1e-23	0.0015504000475630164
2106	1e-23	0.0016564999823458493
2107	1e-23	0.0016866999794729054
2108	1e-23	0.0018962999456562102
2109	1e-23	0.0017043999978341162
2110	1e-23	0.0016397000290453434
2111	1e-23	0.0014389000134542584
2112	1e-23	0.001520699996035546
2113	1e-23	0.0013006000081077218
2114	1e-23	0.0012028999626636505
2115	1e-23	0.0010680999839678407
2116	1e-23	0.0013420999748632312
2117	1e-23	0.001655799977015704
2118	1e-23	0.001463599968701601
2119	1e-23	0.001708200026769191
2120	1e-23	0.0015154000138863921
2121	1e-23	0.0014013999607414007
2122	1e-23	0.0015121999895200133
2123	1e-23	0.0014250999665819108
2124	1e-23	0.0015657999902032316
2125	1e-23	0.0012826999882236123
2126	1e-23	0.001448499970138073
2127	1e-23	0.0015941000310704112
2128	1e-23	0.002134000009391457
2129	1e-23	0.002532400016207248
2130	1e-23	0.0014392000157386065
2131	1e-23	0.0016409000381827354
2132	1e-23	0.0013197999796830118
2133	1e-23	0.0021208999678492546
2134	1e-23	0.0020979000255465508
2135	1e-23	0.0016232000198215246
2136	1e-23	0.0013448999961838126
2137	1e-23	0.0014136999961920083
2138	1e-23	0.0014610000071115792
2139	1e-23	0.0014814999885857105
2140	1e-23	0.0013706000172533095
2141	1e-23	0.0015612999559380114
2142	1e-23	0.0015158999594859779
2143	1e-23	0.0015912000089883804
2144	1e-23	0.0021041000145487487
2145	1e-23	0.0015984000056050718
2146	1e-23	0.0016193999908864498
2147	1e-23	0.0017309999675489962
2148	1e-23	0.0017300000181421638
2149	1e-23	0.0015576000441797078
2150	1e-23	0.002363799954764545
2151	1e-23	0.0018202000064775348
2152	1e-23	0.0020692000398412347
2153	1e-23	0.0021782999974675477
2154	1e-23	0.001573899993672967
2155	1e-23	0.0016608000150881708
2156	1e-23	0.0016611000173725188
2157	1e-23	0.0016296000103466213
2158	1e-23	0.0016344999894499779
2159	1e-23	0.0019199000089429319
2160	1e-23	0.0016879999893717468
2161	1e-23	0.0023523999843746424
2162	1e-23	0.002161000040359795
2163	1e-23	0.0017713999841362238
2164	1e-23	0.0017244999762624502
2165	1e-23	0.0014325999654829502
2166	1e-23	0.001236200041603297
2167	1e-23	0.0014384000096470118
2168	1e-23	0.0013896000455133617
2169	1e-23	0.0014925000141374767
2170	1e-23	0.002086399996187538
2171	1e-23	0.0015443000011146069
2172	1e-23	0.0015687000122852623
2173	1e-23	0.00165789999300614
2174	1e-23	0.0014712000265717506
2175	1e-23	0.001257800031453371
2176	1e-23	0.001574499998241663
2177	1e-23	0.001365699979942292
2178	1e-23	0.0015649999841116369
2179	1e-23	0.0017701999749988317
2180	1e-23	0.001362200011499226
2181	1e-23	0.001451799995265901
2182	1e-23	0.0018486999906599522
2183	1e-23	0.0016105000395327806
2184	1e-23	0.0018490999937057495
2185	1e-23	0.0015568999806419015
2186	1e-23	0.0017220999579876661
2187	1e-23	0.001347100012935698
2188	1e-23	0.0013086000108160079
2189	1e-23	0.0018192999996244907
2190	1e-23	0.0016898000030778348
2191	1e-23	0.001645500015001744
2192	1e-23	0.0013670999906025827
2193	1e-23	0.0016528000123798847
2194	1e-23	0.0016540999640710652
2195	1e-23	0.0013731999788433313
2196	1e-23	0.0015162000199779868
2197	1e-23	0.0013832999975420535
2198	1e-23	0.001406199997290969
2199	1e-23	0.0025641999673098326
2200	1e-23	0.001428700052201748
2201	1e-23	0.002069000038318336
2202	1e-23	0.0017915000207722187
2203	1e-23	0.0017073999624699354
2204	1e-23	0.0014058000524528325
2205	1e-23	0.001289099978748709
2206	1e-23	0.0012336000218056142
2207	1e-23	0.001531299960333854
2208	1e-23	0.0016258999821729958
2209	1e-23	0.0015329999732784927
2210	1e-23	0.0013173000188544393
2211	1e-23	0.0013355999835766852
2212	1e-23	0.0016068000113591552
2213	1e-23	0.0014910000027157366
2214	1e-23	0.00150529999518767
2215	1e-23	0.0013727000332437456
2216	1e-23	0.001403300033416599
2217	1e-23	0.0015025000320747495
2218	1e-23	0.0019508000114001334
2219	1e-23	0.001596999994944781
2220	1e-23	0.0016884999931789935
2221	1e-23	0.001337599998805672
2222	1e-23	0.0010867000091820955
2223	1e-23	0.001552600006107241
2224	1e-23	0.0014140999992378056
2225	1e-23	0.0016403999761678278
2226	1e-23	0.00165789999300614
2227	1e-23	0.0016977000050246716
2228	1e-23	0.0019278000108897686
2229	1e-23	0.0013188000302761793
2230	1e-23	0.001664399984292686
2231	1e-23	0.0015045999898575246
2232	1e-23	0.002114499977324158
2233	1e-23	0.0015169000253081322
2234	1e-23	0.0017856999766081572
2235	1e-23	0.0019676000229083
2236	1e-23	0.0020751000265590847
2237	1e-23	0.002037000027485192
2238	1e-23	0.0020972000202164054
2239	1e-23	0.0014070000033825636
2240	1e-23	0.0014983000000938773
2241	1e-23	0.001290899992454797
2242	1e-23	0.0014474999625235796
2243	1e-23	0.0015415999805554748
2244	1e-23	0.0017527000163681805
2245	1e-23	0.0014461000100709498
2246	1e-23	0.001251000037882477
2247	1e-23	0.0011564999585971236
2248	1e-23	0.0015041000442579389
2249	1e-23	0.0015210999990813434
2250	1e-23	0.0017992999637499452
2251	1e-23	0.0018441000138409436
2252	1e-23	0.0017677000141702592
2253	1e-23	0.0016404000343754888
2254	1e-23	0.0017187000485137105
2255	1e-23	0.0017600000137463212
2256	1e-23	0.001254800008609891
2257	1e-23	0.0023336000158451498
2258	1e-23	0.002292499993927777
2259	1e-23	0.002036800025962293
2260	1e-23	0.0015994000132195652
2261	1e-23	0.001411600038409233
2262	1e-23	0.0016107999836094677
2263	1e-23	0.0017485999851487577
2264	1e-23	0.0016024999786168337
2265	1e-23	0.001562100020237267
2266	1e-23	0.002155300055164844
2267	1e-23	0.00163870002143085
2268	1e-23	0.0013132000458426774
2269	1e-23	0.0015632999711669981
2270	1e-23	0.0015425000456161797
2271	1e-23	0.002229000034276396
2272	1e-23	0.0016724999877624214
2273	1e-23	0.001367799995932728
2274	1e-23	0.0016855000285431743
2275	1e-23	0.0015956999850459397
2276	1e-23	0.002425300015602261
2277	1e-23	0.001995099999476224
2278	1e-23	0.0022507000248879194
2279	1e-23	0.0031515000155195594
2280	1e-23	0.0015052000526338816
2281	1e-23	0.0013232999481260777
2282	1e-23	0.0019055000157095492
2283	1e-23	0.0026157000102102757
2284	1e-23	0.001640500035136938
2285	1e-23	0.0011502999695949256
2286	1e-23	0.001560000004246831
2287	1e-23	0.0021445999736897647
2288	1e-23	0.0020038000075146556
2289	1e-23	0.0018351000035181642
2290	1e-23	0.002039700048044324
2291	1e-23	0.0016157999634742737
2292	1e-23	0.0014334000297822058
2293	1e-23	0.0014485999708995223
2294	1e-23	0.0017788999830372632
2295	1e-23	0.002087900007609278
2296	1e-23	0.0013612000038847327
2297	1e-23	0.0012328000157140195
2298	1e-23	0.001401800021994859
2299	1e-23	0.0017623999738134444
2300	1e-23	0.0013135000481270254
2301	1e-23	0.0014802999794483185
2302	1e-23	0.001317799964454025
2303	1e-23	0.0018559999880380929
2304	1e-23	0.0012166000087745488
2305	1e-23	0.0016365000046789646
2306	1e-23	0.0016978000057861209
2307	1e-23	0.0018952999962493777
2308	1e-23	0.00227870000526309
2309	1e-23	0.0015724000404588878
2310	1e-23	0.0020514000207185745
2311	1e-23	0.0015383000136353076
2312	1e-23	0.001575099944602698
2313	1e-23	0.0012174000148661435
2314	1e-23	0.001700200024060905
2315	1e-23	0.0017250999808311462
2316	1e-23	0.0016231000190600753
2317	1e-23	0.0014355999883264303
2318	1e-23	0.0014730999828316271
2319	1e-23	0.001408900017850101
2320	1e-23	0.0012517999857664108
2321	1e-23	0.0012515999842435122
2322	1e-23	0.0011488000163808465
2323	1e-23	0.0014433999895118177
2324	1e-23	0.0015221999492496252
2325	1e-23	0.0020898000220768154
2326	1e-23	0.0013267999747768044
2327	1e-23	0.001418100029695779
2328	1e-23	0.00145060004433617
2329	1e-23	0.0013221999979577959
2330	1e-23	0.0020794000010937452
2331	1e-23	0.0013039999757893384
2332	1e-23	0.0013655999791808426
2333	1e-23	0.001301199954468757
2334	1e-23	0.002034700009971857
2335	1e-23	0.001576300011947751
2336	1e-23	0.0013511000433936715
2337	1e-23	0.0014799999771639705
2338	1e-23	0.0014705000212416053
2339	1e-23	0.0012105000205338001
2340	1e-23	0.0016783999744802713
2341	1e-23	0.0014044999843463302
2342	1e-23	0.0012662999797612429
2343	1e-23	0.0014998000115156174
2344	1e-23	0.0012331000179983675
2345	1e-23	0.001505600055679679
2346	1e-23	0.0015662999940104783
2347	1e-23	0.001303300028666854
2348	1e-23	0.0012278000358492136
2349	1e-23	0.0013830999960191548
2350	1e-23	0.001138299994636327
2351	1e-23	0.0013640999677591026
2352	1e-23	0.0014625000185333192
2353	1e-23	0.001816099975258112
2354	1e-23	0.0018478999845683575
2355	1e-23	0.001561500015668571
2356	1e-23	0.0020892000175081193
2357	1e-23	0.0021590000251308084
2358	1e-23	0.0013128999853506684
2359	1e-23	0.0015242000226862729
2360	1e-23	0.001774699951056391
2361	1e-23	0.0013800999731756747
2362	1e-23	0.0013838000013493001
2363	1e-23	0.001301199954468757
2364	1e-23	0.0015282999956980348
2365	1e-23	0.0014239000156521797
2366	1e-23	0.0014500999823212624
2367	1e-23	0.0012564000207930803
2368	1e-23	0.0018282000091858208
2369	1e-23	0.0012801000266335905
2370	1e-23	0.0018530000234022737
2371	1e-23	0.0013334000250324607
2372	1e-23	0.0018330999882891774
2373	1e-23	0.0014795999741181731
2374	1e-23	0.001541099976748228
2375	1e-23	0.0013413999695330858
2376	1e-23	0.001255999959539622
2377	1e-23	0.0017668000073172152
2378	1e-23	0.0017757000168785453
2379	1e-23	0.0017524000140838325
2380	1e-23	0.0017766000237315893
2381	1e-23	0.0016583999968133867
2382	1e-23	0.0012984999921172857
2383	1e-23	0.0015941999736241996
2384	1e-23	0.0019443000201135874
2385	1e-23	0.0022197000216692686
2386	1e-23	0.001545799954328686
2387	1e-23	0.0020834000315517187
2388	1e-23	0.002079900004900992
2389	1e-23	0.0012618000037036836
2390	1e-23	0.0014136999961920083
2391	1e-23	0.0012802000273950398
2392	1e-23	0.0013681999989785254
2393	1e-23	0.0014574999804608524
2394	1e-23	0.0013654999784193933
2395	1e-23	0.0013835999998264015
2396	1e-23	0.0016084000235423446
2397	1e-23	0.0012522999895736575
2398	1e-23	0.0012476000119931996
2399	1e-23	0.001207799999974668
2400	1e-23	0.001240900019183755
2401	1e-23	0.0015851000207476318
2402	1e-23	0.002147599996533245
2403	1e-23	0.0020654999534599483
2404	1e-23	0.0012570000253617764
2405	1e-23	0.0012756999931298196
2406	1e-23	0.0012827999889850616
2407	1e-23	0.0016414000419899821
2408	1e-23	0.0016250000335276127
2409	1e-23	0.0015901000006124377
2410	1e-23	0.0017353000002913177
2411	1e-23	0.001482499996200204
2412	1e-23	0.0014281999901868403
2413	1e-23	0.0012499000295065343
2414	1e-23	0.0013563000247813761
2415	1e-23	0.0013633000198751688
2416	1e-23	0.0014425000408664346
2417	1e-23	0.0014785000239498913
2418	1e-23	0.0013197999796830118
2419	1e-23	0.0015595000004395843
2420	1e-23	0.001396199979353696
2421	1e-23	0.0014093000208958983
2422	1e-23	0.0014816999901086092
2423	1e-23	0.003424099995754659
2424	1e-23	0.001624200027436018
2425	1e-23	0.0015370000037364662
2426	1e-23	0.001408299955073744
2427	1e-23	0.001117000007070601
2428	1e-23	0.0013773000100627542
2429	1e-23	0.0013664999860338867
2430	1e-23	0.0013491999707184732
2431	1e-23	0.0016976999468170106
2432	1e-23	0.001608200022019446
2433	1e-23	0.0014750000555068254
2434	1e-23	0.001718199986498803
2435	1e-23	0.0018483000458218157
2436	1e-23	0.0015675000031478703
2437	1e-23	0.0015858999686315656
2438	1e-23	0.0012753999908454716
2439	1e-23	0.001276099996175617
2440	1e-23	0.001320800045505166
2441	1e-23	0.0013735999818891287
2442	1e-23	0.0012712000170722604
2443	1e-23	0.0014610000071115792
2444	1e-23	0.0012241000076755881
2445	1e-23	0.001365099975373596
2446	1e-23	0.0011690999963320792
2447	1e-23	0.0014338000328280032
2448	1e-23	0.0012429000344127417
2449	1e-23	0.0018529000226408243
2450	1e-23	0.0021125999628566206
2451	1e-23	0.0013147999998182058
2452	1e-23	0.001444099994841963
2453	1e-23	0.0017243000329472125
2454	1e-23	0.001445600006263703
2455	1e-23	0.001360399997793138
2456	1e-23	0.0015045999898575246
2457	1e-23	0.001210999966133386
2458	1e-23	0.0012755999923683703
2459	1e-23	0.0016707999748177826
2460	1e-23	0.0013860000181011856
2461	1e-23	0.0017154000233858824
2462	1e-23	0.0024198999744839966
2463	1e-23	0.0012866999604739249
2464	1e-23	0.0012399000115692616
2465	1e-23	0.001192399999126792
2466	1e-23	0.0014144000015221536
2467	1e-23	0.001456200028769672
2468	1e-23	0.0014309000107459724
2469	1e-23	0.0012561999610625207
2470	1e-23	0.0012218999909237027
2471	1e-23	0.001508000015746802
2472	1e-23	0.0014214999973773956
2473	1e-23	0.0014946999726817012
2474	1e-23	0.001288799976464361
2475	1e-23	0.0012325000134296715
2476	1e-23	0.0012857000110670924
2477	1e-23	0.0013220999971963465
2478	1e-23	0.0013732999796047807
2479	1e-23	0.0013504999806173146
2480	1e-23	0.0013034000294283032
2481	1e-23	0.0012370999902486801
2482	1e-23	0.00134379998780787
2483	1e-23	0.0015113999834284186
2484	1e-23	0.0011889999732375145
2485	1e-23	0.0014832000015303493
2486	1e-23	0.001371599966660142
2487	1e-23	0.001256899966392666
2488	1e-23	0.0018224999657832086
2489	1e-23	0.0012803000281564891
2490	1e-23	0.0012934000114910305
2491	1e-23	0.0015978000010363758
2492	1e-23	0.0012704000109806657
2493	1e-23	0.0014660999877378345
2494	1e-23	0.001512399991042912
2495	1e-23	0.0011645000195130706
2496	1e-23	0.0013569999719038606
2497	1e-23	0.0013581999810412526
2498	1e-23	0.0014793999725952744
2499	1e-23	0.001421900000423193
2500	1e-23	0.0013546000118367374
2501	1e-23	0.001337599998805672
2502	1e-23	0.0013216999941505492
2503	1e-23	0.0018311000312678516
2504	1e-23	0.001514200004749
2505	1e-23	0.0017334999865852296
2506	1e-23	0.0014823999954387546
2507	1e-23	0.0013544000103138387
2508	1e-23	0.001268399995751679
2509	1e-23	0.0013826999929733574
2510	1e-23	0.0017014999757520854
2511	1e-23	0.001281099976040423
2512	1e-23	0.0013204000424593687
2513	1e-23	0.0016320999711751938
2514	1e-23	0.0016130000003613532
2515	1e-23	0.0012948000221513212
2516	1e-23	0.0012294999905861914
2517	1e-23	0.0011400000075809658
2518	1e-23	0.0012576999724842608
2519	1e-23	0.0012298999936319888
2520	1e-23	0.0012651999713853002
2521	1e-23	0.001463899970985949
2522	1e-23	0.001250099972821772
2523	1e-23	0.0017274999991059303
2524	1e-23	0.001423100009560585
2525	1e-23	0.0014264000346884131
2526	1e-23	0.0014017000212334096
2527	1e-23	0.0015041999868117273
2528	1e-23	0.0017923999694176018
2529	1e-23	0.0017813000013120472
2530	1e-23	0.0019787000492215157
2531	1e-23	0.0014573000371456146
2532	1e-23	0.0017073999624699354
2533	1e-23	0.0015083999605849385
2534	1e-23	0.002894399978686124
2535	1e-23	0.001250400033313781
2536	1e-23	0.001880600000731647
2537	1e-23	0.0013692000065930188
2538	1e-23	0.0023849999997764826
2539	1e-23	0.0014649999793618917
2540	1e-23	0.0017226999625563622
2541	1e-23	0.0016454000142402947
2542	1e-23	0.0017322999774478376
2543	1e-23	0.0014640000299550593
2544	1e-23	0.0014323000214062631
2545	1e-23	0.0014676999999210238
2546	1e-23	0.0015761999529786408
2547	1e-23	0.0015237000188790262
2548	1e-23	0.0013116999762132764
2549	1e-23	0.0013353999820537865
2550	1e-23	0.0015443000011146069
2551	1e-23	0.0014809000422246754
2552	1e-23	0.0015187999815680087
2553	1e-23	0.0014169999631121755
2554	1e-23	0.0012793000205419958
2555	1e-23	0.001221399987116456
2556	1e-23	0.0013162000104784966
2557	1e-23	0.0013591000461019576
2558	1e-23	0.0014916000072844326
2559	1e-23	0.0011275000288151205
2560	1e-23	0.0013135999906808138
2561	1e-23	0.0014729999820701778
2562	1e-23	0.001527200045529753
2563	1e-23	0.0015469000209122896
2564	1e-23	0.0012826000456698239
2565	1e-23	0.0014111000346019864
2566	1e-23	0.0015359000535681844
2567	1e-23	0.0012592999846674502
2568	1e-23	0.0014961999841034412
2569	1e-23	0.001520699996035546
2570	1e-23	0.0014063000562600791
2571	1e-23	0.001094500010367483
2572	1e-23	0.001556800038088113
2573	1e-23	0.002092300041113049
2574	1e-23	0.0014673999976366758
2575	1e-23	0.0014010000159032643
2576	1e-23	0.001636900007724762
2577	1e-23	0.002227499964646995
2578	1e-23	0.0013974999892525375
2579	1e-23	0.0011221999884583056
2580	1e-23	0.0013975999900139868
2581	1e-23	0.0012511000386439264
2582	1e-23	0.0014996999525465071
2583	1e-23	0.001584600016940385
2584	1e-23	0.0013927000109106302
2585	1e-23	0.001315699948463589
2586	1e-23	0.0013678999966941774
2587	1e-23	0.001420099986717105
2588	1e-23	0.0017433000029996037
2589	1e-23	0.0015591999981552362
2590	1e-23	0.0012789000174961984
2591	1e-23	0.0013124000397510827
2592	1e-23	0.0014885000418871641
2593	1e-23	0.0014579000417143106
2594	1e-23	0.0013549000141210854
2595	1e-23	0.001332600018940866
2596	1e-23	0.0011283000349067152
2597	1e-23	0.0015753000043332577
2598	1e-23	0.0019503000075928867
2599	1e-23	0.0013197999796830118
2600	1e-23	0.0014910000027157366
2601	1e-23	0.0028107999823987484
2602	1e-23	0.0018548000371083617
2603	1e-23	0.0019109999993816018
2604	1e-23	0.0013324999599717557
2605	1e-23	0.001618600043002516
2606	1e-23	0.0014397999620996416
2607	1e-23	0.002009299991186708
2608	1e-23	0.00314400001661852
2609	1e-23	0.002046799985691905
2610	1e-23	0.0016403000336140394
2611	1e-23	0.001788599998690188
2612	1e-23	0.0016382999601773918
2613	1e-23	0.0020262000034563243
2614	1e-23	0.0020963000133633614
2615	1e-23	0.0014501000405289233
2616	1e-23	0.0014605000033043325
2617	1e-23	0.0012925000046379864
2618	1e-23	0.0023719000164419413
2619	1e-23	0.006811499944888055
2620	1e-23	0.0016147000133059919
2621	1e-23	0.003328199964016676
2622	1e-23	0.0026201000437140465
2623	1e-23	0.002087900007609278
2624	1e-23	0.0015378000098280609
2625	1e-23	0.002002699999138713
2626	1e-23	0.001373999984934926
2627	1e-23	0.0012957999715581536
2628	1e-23	0.0013629000168293715
2629	1e-23	0.00154819997260347
2630	1e-23	0.0014179999707266688
2631	1e-23	0.00133200001437217
2632	1e-23	0.0016217000083997846
2633	1e-23	0.001582500000949949
2634	1e-23	0.0015602000057697296
2635	1e-23	0.0015484000323340297
2636	1e-23	0.0013342999736778438
2637	1e-23	0.001485199958551675
2638	1e-23	0.001319899980444461
2639	1e-23	0.0013109000283293426
2640	1e-23	0.0013934000162407756
2641	1e-23	0.0016982000088319182
2642	1e-23	0.0013695000088773668
2643	1e-23	0.0016349999932572246
2644	1e-23	0.0014358999906107783
2645	1e-23	0.0014338999753817916
2646	1e-23	0.0017171999788843095
2647	1e-23	0.0015375000075437129
2648	1e-23	0.0015140999457798898
2649	1e-23	0.001900699979159981
2650	1e-23	0.00119859998812899
2651	1e-23	0.0013831999967806041
2652	1e-23	0.0016985999536700547
2653	1e-23	0.001429900003131479
2654	1e-23	0.001720000000204891
2655	1e-23	0.00197350000962615
2656	1e-23	0.0017465000273659825
2657	1e-23	0.0014708999660797417
2658	1e-23	0.0019311000360175967
2659	1e-23	0.0012790000182576478
2660	1e-23	0.0013933999580331147
2661	1e-23	0.0016088999691419303
2662	1e-23	0.0019699999829754233
2663	1e-23	0.00241060002008453
2664	1e-23	0.0019077000324614346
2665	1e-23	0.0014333000290207565
2666	1e-23	0.001368400000501424
2667	1e-23	0.0015422999858856201
2668	1e-23	0.0015425000456161797
2669	1e-23	0.0016344999894499779
2670	1e-23	0.0015743999974802136
2671	1e-23	0.0016657999949529767
2672	1e-23	0.001327000034507364
2673	1e-23	0.0016357999993488193
2674	1e-23	0.0019082000362686813
2675	1e-23	0.0022887999657541513
2676	1e-23	0.0013827999937348068
2677	1e-23	0.00166379997972399
2678	1e-23	0.0016206000000238419
2679	1e-23	0.0015371000044979155
2680	1e-23	0.0017525000148452818
2681	1e-23	0.001338500005658716
2682	1e-23	0.0014943000278435647
2683	1e-23	0.001409499964211136
2684	1e-23	0.003911199979484081
2685	1e-23	0.005205399997066706
2686	1e-23	0.0015987000078894198
2687	1e-23	0.00212610000744462
2688	1e-23	0.0019813000108115375
2689	1e-23	0.0018811000045388937
2690	1e-23	0.001523599959909916
2691	1e-23	0.0017787999822758138
2692	1e-23	0.0017015000339597464
2693	1e-23	0.0020949000027030706
2694	1e-23	0.0013868000241927803
2695	1e-23	0.0016615000204183161
2696	1e-23	0.0018302000244148076
2697	1e-23	0.0012969999806955457
2698	1e-23	0.0016423999913968146
2699	1e-23	0.0014613999519497156
2700	1e-23	0.0016555000329390168
2701	1e-23	0.0016710999771021307
2702	1e-23	0.0014752999995835125
2703	1e-23	0.001443799992557615
2704	1e-23	0.0015777999651618302
2705	1e-23	0.0013699000119231641
2706	1e-23	0.001666199997998774
2707	1e-23	0.0017285000067204237
2708	1e-23	0.0013052000431343913
2709	1e-23	0.001503499981481582
2710	1e-23	0.0017322999774478376
2711	1e-23	0.0015092000248841941
2712	1e-23	0.0021120000164955854
2713	1e-23	0.0017600000137463212
2714	1e-23	0.0016145000117830932
2715	1e-23	0.0014855999615974724
2716	1e-23	0.0016203999985009432
2717	1e-23	0.0012935000122524798
2718	1e-23	0.001736000005621463
2719	1e-23	0.0018297999631613493
2720	1e-23	0.00181049999082461
2721	1e-23	0.001716800034046173
2722	1e-23	0.0016097999759949744
2723	1e-23	0.0017939999816007912
2724	1e-23	0.0015408999752253294
2725	1e-23	0.0017664000042714179
2726	1e-23	0.0017325999797321856
2727	1e-23	0.0014998000115156174
2728	1e-23	0.002023400040343404
2729	1e-23	0.0015333000337705016
2730	1e-23	0.0028435999993234873
2731	1e-23	0.0018274000030942261
2732	1e-23	0.001686300034634769
2733	1e-23	0.001718199986498803
2734	1e-23	0.002156500006094575
2735	1e-23	0.0016661000554449856
2736	1e-23	0.001553500012960285
2737	1e-23	0.002293400000780821
2738	1e-23	0.0017111999914050102
2739	1e-23	0.0025984999956563115
2740	1e-23	0.0019563999958336353
2741	1e-23	0.0013081000070087612
2742	1e-23	0.001298899995163083
2743	1e-23	0.001929999969433993
2744	1e-23	0.0013276999816298485
2745	1e-23	0.001301199954468757
2746	1e-23	0.0021198999602347612
2747	1e-23	0.0014909000019542873
2748	1e-23	0.0017039999947883189
2749	1e-23	0.0015264999819919467
2750	1e-23	0.001471299969125539
2751	1e-23	0.0015673000016249716
2752	1e-23	0.0014894000487402081
2753	1e-23	0.001704599999357015
2754	1e-23	0.0013756999978795648
2755	1e-23	0.0012665000394918025
2756	1e-23	0.0018301000236533582
2757	1e-23	0.0016379000153392553
2758	1e-23	0.0020801000064238906
2759	1e-23	0.0014954999787732959
2760	1e-23	0.0022533999872393906
2761	1e-23	0.0015176000306382775
2762	1e-23	0.0016704000299796462
2763	1e-23	0.001337599998805672
2764	1e-23	0.001408299955073744
2765	1e-23	0.0025405000196769834
2766	1e-23	0.002049699949566275
2767	1e-23	0.0022068999824114144
2768	1e-23	0.0015977000002749264
2769	1e-23	0.0017562999855726957
2770	1e-23	0.0015289000002667308
2771	1e-23	0.0018558999872766435
2772	1e-23	0.0015724999830126762
2773	1e-23	0.0020961000118404627
2774	1e-23	0.0025943000218831003
2775	1e-23	0.0015337999793700874
2776	1e-23	0.002021899970714003
2777	1e-23	0.0017070999601855874
2778	1e-23	0.0016920000198297203
2779	1e-23	0.001561199955176562
2780	1e-23	0.0015496999840252101
2781	1e-23	0.002489000034984201
2782	1e-23	0.0013975999900139868
2783	1e-23	0.001401500019710511
2784	1e-23	0.0015326999709941447
2785	1e-23	0.0017419999931007624
2786	1e-23	0.001880299998447299
2787	1e-23	0.0021968999644741416
2788	1e-23	0.0019814999541267753
2789	1e-23	0.002319800027180463
2790	1e-23	0.0015807999880053103
2791	1e-23	0.0015267999842762947
2792	1e-23	0.001375199994072318
2793	1e-23	0.0016210000030696392
2794	1e-23	0.0020345000084489584
2795	1e-23	0.0018443000153638422
2796	1e-23	0.0024535999982617795
2797	1e-23	0.0019279999542050064
2798	1e-23	0.0020315999863669276
2799	1e-23	0.0015758000081405044
2800	1e-23	0.0022628000006079674
2801	1e-23	0.002252599981147796
2802	1e-23	0.003998500003945082
2803	1e-23	0.0032407999970018864
2804	1e-23	0.001735700003337115
2805	1e-23	0.0014629000215791166
2806	1e-23	0.0016009000246413052
2807	1e-23	0.0017078000237233937
2808	1e-23	0.0016944999806582928
2809	1e-23	0.0020818000193685293
2810	1e-23	0.0012595000443980098
2811	1e-23	0.0019036000012420118
2812	1e-23	0.0018014000379480422
2813	1e-23	0.001489599992055446
2814	1e-23	0.0014341999776661396
2815	1e-23	0.0014024999691173434
2816	1e-23	0.001601400028448552
2817	1e-23	0.0022525000385940075
2818	1e-23	0.003287400002591312
2819	1e-23	0.0016448000096715987
2820	1e-23	0.002077899989672005
2821	1e-23	0.0016957999905571342
2822	1e-23	0.002057400008197874
2823	1e-23	0.0014919000095687807
2824	1e-23	0.0012730999733321369
2825	1e-23	0.001758999947924167
2826	1e-23	0.0015008000191301107
2827	1e-23	0.0012546000070869923
2828	1e-23	0.0015646000392735004
2829	1e-23	0.0014202999882400036
2830	1e-23	0.0015088999643921852
2831	1e-23	0.0014791999710723758
2832	1e-23	0.001350599981378764
2833	1e-23	0.0015687000122852623
2834	1e-23	0.0013667999883182347
2835	1e-23	0.0014046999858692288
2836	1e-23	0.0019366000196896493
2837	1e-23	0.0012401999556459486
2838	1e-23	0.0026570000336505473
2839	1e-23	0.001708500029053539
2840	1e-23	0.0015971999964676797
2841	1e-23	0.0015737999929115176
2842	1e-23	0.0015552000259049237
2843	1e-23	0.0014445999986492097
2844	1e-23	0.0016603999538347125
2845	1e-23	0.001365699979942292
2846	1e-23	0.0015007000183686614
2847	1e-23	0.0014131000498309731
2848	1e-23	0.0017781000351533294
2849	1e-23	0.0014232000103220344
2850	1e-23	0.001332900021225214
2851	1e-23	0.0015668999985791743
2852	1e-23	0.0013433000422082841
2853	1e-23	0.001305399986449629
2854	1e-23	0.0012304999982006848
2855	1e-23	0.0014315000153146684
2856	1e-23	0.001399700006004423
2857	1e-23	0.00150969997048378
2858	1e-23	0.0017417999915778637
2859	1e-23	0.002526499971281737
2860	1e-23	0.00146390002919361
2861	1e-23	0.0018897999543696642
2862	1e-23	0.0013051999849267304
2863	1e-23	0.0014614000101573765
2864	1e-23	0.0017546999733895063
2865	1e-23	0.0013535000034607947
2866	1e-23	0.0016110999858938158
2867	1e-23	0.0015885999891906977
2868	1e-23	0.001666500000283122
2869	1e-23	0.0018675000173971057
2870	1e-23	0.001698999956715852
2871	1e-23	0.0022548999986611307
2872	1e-23	0.0016927000251598656
2873	1e-23	0.001628900005016476
2874	1e-23	0.0012693999451585114
2875	1e-23	0.0013901999918743968
2876	1e-23	0.0014310999540612102
2877	1e-23	0.0015230000135488808
2878	1e-23	0.0025996000040322542
2879	1e-23	0.001643700001295656
2880	1e-23	0.0014019000227563083
2881	1e-23	0.0014575000386685133
2882	1e-23	0.0012438999838195741
2883	1e-23	0.0014211999950930476
2884	1e-23	0.0013726000324822962
2885	1e-23	0.0013100000214762986
2886	1e-23	0.0015051999944262207
2887	1e-23	0.0013286000466905534
2888	1e-23	0.0012617000029422343
2889	1e-23	0.001666500000283122
2890	1e-23	0.001576600014232099
2891	1e-23	0.0015565999783575535
2892	1e-23	0.001746299967635423
2893	1e-23	0.0014990000054240227
2894	1e-23	0.001617100031580776
2895	1e-23	0.0013013000134378672
2896	1e-23	0.001426299975719303
2897	1e-23	0.0015131999971345067
2898	1e-23	0.001282599987462163
2899	1e-23	0.0012795999646186829
2900	1e-23	0.001656699983868748
2901	1e-23	0.0016181999817490578
2902	1e-23	0.0015037000412121415
2903	1e-23	0.001581599994096905
2904	1e-23	0.0014918000088073313
2905	1e-23	0.0016233999631367624
2906	1e-23	0.0016614000196568668
2907	1e-23	0.0029051000019535422
2908	1e-23	0.0016003000200726092
2909	1e-23	0.0015295000048354268
2910	1e-23	0.0013858000165782869
2911	1e-23	0.0014878000365570188
2912	1e-23	0.0013977999915368855
2913	1e-23	0.00147720001405105
2914	1e-23	0.0015090000233612955
2915	1e-23	0.0015002999571152031
2916	1e-23	0.0015707999700680375
2917	1e-23	0.0014041999820619822
2918	1e-23	0.001414500002283603
2919	1e-23	0.0015720999799668789
2920	1e-23	0.001354800013359636
2921	1e-23	0.0013336999691091478
2922	1e-23	0.0015292000025510788
2923	1e-23	0.0019931999850086868
2924	1e-23	0.0018718999926932156
2925	1e-23	0.0019203999545425177
2926	1e-23	0.0015623999643139541
2927	1e-23	0.0016521000070497394
2928	1e-23	0.0012806999729946256
2929	1e-23	0.0012389000039547682
2930	1e-23	0.0014542000135406852
2931	1e-23	0.0016250000335276127
2932	1e-23	0.0016747000045143068
2933	1e-23	0.001990299962926656
2934	1e-23	0.0017589000053703785
2935	1e-23	0.0019212000188417733
2936	1e-23	0.001877899980172515
2937	1e-23	0.002281299966853112
2938	1e-23	0.0018731000018306077
2939	1e-23	0.0021307000424712896
2940	1e-23	0.001428099989425391
2941	1e-23	0.0016355999978259206
2942	1e-23	0.001416000013705343
2943	1e-23	0.0013331000227481127
2944	1e-23	0.0013854000135324895
2945	1e-23	0.0012898000422865152
2946	1e-23	0.001500300015322864
2947	1e-23	0.0012860000133514404
2948	1e-23	0.001386700023431331
2949	1e-23	0.0014398000203073025
2950	1e-23	0.001581599994096905
2951	1e-23	0.0015745999990031123
2952	1e-23	0.0012524999910965562
2953	1e-23	0.0013068999978713691
2954	1e-23	0.0015238000196404755
2955	1e-23	0.001962500042282045
2956	1e-23	0.0013460000045597553
2957	1e-23	0.0013899999903514981
2958	1e-23	0.0016964999958872795
2959	1e-23	0.0015226000105030835
2960	1e-23	0.0015399999683722854
2961	1e-23	0.0015765000134706497
2962	1e-23	0.0014873999753035605
2963	1e-23	0.001456199970562011
2964	1e-23	0.0014377999468706548
2965	1e-23	0.0015734999906271696
2966	1e-23	0.0016832000110298395
2967	1e-23	0.0014424999826587737
2968	1e-23	0.0019360999576747417
2969	1e-23	0.0015884999884292483
2970	1e-23	0.0016917000175453722
2971	1e-23	0.0015753000043332577
2972	1e-23	0.0015285999979823828
2973	1e-23	0.0013139999937266111
2974	1e-23	0.0016512000001966953
2975	1e-23	0.001606399950105697
2976	1e-23	0.0014791999710723758
2977	1e-23	0.002356200013309717
2978	1e-23	0.0033258000039495528
2979	1e-23	0.0014736999874003232
2980	1e-23	0.0015369000029750168
2981	1e-23	0.001552900008391589
2982	1e-23	0.0015694999601691961
2983	1e-23	0.0013164999545551836
2984	1e-23	0.0012875000247731805
2985	1e-23	0.0012922000023536384
2986	1e-23	0.0014099999680183828
2987	1e-23	0.0013427999801933765
2988	1e-23	0.0013627999578602612
2989	1e-23	0.0013380000018514693
2990	1e-23	0.0012919000000692904
2991	1e-23	0.00148610002361238
2992	1e-23	0.0013654999784193933
2993	1e-23	0.001996500010136515
2994	1e-23	0.0015415999805554748
2995	1e-23	0.0015029999776743352
2996	1e-23	0.0015281999949365854
2997	1e-23	0.001435799989849329
2998	1e-23	0.0013215999933890998
2999	1e-23	0.0014891999890096486
3000	1e-23	0.0016496999887749553
