epoch	total	seconds
1	1e-23	0.1869963000062853
2	1e-23	0.0019477000460028648
3	1e-23	0.0013139999937266111
4	1e-23	0.001359499990940094
5	1e-23	0.0015137000009417534
6	1e-23	0.0015081000165082514
7	1e-23	0.0015033000381663442
8	1e-23	0.0011366999824531376
9	1e-23	0.0014657999854534864
10	1e-23	0.001665599993430078
11	1e-23	0.0012269000289961696
12	1e-23	0.0016298999544233084
13	1e-23	0.0012632000143639743
14	1e-23	0.001014399982523173
15	1e-23	0.00141629995778203
16	1e-23	0.0013874000287614763
17	1e-23	0.0013365999911911786
18	1e-23	0.001395299972500652
19	1e-23	0.0012713000178337097
20	1e-23	0.001245100051164627
21	1e-23	0.0012253000168129802
22	1e-23	0.0011921999976038933
23	1e-23	0.0011898999800905585
24	1e-23	0.0013396000140346587
25	1e-23	0.0011352000292390585
26	1e-23	0.001137999992351979
27	1e-23	0.0015085999621078372
28	1e-23	0.0016211000038310885
29	1e-23	0.001192099996842444
30	1e-23	0.0011359999771229923
31	1e-23	0.0012456999975256622
32	1e-23	0.0013174000196158886
33	1e-23	0.0012530999956652522
34	1e-23	0.0014521999983116984
35	1e-23	0.0010891000274568796
36	1e-23	0.0010846999939531088
37	1e-23	0.001170499948784709
38	1e-23	0.0011187000200152397
39	1e-23	0.0011972999782301486
40	1e-23	0.0011901999823749065
41	1e-23	0.0011992999934591353
42	1e-23	0.0011285999789834023
43	1e-23	0.0011803999659605324
44	1e-23	0.001179399958346039
45	1e-23	0.001159899984486401
46	1e-23	0.0011857000063173473
47	1e-23	0.0011872999602928758
48	1e-23	0.0011325000086799264
49	1e-23	0.0010818999726325274
50	1e-23	0.0011329000117257237
51	1e-23	0.001193000003695488
52	1e-23	0.0012048000353388488
53	1e-23	0.0011539999977685511
54	1e-23	0.0011239000014029443
55	1e-23	0.0012601999915204942
56	1e-23	0.001573299989104271
57	1e-23	0.0011125999735668302
58	1e-23	0.0011835999903269112
59	1e-23	0.0013315000105649233
60	1e-23	0.0009150000405497849
61	1e-23	0.0009262000094167888
62	1e-23	0.0011528999893926084
63	1e-23	0.0013508000411093235
64	1e-23	0.001715900027193129
65	1e-23	0.0011331000132486224
66	1e-23	0.001354800013359636
67	1e-23	0.0013194999773986638
68	1e-23	0.0011681999894790351
69	1e-23	0.001216700009535998
70	1e-23	0.0011757999891415238
71	1e-23	0.0009252999443560839
72	1e-23	0.0008925999864004552
73	1e-23	0.000895200006198138
74	1e-23	0.0012278000358492136
75	1e-23	0.0016611000173725188
76	1e-23	0.0009815000230446458
77	1e-23	0.0013056000461801887
78	1e-23	0.0011549000046215951
79	1e-23	0.0017420999938622117
80	1e-23	0.0009738999651744962
81	1e-23	0.0009990999824367464
82	1e-23	0.0009000000427477062
83	1e-23	0.0009351999615319073
84	1e-23	0.0008730000117793679
85	1e-23	0.001068500045221299
86	1e-23	0.0009843999869190156
87	1e-23	0.0010599000379443169
88	1e-23	0.0009052000241354108
89	1e-23	0.0009973999694921076
90	1e-23	0.0009945999481715262
91	1e-23	0.0010346000199206173
92	1e-23	0.0013978999922983348
93	1e-23	0.0014239000156521797
94	1e-23	0.001129999989643693
95	1e-23	0.0011113999644294381
96	1e-23	0.0010982999810948968
97	1e-23	0.0013563999673351645
98	1e-23	0.001652600010856986
99	1e-23	0.0017099999822676182
100	1e-23	0.0013990000006742775
101	1e-23	0.0011146000470034778
102	1e-23	0.0013345999759621918
103	1e-23	0.0012097999569959939
104	1e-23	0.0015157000161707401
105	1e-23	0.0013423000345937908
106	1e-23	0.0019359999569132924
107	1e-23	0.0016956999897956848
108	1e-23	0.0011566000175662339
109	1e-23	0.0011496000224724412
110	1e-23	0.0011593999806791544
111	1e-23	0.001153699995484203
112	1e-23	0.0011829000432044268
113	1e-23	0.0011603999882936478
114	1e-23	0.001373099978081882
115	1e-23	0.0010912999860011041
116	1e-23	0.0013617000076919794
117	1e-23	0.0011745000374503434
118	1e-23	0.0012147999950684607
119	1e-23	0.0012472000089474022
120	1e-23	0.0011888999724760652
121	1e-23	0.001107799995224923
122	1e-23	0.0008676000288687646
123	1e-23	0.0011647999635897577
124	1e-23	0.0011981999850831926
125	1e-23	0.0011714999563992023
126	1e-23	0.0011669000377878547
127	1e-23	0.0013439999893307686
128	1e-23	0.0015454000094905496
129	1e-23	0.0011050000321120024
130	1e-23	0.0011017000069841743
131	1e-23	0.000983599980827421
132	1e-23	0.0010413999552838504
133	1e-23	0.0010230999905616045
134	1e-23	0.001235899981111288
135	1e-23	0.0012083000037819147
136	1e-23	0.001485200016759336
137	1e-23	0.001722400018479675
138	1e-23	0.0011242000036872923
139	1e-23	0.0016367000062018633
140	1e-23	0.0011692000553011894
141	1e-23	0.001200400001835078
142	1e-23	0.0013284000451676548
143	1e-23	0.0012768000015057623
144	1e-23	0.0011987999896518886
145	1e-23	0.0013125999830663204
146	1e-23	0.001546100014820695
147	1e-23	0.0018924999749287963
148	1e-23	0.0015064000035636127
149	1e-23	0.0016115999897010624
150	1e-23	0.0012309000012464821
151	1e-23	0.0012972999829798937
152	1e-23	0.001649299985729158
153	1e-23	0.0012040000292472541
154	1e-23	0.001289999985601753
155	1e-23	0.0011443000403232872
156	1e-23	0.001097499975003302
157	1e-23	0.0011442999821156263
158	1e-23	0.001055200002156198
159	1e-23	0.0011002999963238835
160	1e-23	0.0011611999943852425
161	1e-23	0.0008820000221021473
162	1e-23	0.0011841999948956072
163	1e-23	0.0011252000113017857
164	1e-23	0.0012721000239253044
165	1e-23	0.0011844999971799552
166	1e-23	0.001062900002580136
167	1e-23	0.0011414000182412565
168	1e-23	0.001316600013524294
169	1e-23	0.0013484999653883278
170	1e-23	0.0011896999785676599
171	1e-23	0.001180300023406744
172	1e-23	0.0011873000185005367
173	1e-23	0.0010532999876886606
174	1e-23	0.0011332999565638602
175	1e-23	0.0012986999936401844
176	1e-23	0.0012080000014975667
177	1e-23	0.001367500051856041
178	1e-23	0.001415699953213334
179	1e-23	0.0011722000199370086
180	1e-23	0.0013672999921254814
181	1e-23	0.0012199000339023769
182	1e-23	0.0012549000093713403
183	1e-23	0.0012599999899975955
184	1e-23	0.0011468000011518598
185	1e-23	0.0011206999770365655
186	1e-23	0.0012045000330545008
187	1e-23	0.0015148999518714845
188	1e-23	0.0012999000027775764
189	1e-23	0.0011420000228099525
190	1e-23	0.001112300029490143
191	1e-23	0.0011317000025883317
192	1e-23	0.0010979999788105488
193	1e-23	0.0010737000266090035
194	1e-23	0.001096000021789223
195	1e-23	0.0012218999909237027
196	1e-23	0.0011993999942205846
197	1e-23	0.0011430000304244459
198	1e-23	0.0011421000235714018
199	1e-23	0.0010639000101946294
200	1e-23	0.001165199966635555
201	1e-23	0.0015524000045843422
202	1e-23	0.0010310999932698905
203	1e-23	0.0009660000214353204
204	1e-23	0.0010938000050373375
205	1e-23	0.001153399993199855
206	1e-23	0.001103399961721152
207	1e-23	0.0011162000009790063
208	1e-23	0.0012487999629229307
209	1e-23	0.0010888000251725316
210	1e-23	0.001068500045221299
211	1e-23	0.001137399987783283
212	1e-23	0.0010769999935291708
213	1e-23	0.0015215999446809292
214	1e-23	0.0013367999927140772
215	1e-23	0.0012049000361002982
216	1e-23	0.0010825999779626727
217	1e-23	0.0010966999689117074
218	1e-23	0.001171999960206449
219	1e-23	0.0011429000296629965
220	1e-23	0.0011050000321120024
221	1e-23	0.0010429999674670398
222	1e-23	0.0013583999825641513
223	1e-23	0.0012105999630875885
224	1e-23	0.001164900022558868
225	1e-23	0.0011039000237360597
226	1e-23	0.0013245000154711306
227	1e-23	0.0011642000172287226
228	1e-23	0.001207199995405972
229	1e-23	0.001198299985844642
230	1e-23	0.0012206000392325222
231	1e-23	0.0012497000279836357
232	1e-23	0.0012163000064902008
233	1e-23	0.0011412000167183578
234	1e-23	0.001095999963581562
235	1e-23	0.0011552000069059432
236	1e-23	0.0010194999631494284
237	1e-23	0.0010902999783866107
238	1e-23	0.0010411000112071633
239	1e-23	0.001116700004786253
240	1e-23	0.0011555000091902912
241	1e-23	0.001065799966454506
242	1e-23	0.00120900000911206
243	1e-23	0.0012295999913476408
244	1e-23	0.0011425999691709876
245	1e-23	0.0010655999649316072
246	1e-23	0.001143299974501133
247	1e-23	0.001145999995060265
248	1e-23	0.0011841999948956072
249	1e-23	0.0011210999800823629
250	1e-23	0.0011478999513201416
251	1e-23	0.0011276999721303582
252	1e-23	0.0011393000022508204
253	1e-23	0.00162980001186952
254	1e-23	0.0014626000192947686
255	1e-23	0.0011684000492095947
256	1e-23	0.001149499963503331
257	1e-23	0.0011038999655283988
258	1e-23	0.0010458999895490706
259	1e-23	0.0012317000073380768
260	1e-23	0.0011412999592721462
261	1e-23	0.0010449999826960266
262	1e-23	0.001098700042348355
263	1e-23	0.0011362999794073403
264	1e-23	0.0012209999840706587
265	1e-23	0.0013055999879725277
266	1e-23	0.0013227000017650425
267	1e-23	0.0013277999823912978
268	1e-23	0.0011860000086016953
269	1e-23	0.001192399999126792
270	1e-23	0.0011358000338077545
271	1e-23	0.0012200000346638262
272	1e-23	0.001124700007494539
273	1e-23	0.001128199975937605
274	1e-23	0.001048700010869652
275	1e-23	0.0010439000325277448
276	1e-23	0.0010458999895490706
277	1e-23	0.0011156999971717596
278	1e-23	0.0013509999844245613
279	1e-23	0.0011797999613918364
280	1e-23	0.001320800045505166
281	1e-23	0.0011425999691709876
282	1e-23	0.0011265999637544155
283	1e-23	0.0015095000271685421
284	1e-23	0.0012119999737478793
285	1e-23	0.0011459000525064766
286	1e-23	0.0011608999921008945
287	1e-23	0.0011707000085152686
288	1e-23	0.0011273999698460102
289	1e-23	0.0017236999701708555
290	1e-23	0.0011929000029340386
291	1e-23	0.0012006000033579767
292	1e-23	0.0012162000057287514
293	1e-23	0.0012598999892361462
294	1e-23	0.0012537000002339482
295	1e-23	0.0012196999741718173
296	1e-23	0.0011950000189244747
297	1e-23	0.0010041000205092132
298	1e-23	0.001199799997266382
299	1e-23	0.000990399974398315
300	1e-23	0.0013007000088691711
301	1e-23	0.0013164000120013952
302	1e-23	0.0010572999599389732
303	1e-23	0.0014397000195458531
304	1e-23	0.0011632000096142292
305	1e-23	0.0011065000435337424
306	1e-23	0.0012673999881371856
307	1e-23	0.0011409999569877982
308	1e-23	0.001043700031004846
309	1e-23	0.0010933000012300909
310	1e-23	0.0011870000162161887
311	1e-23	0.0011270999675616622
312	1e-23	0.0010271999635733664
313	1e-23	0.0013676000526174903
314	1e-23	0.0011434999760240316
315	1e-23	0.0016870999825187027
316	1e-23	0.0012323000119067729
317	1e-23	0.0012252999586053193
318	1e-23	0.0014388999552465975
319	1e-23	0.0012265000259503722
320	1e-23	0.0012113999691791832
321	1e-23	0.0010828000376932323
322	1e-23	0.0010429000249132514
323	1e-23	0.0012632000143639743
324	1e-23	0.0011822000378742814
325	1e-23	0.0011448999866843224
326	1e-23	0.001120300032198429
327	1e-23	0.0012085000053048134
328	1e-23	0.0011569000198505819
329	1e-23	0.0011061999830417335
330	1e-23	0.0011484000133350492
331	1e-23	0.0012482000165618956
332	1e-23	0.0010852999985218048
333	1e-23	0.0010874999570660293
334	1e-23	0.0011666000355035067
335	1e-23	0.001138599996920675
336	1e-23	0.0010579999652691185
337	1e-23	0.0010659999679774046
338	1e-23	0.00105640001129359
339	1e-23	0.0010380999883636832
340	1e-23	0.0010390999959781766
341	1e-23	0.0013215999933890998
342	1e-23	0.0012175000156275928
343	1e-23	0.0011121999705210328
344	1e-23	0.0011787000112235546
345	1e-23	0.001128499978221953
346	1e-23	0.0011899999808520079
347	1e-23	0.0011426000273786485
348	1e-23	0.0011943000135943294
349	1e-23	0.0010898999753408134
350	1e-23	0.0011486000148579478
351	1e-23	0.0011796000180765986
352	1e-23	0.00120449997484684
353	1e-23	0.0010837999871000648
354	1e-23	0.0011891999747604132
355	1e-23	0.0011399000068195164
356	1e-23	0.001177300000563264
357	1e-23	0.0011094999499619007
358	1e-23	0.0011065999860875309
359	1e-23	0.0010754999821074307
360	1e-23	0.0009990999824367464
361	1e-23	0.0010871999547816813
362	1e-23	0.0010847999947145581
363	1e-23	0.0011490999604575336
364	1e-23	0.0010597999789752066
365	1e-23	0.0010525999823585153
366	1e-23	0.0011273999698460102
367	1e-23	0.0010420999606139958
368	1e-23	0.0015717999776825309
369	1e-23	0.001291799999307841
370	1e-23	0.0011684999917633832
371	1e-23	0.0011692999978549778
372	1e-23	0.0012240000069141388
373	1e-23	0.001199800055474043
374	1e-23	0.0011659000301733613
375	1e-23	0.001074399973731488
376	1e-23	0.0010155999916605651
377	1e-23	0.0011213000398129225
378	1e-23	0.0011394000030122697
379	1e-23	0.0011317000025883317
380	1e-23	0.001119400025345385
381	1e-23	0.0013604999985545874
382	1e-23	0.0012981999898329377
383	1e-23	0.001185599947348237
384	1e-23	0.0010997999925166368
385	1e-23	0.001049300015438348
386	1e-23	0.0011834000470116735
387	1e-23	0.0011981999850831926
388	1e-23	0.0011938000097870827
389	1e-23	0.0010749000357463956
390	1e-23	0.0011095000081695616
391	1e-23	0.0011825999827124178
392	1e-23	0.0011138999834656715
393	1e-23	0.0011295999865978956
394	1e-23	0.0011770999990403652
395	1e-23	0.0012172999558970332
396	1e-23	0.001164000015705824
397	1e-23	0.0011057999799959362
398	1e-23	0.0011020000092685223
399	1e-23	0.0010979000362567604
400	1e-23	0.0010411000112071633
401	1e-23	0.0014579000417143106
402	1e-23	0.0010724999592639506
403	1e-23	0.0010874000145122409
404	1e-23	0.001084199990145862
405	1e-23	0.001007899991236627
406	1e-23	0.0010333999525755644
407	1e-23	0.001067299977876246
408	1e-23	0.0014803999802097678
409	1e-23	0.0012150999973528087
410	1e-23	0.0011354999733157456
411	1e-23	0.0012503000325523317
412	1e-23	0.0012314999476075172
413	1e-23	0.0011189000215381384
414	1e-23	0.0011446000426076353
415	1e-23	0.0011913999915122986
416	1e-23	0.001116400002501905
417	1e-23	0.0010648999596014619
418	1e-23	0.0012098999577574432
419	1e-23	0.0012550000101327896
420	1e-23	0.0011071999906562269
421	1e-23	0.001576600014232099
422	1e-23	0.001194800017401576
423	1e-23	0.0011872999602928758
424	1e-23	0.0012157000019215047
425	1e-23	0.0011768999975174665
426	1e-23	0.0011510999756865203
427	1e-23	0.0011338000185787678
428	1e-23	0.0010658000246621668
429	1e-23	0.0010507000260986388
430	1e-23	0.0010151999886147678
431	1e-23	0.0010370000381954014
432	1e-23	0.0010587999713607132
433	1e-23	0.0010551000013947487
434	1e-23	0.0011739999754354358
435	1e-23	0.001130300050135702
436	1e-23	0.0012014000094495714
437	1e-23	0.0011195000261068344
438	1e-23	0.0010074999881908298
439	1e-23	0.0010982000385411084
440	1e-23	0.0010759999859146774
441	1e-23	0.0010473000002093613
442	1e-23	0.0010364000336267054
443	1e-23	0.0010705999447964132
444	1e-23	0.0010171000030823052
445	1e-23	0.0010047999676316977
446	1e-23	0.0011070999898947775
447	1e-23	0.0012893000384792686
448	1e-23	0.00125629996182397
449	1e-23	0.0011131999781355262
450	1e-23	0.001109000004362315
451	1e-23	0.0010390999959781766
452	1e-23	0.0010606999858282506
453	1e-23	0.0010302000446245074
454	1e-23	0.0010788000072352588
455	1e-23	0.000998999981675297
456	1e-23	0.0010293999803252518
457	1e-23	0.0014258999726735055
458	1e-23	0.0014213999966159463
459	1e-23	0.0011563000152818859
460	1e-23	0.0011480000102892518
461	1e-23	0.0012781000114046037
462	1e-23	0.0013856999576091766
463	1e-23	0.001137699990067631
464	1e-23	0.0011632000096142292
465	1e-23	0.0011696000001393259
466	1e-23	0.0010769999935291708
467	1e-23	0.001151600037701428
468	1e-23	0.0011468000011518598
469	1e-23	0.001055500004440546
470	1e-23	0.0010409000096842647
471	1e-23	0.0011415000190027058
472	1e-23	0.0011141000431962311
473	1e-23	0.0010323000024072826
474	1e-23	0.001368700002785772
475	1e-23	0.0011841999948956072
476	1e-23	0.0011689999955706298
477	1e-23	0.0011499000247567892
478	1e-23	0.001164300017990172
479	1e-23	0.0011945999576710165
480	1e-23	0.0011153999948874116
481	1e-23	0.0011531999916769564
482	1e-23	0.0011758999899029732
483	1e-23	0.0011224000481888652
484	1e-23	0.0010865000076591969
485	1e-23	0.0011059000389650464
486	1e-23	0.0011454999912530184
487	1e-23	0.0018800999969244003
488	1e-23	0.0016319999704137444
489	1e-23	0.0014086999581195414
490	1e-23	0.0012244000099599361
491	1e-23	0.001145999995060265
492	1e-23	0.0010579000227153301
493	1e-23	0.0010149999870918691
494	1e-23	0.0012727000284940004
495	1e-23	0.0011294999858364463
496	1e-23	0.0010412000119686127
497	1e-23	0.0010372999822720885
498	1e-23	0.001109300006646663
499	1e-23	0.0012266000267118216
500	1e-23	0.0012002000003121793
501	1e-23	0.001102500013075769
502	1e-23	0.001184399996418506
503	1e-23	0.0010879000183194876
504	1e-23	0.001117899955715984
505	1e-23	0.0011810999712906778
506	1e-23	0.0014897999935783446
507	1e-23	0.001150099968072027
508	1e-23	0.0011935000075027347
509	1e-23	0.001171700016129762
510	1e-23	0.0010637000086717308
511	1e-23	0.0010233999928459525
512	1e-23	0.001130599994212389
513	1e-23	0.0010493999579921365
514	1e-23	0.0011635000118985772
515	1e-23	0.0011356999748386443
516	1e-23	0.0011543000000528991
517	1e-23	0.0011428000289015472
518	1e-23	0.0010651000193320215
519	1e-23	0.0013095000176690519
520	1e-23	0.0011966999736614525
521	1e-23	0.0010308000491932034
522	1e-23	0.0010231999913230538
523	1e-23	0.001095399959012866
524	1e-23	0.0010201999684795737
525	1e-23	0.0017131000058725476
526	1e-23	0.0012103000190109015
527	1e-23	0.001070600003004074
528	1e-23	0.001158100028987974
529	1e-23	0.0011352000292390585
530	1e-23	0.001262799953110516
531	1e-23	0.0011686999932862818
532	1e-23	0.001039799943100661
533	1e-23	0.0011924999998882413
534	1e-23	0.0014051999896764755
535	1e-23	0.0011601000442169607
536	1e-23	0.001212799979839474
537	1e-23	0.0011796000180765986
538	1e-23	0.001061099988874048
539	1e-23	0.0010403000051155686
540	1e-23	0.0010733999661169946
541	1e-23	0.0010034999577328563
542	1e-23	0.0010421000188216567
543	1e-23	0.0010400000028312206
544	1e-23	0.00105640001129359
545	1e-23	0.0010680000414140522
546	1e-23	0.0009950000094249845
547	1e-23	0.0011394000030122697
548	1e-23	0.0010803000186569989
549	1e-23	0.001053999993018806
550	1e-23	0.001080599962733686
551	1e-23	0.0012179999612271786
552	1e-23	0.0011831999872811139
553	1e-23	0.0011936999508179724
554	1e-23	0.0012768000015057623
555	1e-23	0.00120160001097247
556	1e-23	0.0011970999767072499
557	1e-23	0.0013136999914422631
558	1e-23	0.0014905999996699393
559	1e-23	0.0013073000009171665
560	1e-23	0.0013660999829880893
561	1e-23	0.0012734000338241458
562	1e-23	0.001235600037034601
563	1e-23	0.0014347000396810472
564	1e-23	0.0013534000026993454
565	1e-23	0.0012125999783165753
566	1e-23	0.001254200004041195
567	1e-23	0.0013117999769747257
568	1e-23	0.0014835000038146973
569	1e-23	0.001150399970356375
570	1e-23	0.00124299997696653
571	1e-23	0.0011266000219620764
572	1e-23	0.0010441999766044319
573	1e-23	0.0012306999997235835
574	1e-23	0.0012304999982006848
575	1e-23	0.0014127999893389642
576	1e-23	0.0013671000488102436
577	1e-23	0.0018498999997973442
578	1e-23	0.0012416999670676887
579	1e-23	0.0011552000069059432
580	1e-23	0.0012206000392325222
581	1e-23	0.0011606999905779958
582	1e-23	0.0011638000141829252
583	1e-23	0.0011611999943852425
584	1e-23	0.0011020999518223107
585	1e-23	0.001179700018838048
586	1e-23	0.0011278000310994685
587	1e-23	0.0012746999855153263
588	1e-23	0.001494700030889362
589	1e-23	0.0011322000063955784
590	1e-23	0.0011368999839760363
591	1e-23	0.001167000038549304
592	1e-23	0.001118500018492341
593	1e-23	0.0011477000080049038
594	1e-23	0.0011573999654501677
595	1e-23	0.0011446999851614237
596	1e-23	0.0012311000027693808
597	1e-23	0.0012314000050537288
598	1e-23	0.0012139000464230776
599	1e-23	0.001409800024703145
600	1e-23	0.0014018999645486474
601	1e-23	0.0012060999870300293
602	1e-23	0.001401800021994859
603	1e-23	0.0014962999848648906
604	1e-23	0.0012769000022672117
605	1e-23	0.0012894000392407179
606	1e-23	0.0012328000157140195
607	1e-23	0.0012366999872028828
608	1e-23	0.0012614000006578863
609	1e-23	0.0011849000002257526
610	1e-23	0.001213999988976866
611	1e-23	0.0012478000135160983
612	1e-23	0.001186199951916933
613	1e-23	0.001243599981535226
614	1e-23	0.0012284000404179096
615	1e-23	0.0012003000010736287
616	1e-23	0.0012588999816216528
617	1e-23	0.0011792000150308013
618	1e-23	0.0011506000300869346
619	1e-23	0.0011334000155329704
620	1e-23	0.00106969999615103
621	1e-23	0.0011004999978467822
622	1e-23	0.0010896999738179147
623	1e-23	0.0013423999771475792
624	1e-23	0.0012741000391542912
625	1e-23	0.001058399968314916
626	1e-23	0.001130899996496737
627	1e-23	0.001171400013845414
628	1e-23	0.0011113000218756497
629	1e-23	0.0011738999746739864
630	1e-23	0.001102800015360117
631	1e-23	0.0011298000463284552
632	1e-23	0.0010788000072352588
633	1e-23	0.0010520000359974802
634	1e-23	0.0011017000069841743
635	1e-23	0.0010633000056259334
636	1e-23	0.001196600031107664
637	1e-23	0.00120599998626858
638	1e-23	0.0011209000367671251
639	1e-23	0.0010708000045269728
640	1e-23	0.0013322000158950686
641	1e-23	0.0014155000098980963
642	1e-23	0.0011009000008925796
643	1e-23	0.0012169999536126852
644	1e-23	0.0012121000327169895
645	1e-23	0.0011775000020861626
646	1e-23	0.0011026000138372183
647	1e-23	0.001180000021122396
648	1e-23	0.0011686999932862818
649	1e-23	0.0013304000021889806
650	1e-23	0.00119270000141114
651	1e-23	0.0010691999923437834
652	1e-23	0.0011158999986946583
653	1e-23	0.0012132999836467206
654	1e-23	0.001207199995405972
655	1e-23	0.0011417000205256045
656	1e-23	0.001432000019121915
657	1e-23	0.0010870000114664435
658	1e-23	0.0010201000259257853
659	1e-23	0.0010379999876022339
660	1e-23	0.0010082999942824244
661	1e-23	0.0011351000284776092
662	1e-23	0.0012125999783165753
663	1e-23	0.0011357999756000936
664	1e-23	0.0011554999509826303
665	1e-23	0.0011143999872729182
666	1e-23	0.0011705000069923699
667	1e-23	0.0010781000019051135
668	1e-23	0.0011892999755218625
669	1e-23	0.001177300000563264
670	1e-23	0.0011204999755136669
671	1e-23	0.0011786000104621053
672	1e-23	0.0011734000290744007
673	1e-23	0.0011495000217109919
674	1e-23	0.0011328999535180628
675	1e-23	0.0013131999876350164
676	1e-23	0.0012095000129193068
677	1e-23	0.0011210999800823629
678	1e-23	0.0011136000393889844
679	1e-23	0.001047800004016608
680	1e-23	0.0011261999607086182
681	1e-23	0.0010636000079102814
682	1e-23	0.0010804000194184482
683	1e-23	0.001036300032865256
684	1e-23	0.001021800038870424
685	1e-23	0.0010172000038437545
686	1e-23	0.0011326000094413757
687	1e-23	0.0010107000125572085
688	1e-23	0.0010130999726243317
689	1e-23	0.0013251000200398266
690	1e-23	0.001148299954365939
691	1e-23	0.0011337000178173184
692	1e-23	0.0011416000197641551
693	1e-23	0.0011605999898165464
694	1e-23	0.0010831000399775803
695	1e-23	0.0011366999824531376
696	1e-23	0.0010671000345610082
697	1e-23	0.0011192000238224864
698	1e-23	0.001112300029490143
699	1e-23	0.0010698999976739287
700	1e-23	0.0011489000171422958
701	1e-23	0.0011515000369399786
702	1e-23	0.001386999967508018
703	1e-23	0.0012998000020161271
704	1e-23	0.0011303999926894903
705	1e-23	0.0010786999482661486
706	1e-23	0.00106519996188581
707	1e-23	0.001116100000217557
708	1e-23	0.0010117999627254903
709	1e-23	0.0010645999573171139
710	1e-23	0.0009956000139936805
711	1e-23	0.0010589000303298235
712	1e-23	0.0011334000155329704
713	1e-23	0.0012115000281482935
714	1e-23	0.0011345000239089131
715	1e-23	0.0011995999957434833
716	1e-23	0.0011550000053830445
717	1e-23	0.0010833999840542674
718	1e-23	0.0011525999871082604
719	1e-23	0.0010494999587535858
720	1e-23	0.0010064999805763364
721	1e-23	0.0010990999871864915
722	1e-23	0.0011322000063955784
723	1e-23	0.0011032999609597027
724	1e-23	0.0010788000072352588
725	1e-23	0.0011675999849103391
726	1e-23	0.001214300049468875
727	1e-23	0.0011266999645158648
728	1e-23	0.0010553000029176474
729	1e-23	0.0012166000087745488
730	1e-23	0.0012076999992132187
731	1e-23	0.0012174999574199319
732	1e-23	0.0012641000212170184
733	1e-23	0.0010875000152736902
734	1e-23	0.0011981999850831926
735	1e-23	0.0011600000434555113
736	1e-23	0.001256600022315979
737	1e-23	0.001119400025345385
738	1e-23	0.0012300999951548874
739	1e-23	0.0012135999859310687
740	1e-23	0.0013287999900057912
741	1e-23	0.0011639000149443746
742	1e-23	0.0011834999895654619
743	1e-23	0.0010798999574035406
744	1e-23	0.0011586000327952206
745	1e-23	0.0011215999838896096
746	1e-23	0.0014685000060126185
747	1e-23	0.001353300001937896
748	1e-23	0.0011751999845728278
749	1e-23	0.0012591999839060009
750	1e-23	0.0012256000190973282
751	1e-23	0.0012910999939776957
752	1e-23	0.0012229999992996454
753	1e-23	0.0016453000134788454
754	1e-23	0.001165200024843216
755	1e-23	0.0011109000188298523
756	1e-23	0.0011727000237442553
757	1e-23	0.0010795000125654042
758	1e-23	0.001109300006646663
759	1e-23	0.0010928999981842935
760	1e-23	0.0010861000046133995
761	1e-23	0.00114390003727749
762	1e-23	0.001122899993788451
763	1e-23	0.0010669000330381095
764	1e-23	0.0010408000089228153
765	1e-23	0.001163999957498163
766	1e-23	0.0011551000061444938
767	1e-23	0.001151899981778115
768	1e-23	0.0010089999996125698
769	1e-23	0.001199199992697686
770	1e-23	0.0011742999777197838
771	1e-23	0.0012046999763697386
772	1e-23	0.0011659999727271497
773	1e-23	0.001132400007918477
774	1e-23	0.0011552000069059432
775	1e-23	0.0010631000041030347
776	1e-23	0.0010240999981760979
777	1e-23	0.00106819998472929
778	1e-23	0.0009701999952085316
779	1e-23	0.0010189000167883933
780	1e-23	0.0010683999862521887
781	1e-23	0.0011987999896518886
782	1e-23	0.0011004999978467822
783	1e-23	0.0011005999986082315
784	1e-23	0.0011314000003039837
785	1e-23	0.0011288000387139618
786	1e-23	0.0010526999831199646
787	1e-23	0.0010158999939449131
788	1e-23	0.0014245000202208757
789	1e-23	0.0010754000395536423
790	1e-23	0.0010474000009708107
791	1e-23	0.001144799985922873
792	1e-23	0.001106100040487945
793	1e-23	0.0011214000405743718
794	1e-23	0.001164900022558868
795	1e-23	0.0013135999906808138
796	1e-23	0.0011503000278025866
797	1e-23	0.0010700999991968274
798	1e-23	0.0010915000457316637
799	1e-23	0.0011069999891333282
800	1e-23	0.0010882000206038356
801	1e-23	0.0010620999964885414
802	1e-23	0.001229100045748055
803	1e-23	0.001128499978221953
804	1e-23	0.001042200019583106
805	1e-23	0.0011217000428587198
806	1e-23	0.0010689999908208847
807	1e-23	0.0013504999806173146
808	1e-23	0.0012079000007361174
809	1e-23	0.0011484000133350492
810	1e-23	0.0011128999758511782
811	1e-23	0.0010565000120550394
812	1e-23	0.001026799960527569
813	1e-23	0.0012452999944798648
814	1e-23	0.0010925999958999455
815	1e-23	0.0010440999758429825
816	1e-23	0.0010780000011436641
817	1e-23	0.0011700000031851232
818	1e-23	0.001103099959436804
819	1e-23	0.001054299995303154
820	1e-23	0.0015140000032261014
821	1e-23	0.0014990000054240227
822	1e-23	0.002777900022920221
823	1e-23	0.001423100009560585
824	1e-23	0.0013546000118367374
825	1e-23	0.0012072999961674213
826	1e-23	0.0012528999941423535
827	1e-23	0.001649599988013506
828	1e-23	0.0016641999827697873
829	1e-23	0.0014497999800369143
830	1e-23	0.0012369999894872308
831	1e-23	0.0011258999584242702
832	1e-23	0.0013478999608196318
833	1e-23	0.0016247000312432647
834	1e-23	0.0016641000402159989
835	1e-23	0.001546099956613034
836	1e-23	0.001693099969998002
837	1e-23	0.0020689000375568867
838	1e-23	0.001973400008864701
839	1e-23	0.0013964000390842557
840	1e-23	0.001748399983625859
841	1e-23	0.0018621999770402908
842	1e-23	0.0015184999792836607
843	1e-23	0.0012548999511636794
844	1e-23	0.0012727999710477889
845	1e-23	0.0015316000208258629
846	1e-23	0.0022840999881736934
847	1e-23	0.0017888000002130866
848	1e-23	0.0015614000149071217
849	1e-23	0.0015814999933354557
850	1e-23	0.0013784999609924853
851	1e-23	0.001602300035301596
852	1e-23	0.001326400029938668
853	1e-23	0.0022017000010237098
854	1e-23	0.0015118999872356653
855	1e-23	0.001294999965466559
856	1e-23	0.0010162999969907105
857	1e-23	0.0019859999883919954
858	1e-23	0.0018519999575801194
859	1e-23	0.00320909998845309
860	1e-23	0.0014765000087209046
861	1e-23	0.002090799971483648
862	1e-23	0.0017929999739862978
863	1e-23	0.0015519000007770956
864	1e-23	0.0015800000401213765
865	1e-23	0.0017457000212743878
866	1e-23	0.0013236000086180866
867	1e-23	0.0015103999758139253
868	1e-23	0.0014265000354498625
869	1e-23	0.0016050999984145164
870	1e-23	0.002657799981534481
871	1e-23	0.0013835999998264015
872	1e-23	0.0013569000293500721
873	1e-23	0.0018304999684914947
874	1e-23	0.0014567000325769186
875	1e-23	0.0021080999867990613
876	1e-23	0.0013160000089555979
877	1e-23	0.0017392000299878418
878	1e-23	0.0012821999844163656
879	1e-23	0.0012138999882154167
880	1e-23	0.0018237000331282616
881	1e-23	0.0011282999766990542
882	1e-23	0.001338200003374368
883	1e-23	0.0019048000103794038
884	1e-23	0.0013769000070169568
885	1e-23	0.0021927999914623797
886	1e-23	0.0018665999523364007
887	1e-23	0.0014062999980524182
888	1e-23	0.0015513999969698489
889	1e-23	0.001588399987667799
890	1e-23	0.0012700000079348683
891	1e-23	0.0016749999485909939
892	1e-23	0.0013040000339969993
893	1e-23	0.0012092000106349587
894	1e-23	0.0011235999991185963
895	1e-23	0.0014826999977231026
896	1e-23	0.0014995000092312694
897	1e-23	0.0013979999930597842
898	1e-23	0.0014699999592266977
899	1e-23	0.0014060999965295196
900	1e-23	0.001220499980263412
901	1e-23	0.0013160000089555979
902	1e-23	0.0014088000170886517
903	1e-23	0.0012586999800987542
904	1e-23	0.001282299985177815
905	1e-23	0.001187400019261986
906	1e-23	0.0014682000037282705
907	1e-23	0.00137489999178797
908	1e-23	0.0016540999640710652
909	1e-23	0.001266100036446005
910	1e-23	0.001240300014615059
911	1e-23	0.0011621000012382865
912	1e-23	0.0011289000394754112
913	1e-23	0.0011756999883800745
914	1e-23	0.0011992999934591353
915	1e-23	0.0012387000024318695
916	1e-23	0.0011642000172287226
917	1e-23	0.001229999994393438
918	1e-23	0.0012983999913558364
919	1e-23	0.001173800032120198
920	1e-23	0.0012820999836549163
921	1e-23	0.0013371999957598746
922	1e-23	0.0012719000224024057
923	1e-23	0.0011415999615564942
924	1e-23	0.0013363999896682799
925	1e-23	0.0011480000102892518
926	1e-23	0.001076200045645237
927	1e-23	0.0011600999860092998
928	1e-23	0.001088300021365285
929	1e-23	0.0011269000242464244
930	1e-23	0.0011372000444680452
931	1e-23	0.0012394000077620149
932	1e-23	0.0011892999755218625
933	1e-23	0.001119700027629733
934	1e-23	0.001362500013783574
935	1e-23	0.0011348000261932611
936	1e-23	0.0010513000306673348
937	1e-23	0.0011555000091902912
938	1e-23	0.0011732999701052904
939	1e-23	0.0010828000376932323
940	1e-23	0.0010968000278808177
941	1e-23	0.00122819998068735
942	1e-23	0.0012631999561563134
943	1e-23	0.001937700028065592
944	1e-23	0.0011784000089392066
945	1e-23	0.0012732999748550355
946	1e-23	0.001102500013075769
947	1e-23	0.0012666000402532518
948	1e-23	0.0011044999700970948
949	1e-23	0.001244200044311583
950	1e-23	0.0011079999967478216
951	1e-23	0.0012807000312022865
952	1e-23	0.0011630000080913305
953	1e-23	0.0010674000368453562
954	1e-23	0.001097500033210963
955	1e-23	0.0013117999769747257
956	1e-23	0.0011064999853260815
957	1e-23	0.0011359999771229923
958	1e-23	0.0011810000287368894
959	1e-23	0.001221999991685152
960	1e-23	0.0011378999915905297
961	1e-23	0.0010997999925166368
962	1e-23	0.0010733000235632062
963	1e-23	0.0010621999972499907
964	1e-23	0.0010701999999582767
965	1e-23	0.001108399999793619
966	1e-23	0.0011112000211142004
967	1e-23	0.0010499999625608325
968	1e-23	0.001198299985844642
969	1e-23	0.0013226000010035932
970	1e-23	0.0012036000262014568
971	1e-23	0.0011193000245839357
972	1e-23	0.0012168000102974474
973	1e-23	0.0011177999549545348
974	1e-23	0.0010730000212788582
975	1e-23	0.0011749000404961407
976	1e-23	0.0010980999795719981
977	1e-23	0.0010789000079967082
978	1e-23	0.0010606000432744622
979	1e-23	0.0013349999790079892
980	1e-23	0.001214299991261214
981	1e-23	0.001200700004119426
982	1e-23	0.0019293000223115087
983	1e-23	0.001235299976542592
984	1e-23	0.0011790000135079026
985	1e-23	0.0011825999827124178
986	1e-23	0.00115870003355667
987	1e-23	0.0011353999725542963
988	1e-23	0.0010682999854907393
989	1e-23	0.0012462000013329089
990	1e-23	0.0012242000084370375
991	1e-23	0.0012580000329762697
992	1e-23	0.0011297999881207943
993	1e-23	0.0011590999783948064
994	1e-23	0.0012986999936401844
995	1e-23	0.001132400007918477
996	1e-23	0.00121489999582991
997	1e-23	0.0012325000134296715
998	1e-23	0.0012029999634250998
999	1e-23	0.001150700030848384
1000	1e-23	0.0011603999882936478
1001	1e-23	0.0011924999998882413
1002	1e-23	0.001249199965968728
1003	1e-23	0.0012695000041276217
1004	1e-23	0.0012020999565720558
1005	1e-23	0.0011879000230692327
1006	1e-23	0.0011166000040248036
1007	1e-23	0.001201300008688122
1008	1e-23	0.0012254000175744295
1009	1e-23	0.0011428999714553356
1010	1e-23	0.0011535999947227538
1011	1e-23	0.0011221999884583056
1012	1e-23	0.0011768999975174665
1013	1e-23	0.001115499995648861
1014	1e-23	0.0010440999758429825
1015	1e-23	0.001056700013577938
1016	1e-23	0.001090999983716756
1017	1e-23	0.0010522999800741673
1018	1e-23	0.0010688999900594354
1019	1e-23	0.0011934000067412853
1020	1e-23	0.0011999999987892807
1021	1e-23	0.001202500017825514
1022	1e-23	0.0012242000084370375
1023	1e-23	0.0011424000258557498
1024	1e-23	0.0010447999811731279
1025	1e-23	0.0010574999614618719
1026	1e-23	0.0012315999483689666
1027	1e-23	0.0011505000293254852
1028	1e-23	0.0010304999887011945
1029	1e-23	0.0010266999597661197
1030	1e-23	0.0010907999821938574
1031	1e-23	0.0011078999959863722
1032	1e-23	0.0016497999895364046
1033	1e-23	0.0012765999999828637
1034	1e-23	0.0011915999930351973
1035	1e-23	0.0011738999746739864
1036	1e-23	0.0012185000232420862
1037	1e-23	0.0012534000561572611
1038	1e-23	0.0011471000034362078
1039	1e-23	0.0011209999793209136
1040	1e-23	0.0011751000420190394
1041	1e-23	0.0011603999882936478
1042	1e-23	0.0011127000325359404
1043	1e-23	0.0011929000029340386
1044	1e-23	0.0015156000154092908
1045	1e-23	0.0012343000271357596
1046	1e-23	0.0011869000154547393
1047	1e-23	0.001149799965787679
1048	1e-23	0.0012116000289097428
1049	1e-23	0.0012197000323794782
1050	1e-23	0.0011678999871946871
1051	1e-23	0.0012208999833092093
1052	1e-23	0.0011473000049591064
1053	1e-23	0.0011210999800823629
1054	1e-23	0.0011091000051237643
1055	1e-23	0.001073799969162792
1056	1e-23	0.0011965999729000032
1057	1e-23	0.0012747999862767756
1058	1e-23	0.0011906000436283648
1059	1e-23	0.0011086000013165176
1060	1e-23	0.0011631000088527799
1061	1e-23	0.0011422000243328512
1062	1e-23	0.00103270000545308
1063	1e-23	0.0010352999670431018
1064	1e-23	0.0010308999917469919
1065	1e-23	0.0011147999903187156
1066	1e-23	0.0010689999908208847
1067	1e-23	0.0010274999658577144
1068	1e-23	0.0010712000075727701
1069	1e-23	0.0010541999945417047
1070	1e-23	0.0012820999836549163
1071	1e-23	0.0011546000023372471
1072	1e-23	0.0010874000145122409
1073	1e-23	0.0011153999948874116
1074	1e-23	0.0010766000486910343
1075	1e-23	0.0011827999842353165
1076	1e-23	0.0011146999895572662
1077	1e-23	0.0011428000289015472
1078	1e-23	0.0012215999886393547
1079	1e-23	0.0011563000152818859
1080	1e-23	0.001133600017055869
1081	1e-23	0.001068499987013638
1082	1e-23	0.0012011000071652234
1083	1e-23	0.0012431999784894288
1084	1e-23	0.001010799955110997
1085	1e-23	0.001012600027024746
1086	1e-23	0.0011638000141829252
1087	1e-23	0.0012348000309430063
1088	1e-23	0.001128199975937605
1089	1e-23	0.0010833999840542674
1090	1e-23	0.001150699972640723
1091	1e-23	0.001160800049547106
1092	1e-23	0.0010627000010572374
1093	1e-23	0.001201000006403774
1094	1e-23	0.0011642000172287226
1095	1e-23	0.0011953000212088227
1096	1e-23	0.0011861000093631446
1097	1e-23	0.0010930999997071922
1098	1e-23	0.001129699987359345
1099	1e-23	0.0014640999725088477
1100	1e-23	0.0013923000078648329
1101	1e-23	0.0013370999949984252
1102	1e-23	0.0014590999926440418
1103	1e-23	0.0013806999777443707
1104	1e-23	0.0011612999951466918
1105	1e-23	0.001185600005555898
1106	1e-23	0.001118200016207993
1107	1e-23	0.001336999994236976
1108	1e-23	0.0013524999958463013
1109	1e-23	0.0012035999679937959
1110	1e-23	0.0011106999590992928
1111	1e-23	0.0010949999559670687
1112	1e-23	0.00107999995816499
1113	1e-23	0.0011367000406607985
1114	1e-23	0.0010218999814242125
1115	1e-23	0.0009510999661870301
1116	1e-23	0.0015205999952740967
1117	1e-23	0.001407699950505048
1118	1e-23	0.0011497000232338905
1119	1e-23	0.0012289999867789447
1120	1e-23	0.001206299988552928
1121	1e-23	0.001055500004440546
1122	1e-23	0.0014196000411175191
1123	1e-23	0.0012459999998100102
1124	1e-23	0.0011829999857582152
1125	1e-23	0.0010631000041030347
1126	1e-23	0.0011492999619804323
1127	1e-23	0.0011144999880343676
1128	1e-23	0.0011733999708667397
1129	1e-23	0.0012377999955788255
1130	1e-23	0.00133050000295043
1131	1e-23	0.0011921999976038933
1132	1e-23	0.001083299983292818
1133	1e-23	0.0012898999848403037
1134	1e-23	0.0011362000368535519
1135	1e-23	0.0010300999856553972
1136	1e-23	0.0014076000079512596
1137	1e-23	0.0011575999669730663
1138	1e-23	0.0010497999610379338
1139	1e-23	0.001083600043784827
1140	1e-23	0.0010517999762669206
1141	1e-23	0.0011338000185787678
1142	1e-23	0.0012018000124953687
1143	1e-23	0.0011959000257775187
1144	1e-23	0.0011633000103756785
1145	1e-23	0.0013167000142857432
1146	1e-23	0.0012335999635979533
1147	1e-23	0.001221099984832108
1148	1e-23	0.0012339999666437507
1149	1e-23	0.0012827000464312732
1150	1e-23	0.0012509999796748161
1151	1e-23	0.0011596999829635024
1152	1e-23	0.0012194000300951302
1153	1e-23	0.00121489999582991
1154	1e-23	0.0012193999718874693
1155	1e-23	0.0011552000069059432
1156	1e-23	0.0011912999907508492
1157	1e-23	0.0013213000493124127
1158	1e-23	0.0012322000111453235
1159	1e-23	0.0012017000117339194
1160	1e-23	0.0011276999721303582
1161	1e-23	0.0011975000379607081
1162	1e-23	0.0011735999723896384
1163	1e-23	0.0012240000069141388
1164	1e-23	0.0011063999845646322
1165	1e-23	0.0010944000096060336
1166	1e-23	0.0011547000030986965
1167	1e-23	0.0012153999996371567
1168	1e-23	0.0011191999656148255
1169	1e-23	0.0011171000078320503
1170	1e-23	0.0015687000122852623
1171	1e-23	0.0013217999949119985
1172	1e-23	0.0011329000117257237
1173	1e-23	0.001166400033980608
1174	1e-23	0.0011500000255182385
1175	1e-23	0.0011547000030986965
1176	1e-23	0.001422500004991889
1177	1e-23	0.0015752000035718083
1178	1e-23	0.0011885999701917171
1179	1e-23	0.0010803000186569989
1180	1e-23	0.001050200022291392
1181	1e-23	0.0014536000089719892
1182	1e-23	0.0013395000132732093
1183	1e-23	0.0012442999868653715
1184	1e-23	0.0011691999970935285
1185	1e-23	0.001276399998459965
1186	1e-23	0.001256600022315979
1187	1e-23	0.0015725999837741256
1188	1e-23	0.001110500015784055
1189	1e-23	0.0011490999604575336
1190	1e-23	0.0011621000012382865
1191	1e-23	0.0011842999956570566
1192	1e-23	0.001153399993199855
1193	1e-23	0.0012466000043787062
1194	1e-23	0.001220199977979064
1195	1e-23	0.0010748999775387347
1196	1e-23	0.0012280000373721123
1197	1e-23	0.0011632999521680176
1198	1e-23	0.0012156000011600554
1199	1e-23	0.0011476000072434545
1200	1e-23	0.0012605999945662916
1201	1e-23	0.001184699998702854
1202	1e-23	0.0011745999800041318
1203	1e-23	0.001153099990915507
1204	1e-23	0.0013248000177554786
1205	1e-23	0.0012956000282429159
1206	1e-23	0.0012398999533616006
1207	1e-23	0.0012268999707885087
1208	1e-23	0.0010902000358328223
1209	1e-23	0.0011965000303462148
1210	1e-23	0.0011642000172287226
1211	1e-23	0.0011699000024236739
1212	1e-23	0.0011810999712906778
1213	1e-23	0.0012818999821320176
1214	1e-23	0.0011661999742500484
1215	1e-23	0.0011248000082559884
1216	1e-23	0.0011409000144340098
1217	1e-23	0.0010639000101946294
1218	1e-23	0.0011072999914176762
1219	1e-23	0.0011912999907508492
1220	1e-23	0.0012371999910101295
1221	1e-23	0.001137100043706596
1222	1e-23	0.0010813000262714922
1223	1e-23	0.0011612999951466918
1224	1e-23	0.001187400019261986
1225	1e-23	0.0011495000217109919
1226	1e-23	0.0012447999906726182
1227	1e-23	0.0011060999822802842
1228	1e-23	0.0010543999960646033
1229	1e-23	0.0010922999936155975
1230	1e-23	0.0011541999992914498
1231	1e-23	0.001064100011717528
1232	1e-23	0.001047800004016608
1233	1e-23	0.0012112000258639455
1234	1e-23	0.0011755999876186252
1235	1e-23	0.0010994999902322888
1236	1e-23	0.0011141000431962311
1237	1e-23	0.0011357999756000936
1238	1e-23	0.0011381000513210893
1239	1e-23	0.001137099985498935
1240	1e-23	0.0011095000081695616
1241	1e-23	0.0010924999951384962
1242	1e-23	0.001083899987861514
1243	1e-23	0.0010290000354871154
1244	1e-23	0.0011550000053830445
1245	1e-23	0.0011397999478504062
1246	1e-23	0.0011511999764479697
1247	1e-23	0.0012245000107213855
1248	1e-23	0.0012039000284858048
1249	1e-23	0.0011334000155329704
1250	1e-23	0.0010524000390432775
1251	1e-23	0.001096600026357919
1252	1e-23	0.001131800003349781
1253	1e-23	0.0010605999850668013
1254	1e-23	0.0010701999999582767
1255	1e-23	0.0011731000267900527
1256	1e-23	0.0011522999848239124
1257	1e-23	0.0010175000061281025
1258	1e-23	0.001047199999447912
1259	1e-23	0.0011368999839760363
1260	1e-23	0.0012418999685905874
1261	1e-23	0.0010528999846428633
1262	1e-23	0.0011095000081695616
1263	1e-23	0.0010534000466577709
1264	1e-23	0.0010204000282101333
1265	1e-23	0.0010656000231392682
1266	1e-23	0.0011399000068195164
1267	1e-23	0.0011104000150226057
1268	1e-23	0.0010870000114664435
1269	1e-23	0.0010421000188216567
1270	1e-23	0.0010890999692492187
1271	1e-23	0.0010596999782137573
1272	1e-23	0.0010579000227153301
1273	1e-23	0.0012199999764561653
1274	1e-23	0.0012520999880507588
1275	1e-23	0.0012571000261232257
1276	1e-23	0.001150099968072027
1277	1e-23	0.0011538999970071018
1278	1e-23	0.0011623000027611852
1279	1e-23	0.0011276999721303582
1280	1e-23	0.0011310999980196357
1281	1e-23	0.001177300000563264
1282	1e-23	0.0011731000267900527
1283	1e-23	0.0011582999723032117
1284	1e-23	0.0012872000224888325
1285	1e-23	0.0012318000080995262
1286	1e-23	0.001191499992273748
1287	1e-23	0.0013257000246085227
1288	1e-23	0.0011269999668002129
1289	1e-23	0.0011132999788969755
1290	1e-23	0.0011786999530158937
1291	1e-23	0.0012192000285722315
1292	1e-23	0.001172900025267154
1293	1e-23	0.0010899999761022627
1294	1e-23	0.0011822999804280698
1295	1e-23	0.0012262000236660242
1296	1e-23	0.0011956999660469592
1297	1e-23	0.0011712000123225152
1298	1e-23	0.0011820000363513827
1299	1e-23	0.0011646999628283083
1300	1e-23	0.0012113000266253948
1301	1e-23	0.0012478000135160983
1302	1e-23	0.0011859999503940344
1303	1e-23	0.0012586999800987542
1304	1e-23	0.0011064999853260815
1305	1e-23	0.0012601999915204942
1306	1e-23	0.00119859998812899
1307	1e-23	0.0011335000162944198
1308	1e-23	0.0011798000195994973
1309	1e-23	0.0011534999939613044
1310	1e-23	0.00106969999615103
1311	1e-23	0.001276399998459965
1312	1e-23	0.0012014999520033598
1313	1e-23	0.0011494000209495425
1314	1e-23	0.0011226999922655523
1315	1e-23	0.0012339999666437507
1316	1e-23	0.0011912999907508492
1317	1e-23	0.001153099990915507
1318	1e-23	0.0011861000093631446
1319	1e-23	0.0011386999976821244
1320	1e-23	0.0011391000007279217
1321	1e-23	0.0011138000409118831
1322	1e-23	0.0011836999910883605
1323	1e-23	0.0011024000123143196
1324	1e-23	0.001158399973064661
1325	1e-23	0.0011042000260204077
1326	1e-23	0.001067900040652603
1327	1e-23	0.0010718000121414661
1328	1e-23	0.0009913999820128083
1329	1e-23	0.0010697999969124794
1330	1e-23	0.0010139999794773757
1331	1e-23	0.0010541999945417047
1332	1e-23	0.0010474000009708107
1333	1e-23	0.0010771999950520694
1334	1e-23	0.0010162999969907105
1335	1e-23	0.001039499999023974
1336	1e-23	0.00107559998286888
1337	1e-23	0.001157500024419278
1338	1e-23	0.001525099971331656
1339	1e-23	0.0012237000046297908
1340	1e-23	0.0013186000287532806
1341	1e-23	0.0011715000146068633
1342	1e-23	0.0011606000480242074
1343	1e-23	0.0011301999911665916
1344	1e-23	0.0011322000063955784
1345	1e-23	0.0010756999836303294
1346	1e-23	0.0012434000382199883
1347	1e-23	0.00117350002983585
1348	1e-23	0.0010978999780490994
1349	1e-23	0.0010160999954678118
1350	1e-23	0.0010997999925166368
1351	1e-23	0.0011620000004768372
1352	1e-23	0.0012261999654583633
1353	1e-23	0.0011922999983653426
1354	1e-23	0.0011560000129975379
1355	1e-23	0.0011015000054612756
1356	1e-23	0.0010759999859146774
1357	1e-23	0.0010792999528348446
1358	1e-23	0.0011585999745875597
1359	1e-23	0.0010055999737232924
1360	1e-23	0.0009975000284612179
1361	1e-23	0.0010606000432744622
1362	1e-23	0.0010445999796502292
1363	1e-23	0.0009865000029094517
1364	1e-23	0.0009966000216081738
1365	1e-23	0.0012053000391460955
1366	1e-23	0.001115799997933209
1367	1e-23	0.0011435000342316926
1368	1e-23	0.0010775999980978668
1369	1e-23	0.0009994999854825437
1370	1e-23	0.0011124999728053808
1371	1e-23	0.0011162000009790063
1372	1e-23	0.0010771999950520694
1373	1e-23	0.0011381999938748777
1374	1e-23	0.0010668000322766602
1375	1e-23	0.0010175000061281025
1376	1e-23	0.001101600006222725
1377	1e-23	0.0011464999988675117
1378	1e-23	0.0011066999868489802
1379	1e-23	0.0011902000405825675
1380	1e-23	0.0011574000236578286
1381	1e-23	0.0011374999885447323
1382	1e-23	0.001013499975670129
1383	1e-23	0.0010760999866761267
1384	1e-23	0.0010792000102810562
1385	1e-23	0.0010805000201798975
1386	1e-23	0.001146299997344613
1387	1e-23	0.0011424000258557498
1388	1e-23	0.001103100017644465
1389	1e-23	0.0010858000023290515
1390	1e-23	0.0011688999948091805
1391	1e-23	0.001167000038549304
1392	1e-23	0.0011884000268764794
1393	1e-23	0.0009904000326059759
1394	1e-23	0.0010920999920926988
1395	1e-23	0.0011589000350795686
1396	1e-23	0.0010205000289715827
1397	1e-23	0.0010084000532515347
1398	1e-23	0.001115199993364513
1399	1e-23	0.0011543000000528991
1400	1e-23	0.0011073999921791255
1401	1e-23	0.0011098000104539096
1402	1e-23	0.0011687000514939427
1403	1e-23	0.0011687999940477312
1404	1e-23	0.0010843999916687608
1405	1e-23	0.0011332000140100718
1406	1e-23	0.0011627000058069825
1407	1e-23	0.0011359999771229923
1408	1e-23	0.00121489999582991
1409	1e-23	0.001159299979917705
1410	1e-23	0.0011026999563910067
1411	1e-23	0.0010495999595150352
1412	1e-23	0.0011206999770365655
1413	1e-23	0.0010789000079967082
1414	1e-23	0.0010517999762669206
1415	1e-23	0.0010053999722003937
1416	1e-23	0.001072899962309748
1417	1e-23	0.0010121999657712877
1418	1e-23	0.0009885000181384385
1419	1e-23	0.0013663999852724373
1420	1e-23	0.0010963999666273594
1421	1e-23	0.001127899973653257
1422	1e-23	0.0010457999887876213
1423	1e-23	0.0011740999761968851
1424	1e-23	0.0011416999623179436
1425	1e-23	0.0011009000008925796
1426	1e-23	0.00106519996188581
1427	1e-23	0.0011159999994561076
1428	1e-23	0.0010489000123925507
1429	1e-23	0.0011368999839760363
1430	1e-23	0.0011065999860875309
1431	1e-23	0.0010777999996207654
1432	1e-23	0.0012045999756082892
1433	1e-23	0.0012360999826341867
1434	1e-23	0.0010722000151872635
1435	1e-23	0.001074100029654801
1436	1e-23	0.0009812000207602978
1437	1e-23	0.0009486000053584576
1438	1e-23	0.001118800020776689
1439	1e-23	0.0010769000509753823
1440	1e-23	0.0012266000267118216
1441	1e-23	0.001091000041924417
1442	1e-23	0.0012134999851696193
1443	1e-23	0.0011149000492878258
1444	1e-23	0.001066999975591898
1445	1e-23	0.0010788999497890472
1446	1e-23	0.0012711999588645995
1447	1e-23	0.0011187000200152397
1448	1e-23	0.0012455999967642128
1449	1e-23	0.0011443000403232872
1450	1e-23	0.0010514999739825726
1451	1e-23	0.0010801000171341002
1452	1e-23	0.0011544000008143485
1453	1e-23	0.0010581999667920172
1454	1e-23	0.0010308999917469919
1455	1e-23	0.0011209999793209136
1456	1e-23	0.0010996999917551875
1457	1e-23	0.0010631000041030347
1458	1e-23	0.001056700013577938
1459	1e-23	0.001151599979493767
1460	1e-23	0.0012817999813705683
1461	1e-23	0.001199199992697686
1462	1e-23	0.0012332000187598169
1463	1e-23	0.0010670000337995589
1464	1e-23	0.0010378999868407845
1465	1e-23	0.001033300010021776
1466	1e-23	0.001131199998781085
1467	1e-23	0.0010896999738179147
1468	1e-23	0.001044000033289194
1469	1e-23	0.0010719000129029155
1470	1e-23	0.0011632000096142292
1471	1e-23	0.001104600029066205
1472	1e-23	0.0010179000091738999
1473	1e-23	0.001178200007416308
1474	1e-23	0.0010603999835439026
1475	1e-23	0.0011119000264443457
1476	1e-23	0.0011343000223860145
1477	1e-23	0.001097800035495311
1478	1e-23	0.001083299983292818
1479	1e-23	0.0010689999908208847
1480	1e-23	0.0010573999607004225
1481	1e-23	0.001150999974925071
1482	1e-23	0.001082400034647435
1483	1e-23	0.0010508000268600881
1484	1e-23	0.0010476000024937093
1485	1e-23	0.0010362999746575952
1486	1e-23	0.0012870999635197222
1487	1e-23	0.0012197999749332666
1488	1e-23	0.001112300029490143
1489	1e-23	0.0012809000327251852
1490	1e-23	0.00165940000442788
1491	1e-23	0.001125900016631931
1492	1e-23	0.0011054000351577997
1493	1e-23	0.0010418000165373087
1494	1e-23	0.0010938000050373375
1495	1e-23	0.001066999975591898
1496	1e-23	0.001110799959860742
1497	1e-23	0.0011224999907426536
1498	1e-23	0.0013859000173397362
1499	1e-23	0.0018210000125691295
1500	1e-23	0.0011616999981924891
1501	1e-23	0.001139800006058067
1502	1e-23	0.001103100017644465
1503	1e-23	0.0010631000041030347
1504	1e-23	0.001171100011561066
1505	1e-23	0.0011306999949738383
1506	1e-23	0.0011138000409118831
1507	1e-23	0.001088300021365285
1508	1e-23	0.0010408000089228153
1509	1e-23	0.001087700016796589
1510	1e-23	0.0010199000244028866
1511	1e-23	0.0010576000204309821
1512	1e-23	0.0013334999675862491
1513	1e-23	0.0012193000293336809
1514	1e-23	0.0011309999972581863
1515	1e-23	0.0010576000204309821
1516	1e-23	0.00121489999582991
1517	1e-23	0.0011527000460773706
1518	1e-23	0.001693099969998002
1519	1e-23	0.0018139000167138875
1520	1e-23	0.0016164000262506306
1521	1e-23	0.0017985999584197998
1522	1e-23	0.0016503999941051006
1523	1e-23	0.00135119998594746
1524	1e-23	0.0011110000195913017
1525	1e-23	0.0010281999711878598
1526	1e-23	0.0010096000041812658
1527	1e-23	0.001033600012306124
1528	1e-23	0.000998400035314262
1529	1e-23	0.0010664000292308629
1530	1e-23	0.001173799973912537
1531	1e-23	0.0011493999627418816
1532	1e-23	0.0011245999485254288
1533	1e-23	0.0010402000043541193
1534	1e-23	0.0010353000252507627
1535	1e-23	0.0010995000484399498
1536	1e-23	0.0011049999739043415
1537	1e-23	0.001173799973912537
1538	1e-23	0.001104299968574196
1539	1e-23	0.0012283999822102487
1540	1e-23	0.0010720000136643648
1541	1e-23	0.0010627000010572374
1542	1e-23	0.0013193999766372144
1543	1e-23	0.0012641999637708068
1544	1e-23	0.0012463000020943582
1545	1e-23	0.0011873000185005367
1546	1e-23	0.001193900010548532
1547	1e-23	0.0011304999934509397
1548	1e-23	0.0011044000275433064
1549	1e-23	0.0012906999909318984
1550	1e-23	0.0013371999957598746
1551	1e-23	0.0011292999843135476
1552	1e-23	0.0010914000449702144
1553	1e-23	0.0011243000044487417
1554	1e-23	0.001109600008931011
1555	1e-23	0.0011177000124007463
1556	1e-23	0.0011058999807573855
1557	1e-23	0.0011151000508107245
1558	1e-23	0.0011115999659523368
1559	1e-23	0.0010187000152654946
1560	1e-23	0.0010612999903969467
1561	1e-23	0.0010421999613754451
1562	1e-23	0.0013081000070087612
1563	1e-23	0.0013218999956734478
1564	1e-23	0.0011990999919362366
1565	1e-23	0.0012054999824613333
1566	1e-23	0.0011998999980278313
1567	1e-23	0.0011924999998882413
1568	1e-23	0.0010257000103592873
1569	1e-23	0.0010543999960646033
1570	1e-23	0.0011703000054694712
1571	1e-23	0.0011574000236578286
1572	1e-23	0.0011389999999664724
1573	1e-23	0.0010888000251725316
1574	1e-23	0.001024699944537133
1575	1e-23	0.0012651000288315117
1576	1e-23	0.0011758999899029732
1577	1e-23	0.0012473000097088516
1578	1e-23	0.0011295999865978956
1579	1e-23	0.0011799000203609467
1580	1e-23	0.0011777000036090612
1581	1e-23	0.0012107999646104872
1582	1e-23	0.0012203000369481742
1583	1e-23	0.001102200010791421
1584	1e-23	0.001137699990067631
1585	1e-23	0.0010486000101082027
1586	1e-23	0.0010580000234767795
1587	1e-23	0.0010547999991104007
1588	1e-23	0.0015725999837741256
1589	1e-23	0.001507100008893758
1590	1e-23	0.001400900015141815
1591	1e-23	0.0009959000162780285
1592	1e-23	0.0010947000118903816
1593	1e-23	0.001538700016681105
1594	1e-23	0.0013882999774068594
1595	1e-23	0.0011199999717064202
1596	1e-23	0.001487900037318468
1597	1e-23	0.0014300000038929284
1598	1e-23	0.0015219000051729381
1599	1e-23	0.0012348999734967947
1600	1e-23	0.0011104000150226057
1601	1e-23	0.0012080000014975667
1602	1e-23	0.0011641000164672732
1603	1e-23	0.0010467999964021146
1604	1e-23	0.001462699961848557
1605	1e-23	0.0017830999568104744
1606	1e-23	0.0016525999526493251
1607	1e-23	0.001663199975155294
1608	1e-23	0.0015906000044196844
1609	1e-23	0.0012317000073380768
1610	1e-23	0.0011860999511554837
1611	1e-23	0.0011692999978549778
1612	1e-23	0.0011069999891333282
1613	1e-23	0.0010665999725461006
1614	1e-23	0.0012884000316262245
1615	1e-23	0.0011644000187516212
1616	1e-23	0.0011012000031769276
1617	1e-23	0.001088600023649633
1618	1e-23	0.0010565000120550394
1619	1e-23	0.0010704000014811754
1620	1e-23	0.0011437999783083797
1621	1e-23	0.0011765000526793301
1622	1e-23	0.001295899972319603
1623	1e-23	0.0014566999743692577
1624	1e-23	0.0012756000505760312
1625	1e-23	0.0012107000220566988
1626	1e-23	0.00115720002213493
1627	1e-23	0.0011581999715417624
1628	1e-23	0.0011267000227235258
1629	1e-23	0.0011808000272139907
1630	1e-23	0.0010929999989457428
1631	1e-23	0.0010103999520651996
1632	1e-23	0.0010485000093467534
1633	1e-23	0.0008676999714225531
1634	1e-23	0.0009734000195749104
1635	1e-23	0.0017476999782957137
1636	1e-23	0.0012575999717228115
1637	1e-23	0.0011764000519178808
1638	1e-23	0.0011207000352442265
1639	1e-23	0.0014066000003367662
1640	1e-23	0.0012371999910101295
1641	1e-23	0.001103700022213161
1642	1e-23	0.0012073999969288707
1643	1e-23	0.0011193999671377242
1644	1e-23	0.001138299994636327
1645	1e-23	0.0011307999957352877
1646	1e-23	0.00115870003355667
1647	1e-23	0.0013518999912776053
1648	1e-23	0.001267199986614287
1649	1e-23	0.0012128999806009233
1650	1e-23	0.0010231999913230538
1651	1e-23	0.0010738999699242413
1652	1e-23	0.0010316999978385866
1653	1e-23	0.00158840004587546
1654	1e-23	0.000957300013396889
1655	1e-23	0.0010233999928459525
1656	1e-23	0.0009114000131376088
1657	1e-23	0.0010074999881908298
1658	1e-23	0.0009150999831035733
1659	1e-23	0.0011753999860957265
1660	1e-23	0.0011672000400722027
1661	1e-23	0.002127500018104911
1662	1e-23	0.0015712000313214958
1663	1e-23	0.0012648999691009521
1664	1e-23	0.0015518000000156462
1665	1e-23	0.0015539000160060823
1666	1e-23	0.00120749999769032
1667	1e-23	0.001333200023509562
1668	1e-23	0.0012505999766290188
1669	1e-23	0.0012394000077620149
1670	1e-23	0.0012379999971017241
1671	1e-23	0.0017003999673761427
1672	1e-23	0.0013024999643675983
1673	1e-23	0.0010884000221267343
1674	1e-23	0.0011189000215381384
1675	1e-23	0.0012629000120796263
1676	1e-23	0.0011138999834656715
1677	1e-23	0.001114599988795817
1678	1e-23	0.0011340000201016665
1679	1e-23	0.001115199993364513
1680	1e-23	0.0012233000015839934
1681	1e-23	0.0011242000036872923
1682	1e-23	0.001125300012063235
1683	1e-23	0.0010568000143393874
1684	1e-23	0.00117200001841411
1685	1e-23	0.0009673000313341618
1686	1e-23	0.0008854999905452132
1687	1e-23	0.0012305000564083457
1688	1e-23	0.0010988999856635928
1689	1e-23	0.00107409997144714
1690	1e-23	0.0011260000173933804
1691	1e-23	0.001070900005288422
1692	1e-23	0.0010662999702617526
1693	1e-23	0.0010593999759294093
1694	1e-23	0.0010112000163644552
1695	1e-23	0.001033000007737428
1696	1e-23	0.0009840000420808792
1697	1e-23	0.001095700019504875
1698	1e-23	0.0011689999955706298
1699	1e-23	0.0011624000035226345
1700	1e-23	0.0011736999731510878
1701	1e-23	0.0009383999858982861
1702	1e-23	0.0008841999806463718
1703	1e-23	0.0011285999789834023
1704	1e-23	0.0010086999973282218
1705	1e-23	0.0011963999713771045
1706	1e-23	0.0014736999874003232
1707	1e-23	0.0012923000031150877
1708	1e-23	0.001684799965005368
1709	1e-23	0.0016882999916560948
1710	1e-23	0.001581299991812557
1711	1e-23	0.0017392000299878418
1712	1e-23	0.0011650999658741057
1713	1e-23	0.0010579999652691185
1714	1e-23	0.0009945000056177378
1715	1e-23	0.0010998999932780862
1716	1e-23	0.0010019000037573278
1717	1e-23	0.001182100037112832
1718	1e-23	0.0013092000153847039
1719	1e-23	0.0015204999945126474
1720	1e-23	0.0015557999722659588
1721	1e-23	0.0011446999851614237
1722	1e-23	0.0017035999917425215
1723	1e-23	0.00137339998036623
1724	1e-23	0.0014114000368863344
1725	1e-23	0.0014422000385820866
1726	1e-23	0.0009224000386893749
1727	1e-23	0.0010068999836221337
1728	1e-23	0.0009471000521443784
1729	1e-23	0.0009616999886929989
1730	1e-23	0.0009068999788723886
1731	1e-23	0.0009453000384382904
1732	1e-23	0.0009193000150844455
1733	1e-23	0.0009719999507069588
1734	1e-23	0.0009471999946981668
1735	1e-23	0.0014817999908700585
1736	1e-23	0.0014235000126063824
1737	1e-23	0.0012432000366970897
1738	1e-23	0.0014119999832473695
1739	1e-23	0.001436999998986721
1740	1e-23	0.001665899995714426
1741	1e-23	0.0017417000490240753
1742	1e-23	0.001389399985782802
1743	1e-23	0.0013429999817162752
1744	1e-23	0.0016497999895364046
1745	1e-23	0.0013040999765507877
1746	1e-23	0.0011836999910883605
1747	1e-23	0.0013890000409446657
1748	1e-23	0.0010076999897137284
1749	1e-23	0.0013208999880589545
1750	1e-23	0.0011998999980278313
1751	1e-23	0.001006999984383583
1752	1e-23	0.0014684000052511692
1753	1e-23	0.001211299968417734
1754	1e-23	0.0015094999689608812
1755	1e-23	0.0012639000196941197
1756	1e-23	0.0013081000070087612
1757	1e-23	0.0009145999792963266
1758	1e-23	0.001361900009214878
1759	1e-23	0.0012724999687634408
1760	1e-23	0.0010824999772012234
1761	1e-23	0.0017021999810822308
1762	1e-23	0.001018500013742596
1763	1e-23	0.0010020000045187771
1764	1e-23	0.0010737000266090035
1765	1e-23	0.0010804000194184482
1766	1e-23	0.001222599996253848
1767	1e-23	0.0018289999570697546
1768	1e-23	0.001409200020134449
1769	1e-23	0.0015585999935865402
1770	1e-23	0.0013503000373020768
1771	1e-23	0.001546400017105043
1772	1e-23	0.0012034000246785581
1773	1e-23	0.0019321999861858785
1774	1e-23	0.001616800029296428
1775	1e-23	0.0009724999545142055
1776	1e-23	0.0013445999938994646
1777	1e-23	0.0012059000437147915
1778	1e-23	0.0017337999888695776
1779	1e-23	0.0016029999824240804
1780	1e-23	0.0012061999877914786
1781	1e-23	0.0013036999735049903
1782	1e-23	0.0016228000167757273
1783	1e-23	0.0016061000060290098
1784	1e-23	0.0009903000318445265
1785	1e-23	0.0012900999863632023
1786	1e-23	0.00124149996554479
1787	1e-23	0.0013847000082023442
1788	1e-23	0.0012755999923683703
1789	1e-23	0.0013158000074326992
1790	1e-23	0.0014956999802961946
1791	1e-23	0.0013230000040493906
1792	1e-23	0.0013924000086262822
1793	1e-23	0.0014839000068604946
1794	1e-23	0.0014586999895982444
1795	1e-23	0.0017339999903924763
1796	1e-23	0.0012071000528521836
1797	1e-23	0.0014955999795347452
1798	1e-23	0.0015386000159196556
1799	1e-23	0.0014855999615974724
1800	1e-23	0.001435799989849329
1801	1e-23	0.0016346999909728765
1802	1e-23	0.0014346999814733863
1803	1e-23	0.0014955999795347452
1804	1e-23	0.0009416000102646649
1805	1e-23	0.0010384000488556921
1806	1e-23	0.0010153999901376665
1807	1e-23	0.0011179999564774334
1808	1e-23	0.0011872000177390873
1809	1e-23	0.0010204999707639217
1810	1e-23	0.0009387999889440835
1811	1e-23	0.0009278000215999782
1812	1e-23	0.0012097000144422054
1813	1e-23	0.0013820999884046614
1814	1e-23	0.0010790000087581575
1815	1e-23	0.0008868000004440546
1816	1e-23	0.0011406000121496618
1817	1e-23	0.0014844000106677413
1818	1e-23	0.0013496999745257199
1819	1e-23	0.0011289000394754112
1820	1e-23	0.0011999999987892807
1821	1e-23	0.0009067999781109393
1822	1e-23	0.0008999999845400453
1823	1e-23	0.0011412999592721462
1824	1e-23	0.0017624999745748937
1825	1e-23	0.0016505999956279993
1826	1e-23	0.00124299997696653
1827	1e-23	0.0012390000047162175
1828	1e-23	0.0013812999823130667
1829	1e-23	0.0012314999476075172
1830	1e-23	0.001228500041179359
1831	1e-23	0.0010254000080749393
1832	1e-23	0.001039499999023974
1833	1e-23	0.001220500038471073
1834	1e-23	0.0016796999843791127
1835	1e-23	0.0009188000112771988
1836	1e-23	0.0009394999942742288
1837	1e-23	0.001130599994212389
1838	1e-23	0.001253599999472499
1839	1e-23	0.0012756999931298196
1840	1e-23	0.0017782999784685671
1841	1e-23	0.0014794999733567238
1842	1e-23	0.0010942000080831349
1843	1e-23	0.0010924999951384962
1844	1e-23	0.0013880000333301723
1845	1e-23	0.0013917000032961369
1846	1e-23	0.0010708000045269728
1847	1e-23	0.0013265000307001173
1848	1e-23	0.0013570000301115215
1849	1e-23	0.0010775999980978668
1850	1e-23	0.0015033999807201326
1851	1e-23	0.0011647999635897577
1852	1e-23	0.001089799974579364
1853	1e-23	0.001105500035919249
1854	1e-23	0.0011372000444680452
1855	1e-23	0.0010970999719575047
1856	1e-23	0.0010985999833792448
1857	1e-23	0.0011617999989539385
1858	1e-23	0.0011620000004768372
1859	1e-23	0.0012265000259503722
1860	1e-23	0.0011634000111371279
1861	1e-23	0.0011493000201880932
1862	1e-23	0.0013348999782465398
1863	1e-23	0.0011692999978549778
1864	1e-23	0.0011842999956570566
1865	1e-23	0.0011415000190027058
1866	1e-23	0.0010727000189945102
1867	1e-23	0.0010916999890469015
1868	1e-23	0.0011608999921008945
1869	1e-23	0.00118530000327155
1870	1e-23	0.001109900011215359
1871	1e-23	0.0010787000064738095
1872	1e-23	0.0011189000215381384
1873	1e-23	0.001068500045221299
1874	1e-23	0.0010035000159405172
1875	1e-23	0.0013622999540530145
1876	1e-23	0.0011620000004768372
1877	1e-23	0.0011101000127382576
1878	1e-23	0.0011220999876968563
1879	1e-23	0.0012621000059880316
1880	1e-23	0.0012373999925330281
1881	1e-23	0.0011981999850831926
1882	1e-23	0.001317800022661686
1883	1e-23	0.001220200036186725
1884	1e-23	0.0010790000087581575
1885	1e-23	0.0012045999756082892
1886	1e-23	0.001587799983099103
1887	1e-23	0.0012456999975256622
1888	1e-23	0.0014136999961920083
1889	1e-23	0.001418700034264475
1890	1e-23	0.0013765000039711595
1891	1e-23	0.0016379999578930438
1892	1e-23	0.0011784000089392066
1893	1e-23	0.0011428000289015472
1894	1e-23	0.0010860000038519502
1895	1e-23	0.0012651000288315117
1896	1e-23	0.0011659999727271497
1897	1e-23	0.0011005999986082315
1898	1e-23	0.0012388000031933188
1899	1e-23	0.0011023000115528703
1900	1e-23	0.001769999973475933
1901	1e-23	0.0012687999987974763
1902	1e-23	0.00109479995444417
1903	1e-23	0.0013284000451676548
1904	1e-23	0.0014463000115938485
1905	1e-23	0.00136599998222664
1906	1e-23	0.0011394000030122697
1907	1e-23	0.0009961000178009272
1908	1e-23	0.001083300041500479
1909	1e-23	0.0012212999863550067
1910	1e-23	0.001572699984535575
1911	1e-23	0.0017101999837905169
1912	1e-23	0.0011295999865978956
1913	1e-23	0.0010190000175498426
1914	1e-23	0.0012649999698624015
1915	1e-23	0.0011498000239953399
1916	1e-23	0.000985099992249161
1917	1e-23	0.0010634999489411712
1918	1e-23	0.0010890999692492187
1919	1e-23	0.0011129999766126275
1920	1e-23	0.0010550000006332994
1921	1e-23	0.00118090002797544
1922	1e-23	0.0012489999644458294
1923	1e-23	0.0010500999633222818
1924	1e-23	0.0013559000217355788
1925	1e-23	0.0012419999693520367
1926	1e-23	0.0011705999495461583
1927	1e-23	0.0012389000039547682
1928	1e-23	0.0012936999555677176
1929	1e-23	0.0011116000241599977
1930	1e-23	0.0011162000009790063
1931	1e-23	0.0013225000002421439
1932	1e-23	0.0013882999774068594
1933	1e-23	0.0011181999580003321
1934	1e-23	0.00109039997914806
1935	1e-23	0.001130899996496737
1936	1e-23	0.001104000024497509
1937	1e-23	0.0014652000390924513
1938	1e-23	0.0011804000241681933
1939	1e-23	0.0012138999882154167
1940	1e-23	0.0012185999657958746
1941	1e-23	0.0011289000394754112
1942	1e-23	0.0012839999981224537
1943	1e-23	0.001234699971973896
1944	1e-23	0.001153399993199855
1945	1e-23	0.0012397000100463629
1946	1e-23	0.0012199000339023769
1947	1e-23	0.0012963000335730612
1948	1e-23	0.0013714999658986926
1949	1e-23	0.0015163000207394361
1950	1e-23	0.0012764999992214143
1951	1e-23	0.0011614999966695905
1952	1e-23	0.001267499988898635
1953	1e-23	0.0012241000076755881
1954	1e-23	0.0011689999955706298
1955	1e-23	0.001213099982123822
1956	1e-23	0.0012550000101327896
1957	1e-23	0.0012254000175744295
1958	1e-23	0.0011502999695949256
1959	1e-23	0.0011489000171422958
1960	1e-23	0.0015113000408746302
1961	1e-23	0.001448199967853725
1962	1e-23	0.0012135999859310687
1963	1e-23	0.0013370999949984252
1964	1e-23	0.001299199997447431
1965	1e-23	0.001248299959115684
1966	1e-23	0.0012679999927058816
1967	1e-23	0.001193600008264184
1968	1e-23	0.001349999976810068
1969	1e-23	0.0013982000527903438
1970	1e-23	0.0010676999809220433
1971	1e-23	0.0010769000509753823
1972	1e-23	0.001061399991158396
1973	1e-23	0.0012564000207930803
1974	1e-23	0.0012002000003121793
1975	1e-23	0.001074100029654801
1976	1e-23	0.0011129999766126275
1977	1e-23	0.0011287000379525125
1978	1e-23	0.0011218999861739576
1979	1e-23	0.0010783000034280121
1980	1e-23	0.001088000019080937
1981	1e-23	0.0011672000400722027
1982	1e-23	0.0011578999692574143
1983	1e-23	0.0011812999728135765
1984	1e-23	0.001172600022982806
1985	1e-23	0.0011045999708585441
1986	1e-23	0.0012662999797612429
1987	1e-23	0.0016182000399567187
1988	1e-23	0.0011322999489493668
1989	1e-23	0.0012865999597124755
1990	1e-23	0.0011622000019997358
1991	1e-23	0.0011322000063955784
1992	1e-23	0.001233500021044165
1993	1e-23	0.0011366999824531376
1994	1e-23	0.0011478999513201416
1995	1e-23	0.001083299983292818
1996	1e-23	0.0011063999845646322
1997	1e-23	0.001159300038125366
1998	1e-23	0.0011198999709449708
1999	1e-23	0.0010848999954760075
2000	1e-23	0.001035100023727864
2001	1e-23	0.001046299992594868
2002	1e-23	0.0011799000203609467
2003	1e-23	0.0011091000051237643
2004	1e-23	0.0010474000009708107
2005	1e-23	0.001072899962309748
2006	1e-23	0.0010577000211924314
2007	1e-23	0.0010173000046052039
2008	1e-23	0.0010528999846428633
2009	1e-23	0.001088600023649633
2010	1e-23	0.0010660000261850655
2011	1e-23	0.001088900025933981
2012	1e-23	0.0013589999871328473
2013	1e-23	0.001080900023225695
2014	1e-23	0.0010658000246621668
2015	1e-23	0.0010543999960646033
2016	1e-23	0.001091000041924417
2017	1e-23	0.001068499987013638
2018	1e-23	0.0011270000250078738
2019	1e-23	0.0011721999617293477
2020	1e-23	0.001149799965787679
2021	1e-23	0.0011402000091038644
2022	1e-23	0.001144799985922873
2023	1e-23	0.0011274000280536711
2024	1e-23	0.0011014000046998262
2025	1e-23	0.0013697999529540539
2026	1e-23	0.0011743000359274447
2027	1e-23	0.0011005999986082315
2028	1e-23	0.001162799948360771
2029	1e-23	0.0010723000159487128
2030	1e-23	0.0012736999779008329
2031	1e-23	0.0010819999733939767
2032	1e-23	0.0010096000041812658
2033	1e-23	0.0011202999739907682
2034	1e-23	0.0010268999612890184
2035	1e-23	0.0009764999849721789
2036	1e-23	0.0009890000219456851
2037	1e-23	0.0011517000384628773
2038	1e-23	0.0011464999988675117
2039	1e-23	0.001263700018171221
2040	1e-23	0.0011348000261932611
2041	1e-23	0.0011537999962456524
2042	1e-23	0.0012493000249378383
2043	1e-23	0.0011168000055477023
2044	1e-23	0.0012448999914340675
2045	1e-23	0.0011968999751843512
2046	1e-23	0.0011501999688334763
2047	1e-23	0.0011255000135861337
2048	1e-23	0.0013176000211387873
2049	1e-23	0.001514500007033348
2050	1e-23	0.001138300052843988
2051	1e-23	0.001080899965018034
2052	1e-23	0.0013390000094659626
2053	1e-23	0.001071999955456704
2054	1e-23	0.0011892999755218625
2055	1e-23	0.001291499997023493
2056	1e-23	0.0014942000270821154
2057	1e-23	0.0014472000184468925
2058	1e-23	0.0011178000131621957
2059	1e-23	0.00117200001841411
2060	1e-23	0.0011405000113882124
2061	1e-23	0.0010782000026665628
2062	1e-23	0.001095100014936179
2063	1e-23	0.001088000019080937
2064	1e-23	0.0011609999928623438
2065	1e-23	0.0011348999687470496
2066	1e-23	0.0011275999713689089
2067	1e-23	0.001106400042772293
2068	1e-23	0.0010735000250861049
2069	1e-23	0.0010574000189080834
2070	1e-23	0.0010896999738179147
2071	1e-23	0.001153699995484203
2072	1e-23	0.0011811000294983387
2073	1e-23	0.0011210000375285745
2074	1e-23	0.0010889999684877694
2075	1e-23	0.001164000015705824
2076	1e-23	0.0010943999513983727
2077	1e-23	0.0011866999557241797
2078	1e-23	0.0012513999827206135
2079	1e-23	0.0011524000437930226
2080	1e-23	0.0011197999701835215
2081	1e-23	0.0012304999982006848
2082	1e-23	0.0012512999819591641
2083	1e-23	0.0011183000169694424
2084	1e-23	0.0010458999895490706
2085	1e-23	0.0010192999616265297
2086	1e-23	0.0010883999639190733
2087	1e-23	0.0010997999925166368
2088	1e-23	0.0011354999733157456
2089	1e-23	0.0009830000344663858
2090	1e-23	0.0013064999948255718
2091	1e-23	0.001267799991182983
2092	1e-23	0.0011414000182412565
2093	1e-23	0.0009964000200852752
2094	1e-23	0.000978900003246963
2095	1e-23	0.0011205999762751162
2096	1e-23	0.0011131999781355262
2097	1e-23	0.001004599966108799
2098	1e-23	0.0009614000446163118
2099	1e-23	0.0009535999852232635
2100	1e-23	0.0009812999633140862
2101	1e-23	0.0010810999665409327
2102	1e-23	0.0009219000348821282
2103	1e-23	0.0009985000360757113
2104	1e-23	0.0010784000041894615
2105	1e-23	0.001262200006749481
2106	1e-23	0.001187700021546334
2107	1e-23	0.0011328999535180628
2108	1e-23	0.0011253999546170235
2109	1e-23	0.0010568000143393874
2110	1e-23	0.0010203999700024724
2111	1e-23	0.0010526999831199646
2112	1e-23	0.0010844999924302101
2113	1e-23	0.001008200051728636
2114	1e-23	0.0009951000101864338
2115	1e-23	0.0014195999829098582
2116	1e-23	0.0013562000240199268
2117	1e-23	0.001361900009214878
2118	1e-23	0.0012593999854288995
2119	1e-23	0.0012314000050537288
2120	1e-23	0.0011746999807655811
2121	1e-23	0.0010393999982625246
2122	1e-23	0.001123499998357147
2123	1e-23	0.0010912999860011041
2124	1e-23	0.0011569000198505819
2125	1e-23	0.0011221999884583056
2126	1e-23	0.001157500024419278
2127	1e-23	0.0011104000150226057
2128	1e-23	0.0010898999753408134
2129	1e-23	0.0010637999512255192
2130	1e-23	0.0011258999584242702
2131	1e-23	0.0012354999780654907
2132	1e-23	0.0013102000229991972
2133	1e-23	0.0015513999969698489
2134	1e-23	0.001208700006827712
2135	1e-23	0.0010590000310912728
2136	1e-23	0.0011480000102892518
2137	1e-23	0.0011425999691709876
2138	1e-23	0.0011002999963238835
2139	1e-23	0.001151299977209419
2140	1e-23	0.0012023000163026154
2141	1e-23	0.001136799983214587
2142	1e-23	0.0015511999954469502
2143	1e-23	0.0013818999868817627
2144	1e-23	0.0012157000019215047
2145	1e-23	0.0011180999572388828
2146	1e-23	0.0011411000159569085
2147	1e-23	0.0010813999688252807
2148	1e-23	0.0010454999865032732
2149	1e-23	0.0011268999660387635
2150	1e-23	0.0011273000272922218
2151	1e-23	0.001123800000641495
2152	1e-23	0.0010379999876022339
2153	1e-23	0.0011383999953977764
2154	1e-23	0.0011258000158704817
2155	1e-23	0.0010568000143393874
2156	1e-23	0.0011696000001393259
2157	1e-23	0.0011446999851614237
2158	1e-23	0.0010495000169612467
2159	1e-23	0.001076500047929585
2160	1e-23	0.0012089000083506107
2161	1e-23	0.0012449999921955168
2162	1e-23	0.0012023999588564038
2163	1e-23	0.0010910999844782054
2164	1e-23	0.0011631999514065683
2165	1e-23	0.0011149999918416142
2166	1e-23	0.0014537000097334385
2167	1e-23	0.0010990999871864915
2168	1e-23	0.001201000006403774
2169	1e-23	0.0014473000192083418
2170	1e-23	0.0013001000043004751
2171	1e-23	0.001255700015462935
2172	1e-23	0.0011480000102892518
2173	1e-23	0.0012422999716363847
2174	1e-23	0.0011903999838978052
2175	1e-23	0.0012360999826341867
2176	1e-23	0.0011149999918416142
2177	1e-23	0.0012034000246785581
2178	1e-23	0.0011947000166401267
2179	1e-23	0.0011638000141829252
2180	1e-23	0.0012231000000610948
2181	1e-23	0.0012980999890714884
2182	1e-23	0.0012034999672323465
2183	1e-23	0.0012169000110588968
2184	1e-23	0.001133000012487173
2185	1e-23	0.0011162000009790063
2186	1e-23	0.0011210999800823629
2187	1e-23	0.0011760000488720834
2188	1e-23	0.0011747999815270305
2189	1e-23	0.0010788000072352588
2190	1e-23	0.0010997000499628484
2191	1e-23	0.0012778000091202557
2192	1e-23	0.0013277999823912978
2193	1e-23	0.001228799985256046
2194	1e-23	0.001279100019019097
2195	1e-23	0.001229399989824742
2196	1e-23	0.0011939999531023204
2197	1e-23	0.0012155999429523945
2198	1e-23	0.001220199977979064
2199	1e-23	0.0011749999830499291
2200	1e-23	0.0011701000039465725
2201	1e-23	0.0011591999791562557
2202	1e-23	0.0010534000466577709
2203	1e-23	0.0011133999796584249
2204	1e-23	0.0011251999530941248
2205	1e-23	0.0011402000091038644
2206	1e-23	0.0010999999940395355
2207	1e-23	0.0012184000224806368
2208	1e-23	0.0011570000206120312
2209	1e-23	0.001145999995060265
2210	1e-23	0.0010793000110425055
2211	1e-23	0.0011882000253535807
2212	1e-23	0.0011340999626554549
2213	1e-23	0.0011827999842353165
2214	1e-23	0.0011826000409200788
2215	1e-23	0.0011919999960809946
2216	1e-23	0.0011331000132486224
2217	1e-23	0.0011201999732293189
2218	1e-23	0.0011887000291608274
2219	1e-23	0.0011869000154547393
2220	1e-23	0.001236499985679984
2221	1e-23	0.0012147999950684607
2222	1e-23	0.0012721999664790928
2223	1e-23	0.0011613999959081411
2224	1e-23	0.0011065999860875309
2225	1e-23	0.0011554000084288418
2226	1e-23	0.0012127000372856855
2227	1e-23	0.0011195999686606228
2228	1e-23	0.0011949999607168138
2229	1e-23	0.0012085000053048134
2230	1e-23	0.001167300040833652
2231	1e-23	0.0011787000112235546
2232	1e-23	0.0011966999736614525
2233	1e-23	0.0013003000058233738
2234	1e-23	0.0011673999833874404
2235	1e-23	0.001117600011639297
2236	1e-23	0.0012152999988757074
2237	1e-23	0.0011405000113882124
2238	1e-23	0.0011812999728135765
2239	1e-23	0.001192399999126792
2240	1e-23	0.001150700030848384
2241	1e-23	0.0011768999975174665
2242	1e-23	0.0011961000273004174
2243	1e-23	0.0010889999684877694
2244	1e-23	0.0010921999928541481
2245	1e-23	0.0011647000210359693
2246	1e-23	0.0014143000007607043
2247	1e-23	0.001241799967829138
2248	1e-23	0.0011743000359274447
2249	1e-23	0.0011553000076673925
2250	1e-23	0.0011106000165455043
2251	1e-23	0.0011048000305891037
2252	1e-23	0.001110800018068403
2253	1e-23	0.0010918999905698001
2254	1e-23	0.001068499987013638
2255	1e-23	0.0010482999496161938
2256	1e-23	0.0011756999883800745
2257	1e-23	0.0010953000164590776
2258	1e-23	0.0010318999993614852
2259	1e-23	0.0012298999936319888
2260	1e-23	0.00124889996368438
2261	1e-23	0.0011906999861821532
2262	1e-23	0.001196000026538968
2263	1e-23	0.0011675000423565507
2264	1e-23	0.0011628000065684319
2265	1e-23	0.0011158999986946583
2266	1e-23	0.001174100034404546
2267	1e-23	0.0011516999802552164
2268	1e-23	0.001137399987783283
2269	1e-23	0.0011106000165455043
2270	1e-23	0.001133600017055869
2271	1e-23	0.001089800032787025
2272	1e-23	0.0011531999916769564
2273	1e-23	0.0011431000311858952
2274	1e-23	0.001158100028987974
2275	1e-23	0.0011391000007279217
2276	1e-23	0.0011896999785676599
2277	1e-23	0.0011650000233203173
2278	1e-23	0.0011656999704428017
2279	1e-23	0.0010086999973282218
2280	1e-23	0.0016017999732866883
2281	1e-23	0.0011878000223077834
2282	1e-23	0.0012203999795019627
2283	1e-23	0.00119270000141114
2284	1e-23	0.001242100028321147
2285	1e-23	0.001283799996599555
2286	1e-23	0.0011908000451512635
2287	1e-23	0.0011485000140964985
2288	1e-23	0.001136199978645891
2289	1e-23	0.0013442999916151166
2290	1e-23	0.0011441000388003886
2291	1e-23	0.0011697000009007752
2292	1e-23	0.0010637000086717308
2293	1e-23	0.0010099000064656138
2294	1e-23	0.0011628000065684319
2295	1e-23	0.001069399993866682
2296	1e-23	0.001012600027024746
2297	1e-23	0.001021500036586076
2298	1e-23	0.0011672000400722027
2299	1e-23	0.001236799987964332
2300	1e-23	0.0011879999656230211
2301	1e-23	0.0011998999980278313
2302	1e-23	0.0011882999679073691
2303	1e-23	0.001152200042270124
2304	1e-23	0.0011529999901540577
2305	1e-23	0.0010840000468306243
2306	1e-23	0.0010301999864168465
2307	1e-23	0.0010065999813377857
2308	1e-23	0.0011112999636679888
2309	1e-23	0.0011844999971799552
2310	1e-23	0.0011682999902404845
2311	1e-23	0.0011508999741636217
2312	1e-23	0.001180000021122396
2313	1e-23	0.001164300017990172
2314	1e-23	0.0010906000388786197
2315	1e-23	0.0011355000315234065
2316	1e-23	0.0010787000064738095
2317	1e-23	0.001098100037779659
2318	1e-23	0.0010469999979250133
2319	1e-23	0.0011586000327952206
2320	1e-23	0.0011038000229746103
2321	1e-23	0.00106380000943318
2322	1e-23	0.0010258000111207366
2323	1e-23	0.0010718000121414661
2324	1e-23	0.0010436000302433968
2325	1e-23	0.0010661999695003033
2326	1e-23	0.0012638000189326704
2327	1e-23	0.0011778000043705106
2328	1e-23	0.0012114000273868442
2329	1e-23	0.0011245000059716403
2330	1e-23	0.0011876000207848847
2331	1e-23	0.0012283999822102487
2332	1e-23	0.0011770999990403652
2333	1e-23	0.0011673999833874404
2334	1e-23	0.001164900022558868
2335	1e-23	0.0010409000096842647
2336	1e-23	0.0010927999974228442
2337	1e-23	0.0011381999938748777
2338	1e-23	0.0016692000208422542
2339	1e-23	0.0013222999987192452
2340	1e-23	0.001213099982123822
2341	1e-23	0.0010288000339642167
2342	1e-23	0.0009932999964803457
2343	1e-23	0.0011217999854125082
2344	1e-23	0.0011709000100381672
2345	1e-23	0.0011150999926030636
2346	1e-23	0.0011271999683231115
2347	1e-23	0.0010921999928541481
2348	1e-23	0.001126800023484975
2349	1e-23	0.0010476000024937093
2350	1e-23	0.0010590000310912728
2351	1e-23	0.0014196000411175191
2352	1e-23	0.001288799976464361
2353	1e-23	0.0011793000157922506
2354	1e-23	0.001339700014796108
2355	1e-23	0.0011968000326305628
2356	1e-23	0.0011732999701052904
2357	1e-23	0.0011956000234931707
2358	1e-23	0.0012255000183358788
2359	1e-23	0.0012170999543741345
2360	1e-23	0.0011361000360921025
2361	1e-23	0.0011285000364296138
2362	1e-23	0.0010760999866761267
2363	1e-23	0.00115720002213493
2364	1e-23	0.0013285999884828925
2365	1e-23	0.0011943999561481178
2366	1e-23	0.0011842999956570566
2367	1e-23	0.0011100999545305967
2368	1e-23	0.0011635999544523656
2369	1e-23	0.001116700004786253
2370	1e-23	0.0010620999964885414
2371	1e-23	0.0011317999451421201
2372	1e-23	0.0010711000068113208
2373	1e-23	0.0010585999698378146
2374	1e-23	0.001087999960873276
2375	1e-23	0.001145699992775917
2376	1e-23	0.001055800006724894
2377	1e-23	0.001679500041063875
2378	1e-23	0.0011525999871082604
2379	1e-23	0.0010933000012300909
2380	1e-23	0.0010485000093467534
2381	1e-23	0.0009996999870054424
2382	1e-23	0.0010893999715335667
2383	1e-23	0.0012923999456688762
2384	1e-23	0.0012801999691873789
2385	1e-23	0.0011208999785594642
2386	1e-23	0.0011607999913394451
2387	1e-23	0.0011274999706074595
2388	1e-23	0.0010406000073999166
2389	1e-23	0.0011166000040248036
2390	1e-23	0.0012338999658823013
2391	1e-23	0.0011683999910019338
2392	1e-23	0.0011739000328816473
2393	1e-23	0.0011396000045351684
2394	1e-23	0.0011183000169694424
2395	1e-23	0.0010825000354088843
2396	1e-23	0.0010853999992832541
2397	1e-23	0.0010538999922573566
2398	1e-23	0.0010141999810002744
2399	1e-23	0.001153399993199855
2400	1e-23	0.0011561000137589872
2401	1e-23	0.0010888000251725316
2402	1e-23	0.0010967000271193683
2403	1e-23	0.0017513000057078898
2404	1e-23	0.001178500009700656
2405	1e-23	0.0010985000408254564
2406	1e-23	0.0011407000129111111
2407	1e-23	0.0011012000031769276
2408	1e-23	0.0011067999876104295
2409	1e-23	0.0010652000200934708
2410	1e-23	0.0011152999941259623
2411	1e-23	0.0010084999958053231
2412	1e-23	0.0010562000097706914
2413	1e-23	0.0010421999613754451
2414	1e-23	0.0012910999939776957
2415	1e-23	0.001207799999974668
2416	1e-23	0.0012116999714635313
2417	1e-23	0.0011075999937020242
2418	1e-23	0.0011811000294983387
2419	1e-23	0.001165199966635555
2420	1e-23	0.001109899953007698
2421	1e-23	0.0011166000040248036
2422	1e-23	0.0011407000129111111
2423	1e-23	0.0010777999996207654
2424	1e-23	0.0010963999666273594
2425	1e-23	0.0011054999777115881
2426	1e-23	0.0010512000299058855
2427	1e-23	0.0011118000256828964
2428	1e-23	0.0011531999916769564
2429	1e-23	0.0013612000038847327
2430	1e-23	0.0013258999679237604
2431	1e-23	0.0011752000427804887
2432	1e-23	0.0012066999915987253
2433	1e-23	0.0011387999984435737
2434	1e-23	0.0010734000243246555
2435	1e-23	0.0010595000348985195
2436	1e-23	0.0010097000049427152
2437	1e-23	0.0010359999723732471
2438	1e-23	0.00106819998472929
2439	1e-23	0.0011128000332973897
2440	1e-23	0.0010563000105321407
2441	1e-23	0.0010578999645076692
2442	1e-23	0.0010658999672159553
2443	1e-23	0.0012759000528603792
2444	1e-23	0.0012935000122524798
2445	1e-23	0.0013863000203855336
2446	1e-23	0.0012351000332273543
2447	1e-23	0.0012021000147797167
2448	1e-23	0.0011301999911665916
2449	1e-23	0.001146599999628961
2450	1e-23	0.0011123999720439315
2451	1e-23	0.0010296999826095998
2452	1e-23	0.0010403000051155686
2453	1e-23	0.0010580000234767795
2454	1e-23	0.0011756999883800745
2455	1e-23	0.0010373999830335379
2456	1e-23	0.0011653000256046653
2457	1e-23	0.0010510999709367752
2458	1e-23	0.0010575000196695328
2459	1e-23	0.0010068999836221337
2460	1e-23	0.0010541999945417047
2461	1e-23	0.000998699979390949
2462	1e-23	0.0009851999930106103
2463	1e-23	0.0009877000120468438
2464	1e-23	0.0010719000129029155
2465	1e-23	0.000999599986243993
2466	1e-23	0.0009843999869190156
2467	1e-23	0.0009966000216081738
2468	1e-23	0.0011020000092685223
2469	1e-23	0.001061100047081709
2470	1e-23	0.0010871000122278929
2471	1e-23	0.0011919999960809946
2472	1e-23	0.001215800002682954
2473	1e-23	0.0011488000163808465
2474	1e-23	0.0010642000124789774
2475	1e-23	0.0011298000463284552
2476	1e-23	0.0011878999648615718
2477	1e-23	0.001074699976015836
2478	1e-23	0.0010560000082477927
2479	1e-23	0.0011048999731428921
2480	1e-23	0.0010142999817617238
2481	1e-23	0.0010542000527493656
2482	1e-23	0.0010997000499628484
2483	1e-23	0.0011297999881207943
2484	1e-23	0.0011544000008143485
2485	1e-23	0.0011800999636761844
2486	1e-23	0.0011807000264525414
2487	1e-23	0.001122599991504103
2488	1e-23	0.0010656999656930566
2489	1e-23	0.001089799974579364
2490	1e-23	0.001133000012487173
2491	1e-23	0.0010287999757565558
2492	1e-23	0.0010084999958053231
2493	1e-23	0.0010067999828606844
2494	1e-23	0.001116100000217557
2495	1e-23	0.001182700041681528
2496	1e-23	0.0012857000110670924
2497	1e-23	0.0014924000133760273
2498	1e-23	0.0017597000114619732
2499	1e-23	0.0011538999970071018
2500	1e-23	0.00117200001841411
2501	1e-23	0.0010986999841406941
2502	1e-23	0.0010852999985218048
2503	1e-23	0.0011414000182412565
2504	1e-23	0.0010734000243246555
2505	1e-23	0.001047199999447912
2506	1e-23	0.0010103999520651996
2507	1e-23	0.0012409999617375433
2508	1e-23	0.0010528999846428633
2509	1e-23	0.001028600032441318
2510	1e-23	0.0011396000045351684
2511	1e-23	0.0011089000036008656
2512	1e-23	0.0010452999849803746
2513	1e-23	0.0010305999894626439
2514	1e-23	0.0011092000058852136
2515	1e-23	0.0010791000095196068
2516	1e-23	0.0010181000106967986
2517	1e-23	0.0010139999794773757
2518	1e-23	0.0010932000004686415
2519	1e-23	0.001040700008161366
2520	1e-23	0.0009830999770201743
2521	1e-23	0.000986900005955249
2522	1e-23	0.0010989000438712537
2523	1e-23	0.0010043000220321119
2524	1e-23	0.0012268000282347202
2525	1e-23	0.0012512999819591641
2526	1e-23	0.0011854000040329993
2527	1e-23	0.0011432000319473445
2528	1e-23	0.0012027000193484128
2529	1e-23	0.001135599974077195
2530	1e-23	0.001179700018838048
2531	1e-23	0.0011403000098653138
2532	1e-23	0.001076799992006272
2533	1e-23	0.001148899958934635
2534	1e-23	0.0011461000540293753
2535	1e-23	0.0011665999772958457
2536	1e-23	0.0011258999584242702
2537	1e-23	0.001145099988207221
2538	1e-23	0.001769400027114898
2539	1e-23	0.0011541999992914498
2540	1e-23	0.0010503000230528414
2541	1e-23	0.001014099980238825
2542	1e-23	0.001026499958243221
2543	1e-23	0.0011188999633304775
2544	1e-23	0.0010519999777898192
2545	1e-23	0.0010013999999500811
2546	1e-23	0.0010056999744847417
2547	1e-23	0.0010682999854907393
2548	1e-23	0.0010615000501275063
2549	1e-23	0.0010736000258475542
2550	1e-23	0.00102680001873523
2551	1e-23	0.0014368999982252717
2552	1e-23	0.0010962000233121216
2553	1e-23	0.0010911999852396548
2554	1e-23	0.001099900051485747
2555	1e-23	0.0010760999866761267
2556	1e-23	0.0010367000359110534
2557	1e-23	0.0010982999810948968
2558	1e-23	0.0013294999953359365
2559	1e-23	0.0011268999660387635
2560	1e-23	0.0011059000389650464
2561	1e-23	0.0010971000301651657
2562	1e-23	0.0010659000254236162
2563	1e-23	0.0010761000448837876
2564	1e-23	0.0010463999933563173
2565	1e-23	0.0012682999949902296
2566	1e-23	0.0011226000497117639
2567	1e-23	0.0010344000183977187
2568	1e-23	0.0010660000261850655
2569	1e-23	0.0011243000044487417
2570	1e-23	0.00104010000359267
2571	1e-23	0.0010577000211924314
2572	1e-23	0.0010617999942041934
2573	1e-23	0.0011277000303380191
2574	1e-23	0.001083899987861514
2575	1e-23	0.0010421000188216567
2576	1e-23	0.001038899994455278
2577	1e-23	0.0010386999929323792
2578	1e-23	0.0012830999912694097
2579	1e-23	0.0010620999964885414
2580	1e-23	0.001074699976015836
2581	1e-23	0.001077399996574968
2582	1e-23	0.0010700999991968274
2583	1e-23	0.0010709999478422105
2584	1e-23	0.0010922999936155975
2585	1e-23	0.0010178000084124506
2586	1e-23	0.0010486000101082027
2587	1e-23	0.0011477000080049038
2588	1e-23	0.0011894999770447612
2589	1e-23	0.0010940999491140246
2590	1e-23	0.001069399993866682
2591	1e-23	0.0016564000397920609
2592	1e-23	0.0011657000286504626
2593	1e-23	0.0010932000004686415
2594	1e-23	0.001109000004362315
2595	1e-23	0.0010877999593503773
2596	1e-23	0.0010160999954678118
2597	1e-23	0.0010767000494524837
2598	1e-23	0.001114599988795817
2599	1e-23	0.0010364000336267054
2600	1e-23	0.0010830999817699194
2601	1e-23	0.0010863000061362982
2602	1e-23	0.0010710000060498714
2603	1e-23	0.0010553999454714358
2604	1e-23	0.001069399993866682
2605	1e-23	0.0015827000024728477
2606	1e-23	0.0011766999959945679
2607	1e-23	0.0011213000398129225
2608	1e-23	0.0011966999736614525
2609	1e-23	0.0012448999914340675
2610	1e-23	0.001206599990837276
2611	1e-23	0.0011144000454805791
2612	1e-23	0.0011941000120714307
2613	1e-23	0.0010662000277079642
2614	1e-23	0.0010736000258475542
2615	1e-23	0.001101600006222725
2616	1e-23	0.0011593999806791544
2617	1e-23	0.0014355999883264303
2618	1e-23	0.0011758999899029732
2619	1e-23	0.0011140999849885702
2620	1e-23	0.0011389999999664724
2621	1e-23	0.0011279000318609178
2622	1e-23	0.0011304999934509397
2623	1e-23	0.0010864000068977475
2624	1e-23	0.0010580000234767795
2625	1e-23	0.0010210000327788293
2626	1e-23	0.0010668999748304486
2627	1e-23	0.0010633999481797218
2628	1e-23	0.0010128000285476446
2629	1e-23	0.001062600000295788
2630	1e-23	0.0010803999612107873
2631	1e-23	0.0012324000126682222
2632	1e-23	0.0011830999865196645
2633	1e-23	0.0012294999905861914
2634	1e-23	0.0010477000032551587
2635	1e-23	0.0010369999799877405
2636	1e-23	0.0010266000172123313
2637	1e-23	0.0010776999988593161
2638	1e-23	0.0010739999706856906
2639	1e-23	0.0010559000074863434
2640	1e-23	0.0010463999933563173
2641	1e-23	0.0010510999709367752
2642	1e-23	0.0010882000206038356
2643	1e-23	0.0010878000175580382
2644	1e-23	0.0010479000047780573
2645	1e-23	0.0013173000188544393
2646	1e-23	0.0011221999884583056
2647	1e-23	0.0010888000251725316
2648	1e-23	0.001146300055552274
2649	1e-23	0.0012516999850049615
2650	1e-23	0.0011594999814406037
2651	1e-23	0.0011694999993778765
2652	1e-23	0.0011579000274650753
2653	1e-23	0.0011172000085934997
2654	1e-23	0.001096899970434606
2655	1e-23	0.0011777000036090612
2656	1e-23	0.001167299982625991
2657	1e-23	0.0011704000062309206
2658	1e-23	0.0012049999786540866
2659	1e-23	0.0011192000238224864
2660	1e-23	0.0012264000251889229
2661	1e-23	0.001125000009778887
2662	1e-23	0.001144799985922873
2663	1e-23	0.001139200001489371
2664	1e-23	0.0011362999794073403
2665	1e-23	0.0011526999878697097
2666	1e-23	0.001133600017055869
2667	1e-23	0.0011150999926030636
2668	1e-23	0.0011132999788969755
2669	1e-23	0.0011446999851614237
2670	1e-23	0.0011311000562272966
2671	1e-23	0.0013761000009253621
2672	1e-23	0.0011814999743364751
2673	1e-23	0.0010873000137507915
2674	1e-23	0.001147200004197657
2675	1e-23	0.0010576000204309821
2676	1e-23	0.0011836999910883605
2677	1e-23	0.0012134999851696193
2678	1e-23	0.001083299983292818
2679	1e-23	0.0010712000075727701
2680	1e-23	0.0010864000068977475
2681	1e-23	0.0010323000024072826
2682	1e-23	0.00106229999801144
2683	1e-23	0.0011243000044487417
2684	1e-23	0.0016275999951176345
2685	1e-23	0.001144799985922873
2686	1e-23	0.0010361000313423574
2687	1e-23	0.001104600029066205
2688	1e-23	0.0010486000101082027
2689	1e-23	0.0010227999882772565
2690	1e-23	0.0010515000321902335
2691	1e-23	0.0011094000074081123
2692	1e-23	0.001006399979814887
2693	1e-23	0.0010351999662816525
2694	1e-23	0.0011095000081695616
2695	1e-23	0.0010371999815106392
2696	1e-23	0.0010381000465713441
2697	1e-23	0.0010136000346392393
2698	1e-23	0.0011488000163808465
2699	1e-23	0.0011196999694220722
2700	1e-23	0.001143899979069829
2701	1e-23	0.0011768999975174665
2702	1e-23	0.0012129999813623726
2703	1e-23	0.001095999963581562
2704	1e-23	0.0010775999980978668
2705	1e-23	0.0011050999746657908
2706	1e-23	0.0011263999622315168
2707	1e-23	0.0011986999888904393
2708	1e-23	0.0011183000169694424
2709	1e-23	0.0011235999991185963
2710	1e-23	0.0010597999789752066
2711	1e-23	0.0010490999557077885
2712	1e-23	0.0012558000162243843
2713	1e-23	0.0011523999855853617
2714	1e-23	0.0010959000210277736
2715	1e-23	0.0010263999574817717
2716	1e-23	0.0011126999743282795
2717	1e-23	0.0010691999923437834
2718	1e-23	0.001055500004440546
2719	1e-23	0.0010596999782137573
2720	1e-23	0.0010691999923437834
2721	1e-23	0.000998399977106601
2722	1e-23	0.0010272999643348157
2723	1e-23	0.0010369999799877405
2724	1e-23	0.0012857000110670924
2725	1e-23	0.0015994000132195652
2726	1e-23	0.0010929999989457428
2727	1e-23	0.0011443999828770757
2728	1e-23	0.0010633000056259334
2729	1e-23	0.001083299983292818
2730	1e-23	0.0011289999820291996
2731	1e-23	0.0012011000071652234
2732	1e-23	0.0011460999958217144
2733	1e-23	0.0010689999908208847
2734	1e-23	0.0011356999748386443
2735	1e-23	0.0010820000316016376
2736	1e-23	0.0010810000239871442
2737	1e-23	0.0010766999912448227
2738	1e-23	0.0012668999843299389
2739	1e-23	0.0011122000287286937
2740	1e-23	0.0011517999810166657
2741	1e-23	0.0012016999535262585
2742	1e-23	0.00124299997696653
2743	1e-23	0.0011186999618075788
2744	1e-23	0.0012717999634332955
2745	1e-23	0.0011071999906562269
2746	1e-23	0.0011202999739907682
2747	1e-23	0.0011047000298276544
2748	1e-23	0.0011018000077456236
2749	1e-23	0.0012867999612353742
2750	1e-23	0.001108700002077967
2751	1e-23	0.0013954999740235507
2752	1e-23	0.0009851999930106103
2753	1e-23	0.0011389999999664724
2754	1e-23	0.0011481999536044896
2755	1e-23	0.0010163999977521598
2756	1e-23	0.0012798000243492424
2757	1e-23	0.001715000020340085
2758	1e-23	0.0017739000031724572
2759	1e-23	0.0015054999967105687
2760	1e-23	0.0019028999959118664
2761	1e-23	0.0017438000068068504
2762	1e-23	0.0018795999931171536
2763	1e-23	0.0016561999800615013
2764	1e-23	0.0015085000195540488
2765	1e-23	0.0016240000259131193
2766	1e-23	0.0012852000072598457
2767	1e-23	0.0011467000003904104
2768	1e-23	0.0011989999911747873
2769	1e-23	0.0011406000121496618
2770	1e-23	0.0011023000115528703
2771	1e-23	0.0010652000200934708
2772	1e-23	0.0011144999880343676
2773	1e-23	0.0011641000164672732
2774	1e-23	0.001295299967750907
2775	1e-23	0.0013151000021025538
2776	1e-23	0.001195100019685924
2777	1e-23	0.0011910000466741621
2778	1e-23	0.0011063999845646322
2779	1e-23	0.00109779997728765
2780	1e-23	0.001090699981432408
2781	1e-23	0.00102530000731349
2782	1e-23	0.0011221999884583056
2783	1e-23	0.0011122000287286937
2784	1e-23	0.001159899984486401
2785	1e-23	0.0013061000499874353
2786	1e-23	0.0011725000222213566
2787	1e-23	0.0011616999981924891
2788	1e-23	0.0010806999634951353
2789	1e-23	0.001205699983984232
2790	1e-23	0.001192399999126792
2791	1e-23	0.0011184000177308917
2792	1e-23	0.001137999992351979
2793	1e-23	0.0011633000103756785
2794	1e-23	0.0010828999802470207
2795	1e-23	0.0010736000258475542
2796	1e-23	0.0011328000109642744
2797	1e-23	0.0010458999895490706
2798	1e-23	0.00114540004869923
2799	1e-23	0.001283500052522868
2800	1e-23	0.0012212999863550067
2801	1e-23	0.0010874000145122409
2802	1e-23	0.0012846000026911497
2803	1e-23	0.0014814999885857105
2804	1e-23	0.0011059999815188348
2805	1e-23	0.0010783000034280121
2806	1e-23	0.001103100017644465
2807	1e-23	0.0011130999773740768
2808	1e-23	0.0012344999704509974
2809	1e-23	0.0012407999602146447
2810	1e-23	0.0013164999545551836
2811	1e-23	0.0013902999926358461
2812	1e-23	0.0015819999971427023
2813	1e-23	0.0014567000325769186
2814	1e-23	0.0012305999989621341
2815	1e-23	0.0010843999916687608
2816	1e-23	0.0011053000343963504
2817	1e-23	0.0011749000404961407
2818	1e-23	0.001063200004864484
2819	1e-23	0.0011656999704428017
2820	1e-23	0.0011280999751761556
2821	1e-23	0.001069099991582334
2822	1e-23	0.0010651000193320215
2823	1e-23	0.0012291999883018434
2824	1e-23	0.0012015000102110207
2825	1e-23	0.001137699990067631
2826	1e-23	0.0011439999798312783
2827	1e-23	0.0011120999697595835
2828	1e-23	0.001072299957741052
2829	1e-23	0.0009931999957188964
2830	1e-23	0.0011381999938748777
2831	1e-23	0.0010643000132404268
2832	1e-23	0.001097199972718954
2833	1e-23	0.001141799963079393
2834	1e-23	0.0011073999921791255
2835	1e-23	0.0010630000033415854
2836	1e-23	0.0011600999860092998
2837	1e-23	0.0012032999657094479
2838	1e-23	0.0010031000128947198
2839	1e-23	0.0012333999620750546
2840	1e-23	0.0012002000003121793
2841	1e-23	0.0012243999517522752
2842	1e-23	0.0011073000496253371
2843	1e-23	0.001048700010869652
2844	1e-23	0.0011532999924384058
2845	1e-23	0.0010842999909073114
2846	1e-23	0.0010723000159487128
2847	1e-23	0.0010308999917469919
2848	1e-23	0.0011075999937020242
2849	1e-23	0.0011765999952331185
2850	1e-23	0.0012737999786622822
2851	1e-23	0.0011187000200152397
2852	1e-23	0.0009606000385247171
2853	1e-23	0.0009874000097624958
2854	1e-23	0.000950800022110343
2855	1e-23	0.0009474999969825149
2856	1e-23	0.0010323000024072826
2857	1e-23	0.0009633000008761883
2858	1e-23	0.0009398999973200262
2859	1e-23	0.0009545999928377569
2860	1e-23	0.0010239999974146485
2861	1e-23	0.000957000011112541
2862	1e-23	0.0009571000118739903
2863	1e-23	0.0009839999838732183
2864	1e-23	0.0011627000058069825
2865	1e-23	0.0012389000039547682
2866	1e-23	0.0011277999728918076
2867	1e-23	0.0009788000024855137
2868	1e-23	0.0011433999752625823
2869	1e-23	0.0011396000045351684
2870	1e-23	0.0011268999660387635
2871	1e-23	0.0011769999982789159
2872	1e-23	0.0011030000168830156
2873	1e-23	0.0010479000047780573
2874	1e-23	0.0010254000080749393
2875	1e-23	0.0010855000000447035
2876	1e-23	0.001015900052152574
2877	1e-23	0.0009974000276997685
2878	1e-23	0.0011021000100299716
2879	1e-23	0.001596399990376085
2880	1e-23	0.0012107999646104872
2881	1e-23	0.001122599991504103
2882	1e-23	0.0011798000195994973
2883	1e-23	0.001060499984305352
2884	1e-23	0.001095999963581562
2885	1e-23	0.0011765999952331185
2886	1e-23	0.0011751000420190394
2887	1e-23	0.0011354999733157456
2888	1e-23	0.0011735999723896384
2889	1e-23	0.0011849000002257526
2890	1e-23	0.0012060999870300293
2891	1e-23	0.0012311000027693808
2892	1e-23	0.001235299976542592
2893	1e-23	0.0011960999690927565
2894	1e-23	0.001121999986935407
2895	1e-23	0.0010241999989375472
2896	1e-23	0.0012855000095441937
2897	1e-23	0.0011922999983653426
2898	1e-23	0.0010430000256747007
2899	1e-23	0.0011192000238224864
2900	1e-23	0.0012098999577574432
2901	1e-23	0.0010934000019915402
2902	1e-23	0.0011187999625690281
2903	1e-23	0.0011196999694220722
2904	1e-23	0.0012701000086963177
2905	1e-23	0.0013024000218138099
2906	1e-23	0.0012659999774768949
2907	1e-23	0.0011421000235714018
2908	1e-23	0.0011245000059716403
2909	1e-23	0.0011882000253535807
2910	1e-23	0.0010985999833792448
2911	1e-23	0.0010847000521607697
2912	1e-23	0.0010644000140018761
2913	1e-23	0.0011047000298276544
2914	1e-23	0.0011623000027611852
2915	1e-23	0.0011153999948874116
2916	1e-23	0.0010946000111289322
2917	1e-23	0.0011608999921008945
2918	1e-23	0.0013448999961838126
2919	1e-23	0.0011060999822802842
2920	1e-23	0.0011405999539420009
2921	1e-23	0.0010724000167101622
2922	1e-23	0.0010466999956406653
2923	1e-23	0.0013983999961055815
2924	1e-23	0.0011836999910883605
2925	1e-23	0.001158699975349009
2926	1e-23	0.001089800032787025
2927	1e-23	0.0010856000008061528
2928	1e-23	0.00116610003169626
2929	1e-23	0.0011995999957434833
2930	1e-23	0.0011690999963320792
2931	1e-23	0.0013939000200480223
2932	1e-23	0.0012809999752789736
2933	1e-23	0.0011543000000528991
2934	1e-23	0.0011454999912530184
2935	1e-23	0.001146900001913309
2936	1e-23	0.001197999983560294
2937	1e-23	0.0011651000240817666
2938	1e-23	0.001184099994134158
2939	1e-23	0.0011071999906562269
2940	1e-23	0.001124100002925843
2941	1e-23	0.0011597000411711633
2942	1e-23	0.0010241999989375472
2943	1e-23	0.0011623000027611852
2944	1e-23	0.0012297999928705394
2945	1e-23	0.0010769999935291708
2946	1e-23	0.001068499987013638
2947	1e-23	0.0010826000361703336
2948	1e-23	0.0011329000117257237
2949	1e-23	0.0010034999577328563
2950	1e-23	0.0010251000057905912
2951	1e-23	0.001068200042936951
2952	1e-23	0.0011980999843217432
2953	1e-23	0.0012477999553084373
2954	1e-23	0.001185900007840246
2955	1e-23	0.0011843000538647175
2956	1e-23	0.0011283999774605036
2957	1e-23	0.0011248000082559884
2958	1e-23	0.0011857000063173473
2959	1e-23	0.0011653000256046653
2960	1e-23	0.001196000026538968
2961	1e-23	0.001131500001065433
2962	1e-23	0.0009592000278644264
2963	1e-23	0.0011445999843999743
2964	1e-23	0.001171100011561066
2965	1e-23	0.001114599988795817
2966	1e-23	0.0011162000009790063
2967	1e-23	0.0010463999933563173
2968	1e-23	0.001059899979736656
2969	1e-23	0.001151299977209419
2970	1e-23	0.0013031000271439552
2971	1e-23	0.0011979000410065055
2972	1e-23	0.0011263000196777284
2973	1e-23	0.0013467000098899007
2974	1e-23	0.0010581000242382288
2975	1e-23	0.0010027000098489225
2976	1e-23	0.00106669997330755
2977	1e-23	0.0011365000391378999
2978	1e-23	0.0011215999838896096
2979	1e-23	0.0011092000058852136
2980	1e-23	0.001010799955110997
2981	1e-23	0.0010648000170476735
2982	1e-23	0.001113500038627535
2983	1e-23	0.0009988999809138477
2984	1e-23	0.0013037999742664397
2985	1e-23	0.0011282999766990542
2986	1e-23	0.0010426000226289034
2987	1e-23	0.001266100036446005
2988	1e-23	0.0011498000239953399
2989	1e-23	0.0011352000292390585
2990	1e-23	0.0011196999694220722
2991	1e-23	0.0010757999843917787
2992	1e-23	0.001026799960527569
2993	1e-23	0.0010385000496171415
2994	1e-23	0.0011120999697595835
2995	1e-23	0.001166399975772947
2996	1e-23	0.0010526999831199646
2997	1e-23	0.0012297999928705394
2998	1e-23	0.001278800016734749
2999	1e-23	0.0012713000178337097
3000	1e-23	0.0010880999616347253
